S1_Pd_C103,S1_Pd_C301,S1_HX100,S1_T_E110,S1_L_R100,S1_D_R100,S1_F_S220,S1_T_E120,S1_P_V100,S1_Pd_P150,S1_HX150,S1_HX220,S1_T_E220,S1_Rr_D200,S1_Pc_D200,S1_F_S220.1,ST_Pd_C103,ST_Pd_C301,ST_HX100,ST_T_E110,ST_L_R100,ST_D_R100,ST_F_S220,ST_T_E120,ST_P_V100,ST_Pd_P150,ST_HX150,ST_HX220,ST_T_E220,ST_Rr_D200,ST_Pc_D200,ST_F_S220.1
0.0013473268166796443,0.0013477681537579875,0.001256852715619279,1.2703197678758922,0.0013417659694925194,0.014255730218894222,0.0014546599941327215,0.0013477681537579875,0.0013477681537579875,0.0010577214258708067,0.002272281065471418,0.0013404419582574896,0.0013477681537579875,0.0013684227290244515,0.0013700998099221557,0.0013477681537579875,0.9986517905091636,0.998652231846242,0.9987051922956433,0.2941327018419849,0.998637314652994,0.9906878629304599,0.998545428273283,0.998652231846242,0.998652231846242,0.9985986535249312,0.9965363736252488,0.9986441112440005,0.998652231846242,0.9986531145203987,0.9986397861406328,0.998652231846242
-0.007043173583117681,-0.007043425880389464,-0.007035436466782988,0.7004092252803672,-0.007075972228449529,0.0015658821228584428,-0.006965634221589566,-0.007043425880389464,-0.007043425880389464,-0.007203382350700172,-0.007306151439406631,-0.0070412393040340075,-0.007043425880389464,-0.006992966426032774,-0.007029044935897807,-0.007043425880389464,1.0070441827722048,1.0070434258803895,1.0070329975931558,-0.2811472536696973,1.0069705960679347,0.9966584496783296,1.0070423325922118,1.0070434258803895,1.0070434258803895,1.0071133122246734,1.0073185981048147,1.0070446873667485,1.0070434258803895,1.0070481354294627,1.007023830792281,1.0070434258803895
0.03832634898840797,0.03832486493080942,0.03824865420824884,0.9400118979600827,0.03835847447054118,0.05134773225056037,0.03833167413626157,0.03832486493080942,0.03832486493080942,0.03806821026376691,0.04012747112800698,0.03831962708046162,0.03832486493080942,0.03833455495395286,0.03834014199432386,0.03832486493080942,0.9616753096642021,0.9616751350691906,0.9615973529915256,-0.03034456343839742,0.961664222880966,0.9457456099964303,0.9616009321892633,0.9616751350691906,0.9616751350691906,0.9617968277922713,0.9625814577743727,0.9616903248351992,0.9616751350691906,0.9616498187925095,0.9616612547657689,0.9616751350691906
0.0259190412008681,0.02591984077114705,0.02583892425891738,0.9607684557315227,0.025914083865138614,0.03743988943619251,0.025973332022808757,0.02591984077114705,0.02591984077114705,0.025601132057957866,0.02607415783498426,0.025910565755911236,0.02591984077114705,0.025914963392445457,0.025916642490031252,0.02591984077114705,0.9740799993147972,0.9740801592288529,0.97415699793266,-0.014960610699756627,0.9740374621759571,0.961175494711751,0.9740762413344861,0.9740801592288529,0.9740801592288529,0.9745086489413419,0.9736104116899702,0.9740742424087887,0.9740801592288529,0.9740590505734887,0.974056491948596,0.9740801592288529
0.018789797108814624,0.018790309190660326,0.018725530837179274,0.9925346781039809,0.018828459288164977,0.028562964480973604,0.018816340017816742,0.018790309190660326,0.018790309190660326,0.01858214792038327,0.01708251623525079,0.01877861665518351,0.018790309190660326,0.018810792464488326,0.018799270622960076,0.018790309190660326,0.9812090933805196,0.9812096908093397,0.9811052261128169,0.010441882971124805,0.9812502306221242,0.9756787801409081,0.9809883007580487,0.9812096908093397,0.9812096908093397,0.9811436322512443,0.9770620839000924,0.981202863051397,0.9812096908093397,0.9812122512185681,0.9812101175442111,0.9812096908093397
0.0465144577267786,0.0465146342975032,0.04655171414967113,1.0942445262909566,0.04646166308012045,0.05312411794643611,0.046581642887492385,0.0465146342975032,0.0465146342975032,0.046456719099831394,0.048371187181406365,0.046536175925905525,0.0465146342975032,0.04649856636156377,0.04653396879184791,0.0465146342975032,0.9534842179927868,0.9534853657024968,0.9535839804521911,0.11726159903576538,0.9534969310849587,0.9397331548163113,0.9534202993904783,0.9534853657024968,0.9534853657024968,0.9537761776859282,0.952345160248333,0.953503993913943,0.9534853657024968,0.9534884556901775,0.9534884556901775,0.9534853657024968
-0.030597064191664372,-0.03059654515980412,-0.03067673558221301,0.9640999872921439,-0.030534607357814082,-0.014149723088078069,-0.030478811432837025,-0.03059654515980412,-0.03059654515980412,-0.031032964448965767,-0.03001860318341384,-0.03058538597480871,-0.03059654515980412,-0.03058097420399657,-0.03058322334205766,-0.03059654515980412,1.0305951610748434,1.030596545159804,1.0306257839545983,-0.011032232181064083,1.0306450746387377,1.0243507752694652,1.0305340883259537,1.030596545159804,1.030596545159804,1.0307194692053738,1.028559085592386,1.0306081368713498,1.030596545159804,1.0305847804376385,1.030604590153638,1.030596545159804
-0.012050898498219153,-0.012049608630670491,-0.012031120529139686,0.9529386565843276,-0.012094925977213445,-0.007628974567899862,-0.01202793885585299,-0.012049608630670491,-0.012049608630670491,-0.012015126171536291,-0.009540730257355134,-0.012078673646100317,-0.012049608630670491,-0.012037225902203347,-0.012030174626270668,-0.012049608630670491,1.0120499525953501,1.0120496086306705,1.01214634869682,-0.019699965132597974,1.0120118585070796,0.9922522915379735,1.011880549990626,1.0120496086306705,1.0120496086306705,1.0124271098665787,1.011208271024264,1.0120663769088032,1.0120496086306705,1.0120222634386389,1.0120312925114796,1.0120496086306705
0.03874796806108909,0.038746947286280184,0.03868430883209701,0.8700461857511537,0.03876253730154355,0.054087986293983134,0.038906280954180195,0.038746947286280184,0.038746947286280184,0.0386087714962376,0.0421959597701705,0.038728480542009884,0.038746947286280184,0.038792882152681174,0.038768940343526716,0.038746947286280184,0.9612526815228802,0.9612530527137199,0.9612605693282218,-0.09399304310102918,0.9613158767633228,0.9418203770810621,0.9612174183931178,0.9612530527137199,0.9612530527137199,0.961389743740404,0.963374037171217,0.961265116416007,0.9612530527137199,0.9612550014656277,0.9612331012060911,0.9612530527137199
-0.013734101430484138,-0.013736285611552749,-0.013761130671208195,1.1353773009047694,-0.013762131754197975,-0.0005150735730747595,-0.013695878261783454,-0.013736285611552749,-0.013736285611552749,-0.013970175000983133,-0.012983926240960928,-0.013707800250116286,-0.013736285611552749,-0.013715899921579051,-0.013720814328983425,-0.013736285611552749,1.013737741732265,1.0137362856115528,1.0136813170546595,0.16193906862226437,1.0137348294908404,1.0020397229665094,1.0136606583420522,1.0137362856115528,1.0137362856115528,1.0139924718493918,1.0125500022686635,1.013755033165725,1.0137362856115528,1.013725091683576,1.0137188121630039,1.0137362856115528
0.04917243514864394,0.04917219468541558,0.04892980775122555,0.8614120936267361,0.04923784114675871,0.05577355153925882,0.04923848238203434,0.04917219468541558,0.04917219468541558,0.049371218084090784,0.05063821883433606,0.04915407978887889,0.04917219468541558,0.04917011067076976,0.04918429800124319,0.04917219468541558,0.9508290076307262,0.9508278053145844,0.9508674817472643,-0.12354089855655292,0.9508470423728534,0.9414452507614933,0.9508099308812761,0.9508278053145844,0.9508278053145844,0.951458219744943,0.9527149607307782,0.9508239579029306,0.9508278053145844,0.9507836402349751,0.9508019955947401,0.9508278053145844
0.03709149403715205,0.03709149403715205,0.03701470140185874,0.9694915142429368,0.03714094316762415,0.0478972387654708,0.03700795430326649,0.03709149403715205,0.03709149403715205,0.03674401845965145,0.03626701634470238,0.0370694771891142,0.03709149403715205,0.037089807262503986,0.03711999165094298,0.03709149403715205,0.9629089498509132,0.9629085059628479,0.9628384604261468,-0.01058986732055911,0.9629694074054043,0.9550404124505473,0.9627924736225839,0.9629085059628479,0.9629085059628479,0.9631427013060893,0.9603130036675471,0.962894301544759,0.9629085059628479,0.9628861340043579,0.9629089498509132,0.9629085059628479
0.013002533809488334,0.013004031430297441,0.012969762342371419,0.9441861528683164,0.013030636223494508,0.03443824473625309,0.013064641025395392,0.013004031430297441,0.013004031430297441,0.012690500109143934,0.013329896099290646,0.01299989094923697,0.013004031430297441,0.013028433839951703,0.013010814771609275,0.013004031430297441,0.9869949995209437,0.9869959685697025,0.9869770280712344,-0.02277759292586734,0.986980551884903,0.9764193299390848,0.9869236422941569,0.9869959685697025,0.9869959685697025,0.9871931259444543,0.9859974078713954,0.9870136757333867,0.9869959685697025,0.986976235213159,0.9869713018740232,0.9869959685697025
0.02115902983290562,0.021156858985927018,0.021257095485547637,0.8800989033178314,0.021150629598944943,0.037858506177422056,0.02124114447948748,0.021156858985927018,0.021156858985927018,0.020806031237254843,0.022075882335085194,0.02114222936498427,0.021156858985927018,0.021144777750567844,0.02117384822315085,0.021156858985927018,0.9788438017066317,0.978843141014073,0.978860979713158,-0.08959507521795396,0.9788958076494668,0.9667283991037107,0.9787822629140209,0.978843141014073,0.978843141014073,0.9787739570647115,0.9781843361483932,0.978857865019667,0.978843141014073,0.9788128435410238,0.9788258686228954,0.978843141014073
0.01747653920184503,0.017475913413575305,0.017338508189208755,1.1060523988650708,0.017397600481535554,0.02475025505749606,0.017655067655364873,0.017475913413575305,0.017475913413575305,0.01723811387108017,0.019264684483419357,0.01748538963594541,0.017475913413575305,0.017476449803520783,0.017494418866694287,0.017475913413575305,0.9825244441797216,0.9825240865864246,0.9825361553601979,0.12243469898997728,0.9824893106382929,0.9758139377668222,0.9824615077594523,0.9825240865864246,0.9825240865864246,0.9827411457176947,0.981576464349414,0.9825192590769154,0.9825240865864246,0.9825005748271479,0.9825126436009212,0.9825240865864246
0.0021761177947152437,0.0021782519941614354,0.0021441048030223686,0.935549776552969,0.0021543653772829055,0.016162101357767786,0.002297685078554084,0.0021782519941614354,0.0021782519941614354,0.001698467541738733,0.0030247083283586815,0.002170371873129343,0.0021782519941614354,0.0022092799707252985,0.0022022206956340495,0.0021782519941614354,0.9978196958909864,0.9978217480058386,0.9978629544720689,-0.0415832076381093,0.9978210913290859,0.9899733116270628,0.9976880322020752,0.9978217480058386,0.9978217480058386,0.9977573936840765,0.9974466214108734,0.9978178900299166,0.9978217480058386,0.9978106665856372,0.9978100919934786,0.9978217480058386
0.04075533333608505,0.040756463510927446,0.04078097961135478,0.8840644157253964,0.0407837615801976,0.05313283433694181,0.0408803480609592,0.040756463510927446,0.040756463510927446,0.0404805269763304,0.042535619522436105,0.040759158543243926,0.040756463510927446,0.04072951318776264,0.04077741521377492,0.040756463510927446,0.9592424932507565,0.9592435364890726,0.95926448819192,-0.09715714352843641,0.9592678787164473,0.9557800722162901,0.9593572494655227,0.9592435364890726,0.9592435364890726,0.9595557255551526,0.9575815709150676,0.9592438842351779,0.9592435364890726,0.9591907660175854,0.9592241496436992,0.9592435364890726
-0.0638862903503905,-0.06388646787901278,-0.06402165592487445,1.040245164623602,-0.06393981523000612,-0.053999543847327115,-0.06379752603925348,-0.06388646787901278,-0.06388646787901278,-0.0641447720244215,-0.06258376284876589,-0.06390217916208403,-0.06388646787901278,-0.06385460149131458,-0.06387954426274409,-0.06388646787901278,1.06388779934368,1.0638864678790128,1.0637811934060042,0.07322598240391642,1.0638536250838921,1.0434043693770791,1.0637296213412337,1.0638864678790128,1.0638864678790128,1.0642227070895998,1.0622513405035579,1.0638827397779451,1.0638864678790128,1.0638670284948737,1.0638583295923822,1.0638864678790128
-0.04076864639534898,-0.04077051760301705,-0.040712510165306796,1.091408274928789,-0.04080377406657235,-0.03798063202481431,-0.04058552320855984,-0.04077051760301705,-0.04077051760301705,-0.04090201246914618,-0.03796702324177378,-0.04074670223269613,-0.04077051760301705,-0.04075852486296259,-0.0407639683761788,-0.04077051760301705,1.0407707727676991,1.040770517603017,1.0408546368931864,0.11717796558790927,1.040741088609692,1.0205139291020815,1.0409395216774016,1.040770517603017,1.040770517603017,1.0411381248548994,1.040386834976168,1.040797735169098,1.040770517603017,1.0407615868391467,1.040747552781636,1.040770517603017
-0.032480192595058466,-0.032481512745370776,-0.03255577120043847,0.8994186434064086,-0.03249812463680073,-0.01240257655769645,-0.032451699350817674,-0.032481512745370776,-0.032481512745370776,-0.03278437722952094,-0.033270412569504755,-0.03251693677875122,-0.032481512745370776,-0.03244641874956842,-0.03245312951365602,-0.032481512745370776,1.032481842782949,1.0324815127453708,1.0324546696890204,-0.058500056416094015,1.0325045053633102,1.0132336111792986,1.0323036224907864,1.0324815127453708,1.0324815127453708,1.032532998607551,1.0287309657080852,1.032461930515738,1.0324815127453708,1.0324971345240666,1.032486463309042,1.0324815127453708
0.02056818323277279,0.020569764736043255,0.02071800985839584,1.001801399529315,0.020590823700644717,0.03993152661725305,0.02075496709271619,0.020569764736043255,0.020569764736043255,0.020278851371291835,0.021353357988051807,0.020564104619075273,0.020569764736043255,0.02059914740206822,0.020589158960360017,0.020569764736043255,0.979429985552914,0.9794302352639568,0.9796277566987365,0.023325357957812876,0.9793305173209031,0.9783270951142999,0.979409093062341,0.9794302352639568,0.9794302352639568,0.9794425543420635,0.9792225589134403,0.9793890329419104,0.9794302352639568,0.9794251578060884,0.9794258237022023,0.9794302352639568
-0.034535996898380064,-0.03453583550862056,-0.03443940512732112,1.003237034227249,-0.03454374360683592,-0.023148900332431367,-0.0344352089935742,-0.03453583550862056,-0.03453583550862056,-0.034727889322421976,-0.0344140669350801,-0.034556654787595675,-0.03453583550862056,-0.0345180826350759,-0.03450880272390482,-0.03453583550862056,1.0345355127291016,1.0345358355086205,1.0346420299703696,0.027786596461336632,1.0345017822693667,1.0240065255143984,1.0345270397667279,1.0345358355086205,1.0345358355086205,1.0347457228908463,1.0317574301040002,1.0345513289255324,1.0345358355086205,1.034529299223361,1.034542049014361,1.0345358355086205
-0.01694329506229241,-0.016944621134192032,-0.017097935446894065,1.1400012924732437,-0.016942275006985013,0.0014018896136207156,-0.016767743543889085,-0.016944621134192032,-0.016944621134192032,-0.017237785029538436,-0.016401339677471448,-0.01697736490955953,-0.016944621134192032,-0.016926464149720332,-0.01692166988977556,-0.016944621134192032,1.0169458452005609,1.016944621134192,1.016803853501771,0.16838223608167446,1.0169427850346386,1.0074847302189065,1.0168907622139614,1.016944621134192,1.016944621134192,1.0169441111065383,1.0168857639429552,1.0169303403598884,1.016944621134192,1.0169359506640792,1.016931258409665,1.016944621134192
-0.07252719574862046,-0.07252658616196463,-0.07249044638165443,0.9981473232069555,-0.07252658616196463,-0.059481344643296165,-0.07232333255414777,-0.07252658616196463,-0.07252658616196463,-0.07270745923113155,-0.07028818396173997,-0.07252214488775782,-0.07252658616196463,-0.07251038857368101,-0.07251012732225709,-0.07252658616196463,1.0725266732457726,1.0725265861619646,1.072533204531371,0.016563047804029063,1.0725258894915009,1.0683129490292198,1.0725914635989071,1.0725265861619646,1.0725265861619646,1.0729308291985908,1.0732632280936367,1.0725156136021596,1.0725265861619646,1.0725165715240474,1.0725116077469927,1.0725265861619646
0.04499520328352784,0.04499682224014268,0.04501786867613561,1.0892027923765093,0.04499106594995658,0.058157500446252404,0.045210974223472464,0.04499682224014268,0.04499682224014268,0.04509431940516977,0.049963691192440304,0.04501004371916388,0.04499682224014268,0.044993404442844685,0.04499520328352784,0.04499682224014268,0.9550024582235841,0.9550031777598573,0.9550690153288608,0.1189703841746671,0.9549644127431353,0.9420463082031493,0.9550454505159115,0.9550031777598573,0.9550031777598573,0.9554554063076028,0.9561742230445922,0.9550083044558043,0.9550031777598573,0.9549886071503237,0.9549720578160387,0.9550031777598573
0.002827614431379622,0.002828768913164497,0.0027962784972187286,1.1493866855947088,0.0027961960342340947,0.010416270592317022,0.0029778619893826423,0.002828768913164497,0.002828768913164497,0.0027251129414796473,0.0052159073923475,0.002834376396119604,0.002828768913164497,0.0028660421822190333,0.0028172240953157467,0.002828768913164497,0.9971713135498201,0.9971712310868355,0.9972969046754177,0.16628508302932943,0.9971871464428699,0.9893842514478535,0.9972184823770307,0.9971712310868355,0.9971712310868355,0.997499763617617,0.997541242498888,0.9971657885298497,0.9971712310868355,0.9971856621091464,0.9971469045063684,0.9971712310868355
-0.011443078793816319,-0.011443078793816319,-0.01163317403841948,0.8445939835905446,-0.011419197043691943,0.0005842586629829889,-0.01141440326173267,-0.011443078793816319,-0.011443078793816319,-0.011714581172055129,-0.01251470696089374,-0.011463125518373278,-0.011443078793816319,-0.011435321583009497,-0.011424252304667176,-0.011443078793816319,1.0114432531131603,1.0114430787938162,1.0113526942139661,-0.12459913647035248,1.0115347707687463,0.9934927186674836,1.0113686444339396,1.0114430787938162,1.0114430787938162,1.0116681250668862,1.0090074017601458,1.0114436889115201,1.0114430787938162,1.0114359317007133,1.011432619633178,1.0114430787938162
0.005915691900167377,0.0059154402916340235,0.005742249751175539,0.9882084897568653,0.005894221305321192,0.018179511163383785,0.0060216190927092975,0.0059154402916340235,0.0059154402916340235,0.005617116440587617,0.006471662889368003,0.005887511744431759,0.0059154402916340235,0.005963581391015703,0.005932465802390959,0.0059154402916340235,0.9940837210132548,0.994084559708366,0.9939996837631146,0.01423261623373262,0.9940228317481832,0.9804926667365974,0.994073908280454,0.994084559708366,0.994084559708366,0.9943139428212735,0.9940690438488091,0.9940950433972557,0.994084559708366,0.9940772630608987,0.9940640955476532,0.994084559708366
0.008066825823006423,0.008069012581640576,0.008152284350429162,0.9911080752634149,0.008058866021578102,0.021680010613032985,0.008143537315892548,0.008069012581640576,0.008069012581640576,0.008041721833886333,0.010700120570254736,0.008075922738924504,0.008069012581640576,0.008071199340274731,0.00809420404110603,0.008069012581640576,0.991930637536978,0.9919309874183594,0.9920160960644007,0.01676897921818954,0.9919616020392376,0.9835564890826577,0.9918157015031668,0.9919309874183594,0.9919309874183594,0.992308334488269,0.9906907453914127,0.9919415713301487,0.9919309874183594,0.9919082451285642,0.991916554811374,0.9919309874183594
0.03971808110775476,0.03971901511337968,0.039624765454864874,1.2214795664687874,0.03974075197155967,0.045866894865419866,0.03973973305633249,0.03971901511337968,0.03971901511337968,0.039538752027769825,0.04228532293225493,0.0397199491190046,0.03971901511337968,0.039744148355650294,0.03972614751996999,0.03971901511337968,0.9602807301578136,0.9602809848866203,0.9602592480284403,0.24231654995280605,0.960321486766901,0.9474926647797972,0.9602150950352623,0.9602809848866203,0.9602809848866203,0.9604136985949614,0.9606571344246569,0.9603208923996851,0.9602809848866203,0.9602620500453151,0.9602630689605423,0.9602809848866203
-0.031641998155544665,-0.031641998155544665,-0.03165140680896293,1.1386158074243802,-0.03162640182915763,-0.02921905799373278,-0.03159859968211987,-0.031641998155544665,-0.031641998155544665,-0.031858227658877955,-0.0317315075069833,-0.03163826859923472,-0.031641998155544665,-0.03162123130790976,-0.03162377418721199,-0.031641998155544665,1.0316413200543975,1.0316419981555447,1.0316333523659171,0.15845284607864796,1.0317196407369063,1.0161873949082878,1.0316520849101103,1.0316419981555447,1.0316419981555447,1.031776346945346,1.029289156699831,1.0316606459370943,1.0316419981555447,1.0316162303119487,1.031618179852747,1.0316419981555447
0.04791156418930943,0.04790993645915381,0.047929288362115054,0.9523442712926515,0.047908218299545106,0.05830950442339873,0.047852785044801,0.04790993645915381,0.04790993645915381,0.04758918318904393,0.048634638096216286,0.047888866396583865,0.04790993645915381,0.04792178271750859,0.04791418664344904,0.04790993645915381,0.9520914199826426,0.9520900635408462,0.952081924890068,-0.023569583147663442,0.9520574185082807,0.9382323828609903,0.9518527766559383,0.9520900635408462,0.9520900635408462,0.9524317964440729,0.9525801911765934,0.9520911486942832,0.9520900635408462,0.9520809301660841,0.9520748713927271,0.9520900635408462
0.03210186104706028,0.03210358852410097,0.03202139698490166,0.9486232605325813,0.032092314463414345,0.05315962433342715,0.03220032723837982,0.03210358852410097,0.03210358852410097,0.03199684862695496,0.03344974773802255,0.03208404075758786,0.03210358852410097,0.032147411889028046,0.03211395338634514,0.03210358852410097,0.9678937748004158,0.967896411475899,0.9678535882292587,-0.017974190128890788,0.9678540428284799,0.9582142663421882,0.9679024121856193,0.967896411475899,0.967896411475899,0.9682420887237262,0.9662397609938739,0.9679085947350281,0.967896411475899,0.9679027758649963,0.967880591423,0.967896411475899
-0.0432199842044209,-0.043221068911648924,-0.04329555214130685,0.9366610469146543,-0.04320416555734549,-0.018563323419579177,-0.043061164987783805,-0.043221068911648924,-0.043221068911648924,-0.04355145265485244,-0.0413389210864824,-0.043231464022584196,-0.043221068911648924,-0.04321338556878373,-0.04320027868977839,-0.043221068911648924,1.043221611265263,1.043221068911649,1.0431512860799792,-0.026794251674024272,1.043262558963121,1.0345342814682559,1.0431895220097671,1.043221068911649,1.043221068911649,1.0432509887526886,1.0417436072748059,1.0432377914814144,1.043221068911649,1.0432001882975095,1.0432041655573454,1.043221068911649
-0.05807463251992914,-0.05807374561184544,-0.058122919737819696,1.0161216341291832,-0.058043098010286336,-0.05066047512153408,-0.058054332179346586,-0.05807374561184544,-0.05807374561184544,-0.05848911423104682,-0.0568370015617915,-0.058082713238025115,-0.05807374561184544,-0.05805462781537449,-0.058057189994282964,-0.05807374561184544,1.0580729572491043,1.0580737456118454,1.0580342289294493,0.05395435319906816,1.0580922721362607,1.0310178261557132,1.0578867065515265,1.0580737456118454,1.0580737456118454,1.058194956383285,1.0557100370234316,1.0581030135786076,1.0580737456118454,1.05802378312313,1.0580334405667082,1.0580737456118454
0.04203661787107251,0.04203661787107251,0.04206823154793263,0.7651988383064083,0.042005186405606396,0.057182302257979455,0.042125719242741666,0.04203661787107251,0.04203661787107251,0.04197922128196048,0.04357420871939592,0.04203406691155642,0.04203661787107251,0.04207151135302475,0.042076248849268916,0.04203661787107251,0.9579636554460185,0.9579633821289275,0.9579723104872337,-0.20074802618111476,0.957976956877781,0.9405479815125792,0.9580206876123425,0.9579633821289275,0.9579633821289275,0.9583498524956151,0.9576415968071121,0.9579679374137776,0.9579633821289275,0.9579735859669919,0.95795144728262,0.9579633821289275
0.010483351641056482,0.01048172272453031,0.01036022471540167,0.7689995428317801,0.010526374201071277,0.02488786048200093,0.01045901371178308,0.01048172272453031,0.01048172272453031,0.009991035575675607,0.01126973504872111,0.010466775019937197,0.01048172272453031,0.010486896929966388,0.010502227909036247,0.01048172272453031,0.9895200978292342,0.9895182772754697,0.9893749326211665,-0.20086459955400726,0.989563120389249,0.9743889963989976,0.9893682253178234,0.9895182772754697,0.9895182772754697,0.9897406722906018,0.9891632692913832,0.989525655309147,0.9895182772754697,0.9895108992417924,0.9895054375804987,0.9895182772754697
0.012466411376305877,0.012466871605210848,0.01229446985740874,1.0365495456529674,0.012436864680606743,0.021687097487398322,0.012636880162707106,0.012466871605210848,0.012466871605210848,0.01247681254955822,0.012490987599831324,0.012466779559429854,0.012466871605210848,0.012501388773083667,0.012486569402343604,0.012466871605210848,0.9875339568068181,0.9875331283947891,0.987283408190952,0.05244657452531798,0.9875741808131125,0.984148973210757,0.9873876960608183,0.9875331283947891,0.9875331283947891,0.9878799568975752,0.9842839123256945,0.9875335886236941,0.9875331283947891,0.9875494204980251,0.9875359818139999,0.9875331283947891
-0.017815688065523267,-0.017815060082379052,-0.01782806830465207,0.9602429397231256,-0.017821339913821198,-0.006763812710488511,-0.017733870833019864,-0.017815060082379052,-0.017815060082379052,-0.018303541256700355,-0.017676724366896324,-0.017822326744476393,-0.017815060082379052,-0.01779424692674222,-0.017792721824820557,-0.017815060082379052,1.0178138041160907,1.017815060082379,1.0178592880381072,-0.017044015117346545,1.0178163160486675,1.0075967874953504,1.0178260946433417,1.017815060082379,1.017815060082379,1.017889341517152,1.0160021624569089,1.0178211604900658,1.017815060082379,1.0177984633849961,1.0178114716072693,1.017815060082379
0.06933615576646888,0.06933520845794765,0.06931503078644526,0.9299686945068877,0.06928879034040694,0.08530967205160231,0.069424160728092,0.06933520845794765,0.06933520845794765,0.06922389970670206,0.07137940551592947,0.06933227180153181,0.06933520845794765,0.06937111145090262,0.06936732221681766,0.06933520845794765,0.9306662125048342,0.9306647915420524,0.9305770707729856,-0.03924092189352013,0.930650013529121,0.9184841091142559,0.9304338377245742,0.9306647915420524,0.9306647915420524,0.9311192154396908,0.9299486262999956,0.9306586340366643,0.9306647915420524,0.9306651704654608,0.9306513397610507,0.9306647915420524
-0.029286722758165226,-0.02928573415807239,-0.02964917950129412,1.0351449288016434,-0.029267669738194158,-0.016303887102595296,-0.02923792186267329,-0.02928573415807239,-0.02928573415807239,-0.029708315761393007,-0.027539506903176685,-0.029286992376372365,-0.02928573415807239,-0.029270635538472672,-0.029275578538936867,-0.02928573415807239,1.0292841164488296,1.0292857341580723,1.0291157848148398,0.07008382202574737,1.0293479260911855,1.0105239018507113,1.0292089828417739,1.0292857341580723,1.0292857341580723,1.0294150610247628,1.0272067980355686,1.0292952606680579,1.0292857341580723,1.029281150648551,1.0292706355384726,1.0292857341580723
0.030503306337402076,0.030502335559922277,0.03045556173589564,1.0522795220067391,0.030476830587953033,0.043481453959826825,0.03049456934008389,0.030502335559922277,0.030502335559922277,0.03032547755360269,0.030612827687622936,0.030503218084903912,0.030502335559922277,0.030452296393463592,0.030479125152905285,0.030502335559922277,0.9694976644400777,0.9694976644400777,0.9694606866433473,0.08141365794610589,0.9695018123074914,0.9552372080193379,0.9693487824756759,0.9694976644400777,0.9694976644400777,0.9698929473793518,0.9672281631973061,0.9695289058244276,0.9694976644400777,0.9694349169138835,0.9694711004381306,0.9694976644400777
-0.02252507656369374,-0.022525362473896016,-0.022511257570583698,0.8892266428287852,-0.022541659355425788,-0.0012052292969237947,-0.022471801962669513,-0.022525362473896016,-0.022525362473896016,-0.02264982871528714,-0.020171082564948883,-0.022526887328308157,-0.022525362473896016,-0.022533939779964315,-0.022495151295855442,-0.022525362473896016,1.0225264108113044,1.022525362473896,1.0225173569882322,-0.07815248296400168,1.0225191677528467,1.012942033707184,1.0224645589042118,1.022525362473896,1.022525362473896,1.0229903477661988,1.0227615243009767,1.02253089007114,1.022525362473896,1.0224840007979668,1.0225164039542247,1.022525362473896
-0.06938161838707957,-0.06938247510275379,-0.06940843358768296,0.8514439745201371,-0.06938624465172041,-0.052062254316843956,-0.06917317946353939,-0.06938247510275379,-0.06938247510275379,-0.06968164021619494,-0.0683589568867511,-0.06941845716107146,-0.06938247510275379,-0.06935000557870047,-0.06935668796095946,-0.06938247510275379,1.0693841028625348,1.0693824751027539,1.0694308795383478,-0.1220107193535418,1.0693512906522118,1.0624764043812176,1.0693473497601103,1.0693824751027539,1.0693824751027539,1.0696129316191216,1.067761312032408,1.0693606288530608,1.0693824751027539,1.0694071485141716,1.069396096881974,1.0693824751027539
-0.01685093381016156,-0.016849180058008832,-0.016916653364516525,1.204985975731487,-0.01687004047835184,0.0007418770613295715,-0.01672530977437911,-0.016849180058008832,-0.016849180058008832,-0.01694028286720595,-0.01580782049026628,-0.016871978835994332,-0.016849180058008832,-0.016831642536481523,-0.01682942727060439,-0.016849180058008832,1.0168484416360497,1.0168491800580088,1.0168423496548877,0.22677063596028013,1.0168548105254465,1.0155747560594428,1.0167868757052145,1.0168491800580088,1.0168491800580088,1.017005910118816,1.0148679939418923,1.0168429957741019,1.0168491800580088,1.0168265658855131,1.0168478878195806,1.0168491800580088
0.01924064037891668,0.019239940584446315,0.01914363137046246,0.9349389372891141,0.019210986588235,0.03391401830781896,0.019201539362885087,0.019239940584446315,0.019239940584446315,0.01918885558810974,0.019959416774289356,0.01923005598755242,0.019239940584446315,0.019239503212902336,0.019257960292058188,0.019239940584446315,0.9807598844669361,0.9807600594155537,0.980632871770565,-0.03501689439311262,0.9807994228545117,0.9659568696123989,0.980641444252827,0.9807600594155537,0.9807600594155537,0.9811092568562654,0.9805647292840133,0.9807999477003644,0.9807600594155537,0.9807388031585164,0.9807407275933099,0.9807600594155537
-0.0055757258490659635,-0.0055763646191816325,-0.005561672906521237,0.8324616474953673,-0.005604014239902751,0.009672081823457404,-0.005552456366280863,-0.0055763646191816325,-0.0055763646191816325,-0.005570433182393274,-0.0044899991581753085,-0.005562037918015904,-0.0055763646191816325,-0.005602919205418747,-0.0055607603777845654,-0.0055763646191816325,1.0055769121364235,1.0055763646191815,1.0056078468605967,-0.13771455529099996,1.005513765147846,0.9937834819965667,1.0054180408833693,1.0055763646191815,1.0055763646191815,1.0060761566082561,1.003614701593961,1.0056045617571447,1.0055763646191815,1.0055381296651151,1.0055603041134162,1.0055763646191815
0.018329760433036902,0.018330007668796885,0.018362725201034574,1.2100638118928528,0.018345418697835795,0.023515777734430563,0.018407886933191384,0.018330007668796885,0.018330007668796885,0.017843200457391274,0.01597047198744356,0.018330666964156837,0.018330007668796885,0.018332809674076685,0.018324650893997263,0.018330007668796885,0.9816704868027231,0.9816699923312031,0.9818184986110327,0.2295352145586539,0.9816915018423216,0.9690483595483347,0.9815882397065689,0.9816699923312031,0.9816699923312031,0.9816668606782434,0.9772086230423183,0.9816827661788022,0.9816699923312031,0.9816672727378433,0.9816524385922444,0.9816699923312031
0.0727105161424431,0.072710254054259,0.0727039639378403,0.8245782657458381,0.07271890296433471,0.09109242038607888,0.07279717996865628,0.072710254054259,0.072710254054259,0.07252041484623357,0.07417794788528848,0.07269120897954683,0.072710254054259,0.07271689362158984,0.07271689362158984,0.072710254054259,0.9272890470439167,0.927289745945741,0.9273810399965402,-0.15376591730379086,0.9272938519939588,0.9239517034701573,0.9272839800056906,0.927289745945741,0.927289745945741,0.9274386120343169,0.9285144840300983,0.9272986569440008,0.927289745945741,0.9272695651555644,0.9272644981173381,0.927289745945741
-0.01841557242649693,-0.01841659632160241,-0.01853434425873302,1.0513477067483703,-0.018423391261847895,-0.017971388113463525,-0.01828404844612891,-0.01841659632160241,-0.01841659632160241,-0.018692396430470385,-0.01823443607419957,-0.018418085623574026,-0.01841659632160241,-0.01838578638706468,-0.018387461851782746,-0.01841659632160241,1.018418085623574,1.0184165963216023,1.0183701487163628,0.06541859422019736,1.018467139507264,1.0069612578814526,1.0184566213120896,1.0184165963216023,1.0184165963216023,1.0185591039040112,1.016049164674978,1.0184075674283994,1.0184165963216023,1.0184104529509694,1.0184170617284685,1.0184165963216023
0.014360252141704388,0.014360519472944635,0.014370588949660664,1.0270821894234785,0.014325855522125742,0.03433141066529811,0.014559681246929796,0.014360519472944635,0.014360519472944635,0.01403651400976341,0.014518957787998601,0.014339132973724753,0.014360519472944635,0.014386272382421912,0.014410510414871113,0.014360519472944635,0.9856394805270554,0.9856394805270554,0.9856641641115717,0.05545543989912283,0.9856753920236621,0.9794648417606215,0.9857020360372735,0.9856394805270554,0.9856394805270554,0.9856332427981163,0.9833728680514014,0.9856323516939821,0.9856394805270554,0.9856336883501833,0.9856394805270554,0.9856394805270554
-0.04272939202771861,-0.04273024913888713,-0.04273556322813195,0.9254040718379316,-0.042687222158227504,-0.027351103442159463,-0.042712678359932504,-0.04273024913888713,-0.04273024913888713,-0.04255839834959917,-0.03879636600873772,-0.04274456289540139,-0.04273024913888713,-0.04273847740610491,-0.04272244942725361,-0.04273024913888713,1.0427317062278736,1.0427302491388872,1.0426636516010932,-0.0453452945824393,1.042769676252639,1.0331261470734034,1.0425547127715746,1.0427302491388872,1.0427302491388872,1.0430904072518987,1.0425188855247305,1.0427177353158268,1.0427302491388872,1.042708307092973,1.0426981074700676,1.0427302491388872
-0.03121179737667295,-0.03121109121098141,-0.031052998366787866,0.9427652907243822,-0.031202175869125715,-0.015597414688183644,-0.031104283650135966,-0.03121109121098141,-0.03121109121098141,-0.0316593298836865,-0.031230245955364434,-0.03123668971729974,-0.03121109121098141,-0.031171987285812375,-0.031180990898379512,-0.03121109121098141,1.0312099436917326,1.0312110912109813,1.031367771723792,-0.035130350846446445,1.031264494991404,1.0262721683643499,1.0311382678740413,1.0312110912109813,1.0312110912109813,1.0311632484853797,1.0294123106532058,1.0312181528678968,1.0312110912109813,1.0312126800837873,1.0312101202331556,1.0312110912109813
0.03905917415097189,0.03906046378952408,0.039170002464051314,0.989006528687199,0.039017825114892074,0.04421668052843603,0.03911245234365952,0.03906046378952408,0.03906046378952408,0.03894504113910246,0.03914888463275909,0.03908133981358777,0.03906046378952408,0.039078921741302404,0.03907980836780704,0.03906046378952408,0.9609384077767428,0.9609395362104759,0.9608556291021736,0.0032606373490091656,0.9608478912708605,0.9527823305606017,0.960760195849311,0.9609395362104759,0.9609395362104759,0.9611612734390442,0.9603019711512335,0.9609255113912207,0.9609395362104759,0.960926962234592,0.9609474352466081,0.9609395362104759
-0.05021773903887302,-0.05021773903887302,-0.05035741802999785,0.8257423153158969,-0.050270937092133455,-0.040672007673400845,-0.0501235284693383,-0.05021773903887302,-0.05021773903887302,-0.05049691514743633,-0.05035487179838881,-0.050212282828282204,-0.05021773903887302,-0.05018209179634637,-0.0502210127652275,-0.05021773903887302,1.050217739038873,1.050217739038873,1.050357508966841,-0.14963061468143968,1.0502107369019482,1.0381400531487337,1.0500934283742456,1.050217739038873,1.050217739038873,1.0505499313270104,1.0464263092361596,1.0502452019655135,1.050217739038873,1.0501921857859393,1.0501861839542894,1.050217739038873
0.0056533662955812755,0.00565248569141637,0.005635313910200714,0.8149339655291035,0.0056115375977482665,0.023943162559001682,0.005774009066173323,0.00565248569141637,0.00565248569141637,0.005222398617276545,0.007134718621785238,0.00565248569141637,0.00565248569141637,0.0057063786663085845,0.00566851268721765,0.00565248569141637,0.994348482973165,0.9943475143085836,0.9944452613708882,-0.1654144231614758,0.9943166931628119,0.9933865109834223,0.9942933571524419,0.9943475143085836,0.9943475143085836,0.9944647227229325,0.9950028599281062,0.9943365948169388,0.9943475143085836,0.9943734921314483,0.9943309589502835,0.9943475143085836
-0.03761692568168616,-0.037618913064226454,-0.03754849059595091,0.8616430853906268,-0.03768354620075419,-0.014686937971486977,-0.037564648880082846,-0.037618913064226454,-0.037618913064226454,-0.037641638351535,-0.035301106574627504,-0.03763455290073918,-0.037618913064226454,-0.0375959285531083,-0.03760214992453878,-0.037618913064226454,1.0376223693816877,1.0376189130642264,1.037760967711889,-0.10506236495408694,1.0375975703039024,1.0299092513348804,1.037544947870553,1.0376189130642264,1.0376189130642264,1.0379839001881477,1.036968693341805,1.037612691692796,1.0376189130642264,1.037603791675333,1.0376047421626349,1.0376189130642264
0.04326696613248723,0.04326696613248723,0.04316163221439106,0.9890070274420507,0.043296738198593754,0.04455987468749913,0.04318322131495953,0.04326696613248723,0.04326696613248723,0.04287731768835626,0.04270982805330085,0.043261481804520246,0.04326696613248723,0.04328933870847956,0.04327802184124609,0.04326696613248723,0.9567322503920889,0.9567330338675127,0.9566579072796475,0.00976378667074429,0.9567492256929391,0.9378382182288558,0.9566382333412262,0.9567330338675127,0.9567330338675127,0.956789008833906,0.9551565072090651,0.9567788236533958,0.9567330338675127,0.9567263307999976,0.9567214558418047,0.9567330338675127
-0.050315507535465036,-0.050314461038660656,-0.05030218848522748,0.9839861841741873,-0.05030513770349437,-0.03777647796146534,-0.050260138340906056,-0.050314461038660656,-0.050314461038660656,-0.050635450149385725,-0.04727981057810693,-0.05032074001948693,-0.050314461038660656,-0.05029010620394055,-0.05029134297289119,-0.050314461038660656,1.050312368045052,1.0503144610386606,1.0504898919575039,0.017485380604916223,1.050345951078865,1.0329248236402897,1.0501959214915464,1.0503144610386606,1.0503144610386606,1.0506662742370783,1.0491522787693608,1.050332822300774,1.0503144610386606,1.0502937213747192,1.0502998100833993,1.0503144610386606
-0.03817979228971375,-0.03817849254756635,-0.03808166175758469,0.9193981674627959,-0.03822601436983083,-0.026400229207784665,-0.0381979074458932,-0.03817849254756635,-0.03817849254756635,-0.03824477939708399,-0.036717013736693935,-0.03816850077980817,-0.03817849254756635,-0.038175080724429405,-0.03816906941699766,-0.03817849254756635,1.0381786550153347,1.0381784925475663,1.038489455856333,-0.05716969781331849,1.0381901089930088,1.0271635027838482,1.0381291835798492,1.0381784925475663,1.0381784925475663,1.0384225191357417,1.0385103329645755,1.0381777614426084,1.0381784925475663,1.0381529038740394,1.0381646015533659,1.0381784925475663
-0.011740591431975377,-0.011739305910373608,-0.011822681168545372,1.0844784048860152,-0.011686140409843377,-0.0029332074693532023,-0.011642891790241064,-0.011739305910373608,-0.011739305910373608,-0.01181882460374007,-0.009269543444464035,-0.011733337417222546,-0.011739305910373608,-0.011703494951467235,-0.01172443058898173,-0.011739305910373608,1.0117382958576866,1.0117393059103736,1.011747661800785,0.10674403525252352,1.011745825341354,1.0009170504829243,1.0117071678703293,1.0117393059103736,1.0117393059103736,1.0118042247512629,1.011603132443558,1.0117294808524173,1.0117393059103736,1.0117329701253364,1.0117192885025748,1.0117393059103736
0.05289048835402781,0.05289145696401964,0.05296146104979269,0.9654361891345513,0.052871556431460257,0.06204966443675767,0.0530740839752062,0.05289145696401964,0.05289145696401964,0.052875695037788974,0.055463468714139395,0.0528559706161372,0.05289145696401964,0.05291320666110888,0.05290114306393792,0.05289145696401964,0.9471081027587114,0.9471085430359804,0.9471729115727101,-0.013147804001129693,0.9470889947252362,0.9369613847615855,0.9471175246922682,0.9471085430359804,0.9471085430359804,0.9472439723239288,0.9476452410269072,0.9470603767027503,0.9471085430359804,0.9471172605259068,0.947096215272448,0.9471085430359804
0.00308874224562772,0.0030900838592726977,0.002759567754877907,1.1348493849552272,0.0030395816884939055,0.007802980934986185,0.0030458106089884434,0.0030900838592726977,0.0030900838592726977,0.0027978037437597627,0.004316222901235977,0.0031051290980056586,0.0030900838592726977,0.003099858472971819,0.0030996668138796794,0.0030900838592726977,0.9969099161407273,0.9969099161407273,0.9967858168785669,0.1600564601200205,0.9968625763449688,0.9762092967464563,0.9967237193327136,0.9969099161407273,0.9969099161407273,0.9968589348222182,0.9981194766712205,0.9969173908453207,0.9969099161407273,0.9968885461519538,0.996872446788214,0.9969099161407273
-0.005159957834346063,-0.0051598570045064,-0.005172359904624663,1.1184051957360537,-0.005193030021755663,0.009855117739131213,-0.005172057415105673,-0.0051598570045064,-0.0051598570045064,-0.005421006289234641,-0.004894977015710612,-0.005173872352219614,-0.0051598570045064,-0.0051237599219068975,-0.0051410018244893415,-0.0051598570045064,1.0051595545149874,1.0051598570045064,1.0051984748330975,0.14649516068734658,1.005150378999578,0.9929422045026509,1.0050063939885387,1.0051598570045064,1.0051598570045064,1.0051598570045064,1.0044472925276051,1.005141405143848,1.0051598570045064,1.005167520072321,1.0051363636518649,1.0051598570045064
0.05043274761458637,0.05043562929582241,0.05041025190945338,1.0147658071262307,0.05041331950560787,0.06199451752089175,0.05053258392579641,0.05043562929582241,0.05043562929582241,0.05002234043209814,0.052277860222787687,0.05042149976201987,0.05043562929582241,0.05045663768160776,0.050452919383238676,0.05043562929582241,0.9495630692997484,0.9495643707041775,0.9495684608323836,0.043433556691509945,0.949581288961757,0.9352782035828405,0.9494101542793196,0.9495643707041775,0.9495643707041775,0.9493973261499462,0.9485525287604891,0.949577198833551,0.9495643707041775,0.9495610242356454,0.9495456862548729,0.9495643707041775
0.05947688348848817,0.05947670198476979,0.059371066820675,0.9823256424295882,0.05941308493147903,0.07472138079488223,0.05949140378595824,0.05947670198476979,0.05947670198476979,0.05967054795599528,0.06217103393220123,0.05947570371431872,0.05947670198476979,0.059484325140941575,0.0595022940090608,0.05947670198476979,0.9405232980152302,0.9405232980152302,0.9406269366384229,0.0018942427910904058,0.9404975244872208,0.9373320996387446,0.9404071356354696,0.9405232980152302,0.9405232980152302,0.9407344775915606,0.941988577533679,0.9405358217717982,0.9405232980152302,0.9405174898962422,0.9405120447846909,0.9405232980152302
-0.032492802246165686,-0.03249233558107946,-0.03249028225470006,0.8728603316245542,-0.032492615580131196,-0.026714461815478614,-0.03255253537720282,-0.03249233558107946,-0.03249233558107946,-0.03274190806919397,-0.03133696616059723,-0.032496348900821016,-0.03249233558107946,-0.032506242200649044,-0.03247572230400976,-0.03249233558107946,1.0324930822452174,1.0324923355810796,1.032473948976682,-0.10478895949293454,1.032506988864787,1.0166444825858083,1.0323776293028848,1.0324923355810796,1.0324923355810796,1.0327732679629884,1.0324291491284043,1.032519868821167,1.0324923355810796,1.0324856156038378,1.0324909355858207,1.0324923355810796
-0.03768660678882434,-0.037686784780619445,-0.037681712014458746,0.9093276386955016,-0.037663467855459744,-0.028175526221105265,-0.037574916937391414,-0.037686784780619445,-0.037686784780619445,-0.03786887038701925,-0.035467672075057834,-0.037682245989844085,-0.037686784780619445,-0.037660352999045285,-0.03768002109240518,-0.037686784780619445,1.0376875857436973,1.0376867847806195,1.0377222941437443,-0.06716488887178018,1.0377060078944915,1.0246846621394667,1.0376185249271939,1.0376867847806195,1.0376867847806195,1.0379564423502146,1.0386636927480928,1.0377192682832275,1.0376867847806195,1.0376755712975274,1.0376534113190359,1.0376867847806195
-0.03267890741435321,-0.03267958155596629,-0.03271049576422308,0.8952298330724252,-0.03271791132196692,-0.014828407947647382,-0.032670047267438496,-0.03267958155596629,-0.03267958155596629,-0.033025223591585044,-0.032701154087584734,-0.032695472036845946,-0.03267958155596629,-0.03268179659269497,-0.03267014357338322,-0.03267958155596629,1.032679003720298,1.0326795815559664,1.0327334165790676,-0.05922017358616927,1.0326742847290065,1.0079611199471272,1.0326799667797453,1.0326795815559664,1.0326795815559664,1.0327845550357169,1.0291693261766774,1.0326823744283633,1.0326795815559664,1.0326423111553575,1.0326547346222272,1.0326795815559664
0.000934988936223208,0.0009346662677549758,0.0008362523849441301,1.0565357673739029,0.0009201461866845231,0.011547312855031754,0.0010242067676894337,0.0009346662677549758,0.0009346662677549758,0.0004154927023692357,0.002121440893913305,0.000913208814617529,0.0009346662677549758,0.0009558817195412482,0.0009594310726918033,0.0009346662677549758,0.9990658984020644,0.999065333732245,0.9991526155529018,0.07812588448698676,0.9990952612326736,0.9911024406060918,0.9989840212782505,0.999065333732245,0.999065333732245,0.9989995093647256,0.9967513974794343,0.9990567830178368,0.999065333732245,0.9990733197768338,0.9990650110637768,0.999065333732245
-0.007908411132971463,-0.00790884181114229,-0.007830113841515092,1.0986912408618394,-0.007897644178700784,0.003409208246926048,-0.007839674896907454,-0.00790884181114229,-0.00790884181114229,-0.008212900599746236,-0.006152191687972639,-0.007907980454800635,-0.00790884181114229,-0.007871286674646165,-0.007895404652212484,-0.00790884181114229,1.0079101338456549,1.0079088418111424,1.0080611296123467,0.1270352852182649,1.0079692228906922,0.9939521988716845,1.0078528536489348,1.0079088418111424,1.0079088418111424,1.0081264204230442,1.0061113633973782,1.007917455374559,1.0079088418111424,1.0079286530070004,1.0078957491947491,1.0079088418111424
0.04839522774580486,0.04839866371778847,0.048465268713163125,0.9646304596739137,0.04846033500980204,0.05486498678725678,0.048480246026937845,0.04839866371778847,0.04839866371778847,0.04803506740044562,0.048507821904652484,0.04837390709913731,0.04839866371778847,0.04838580084831136,0.04839425862550179,0.04839866371778847,0.9516001028563712,0.9516013362822116,0.9516654744259057,-0.020507998108344028,0.9516753418326278,0.9438869624660801,0.951515172677084,0.9516013362822116,0.9516013362822116,0.9517713728444775,0.9506747691706305,0.9515970192917705,0.9516013362822116,0.9515610737387112,0.9515810728576928,0.9516013362822116
0.01766041924353747,0.01766075863892495,0.01768214054833625,0.9527425665031234,0.017647013125731973,0.027518243121767837,0.017681461757561287,0.01766075863892495,0.01766075863892495,0.017174744444052266,0.017915135481841905,0.01769664970115106,0.01766075863892495,0.017662964708943577,0.017672552628639912,0.01766075863892495,0.9823374595352907,0.9823392413610751,0.9824118719739959,-0.027042665335060168,0.9823238837197915,0.9735335431840355,0.9822273257320532,0.9823392413610751,0.9823392413610751,0.9823921870415221,0.9806397189582643,0.9823751324233012,0.9823392413610751,0.9823248170571071,0.9823145503466358,0.9823392413610751
-0.029067872062760017,-0.029067051307501028,-0.029090237643567475,0.8925358426755422,-0.02910018930108272,-0.02232126383386779,-0.028947118445281212,-0.029067051307501028,-0.029067051307501028,-0.02906776946835264,-0.02726282605942775,-0.0290636656920577,-0.029067051307501028,-0.02904642983161892,-0.029056586677948915,-0.029067051307501028,1.02906592276902,1.029067051307501,1.0290998815178607,-0.07374239394401938,1.0291047034550072,1.0070933811362095,1.0288744816048607,1.029067051307501,1.029067051307501,1.0291541539593612,1.026056213234306,1.0290758744265351,1.029067051307501,1.029039043034288,1.029030014726439,1.029067051307501
-0.02749375934447047,-0.02749367892684566,-0.02747051865090062,0.8885363281056756,-0.027503329041822757,-0.012511473336775306,-0.027519332149159782,-0.02749367892684566,-0.02749367892684566,-0.02776428423432848,-0.026775147449175824,-0.027494965608842604,-0.02749367892684566,-0.027464487329039933,-0.02747051865090062,-0.02749367892684566,1.027493518091596,1.0274936789268456,1.0275374261147419,-0.08567595360883873,1.0275075911759377,1.0180205631419514,1.0274524246853185,1.0274936789268456,1.0274936789268456,1.027699548046357,1.0264349004786082,1.0275088778579347,1.0274936789268456,1.0274808121068761,1.027482098788873,1.0274936789268456
-0.029578156613860616,-0.029578993173805655,-0.029688749838595083,0.9180701729934347,-0.029558413799157638,-0.02245158609804779,-0.029488310075763174,-0.029578993173805655,-0.029578993173805655,-0.02963512634611793,-0.02578544479102661,-0.02957564693402549,-0.029578993173805655,-0.029569038110459665,-0.029583343285519873,-0.029578993173805655,1.0295799970457398,1.0295789931738057,1.0294555169259176,-0.0672226206507156,1.0295530598155094,1.023465329439449,1.0294904014756259,1.0295789931738057,1.0295789931738057,1.0300765790291162,1.0316242149274428,1.0295891155491406,1.0295789931738057,1.029555820463328,1.029566946710597,1.0295789931738057
-0.01366832166733973,-0.01366877942010142,-0.013783858464390557,0.9006410021979575,-0.013735611323308318,-0.0008142579168450131,-0.013635638120154987,-0.01366877942010142,-0.01366877942010142,-0.013913219394844453,-0.012510115629708973,-0.013703110877228251,-0.01366877942010142,-0.013637743782858766,-0.013649004500796365,-0.01366877942010142,1.0136703357794912,1.0136687794201014,1.0135806162381997,-0.07750403533916606,1.0136429621643421,1.0086096958978916,1.0135832712042174,1.0136687794201014,1.0136687794201014,1.013698441799059,1.010702175322134,1.0136427790632374,1.0136687794201014,1.0136818711490858,1.0136601736681816,1.0136687794201014
-0.059604912398678225,-0.05960661558803276,-0.05974116754704116,1.05871177257412,-0.05963632678010635,-0.03987497767246403,-0.059563373502753696,-0.05960661558803276,-0.05960661558803276,-0.059870326073093526,-0.05768324169860685,-0.05962563453582509,-0.05960661558803276,-0.05960443929052419,-0.05958967831611821,-0.05960661558803276,1.0596078456692333,1.0596066155880328,1.0594895686307237,0.09191677999500869,1.0595776613690056,1.0498038146363662,1.0595803107746682,1.0596066155880328,1.0596066155880328,1.0598452513409296,1.057414610888744,1.059634055860967,1.0596066155880328,1.0595901514242723,1.0595911922622112,1.0596066155880328
-0.042761595470866706,-0.04276010457847981,-0.042757039966351204,0.981563556231575,-0.042722749441452726,-0.03459697179612509,-0.04263669181978721,-0.04276010457847981,-0.04276010457847981,-0.043067062755469614,-0.041961400395880616,-0.0427743508835101,-0.04276010457847981,-0.04272755342803271,-0.042751076396803644,-0.04276010457847981,1.0427596076143508,1.0427601045784798,1.0427396462218375,0.0011848309955854175,1.0427814740360253,1.033508123389566,1.042760021751125,1.0427601045784798,1.0427601045784798,1.042955162999098,1.0410522873492967,1.0427478461299653,1.0427601045784798,1.042759524786996,1.0427603530605443,1.0427601045784798
0.029185179211761662,0.029185179211761662,0.029044212794141887,0.946660490263818,0.02922352282370192,0.04215269023088542,0.02902956572096763,0.029185179211761662,0.029185179211761662,0.028924423991875975,0.02856953567114426,0.02916129608607625,0.029185179211761662,0.029164188183327215,0.02919730736152379,0.029185179211761662,0.9708143543209398,0.9708148207882383,0.9707103321133647,-0.025032780613589267,0.9708593217685194,0.9561895782835516,0.9705237451939474,0.9708148207882383,0.9708148207882383,0.9709689415836771,0.9691714564954704,0.9708016664104194,0.9708148207882383,0.9707984011393296,0.9708045585076703,0.9708148207882383
-0.0024094472476234997,-0.0024107092135392427,-0.002359419313106551,1.2024331306170255,-0.002362393947050802,0.005624408052840669,-0.0022900111877406934,-0.0024107092135392427,-0.0024107092135392427,-0.002842571977990961,-0.0013585000610773547,-0.0024159373580473205,-0.0024107092135392427,-0.002396557167198412,-0.0024012444691711714,-0.0024107092135392427,1.0024110697752295,1.0024107092135393,1.0025361846817331,0.2223054756786339,1.0024477569272086,0.991501464574055,1.0023314757821151,1.0024107092135393,1.0024107092135393,1.0023049744978845,1.002399261379875,1.0024216162046682,1.0024107092135393,1.0023879036866332,1.0023879036866332,1.0024107092135393
0.028488998802182752,0.028489739031205913,0.028438570699980074,1.0526470206733596,0.028524899909805945,0.04871557180273626,0.028565612506079672,0.028489739031205913,0.028489739031205913,0.027965101711042238,0.02868404914978505,0.028460499984791145,0.028489739031205913,0.028511668316016987,0.0285025079818554,0.028489739031205913,0.9715089655680036,0.9715102609687941,0.9715642976874846,0.08961074816903136,0.9715574505690204,0.9563200211845561,0.9715097983256546,0.9715102609687941,0.9715102609687941,0.9714899046706572,0.9696088901941833,0.9715128517703752,0.9715102609687941,0.9715271937076988,0.9715001753483535,0.9715102609687941
-0.0011329676769146946,-0.0011330552380268782,-0.0010939154208807489,0.9286484491406855,-0.0011405854936746794,0.01295106209561467,-0.0009580205747715925,-0.0011330552380268782,-0.0011330552380268782,-0.0009693159582432943,0.0015020964331426186,-0.0011409357381234144,-0.0011330552380268782,-0.0011200961934236856,-0.0011313040157832036,-0.0011330552380268782,1.0011317418213441,1.0011330552380269,1.0011771860385674,-0.04232396254432169,1.0011119530099906,0.9889477881832018,1.0011129161822245,1.0011330552380269,1.0011330552380269,1.0014649994143154,1.0010771912484537,1.0011499545326783,1.0011330552380269,1.0011186952156288,1.0011059112932499,1.0011330552380269
0.019380155744132047,0.01937998185417813,0.019457015103763162,0.8695170984300902,0.019361114794178184,0.033786329811279825,0.019566913554638424,0.01937998185417813,0.01937998185417813,0.01931929426026125,0.021398583384218444,0.019356419765422437,0.01937998185417813,0.019360071454454685,0.01940119642855595,0.01937998185417813,0.9806203659257297,0.9806200181458219,0.9810632636383552,-0.10951044887825234,0.9805672425448082,0.9754903514502605,0.9806045419399233,0.9806200181458219,0.9806200181458219,0.9809913601424107,0.9806773148856374,0.9805998469111675,0.9806200181458219,0.9805979341216745,0.9806013249757758,0.9806200181458219
0.012389587848227185,0.012391515777458595,0.012279512269729068,0.9149296437912251,0.012368380626681675,0.028747883764432405,0.01259431557137214,0.012391515777458595,0.012391515777458595,0.01218127968508104,0.013511918079369375,0.012384354897456215,0.012391515777458595,0.012421811808237893,0.012410611457464941,0.012391515777458595,0.9876062808748484,0.9876084842225414,0.9875205339271276,-0.05794490307567335,0.9875687321579129,0.979668812616826,0.9875559711025239,0.9876084842225414,0.9876084842225414,0.9876754109087175,0.985928798831214,0.9876186747056217,0.9876084842225414,0.9875937034317672,0.9875961821979219,0.9876084842225414
-0.02419238757492606,-0.024193320388518274,-0.024226732075366644,0.8051799789757014,-0.024207227791165818,-0.013620302326957495,-0.02409045648966783,-0.024193320388518274,-0.024193320388518274,-0.024709675112426225,-0.022582181712294393,-0.024201037300962947,-0.024193320388518274,-0.0241599087016699,-0.024170424054891216,-0.024193320388518274,1.024196118829295,1.0241933203885183,1.0241686432289425,-0.17444695963873014,1.024209432623293,1.016787458876229,1.024135994753215,1.0241933203885183,1.0241933203885183,1.024219015162922,1.023017551256151,1.0242023093194979,1.0241933203885183,1.024195864425588,1.0242004436923133,1.0241933203885183
0.015992652617260752,0.01599382000619694,0.01600154273300557,1.2215040215038133,0.015967868052153993,0.02884569460384063,0.016006212288750325,0.01599382000619694,0.01599382000619694,0.015606246879382495,0.017381486254728837,0.01597927254406906,0.01599382000619694,0.016019322964495205,0.01600297951938857,0.01599382000619694,0.9840063595921009,0.984006179993803,0.9839755584840153,0.2459648449067522,0.9839784320567814,0.9733758465417253,0.9838848613435884,0.984006179993803,0.984006179993803,0.9841697940431673,0.9840975057282726,0.9839828322150793,0.984006179993803,0.9840041146133774,0.9839878609674197,0.984006179993803
-0.0811838270083776,-0.08118667864245592,-0.08111391597936085,1.1026119923120872,-0.08117094866092715,-0.06347729511055074,-0.0811010376319104,-0.08118667864245592,-0.08118667864245592,-0.081417109073623,-0.07930579599731695,-0.08118005549233855,-0.08118667864245592,-0.08118272315002471,-0.08118695460704416,-0.08118667864245592,1.0811887943709657,1.081186678642456,1.0812972484541377,0.1240441631700413,1.0812021326593966,1.0781044301565816,1.0810027022503066,1.081186678642456,1.081186678642456,1.0814858242560907,1.0821715962578276,1.081178031752025,1.081186678642456,1.081178307716613,1.0811729724012409,1.081186678642456
-0.042703931604327394,-0.0427040230858431,-0.042896042787302316,1.0547787715280912,-0.042671730110800166,-0.031320337716390416,-0.042600923417646555,-0.0427040230858431,-0.0427040230858431,-0.04294480243517167,-0.04241430112561377,-0.04271079271800507,-0.0427040230858431,-0.042700363825215,-0.04269396011911584,-0.0427040230858431,1.0427044804934216,1.042704023085843,1.0426360523196763,0.08246856796072843,1.0427204897586695,1.0267476341540087,1.0425416433954715,1.042704023085843,1.042704023085843,1.042939496507261,1.0423503555461378,1.0426992660470267,1.042704023085843,1.042701004195825,1.0426919475257703,1.042704023085843
0.03544475339540965,0.03544396278060474,0.03545740323228825,0.9920391221448309,0.035458808769719206,0.04622601610564072,0.03545740323228825,0.03544396278060474,0.03544396278060474,0.035023970627017446,0.03496660713061659,0.03543184002026275,0.03544396278060474,0.03547066799179289,0.035451429698206686,0.03544396278060474,0.9645556858350375,0.9645560372193953,0.9646171780976418,0.02187921226520262,0.9645692141328105,0.9454437149254458,0.9644842669643271,0.9645560372193953,0.9645560372193953,0.9646712034426441,0.9636726569440399,0.9645892430412015,0.9645560372193953,0.9645297712386542,0.9645382923093294,0.9645560372193953
-0.04087671147904254,-0.04087786070710163,-0.04105634466489455,0.9541903596805401,-0.040876534674725754,-0.026522411010184013,-0.040802276861676694,-0.04087786070710163,-0.04087786070710163,-0.04112680118513277,-0.04062511893625965,-0.04091189553808245,-0.04087786070710163,-0.04085779341714671,-0.0408600034711065,-0.04087786070710163,1.0408778607071016,1.0408778607071016,1.0409035857351936,-0.023499243098514144,1.040871407349539,1.03414718557363,1.0408500140272083,1.0408778607071016,1.0408778607071016,1.0411660517434587,1.0393294969028704,1.0408553181567117,1.0408778607071016,1.0408651307962933,1.0408661032200355,1.0408778607071016
0.04614866370330886,0.04614883785060317,0.04610033782913951,1.1184670718298575,0.046140391706829424,0.0672604531181313,0.04628597884486754,0.04614883785060317,0.04614883785060317,0.04601178392998595,0.0489616649482008,0.046114879128213895,0.04614883785060317,0.04619045905394182,0.04616424988614907,0.04614883785060317,0.9538509880021026,0.9538511621493968,0.9539255230440646,0.1438873943647132,0.9538508138548082,0.9505993097228589,0.9539348399243099,0.9538511621493968,0.9538511621493968,0.9541811712721029,0.9551285325531164,0.9538399296489142,0.9538511621493968,0.9538428030792703,0.9538307869159632,0.9538511621493968
-0.03959741452954917,-0.03959732837519193,-0.03959448528140274,0.9002055022089845,-0.0395897467917541,-0.02735083110981738,-0.03955588812935564,-0.03959732837519193,-0.03959732837519193,-0.03960887305906316,-0.03902440189949271,-0.03959414066397375,-0.03959732837519193,-0.03958190674524453,-0.03959146987889906,-0.03959732837519193,1.0395974145295492,1.039597328375192,1.0397260429849204,-0.07614975827214066,1.0395471003849164,1.0291226816209798,1.0394046010780282,1.039597328375192,1.039597328375192,1.0400427464021642,1.039000192525106,1.0396082699785625,1.039597328375192,1.0395784605709546,1.0395855252282489,1.039597328375192
-0.013773655613529176,-0.01377255470071518,-0.013749985988028261,0.8977330851183577,-0.013680471207487367,-0.004137994845658215,-0.01376303966853707,-0.01377255470071518,-0.01377255470071518,-0.014025528738045561,-0.015231500089148675,-0.013778452447933015,-0.01377255470071518,-0.013760444659761223,-0.01375737783120795,-0.01377255470071518,1.0137719256076787,1.0137725547007153,1.013875096865676,-0.0856562288220799,1.0138307458065978,1.0059694419483702,1.0137903265789983,1.0137725547007153,1.0137725547007153,1.0141008626291748,1.0125730315532369,1.0137544682759139,1.0137725547007153,1.013750929627583,1.0137677578663113,1.0137725547007153
-0.022413565202158047,-0.02241278491334585,-0.022549042847176185,1.033914313717306,-0.022395813631680507,-0.02030980902836666,-0.02228920667271375,-0.02241278491334585,-0.02241278491334585,-0.02251890419180498,-0.02037203706113957,-0.02241405288266567,-0.02241278491334585,-0.02238440190780209,-0.02239639884828966,-0.02241278491334585,1.0224127849133458,1.0224127849133458,1.0223422663119432,0.062236385021571916,1.0224380467636407,0.9994677096379088,1.0223549460051415,1.0224127849133458,1.0224127849133458,1.0226606241473206,1.0209937321722595,1.022407615499965,1.0224127849133458,1.0224195149043511,1.0223944481262592,1.0224127849133458
-0.052943674090263106,-0.05294347575306269,-0.05302647987143549,0.951670640877343,-0.05294724415987054,-0.04162119833029197,-0.05289527981336236,-0.05294347575306269,-0.05294347575306269,-0.05314012708727208,-0.0512536428055448,-0.05292869963163193,-0.05294347575306269,-0.05291798942280963,-0.052930683003636056,-0.05294347575306269,1.052942583235661,1.0529434757530627,1.052974813030728,-0.021312583721123657,1.0529563676710896,1.0401924763071178,1.0527765749989153,1.0529434757530627,1.0529434757530627,1.0532593277447202,1.0512968803152347,1.0529707471181196,1.0529434757530627,1.0529449632820658,1.0529323688698395,1.0529434757530627
-0.005986634922629499,-0.005985754424457722,-0.005903163695944981,1.0447629023535687,-0.005966119315227081,-0.0031400723830896284,-0.005804988149791776,-0.005985754424457722,-0.005985754424457722,-0.005962245123271259,-0.006653700337568225,-0.005970697905720325,-0.005985754424457722,-0.0059844336772000555,-0.005980647535061411,-0.005985754424457722,1.0059841695277485,1.0059857544244577,1.0059790626383522,0.06728242710111143,1.0059930625592834,0.9869078244369176,1.005887314728853,1.0059857544244577,1.0059857544244577,1.00635538755697,1.0048299244743653,1.0060068863805804,1.0059857544244577,1.0059447232096528,1.0059539684404566,1.0059857544244577
-0.03764207295909238,-0.03764104828637052,-0.037802853424359004,1.0879888576253856,-0.03769461072410418,-0.027090552181757023,-0.03765120186152351,-0.03764104828637052,-0.03764104828637052,-0.03828090982514017,-0.033994890133725024,-0.03765315805490161,-0.03764104828637052,-0.0376464511061767,-0.037634807097973726,-0.03764104828637052,1.037639930461583,1.0376410482863705,1.0375803131395838,0.11512158299785757,1.0375734198867277,1.0230742077203228,1.0375829213974213,1.0376410482863705,1.0376410482863705,1.0374605195831916,1.038799673678599,1.0376528785987047,1.0376410482863705,1.0376145930997334,1.037618598638555,1.0376410482863705
-0.014112172100757785,-0.014112712688490174,-0.014172447632919107,0.9629232105376004,-0.014157130980501432,-0.009137863983229327,-0.014025407769709427,-0.014112712688490174,-0.014112712688490174,-0.014273897930697353,-0.01378583730630591,-0.01411992052492202,-0.014112712688490174,-0.014091089179194632,-0.014100279170645238,-0.014112712688490174,1.0141144245496427,1.0141127126884901,1.0141837098773439,-0.008753878097678358,1.014110189945739,0.9923138727717443,1.0139690965475856,1.0141127126884901,1.0141127126884901,1.0144394078747636,1.0125178887799886,1.0141422648178609,1.0141127126884901,1.014070997335141,1.0140928010403472,1.0141127126884901
-0.06948036899849462,-0.06948019470248491,-0.06954651433417652,0.9994784528720293,-0.06950843065605664,-0.048706724786150485,-0.06949527130732414,-0.06948019470248491,-0.06948019470248491,-0.06970782529115574,-0.06889490870190555,-0.06946712250175727,-0.06948019470248491,-0.06948071759051402,-0.06946285224951956,-0.06948019470248491,1.069480804738519,1.069480194702485,1.0695235944089008,0.030211652308640757,1.06947435578616,1.0618175320799506,1.0693743098765909,1.069480194702485,1.069480194702485,1.069613444001902,1.067439972760918,1.0694940512352562,1.069480194702485,1.0694375793281128,1.0694659024296893,1.069480194702485
-0.0507663853309764,-0.0507666565756504,-0.05076566201184574,1.2625001464668106,-0.05080119506413946,-0.04291701653993652,-0.05067154010996851,-0.0507666565756504,-0.0507666565756504,-0.05140399114465392,-0.04920265978537904,-0.05076014670347446,-0.0507666565756504,-0.0507630399799971,-0.05075978504390913,-0.0507666565756504,1.050766566160759,1.0507666565756504,1.0509350091033116,0.28097237305715494,1.0507346497041186,1.0411267112766596,1.0508041787555533,1.0507666565756504,1.0507666565756504,1.0510548992492188,1.050337005012038,1.0507844683092429,1.0507666565756504,1.0507504723101018,1.0507538176610811,1.0507666565756504
0.05926945810121378,0.05926909857072105,0.05939493424317475,1.0141560212872147,0.059281232724850516,0.07522991549950192,0.05949407477654363,0.05926909857072105,0.05926909857072105,0.05921921371485547,0.06121047334881209,0.059253638759533885,0.05926909857072105,0.05926442467431563,0.05927008727957604,0.05926909857072105,0.9407326091991194,0.940730901429279,0.9409136328022063,0.03946543498924837,0.9407666747133051,0.93462068070542,0.9407177785662945,0.940730901429279,0.940730901429279,0.9408478387220377,0.9394527705276421,0.9407388111001189,0.940730901429279,0.9407073521820055,0.9406980942718178,0.940730901429279
-0.010524761362776395,-0.010524761362776395,-0.0105880906346899,0.7569617711146766,-0.01055436985354115,-0.003204153405421394,-0.010496249482780703,-0.010524761362776395,-0.010524761362776395,-0.010716942400055038,-0.009913675011714916,-0.010547516036234493,-0.010524761362776395,-0.010516171245085386,-0.01051068819124006,-0.010524761362776395,1.0105240302889305,1.0105247613627764,1.010560766749694,-0.22442903065786335,1.0104967977881651,0.9993744230629233,1.0104235990193302,1.0105247613627764,1.0105247613627764,1.0108875567588753,1.010481902158552,1.0105138866393164,1.0105247613627764,1.0105313410273908,1.0105164453977777,1.0105247613627764
0.012759894676412066,0.012760453144585987,0.012798522058441713,0.8583556378086031,0.012781488779137073,0.02999710794256292,0.01271019100893295,0.012760453144585987,0.012760453144585987,0.012699393957570448,0.015157491625090887,0.012749376859136522,0.012760453144585987,0.012768644011136853,0.012757381569629413,0.012760453144585987,0.9872392676213271,0.987239546855414,0.9872502508287475,-0.11043718830985627,0.9873108446256181,0.9774341488137385,0.9869704582736123,0.987239546855414,0.987239546855414,0.9874267267717071,0.9854919137831522,0.9872526708575012,0.987239546855414,0.987189750109906,0.9871982202105437,0.987239546855414
0.027750848626256992,0.027749225152266174,0.027636213323905257,1.0265150241472456,0.027717387023446217,0.04048952748821976,0.027723880919409496,0.027749225152266174,0.027749225152266174,0.02757966231322505,0.029179235159179466,0.02775093881925648,0.027749225152266174,0.027749766310263112,0.027764377576180485,0.027749225152266174,0.9722527590937227,0.9722507748477338,0.9721709540431852,0.049355868181704565,0.9722236267548874,0.9641538787045217,0.9722170426659246,0.9722507748477338,0.9722507748477338,0.9723777665910157,0.9713726558046996,0.9722844168365435,0.9722507748477338,0.9722205601929047,0.9722446417237685,0.9722507748477338
-0.06114946618688661,-0.06114921173501792,-0.06112291837525326,1.0513996843721993,-0.06118619207326758,-0.0445463969375561,-0.061021137627777146,-0.06114921173501792,-0.06114921173501792,-0.06146659803256427,-0.060309435751050425,-0.0611664296447993,-0.06114921173501792,-0.06111350365611172,-0.06114013628503464,-0.06114921173501792,1.0611490421004388,1.0611492117350179,1.0612447160030662,0.0789336161933879,1.061158117550422,1.052076899991445,1.0611274985088897,1.0611492117350179,1.0611492117350179,1.061509006677346,1.0595433659917135,1.0611506536289406,1.0611492117350179,1.0611347079785025,1.061133096450001,1.0611492117350179
0.0033346386370735623,0.003333161247778036,0.003379616933404039,0.9033955727377957,0.003352695617352221,0.022761158792685334,0.0033357877176367497,0.003333161247778036,0.003333161247778036,0.003033907838250812,0.004710005994025754,0.0033203572072168053,0.003333161247778036,0.003346950214536284,0.003363611882702501,0.003333161247778036,0.9966670849837712,0.996666838752222,0.9967517886367148,-0.0753057402458357,0.9966879325882747,0.9955293310718496,0.9966635556648986,0.996666838752222,0.996666838752222,0.9967366864350271,0.9969221808687988,0.9966647047454618,0.996666838752222,0.9966820230310927,0.9966721737691224,0.996666838752222
0.023671228908969076,0.023673719134057407,0.023702252963194555,0.9288509282205152,0.02369550860358032,0.04639505163690068,0.02374168152709316,0.023673719134057407,0.023673719134057407,0.02349369661204667,0.021014366258475175,0.023652344702049216,0.023673719134057407,0.023699658978727542,0.023694055972278794,0.023673719134057407,0.9763226492876887,0.9763262808659426,0.9762488763694469,-0.04399125811100868,0.9763658131892199,0.9742834662184802,0.9761767636012639,0.9763262808659426,0.9763262808659426,0.9763881214556362,0.9713568291834168,0.9763283560535162,0.9763262808659426,0.9763331289849355,0.9763237906408543,0.9763262808659426
0.0247206287560466,0.0247206287560466,0.02453000100676339,0.9501319545577204,0.02473134752430489,0.029949354796249925,0.024700300057625704,0.0247206287560466,0.0247206287560466,0.024522146736918955,0.02787277825255556,0.024720536352871955,0.0247206287560466,0.024744283968754548,0.02472340085128581,0.0247206287560466,0.9752777079868099,0.9752793712439534,0.9750901295422898,-0.02427903398444009,0.975326774072544,0.9574960106717042,0.9751082405645193,0.9752793712439534,0.9752793712439534,0.9755198043043678,0.9755899383139199,0.9752767839550635,0.9752793712439534,0.9752712397645851,0.9752535907582287,0.9752793712439534
0.044903627275472556,0.044904418835464144,0.04490036209050725,1.1419127673197504,0.04488957708562184,0.06281227630519316,0.04493825802510461,0.044904418835464144,0.044904418835464144,0.04460036085369476,0.04798289458775534,0.044883145660690175,0.044904418835464144,0.04494716307500999,0.04491322494037058,0.044904418835464144,0.9550963727245274,0.9550955811645359,0.9551342686591248,0.1724347027803077,0.9551195258542814,0.9451814901598731,0.9550089053454568,0.9550955811645359,0.9550955811645359,0.9554613808256492,0.9548974932766405,0.9551116102543655,0.9550955811645359,0.9550870718946263,0.9550622366998901,0.9550955811645359
-0.07816030412167678,-0.07816124889438679,-0.07827290385102516,1.0096150069404435,-0.07817396038175793,-0.0741743939465434,-0.078066256292816,-0.07816124889438679,-0.07816124889438679,-0.07848436116121259,-0.07590349978273081,-0.07813574003121633,-0.07816124889438679,-0.07813402226265266,-0.07812895484538984,-0.07816124889438679,1.0781616783365278,1.0781612488943868,1.078197837364793,0.029179937185698335,1.0781380590187772,1.0645185591848856,1.0780801702181817,1.0781612488943868,1.0781612488943868,1.0783580192833548,1.0780698636067998,1.07818521176585,1.0781612488943868,1.078160475898533,1.0781559238118394,1.0781612488943868
-0.012942700604577475,-0.012942397273455761,-0.013015601184162359,0.8763234423238337,-0.013004175711911191,0.001206482898820138,-0.012752208660142074,-0.012942397273455761,-0.012942397273455761,-0.013263624931349216,-0.01330599017801505,-0.01294896944775953,-0.012942397273455761,-0.012919141887457809,-0.012925815172135483,-0.012942397273455761,1.0129427006045775,1.0129423972734557,1.0130300599676307,-0.09522153742461148,1.0129367350925171,1.0001895480336744,1.012929455145596,1.0129423972734557,1.0129423972734557,1.0130935572824424,1.0106097809474872,1.0129360273198997,1.0129423972734557,1.01292955625597,1.0129250062891442,1.0129423972734557
0.029749901803644545,0.029750318038121084,0.029784033030720435,1.1137872263816244,0.029752815444980294,0.03374550303769652,0.029849132102850538,0.029750318038121084,0.029750318038121084,0.029237267422343796,0.031946287889425475,0.02975631181458319,0.029750318038121084,0.029752482457399067,0.029757643764908102,0.029750318038121084,0.9702490992336118,0.9702496819618789,0.9703974452010489,0.13240364542981142,0.970283063966897,0.9590829434253927,0.9701829179518426,0.9702496819618789,0.9702496819618789,0.9703815450440453,0.9683976882819832,0.9702706601794963,0.9702496819618789,0.9702330325828175,0.9702299524476912,0.9702496819618789
-0.023975824518312178,-0.023975905461704174,-0.024072066211395394,1.1753430692153986,-0.023939966595657957,-0.014172122766543381,-0.02390532282388368,-0.023975905461704174,-0.023975905461704174,-0.02421865469430011,-0.023796292074865097,-0.023981004895399918,-0.023975905461704174,-0.02396408772647276,-0.023972991499592318,-0.023975905461704174,1.023976229235272,1.0239759054617041,1.0239488703687776,0.19997606022546965,1.0240247952704697,1.012065975706808,1.0237909498109934,1.0239759054617041,1.0239759054617041,1.0239908799892234,1.021181577683219,1.0239874803667597,1.0239759054617041,1.0239560743306653,1.0239657875377046,1.0239759054617041
-0.05844946601732589,-0.05845151707603967,-0.058461943291168036,0.7581763988243999,-0.05846852377120807,-0.040511761114423867,-0.05845160253681941,-0.05845151707603967,-0.05845151707603967,-0.05880062436128057,-0.05807967722338773,-0.058458097556079704,-0.05845151707603967,-0.058441945468708706,-0.05843792881206089,-0.05845151707603967,1.058453055370075,1.0584515170760396,1.058475189712028,-0.2158298133158476,1.0583898998538466,1.0506291209848106,1.0583694747274885,1.0584515170760396,1.0584515170760396,1.058855490181874,1.0579923363064927,1.0584437401450832,1.0584515170760396,1.058414170715293,1.0584516025368194,1.0584515170760396
-0.07251156897244902,-0.07251226038673435,-0.07247751681889662,1.0429532338487286,-0.07254821392957139,-0.06664656087036999,-0.07238936149751732,-0.07251226038673435,-0.07251226038673435,-0.07280481505621368,-0.07091517981441271,-0.0725182238349453,-0.07251226038673435,-0.0724757882831833,-0.07249774068674246,-0.07251226038673435,1.0725129518010197,1.0725122603867343,1.0725833032045518,0.0604539952506169,1.072511309692092,1.0627483671296916,1.072389966485017,1.0725122603867343,1.0725122603867343,1.072810432797282,1.0718762456710185,1.072526347952798,1.0725122603867343,1.0725041362688819,1.0724948886028154,1.0725122603867343
-0.036135968090178064,-0.0361353726673718,-0.03611373897207763,1.1131209492094645,-0.03613676198725308,-0.022704718137935932,-0.03615978500242852,-0.0361353726673718,-0.0361353726673718,-0.03662689419394061,-0.034609304014923764,-0.0361693117673287,-0.0361353726673718,-0.03609270069958973,-0.036106792372671254,-0.0361353726673718,1.0361345787702967,1.0361353726673719,1.0363725494185325,0.13727458519887836,1.0361742736240476,1.0293135143389003,1.0359312418819586,1.0361353726673719,1.0361353726673719,1.0359890971313002,1.0333620917100748,1.0361339833474905,1.0361353726673719,1.0361484719691096,1.036137059698656,1.0361353726673719
-0.013386454319557834,-0.013385807086285902,-0.013253956422603658,0.9849440536864403,-0.013324782234932268,0.0008824503934654059,-0.013294362271151442,-0.013385807086285902,-0.013385807086285902,-0.013913117279118883,-0.013341332914314542,-0.01340392961790001,-0.013385807086285902,-0.01339847436603658,-0.013371290568615416,-0.013385807086285902,1.01338479000543,1.013385807086286,1.0134318531104891,0.0137661028644942,1.0134528419608788,1.0002398521000655,1.0133479901708258,1.013385807086286,1.013385807086286,1.013134680576776,1.012014504706853,1.013357143898529,1.013385807086286,1.0133599177554087,1.01336380115504,1.013385807086286
0.07738564561336722,0.07738622940719227,0.07739177544853011,1.1589348320431576,0.07738622940719227,0.09053579612028027,0.077555626915424,0.07738622940719227,0.07738622940719227,0.07746834973858088,0.08048481243255003,0.07736531012846175,0.07738622940719227,0.07737591571628326,0.0773966403970721,0.07738622940719227,0.9226130895000119,0.9226137705928077,0.9226377061396343,0.18321018798632205,0.9225607426537001,0.9129971295109054,0.9224673356416941,0.9226137705928077,0.9226137705928077,0.9227095127801139,0.9245633500715207,0.9226100732319158,0.9226137705928077,0.9225902242418645,0.9225962567780566,0.9226137705928077
0.011403659850018125,0.011403909383722809,0.011230566636869097,1.140593164395857,0.01140532340804935,0.02980851730638466,0.011454148836265823,0.011403909383722809,0.011403909383722809,0.011001577873870886,0.012460850978862025,0.011396090660976048,0.011403909383722809,0.011411561750666446,0.011420461786133504,0.011403909383722809,0.9885960906162772,0.9885960906162772,0.988441795608881,0.16946194595460162,0.9886006654008631,0.9796943915911888,0.9885064248383941,0.9885960906162772,0.9885960906162772,0.9886410066831203,0.9878049855945278,0.9886022457809928,0.9885960906162772,0.9885728839817416,0.9885831148636336,0.9885960906162772
0.04093239798005776,0.04093287899770639,0.04098675297435337,0.7042792091072274,0.040898149523475036,0.052726854521027135,0.040986464363764186,0.04093287899770639,0.04093287899770639,0.04085735922687089,0.042551888199477805,0.04090084322230738,0.04093287899770639,0.04093316760829557,0.040945385456570865,0.04093287899770639,0.9590654855422882,0.9590671210022936,0.9592169098980782,-0.28076212158058267,0.9590658703564071,0.9590362396692513,0.9589366690159842,0.9590671210022936,0.9590671210022936,0.9593773773856624,0.9572344437609991,0.959046918261051,0.9590671210022936,0.9590482651104671,0.9590742400634934,0.9590671210022936
-0.004110303116983003,-0.004107112525235273,-0.004140047665857002,1.050433480344348,-0.004115243388076262,0.014875982072928222,-0.004064708531684797,-0.004107112525235273,-0.004107112525235273,-0.004676787535676742,-0.005442941244389713,-0.004120389503798408,-0.004107112525235273,-0.004069854647406942,-0.0040744861515568725,-0.004107112525235273,1.0041067008359774,1.0041071125252352,1.004087042673919,0.08285482790716048,1.0041479726840692,0.9920694215503078,1.0040691341912058,1.0041071125252352,1.0041071125252352,1.0039928687562036,1.0009534698883902,1.0041369599964236,1.0041071125252352,1.0041201836591696,1.0041009371863687,1.0041071125252352
-0.014807271098442092,-0.014807271098442092,-0.014885587408089337,1.033119001265828,-0.014791573896616804,-0.004050105962181894,-0.014698154333321443,-0.014807271098442092,-0.014807271098442092,-0.014995298121387158,-0.013543264527678256,-0.014805658953389764,-0.014807271098442092,-0.014791573896616804,-0.014768579617186247,-0.014807271098442092,1.0148065923005254,1.0148072710984422,1.0148135499791722,0.06484698077657314,1.0147483005294227,0.9954362452481205,1.014759585544789,1.0148072710984422,1.0148072710984422,1.01498630404899,1.014274245034299,1.0148573324448038,1.0148072710984422,1.0147958163835966,1.0148026043627643,1.0148072710984422
0.021425084944246085,0.021424432408641877,0.021363653378078603,0.9820655355890632,0.021472626823981163,0.035873714731340496,0.021427415428546825,0.021424432408641877,0.021424432408641877,0.021281713550064616,0.02333449734152766,0.021419957878784462,0.021424432408641877,0.02145025417469407,0.021451093149042335,0.021424432408641877,0.9785762201269623,0.9785755675913581,0.9786120163658216,0.009078251190640096,0.9785815336311681,0.9681117863004115,0.9785366018938497,0.9785755675913581,0.9785755675913581,0.9788539206362384,0.9780009633821679,0.9785916013233472,0.9785755675913581,0.9785664320928992,0.9785684829190838,0.9785755675913581
0.005373337712039776,0.0053729390090048006,0.00537246056536283,1.113770326642927,0.0053994926311341585,0.029438813681330712,0.005417115305280069,0.0053729390090048006,0.0053729390090048006,0.005065459228431813,0.004537895372552434,0.005369111459869037,0.0053729390090048006,0.005384660878233076,0.005387850502512878,0.0053729390090048006,0.9946269812503882,0.9946270609909952,0.9947543269997593,0.1441331237490856,0.9946538538349455,0.9892314925592808,0.9945777015552653,0.9946270609909952,0.9946270609909952,0.9948528066493982,0.9923814060168,0.994630330355882,0.9946270609909952,0.9946048931022505,0.9946092788356353,0.9946270609909952
0.0270044405244549,0.02700368038155141,0.026918713297006038,1.0436933779705218,0.02702564006542994,0.043559677279830525,0.027163563772251605,0.02700368038155141,0.02700368038155141,0.026890250168286563,0.027678349438557823,0.026961956982182213,0.02700368038155141,0.027017362953814187,0.027044136876081464,0.02700368038155141,0.9729978399042556,0.9729963196184486,0.9729721639661822,0.06952652909102852,0.9730208131120054,0.9649978426069858,0.9729306939477809,0.9729963196184486,0.9729963196184486,0.9731505441675339,0.9723009577824028,0.9730237692232967,0.9729963196184486,0.9729654071403734,0.9729955594755451,0.9729963196184486
-0.02252354827685653,-0.022522158705662453,-0.02256023295638019,1.001519183075399,-0.022496868509930233,-0.010402596665153117,-0.022426370931350678,-0.022522158705662453,-0.022522158705662453,-0.022877888931346416,-0.02198948974793256,-0.022551802891136116,-0.022522158705662453,-0.022501500413910493,-0.022494923110258525,-0.022522158705662453,1.022523177724538,1.0225221587056625,1.0224437868903165,0.0374594005754435,1.022520861772548,0.9998759464034552,1.0224121046670915,1.0225221587056625,1.0225221587056625,1.0227751533010643,1.0215952220811328,1.022512153793065,1.0225221587056625,1.0225022415185474,1.0225165077828064,1.0225221587056625
-0.042347908842248747,-0.042349337667263745,-0.042477679773022345,1.032943605080222,-0.04232378691405443,-0.032789405686058336,-0.042296387093178664,-0.042349337667263745,-0.042349337667263745,-0.042501045264444016,-0.03982821795257152,-0.04235278365700579,-0.042349337667263745,-0.04231319679923742,-0.04233378868915939,-0.042349337667263745,1.042350010055506,1.0423493376672637,1.0423593394423687,0.06242962418534159,1.042404053260485,1.0255577020425208,1.0422710884855602,1.0423493376672637,1.0423493376672637,1.0425197040381693,1.0414412773459698,1.0423527836570057,1.0423493376672637,1.0423469843084154,1.0423344610774017,1.0423493376672637
-0.03741931897358354,-0.03741931897358354,-0.03750552227599874,0.96308491481319,-0.03744230082526807,-0.02746868980054062,-0.03753636409182816,-0.03741931897358354,-0.03741931897358354,-0.03745409077148541,-0.03649645666170153,-0.03744486385705445,-0.03741931897358354,-0.03742188200536992,-0.037394030393291276,-0.03741931897358354,1.0374181228920831,1.0374193189735836,1.0374071018554019,-0.014588525954108311,1.0374301691414791,1.026420409799912,1.0372330719971068,1.0374193189735836,1.0374193189735836,1.0375968516419867,1.0367519909308034,1.0374078707649377,1.0374193189735836,1.0373975332033993,1.0374120570501888,1.0374193189735836
-0.02671631375135018,-0.026716760385652533,-0.026659144560648856,0.9648817804064855,-0.02677437621065621,-0.005359422661963559,-0.02680912435937936,-0.026716760385652533,-0.026716760385652533,-0.027006804701601283,-0.024960504981935767,-0.026738109505305058,-0.026716760385652533,-0.02670568385495415,-0.026701306838791083,-0.026716760385652533,1.0267175643273967,1.0267167603856526,1.0267167603856526,-0.005872983407939625,1.026662985615649,1.0221683259773389,1.0263888414808642,1.0267167603856526,1.0267167603856526,1.0267466848839102,1.0251496099455526,1.0267091676025124,1.0267167603856526,1.0266941606899533,1.0267064877966985,1.0267167603856526
0.010714796045627745,0.010714136020946594,0.010791076040920826,1.0057066230542904,0.010630784332641176,0.024728911522037333,0.010943164585306166,0.010714136020946594,0.010714136020946594,0.010708478666536724,0.013534044326546318,0.01070168984124488,0.010714136020946594,0.01073648257086558,0.01073648257086558,0.010714136020946594,0.9892869011606952,0.9892858639790534,0.9895621314527354,0.029630344060640024,0.9892842610619706,0.979965655456513,0.9892647431892566,0.9892858639790534,0.9892858639790534,0.989708656931951,0.9911142266350832,0.9892866182929747,0.9892858639790534,0.9892733235101115,0.9892735120885918,0.9892858639790534
-0.014618828426775188,-0.01461856617851385,-0.014630279934186937,1.0191914412501053,-0.014651259795093956,-0.007529733426293527,-0.014565067533200953,-0.01461856617851385,-0.01461856617851385,-0.015111592909828794,-0.015797459529314085,-0.014624073392001944,-0.01461856617851385,-0.014600471048481547,-0.014603967691966051,-0.01461856617851385,1.01461716752112,1.0146185661785139,1.0146072895032763,0.03574607285666587,1.0146392837911595,1.005639447958571,1.0146370983889816,1.0146185661785139,1.0146185661785139,1.0145952260832547,1.012525387972603,1.0146079888319732,1.0146185661785139,1.0146106987306738,1.014607027255015,1.0146185661785139
0.0016187683262168426,0.0016180143976837387,0.0015958991607126919,0.8671493317093656,0.0015901190419588954,0.014897962889286357,0.0015724436063494604,0.0016180143976837387,0.0016180143976837387,0.001531563925887828,0.0027627292204464495,0.00161156412023385,0.0016180143976837387,0.001628569397147193,0.0016277316987770775,0.0016180143976837387,0.9983826557610124,0.9983819856023163,0.9984117238944553,-0.10459108130607664,0.998372687150408,0.9836843163891303,0.9982562470769619,0.9983819856023163,0.9983819856023163,0.9985822792826109,0.9990076625149554,0.9983886871892772,0.9983819856023163,0.9983757028645404,0.9983552630243095,0.9983819856023163
-0.028005410774359342,-0.028005222968499895,-0.028018181572801868,1.1402571831344392,-0.028019590116747737,-0.02036462328561009,-0.027857044145394704,-0.028005222968499895,-0.028005222968499895,-0.02841482754795797,-0.027142724558980768,-0.028001466851310917,-0.028005222968499895,-0.028000058307365048,-0.027989165567517012,-0.028005222968499895,1.0280039083274837,1.0280052229685,1.0279321664891743,0.1651938349846005,1.0280085095710403,1.011525164898928,1.0279621215237564,1.0280052229685,1.0280052229685,1.0283713504914955,1.0275551462263306,1.028013768135105,1.0280052229685,1.0279859728679064,1.0279970534136138,1.0280052229685
0.0015624107816313783,0.0015629420327907234,0.0017153225736628412,1.103794790132501,0.0015587805653758543,0.013228597698987203,0.0017490570222812472,0.0015629420327907234,0.0015629420327907234,0.0011900037189305488,0.0020359326483275356,0.0015755149768952213,0.0015629420327907234,0.001559046190955527,0.0015739212234171863,0.0015629420327907234,0.99843643817419,0.9984370579672093,0.9985132039667154,0.12712432838370047,0.9984952299691575,0.9889186309452254,0.9983303650260408,0.9984370579672093,0.9984370579672093,0.9983934068302831,0.9967818564384101,0.9984605215600804,0.9984370579672093,0.9984263444021625,0.9984060683162475,0.9984370579672093
0.014483830715621435,0.01448358127858005,0.014398273810426717,1.0466013441642275,0.014503868824612617,0.024310735543666605,0.01452581928425441,0.01448358127858005,0.01448358127858005,0.014350381898480986,0.016060688545570724,0.014488736310768654,0.01448358127858005,0.014488736310768654,0.014490565515738803,0.01448358127858005,0.9855155872646153,0.9855164187214199,0.9855258141833121,0.07416759041450627,0.9855461017293446,0.9697455954885545,0.985519495111597,0.9855164187214199,0.9855164187214199,0.985803354464692,0.9846648406621349,0.9855419444453216,0.9855164187214199,0.9854909761431988,0.9855094344842612,0.9855164187214199
-0.0337301566176515,-0.03372981166638837,-0.034044579693994124,1.0555125296178705,-0.03369764496110153,-0.02004818219251062,-0.033676689171866406,-0.03372981166638837,-0.03372981166638837,-0.033968086751395135,-0.0369434638715195,-0.033743006052203074,-0.03372981166638837,-0.03371023568220576,-0.03372920800167789,-0.03372981166638837,1.0337281731478885,1.0337298116663884,1.0336781552147347,0.08236276549871502,1.0337793984104633,1.0201527886630546,1.0336698763844197,1.0337298116663884,1.0337298116663884,1.0339060817618475,1.0303895623476886,1.0337337786059144,1.0337298116663884,1.0337068724073903,1.0337106668712848,1.0337298116663884
0.08877886033709007,0.08877985534423467,0.08877659895721597,0.9969588773915126,0.08873517047792247,0.0937630320347993,0.08883358573004325,0.08877985534423467,0.08877985534423467,0.08854620957564276,0.09019330822074152,0.08880898191701306,0.08877985534423467,0.08876909117603396,0.0888214647339181,0.08877985534423467,0.9112198732901804,0.9112201446557653,0.9111954503875401,0.024149927815667382,0.911150765521228,0.8922051058464162,0.9111420818225114,0.9112201446557653,0.9112201446557653,0.9112755032350832,0.90937612505123,0.9112518039740027,0.9112201446557653,0.9112036818102819,0.9112180641862812,0.9112201446557653
0.048987893517518755,0.048989428103898704,0.04901619811074893,0.909960932113645,0.04901722116833556,0.054119806136465186,0.04903299330612948,0.048989428103898704,0.048989428103898704,0.048806386050690334,0.04958911035926326,0.04900664957327369,0.048989428103898704,0.0489693079713616,0.04898320450358002,0.048989428103898704,0.9510095488385146,0.9510105718961013,0.9511511570594644,-0.06878516613124752,0.9510536255695388,0.9366966321823272,0.9509057937482703,0.9510105718961013,0.9510105718961013,0.9512696612299161,0.9493871500157129,0.9510300099902473,0.9510105718961013,0.9509977836762684,0.9509869563168099,0.9510105718961013
0.029758833679982163,0.029759838828627656,0.029616742212369193,0.8572686555813488,0.029738547952773108,0.04267197832863931,0.02991965746326115,0.029759838828627656,0.029759838828627656,0.02935467254734412,0.030880396814053915,0.029727308563373498,0.029759838828627656,0.029813477215437183,0.029779119407191218,0.029759838828627656,0.9702398870399236,0.9702401611713724,0.9701555459308517,-0.11203655533696066,0.9702121997635977,0.9550044835115777,0.9700869216915093,0.9702401611713724,0.9702401611713724,0.970043060659706,0.9689151011251629,0.9702281907647761,0.9702401611713724,0.9702587107327392,0.9702280993876264,0.9702401611713724
-0.003173236691295693,-0.003170454991694502,-0.0031765939149523024,0.8746085708206554,-0.003164699751140315,0.006195143882810655,-0.003161918051539124,-0.003170454991694502,-0.003170454991694502,-0.0032500691526940956,-0.006106874643116848,-0.003158081224502999,-0.003170454991694502,-0.0031623017342427367,-0.003158752669234321,-0.003170454991694502,1.003169112102232,1.0031704549916944,1.0031962576535125,-0.1027407429894438,1.0031900228095787,0.9885508970152717,1.0031572179384198,1.0031704549916944,1.0031704549916944,1.0035168245523807,1.0011713721851976,1.0031934759539112,1.0031704549916944,1.0031508871738102,1.003147242188126,1.0031704549916944
-0.06345953642555319,-0.06345944116802542,-0.06353250369182789,0.9577869883416898,-0.06348944728927415,-0.054343772047715344,-0.0634703957837194,-0.06345944116802542,-0.06345944116802542,-0.0637339733630694,-0.06409376104547089,-0.06345801230510881,-0.06345944116802542,-0.06344972490019249,-0.06344000863235957,-0.06345944116802542,1.0634590601379144,1.0634594411680254,1.0636068045634914,-0.013688106455499227,1.0634258152607212,1.044317917249527,1.063313030347837,1.0634594411680254,1.0634594411680254,1.0638257063623155,1.061857114293343,1.0634948769683572,1.0634594411680254,1.0634456288264982,1.063445724084026,1.0634594411680254
-0.016776262362403777,-0.01677568195363736,-0.016905403312931475,1.0637076669894674,-0.016759043569000084,-0.0020133719190082405,-0.016751981929008685,-0.01677568195363736,-0.01677568195363736,-0.0170843626825766,-0.01628707450710897,-0.01676233255200978,-0.01677568195363736,-0.016781389306507126,-0.01676891051802917,-0.01677568195363736,1.016774617870899,1.0167756819536373,1.0168166007716697,0.09032604818189549,1.0167824533892456,1.0060286397650784,1.0167166737290516,1.0167756819536373,1.0167756819536373,1.0168375922220552,1.015720982490264,1.0168054762703134,1.0167756819536373,1.0167714256226836,1.0167515949898311,1.0167756819536373
0.014388225340746954,0.014387116398612919,0.0143337165696971,1.043143009573023,0.014402044465801846,0.02470914978220692,0.01443829834326067,0.014387116398612919,0.014387116398612919,0.014239797701268478,0.01569140295471976,0.01438293653980002,0.014387116398612919,0.014402300375525085,0.01441159842880276,0.014387116398612919,0.9856129689046281,0.9856128836013871,0.9855914724878762,0.0639630575005743,0.9856156986083427,0.9768665716870152,0.9854409975706118,0.9856128836013871,0.9856128836013871,0.9859829290611903,0.9849383055709298,0.9856059740388596,0.9856128836013871,0.985586098383688,0.9855958229531712,0.9856128836013871
0.019631426687463538,0.019630089487968082,0.019590069017354092,0.9883602523722387,0.019675649785063247,0.03677642553269626,0.01962168423399665,0.019630089487968082,0.019630089487968082,0.01920390490591647,0.019996959720971274,0.019633050429708022,0.019630089487968082,0.01963247734420997,0.019641837740678156,0.019630089487968082,0.980370770140279,0.9803699105120319,0.9803718207970255,0.017598308579511168,0.9803616962865598,0.969332379333793,0.9802957914542838,0.9803699105120319,0.9803699105120319,0.9806574084035549,0.9790933625651203,0.9803706746260293,0.9803699105120319,0.9803593084303179,0.9803488018628537,0.9803699105120319
-0.02332380295593945,-0.02332380295593945,-0.02337326555834391,0.9454175606350093,-0.023324708261474307,-0.011015927308049313,-0.023297549095428596,-0.02332380295593945,-0.02332380295593945,-0.023884598584531763,-0.021647341706390662,-0.023331292301727813,-0.02332380295593945,-0.023337382538962306,-0.02332388525644262,-0.02332380295593945,1.0233233091529204,1.0233238029559395,1.0232909650551751,-0.025576110908353877,1.0233349958243705,1.007010361818823,1.0232922818632257,1.0233238029559395,1.0233238029559395,1.023431287413078,1.023969944206318,1.0233487400083996,1.0233238029559395,1.0232997712090142,1.0233086596633565,1.0233238029559395
-0.01030393354796193,-0.010306419148517102,-0.010530524101797833,0.8553262644140861,-0.010345547312095275,-0.0030309059622057044,-0.010266970262286648,-0.010306419148517102,-0.010306419148517102,-0.010692809763851573,-0.007961776199023302,-0.010323577810414087,-0.010306419148517102,-0.010284209104846703,-0.010283487478879073,-0.010306419148517102,1.0103098669170292,1.0103064191485172,1.0102154942765957,-0.12221545914765986,1.0102837280208683,0.9985238707103763,1.0102508539490096,1.0103064191485172,1.0103064191485172,1.0104015134149182,1.0087387268241719,1.0103016083087328,1.0103064191485172,1.0103093056523875,1.0103114705302905,1.0103064191485172
0.001667492030810719,0.001671803902316948,0.0016663627311305162,1.0863090163800517,0.0017048615838647046,0.010465660512056645,0.0017400752011655757,0.001671803902316948,0.001671803902316948,0.0014137075935869482,0.0036181005693429373,0.0016714959114950746,0.001671803902316948,0.001697264476925158,0.0016839182079773061,0.001671803902316948,0.9983270667980029,0.9983281960976831,0.9984036538490421,0.10886764202219446,0.9983607404611944,0.9870264728890347,0.9982521223646803,0.9983281960976831,0.9983281960976831,0.9986817695611938,0.9973229140550879,0.9983355878774081,0.9983281960976831,0.9983123859021602,0.9983131045474113,0.9983281960976831
0.029418067717735585,0.02941901248995873,0.029256855221113147,0.8843921818177052,0.029415920508137523,0.0427128165534756,0.02953667957593249,0.02941901248995873,0.02941901248995873,0.029445036670287233,0.031178436034610128,0.02941471807076261,0.02941901248995873,0.029425540007136836,0.029422791578851318,0.02941901248995873,0.9705807298448895,0.9705809875100413,0.9705002524291542,-0.08986090135416913,0.9705593436372928,0.9599212942930421,0.9704545598089074,0.9705809875100413,0.9705809875100413,0.9709266023669452,0.9704695902760938,0.9705741164393275,0.9705809875100413,0.9705640674984085,0.9705492946963739,0.9705809875100413
-0.05475432487127584,-0.054752714831929165,-0.05482337766992227,1.0424211204902052,-0.054787151784622005,-0.04535223176645718,-0.054507273278191104,-0.054752714831929165,-0.054752714831929165,-0.05469260669631985,-0.05214820784878601,-0.05475101534595212,-0.054752714831929165,-0.05471881455901855,-0.05472919036814159,-0.054752714831929165,1.054751015345952,1.0547527148319291,1.0547689046720263,0.07030327986182094,1.0547053081178326,1.0377853151769605,1.0548904626427005,1.0547527148319291,1.0547527148319291,1.055385549741804,1.0553678393089907,1.0547533409583418,1.0547527148319291,1.054776507635608,1.0547236446770585,1.0547527148319291
0.020667949184031947,0.020668668043941695,0.02072105495986465,1.17553580341326,0.020667410039099634,0.03101611729984531,0.02092170673217332,0.020668668043941695,0.020668668043941695,0.02042865869157427,0.02069553543306856,0.02066714046663348,0.020668668043941695,0.020681787237294615,0.020689604838813134,0.020668668043941695,0.9793303435236824,0.9793313319560583,0.9793984555001312,0.20125407913671223,0.9793246825018931,0.965815597505425,0.9793290855188403,0.9793313319560583,0.9793313319560583,0.979465219614249,0.9774412695383509,0.9793489440238472,0.9793313319560583,0.9793085980114125,0.9793041051369765,0.9793313319560583
-0.031008743481876475,-0.03100830314539952,-0.031050663514482508,1.000486234964974,-0.030992274897638387,-0.0116186147864957,-0.030893287257619095,-0.03100830314539952,-0.03100830314539952,-0.030913190466377423,-0.02816557891747889,-0.031024155258569868,-0.03100830314539952,-0.03098725506180111,-0.030997118598884883,-0.03100830314539952,1.0310093599529442,1.0310083031453996,1.0310821916062325,0.0362387078859564,1.0310411522465803,1.0181096147932769,1.03102415525857,1.0310083031453996,1.0310083031453996,1.0313204136402647,1.0301660275322817,1.0309951811183864,1.0310083031453996,1.0310139394523046,1.0309984396083158,1.0310083031453996
-0.024213152650448273,-0.024213833570589278,-0.02426992436720456,1.1402374877889903,-0.02416353059517254,-0.014394965137298004,-0.02425613573434921,-0.024213833570589278,-0.024213833570589278,-0.024530376321138952,-0.023655479054965227,-0.024225579443021616,-0.024213833570589278,-0.024198427752399044,-0.024211280120060512,-0.024213833570589278,1.0242138335705893,1.0242138335705893,1.0241274418276993,0.15666735566406464,1.0242431131366525,1.019550041294811,1.0240689678105905,1.0242138335705893,1.0242138335705893,1.0244361539966274,1.0224848071025425,1.0241985128674167,1.0242138335705893,1.0242131526504483,1.0241953636117644,1.0242138335705893
-0.05286011750419367,-0.052859104268666426,-0.052828799315169796,0.894394064878754,-0.052841879264703295,-0.03406137454261123,-0.052698644606079384,-0.052859104268666426,-0.052859104268666426,-0.05316694364430701,-0.052004209820635236,-0.05288729063878792,-0.052859104268666426,-0.052828891427490456,-0.052836260413143134,-0.052859104268666426,1.0528591042686664,1.0528591042686664,1.0529289254077256,-0.07243815370413853,1.0529033181825824,1.03828868527459,1.0528402212429315,1.0528591042686664,1.0528591042686664,1.0531215322702223,1.0535357613762235,1.0528563408990466,1.0528591042686664,1.0528304573369416,1.0528371815363498,1.0528591042686664
-0.09823277203063253,-0.09823236260043981,-0.09828042970506576,1.0387320269628897,-0.09823752142086815,-0.08418383005557076,-0.09814548151354349,-0.09823236260043981,-0.09823236260043981,-0.09845533828339803,-0.09754165386531216,-0.0982192608342726,-0.09823236260043981,-0.09821655859500061,-0.09821631293688497,-0.09823236260043981,1.0982315437400543,1.0982323626004398,1.098289928485537,0.06443652054419624,1.0982587299048514,1.0889007115338822,1.098199198754829,1.0982323626004398,1.0982323626004398,1.0983544546839106,1.0962544872254223,1.0982637249532026,1.0982323626004398,1.0982357199280202,1.0982244196547009,1.0982323626004398
0.025960990699383436,0.02596158909257803,0.025919801301155558,1.0327360981807745,0.025981834728995123,0.0429584491240216,0.026001282507819422,0.02596158909257803,0.02596158909257803,0.025878911099524976,0.02926641497412091,0.025941742384957334,0.02596158909257803,0.02596158909257803,0.02597555160045189,0.02596158909257803,0.9740390093006166,0.9740384109074219,0.9740839885224102,0.06485744364072654,0.9740899724543561,0.9621598073337381,0.973835954543251,0.9740384109074219,0.9740384109074219,0.9742596169250235,0.9739721887272202,0.9740185641998013,0.9740384109074219,0.9740013105293571,0.9740318285822814,0.9740384109074219
0.03394600192294305,0.03394492070132564,0.03387297787832087,0.8278955190202589,0.03388354058181406,0.042732840494975326,0.03396904026048331,0.03394492070132564,0.03394492070132564,0.03368293238633717,0.036182883107582685,0.033960640000224945,0.03394492070132564,0.03394966144226352,0.0339360214157054,0.03394492070132564,0.9660566595456537,0.9660550792986744,0.9660739590915323,-0.13876153844548655,0.9660203970360235,0.9449485521051606,0.9659878772166075,0.9660550792986744,0.9660550792986744,0.9661485633831337,0.964463936932311,0.9660942527895822,0.9660550792986744,0.9660429363482019,0.966038195607264,0.9660550792986744
-0.057494993112365625,-0.0574932455172022,-0.05737732170469519,0.9537301434975644,-0.05749349517365412,-0.05147993699750102,-0.057488668482250385,-0.0574932455172022,-0.0574932455172022,-0.057789171631541694,-0.05704353102848156,-0.05751230262636523,-0.0574932455172022,-0.05749049929623111,-0.05748708732472157,-0.0574932455172022,1.057493162298385,1.0574932455172021,1.0575946060366808,-0.021659833250323723,1.0575074759349614,1.0403475061500498,1.0573746587025414,1.0574932455172021,1.0574932455172021,1.0576351336007086,1.0562135065446734,1.0574984883026926,1.0574932455172021,1.0574634531806066,1.0574680302155586,1.0574932455172021
-0.04549340605606633,-0.045494173028691166,-0.04548832486242684,0.8472415416268135,-0.0455546679944746,-0.040279813767209106,-0.04543204824607997,-0.045494173028691166,-0.045494173028691166,-0.04554651891033579,-0.04105551070564613,-0.04548084687933475,-0.045494173028691166,-0.045472218437305416,-0.045481517980381476,-0.045494173028691166,1.045494173028691,1.045494173028691,1.0456158340613046,-0.12834448660994968,1.0454730812815083,1.0298805278187229,1.045341353733194,1.045494173028691,1.045494173028691,1.0458154386869167,1.0460918364465897,1.0455129638579994,1.045494173028691,1.0454808468793348,1.0454783542183042,1.045494173028691
-0.013210409070957958,-0.013210495477565507,-0.01321714878634669,0.8426294117424755,-0.01320116356395034,0.000258912133422269,-0.013108708493874148,-0.013210495477565507,-0.013210495477565507,-0.013314701846268203,-0.011645844628089187,-0.01321118673042589,-0.013210495477565507,-0.013219395358142934,-0.013196411200535208,-0.013210495477565507,1.0132099770379202,1.0132104954775656,1.0133289589365135,-0.13715652954898516,1.0132236292819128,1.0074615182509774,1.0131827589565428,1.0132104954775656,1.0132104954775656,1.0135225097374208,1.0134023181463216,1.0132288136783656,1.0132104954775656,1.0131799075384935,1.0131901035181843,1.0132104954775656
-0.03012106961628329,-0.030120718544584268,-0.030145732403139586,0.8787507228610225,-0.03012923203328555,-0.009828159965638248,-0.02996150752907778,-0.030120718544584268,-0.030120718544584268,-0.03010097076151428,-0.027892729774665774,-0.030110976304936407,-0.030120718544584268,-0.030076395742582737,-0.03008183735391758,-0.030120718544584268,1.0301223861351547,1.0301207185445842,1.0301419583823752,-0.08740246359738135,1.0301495941918288,1.0200750651808435,1.030018819983943,1.0301207185445842,1.0301207185445842,1.0305576272740171,1.0286657896559122,1.03015459696354,1.0301207185445842,1.0301119417521087,1.0301216839917566,1.0301207185445842
0.023193614868919132,0.023193955087945337,0.02322542534786927,0.9765223688541598,0.023203226056409412,0.027622671206808336,0.023277308749365486,0.023193955087945337,0.023193955087945337,0.022902472437244466,0.024178293785512055,0.02317320172734685,0.023193955087945337,0.023211221203525225,0.023195060799780502,0.023193955087945337,0.9768052794192457,0.9768060449120547,0.9769321811160201,-0.002958748066369088,0.9768040035978974,0.9639626065633146,0.9767287301383496,0.9768060449120547,0.9768060449120547,0.9769406865916752,0.9742316075407638,0.9767960935055382,0.9768060449120547,0.9767704920238163,0.9768126791830657,0.9768060449120547
-0.03001108271709248,-0.03001082508475598,-0.02999313433098302,0.9745079602199986,-0.03000764761927249,-0.015250467384584888,-0.03001108271709248,-0.03001082508475598,-0.03001082508475598,-0.030513895160493878,-0.030155013315750163,-0.03001975633908796,-0.03001082508475598,-0.029990729762509025,-0.030009794555409985,-0.03001082508475598,1.030010309820083,1.030010825084756,1.030060805758037,-0.0019066439420405423,1.0300635538362928,1.0247316808775462,1.0298951481656677,1.030010825084756,1.030010825084756,1.0296408650495428,1.0262274942232619,1.0300243937211448,1.030010825084756,1.0300129720208935,1.030003096114661,1.030010825084756
0.004862607252124661,0.004862435209454294,0.004796112760027742,0.9497775549472819,0.0048824781805520715,0.011597647690324224,0.004966779089031995,0.004862435209454294,0.004862435209454294,0.004324027672540173,0.006367292447156103,0.004840671811652844,0.004862435209454294,0.004897359871538834,0.0048779190497873414,0.004862435209454294,0.9951373927478754,0.9951375647905457,0.9952321022379125,-0.030342384797511057,0.9951324035104346,0.9850704019126744,0.9949756726377302,0.9951375647905457,0.9951375647905457,0.9950216940520534,0.9932878480200928,0.9951294787850384,0.9951375647905457,0.9951558873349398,0.995140059409266,0.9951375647905457
0.04215185742642032,0.04215232557214659,0.04225934368517289,0.9530665345907867,0.0421805079448683,0.05173817109248354,0.0424034389397201,0.04215232557214659,0.04215232557214659,0.0418764941102258,0.04412153375514663,0.04216711897709686,0.04215232557214659,0.042185376660421554,0.04216927244743772,0.04215232557214659,0.9578476744278535,0.9578476744278535,0.9579674261046344,-0.026489948524769824,0.9578440228911884,0.949421144984062,0.9578721116347649,0.9578476744278535,0.9578476744278535,0.9580900802849183,0.9571770088603929,0.9578672429192117,0.9578476744278535,0.9578357835264061,0.9578388732881995,0.9578476744278535
0.009781366123996361,0.009781983178918393,0.00958637676863452,1.1591236428750682,0.00981151366447274,0.02678925093994078,0.009861935866673,0.009781983178918393,0.009781983178918393,0.009478304006575924,0.01274754913420007,0.009779338657823974,0.009781983178918393,0.009799525168844707,0.00979679249704714,0.009781983178918393,0.9902184575745974,0.9902180168210816,0.9901856655130266,0.19437019702156977,0.9902656182007812,0.974436220135213,0.9902121988746739,0.9902180168210816,0.9902180168210816,0.9904078052849578,0.9901991525706081,0.9902398781954621,0.9902180168210816,0.9901762333877898,0.9902063809282662,0.9902180168210816
-0.07344425243441104,-0.0734440606291195,-0.07365025131752882,1.1307210679988655,-0.07346228213181613,-0.04956152065521844,-0.07332945696742221,-0.0734440606291195,-0.0734440606291195,-0.07353718209816389,-0.07206325433529738,-0.07343533348835427,-0.0734440606291195,-0.07347311913078834,-0.07343696383333238,-0.0734440606291195,1.0734427179920787,1.0734440606291196,1.0734814626609706,0.17445361819089444,1.0734303465507742,1.055252863168545,1.0733635024066712,1.0734440606291196,1.0734440606291196,1.0738264244778115,1.0726537269253142,1.0734593091497973,1.0734440606291196,1.0734192218438645,1.073424112878799,1.0734440606291196
-0.044214710552996764,-0.04421213525927736,-0.04414937439752304,1.0671928772733419,-0.04422167338416404,-0.02944931170342816,-0.04421366135925923,-0.04421213525927736,-0.04421213525927736,-0.04445192371892837,-0.04129108451273309,-0.044237315908978184,-0.04421213525927736,-0.04419038833453574,-0.044195825065721145,-0.04421213525927736,1.0442094645843092,1.0442121352592775,1.0442845296271672,0.10119527786349636,1.0442728931148055,1.0279908370270066,1.0440596206423394,1.0442121352592775,1.0442121352592775,1.0442680286711132,1.0439473569124234,1.044205267809359,1.0442121352592775,1.0441983049781918,1.0441882899470607,1.0442121352592775
0.0006572052293076972,0.0006587187787806436,0.0006879213803763165,1.0502165130421788,0.0006770594370998772,0.013165445170703062,0.0007649343388527099,0.0006587187787806436,0.0006587187787806436,0.00035209146202607827,0.0015954278378906266,0.0006711833038519674,0.0006587187787806436,0.0006759020169146828,0.0006789291158605758,0.0006587187787806436,0.999340301865678,0.9993412812212193,0.9994637896962061,0.07019560689219362,0.9993587315563192,0.9918232138921285,0.9993537457462907,0.9993412812212193,0.9993412812212193,0.9993442192878433,1.0000569230249572,0.9993711070490686,0.9993412812212193,0.9993250773386266,0.9993366515404786,0.9993412812212193
0.03129460079703559,0.031296024305248804,0.031379252085448124,0.9141331369105374,0.03125180065009158,0.0560495984259454,0.031448909087348126,0.031296024305248804,0.031296024305248804,0.030882827321226162,0.030988356730099195,0.03125445786542291,0.031296024305248804,0.03134470828614077,0.03135211052884949,0.031296024305248804,0.9687032164903708,0.9687039756947512,0.9687489585542888,-0.053607143033710614,0.9687011286783248,0.9620138666948292,0.9687119473407452,0.9687039756947512,0.9687039756947512,0.968999021497077,0.9670584002002742,0.9687199189867393,0.9687039756947512,0.9686995153690164,0.9687122320423879,0.9687039756947512
-0.04353781400328592,-0.04353850123844267,-0.04362087128080188,0.7847103391504068,-0.043560198234105826,-0.03293917523941383,-0.04354017023810906,-0.04353850123844267,-0.04353850123844267,-0.0440253582587756,-0.04262163136288525,-0.04354105382616775,-0.04353850123844267,-0.04353035259301262,-0.04352564012336632,-0.04353850123844267,1.0435385994148936,1.0435385012384426,1.043460058254122,-0.18096698888687168,1.043526720064327,1.0214033440746346,1.043274504761799,1.0435385012384426,1.0435385012384426,1.0435385012384426,1.0426717013528772,1.0435555839409105,1.0435385012384426,1.0435223021240336,1.0435138589492505,1.0435385012384426
-0.06597568664654217,-0.06597399071214634,-0.0660184241933171,1.092244308097757,-0.06598128323004841,-0.0562174497263726,-0.06598196160380675,-0.06597399071214634,-0.06597399071214634,-0.06664413918865879,-0.06600985972461816,-0.0660053654984692,-0.06597399071214634,-0.06594948446012659,-0.06596101681401824,-0.06597399071214634,1.0659738211187069,1.0659739907121464,1.066032246058643,0.11539402778696817,1.0659630519352932,1.0540344429720594,1.0657845548401321,1.0659739907121464,1.0659739907121464,1.0659016591101642,1.0640139145341652,1.065952961125638,1.0659739907121464,1.065968902908959,1.0659618647812161,1.0659739907121464
0.0008119923430497351,0.0008135420069643345,0.0007641158842144771,1.085207667867242,0.0008750391959963354,0.011978544266619005,0.0009574160672460977,0.0008135420069643345,0.0008135420069643345,0.00040810099014991014,0.002225612078199122,0.0007944566724371619,0.0008135420069643345,0.0008198222238813956,0.0008066092999779684,0.0008135420069643345,0.9991849083291211,0.9991864579930356,0.9991657414333353,0.11123490733815178,0.9992163094137063,0.9867829480205813,0.9991041626830446,0.9991864579930356,0.9991864579930356,0.9994184182126736,0.9977438024498022,0.9992044014699416,0.9991864579930356,0.9991588087263489,0.9991650889432659,0.9991864579930356
-0.024410795524194825,-0.024410239342058895,-0.02450061893914758,1.0160241092430555,-0.024289177030471388,-0.009845497748450616,-0.024397725244000464,-0.024410239342058895,-0.024410239342058895,-0.025023615540967426,-0.026031788359363855,-0.02442664671506884,-0.024410239342058895,-0.024384747660828755,-0.02439197802859585,-0.024410239342058895,1.0244087561896964,1.0244102393420589,1.0244543631248426,0.04119757744786756,1.0245452062070446,1.0140792488641752,1.024422289955004,1.0244102393420589,1.0244102393420589,1.0243788150513788,1.021851894213802,1.024409683159923,1.0244102393420589,1.0243923488166864,1.0243862308131912,1.0244102393420589
-0.006740200039425843,-0.006740386328060709,-0.006914007335755547,1.1345571214653243,-0.006737126276950558,0.0075900531976186205,-0.006678911078555025,-0.006740386328060709,-0.006740386328060709,-0.007164844982602221,-0.0047413229873168134,-0.00675249508932698,-0.006740386328060709,-0.006689622675059803,-0.0067152373623538385,-0.006740386328060709,1.0067393617405689,1.0067403863280606,1.0066344812391395,0.16400562445895972,1.0067714965300834,0.9917255223578848,1.006625539384666,1.0067403863280606,1.0067403863280606,1.006937759136701,1.0081556210871354,1.0067422492144094,1.0067403863280606,1.0067424355030443,1.0067409451939653,1.0067403863280606
-0.11744277720600475,-0.1174448391331388,-0.11748264113059635,1.177994266414653,-0.11750276946690491,-0.10626840857054788,-0.11743482405848771,-0.1174448391331388,-0.1174448391331388,-0.11755097928703909,-0.11549828173159116,-0.11746084361517928,-0.1174448391331388,-0.1173885779784812,-0.11743403856243664,-0.1174448391331388,1.1174480793043495,1.1174448391331389,1.1174191141374663,0.2179075257633185,1.1174003604192473,1.0925977334848036,1.1171561693343721,1.1174448391331389,1.1174448391331389,1.1176042948315053,1.1155959778029425,1.1174568179479176,1.1174448391331389,1.1174314857002707,1.11740978637186,1.1174448391331389
-0.0030477424920442946,-0.0030443668716630093,-0.0031586938040502215,1.040617772614301,-0.0031036178925660943,0.012070861706694467,-0.0029340373844641615,-0.0030443668716630093,-0.0030443668716630093,-0.003198490591703268,-0.001597380545590517,-0.0030683515427931936,-0.0030443668716630093,-0.0030521840978091435,-0.0030450775285853853,-0.0030443668716630093,1.0030429455578183,1.003044366871663,1.0030641764333743,0.06319658958443586,1.0030286435872555,0.9954342083862862,1.0030622221268377,1.003044366871663,1.003044366871663,1.0035017634333272,1.0039650229146009,1.003050673951849,1.003044366871663,1.0030095446824665,1.003011765485349,1.003044366871663
-0.09429595572270089,-0.09429647200286444,-0.09431540227552834,0.811124357853824,-0.09426368821247831,-0.08548382775095999,-0.09414253446742933,-0.09429647200286444,-0.09429647200286444,-0.09433157905398659,-0.09299183202954579,-0.09433811860272502,-0.09429647200286444,-0.09426472077280544,-0.09428588825951144,-0.09429647200286444,1.0942971603764158,1.0942964720028645,1.094367632618742,-0.16079075912380425,1.0943197906569186,1.0788386997190724,1.094345088384933,1.0942964720028645,1.0942964720028645,1.0947283403596832,1.0914130472893762,1.0942701417145229,1.0942964720028645,1.0942746161426071,1.0942748742826889,1.0942964720028645
0.063667230544496,0.06366698383973154,0.06360695234704601,0.9896417390345937,0.06370168697659907,0.0808879632181737,0.06371278869099982,0.06366698383973154,0.06366698383973154,0.0635353257304308,0.06458456109368384,0.06366994429690508,0.06366698383973154,0.06371525573864442,0.06367265804931414,0.06366698383973154,0.9363334273348759,0.9363330161602684,0.936367883766979,0.018328305086086294,0.936358426751008,0.9261019228733025,0.9362346631941699,0.9363330161602684,0.9363330161602684,0.9365140974573829,0.935815922973958,0.9363513545477601,0.9363330161602684,0.9363419797667105,0.9363100726171736,0.9363330161602684
-0.04694103348762794,-0.04694015420921305,-0.04695334338543644,1.031788940287014,-0.04692678917730667,-0.032535639360750525,-0.04675093349432804,-0.04694015420921305,-0.04694015420921305,-0.04718072478352781,-0.04460698893529408,-0.04691210522777795,-0.04694015420921305,-0.046958443200242825,-0.04693698880691943,-0.04694015420921305,1.0469380439410174,1.0469401542092132,1.046990448934545,0.06139452414379998,1.0469754132736502,1.033522805237151,1.0469705772423683,1.0469401542092132,1.0469401542092132,1.0472022671046928,1.0470953468494417,1.0469798975935662,1.0469401542092132,1.0469055985675078,1.046914830990864,1.0469401542092132
-0.005665543829703811,-0.005663925453727919,-0.005841137623088088,0.7768516080335729,-0.0056619474386462735,0.004070426221709296,-0.005623286234777744,-0.005663925453727919,-0.005663925453727919,-0.0058084104644644955,-0.005368302108798323,-0.005674714626900532,-0.005663925453727919,-0.005647112325533931,-0.0056604189724468205,-0.005663925453727919,1.0056634759048457,1.0056639254537278,1.0056183411970736,-0.19917598973977446,1.0056459434984402,0.9937731777001911,1.0055600796619415,1.0056639254537278,1.0056639254537278,1.0059070414892175,1.0033157518224851,1.0056451343104522,1.0056639254537278,1.005643246205147,1.0056556537542956,1.0056639254537278
0.04258503451152328,0.04258503451152328,0.04254303539497082,1.0755873711112438,0.04260297253255596,0.057027469935941176,0.04264954239485232,0.04258503451152328,0.04258503451152328,0.042218943649582404,0.04460737390198588,0.04256787265486221,0.04258503451152328,0.04259434848398256,0.04258572443540916,0.04258503451152328,0.9574157416528484,0.9574149654884767,0.9573710690812381,0.10816799153776036,0.9574481680754843,0.9426293791713232,0.9572534370586969,0.9574149654884767,0.9574149654884767,0.9574350595216528,0.955938010929796,0.9574241932204502,0.9574149654884767,0.9574040991872742,0.9573825390658407,0.9574149654884767
-0.014556126810459943,-0.01455733353526144,-0.014694382994859905,0.9568141548847919,-0.014550437964967177,0.0027254652663918776,-0.014525269133393118,-0.01455733353526144,-0.01455733353526144,-0.014839793333440163,-0.0131157283706172,-0.014574572460997096,-0.01455733353526144,-0.014528544529282893,-0.014541387528955957,-0.01455733353526144,1.0145577645084047,1.0145573335352613,1.0145080302076575,-0.01843366059135043,1.0145814680312915,1.0087502290119483,1.0145275963883675,1.0145573335352613,1.0145573335352613,1.0148559979236316,1.0137469316364283,1.014569228394019,1.0145573335352613,1.0145516446897687,1.0145439733678163,1.0145573335352613
-0.017863285682876266,-0.017864762452369162,-0.01787860716636506,0.8593734201612544,-0.01786642381804867,-0.005854103868554186,-0.017942662043119416,-0.017864762452369162,-0.017864762452369162,-0.018187713480846815,-0.017733791457967964,-0.017890698216588143,-0.017864762452369162,-0.017832181225432148,-0.017848979478413837,-0.017864762452369162,1.0178666084142354,1.0178647624523691,1.0179666595473789,-0.11634294148488289,1.0178701157417809,1.0065921194226288,1.017678320303891,1.0178647624523691,1.0178647624523691,1.0176360477771569,1.0169198145731024,1.0178504562479067,1.0178647624523691,1.017868638972288,1.0178644855580892,1.0178647624523691
0.014698726610169313,0.014699475325062591,0.014811699368510683,0.954264124235595,0.014720938485336578,0.01791978127159753,0.01486111455146707,0.014699475325062591,0.014699475325062591,0.014605969153946465,0.014661457246592778,0.014712536240423119,0.014699475325062591,0.014718193197394557,0.014721520819142462,0.014699475325062591,0.9853007742465685,0.9853005246749375,0.9855728905150034,-0.021739641466561155,0.9853241507893475,0.9665312405869674,0.9853001919127626,0.9853005246749375,0.9853005246749375,0.9855764677083825,0.9829634527308401,0.985321821454124,0.9853005246749375,0.9852650023127785,0.9852883788555575,0.9853005246749375
-0.05134263968553144,-0.051343008428312145,-0.05132374161802017,0.968781036643118,-0.05138191079167682,-0.037049708576823305,-0.051150524696782704,-0.051343008428312145,-0.051343008428312145,-0.05150875830824028,-0.050818564008450556,-0.05132199008981181,-0.051343008428312145,-0.051321160418555216,-0.05132576970331406,-0.051343008428312145,1.0513428240569218,1.0513430084283122,1.051490966469071,-0.004633897211332227,1.0513183948476998,1.0395012027686636,1.0513324070733667,1.0513430084283122,1.0513430084283122,1.0518756573750445,1.0508772862962783,1.0513459583705578,1.0513430084283122,1.0513341586015752,1.0513110199920856,1.0513430084283122
-0.03667942062775735,-0.03667859270870796,-0.03664023245941969,0.9170488276390402,-0.03675384135119669,-0.023886323485623518,-0.03650261391521047,-0.03667859270870796,-0.03667859270870796,-0.03710073943288986,-0.035846718046084976,-0.03669947466695361,-0.03667859270870796,-0.03665752676845133,-0.036659274597555594,-0.03667859270870796,1.0366779487716695,1.0366785927087079,1.0367601887305753,-0.06016309849809254,1.0366143829868777,1.0282914047743954,1.0367158490659303,1.0366785927087079,1.0366785927087079,1.0370183154919732,1.0352388414818239,1.0366946911346682,1.0366785927087079,1.0366665418869891,1.0366797885917793,1.0366785927087079
0.0066779471573830615,0.006678890475563247,0.006609839584773739,0.9718123412268549,0.006720868134581458,0.01847980090967167,0.006891986052466931,0.006678890475563247,0.006678890475563247,0.006291186703507406,0.007939069232471755,0.0066469119892549906,0.006678890475563247,0.006731904957289617,0.006716245875498554,0.006678890475563247,0.9933186568971683,0.9933211095244368,0.9933766709652496,0.0074210750272909465,0.9933774256197938,0.9715065936122156,0.9934518534242103,0.9933211095244368,0.9933211095244368,0.9937388108146225,0.9917495414362494,0.9933412965334927,0.9933211095244368,0.9933444094834873,0.9933134686471773,0.9933211095244368
-0.06339393492832256,-0.06339402274920028,-0.06332359040526281,0.8836197775991675,-0.06338234257246252,-0.04687201755968897,-0.06337277009679022,-0.06339402274920028,-0.06339402274920028,-0.06377340894098316,-0.06419169978159933,-0.0633810252592966,-0.06339402274920028,-0.06340350740399485,-0.06336802776939293,-0.06339402274920028,1.0633934080030563,1.0633940227492003,1.0634320491892564,-0.08504855302309222,1.06340640549296,1.0481607011194627,1.063326049389839,1.0633940227492003,1.0633940227492003,1.0636428192958023,1.0625407551011996,1.0634265164739594,1.0633940227492003,1.063357050159677,1.063401838807318,1.0633940227492003
-0.01226565489057998,-0.012266174636642448,-0.012271891843329606,1.1937982397451123,-0.01223100515308206,-0.0014952171110702926,-0.012175565573085387,-0.012266174636642448,-0.012266174636642448,-0.012322393835732824,-0.009836448418944557,-0.012280727526391574,-0.012266174636642448,-0.012242352942112629,-0.012273797578891991,-0.012266174636642448,1.012266607758361,1.0122661746366424,1.0123344346195133,0.2184255292991415,1.0122895632094535,0.9995769210188417,1.012180156663304,1.0122661746366424,1.0122661746366424,1.0126637803744312,1.013233075561522,1.0122563860857994,1.0122661746366424,1.0122594179378304,1.0122394077144252,1.0122661746366424
-0.042836788733985005,-0.04283716013806233,-0.04289417066393244,0.8725935743478554,-0.0428748576519113,-0.02057204280826452,-0.042917104865707545,-0.04283716013806233,-0.04283716013806233,-0.04333326313435544,-0.044859176786064395,-0.042835953074811015,-0.04283716013806233,-0.04282778218510976,-0.04280466228129599,-0.04283716013806233,1.0428378100951976,1.0428371601380624,1.0428605585949342,-0.09974913629568793,1.0427973270507687,1.0366790948338978,1.042573091839081,1.0428371601380624,1.0428371601380624,1.043103549712527,1.040984039494226,1.0428497878766916,1.0428371601380624,1.0428156187015771,1.0428276893340904,1.0428371601380624
-0.031420519039930386,-0.031419694815581135,-0.031346421270932616,1.0528821364708048,-0.031438651975613935,-0.019828545369612382,-0.031347657607456496,-0.031419694815581135,-0.031419694815581135,-0.031407166605472506,-0.029205251256445224,-0.03141013381312981,-0.031419694815581135,-0.03139587473188775,-0.03141870574636203,-0.031419694815581135,1.0314196948155812,1.0314196948155812,1.0315142333484404,0.07397753001999985,1.0314592575843453,1.0259382732033142,1.0313783187532486,1.0314196948155812,1.0314196948155812,1.0316199813324494,1.0295004884183474,1.0314134307105267,1.0314196948155812,1.0314196948155812,1.0314145022021808,1.0314196948155812
0.0130661819153635,0.013064219666966961,0.013078516048141748,1.0700808975636122,0.01300572597667012,0.029042995240786792,0.013047306954596789,0.013064219666966961,0.013064219666966961,0.012813519074209096,0.015965263760650678,0.013078235726942243,0.013064219666966961,0.013062163978170586,0.01308197334293565,0.013064219666966961,0.9869373688198302,0.9869357803330331,0.9869981985201229,0.09003446021640815,0.9868117849224517,0.9845653842700135,0.9868474791551888,0.9869357803330331,0.9869357803330331,0.9872374993841009,0.9878003843527082,0.9869701664001724,0.9869357803330331,0.9869118595906752,0.9869235396406546,0.9869357803330331
-0.05533043379888926,-0.05533024716621213,-0.05539780819533085,0.9054763307398196,-0.055354602730576755,-0.04739369257153492,-0.055253447819575814,-0.05533024716621213,-0.05533024716621213,-0.05559806505788437,-0.055020530238525676,-0.05535021686266435,-0.05533024716621213,-0.055283962262285505,-0.05532772762507097,-0.05533024716621213,1.0553299672171965,1.055330247166212,1.0552807895067744,-0.06605919205578337,1.0553274476760552,1.0376506269786407,1.0552658588926045,1.055330247166212,1.055330247166212,1.055581734698636,1.0524741139918525,1.0553023455809822,1.055330247166212,1.0553204489506631,1.0552973064987,1.055330247166212
-0.002415157575804615,-0.0024166479834478727,-0.002448598597300206,0.9212040589206233,-0.0024385383457082178,0.00917201664670095,-0.002147163651451373,-0.0024166479834478727,-0.0024166479834478727,-0.0024891190551012696,-1.1629461159558288e-06,-0.0024406808066954003,-0.0024166479834478727,-0.0023969932326524143,-0.0023860946267610936,-0.0024166479834478727,1.002417858939658,1.002416647983448,1.0022917331928474,-0.04774749247331367,1.0023693275407743,0.9875165770214139,1.0022705880344087,1.002416647983448,1.002416647983448,1.002633129693631,1.0005379891491217,1.0024300616522372,1.002416647983448,1.0024110589547857,1.0024165548329702,1.002416647983448
-0.011664668470473146,-0.011665809805100695,-0.01168257864462852,0.8695080862214218,-0.011684685723940916,-0.002032067598879789,-0.01156993769638664,-0.011665809805100695,-0.011665809805100695,-0.01170909272597618,-0.008688945711540753,-0.011676696381548078,-0.011665809805100695,-0.011683632184284717,-0.011648338605802071,-0.011665809805100695,1.0116665121648716,1.0116658098051008,1.0116162934412594,-0.10894218090689378,1.011660893286705,1.0035344151486187,1.0115673038472461,1.0116658098051008,1.0116658098051008,1.0121470140430693,1.0105672313285998,1.011670638528525,1.0116658098051008,1.0116493921454583,1.0116461437315183,1.0116658098051008
0.024199228415981554,0.024199140056932793,0.02407649769725138,1.0423916496836512,0.02424066880985085,0.03877149109683044,0.024227945106829147,0.024199140056932793,0.024199140056932793,0.024090281708858224,0.027603525846677135,0.02419242476922689,0.024199140056932793,0.02419896333883527,0.02420240934173698,0.024199140056932793,0.9758012133792623,0.9758008599430672,0.9757902568572158,0.06786471526042637,0.9758835640127083,0.967926831671706,0.975731586448838,0.9758008599430672,0.9758008599430672,0.9762849791712332,0.9755457673692918,0.9758042175869202,0.9758008599430672,0.9757941446553613,0.9757853087504851,0.9758008599430672
0.011250144187756614,0.01124953631426655,0.011126745869273631,0.7913557300761993,0.011248233728216414,0.02055772938947596,0.011214800686262896,0.01124953631426655,0.01124953631426655,0.010885159576508211,0.01152038737362505,0.011240331372845582,0.01124953631426655,0.01127272234595899,0.011262214818487885,0.01124953631426655,0.9887519399499236,0.9887504636857335,0.9888263610329214,-0.1845411556319303,0.9887323143201016,0.9762548425458386,0.988518342851599,0.9887504636857335,0.9887504636857335,0.9887408245489624,0.9864402839062804,0.9887325748373116,0.9887504636857335,0.9887502900075934,0.9887373509861621,0.9887504636857335
-0.028647926147857244,-0.028647926147857244,-0.028657388318879155,0.9503729596610996,-0.028629577764049535,-0.017388600869766093,-0.02861970419428754,-0.028647926147857244,-0.028647926147857244,-0.028980254050096396,-0.02726159467352511,-0.02866635681141297,-0.028647926147857244,-0.028648831225085426,-0.028640109571795663,-0.028647926147857244,1.028647267909873,1.0286479261478572,1.0288627585699286,-0.022620502561554456,1.0286638061392244,1.0148055927402801,1.02851298736111,1.0286479261478572,1.0286479261478572,1.0289215063100126,1.0274673763233146,1.0286386285363314,1.0286479261478572,1.028647267909873,1.0286446349579366,1.0286479261478572
0.02324410823830622,0.02324410823830622,0.023344131318398256,0.9784935952461027,0.023187272693730564,0.037995829920627125,0.023671122658736506,0.02324410823830622,0.02324410823830622,0.023284865306455873,0.02694589699685247,0.023250090927208922,0.02324410823830622,0.023255232300484683,0.023258036685907823,0.02324410823830622,0.9767563591592643,0.9767558917616938,0.976887323958525,-0.0015600392694945509,0.9767834682183547,0.9736935963591378,0.9769863187639619,0.9767558917616938,0.9767558917616938,0.9773036817143473,0.9779679471415753,0.9767652397131042,0.9767558917616938,0.9767300914158009,0.9767335501578227,0.9767558917616938
