Pd_C103,Pd_C301,HX100,T_E110,L_R100,D_R100,F_S220,T_E120,P_V100,Pd_P150,HX150,HX220,T_E220,Rr_D200,Pc_D200,F_S220.1,Y
0.005859375,0.498046875,0.677734375,0.294921875,0.779296875,0.107421875,0.365234375,0.357421875,0.287109375,0.408203125,0.455078125,0.998046875,0.236328125,0.322265625,0.513671875,0.126953125,0.96514094
0.908203125,0.498046875,0.677734375,0.294921875,0.779296875,0.107421875,0.365234375,0.357421875,0.287109375,0.408203125,0.455078125,0.998046875,0.236328125,0.322265625,0.513671875,0.126953125,0.96514094
0.005859375,0.173828125,0.677734375,0.294921875,0.779296875,0.107421875,0.365234375,0.357421875,0.287109375,0.408203125,0.455078125,0.998046875,0.236328125,0.322265625,0.513671875,0.126953125,0.9251914
0.005859375,0.498046875,0.361328125,0.294921875,0.779296875,0.107421875,0.365234375,0.357421875,0.287109375,0.408203125,0.455078125,0.998046875,0.236328125,0.322265625,0.513671875,0.126953125,0.9866643
0.005859375,0.498046875,0.677734375,0.376953125,0.779296875,0.107421875,0.365234375,0.357421875,0.287109375,0.408203125,0.455078125,0.998046875,0.236328125,0.322265625,0.513671875,0.126953125,0.97037613
0.005859375,0.498046875,0.677734375,0.294921875,0.970703125,0.107421875,0.365234375,0.357421875,0.287109375,0.408203125,0.455078125,0.998046875,0.236328125,0.322265625,0.513671875,0.126953125,0.9689677
0.005859375,0.498046875,0.677734375,0.294921875,0.779296875,0.724609375,0.365234375,0.357421875,0.287109375,0.408203125,0.455078125,0.998046875,0.236328125,0.322265625,0.513671875,0.126953125,0.96514094
0.005859375,0.498046875,0.677734375,0.294921875,0.779296875,0.107421875,0.173828125,0.357421875,0.287109375,0.408203125,0.455078125,0.998046875,0.236328125,0.322265625,0.513671875,0.126953125,0.9782566
0.005859375,0.498046875,0.677734375,0.294921875,0.779296875,0.107421875,0.365234375,0.923828125,0.287109375,0.408203125,0.455078125,0.998046875,0.236328125,0.322265625,0.513671875,0.126953125,0.96511674
0.005859375,0.498046875,0.677734375,0.294921875,0.779296875,0.107421875,0.365234375,0.357421875,0.103515625,0.408203125,0.455078125,0.998046875,0.236328125,0.322265625,0.513671875,0.126953125,0.92453945
0.005859375,0.498046875,0.677734375,0.294921875,0.779296875,0.107421875,0.365234375,0.357421875,0.287109375,0.841796875,0.455078125,0.998046875,0.236328125,0.322265625,0.513671875,0.126953125,0.9665352
0.005859375,0.498046875,0.677734375,0.294921875,0.779296875,0.107421875,0.365234375,0.357421875,0.287109375,0.408203125,0.978515625,0.998046875,0.236328125,0.322265625,0.513671875,0.126953125,0.57816374
0.005859375,0.498046875,0.677734375,0.294921875,0.779296875,0.107421875,0.365234375,0.357421875,0.287109375,0.408203125,0.455078125,0.513671875,0.236328125,0.322265625,0.513671875,0.126953125,0.96264744
0.005859375,0.498046875,0.677734375,0.294921875,0.779296875,0.107421875,0.365234375,0.357421875,0.287109375,0.408203125,0.455078125,0.998046875,0.755859375,0.322265625,0.513671875,0.126953125,0.9651295
0.005859375,0.498046875,0.677734375,0.294921875,0.779296875,0.107421875,0.365234375,0.357421875,0.287109375,0.408203125,0.455078125,0.998046875,0.236328125,0.908203125,0.513671875,0.126953125,1.1185098
0.005859375,0.498046875,0.677734375,0.294921875,0.779296875,0.107421875,0.365234375,0.357421875,0.287109375,0.408203125,0.455078125,0.998046875,0.236328125,0.322265625,0.396484375,0.126953125,0.96915525
0.005859375,0.498046875,0.677734375,0.294921875,0.779296875,0.107421875,0.365234375,0.357421875,0.287109375,0.408203125,0.455078125,0.998046875,0.236328125,0.322265625,0.513671875,0.115234375,0.96514094
0.908203125,0.173828125,0.361328125,0.376953125,0.970703125,0.724609375,0.173828125,0.923828125,0.103515625,0.841796875,0.978515625,0.513671875,0.755859375,0.908203125,0.396484375,0.115234375,0.69756246
0.505859375,0.998046875,0.177734375,0.794921875,0.279296875,0.607421875,0.865234375,0.857421875,0.787109375,0.908203125,0.955078125,0.498046875,0.736328125,0.822265625,0.013671875,0.626953125,0.84708107
0.408203125,0.998046875,0.177734375,0.794921875,0.279296875,0.607421875,0.865234375,0.857421875,0.787109375,0.908203125,0.955078125,0.498046875,0.736328125,0.822265625,0.013671875,0.626953125,0.84708107
0.505859375,0.673828125,0.177734375,0.794921875,0.279296875,0.607421875,0.865234375,0.857421875,0.787109375,0.908203125,0.955078125,0.498046875,0.736328125,0.822265625,0.013671875,0.626953125,0.7718054
0.505859375,0.998046875,0.861328125,0.794921875,0.279296875,0.607421875,0.865234375,0.857421875,0.787109375,0.908203125,0.955078125,0.498046875,0.736328125,0.822265625,0.013671875,0.626953125,0.79996586
0.505859375,0.998046875,0.177734375,0.876953125,0.279296875,0.607421875,0.865234375,0.857421875,0.787109375,0.908203125,0.955078125,0.498046875,0.736328125,0.822265625,0.013671875,0.626953125,0.8653252
0.505859375,0.998046875,0.177734375,0.794921875,0.470703125,0.607421875,0.865234375,0.857421875,0.787109375,0.908203125,0.955078125,0.498046875,0.736328125,0.822265625,0.013671875,0.626953125,0.8493829
0.505859375,0.998046875,0.177734375,0.794921875,0.279296875,0.224609375,0.865234375,0.857421875,0.787109375,0.908203125,0.955078125,0.498046875,0.736328125,0.822265625,0.013671875,0.626953125,0.84708107
0.505859375,0.998046875,0.177734375,0.794921875,0.279296875,0.607421875,0.673828125,0.857421875,0.787109375,0.908203125,0.955078125,0.498046875,0.736328125,0.822265625,0.013671875,0.626953125,0.8824986
0.505859375,0.998046875,0.177734375,0.794921875,0.279296875,0.607421875,0.865234375,0.423828125,0.787109375,0.908203125,0.955078125,0.498046875,0.736328125,0.822265625,0.013671875,0.626953125,0.8472142
0.505859375,0.998046875,0.177734375,0.794921875,0.279296875,0.607421875,0.865234375,0.857421875,0.603515625,0.908203125,0.955078125,0.498046875,0.736328125,0.822265625,0.013671875,0.626953125,0.86296403
0.505859375,0.998046875,0.177734375,0.794921875,0.279296875,0.607421875,0.865234375,0.857421875,0.787109375,0.341796875,0.955078125,0.498046875,0.736328125,0.822265625,0.013671875,0.626953125,0.8418187
0.505859375,0.998046875,0.177734375,0.794921875,0.279296875,0.607421875,0.865234375,0.857421875,0.787109375,0.908203125,0.478515625,0.498046875,0.736328125,0.822265625,0.013671875,0.626953125,1.2080874
0.505859375,0.998046875,0.177734375,0.794921875,0.279296875,0.607421875,0.865234375,0.857421875,0.787109375,0.908203125,0.955078125,0.013671875,0.736328125,0.822265625,0.013671875,0.626953125,0.8290217
0.505859375,0.998046875,0.177734375,0.794921875,0.279296875,0.607421875,0.865234375,0.857421875,0.787109375,0.908203125,0.955078125,0.498046875,0.255859375,0.822265625,0.013671875,0.626953125,0.84709585
0.505859375,0.998046875,0.177734375,0.794921875,0.279296875,0.607421875,0.865234375,0.857421875,0.787109375,0.908203125,0.955078125,0.498046875,0.736328125,0.408203125,0.013671875,0.626953125,0.7393323
0.505859375,0.998046875,0.177734375,0.794921875,0.279296875,0.607421875,0.865234375,0.857421875,0.787109375,0.908203125,0.955078125,0.498046875,0.736328125,0.822265625,0.896484375,0.626953125,0.815929
0.505859375,0.998046875,0.177734375,0.794921875,0.279296875,0.607421875,0.865234375,0.857421875,0.787109375,0.908203125,0.955078125,0.498046875,0.736328125,0.822265625,0.013671875,0.615234375,0.84708107
0.408203125,0.673828125,0.861328125,0.876953125,0.470703125,0.224609375,0.673828125,0.423828125,0.603515625,0.341796875,0.478515625,0.013671875,0.255859375,0.408203125,0.896484375,0.615234375,0.9954682
0.755859375,0.248046875,0.927734375,0.044921875,0.029296875,0.857421875,0.115234375,0.607421875,0.537109375,0.658203125,0.705078125,0.248046875,0.486328125,0.072265625,0.263671875,0.376953125,0.74461544
0.158203125,0.248046875,0.927734375,0.044921875,0.029296875,0.857421875,0.115234375,0.607421875,0.537109375,0.658203125,0.705078125,0.248046875,0.486328125,0.072265625,0.263671875,0.376953125,0.74461544
0.755859375,0.423828125,0.927734375,0.044921875,0.029296875,0.857421875,0.115234375,0.607421875,0.537109375,0.658203125,0.705078125,0.248046875,0.486328125,0.072265625,0.263671875,0.376953125,0.76620007
0.755859375,0.248046875,0.611328125,0.044921875,0.029296875,0.857421875,0.115234375,0.607421875,0.537109375,0.658203125,0.705078125,0.248046875,0.486328125,0.072265625,0.263671875,0.376953125,0.7737762
0.755859375,0.248046875,0.927734375,0.126953125,0.029296875,0.857421875,0.115234375,0.607421875,0.537109375,0.658203125,0.705078125,0.248046875,0.486328125,0.072265625,0.263671875,0.376953125,0.7455461
0.755859375,0.248046875,0.927734375,0.044921875,0.720703125,0.857421875,0.115234375,0.607421875,0.537109375,0.658203125,0.705078125,0.248046875,0.486328125,0.072265625,0.263671875,0.376953125,0.7530328
0.755859375,0.248046875,0.927734375,0.044921875,0.029296875,0.474609375,0.115234375,0.607421875,0.537109375,0.658203125,0.705078125,0.248046875,0.486328125,0.072265625,0.263671875,0.376953125,0.74461544
0.755859375,0.248046875,0.927734375,0.044921875,0.029296875,0.857421875,0.423828125,0.607421875,0.537109375,0.658203125,0.705078125,0.248046875,0.486328125,0.072265625,0.263671875,0.376953125,0.72327864
0.755859375,0.248046875,0.927734375,0.044921875,0.029296875,0.857421875,0.115234375,0.673828125,0.537109375,0.658203125,0.705078125,0.248046875,0.486328125,0.072265625,0.263671875,0.376953125,0.7446039
0.755859375,0.248046875,0.927734375,0.044921875,0.029296875,0.857421875,0.115234375,0.607421875,0.353515625,0.658203125,0.705078125,0.248046875,0.486328125,0.072265625,0.263671875,0.376953125,0.7600424
0.755859375,0.248046875,0.927734375,0.044921875,0.029296875,0.857421875,0.115234375,0.607421875,0.537109375,0.091796875,0.705078125,0.248046875,0.486328125,0.072265625,0.263671875,0.376953125,-0.020013917
0.755859375,0.248046875,0.927734375,0.044921875,0.029296875,0.857421875,0.115234375,0.607421875,0.537109375,0.658203125,0.728515625,0.248046875,0.486328125,0.072265625,0.263671875,0.376953125,0.7246133
0.755859375,0.248046875,0.927734375,0.044921875,0.029296875,0.857421875,0.115234375,0.607421875,0.537109375,0.658203125,0.705078125,0.263671875,0.486328125,0.072265625,0.263671875,0.376953125,0.7451782
0.755859375,0.248046875,0.927734375,0.044921875,0.029296875,0.857421875,0.115234375,0.607421875,0.537109375,0.658203125,0.705078125,0.248046875,0.505859375,0.072265625,0.263671875,0.376953125,0.74448633
0.755859375,0.248046875,0.927734375,0.044921875,0.029296875,0.857421875,0.115234375,0.607421875,0.537109375,0.658203125,0.705078125,0.248046875,0.486328125,0.158203125,0.263671875,0.376953125,0.75664264
0.755859375,0.248046875,0.927734375,0.044921875,0.029296875,0.857421875,0.115234375,0.607421875,0.537109375,0.658203125,0.705078125,0.248046875,0.486328125,0.072265625,0.146484375,0.376953125,0.7473695
0.755859375,0.248046875,0.927734375,0.044921875,0.029296875,0.857421875,0.115234375,0.607421875,0.537109375,0.658203125,0.705078125,0.248046875,0.486328125,0.072265625,0.263671875,0.365234375,0.74461544
0.158203125,0.423828125,0.611328125,0.126953125,0.720703125,0.474609375,0.423828125,0.673828125,0.353515625,0.091796875,0.728515625,0.263671875,0.505859375,0.158203125,0.146484375,0.365234375,0.029370766
0.255859375,0.748046875,0.427734375,0.544921875,0.529296875,0.357421875,0.615234375,0.107421875,0.037109375,0.158203125,0.205078125,0.748046875,0.986328125,0.572265625,0.763671875,0.876953125,0.85767287
0.658203125,0.748046875,0.427734375,0.544921875,0.529296875,0.357421875,0.615234375,0.107421875,0.037109375,0.158203125,0.205078125,0.748046875,0.986328125,0.572265625,0.763671875,0.876953125,0.85767287
0.255859375,0.923828125,0.427734375,0.544921875,0.529296875,0.357421875,0.615234375,0.107421875,0.037109375,0.158203125,0.205078125,0.748046875,0.986328125,0.572265625,0.763671875,0.876953125,0.89841026
0.255859375,0.748046875,0.111328125,0.544921875,0.529296875,0.357421875,0.615234375,0.107421875,0.037109375,0.158203125,0.205078125,0.748046875,0.986328125,0.572265625,0.763671875,0.876953125,0.87272
0.255859375,0.748046875,0.427734375,0.626953125,0.529296875,0.357421875,0.615234375,0.107421875,0.037109375,0.158203125,0.205078125,0.748046875,0.986328125,0.572265625,0.763671875,0.876953125,0.8762336
0.255859375,0.748046875,0.427734375,0.544921875,0.220703125,0.357421875,0.615234375,0.107421875,0.037109375,0.158203125,0.205078125,0.748046875,0.986328125,0.572265625,0.763671875,0.876953125,0.8539556
0.255859375,0.748046875,0.427734375,0.544921875,0.529296875,0.974609375,0.615234375,0.107421875,0.037109375,0.158203125,0.205078125,0.748046875,0.986328125,0.572265625,0.763671875,0.876953125,0.85767287
0.255859375,0.748046875,0.427734375,0.544921875,0.529296875,0.357421875,0.923828125,0.107421875,0.037109375,0.158203125,0.205078125,0.748046875,0.986328125,0.572265625,0.763671875,0.876953125,0.8003047
0.255859375,0.748046875,0.427734375,0.544921875,0.529296875,0.357421875,0.615234375,0.173828125,0.037109375,0.158203125,0.205078125,0.748046875,0.986328125,0.572265625,0.763671875,0.876953125,0.8576742
0.255859375,0.748046875,0.427734375,0.544921875,0.529296875,0.357421875,0.615234375,0.107421875,0.853515625,0.158203125,0.205078125,0.748046875,0.986328125,0.572265625,0.763671875,0.876953125,0.873361
0.255859375,0.748046875,0.427734375,0.544921875,0.529296875,0.357421875,0.615234375,0.107421875,0.037109375,0.591796875,0.205078125,0.748046875,0.986328125,0.572265625,0.763671875,0.876953125,1.0634415
0.255859375,0.748046875,0.427734375,0.544921875,0.529296875,0.357421875,0.615234375,0.107421875,0.037109375,0.158203125,0.228515625,0.748046875,0.986328125,0.572265625,0.763671875,0.876953125,0.8564758
0.255859375,0.748046875,0.427734375,0.544921875,0.529296875,0.357421875,0.615234375,0.107421875,0.037109375,0.158203125,0.205078125,0.763671875,0.986328125,0.572265625,0.763671875,0.876953125,0.8577334
0.255859375,0.748046875,0.427734375,0.544921875,0.529296875,0.357421875,0.615234375,0.107421875,0.037109375,0.158203125,0.205078125,0.748046875,0.005859375,0.572265625,0.763671875,0.876953125,0.8576745
0.255859375,0.748046875,0.427734375,0.544921875,0.529296875,0.357421875,0.615234375,0.107421875,0.037109375,0.158203125,0.205078125,0.748046875,0.986328125,0.658203125,0.763671875,0.876953125,0.87991065
0.255859375,0.748046875,0.427734375,0.544921875,0.529296875,0.357421875,0.615234375,0.107421875,0.037109375,0.158203125,0.205078125,0.748046875,0.986328125,0.572265625,0.646484375,0.876953125,0.86318433
0.255859375,0.748046875,0.427734375,0.544921875,0.529296875,0.357421875,0.615234375,0.107421875,0.037109375,0.158203125,0.205078125,0.748046875,0.986328125,0.572265625,0.763671875,0.865234375,0.85767287
0.658203125,0.923828125,0.111328125,0.626953125,0.220703125,0.974609375,0.923828125,0.173828125,0.853515625,0.591796875,0.228515625,0.763671875,0.005859375,0.658203125,0.646484375,0.865234375,1.1190051
0.380859375,0.123046875,0.052734375,0.669921875,0.654296875,0.232421875,0.240234375,0.732421875,0.662109375,0.783203125,0.580078125,0.623046875,0.361328125,0.947265625,0.888671875,0.751953125,1.0915409
0.533203125,0.123046875,0.052734375,0.669921875,0.654296875,0.232421875,0.240234375,0.732421875,0.662109375,0.783203125,0.580078125,0.623046875,0.361328125,0.947265625,0.888671875,0.751953125,1.0915409
0.380859375,0.798828125,0.052734375,0.669921875,0.654296875,0.232421875,0.240234375,0.732421875,0.662109375,0.783203125,0.580078125,0.623046875,0.361328125,0.947265625,0.888671875,0.751953125,1.1924009
0.380859375,0.123046875,0.736328125,0.669921875,0.654296875,0.232421875,0.240234375,0.732421875,0.662109375,0.783203125,0.580078125,0.623046875,0.361328125,0.947265625,0.888671875,0.751953125,1.0517352
0.380859375,0.123046875,0.052734375,0.251953125,0.654296875,0.232421875,0.240234375,0.732421875,0.662109375,0.783203125,0.580078125,0.623046875,0.361328125,0.947265625,0.888671875,0.751953125,1.0319769
0.380859375,0.123046875,0.052734375,0.669921875,0.845703125,0.232421875,0.240234375,0.732421875,0.662109375,0.783203125,0.580078125,0.623046875,0.361328125,0.947265625,0.888671875,0.751953125,1.0949502
0.380859375,0.123046875,0.052734375,0.669921875,0.654296875,0.599609375,0.240234375,0.732421875,0.662109375,0.783203125,0.580078125,0.623046875,0.361328125,0.947265625,0.888671875,0.751953125,1.0915409
0.380859375,0.123046875,0.052734375,0.669921875,0.654296875,0.232421875,0.298828125,0.732421875,0.662109375,0.783203125,0.580078125,0.623046875,0.361328125,0.947265625,0.888671875,0.751953125,1.0875465
0.380859375,0.123046875,0.052734375,0.669921875,0.654296875,0.232421875,0.240234375,0.048828125,0.662109375,0.783203125,0.580078125,0.623046875,0.361328125,0.947265625,0.888671875,0.751953125,1.0915375
0.380859375,0.123046875,0.052734375,0.669921875,0.654296875,0.232421875,0.240234375,0.732421875,0.978515625,0.783203125,0.580078125,0.623046875,0.361328125,0.947265625,0.888671875,0.751953125,1.1414276
0.380859375,0.123046875,0.052734375,0.669921875,0.654296875,0.232421875,0.240234375,0.732421875,0.662109375,0.216796875,0.580078125,0.623046875,0.361328125,0.947265625,0.888671875,0.751953125,1.027536
0.380859375,0.123046875,0.052734375,0.669921875,0.654296875,0.232421875,0.240234375,0.732421875,0.662109375,0.783203125,0.603515625,0.623046875,0.361328125,0.947265625,0.888671875,0.751953125,1.0793372
0.380859375,0.123046875,0.052734375,0.669921875,0.654296875,0.232421875,0.240234375,0.732421875,0.662109375,0.783203125,0.580078125,0.138671875,0.361328125,0.947265625,0.888671875,0.751953125,1.0788496
0.380859375,0.123046875,0.052734375,0.669921875,0.654296875,0.232421875,0.240234375,0.732421875,0.662109375,0.783203125,0.580078125,0.623046875,0.880859375,0.947265625,0.888671875,0.751953125,1.0915529
0.380859375,0.123046875,0.052734375,0.669921875,0.654296875,0.232421875,0.240234375,0.732421875,0.662109375,0.783203125,0.580078125,0.623046875,0.361328125,0.783203125,0.888671875,0.751953125,1.0361325
0.380859375,0.123046875,0.052734375,0.669921875,0.654296875,0.232421875,0.240234375,0.732421875,0.662109375,0.783203125,0.580078125,0.623046875,0.361328125,0.947265625,0.021484375,0.751953125,1.1221097
0.380859375,0.123046875,0.052734375,0.669921875,0.654296875,0.232421875,0.240234375,0.732421875,0.662109375,0.783203125,0.580078125,0.623046875,0.361328125,0.947265625,0.888671875,0.240234375,1.0915409
0.533203125,0.798828125,0.736328125,0.251953125,0.845703125,0.599609375,0.298828125,0.048828125,0.978515625,0.216796875,0.603515625,0.138671875,0.880859375,0.783203125,0.021484375,0.240234375,1.0286018
0.880859375,0.623046875,0.552734375,0.169921875,0.154296875,0.732421875,0.740234375,0.232421875,0.162109375,0.283203125,0.080078125,0.123046875,0.861328125,0.447265625,0.388671875,0.251953125,0.93404627
0.033203125,0.623046875,0.552734375,0.169921875,0.154296875,0.732421875,0.740234375,0.232421875,0.162109375,0.283203125,0.080078125,0.123046875,0.861328125,0.447265625,0.388671875,0.251953125,0.93404627
0.880859375,0.298828125,0.552734375,0.169921875,0.154296875,0.732421875,0.740234375,0.232421875,0.162109375,0.283203125,0.080078125,0.123046875,0.861328125,0.447265625,0.388671875,0.251953125,0.8863094
0.880859375,0.623046875,0.236328125,0.169921875,0.154296875,0.732421875,0.740234375,0.232421875,0.162109375,0.283203125,0.080078125,0.123046875,0.861328125,0.447265625,0.388671875,0.251953125,0.95218647
0.880859375,0.623046875,0.552734375,0.751953125,0.154296875,0.732421875,0.740234375,0.232421875,0.162109375,0.283203125,0.080078125,0.123046875,0.861328125,0.447265625,0.388671875,0.251953125,1.0183375
0.880859375,0.623046875,0.552734375,0.169921875,0.345703125,0.732421875,0.740234375,0.232421875,0.162109375,0.283203125,0.080078125,0.123046875,0.861328125,0.447265625,0.388671875,0.251953125,0.93602717
0.880859375,0.623046875,0.552734375,0.169921875,0.154296875,0.099609375,0.740234375,0.232421875,0.162109375,0.283203125,0.080078125,0.123046875,0.861328125,0.447265625,0.388671875,0.251953125,0.93404627
0.880859375,0.623046875,0.552734375,0.169921875,0.154296875,0.732421875,0.798828125,0.232421875,0.162109375,0.283203125,0.080078125,0.123046875,0.861328125,0.447265625,0.388671875,0.251953125,0.9232328
0.880859375,0.623046875,0.552734375,0.169921875,0.154296875,0.732421875,0.740234375,0.548828125,0.162109375,0.283203125,0.080078125,0.123046875,0.861328125,0.447265625,0.388671875,0.251953125,0.9341074
0.880859375,0.623046875,0.552734375,0.169921875,0.154296875,0.732421875,0.740234375,0.232421875,0.478515625,0.283203125,0.080078125,0.123046875,0.861328125,0.447265625,0.388671875,0.251953125,0.984295
0.880859375,0.623046875,0.552734375,0.169921875,0.154296875,0.732421875,0.740234375,0.232421875,0.162109375,0.716796875,0.080078125,0.123046875,0.861328125,0.447265625,0.388671875,0.251953125,0.9510255
0.880859375,0.623046875,0.552734375,0.169921875,0.154296875,0.732421875,0.740234375,0.232421875,0.162109375,0.283203125,0.103515625,0.123046875,0.861328125,0.447265625,0.388671875,0.251953125,0.93353915
0.880859375,0.623046875,0.552734375,0.169921875,0.154296875,0.732421875,0.740234375,0.232421875,0.162109375,0.283203125,0.080078125,0.638671875,0.861328125,0.447265625,0.388671875,0.251953125,0.94764376
0.880859375,0.623046875,0.552734375,0.169921875,0.154296875,0.732421875,0.740234375,0.232421875,0.162109375,0.283203125,0.080078125,0.123046875,0.380859375,0.447265625,0.388671875,0.251953125,0.93403083
0.880859375,0.623046875,0.552734375,0.169921875,0.154296875,0.732421875,0.740234375,0.232421875,0.162109375,0.283203125,0.080078125,0.123046875,0.861328125,0.283203125,0.388671875,0.251953125,0.90230465
0.880859375,0.623046875,0.552734375,0.169921875,0.154296875,0.732421875,0.740234375,0.232421875,0.162109375,0.283203125,0.080078125,0.123046875,0.861328125,0.447265625,0.521484375,0.251953125,0.929496
0.880859375,0.623046875,0.552734375,0.169921875,0.154296875,0.732421875,0.740234375,0.232421875,0.162109375,0.283203125,0.080078125,0.123046875,0.861328125,0.447265625,0.388671875,0.740234375,0.93404627
0.033203125,0.298828125,0.236328125,0.751953125,0.345703125,0.099609375,0.798828125,0.548828125,0.478515625,0.716796875,0.103515625,0.638671875,0.380859375,0.283203125,0.521484375,0.740234375,1.0239801
0.630859375,0.373046875,0.302734375,0.919921875,0.404296875,0.982421875,0.490234375,0.482421875,0.412109375,0.033203125,0.330078125,0.373046875,0.111328125,0.697265625,0.138671875,0.501953125,-1.149584
0.283203125,0.373046875,0.302734375,0.919921875,0.404296875,0.982421875,0.490234375,0.482421875,0.412109375,0.033203125,0.330078125,0.373046875,0.111328125,0.697265625,0.138671875,0.501953125,-1.149584
0.630859375,0.548828125,0.302734375,0.919921875,0.404296875,0.982421875,0.490234375,0.482421875,0.412109375,0.033203125,0.330078125,0.373046875,0.111328125,0.697265625,0.138671875,0.501953125,-1.1237774
0.630859375,0.373046875,0.486328125,0.919921875,0.404296875,0.982421875,0.490234375,0.482421875,0.412109375,0.033203125,0.330078125,0.373046875,0.111328125,0.697265625,0.138671875,0.501953125,-1.1600802
0.630859375,0.373046875,0.302734375,0.001953125,0.404296875,0.982421875,0.490234375,0.482421875,0.412109375,0.033203125,0.330078125,0.373046875,0.111328125,0.697265625,0.138671875,0.501953125,-1.2728338
0.630859375,0.373046875,0.302734375,0.919921875,0.595703125,0.982421875,0.490234375,0.482421875,0.412109375,0.033203125,0.330078125,0.373046875,0.111328125,0.697265625,0.138671875,0.501953125,-1.1469371
0.630859375,0.373046875,0.302734375,0.919921875,0.404296875,0.349609375,0.490234375,0.482421875,0.412109375,0.033203125,0.330078125,0.373046875,0.111328125,0.697265625,0.138671875,0.501953125,-1.149584
0.630859375,0.373046875,0.302734375,0.919921875,0.404296875,0.982421875,0.048828125,0.482421875,0.412109375,0.033203125,0.330078125,0.373046875,0.111328125,0.697265625,0.138671875,0.501953125,-1.1185997
0.630859375,0.373046875,0.302734375,0.919921875,0.404296875,0.982421875,0.490234375,0.298828125,0.412109375,0.033203125,0.330078125,0.373046875,0.111328125,0.697265625,0.138671875,0.501953125,-1.1497993
0.630859375,0.373046875,0.302734375,0.919921875,0.404296875,0.982421875,0.490234375,0.482421875,0.728515625,0.033203125,0.330078125,0.373046875,0.111328125,0.697265625,0.138671875,0.501953125,-1.2120795
0.630859375,0.373046875,0.302734375,0.919921875,0.404296875,0.982421875,0.490234375,0.482421875,0.412109375,0.966796875,0.330078125,0.373046875,0.111328125,0.697265625,0.138671875,0.501953125,1.207747
0.630859375,0.373046875,0.302734375,0.919921875,0.404296875,0.982421875,0.490234375,0.482421875,0.412109375,0.033203125,0.853515625,0.373046875,0.111328125,0.697265625,0.138671875,0.501953125,-1.4396544
0.630859375,0.373046875,0.302734375,0.919921875,0.404296875,0.982421875,0.490234375,0.482421875,0.412109375,0.033203125,0.330078125,0.888671875,0.111328125,0.697265625,0.138671875,0.501953125,-1.1442719
0.630859375,0.373046875,0.302734375,0.919921875,0.404296875,0.982421875,0.490234375,0.482421875,0.412109375,0.033203125,0.330078125,0.373046875,0.630859375,0.697265625,0.138671875,0.501953125,-1.1497152
0.630859375,0.373046875,0.302734375,0.919921875,0.404296875,0.982421875,0.490234375,0.482421875,0.412109375,0.033203125,0.330078125,0.373046875,0.111328125,0.033203125,0.138671875,0.501953125,-1.2802782
0.630859375,0.373046875,0.302734375,0.919921875,0.404296875,0.982421875,0.490234375,0.482421875,0.412109375,0.033203125,0.330078125,0.373046875,0.111328125,0.697265625,0.271484375,0.501953125,-1.1527061
0.630859375,0.373046875,0.302734375,0.919921875,0.404296875,0.982421875,0.490234375,0.482421875,0.412109375,0.033203125,0.330078125,0.373046875,0.111328125,0.697265625,0.138671875,0.490234375,-1.149584
0.283203125,0.548828125,0.486328125,0.001953125,0.595703125,0.349609375,0.048828125,0.298828125,0.728515625,0.966796875,0.853515625,0.888671875,0.630859375,0.033203125,0.271484375,0.490234375,0.652024
0.130859375,0.873046875,0.802734375,0.419921875,0.904296875,0.482421875,0.990234375,0.982421875,0.912109375,0.533203125,0.830078125,0.873046875,0.611328125,0.197265625,0.638671875,0.001953125,0.6661907
0.783203125,0.873046875,0.802734375,0.419921875,0.904296875,0.482421875,0.990234375,0.982421875,0.912109375,0.533203125,0.830078125,0.873046875,0.611328125,0.197265625,0.638671875,0.001953125,0.6661907
0.130859375,0.048828125,0.802734375,0.419921875,0.904296875,0.482421875,0.990234375,0.982421875,0.912109375,0.533203125,0.830078125,0.873046875,0.611328125,0.197265625,0.638671875,0.001953125,0.54212576
0.130859375,0.873046875,0.986328125,0.419921875,0.904296875,0.482421875,0.990234375,0.982421875,0.912109375,0.533203125,0.830078125,0.873046875,0.611328125,0.197265625,0.638671875,0.001953125,0.6468317
0.130859375,0.873046875,0.802734375,0.501953125,0.904296875,0.482421875,0.990234375,0.982421875,0.912109375,0.533203125,0.830078125,0.873046875,0.611328125,0.197265625,0.638671875,0.001953125,0.6771315
0.130859375,0.873046875,0.802734375,0.419921875,0.095703125,0.482421875,0.990234375,0.982421875,0.912109375,0.533203125,0.830078125,0.873046875,0.611328125,0.197265625,0.638671875,0.001953125,0.65484124
0.130859375,0.873046875,0.802734375,0.419921875,0.904296875,0.849609375,0.990234375,0.982421875,0.912109375,0.533203125,0.830078125,0.873046875,0.611328125,0.197265625,0.638671875,0.001953125,0.6661907
0.130859375,0.873046875,0.802734375,0.419921875,0.904296875,0.482421875,0.548828125,0.982421875,0.912109375,0.533203125,0.830078125,0.873046875,0.611328125,0.197265625,0.638671875,0.001953125,0.74889654
0.130859375,0.873046875,0.802734375,0.419921875,0.904296875,0.482421875,0.990234375,0.798828125,0.912109375,0.533203125,0.830078125,0.873046875,0.611328125,0.197265625,0.638671875,0.001953125,0.6661927
0.130859375,0.873046875,0.802734375,0.419921875,0.904296875,0.482421875,0.990234375,0.982421875,0.228515625,0.533203125,0.830078125,0.873046875,0.611328125,0.197265625,0.638671875,0.001953125,0.6491365
0.130859375,0.873046875,0.802734375,0.419921875,0.904296875,0.482421875,0.990234375,0.982421875,0.912109375,0.466796875,0.830078125,0.873046875,0.611328125,0.197265625,0.638671875,0.001953125,0.66587216
0.130859375,0.873046875,0.802734375,0.419921875,0.904296875,0.482421875,0.990234375,0.982421875,0.912109375,0.533203125,0.353515625,0.873046875,0.611328125,0.197265625,0.638671875,0.001953125,0.9295184
0.130859375,0.873046875,0.802734375,0.419921875,0.904296875,0.482421875,0.990234375,0.982421875,0.912109375,0.533203125,0.830078125,0.388671875,0.611328125,0.197265625,0.638671875,0.001953125,0.66128224
0.130859375,0.873046875,0.802734375,0.419921875,0.904296875,0.482421875,0.990234375,0.982421875,0.912109375,0.533203125,0.830078125,0.873046875,0.130859375,0.197265625,0.638671875,0.001953125,0.6664366
0.130859375,0.873046875,0.802734375,0.419921875,0.904296875,0.482421875,0.990234375,0.982421875,0.912109375,0.533203125,0.830078125,0.873046875,0.611328125,0.533203125,0.638671875,0.001953125,0.7314182
0.130859375,0.873046875,0.802734375,0.419921875,0.904296875,0.482421875,0.990234375,0.982421875,0.912109375,0.533203125,0.830078125,0.873046875,0.611328125,0.197265625,0.771484375,0.001953125,0.6599437
0.130859375,0.873046875,0.802734375,0.419921875,0.904296875,0.482421875,0.990234375,0.982421875,0.912109375,0.533203125,0.830078125,0.873046875,0.611328125,0.197265625,0.638671875,0.990234375,0.6661907
0.783203125,0.048828125,0.986328125,0.501953125,0.095703125,0.849609375,0.548828125,0.798828125,0.228515625,0.466796875,0.353515625,0.388671875,0.130859375,0.533203125,0.771484375,0.990234375,0.9053391
0.193359375,0.185546875,0.365234375,0.232421875,0.341796875,0.294921875,0.177734375,0.669921875,0.724609375,0.220703125,0.767578125,0.935546875,0.798828125,0.634765625,0.326171875,0.814453125,0.7460048
0.220703125,0.185546875,0.365234375,0.232421875,0.341796875,0.294921875,0.177734375,0.669921875,0.724609375,0.220703125,0.767578125,0.935546875,0.798828125,0.634765625,0.326171875,0.814453125,0.7460048
0.193359375,0.986328125,0.365234375,0.232421875,0.341796875,0.294921875,0.177734375,0.669921875,0.724609375,0.220703125,0.767578125,0.935546875,0.798828125,0.634765625,0.326171875,0.814453125,0.8873205
0.193359375,0.185546875,0.673828125,0.232421875,0.341796875,0.294921875,0.177734375,0.669921875,0.724609375,0.220703125,0.767578125,0.935546875,0.798828125,0.634765625,0.326171875,0.814453125,0.72501653
0.193359375,0.185546875,0.365234375,0.189453125,0.341796875,0.294921875,0.177734375,0.669921875,0.724609375,0.220703125,0.767578125,0.935546875,0.798828125,0.634765625,0.326171875,0.814453125,0.7448329
0.193359375,0.185546875,0.365234375,0.232421875,0.783203125,0.294921875,0.177734375,0.669921875,0.724609375,0.220703125,0.767578125,0.935546875,0.798828125,0.634765625,0.326171875,0.814453125,0.7525511
0.193359375,0.185546875,0.365234375,0.232421875,0.341796875,0.037109375,0.177734375,0.669921875,0.724609375,0.220703125,0.767578125,0.935546875,0.798828125,0.634765625,0.326171875,0.814453125,0.7460048
0.193359375,0.185546875,0.365234375,0.232421875,0.341796875,0.294921875,0.111328125,0.669921875,0.724609375,0.220703125,0.767578125,0.935546875,0.798828125,0.634765625,0.326171875,0.814453125,0.74932307
0.193359375,0.185546875,0.365234375,0.232421875,0.341796875,0.294921875,0.177734375,0.111328125,0.724609375,0.220703125,0.767578125,0.935546875,0.798828125,0.634765625,0.326171875,0.814453125,0.74599797
0.193359375,0.185546875,0.365234375,0.232421875,0.341796875,0.294921875,0.177734375,0.669921875,0.416015625,0.220703125,0.767578125,0.935546875,0.798828125,0.634765625,0.326171875,0.814453125,0.8084799
0.193359375,0.185546875,0.365234375,0.232421875,0.341796875,0.294921875,0.177734375,0.669921875,0.724609375,0.779296875,0.767578125,0.935546875,0.798828125,0.634765625,0.326171875,0.814453125,0.805207
0.193359375,0.185546875,0.365234375,0.232421875,0.341796875,0.294921875,0.177734375,0.669921875,0.724609375,0.220703125,0.416015625,0.935546875,0.798828125,0.634765625,0.326171875,0.814453125,0.9371202
0.193359375,0.185546875,0.365234375,0.232421875,0.341796875,0.294921875,0.177734375,0.669921875,0.724609375,0.220703125,0.767578125,0.701171875,0.798828125,0.634765625,0.326171875,0.814453125,0.74543214
0.193359375,0.185546875,0.365234375,0.232421875,0.341796875,0.294921875,0.177734375,0.669921875,0.724609375,0.220703125,0.767578125,0.935546875,0.443359375,0.634765625,0.326171875,0.814453125,0.74596155
0.193359375,0.185546875,0.365234375,0.232421875,0.341796875,0.294921875,0.177734375,0.669921875,0.724609375,0.220703125,0.767578125,0.935546875,0.798828125,0.095703125,0.326171875,0.814453125,0.64056534
0.193359375,0.185546875,0.365234375,0.232421875,0.341796875,0.294921875,0.177734375,0.669921875,0.724609375,0.220703125,0.767578125,0.935546875,0.798828125,0.634765625,0.083984375,0.814453125,0.7517113
0.193359375,0.185546875,0.365234375,0.232421875,0.341796875,0.294921875,0.177734375,0.669921875,0.724609375,0.220703125,0.767578125,0.935546875,0.798828125,0.634765625,0.326171875,0.802734375,0.7460048
0.220703125,0.986328125,0.673828125,0.189453125,0.783203125,0.037109375,0.111328125,0.111328125,0.416015625,0.779296875,0.416015625,0.701171875,0.443359375,0.095703125,0.083984375,0.802734375,1.0874616
0.693359375,0.685546875,0.865234375,0.732421875,0.841796875,0.794921875,0.677734375,0.169921875,0.224609375,0.720703125,0.267578125,0.435546875,0.298828125,0.134765625,0.826171875,0.314453125,0.97977155
0.720703125,0.685546875,0.865234375,0.732421875,0.841796875,0.794921875,0.677734375,0.169921875,0.224609375,0.720703125,0.267578125,0.435546875,0.298828125,0.134765625,0.826171875,0.314453125,0.97977155
0.693359375,0.486328125,0.865234375,0.732421875,0.841796875,0.794921875,0.677734375,0.169921875,0.224609375,0.720703125,0.267578125,0.435546875,0.298828125,0.134765625,0.826171875,0.314453125,0.9453011
0.693359375,0.685546875,0.173828125,0.732421875,0.841796875,0.794921875,0.677734375,0.169921875,0.224609375,0.720703125,0.267578125,0.435546875,0.298828125,0.134765625,0.826171875,0.314453125,1.0274434
0.693359375,0.685546875,0.865234375,0.689453125,0.841796875,0.794921875,0.677734375,0.169921875,0.224609375,0.720703125,0.267578125,0.435546875,0.298828125,0.134765625,0.826171875,0.314453125,0.96793777
0.693359375,0.685546875,0.865234375,0.732421875,0.283203125,0.794921875,0.677734375,0.169921875,0.224609375,0.720703125,0.267578125,0.435546875,0.298828125,0.134765625,0.826171875,0.314453125,0.9714653
0.693359375,0.685546875,0.865234375,0.732421875,0.841796875,0.537109375,0.677734375,0.169921875,0.224609375,0.720703125,0.267578125,0.435546875,0.298828125,0.134765625,0.826171875,0.314453125,0.97977155
0.693359375,0.685546875,0.865234375,0.732421875,0.841796875,0.794921875,0.611328125,0.169921875,0.224609375,0.720703125,0.267578125,0.435546875,0.298828125,0.134765625,0.826171875,0.314453125,0.98961014
0.693359375,0.685546875,0.865234375,0.732421875,0.841796875,0.794921875,0.677734375,0.611328125,0.224609375,0.720703125,0.267578125,0.435546875,0.298828125,0.134765625,0.826171875,0.314453125,0.9797873
0.693359375,0.685546875,0.865234375,0.732421875,0.841796875,0.794921875,0.677734375,0.169921875,0.916015625,0.720703125,0.267578125,0.435546875,0.298828125,0.134765625,0.826171875,0.314453125,0.9991608
0.693359375,0.685546875,0.865234375,0.732421875,0.841796875,0.794921875,0.677734375,0.169921875,0.224609375,0.279296875,0.267578125,0.435546875,0.298828125,0.134765625,0.826171875,0.314453125,0.9614114
0.693359375,0.685546875,0.865234375,0.732421875,0.841796875,0.794921875,0.677734375,0.169921875,0.224609375,0.720703125,0.916015625,0.435546875,0.298828125,0.134765625,0.826171875,0.314453125,0.62188363
0.693359375,0.685546875,0.865234375,0.732421875,0.841796875,0.794921875,0.677734375,0.169921875,0.224609375,0.720703125,0.267578125,0.201171875,0.298828125,0.134765625,0.826171875,0.314453125,0.9726196
0.693359375,0.685546875,0.865234375,0.732421875,0.841796875,0.794921875,0.677734375,0.169921875,0.224609375,0.720703125,0.267578125,0.435546875,0.943359375,0.134765625,0.826171875,0.314453125,0.9797775
0.693359375,0.685546875,0.865234375,0.732421875,0.841796875,0.794921875,0.677734375,0.169921875,0.224609375,0.720703125,0.267578125,0.435546875,0.298828125,0.595703125,0.826171875,0.314453125,1.0696397
0.693359375,0.685546875,0.865234375,0.732421875,0.841796875,0.794921875,0.677734375,0.169921875,0.224609375,0.720703125,0.267578125,0.435546875,0.298828125,0.134765625,0.583984375,0.314453125,0.9911765
0.693359375,0.685546875,0.865234375,0.732421875,0.841796875,0.794921875,0.677734375,0.169921875,0.224609375,0.720703125,0.267578125,0.435546875,0.298828125,0.134765625,0.826171875,0.302734375,0.97977155
0.720703125,0.486328125,0.173828125,0.689453125,0.283203125,0.537109375,0.611328125,0.611328125,0.916015625,0.279296875,0.916015625,0.201171875,0.943359375,0.595703125,0.583984375,0.302734375,0.7199558
0.943359375,0.435546875,0.115234375,0.482421875,0.591796875,0.544921875,0.427734375,0.419921875,0.474609375,0.970703125,0.017578125,0.185546875,0.548828125,0.884765625,0.576171875,0.564453125,1.1806116
0.970703125,0.435546875,0.115234375,0.482421875,0.591796875,0.544921875,0.427734375,0.419921875,0.474609375,0.970703125,0.017578125,0.185546875,0.548828125,0.884765625,0.576171875,0.564453125,1.1806116
0.943359375,0.736328125,0.115234375,0.482421875,0.591796875,0.544921875,0.427734375,0.419921875,0.474609375,0.970703125,0.017578125,0.185546875,0.548828125,0.884765625,0.576171875,0.564453125,1.2327428
0.943359375,0.435546875,0.423828125,0.482421875,0.591796875,0.544921875,0.427734375,0.419921875,0.474609375,0.970703125,0.017578125,0.185546875,0.548828125,0.884765625,0.576171875,0.564453125,1.1659397
0.943359375,0.435546875,0.115234375,0.439453125,0.591796875,0.544921875,0.427734375,0.419921875,0.474609375,0.970703125,0.017578125,0.185546875,0.548828125,0.884765625,0.576171875,0.564453125,1.1748979
0.943359375,0.435546875,0.115234375,0.482421875,0.533203125,0.544921875,0.427734375,0.419921875,0.474609375,0.970703125,0.017578125,0.185546875,0.548828125,0.884765625,0.576171875,0.564453125,1.1797464
0.943359375,0.435546875,0.115234375,0.482421875,0.591796875,0.787109375,0.427734375,0.419921875,0.474609375,0.970703125,0.017578125,0.185546875,0.548828125,0.884765625,0.576171875,0.564453125,1.1806116
0.943359375,0.435546875,0.115234375,0.482421875,0.591796875,0.544921875,0.361328125,0.419921875,0.474609375,0.970703125,0.017578125,0.185546875,0.548828125,0.884765625,0.576171875,0.564453125,1.186612
0.943359375,0.435546875,0.115234375,0.482421875,0.591796875,0.544921875,0.427734375,0.361328125,0.474609375,0.970703125,0.017578125,0.185546875,0.548828125,0.884765625,0.576171875,0.564453125,1.1805222
0.943359375,0.435546875,0.115234375,0.482421875,0.591796875,0.544921875,0.427734375,0.419921875,0.166015625,0.970703125,0.017578125,0.185546875,0.548828125,0.884765625,0.576171875,0.564453125,1.1303792
0.943359375,0.435546875,0.115234375,0.482421875,0.591796875,0.544921875,0.427734375,0.419921875,0.474609375,0.029296875,0.017578125,0.185546875,0.548828125,0.884765625,0.576171875,0.564453125,-1.3548536
0.943359375,0.435546875,0.115234375,0.482421875,0.591796875,0.544921875,0.427734375,0.419921875,0.474609375,0.970703125,0.166015625,0.185546875,0.548828125,0.884765625,0.576171875,0.564453125,1.1772623
0.943359375,0.435546875,0.115234375,0.482421875,0.591796875,0.544921875,0.427734375,0.419921875,0.474609375,0.970703125,0.017578125,0.451171875,0.548828125,0.884765625,0.576171875,0.564453125,1.1887397
0.943359375,0.435546875,0.115234375,0.482421875,0.591796875,0.544921875,0.427734375,0.419921875,0.474609375,0.970703125,0.017578125,0.185546875,0.193359375,0.884765625,0.576171875,0.564453125,1.1809406
0.943359375,0.435546875,0.115234375,0.482421875,0.591796875,0.544921875,0.427734375,0.419921875,0.474609375,0.970703125,0.017578125,0.185546875,0.548828125,0.845703125,0.576171875,0.564453125,1.1674287
0.943359375,0.435546875,0.115234375,0.482421875,0.591796875,0.544921875,0.427734375,0.419921875,0.474609375,0.970703125,0.017578125,0.185546875,0.548828125,0.884765625,0.333984375,0.564453125,1.1889225
0.943359375,0.435546875,0.115234375,0.482421875,0.591796875,0.544921875,0.427734375,0.419921875,0.474609375,0.970703125,0.017578125,0.185546875,0.548828125,0.884765625,0.576171875,0.552734375,1.1806116
0.970703125,0.736328125,0.423828125,0.439453125,0.533203125,0.787109375,0.361328125,0.361328125,0.166015625,0.029296875,0.166015625,0.451171875,0.193359375,0.845703125,0.333984375,0.552734375,-1.368059
0.443359375,0.935546875,0.615234375,0.982421875,0.091796875,0.044921875,0.927734375,0.919921875,0.974609375,0.470703125,0.517578125,0.685546875,0.048828125,0.384765625,0.076171875,0.064453125,1.1107178
0.470703125,0.935546875,0.615234375,0.982421875,0.091796875,0.044921875,0.927734375,0.919921875,0.974609375,0.470703125,0.517578125,0.685546875,0.048828125,0.384765625,0.076171875,0.064453125,1.1107178
0.443359375,0.236328125,0.615234375,0.982421875,0.091796875,0.044921875,0.927734375,0.919921875,0.974609375,0.470703125,0.517578125,0.685546875,0.048828125,0.384765625,0.076171875,0.064453125,0.987935
0.443359375,0.935546875,0.923828125,0.982421875,0.091796875,0.044921875,0.927734375,0.919921875,0.974609375,0.470703125,0.517578125,0.685546875,0.048828125,0.384765625,0.076171875,0.064453125,1.0822808
0.443359375,0.935546875,0.615234375,0.939453125,0.091796875,0.044921875,0.927734375,0.919921875,0.974609375,0.470703125,0.517578125,0.685546875,0.048828125,0.384765625,0.076171875,0.064453125,1.1051701
0.443359375,0.935546875,0.615234375,0.982421875,0.033203125,0.044921875,0.927734375,0.919921875,0.974609375,0.470703125,0.517578125,0.685546875,0.048828125,0.384765625,0.076171875,0.064453125,1.1102456
0.443359375,0.935546875,0.615234375,0.982421875,0.091796875,0.287109375,0.927734375,0.919921875,0.974609375,0.470703125,0.517578125,0.685546875,0.048828125,0.384765625,0.076171875,0.064453125,1.1107178
0.443359375,0.935546875,0.615234375,0.982421875,0.091796875,0.044921875,0.861328125,0.919921875,0.974609375,0.470703125,0.517578125,0.685546875,0.048828125,0.384765625,0.076171875,0.064453125,1.1257583
0.443359375,0.935546875,0.615234375,0.982421875,0.091796875,0.044921875,0.927734375,0.861328125,0.974609375,0.470703125,0.517578125,0.685546875,0.048828125,0.384765625,0.076171875,0.064453125,1.1107184
0.443359375,0.935546875,0.615234375,0.982421875,0.091796875,0.044921875,0.927734375,0.919921875,0.666015625,0.470703125,0.517578125,0.685546875,0.048828125,0.384765625,0.076171875,0.064453125,1.0608472
0.443359375,0.935546875,0.615234375,0.982421875,0.091796875,0.044921875,0.927734375,0.919921875,0.974609375,0.529296875,0.517578125,0.685546875,0.048828125,0.384765625,0.076171875,0.064453125,1.1109924
0.443359375,0.935546875,0.615234375,0.982421875,0.091796875,0.044921875,0.927734375,0.919921875,0.974609375,0.470703125,0.666015625,0.685546875,0.048828125,0.384765625,0.076171875,0.064453125,1.0326668
0.443359375,0.935546875,0.615234375,0.982421875,0.091796875,0.044921875,0.927734375,0.919921875,0.974609375,0.470703125,0.517578125,0.951171875,0.048828125,0.384765625,0.076171875,0.064453125,1.1113894
0.443359375,0.935546875,0.615234375,0.982421875,0.091796875,0.044921875,0.927734375,0.919921875,0.974609375,0.470703125,0.517578125,0.685546875,0.693359375,0.384765625,0.076171875,0.064453125,1.1106813
0.443359375,0.935546875,0.615234375,0.982421875,0.091796875,0.044921875,0.927734375,0.919921875,0.974609375,0.470703125,0.517578125,0.685546875,0.048828125,0.345703125,0.076171875,0.064453125,1.1031682
0.443359375,0.935546875,0.615234375,0.982421875,0.091796875,0.044921875,0.927734375,0.919921875,0.974609375,0.470703125,0.517578125,0.685546875,0.048828125,0.384765625,0.833984375,0.064453125,1.0841861
0.443359375,0.935546875,0.615234375,0.982421875,0.091796875,0.044921875,0.927734375,0.919921875,0.974609375,0.470703125,0.517578125,0.685546875,0.048828125,0.384765625,0.076171875,0.052734375,1.1107178
0.470703125,0.236328125,0.923828125,0.939453125,0.033203125,0.287109375,0.861328125,0.861328125,0.666015625,0.529296875,0.666015625,0.951171875,0.693359375,0.345703125,0.833984375,0.052734375,0.80742615
0.318359375,0.310546875,0.990234375,0.857421875,0.216796875,0.419921875,0.302734375,0.294921875,0.349609375,0.595703125,0.142578125,0.560546875,0.673828125,0.009765625,0.201171875,0.189453125,1.0217612
0.345703125,0.310546875,0.990234375,0.857421875,0.216796875,0.419921875,0.302734375,0.294921875,0.349609375,0.595703125,0.142578125,0.560546875,0.673828125,0.009765625,0.201171875,0.189453125,1.0217612
0.318359375,0.111328125,0.990234375,0.857421875,0.216796875,0.419921875,0.302734375,0.294921875,0.349609375,0.595703125,0.142578125,0.560546875,0.673828125,0.009765625,0.201171875,0.189453125,1.0016459
0.318359375,0.310546875,0.298828125,0.857421875,0.216796875,0.419921875,0.302734375,0.294921875,0.349609375,0.595703125,0.142578125,0.560546875,0.673828125,0.009765625,0.201171875,0.189453125,1.0774604
0.318359375,0.310546875,0.990234375,0.064453125,0.216796875,0.419921875,0.302734375,0.294921875,0.349609375,0.595703125,0.142578125,0.560546875,0.673828125,0.009765625,0.201171875,0.189453125,0.9104322
0.318359375,0.310546875,0.990234375,0.857421875,0.908203125,0.419921875,0.302734375,0.294921875,0.349609375,0.595703125,0.142578125,0.560546875,0.673828125,0.009765625,0.201171875,0.189453125,1.0320809
0.318359375,0.310546875,0.990234375,0.857421875,0.216796875,0.162109375,0.302734375,0.294921875,0.349609375,0.595703125,0.142578125,0.560546875,0.673828125,0.009765625,0.201171875,0.189453125,1.0217612
0.318359375,0.310546875,0.990234375,0.857421875,0.216796875,0.419921875,0.486328125,0.294921875,0.349609375,0.595703125,0.142578125,0.560546875,0.673828125,0.009765625,0.201171875,0.189453125,1.0051095
0.318359375,0.310546875,0.990234375,0.857421875,0.216796875,0.419921875,0.302734375,0.986328125,0.349609375,0.595703125,0.142578125,0.560546875,0.673828125,0.009765625,0.201171875,0.189453125,1.0217515
0.318359375,0.310546875,0.990234375,0.857421875,0.216796875,0.419921875,0.302734375,0.294921875,0.541015625,0.595703125,0.142578125,0.560546875,0.673828125,0.009765625,0.201171875,0.189453125,1.0058852
0.318359375,0.310546875,0.990234375,0.857421875,0.216796875,0.419921875,0.302734375,0.294921875,0.349609375,0.154296875,0.142578125,0.560546875,0.673828125,0.009765625,0.201171875,0.189453125,0.7993682
0.318359375,0.310546875,0.990234375,0.857421875,0.216796875,0.419921875,0.302734375,0.294921875,0.349609375,0.595703125,0.041015625,0.560546875,0.673828125,0.009765625,0.201171875,0.189453125,1.0240012
0.318359375,0.310546875,0.990234375,0.857421875,0.216796875,0.419921875,0.302734375,0.294921875,0.349609375,0.595703125,0.142578125,0.076171875,0.673828125,0.009765625,0.201171875,0.189453125,1.0065088
0.318359375,0.310546875,0.990234375,0.857421875,0.216796875,0.419921875,0.302734375,0.294921875,0.349609375,0.595703125,0.142578125,0.560546875,0.318359375,0.009765625,0.201171875,0.189453125,1.0218021
0.318359375,0.310546875,0.990234375,0.857421875,0.216796875,0.419921875,0.302734375,0.294921875,0.349609375,0.595703125,0.142578125,0.560546875,0.673828125,0.220703125,0.201171875,0.189453125,1.051339
0.318359375,0.310546875,0.990234375,0.857421875,0.216796875,0.419921875,0.302734375,0.294921875,0.349609375,0.595703125,0.142578125,0.560546875,0.673828125,0.009765625,0.458984375,0.189453125,1.0143628
0.318359375,0.310546875,0.990234375,0.857421875,0.216796875,0.419921875,0.302734375,0.294921875,0.349609375,0.595703125,0.142578125,0.560546875,0.673828125,0.009765625,0.201171875,0.927734375,1.0217612
0.345703125,0.111328125,0.298828125,0.064453125,0.908203125,0.162109375,0.486328125,0.986328125,0.541015625,0.154296875,0.041015625,0.076171875,0.318359375,0.220703125,0.458984375,0.927734375,0.7106135
0.818359375,0.810546875,0.490234375,0.357421875,0.716796875,0.919921875,0.802734375,0.794921875,0.849609375,0.095703125,0.642578125,0.060546875,0.173828125,0.509765625,0.701171875,0.689453125,0.18685876
0.845703125,0.810546875,0.490234375,0.357421875,0.716796875,0.919921875,0.802734375,0.794921875,0.849609375,0.095703125,0.642578125,0.060546875,0.173828125,0.509765625,0.701171875,0.689453125,0.18685876
0.818359375,0.611328125,0.490234375,0.357421875,0.716796875,0.919921875,0.802734375,0.794921875,0.849609375,0.095703125,0.642578125,0.060546875,0.173828125,0.509765625,0.701171875,0.689453125,0.14674781
0.818359375,0.810546875,0.798828125,0.357421875,0.716796875,0.919921875,0.802734375,0.794921875,0.849609375,0.095703125,0.642578125,0.060546875,0.173828125,0.509765625,0.701171875,0.689453125,0.16228767
0.818359375,0.810546875,0.490234375,0.564453125,0.716796875,0.919921875,0.802734375,0.794921875,0.849609375,0.095703125,0.642578125,0.060546875,0.173828125,0.509765625,0.701171875,0.689453125,0.21502908
0.818359375,0.810546875,0.490234375,0.357421875,0.408203125,0.919921875,0.802734375,0.794921875,0.849609375,0.095703125,0.642578125,0.060546875,0.173828125,0.509765625,0.701171875,0.689453125,0.1822925
0.818359375,0.810546875,0.490234375,0.357421875,0.716796875,0.662109375,0.802734375,0.794921875,0.849609375,0.095703125,0.642578125,0.060546875,0.173828125,0.509765625,0.701171875,0.689453125,0.18685876
0.818359375,0.810546875,0.490234375,0.357421875,0.716796875,0.919921875,0.986328125,0.794921875,0.849609375,0.095703125,0.642578125,0.060546875,0.173828125,0.509765625,0.701171875,0.689453125,0.14519125
0.818359375,0.810546875,0.490234375,0.357421875,0.716796875,0.919921875,0.802734375,0.486328125,0.849609375,0.095703125,0.642578125,0.060546875,0.173828125,0.509765625,0.701171875,0.689453125,0.18708204
0.818359375,0.810546875,0.490234375,0.357421875,0.716796875,0.919921875,0.802734375,0.794921875,0.041015625,0.095703125,0.642578125,0.060546875,0.173828125,0.509765625,0.701171875,0.689453125,0.1716296
0.818359375,0.810546875,0.490234375,0.357421875,0.716796875,0.919921875,0.802734375,0.794921875,0.849609375,0.654296875,0.642578125,0.060546875,0.173828125,0.509765625,0.701171875,0.689453125,0.895149
0.818359375,0.810546875,0.490234375,0.357421875,0.716796875,0.919921875,0.802734375,0.794921875,0.849609375,0.095703125,0.541015625,0.060546875,0.173828125,0.509765625,0.701171875,0.689453125,0.23998453
0.818359375,0.810546875,0.490234375,0.357421875,0.716796875,0.919921875,0.802734375,0.794921875,0.849609375,0.095703125,0.642578125,0.576171875,0.173828125,0.509765625,0.701171875,0.689453125,0.20318244
0.818359375,0.810546875,0.490234375,0.357421875,0.716796875,0.919921875,0.802734375,0.794921875,0.849609375,0.095703125,0.642578125,0.060546875,0.818359375,0.509765625,0.701171875,0.689453125,0.18685304
0.818359375,0.810546875,0.490234375,0.357421875,0.716796875,0.919921875,0.802734375,0.794921875,0.849609375,0.095703125,0.642578125,0.060546875,0.173828125,0.720703125,0.701171875,0.689453125,0.2415118
0.818359375,0.810546875,0.490234375,0.357421875,0.716796875,0.919921875,0.802734375,0.794921875,0.849609375,0.095703125,0.642578125,0.060546875,0.173828125,0.509765625,0.958984375,0.689453125,0.17287304
0.818359375,0.810546875,0.490234375,0.357421875,0.716796875,0.919921875,0.802734375,0.794921875,0.849609375,0.095703125,0.642578125,0.060546875,0.173828125,0.509765625,0.701171875,0.427734375,0.18685877
0.845703125,0.611328125,0.798828125,0.564453125,0.408203125,0.662109375,0.986328125,0.486328125,0.041015625,0.654296875,0.541015625,0.576171875,0.818359375,0.720703125,0.958984375,0.427734375,0.9075086
0.568359375,0.060546875,0.740234375,0.607421875,0.966796875,0.669921875,0.052734375,0.544921875,0.599609375,0.345703125,0.892578125,0.310546875,0.923828125,0.259765625,0.951171875,0.439453125,0.6045892
0.595703125,0.060546875,0.740234375,0.607421875,0.966796875,0.669921875,0.052734375,0.544921875,0.599609375,0.345703125,0.892578125,0.310546875,0.923828125,0.259765625,0.951171875,0.439453125,0.6045892
0.568359375,0.361328125,0.740234375,0.607421875,0.966796875,0.669921875,0.052734375,0.544921875,0.599609375,0.345703125,0.892578125,0.310546875,0.923828125,0.259765625,0.951171875,0.439453125,0.6350467
0.568359375,0.060546875,0.548828125,0.607421875,0.966796875,0.669921875,0.052734375,0.544921875,0.599609375,0.345703125,0.892578125,0.310546875,0.923828125,0.259765625,0.951171875,0.439453125,0.619802
0.568359375,0.060546875,0.740234375,0.314453125,0.966796875,0.669921875,0.052734375,0.544921875,0.599609375,0.345703125,0.892578125,0.310546875,0.923828125,0.259765625,0.951171875,0.439453125,0.5639487
0.568359375,0.060546875,0.740234375,0.607421875,0.658203125,0.669921875,0.052734375,0.544921875,0.599609375,0.345703125,0.892578125,0.310546875,0.923828125,0.259765625,0.951171875,0.439453125,0.59875476
0.568359375,0.060546875,0.740234375,0.607421875,0.966796875,0.912109375,0.052734375,0.544921875,0.599609375,0.345703125,0.892578125,0.310546875,0.923828125,0.259765625,0.951171875,0.439453125,0.6045892
0.568359375,0.060546875,0.740234375,0.607421875,0.966796875,0.669921875,0.236328125,0.544921875,0.599609375,0.345703125,0.892578125,0.310546875,0.923828125,0.259765625,0.951171875,0.439453125,0.59536386
0.568359375,0.060546875,0.740234375,0.607421875,0.966796875,0.669921875,0.052734375,0.736328125,0.599609375,0.345703125,0.892578125,0.310546875,0.923828125,0.259765625,0.951171875,0.439453125,0.6045195
0.568359375,0.060546875,0.740234375,0.607421875,0.966796875,0.669921875,0.052734375,0.544921875,0.791015625,0.345703125,0.892578125,0.310546875,0.923828125,0.259765625,0.951171875,0.439453125,0.5882441
0.568359375,0.060546875,0.740234375,0.607421875,0.966796875,0.669921875,0.052734375,0.544921875,0.599609375,0.904296875,0.892578125,0.310546875,0.923828125,0.259765625,0.951171875,0.439453125,0.6094568
0.568359375,0.060546875,0.740234375,0.607421875,0.966796875,0.669921875,0.052734375,0.544921875,0.599609375,0.345703125,0.291015625,0.310546875,0.923828125,0.259765625,0.951171875,0.439453125,0.93782675
0.568359375,0.060546875,0.740234375,0.607421875,0.966796875,0.669921875,0.052734375,0.544921875,0.599609375,0.345703125,0.892578125,0.826171875,0.923828125,0.259765625,0.951171875,0.439453125,0.6115799
0.568359375,0.060546875,0.740234375,0.607421875,0.966796875,0.669921875,0.052734375,0.544921875,0.599609375,0.345703125,0.892578125,0.310546875,0.068359375,0.259765625,0.951171875,0.439453125,0.6045916
0.568359375,0.060546875,0.740234375,0.607421875,0.966796875,0.669921875,0.052734375,0.544921875,0.599609375,0.345703125,0.892578125,0.310546875,0.923828125,0.970703125,0.951171875,0.439453125,0.79170066
0.568359375,0.060546875,0.740234375,0.607421875,0.966796875,0.669921875,0.052734375,0.544921875,0.599609375,0.345703125,0.892578125,0.310546875,0.923828125,0.259765625,0.208984375,0.439453125,0.6351038
0.568359375,0.060546875,0.740234375,0.607421875,0.966796875,0.669921875,0.052734375,0.544921875,0.599609375,0.345703125,0.892578125,0.310546875,0.923828125,0.259765625,0.951171875,0.677734375,0.6045892
0.595703125,0.361328125,0.548828125,0.314453125,0.658203125,0.912109375,0.236328125,0.736328125,0.791015625,0.904296875,0.291015625,0.826171875,0.068359375,0.970703125,0.208984375,0.677734375,1.1408688
0.068359375,0.560546875,0.240234375,0.107421875,0.466796875,0.169921875,0.552734375,0.044921875,0.099609375,0.845703125,0.392578125,0.810546875,0.423828125,0.759765625,0.451171875,0.939453125,1.0534313
0.095703125,0.560546875,0.240234375,0.107421875,0.466796875,0.169921875,0.552734375,0.044921875,0.099609375,0.845703125,0.392578125,0.810546875,0.423828125,0.759765625,0.451171875,0.939453125,1.0534313
0.068359375,0.861328125,0.240234375,0.107421875,0.466796875,0.169921875,0.552734375,0.044921875,0.099609375,0.845703125,0.392578125,0.810546875,0.423828125,0.759765625,0.451171875,0.939453125,1.1140783
0.068359375,0.560546875,0.048828125,0.107421875,0.466796875,0.169921875,0.552734375,0.044921875,0.099609375,0.845703125,0.392578125,0.810546875,0.423828125,0.759765625,0.451171875,0.939453125,1.0608087
0.068359375,0.560546875,0.240234375,0.814453125,0.466796875,0.169921875,0.552734375,0.044921875,0.099609375,0.845703125,0.392578125,0.810546875,0.423828125,0.759765625,0.451171875,0.939453125,1.1546988
0.068359375,0.560546875,0.240234375,0.107421875,0.158203125,0.169921875,0.552734375,0.044921875,0.099609375,0.845703125,0.392578125,0.810546875,0.423828125,0.759765625,0.451171875,0.939453125,1.0499775
0.068359375,0.560546875,0.240234375,0.107421875,0.466796875,0.412109375,0.552734375,0.044921875,0.099609375,0.845703125,0.392578125,0.810546875,0.423828125,0.759765625,0.451171875,0.939453125,1.0534313
0.068359375,0.560546875,0.240234375,0.107421875,0.466796875,0.169921875,0.736328125,0.044921875,0.099609375,0.845703125,0.392578125,0.810546875,0.423828125,0.759765625,0.451171875,0.939453125,1.0261567
0.068359375,0.560546875,0.240234375,0.107421875,0.466796875,0.169921875,0.552734375,0.236328125,0.099609375,0.845703125,0.392578125,0.810546875,0.423828125,0.759765625,0.451171875,0.939453125,1.0534356
0.068359375,0.560546875,0.240234375,0.107421875,0.466796875,0.169921875,0.552734375,0.044921875,0.291015625,0.845703125,0.392578125,0.810546875,0.423828125,0.759765625,0.451171875,0.939453125,1.0952141
0.068359375,0.560546875,0.240234375,0.107421875,0.466796875,0.169921875,0.552734375,0.044921875,0.099609375,0.404296875,0.392578125,0.810546875,0.423828125,0.759765625,0.451171875,0.939453125,1.0519226
0.068359375,0.560546875,0.240234375,0.107421875,0.466796875,0.169921875,0.552734375,0.044921875,0.099609375,0.845703125,0.791015625,0.810546875,0.423828125,0.759765625,0.451171875,0.939453125,0.83525574
0.068359375,0.560546875,0.240234375,0.107421875,0.466796875,0.169921875,0.552734375,0.044921875,0.099609375,0.845703125,0.392578125,0.326171875,0.423828125,0.759765625,0.451171875,0.939453125,1.0469463
0.068359375,0.560546875,0.240234375,0.107421875,0.466796875,0.169921875,0.552734375,0.044921875,0.099609375,0.845703125,0.392578125,0.810546875,0.568359375,0.759765625,0.451171875,0.939453125,1.0531373
0.068359375,0.560546875,0.240234375,0.107421875,0.466796875,0.169921875,0.552734375,0.044921875,0.099609375,0.845703125,0.392578125,0.810546875,0.423828125,0.470703125,0.451171875,0.939453125,0.97843623
0.068359375,0.560546875,0.240234375,0.107421875,0.466796875,0.169921875,0.552734375,0.044921875,0.099609375,0.845703125,0.392578125,0.810546875,0.423828125,0.759765625,0.708984375,0.939453125,1.0429997
0.068359375,0.560546875,0.240234375,0.107421875,0.466796875,0.169921875,0.552734375,0.044921875,0.099609375,0.845703125,0.392578125,0.810546875,0.423828125,0.759765625,0.451171875,0.177734375,1.0534313
0.095703125,0.861328125,0.048828125,0.814453125,0.158203125,0.412109375,0.736328125,0.236328125,0.291015625,0.404296875,0.791015625,0.326171875,0.568359375,0.470703125,0.708984375,0.177734375,0.9218925
0.099609375,0.029296875,0.833984375,0.888671875,0.560546875,0.888671875,0.833984375,0.513671875,0.193359375,0.251953125,0.423828125,0.591796875,0.580078125,0.978515625,0.857421875,0.158203125,1.0522839
0.126953125,0.029296875,0.833984375,0.888671875,0.560546875,0.888671875,0.833984375,0.513671875,0.193359375,0.251953125,0.423828125,0.591796875,0.580078125,0.978515625,0.857421875,0.158203125,1.0522839
0.099609375,0.705078125,0.833984375,0.888671875,0.560546875,0.888671875,0.833984375,0.513671875,0.193359375,0.251953125,0.423828125,0.591796875,0.580078125,0.978515625,0.857421875,0.158203125,1.1408341
0.099609375,0.029296875,0.580078125,0.888671875,0.560546875,0.888671875,0.833984375,0.513671875,0.193359375,0.251953125,0.423828125,0.591796875,0.580078125,0.978515625,0.857421875,0.158203125,1.0740428
0.099609375,0.029296875,0.833984375,0.408203125,0.560546875,0.888671875,0.833984375,0.513671875,0.193359375,0.251953125,0.423828125,0.591796875,0.580078125,0.978515625,0.857421875,0.158203125,0.9484785
0.099609375,0.029296875,0.833984375,0.888671875,0.251953125,0.888671875,0.833984375,0.513671875,0.193359375,0.251953125,0.423828125,0.591796875,0.580078125,0.978515625,0.857421875,0.158203125,1.0484312
0.099609375,0.029296875,0.833984375,0.888671875,0.560546875,0.318359375,0.833984375,0.513671875,0.193359375,0.251953125,0.423828125,0.591796875,0.580078125,0.978515625,0.857421875,0.158203125,1.0522839
0.099609375,0.029296875,0.833984375,0.888671875,0.560546875,0.888671875,0.705078125,0.513671875,0.193359375,0.251953125,0.423828125,0.591796875,0.580078125,0.978515625,0.857421875,0.158203125,1.0760986
0.099609375,0.029296875,0.833984375,0.888671875,0.560546875,0.888671875,0.833984375,0.455078125,0.193359375,0.251953125,0.423828125,0.591796875,0.580078125,0.978515625,0.857421875,0.158203125,1.0522839
0.099609375,0.029296875,0.833984375,0.888671875,0.560546875,0.888671875,0.833984375,0.513671875,0.572265625,0.251953125,0.423828125,0.591796875,0.580078125,0.978515625,0.857421875,0.158203125,1.0703056
0.099609375,0.029296875,0.833984375,0.888671875,0.560546875,0.888671875,0.833984375,0.513671875,0.193359375,0.998046875,0.423828125,0.591796875,0.580078125,0.978515625,0.857421875,0.158203125,1.0839974
0.099609375,0.029296875,0.833984375,0.888671875,0.560546875,0.888671875,0.833984375,0.513671875,0.193359375,0.251953125,0.822265625,0.591796875,0.580078125,0.978515625,0.857421875,0.158203125,0.8082748
0.099609375,0.029296875,0.833984375,0.888671875,0.560546875,0.888671875,0.833984375,0.513671875,0.193359375,0.251953125,0.423828125,0.357421875,0.580078125,0.978515625,0.857421875,0.158203125,1.0480067
0.099609375,0.029296875,0.833984375,0.888671875,0.560546875,0.888671875,0.833984375,0.513671875,0.193359375,0.251953125,0.423828125,0.591796875,0.974609375,0.978515625,0.857421875,0.158203125,1.0526142
0.099609375,0.029296875,0.833984375,0.888671875,0.560546875,0.888671875,0.833984375,0.513671875,0.193359375,0.251953125,0.423828125,0.591796875,0.580078125,0.689453125,0.857421875,0.158203125,0.9575718
0.099609375,0.029296875,0.833984375,0.888671875,0.560546875,0.888671875,0.833984375,0.513671875,0.193359375,0.251953125,0.423828125,0.591796875,0.580078125,0.978515625,0.052734375,0.158203125,1.0805362
0.099609375,0.029296875,0.833984375,0.888671875,0.560546875,0.888671875,0.833984375,0.513671875,0.193359375,0.251953125,0.423828125,0.591796875,0.580078125,0.978515625,0.857421875,0.271484375,1.0522839
0.126953125,0.705078125,0.580078125,0.408203125,0.251953125,0.318359375,0.705078125,0.455078125,0.572265625,0.998046875,0.822265625,0.357421875,0.974609375,0.689453125,0.052734375,0.271484375,0.814069
0.599609375,0.529296875,0.333984375,0.388671875,0.060546875,0.388671875,0.333984375,0.013671875,0.693359375,0.751953125,0.923828125,0.091796875,0.080078125,0.478515625,0.357421875,0.658203125,0.63702816
0.626953125,0.529296875,0.333984375,0.388671875,0.060546875,0.388671875,0.333984375,0.013671875,0.693359375,0.751953125,0.923828125,0.091796875,0.080078125,0.478515625,0.357421875,0.658203125,0.63702816
0.599609375,0.205078125,0.333984375,0.388671875,0.060546875,0.388671875,0.333984375,0.013671875,0.693359375,0.751953125,0.923828125,0.091796875,0.080078125,0.478515625,0.357421875,0.658203125,0.5951971
0.599609375,0.529296875,0.080078125,0.388671875,0.060546875,0.388671875,0.333984375,0.013671875,0.693359375,0.751953125,0.923828125,0.091796875,0.080078125,0.478515625,0.357421875,0.658203125,0.64792717
0.599609375,0.529296875,0.333984375,0.908203125,0.060546875,0.388671875,0.333984375,0.013671875,0.693359375,0.751953125,0.923828125,0.091796875,0.080078125,0.478515625,0.357421875,0.658203125,0.74608225
0.599609375,0.529296875,0.333984375,0.388671875,0.751953125,0.388671875,0.333984375,0.013671875,0.693359375,0.751953125,0.923828125,0.091796875,0.080078125,0.478515625,0.357421875,0.658203125,0.645749
0.599609375,0.529296875,0.333984375,0.388671875,0.060546875,0.818359375,0.333984375,0.013671875,0.693359375,0.751953125,0.923828125,0.091796875,0.080078125,0.478515625,0.357421875,0.658203125,0.63702816
0.599609375,0.529296875,0.333984375,0.388671875,0.060546875,0.388671875,0.205078125,0.013671875,0.693359375,0.751953125,0.923828125,0.091796875,0.080078125,0.478515625,0.357421875,0.658203125,0.64583385
0.599609375,0.529296875,0.333984375,0.388671875,0.060546875,0.388671875,0.333984375,0.955078125,0.693359375,0.751953125,0.923828125,0.091796875,0.080078125,0.478515625,0.357421875,0.658203125,0.63702804
0.599609375,0.529296875,0.333984375,0.388671875,0.060546875,0.388671875,0.333984375,0.013671875,0.072265625,0.751953125,0.923828125,0.091796875,0.080078125,0.478515625,0.357421875,0.658203125,0.63634163
0.599609375,0.529296875,0.333984375,0.388671875,0.060546875,0.388671875,0.333984375,0.013671875,0.693359375,0.498046875,0.923828125,0.091796875,0.080078125,0.478515625,0.357421875,0.658203125,0.6367993
0.599609375,0.529296875,0.333984375,0.388671875,0.060546875,0.388671875,0.333984375,0.013671875,0.693359375,0.751953125,0.322265625,0.091796875,0.080078125,0.478515625,0.357421875,0.658203125,0.9975707
0.599609375,0.529296875,0.333984375,0.388671875,0.060546875,0.388671875,0.333984375,0.013671875,0.693359375,0.751953125,0.923828125,0.857421875,0.080078125,0.478515625,0.357421875,0.658203125,0.65320474
0.599609375,0.529296875,0.333984375,0.388671875,0.060546875,0.388671875,0.333984375,0.013671875,0.693359375,0.751953125,0.923828125,0.091796875,0.474609375,0.478515625,0.357421875,0.658203125,0.63692564
0.599609375,0.529296875,0.333984375,0.388671875,0.060546875,0.388671875,0.333984375,0.013671875,0.693359375,0.751953125,0.923828125,0.091796875,0.080078125,0.189453125,0.357421875,0.658203125,0.5830846
0.599609375,0.529296875,0.333984375,0.388671875,0.060546875,0.388671875,0.333984375,0.013671875,0.693359375,0.751953125,0.923828125,0.091796875,0.080078125,0.478515625,0.552734375,0.658203125,0.63033116
0.599609375,0.529296875,0.333984375,0.388671875,0.060546875,0.388671875,0.333984375,0.013671875,0.693359375,0.751953125,0.923828125,0.091796875,0.080078125,0.478515625,0.357421875,0.771484375,0.63702816
0.626953125,0.205078125,0.080078125,0.908203125,0.751953125,0.818359375,0.205078125,0.955078125,0.072265625,0.498046875,0.322265625,0.857421875,0.474609375,0.189453125,0.552734375,0.771484375,1.0477371
0.849609375,0.279296875,0.583984375,0.638671875,0.310546875,0.138671875,0.583984375,0.263671875,0.943359375,0.501953125,0.673828125,0.341796875,0.830078125,0.728515625,0.107421875,0.408203125,0.9701524
0.876953125,0.279296875,0.583984375,0.638671875,0.310546875,0.138671875,0.583984375,0.263671875,0.943359375,0.501953125,0.673828125,0.341796875,0.830078125,0.728515625,0.107421875,0.408203125,0.9701524
0.849609375,0.955078125,0.583984375,0.638671875,0.310546875,0.138671875,0.583984375,0.263671875,0.943359375,0.501953125,0.673828125,0.341796875,0.830078125,0.728515625,0.107421875,0.408203125,1.0933424
0.849609375,0.279296875,0.330078125,0.638671875,0.310546875,0.138671875,0.583984375,0.263671875,0.943359375,0.501953125,0.673828125,0.341796875,0.830078125,0.728515625,0.107421875,0.408203125,0.98601556
0.849609375,0.279296875,0.583984375,0.158203125,0.310546875,0.138671875,0.583984375,0.263671875,0.943359375,0.501953125,0.673828125,0.341796875,0.830078125,0.728515625,0.107421875,0.408203125,0.9163891
0.849609375,0.279296875,0.583984375,0.638671875,0.001953125,0.138671875,0.583984375,0.263671875,0.943359375,0.501953125,0.673828125,0.341796875,0.830078125,0.728515625,0.107421875,0.408203125,0.9673152
0.849609375,0.279296875,0.583984375,0.638671875,0.310546875,0.568359375,0.583984375,0.263671875,0.943359375,0.501953125,0.673828125,0.341796875,0.830078125,0.728515625,0.107421875,0.408203125,0.9701524
0.849609375,0.279296875,0.583984375,0.638671875,0.310546875,0.138671875,0.955078125,0.263671875,0.943359375,0.501953125,0.673828125,0.341796875,0.830078125,0.728515625,0.107421875,0.408203125,0.90093327
0.849609375,0.279296875,0.583984375,0.638671875,0.310546875,0.138671875,0.583984375,0.205078125,0.943359375,0.501953125,0.673828125,0.341796875,0.830078125,0.728515625,0.107421875,0.408203125,0.9701493
0.849609375,0.279296875,0.583984375,0.638671875,0.310546875,0.138671875,0.583984375,0.263671875,0.822265625,0.501953125,0.673828125,0.341796875,0.830078125,0.728515625,0.107421875,0.408203125,0.9345889
0.849609375,0.279296875,0.583984375,0.638671875,0.310546875,0.138671875,0.583984375,0.263671875,0.943359375,0.248046875,0.673828125,0.341796875,0.830078125,0.728515625,0.107421875,0.408203125,0.9360776
0.849609375,0.279296875,0.583984375,0.638671875,0.310546875,0.138671875,0.583984375,0.263671875,0.943359375,0.501953125,0.572265625,0.341796875,0.830078125,0.728515625,0.107421875,0.408203125,1.0315199
0.849609375,0.279296875,0.583984375,0.638671875,0.310546875,0.138671875,0.583984375,0.263671875,0.943359375,0.501953125,0.673828125,0.607421875,0.830078125,0.728515625,0.107421875,0.408203125,0.97502244
0.849609375,0.279296875,0.583984375,0.638671875,0.310546875,0.138671875,0.583984375,0.263671875,0.943359375,0.501953125,0.673828125,0.341796875,0.724609375,0.728515625,0.107421875,0.408203125,0.97013617
0.849609375,0.279296875,0.583984375,0.638671875,0.310546875,0.138671875,0.583984375,0.263671875,0.943359375,0.501953125,0.673828125,0.341796875,0.830078125,0.439453125,0.107421875,0.408203125,0.89772767
0.849609375,0.279296875,0.583984375,0.638671875,0.310546875,0.138671875,0.583984375,0.263671875,0.943359375,0.501953125,0.673828125,0.341796875,0.830078125,0.728515625,0.302734375,0.408203125,0.96555585
0.849609375,0.279296875,0.583984375,0.638671875,0.310546875,0.138671875,0.583984375,0.263671875,0.943359375,0.501953125,0.673828125,0.341796875,0.830078125,0.728515625,0.107421875,0.021484375,0.9701524
0.876953125,0.955078125,0.330078125,0.158203125,0.001953125,0.568359375,0.955078125,0.205078125,0.822265625,0.248046875,0.572265625,0.607421875,0.724609375,0.439453125,0.302734375,0.021484375,0.9029442
0.349609375,0.779296875,0.083984375,0.138671875,0.810546875,0.638671875,0.083984375,0.763671875,0.443359375,0.001953125,0.173828125,0.841796875,0.330078125,0.228515625,0.607421875,0.908203125,-3.0705981
0.376953125,0.779296875,0.083984375,0.138671875,0.810546875,0.638671875,0.083984375,0.763671875,0.443359375,0.001953125,0.173828125,0.841796875,0.330078125,0.228515625,0.607421875,0.908203125,-3.0705981
0.349609375,0.455078125,0.083984375,0.138671875,0.810546875,0.638671875,0.083984375,0.763671875,0.443359375,0.001953125,0.173828125,0.841796875,0.330078125,0.228515625,0.607421875,0.908203125,-3.1290483
0.349609375,0.779296875,0.830078125,0.138671875,0.810546875,0.638671875,0.083984375,0.763671875,0.443359375,0.001953125,0.173828125,0.841796875,0.330078125,0.228515625,0.607421875,0.908203125,-3.1181097
0.349609375,0.779296875,0.083984375,0.658203125,0.810546875,0.638671875,0.083984375,0.763671875,0.443359375,0.001953125,0.173828125,0.841796875,0.330078125,0.228515625,0.607421875,0.908203125,-3.0113554
0.349609375,0.779296875,0.083984375,0.138671875,0.501953125,0.638671875,0.083984375,0.763671875,0.443359375,0.001953125,0.173828125,0.841796875,0.330078125,0.228515625,0.607421875,0.908203125,-3.0756216
0.349609375,0.779296875,0.083984375,0.138671875,0.810546875,0.068359375,0.083984375,0.763671875,0.443359375,0.001953125,0.173828125,0.841796875,0.330078125,0.228515625,0.607421875,0.908203125,-3.0705981
0.349609375,0.779296875,0.083984375,0.138671875,0.810546875,0.638671875,0.455078125,0.763671875,0.443359375,0.001953125,0.173828125,0.841796875,0.330078125,0.228515625,0.607421875,0.908203125,-3.096423
0.349609375,0.779296875,0.083984375,0.138671875,0.810546875,0.638671875,0.083984375,0.705078125,0.443359375,0.001953125,0.173828125,0.841796875,0.330078125,0.228515625,0.607421875,0.908203125,-3.0705957
0.349609375,0.779296875,0.083984375,0.138671875,0.810546875,0.638671875,0.083984375,0.763671875,0.322265625,0.001953125,0.173828125,0.841796875,0.330078125,0.228515625,0.607421875,0.908203125,-3.081417
0.349609375,0.779296875,0.083984375,0.138671875,0.810546875,0.638671875,0.083984375,0.763671875,0.443359375,0.748046875,0.173828125,0.841796875,0.330078125,0.228515625,0.607421875,0.908203125,1.0977672
0.349609375,0.779296875,0.083984375,0.138671875,0.810546875,0.638671875,0.083984375,0.763671875,0.443359375,0.001953125,0.072265625,0.841796875,0.330078125,0.228515625,0.607421875,0.908203125,-3.0678189
0.349609375,0.779296875,0.083984375,0.138671875,0.810546875,0.638671875,0.083984375,0.763671875,0.443359375,0.001953125,0.173828125,0.107421875,0.330078125,0.228515625,0.607421875,0.908203125,-3.0859277
0.349609375,0.779296875,0.083984375,0.138671875,0.810546875,0.638671875,0.083984375,0.763671875,0.443359375,0.001953125,0.173828125,0.841796875,0.224609375,0.228515625,0.607421875,0.908203125,-3.0705907
0.349609375,0.779296875,0.083984375,0.138671875,0.810546875,0.638671875,0.083984375,0.763671875,0.443359375,0.001953125,0.173828125,0.841796875,0.330078125,0.939453125,0.607421875,0.908203125,-2.8898396
0.349609375,0.779296875,0.083984375,0.138671875,0.810546875,0.638671875,0.083984375,0.763671875,0.443359375,0.001953125,0.173828125,0.841796875,0.330078125,0.228515625,0.802734375,0.908203125,-3.0797904
0.349609375,0.779296875,0.083984375,0.138671875,0.810546875,0.638671875,0.083984375,0.763671875,0.443359375,0.001953125,0.173828125,0.841796875,0.330078125,0.228515625,0.607421875,0.521484375,-3.0705981
0.376953125,0.455078125,0.830078125,0.658203125,0.501953125,0.068359375,0.455078125,0.705078125,0.322265625,0.748046875,0.072265625,0.107421875,0.224609375,0.939453125,0.802734375,0.521484375,1.1684068
0.474609375,0.404296875,0.458984375,0.013671875,0.935546875,0.763671875,0.708984375,0.388671875,0.818359375,0.876953125,0.548828125,0.966796875,0.955078125,0.353515625,0.732421875,0.783203125,0.8612643
0.251953125,0.404296875,0.458984375,0.013671875,0.935546875,0.763671875,0.708984375,0.388671875,0.818359375,0.876953125,0.548828125,0.966796875,0.955078125,0.353515625,0.732421875,0.783203125,0.8612643
0.474609375,0.330078125,0.458984375,0.013671875,0.935546875,0.763671875,0.708984375,0.388671875,0.818359375,0.876953125,0.548828125,0.966796875,0.955078125,0.353515625,0.732421875,0.783203125,0.85173076
0.474609375,0.404296875,0.455078125,0.013671875,0.935546875,0.763671875,0.708984375,0.388671875,0.818359375,0.876953125,0.548828125,0.966796875,0.955078125,0.353515625,0.732421875,0.783203125,0.8615077
0.474609375,0.404296875,0.458984375,0.283203125,0.935546875,0.763671875,0.708984375,0.388671875,0.818359375,0.876953125,0.548828125,0.966796875,0.955078125,0.353515625,0.732421875,0.783203125,0.8666974
0.474609375,0.404296875,0.458984375,0.013671875,0.376953125,0.763671875,0.708984375,0.388671875,0.818359375,0.876953125,0.548828125,0.966796875,0.955078125,0.353515625,0.732421875,0.783203125,0.85213023
0.474609375,0.404296875,0.458984375,0.013671875,0.935546875,0.443359375,0.708984375,0.388671875,0.818359375,0.876953125,0.548828125,0.966796875,0.955078125,0.353515625,0.732421875,0.783203125,0.8612643
0.474609375,0.404296875,0.458984375,0.013671875,0.935546875,0.763671875,0.830078125,0.388671875,0.818359375,0.876953125,0.548828125,0.966796875,0.955078125,0.353515625,0.732421875,0.783203125,0.8388964
0.474609375,0.404296875,0.458984375,0.013671875,0.935546875,0.763671875,0.708984375,0.580078125,0.818359375,0.876953125,0.548828125,0.966796875,0.955078125,0.353515625,0.732421875,0.783203125,0.8612493
0.474609375,0.404296875,0.458984375,0.013671875,0.935546875,0.763671875,0.708984375,0.388671875,0.447265625,0.876953125,0.548828125,0.966796875,0.955078125,0.353515625,0.732421875,0.783203125,0.9100788
0.474609375,0.404296875,0.458984375,0.013671875,0.935546875,0.763671875,0.708984375,0.388671875,0.818359375,0.123046875,0.548828125,0.966796875,0.955078125,0.353515625,0.732421875,0.783203125,0.44792452
0.474609375,0.404296875,0.458984375,0.013671875,0.935546875,0.763671875,0.708984375,0.388671875,0.818359375,0.876953125,0.697265625,0.966796875,0.955078125,0.353515625,0.732421875,0.783203125,0.7713583
0.474609375,0.404296875,0.458984375,0.013671875,0.935546875,0.763671875,0.708984375,0.388671875,0.818359375,0.876953125,0.548828125,0.982421875,0.955078125,0.353515625,0.732421875,0.783203125,0.86126494
0.474609375,0.404296875,0.458984375,0.013671875,0.935546875,0.763671875,0.708984375,0.388671875,0.818359375,0.876953125,0.548828125,0.966796875,0.849609375,0.353515625,0.732421875,0.783203125,0.86126035
0.474609375,0.404296875,0.458984375,0.013671875,0.935546875,0.763671875,0.708984375,0.388671875,0.818359375,0.876953125,0.548828125,0.966796875,0.955078125,0.564453125,0.732421875,0.783203125,0.90697175
0.474609375,0.404296875,0.458984375,0.013671875,0.935546875,0.763671875,0.708984375,0.388671875,0.818359375,0.876953125,0.548828125,0.966796875,0.955078125,0.353515625,0.427734375,0.783203125,0.8736033
0.474609375,0.404296875,0.458984375,0.013671875,0.935546875,0.763671875,0.708984375,0.388671875,0.818359375,0.876953125,0.548828125,0.966796875,0.955078125,0.353515625,0.732421875,0.396484375,0.8612643
0.251953125,0.330078125,0.455078125,0.283203125,0.376953125,0.443359375,0.830078125,0.580078125,0.447265625,0.123046875,0.697265625,0.982421875,0.849609375,0.564453125,0.427734375,0.396484375,0.42950273
0.974609375,0.904296875,0.958984375,0.513671875,0.435546875,0.263671875,0.208984375,0.888671875,0.318359375,0.376953125,0.048828125,0.466796875,0.455078125,0.853515625,0.232421875,0.283203125,1.2290387
0.751953125,0.904296875,0.958984375,0.513671875,0.435546875,0.263671875,0.208984375,0.888671875,0.318359375,0.376953125,0.048828125,0.466796875,0.455078125,0.853515625,0.232421875,0.283203125,1.2290387
0.974609375,0.830078125,0.958984375,0.513671875,0.435546875,0.263671875,0.208984375,0.888671875,0.318359375,0.376953125,0.048828125,0.466796875,0.455078125,0.853515625,0.232421875,0.283203125,1.2112591
0.974609375,0.904296875,0.955078125,0.513671875,0.435546875,0.263671875,0.208984375,0.888671875,0.318359375,0.376953125,0.048828125,0.466796875,0.455078125,0.853515625,0.232421875,0.283203125,1.2294779
0.974609375,0.904296875,0.958984375,0.783203125,0.435546875,0.263671875,0.208984375,0.888671875,0.318359375,0.376953125,0.048828125,0.466796875,0.455078125,0.853515625,0.232421875,0.283203125,1.2953334
0.974609375,0.904296875,0.958984375,0.513671875,0.876953125,0.263671875,0.208984375,0.888671875,0.318359375,0.376953125,0.048828125,0.466796875,0.455078125,0.853515625,0.232421875,0.283203125,1.236239
0.974609375,0.904296875,0.958984375,0.513671875,0.435546875,0.943359375,0.208984375,0.888671875,0.318359375,0.376953125,0.048828125,0.466796875,0.455078125,0.853515625,0.232421875,0.283203125,1.2290387
0.974609375,0.904296875,0.958984375,0.513671875,0.435546875,0.263671875,0.330078125,0.888671875,0.318359375,0.376953125,0.048828125,0.466796875,0.455078125,0.853515625,0.232421875,0.283203125,1.2207692
0.974609375,0.904296875,0.958984375,0.513671875,0.435546875,0.263671875,0.208984375,0.080078125,0.318359375,0.376953125,0.048828125,0.466796875,0.455078125,0.853515625,0.232421875,0.283203125,1.229039
0.974609375,0.904296875,0.958984375,0.513671875,0.435546875,0.263671875,0.208984375,0.888671875,0.947265625,0.376953125,0.048828125,0.466796875,0.455078125,0.853515625,0.232421875,0.283203125,1.2291882
0.974609375,0.904296875,0.958984375,0.513671875,0.435546875,0.263671875,0.208984375,0.888671875,0.318359375,0.623046875,0.048828125,0.466796875,0.455078125,0.853515625,0.232421875,0.283203125,1.2316251
0.974609375,0.904296875,0.958984375,0.513671875,0.435546875,0.263671875,0.208984375,0.888671875,0.318359375,0.376953125,0.197265625,0.466796875,0.455078125,0.853515625,0.232421875,0.283203125,1.224884
0.974609375,0.904296875,0.958984375,0.513671875,0.435546875,0.263671875,0.208984375,0.888671875,0.318359375,0.376953125,0.048828125,0.482421875,0.455078125,0.853515625,0.232421875,0.283203125,1.2293191
0.974609375,0.904296875,0.958984375,0.513671875,0.435546875,0.263671875,0.208984375,0.888671875,0.318359375,0.376953125,0.048828125,0.466796875,0.349609375,0.853515625,0.232421875,0.283203125,1.2290912
0.974609375,0.904296875,0.958984375,0.513671875,0.435546875,0.263671875,0.208984375,0.888671875,0.318359375,0.376953125,0.048828125,0.466796875,0.455078125,0.064453125,0.232421875,0.283203125,1.0542419
0.974609375,0.904296875,0.958984375,0.513671875,0.435546875,0.263671875,0.208984375,0.888671875,0.318359375,0.376953125,0.048828125,0.466796875,0.455078125,0.853515625,0.927734375,0.283203125,1.2005144
0.974609375,0.904296875,0.958984375,0.513671875,0.435546875,0.263671875,0.208984375,0.888671875,0.318359375,0.376953125,0.048828125,0.466796875,0.455078125,0.853515625,0.232421875,0.896484375,1.2290387
0.751953125,0.830078125,0.955078125,0.783203125,0.876953125,0.943359375,0.330078125,0.080078125,0.947265625,0.623046875,0.197265625,0.482421875,0.349609375,0.064453125,0.927734375,0.896484375,1.0725172
0.724609375,0.154296875,0.208984375,0.263671875,0.185546875,0.013671875,0.958984375,0.638671875,0.068359375,0.126953125,0.298828125,0.216796875,0.705078125,0.103515625,0.482421875,0.533203125,0.4086388
0.501953125,0.154296875,0.208984375,0.263671875,0.185546875,0.013671875,0.958984375,0.638671875,0.068359375,0.126953125,0.298828125,0.216796875,0.705078125,0.103515625,0.482421875,0.533203125,0.4086388
0.724609375,0.080078125,0.208984375,0.263671875,0.185546875,0.013671875,0.958984375,0.638671875,0.068359375,0.126953125,0.298828125,0.216796875,0.705078125,0.103515625,0.482421875,0.533203125,0.4022723
0.724609375,0.154296875,0.705078125,0.263671875,0.185546875,0.013671875,0.958984375,0.638671875,0.068359375,0.126953125,0.298828125,0.216796875,0.705078125,0.103515625,0.482421875,0.533203125,0.37742424
0.724609375,0.154296875,0.208984375,0.033203125,0.185546875,0.013671875,0.958984375,0.638671875,0.068359375,0.126953125,0.298828125,0.216796875,0.705078125,0.103515625,0.482421875,0.533203125,0.4041614
0.724609375,0.154296875,0.208984375,0.263671875,0.126953125,0.013671875,0.958984375,0.638671875,0.068359375,0.126953125,0.298828125,0.216796875,0.705078125,0.103515625,0.482421875,0.533203125,0.4081019
0.724609375,0.154296875,0.208984375,0.263671875,0.185546875,0.693359375,0.958984375,0.638671875,0.068359375,0.126953125,0.298828125,0.216796875,0.705078125,0.103515625,0.482421875,0.533203125,0.4086388
0.724609375,0.154296875,0.208984375,0.263671875,0.185546875,0.013671875,0.580078125,0.638671875,0.068359375,0.126953125,0.298828125,0.216796875,0.705078125,0.103515625,0.482421875,0.533203125,0.47934797
0.724609375,0.154296875,0.208984375,0.263671875,0.185546875,0.013671875,0.958984375,0.830078125,0.068359375,0.126953125,0.298828125,0.216796875,0.705078125,0.103515625,0.482421875,0.533203125,0.40862808
0.724609375,0.154296875,0.208984375,0.263671875,0.185546875,0.013671875,0.958984375,0.638671875,0.197265625,0.126953125,0.298828125,0.216796875,0.705078125,0.103515625,0.482421875,0.533203125,0.42089766
0.724609375,0.154296875,0.208984375,0.263671875,0.185546875,0.013671875,0.958984375,0.638671875,0.068359375,0.873046875,0.298828125,0.216796875,0.705078125,0.103515625,0.482421875,0.533203125,0.79124534
0.724609375,0.154296875,0.208984375,0.263671875,0.185546875,0.013671875,0.958984375,0.638671875,0.068359375,0.126953125,0.947265625,0.216796875,0.705078125,0.103515625,0.482421875,0.533203125,0.024328064
0.724609375,0.154296875,0.208984375,0.263671875,0.185546875,0.013671875,0.958984375,0.638671875,0.068359375,0.126953125,0.298828125,0.232421875,0.705078125,0.103515625,0.482421875,0.533203125,0.40924978
0.724609375,0.154296875,0.208984375,0.263671875,0.185546875,0.013671875,0.958984375,0.638671875,0.068359375,0.126953125,0.298828125,0.216796875,0.599609375,0.103515625,0.482421875,0.533203125,0.40833756
0.724609375,0.154296875,0.208984375,0.263671875,0.185546875,0.013671875,0.958984375,0.638671875,0.068359375,0.126953125,0.298828125,0.216796875,0.705078125,0.314453125,0.482421875,0.533203125,0.44215798
0.724609375,0.154296875,0.208984375,0.263671875,0.185546875,0.013671875,0.958984375,0.638671875,0.068359375,0.126953125,0.298828125,0.216796875,0.705078125,0.103515625,0.177734375,0.533203125,0.41739327
0.724609375,0.154296875,0.208984375,0.263671875,0.185546875,0.013671875,0.958984375,0.638671875,0.068359375,0.126953125,0.298828125,0.216796875,0.705078125,0.103515625,0.482421875,0.146484375,0.40863878
0.501953125,0.080078125,0.705078125,0.033203125,0.126953125,0.693359375,0.580078125,0.830078125,0.197265625,0.873046875,0.947265625,0.232421875,0.599609375,0.314453125,0.177734375,0.146484375,0.48987988
0.224609375,0.654296875,0.708984375,0.763671875,0.685546875,0.513671875,0.458984375,0.138671875,0.568359375,0.626953125,0.798828125,0.716796875,0.205078125,0.603515625,0.982421875,0.033203125,0.8789805
0.001953125,0.654296875,0.708984375,0.763671875,0.685546875,0.513671875,0.458984375,0.138671875,0.568359375,0.626953125,0.798828125,0.716796875,0.205078125,0.603515625,0.982421875,0.033203125,0.8789805
0.224609375,0.580078125,0.708984375,0.763671875,0.685546875,0.513671875,0.458984375,0.138671875,0.568359375,0.626953125,0.798828125,0.716796875,0.205078125,0.603515625,0.982421875,0.033203125,0.86564267
0.224609375,0.654296875,0.205078125,0.763671875,0.685546875,0.513671875,0.458984375,0.138671875,0.568359375,0.626953125,0.798828125,0.716796875,0.205078125,0.603515625,0.982421875,0.033203125,0.91069627
0.224609375,0.654296875,0.708984375,0.533203125,0.685546875,0.513671875,0.458984375,0.138671875,0.568359375,0.626953125,0.798828125,0.716796875,0.205078125,0.603515625,0.982421875,0.033203125,0.8212867
0.224609375,0.654296875,0.708984375,0.763671875,0.626953125,0.513671875,0.458984375,0.138671875,0.568359375,0.626953125,0.798828125,0.716796875,0.205078125,0.603515625,0.982421875,0.033203125,0.8780285
0.224609375,0.654296875,0.708984375,0.763671875,0.685546875,0.193359375,0.458984375,0.138671875,0.568359375,0.626953125,0.798828125,0.716796875,0.205078125,0.603515625,0.982421875,0.033203125,0.8789805
0.224609375,0.654296875,0.708984375,0.763671875,0.685546875,0.513671875,0.080078125,0.138671875,0.568359375,0.626953125,0.798828125,0.716796875,0.205078125,0.603515625,0.982421875,0.033203125,0.9053725
0.224609375,0.654296875,0.708984375,0.763671875,0.685546875,0.513671875,0.458984375,0.330078125,0.568359375,0.626953125,0.798828125,0.716796875,0.205078125,0.603515625,0.982421875,0.033203125,0.87899446
0.224609375,0.654296875,0.708984375,0.763671875,0.685546875,0.513671875,0.458984375,0.138671875,0.697265625,0.626953125,0.798828125,0.716796875,0.205078125,0.603515625,0.982421875,0.033203125,0.8484217
0.224609375,0.654296875,0.708984375,0.763671875,0.685546875,0.513671875,0.458984375,0.138671875,0.568359375,0.373046875,0.798828125,0.716796875,0.205078125,0.603515625,0.982421875,0.033203125,0.8761805
0.224609375,0.654296875,0.708984375,0.763671875,0.685546875,0.513671875,0.458984375,0.138671875,0.568359375,0.626953125,0.447265625,0.716796875,0.205078125,0.603515625,0.982421875,0.033203125,1.0942265
0.224609375,0.654296875,0.708984375,0.763671875,0.685546875,0.513671875,0.458984375,0.138671875,0.568359375,0.626953125,0.798828125,0.732421875,0.205078125,0.603515625,0.982421875,0.033203125,0.8790576
0.224609375,0.654296875,0.708984375,0.763671875,0.685546875,0.513671875,0.458984375,0.138671875,0.568359375,0.626953125,0.798828125,0.716796875,0.099609375,0.603515625,0.982421875,0.033203125,0.87898284
0.224609375,0.654296875,0.708984375,0.763671875,0.685546875,0.513671875,0.458984375,0.138671875,0.568359375,0.626953125,0.798828125,0.716796875,0.205078125,0.814453125,0.982421875,0.033203125,0.93952376
0.224609375,0.654296875,0.708984375,0.763671875,0.685546875,0.513671875,0.458984375,0.138671875,0.568359375,0.626953125,0.798828125,0.716796875,0.205078125,0.603515625,0.677734375,0.033203125,0.89552
0.224609375,0.654296875,0.708984375,0.763671875,0.685546875,0.513671875,0.458984375,0.138671875,0.568359375,0.626953125,0.798828125,0.716796875,0.205078125,0.603515625,0.982421875,0.646484375,0.8789805
0.001953125,0.580078125,0.205078125,0.533203125,0.626953125,0.193359375,0.080078125,0.330078125,0.697265625,0.373046875,0.447265625,0.732421875,0.099609375,0.814453125,0.677734375,0.646484375,1.1241677
0.162109375,0.341796875,0.146484375,0.576171875,0.123046875,0.701171875,0.646484375,0.451171875,0.755859375,0.064453125,0.861328125,0.529296875,0.392578125,0.041015625,0.044921875,0.845703125,-0.6805141
0.939453125,0.341796875,0.146484375,0.576171875,0.123046875,0.701171875,0.646484375,0.451171875,0.755859375,0.064453125,0.861328125,0.529296875,0.392578125,0.041015625,0.044921875,0.845703125,-0.6805141
0.162109375,0.392578125,0.146484375,0.576171875,0.123046875,0.701171875,0.646484375,0.451171875,0.755859375,0.064453125,0.861328125,0.529296875,0.392578125,0.041015625,0.044921875,0.845703125,-0.67399204
0.162109375,0.341796875,0.392578125,0.576171875,0.123046875,0.701171875,0.646484375,0.451171875,0.755859375,0.064453125,0.861328125,0.529296875,0.392578125,0.041015625,0.044921875,0.845703125,-0.6921936
0.162109375,0.341796875,0.146484375,0.220703125,0.123046875,0.701171875,0.646484375,0.451171875,0.755859375,0.064453125,0.861328125,0.529296875,0.392578125,0.041015625,0.044921875,0.845703125,-0.7177582
0.162109375,0.341796875,0.146484375,0.576171875,0.439453125,0.701171875,0.646484375,0.451171875,0.755859375,0.064453125,0.861328125,0.529296875,0.392578125,0.041015625,0.044921875,0.845703125,-0.6771039
0.162109375,0.341796875,0.146484375,0.576171875,0.123046875,0.880859375,0.646484375,0.451171875,0.755859375,0.064453125,0.861328125,0.529296875,0.392578125,0.041015625,0.044921875,0.845703125,-0.6805141
0.162109375,0.341796875,0.146484375,0.576171875,0.123046875,0.701171875,0.517578125,0.451171875,0.755859375,0.064453125,0.861328125,0.529296875,0.392578125,0.041015625,0.044921875,0.845703125,-0.66348994
0.162109375,0.341796875,0.146484375,0.576171875,0.123046875,0.701171875,0.646484375,0.517578125,0.755859375,0.064453125,0.861328125,0.529296875,0.392578125,0.041015625,0.044921875,0.845703125,-0.6805366
0.162109375,0.341796875,0.146484375,0.576171875,0.123046875,0.701171875,0.646484375,0.451171875,0.884765625,0.064453125,0.861328125,0.529296875,0.392578125,0.041015625,0.044921875,0.845703125,-0.65053904
0.162109375,0.341796875,0.146484375,0.576171875,0.123046875,0.701171875,0.646484375,0.451171875,0.755859375,0.935546875,0.861328125,0.529296875,0.392578125,0.041015625,0.044921875,0.845703125,0.62065816
0.162109375,0.341796875,0.146484375,0.576171875,0.123046875,0.701171875,0.646484375,0.451171875,0.755859375,0.064453125,0.259765625,0.529296875,0.392578125,0.041015625,0.044921875,0.845703125,-0.3763415
0.162109375,0.341796875,0.146484375,0.576171875,0.123046875,0.701171875,0.646484375,0.451171875,0.755859375,0.064453125,0.861328125,0.419921875,0.392578125,0.041015625,0.044921875,0.845703125,-0.68248475
0.162109375,0.341796875,0.146484375,0.576171875,0.123046875,0.701171875,0.646484375,0.451171875,0.755859375,0.064453125,0.861328125,0.529296875,0.287109375,0.041015625,0.044921875,0.845703125,-0.6804974
0.162109375,0.341796875,0.146484375,0.576171875,0.123046875,0.701171875,0.646484375,0.451171875,0.755859375,0.064453125,0.861328125,0.529296875,0.392578125,0.251953125,0.044921875,0.845703125,-0.6496589
0.162109375,0.341796875,0.146484375,0.576171875,0.123046875,0.701171875,0.646484375,0.451171875,0.755859375,0.064453125,0.861328125,0.529296875,0.392578125,0.041015625,0.490234375,0.845703125,-0.6922033
0.162109375,0.341796875,0.146484375,0.576171875,0.123046875,0.701171875,0.646484375,0.451171875,0.755859375,0.064453125,0.861328125,0.529296875,0.392578125,0.041015625,0.044921875,0.583984375,-0.6805141
0.939453125,0.392578125,0.392578125,0.220703125,0.439453125,0.880859375,0.517578125,0.517578125,0.884765625,0.935546875,0.259765625,0.419921875,0.287109375,0.251953125,0.490234375,0.583984375,0.9500283
0.662109375,0.841796875,0.646484375,0.076171875,0.623046875,0.201171875,0.146484375,0.951171875,0.255859375,0.564453125,0.361328125,0.029296875,0.892578125,0.541015625,0.544921875,0.345703125,1.0739958
0.439453125,0.841796875,0.646484375,0.076171875,0.623046875,0.201171875,0.146484375,0.951171875,0.255859375,0.564453125,0.361328125,0.029296875,0.892578125,0.541015625,0.544921875,0.345703125,1.0739958
0.662109375,0.892578125,0.646484375,0.076171875,0.623046875,0.201171875,0.146484375,0.951171875,0.255859375,0.564453125,0.361328125,0.029296875,0.892578125,0.541015625,0.544921875,0.345703125,1.08616
0.662109375,0.841796875,0.892578125,0.076171875,0.623046875,0.201171875,0.146484375,0.951171875,0.255859375,0.564453125,0.361328125,0.029296875,0.892578125,0.541015625,0.544921875,0.345703125,1.0513391
0.662109375,0.841796875,0.646484375,0.720703125,0.623046875,0.201171875,0.146484375,0.951171875,0.255859375,0.564453125,0.361328125,0.029296875,0.892578125,0.541015625,0.544921875,0.345703125,1.1511562
0.662109375,0.841796875,0.646484375,0.076171875,0.939453125,0.201171875,0.146484375,0.951171875,0.255859375,0.564453125,0.361328125,0.029296875,0.892578125,0.541015625,0.544921875,0.345703125,1.079807
0.662109375,0.841796875,0.646484375,0.076171875,0.623046875,0.380859375,0.146484375,0.951171875,0.255859375,0.564453125,0.361328125,0.029296875,0.892578125,0.541015625,0.544921875,0.345703125,1.0739958
0.662109375,0.841796875,0.646484375,0.076171875,0.623046875,0.201171875,0.017578125,0.951171875,0.255859375,0.564453125,0.361328125,0.029296875,0.892578125,0.541015625,0.544921875,0.345703125,1.0794532
0.662109375,0.841796875,0.646484375,0.076171875,0.623046875,0.201171875,0.146484375,0.017578125,0.255859375,0.564453125,0.361328125,0.029296875,0.892578125,0.541015625,0.544921875,0.345703125,1.0739958
0.662109375,0.841796875,0.646484375,0.076171875,0.623046875,0.201171875,0.146484375,0.951171875,0.384765625,0.564453125,0.361328125,0.029296875,0.892578125,0.541015625,0.544921875,0.345703125,1.1041882
0.662109375,0.841796875,0.646484375,0.076171875,0.623046875,0.201171875,0.146484375,0.951171875,0.255859375,0.435546875,0.361328125,0.029296875,0.892578125,0.541015625,0.544921875,0.345703125,1.07325
0.662109375,0.841796875,0.646484375,0.076171875,0.623046875,0.201171875,0.146484375,0.951171875,0.255859375,0.564453125,0.759765625,0.029296875,0.892578125,0.541015625,0.544921875,0.345703125,0.8815296
0.662109375,0.841796875,0.646484375,0.076171875,0.623046875,0.201171875,0.146484375,0.951171875,0.255859375,0.564453125,0.361328125,0.919921875,0.892578125,0.541015625,0.544921875,0.345703125,1.0938127
0.662109375,0.841796875,0.646484375,0.076171875,0.623046875,0.201171875,0.146484375,0.951171875,0.255859375,0.564453125,0.361328125,0.029296875,0.787109375,0.541015625,0.544921875,0.345703125,1.0739884
0.662109375,0.841796875,0.646484375,0.076171875,0.623046875,0.201171875,0.146484375,0.951171875,0.255859375,0.564453125,0.361328125,0.029296875,0.892578125,0.751953125,0.544921875,0.345703125,1.1305676
0.662109375,0.841796875,0.646484375,0.076171875,0.623046875,0.201171875,0.146484375,0.951171875,0.255859375,0.564453125,0.361328125,0.029296875,0.892578125,0.541015625,0.990234375,0.345703125,1.0513787
0.662109375,0.841796875,0.646484375,0.076171875,0.623046875,0.201171875,0.146484375,0.951171875,0.255859375,0.564453125,0.361328125,0.029296875,0.892578125,0.541015625,0.544921875,0.083984375,1.0739957
0.439453125,0.892578125,0.892578125,0.720703125,0.939453125,0.380859375,0.017578125,0.017578125,0.384765625,0.435546875,0.759765625,0.919921875,0.787109375,0.751953125,0.990234375,0.083984375,1.0426775
0.912109375,0.091796875,0.396484375,0.826171875,0.873046875,0.451171875,0.896484375,0.701171875,0.005859375,0.814453125,0.111328125,0.279296875,0.142578125,0.291015625,0.794921875,0.595703125,0.9402804
0.189453125,0.091796875,0.396484375,0.826171875,0.873046875,0.451171875,0.896484375,0.701171875,0.005859375,0.814453125,0.111328125,0.279296875,0.142578125,0.291015625,0.794921875,0.595703125,0.9402804
0.912109375,0.142578125,0.396484375,0.826171875,0.873046875,0.451171875,0.896484375,0.701171875,0.005859375,0.814453125,0.111328125,0.279296875,0.142578125,0.291015625,0.794921875,0.595703125,0.94463557
0.912109375,0.091796875,0.642578125,0.826171875,0.873046875,0.451171875,0.896484375,0.701171875,0.005859375,0.814453125,0.111328125,0.279296875,0.142578125,0.291015625,0.794921875,0.595703125,0.9235638
0.912109375,0.091796875,0.396484375,0.470703125,0.873046875,0.451171875,0.896484375,0.701171875,0.005859375,0.814453125,0.111328125,0.279296875,0.142578125,0.291015625,0.794921875,0.595703125,0.85682195
0.912109375,0.091796875,0.396484375,0.826171875,0.189453125,0.451171875,0.896484375,0.701171875,0.005859375,0.814453125,0.111328125,0.279296875,0.142578125,0.291015625,0.794921875,0.595703125,0.93040675
0.912109375,0.091796875,0.396484375,0.826171875,0.873046875,0.130859375,0.896484375,0.701171875,0.005859375,0.814453125,0.111328125,0.279296875,0.142578125,0.291015625,0.794921875,0.595703125,0.9402804
0.912109375,0.091796875,0.396484375,0.826171875,0.873046875,0.451171875,0.767578125,0.701171875,0.005859375,0.814453125,0.111328125,0.279296875,0.142578125,0.291015625,0.794921875,0.595703125,0.9667062
0.912109375,0.091796875,0.396484375,0.826171875,0.873046875,0.451171875,0.896484375,0.767578125,0.005859375,0.814453125,0.111328125,0.279296875,0.142578125,0.291015625,0.794921875,0.595703125,0.9402775
0.912109375,0.091796875,0.396484375,0.826171875,0.873046875,0.451171875,0.896484375,0.701171875,0.634765625,0.814453125,0.111328125,0.279296875,0.142578125,0.291015625,0.794921875,0.595703125,0.9401328
0.912109375,0.091796875,0.396484375,0.826171875,0.873046875,0.451171875,0.896484375,0.701171875,0.005859375,0.185546875,0.111328125,0.279296875,0.142578125,0.291015625,0.794921875,0.595703125,0.82088417
0.912109375,0.091796875,0.396484375,0.826171875,0.873046875,0.451171875,0.896484375,0.701171875,0.005859375,0.814453125,0.009765625,0.279296875,0.142578125,0.291015625,0.794921875,0.595703125,0.94208497
0.912109375,0.091796875,0.396484375,0.826171875,0.873046875,0.451171875,0.896484375,0.701171875,0.005859375,0.814453125,0.111328125,0.669921875,0.142578125,0.291015625,0.794921875,0.595703125,0.9476158
0.912109375,0.091796875,0.396484375,0.826171875,0.873046875,0.451171875,0.896484375,0.701171875,0.005859375,0.814453125,0.111328125,0.279296875,0.037109375,0.291015625,0.794921875,0.595703125,0.9402819
0.912109375,0.091796875,0.396484375,0.826171875,0.873046875,0.451171875,0.896484375,0.701171875,0.005859375,0.814453125,0.111328125,0.279296875,0.142578125,0.501953125,0.794921875,0.595703125,0.98270285
0.912109375,0.091796875,0.396484375,0.826171875,0.873046875,0.451171875,0.896484375,0.701171875,0.005859375,0.814453125,0.111328125,0.279296875,0.142578125,0.291015625,0.240234375,0.595703125,0.96116775
0.912109375,0.091796875,0.396484375,0.826171875,0.873046875,0.451171875,0.896484375,0.701171875,0.005859375,0.814453125,0.111328125,0.279296875,0.142578125,0.291015625,0.794921875,0.833984375,0.9402804
0.189453125,0.142578125,0.642578125,0.470703125,0.189453125,0.130859375,0.767578125,0.767578125,0.634765625,0.185546875,0.009765625,0.669921875,0.037109375,0.501953125,0.240234375,0.833984375,0.8139172
0.412109375,0.591796875,0.896484375,0.326171875,0.373046875,0.951171875,0.396484375,0.201171875,0.505859375,0.314453125,0.611328125,0.779296875,0.642578125,0.791015625,0.294921875,0.095703125,1.0145713
0.689453125,0.591796875,0.896484375,0.326171875,0.373046875,0.951171875,0.396484375,0.201171875,0.505859375,0.314453125,0.611328125,0.779296875,0.642578125,0.791015625,0.294921875,0.095703125,1.0145713
0.412109375,0.642578125,0.896484375,0.326171875,0.373046875,0.951171875,0.396484375,0.201171875,0.505859375,0.314453125,0.611328125,0.779296875,0.642578125,0.791015625,0.294921875,0.095703125,1.0236963
0.412109375,0.591796875,0.142578125,0.326171875,0.373046875,0.951171875,0.396484375,0.201171875,0.505859375,0.314453125,0.611328125,0.779296875,0.642578125,0.791015625,0.294921875,0.095703125,1.066719
0.412109375,0.591796875,0.896484375,0.970703125,0.373046875,0.951171875,0.396484375,0.201171875,0.505859375,0.314453125,0.611328125,0.779296875,0.642578125,0.791015625,0.294921875,0.095703125,1.1372125
0.412109375,0.591796875,0.896484375,0.326171875,0.689453125,0.951171875,0.396484375,0.201171875,0.505859375,0.314453125,0.611328125,0.779296875,0.642578125,0.791015625,0.294921875,0.095703125,1.0191023
0.412109375,0.591796875,0.896484375,0.326171875,0.373046875,0.630859375,0.396484375,0.201171875,0.505859375,0.314453125,0.611328125,0.779296875,0.642578125,0.791015625,0.294921875,0.095703125,1.0145713
0.412109375,0.591796875,0.896484375,0.326171875,0.373046875,0.951171875,0.267578125,0.201171875,0.505859375,0.314453125,0.611328125,0.779296875,0.642578125,0.791015625,0.294921875,0.095703125,1.0247402
0.412109375,0.591796875,0.896484375,0.326171875,0.373046875,0.951171875,0.396484375,0.267578125,0.505859375,0.314453125,0.611328125,0.779296875,0.642578125,0.791015625,0.294921875,0.095703125,1.0145749
0.412109375,0.591796875,0.896484375,0.326171875,0.373046875,0.951171875,0.396484375,0.201171875,0.134765625,0.314453125,0.611328125,0.779296875,0.642578125,0.791015625,0.294921875,0.095703125,0.9663419
0.412109375,0.591796875,0.896484375,0.326171875,0.373046875,0.951171875,0.396484375,0.201171875,0.505859375,0.685546875,0.611328125,0.779296875,0.642578125,0.791015625,0.294921875,0.095703125,1.0236579
0.412109375,0.591796875,0.896484375,0.326171875,0.373046875,0.951171875,0.396484375,0.201171875,0.505859375,0.314453125,0.509765625,0.779296875,0.642578125,0.791015625,0.294921875,0.095703125,1.0599995
0.412109375,0.591796875,0.896484375,0.326171875,0.373046875,0.951171875,0.396484375,0.201171875,0.505859375,0.314453125,0.611328125,0.169921875,0.642578125,0.791015625,0.294921875,0.095703125,1.0024056
0.412109375,0.591796875,0.896484375,0.326171875,0.373046875,0.951171875,0.396484375,0.201171875,0.505859375,0.314453125,0.611328125,0.779296875,0.537109375,0.791015625,0.294921875,0.095703125,1.014337
0.412109375,0.591796875,0.896484375,0.326171875,0.373046875,0.951171875,0.396484375,0.201171875,0.505859375,0.314453125,0.611328125,0.779296875,0.642578125,0.001953125,0.294921875,0.095703125,0.8521572
0.412109375,0.591796875,0.896484375,0.326171875,0.373046875,0.951171875,0.396484375,0.201171875,0.505859375,0.314453125,0.611328125,0.779296875,0.642578125,0.791015625,0.740234375,0.095703125,0.9978683
0.412109375,0.591796875,0.896484375,0.326171875,0.373046875,0.951171875,0.396484375,0.201171875,0.505859375,0.314453125,0.611328125,0.779296875,0.642578125,0.791015625,0.294921875,0.333984375,1.0145714
0.689453125,0.642578125,0.142578125,0.970703125,0.689453125,0.630859375,0.267578125,0.267578125,0.134765625,0.685546875,0.509765625,0.169921875,0.537109375,0.001953125,0.740234375,0.333984375,1.0279568
0.287109375,0.216796875,0.521484375,0.451171875,0.498046875,0.576171875,0.771484375,0.576171875,0.130859375,0.689453125,0.236328125,0.904296875,0.017578125,0.666015625,0.419921875,0.220703125,0.96846485
0.564453125,0.216796875,0.521484375,0.451171875,0.498046875,0.576171875,0.771484375,0.576171875,0.130859375,0.689453125,0.236328125,0.904296875,0.017578125,0.666015625,0.419921875,0.220703125,0.96846485
0.287109375,0.517578125,0.521484375,0.451171875,0.498046875,0.576171875,0.771484375,0.576171875,0.130859375,0.689453125,0.236328125,0.904296875,0.017578125,0.666015625,0.419921875,0.220703125,1.0072467
0.287109375,0.216796875,0.517578125,0.451171875,0.498046875,0.576171875,0.771484375,0.576171875,0.130859375,0.689453125,0.236328125,0.904296875,0.017578125,0.666015625,0.419921875,0.220703125,0.9687296
0.287109375,0.216796875,0.521484375,0.095703125,0.498046875,0.576171875,0.771484375,0.576171875,0.130859375,0.689453125,0.236328125,0.904296875,0.017578125,0.666015625,0.419921875,0.220703125,0.95036197
0.287109375,0.216796875,0.521484375,0.451171875,0.314453125,0.576171875,0.771484375,0.576171875,0.130859375,0.689453125,0.236328125,0.904296875,0.017578125,0.666015625,0.419921875,0.220703125,0.9661765
0.287109375,0.216796875,0.521484375,0.451171875,0.498046875,0.755859375,0.771484375,0.576171875,0.130859375,0.689453125,0.236328125,0.904296875,0.017578125,0.666015625,0.419921875,0.220703125,0.96846485
0.287109375,0.216796875,0.521484375,0.451171875,0.498046875,0.576171875,0.892578125,0.576171875,0.130859375,0.689453125,0.236328125,0.904296875,0.017578125,0.666015625,0.419921875,0.220703125,0.9436443
0.287109375,0.216796875,0.521484375,0.451171875,0.498046875,0.576171875,0.771484375,0.392578125,0.130859375,0.689453125,0.236328125,0.904296875,0.017578125,0.666015625,0.419921875,0.220703125,0.9684818
0.287109375,0.216796875,0.521484375,0.451171875,0.498046875,0.576171875,0.771484375,0.576171875,0.009765625,0.689453125,0.236328125,0.904296875,0.017578125,0.666015625,0.419921875,0.220703125,0.97872007
0.287109375,0.216796875,0.521484375,0.451171875,0.498046875,0.576171875,0.771484375,0.576171875,0.130859375,0.060546875,0.236328125,0.904296875,0.017578125,0.666015625,0.419921875,0.220703125,-0.43433285
0.287109375,0.216796875,0.521484375,0.451171875,0.498046875,0.576171875,0.771484375,0.576171875,0.130859375,0.689453125,0.134765625,0.904296875,0.017578125,0.666015625,0.419921875,0.220703125,0.97273374
0.287109375,0.216796875,0.521484375,0.451171875,0.498046875,0.576171875,0.771484375,0.576171875,0.130859375,0.689453125,0.236328125,0.794921875,0.017578125,0.666015625,0.419921875,0.220703125,0.9682969
0.287109375,0.216796875,0.521484375,0.451171875,0.498046875,0.576171875,0.771484375,0.576171875,0.130859375,0.689453125,0.236328125,0.904296875,0.412109375,0.666015625,0.419921875,0.220703125,0.96843296
0.287109375,0.216796875,0.521484375,0.451171875,0.498046875,0.576171875,0.771484375,0.576171875,0.130859375,0.689453125,0.236328125,0.904296875,0.017578125,0.376953125,0.419921875,0.220703125,0.9010033
0.287109375,0.216796875,0.521484375,0.451171875,0.498046875,0.576171875,0.771484375,0.576171875,0.130859375,0.689453125,0.236328125,0.904296875,0.017578125,0.666015625,0.115234375,0.220703125,0.9764194
0.287109375,0.216796875,0.521484375,0.451171875,0.498046875,0.576171875,0.771484375,0.576171875,0.130859375,0.689453125,0.236328125,0.904296875,0.017578125,0.666015625,0.419921875,0.708984375,0.96846485
0.564453125,0.517578125,0.517578125,0.095703125,0.314453125,0.755859375,0.892578125,0.392578125,0.009765625,0.060546875,0.134765625,0.794921875,0.412109375,0.376953125,0.115234375,0.708984375,-0.48566374
0.787109375,0.716796875,0.021484375,0.951171875,0.998046875,0.076171875,0.271484375,0.076171875,0.630859375,0.189453125,0.736328125,0.404296875,0.517578125,0.166015625,0.919921875,0.720703125,0.83315325
0.064453125,0.716796875,0.021484375,0.951171875,0.998046875,0.076171875,0.271484375,0.076171875,0.630859375,0.189453125,0.736328125,0.404296875,0.517578125,0.166015625,0.919921875,0.720703125,0.83315325
0.787109375,0.017578125,0.021484375,0.951171875,0.998046875,0.076171875,0.271484375,0.076171875,0.630859375,0.189453125,0.736328125,0.404296875,0.517578125,0.166015625,0.919921875,0.720703125,0.7414029
0.787109375,0.716796875,0.017578125,0.951171875,0.998046875,0.076171875,0.271484375,0.076171875,0.630859375,0.189453125,0.736328125,0.404296875,0.517578125,0.166015625,0.919921875,0.720703125,0.83327246
0.787109375,0.716796875,0.021484375,0.595703125,0.998046875,0.076171875,0.271484375,0.076171875,0.630859375,0.189453125,0.736328125,0.404296875,0.517578125,0.166015625,0.919921875,0.720703125,0.7502177
0.787109375,0.716796875,0.021484375,0.951171875,0.814453125,0.076171875,0.271484375,0.076171875,0.630859375,0.189453125,0.736328125,0.404296875,0.517578125,0.166015625,0.919921875,0.720703125,0.8293792
0.787109375,0.716796875,0.021484375,0.951171875,0.998046875,0.255859375,0.271484375,0.076171875,0.630859375,0.189453125,0.736328125,0.404296875,0.517578125,0.166015625,0.919921875,0.720703125,0.83315325
0.787109375,0.716796875,0.021484375,0.951171875,0.998046875,0.076171875,0.392578125,0.076171875,0.630859375,0.189453125,0.736328125,0.404296875,0.517578125,0.166015625,0.919921875,0.720703125,0.8236034
0.787109375,0.716796875,0.021484375,0.951171875,0.998046875,0.076171875,0.271484375,0.892578125,0.630859375,0.189453125,0.736328125,0.404296875,0.517578125,0.166015625,0.919921875,0.720703125,0.833153
0.787109375,0.716796875,0.021484375,0.951171875,0.998046875,0.076171875,0.271484375,0.076171875,0.509765625,0.189453125,0.736328125,0.404296875,0.517578125,0.166015625,0.919921875,0.720703125,0.8687246
0.787109375,0.716796875,0.021484375,0.951171875,0.998046875,0.076171875,0.271484375,0.076171875,0.630859375,0.560546875,0.736328125,0.404296875,0.517578125,0.166015625,0.919921875,0.720703125,0.94353914
0.787109375,0.716796875,0.021484375,0.951171875,0.998046875,0.076171875,0.271484375,0.076171875,0.630859375,0.189453125,0.634765625,0.404296875,0.517578125,0.166015625,0.919921875,0.720703125,0.9114875
0.787109375,0.716796875,0.021484375,0.951171875,0.998046875,0.076171875,0.271484375,0.076171875,0.630859375,0.189453125,0.736328125,0.294921875,0.517578125,0.166015625,0.919921875,0.720703125,0.83013725
0.787109375,0.716796875,0.021484375,0.951171875,0.998046875,0.076171875,0.271484375,0.076171875,0.630859375,0.189453125,0.736328125,0.404296875,0.912109375,0.166015625,0.919921875,0.720703125,0.833482
0.787109375,0.716796875,0.021484375,0.951171875,0.998046875,0.076171875,0.271484375,0.076171875,0.630859375,0.189453125,0.736328125,0.404296875,0.517578125,0.876953125,0.919921875,0.720703125,1.0016434
0.787109375,0.716796875,0.021484375,0.951171875,0.998046875,0.076171875,0.271484375,0.076171875,0.630859375,0.189453125,0.736328125,0.404296875,0.517578125,0.166015625,0.615234375,0.720703125,0.84858483
0.787109375,0.716796875,0.021484375,0.951171875,0.998046875,0.076171875,0.271484375,0.076171875,0.630859375,0.189453125,0.736328125,0.404296875,0.517578125,0.166015625,0.919921875,0.208984375,0.83315325
0.064453125,0.017578125,0.017578125,0.595703125,0.814453125,0.255859375,0.392578125,0.892578125,0.509765625,0.560546875,0.634765625,0.294921875,0.912109375,0.876953125,0.615234375,0.208984375,1.0507882
0.537109375,0.466796875,0.771484375,0.201171875,0.748046875,0.326171875,0.521484375,0.326171875,0.880859375,0.439453125,0.986328125,0.154296875,0.267578125,0.916015625,0.669921875,0.470703125,0.66594034
0.314453125,0.466796875,0.771484375,0.201171875,0.748046875,0.326171875,0.521484375,0.326171875,0.880859375,0.439453125,0.986328125,0.154296875,0.267578125,0.916015625,0.669921875,0.470703125,0.66594034
0.537109375,0.767578125,0.771484375,0.201171875,0.748046875,0.326171875,0.521484375,0.326171875,0.880859375,0.439453125,0.986328125,0.154296875,0.267578125,0.916015625,0.669921875,0.470703125,0.7201399
0.537109375,0.466796875,0.267578125,0.201171875,0.748046875,0.326171875,0.521484375,0.326171875,0.880859375,0.439453125,0.986328125,0.154296875,0.267578125,0.916015625,0.669921875,0.470703125,0.70040804
0.537109375,0.466796875,0.771484375,0.345703125,0.748046875,0.326171875,0.521484375,0.326171875,0.880859375,0.439453125,0.986328125,0.154296875,0.267578125,0.916015625,0.669921875,0.470703125,0.67219824
0.537109375,0.466796875,0.771484375,0.201171875,0.064453125,0.326171875,0.521484375,0.326171875,0.880859375,0.439453125,0.986328125,0.154296875,0.267578125,0.916015625,0.669921875,0.470703125,0.65732056
0.537109375,0.466796875,0.771484375,0.201171875,0.748046875,0.005859375,0.521484375,0.326171875,0.880859375,0.439453125,0.986328125,0.154296875,0.267578125,0.916015625,0.669921875,0.470703125,0.66594034
0.537109375,0.466796875,0.771484375,0.201171875,0.748046875,0.326171875,0.642578125,0.326171875,0.880859375,0.439453125,0.986328125,0.154296875,0.267578125,0.916015625,0.669921875,0.470703125,0.64995104
0.537109375,0.466796875,0.771484375,0.201171875,0.748046875,0.326171875,0.521484375,0.142578125,0.880859375,0.439453125,0.986328125,0.154296875,0.267578125,0.916015625,0.669921875,0.470703125,0.66592747
0.537109375,0.466796875,0.771484375,0.201171875,0.748046875,0.326171875,0.521484375,0.326171875,0.259765625,0.439453125,0.986328125,0.154296875,0.267578125,0.916015625,0.669921875,0.470703125,0.6681976
0.537109375,0.466796875,0.771484375,0.201171875,0.748046875,0.326171875,0.521484375,0.326171875,0.880859375,0.810546875,0.986328125,0.154296875,0.267578125,0.916015625,0.669921875,0.470703125,0.6666861
0.537109375,0.466796875,0.771484375,0.201171875,0.748046875,0.326171875,0.521484375,0.326171875,0.880859375,0.439453125,0.384765625,0.154296875,0.267578125,0.916015625,0.669921875,0.470703125,1.0730578
0.537109375,0.466796875,0.771484375,0.201171875,0.748046875,0.326171875,0.521484375,0.326171875,0.880859375,0.439453125,0.986328125,0.044921875,0.267578125,0.916015625,0.669921875,0.470703125,0.6601667
0.537109375,0.466796875,0.771484375,0.201171875,0.748046875,0.326171875,0.521484375,0.326171875,0.880859375,0.439453125,0.986328125,0.154296875,0.162109375,0.916015625,0.669921875,0.470703125,0.6659444
0.537109375,0.466796875,0.771484375,0.201171875,0.748046875,0.326171875,0.521484375,0.326171875,0.880859375,0.439453125,0.986328125,0.154296875,0.267578125,0.626953125,0.669921875,0.470703125,0.5771764
0.537109375,0.466796875,0.771484375,0.201171875,0.748046875,0.326171875,0.521484375,0.326171875,0.880859375,0.439453125,0.986328125,0.154296875,0.267578125,0.916015625,0.365234375,0.470703125,0.6773255
0.537109375,0.466796875,0.771484375,0.201171875,0.748046875,0.326171875,0.521484375,0.326171875,0.880859375,0.439453125,0.986328125,0.154296875,0.267578125,0.916015625,0.669921875,0.958984375,0.66594034
0.314453125,0.767578125,0.267578125,0.345703125,0.064453125,0.005859375,0.642578125,0.142578125,0.259765625,0.810546875,0.384765625,0.044921875,0.162109375,0.626953125,0.365234375,0.958984375,1.0632153
0.037109375,0.966796875,0.271484375,0.701171875,0.248046875,0.826171875,0.021484375,0.826171875,0.380859375,0.939453125,0.486328125,0.654296875,0.767578125,0.416015625,0.169921875,0.970703125,1.2077495
0.814453125,0.966796875,0.271484375,0.701171875,0.248046875,0.826171875,0.021484375,0.826171875,0.380859375,0.939453125,0.486328125,0.654296875,0.767578125,0.416015625,0.169921875,0.970703125,1.2077495
0.037109375,0.267578125,0.271484375,0.701171875,0.248046875,0.826171875,0.021484375,0.826171875,0.380859375,0.939453125,0.486328125,0.654296875,0.767578125,0.416015625,0.169921875,0.970703125,1.0801582
0.037109375,0.966796875,0.767578125,0.701171875,0.248046875,0.826171875,0.021484375,0.826171875,0.380859375,0.939453125,0.486328125,0.654296875,0.767578125,0.416015625,0.169921875,0.970703125,1.1738257
0.037109375,0.966796875,0.271484375,0.845703125,0.248046875,0.826171875,0.021484375,0.826171875,0.380859375,0.939453125,0.486328125,0.654296875,0.767578125,0.416015625,0.169921875,0.970703125,1.2447088
0.037109375,0.966796875,0.271484375,0.701171875,0.564453125,0.826171875,0.021484375,0.826171875,0.380859375,0.939453125,0.486328125,0.654296875,0.767578125,0.416015625,0.169921875,0.970703125,1.2117002
0.037109375,0.966796875,0.271484375,0.701171875,0.248046875,0.505859375,0.021484375,0.826171875,0.380859375,0.939453125,0.486328125,0.654296875,0.767578125,0.416015625,0.169921875,0.970703125,1.2077495
0.037109375,0.966796875,0.271484375,0.701171875,0.248046875,0.826171875,0.142578125,0.826171875,0.380859375,0.939453125,0.486328125,0.654296875,0.767578125,0.416015625,0.169921875,0.970703125,1.2026248
0.037109375,0.966796875,0.271484375,0.701171875,0.248046875,0.826171875,0.021484375,0.642578125,0.380859375,0.939453125,0.486328125,0.654296875,0.767578125,0.416015625,0.169921875,0.970703125,1.2077595
0.037109375,0.966796875,0.271484375,0.701171875,0.248046875,0.826171875,0.021484375,0.826171875,0.759765625,0.939453125,0.486328125,0.654296875,0.767578125,0.416015625,0.169921875,0.970703125,1.1484969
0.037109375,0.966796875,0.271484375,0.701171875,0.248046875,0.826171875,0.021484375,0.826171875,0.380859375,0.310546875,0.486328125,0.654296875,0.767578125,0.416015625,0.169921875,0.970703125,1.197919
0.037109375,0.966796875,0.271484375,0.701171875,0.248046875,0.826171875,0.021484375,0.826171875,0.380859375,0.939453125,0.884765625,0.654296875,0.767578125,0.416015625,0.169921875,0.970703125,0.91541135
0.037109375,0.966796875,0.271484375,0.701171875,0.248046875,0.826171875,0.021484375,0.826171875,0.380859375,0.939453125,0.486328125,0.544921875,0.767578125,0.416015625,0.169921875,0.970703125,1.2066021
0.037109375,0.966796875,0.271484375,0.701171875,0.248046875,0.826171875,0.021484375,0.826171875,0.380859375,0.939453125,0.486328125,0.654296875,0.662109375,0.416015625,0.169921875,0.970703125,1.2076997
0.037109375,0.966796875,0.271484375,0.701171875,0.248046875,0.826171875,0.021484375,0.826171875,0.380859375,0.939453125,0.486328125,0.654296875,0.767578125,0.126953125,0.169921875,0.970703125,1.1578733
0.037109375,0.966796875,0.271484375,0.701171875,0.248046875,0.826171875,0.021484375,0.826171875,0.380859375,0.939453125,0.486328125,0.654296875,0.767578125,0.416015625,0.865234375,0.970703125,1.181402
0.037109375,0.966796875,0.271484375,0.701171875,0.248046875,0.826171875,0.021484375,0.826171875,0.380859375,0.939453125,0.486328125,0.654296875,0.767578125,0.416015625,0.169921875,0.458984375,1.2077495
0.814453125,0.267578125,0.767578125,0.845703125,0.564453125,0.505859375,0.142578125,0.642578125,0.759765625,0.310546875,0.884765625,0.544921875,0.662109375,0.126953125,0.865234375,0.458984375,0.64318764
0.052734375,0.232421875,0.099609375,0.779296875,0.888671875,0.966796875,0.568359375,0.966796875,0.708984375,0.392578125,0.064453125,0.044921875,0.283203125,0.681640625,0.498046875,0.236328125,1.0900636
0.767578125,0.232421875,0.099609375,0.779296875,0.888671875,0.966796875,0.568359375,0.966796875,0.708984375,0.392578125,0.064453125,0.044921875,0.283203125,0.681640625,0.498046875,0.236328125,1.0900636
0.052734375,0.126953125,0.099609375,0.779296875,0.888671875,0.966796875,0.568359375,0.966796875,0.708984375,0.392578125,0.064453125,0.044921875,0.283203125,0.681640625,0.498046875,0.236328125,1.079973
0.052734375,0.232421875,0.189453125,0.779296875,0.888671875,0.966796875,0.568359375,0.966796875,0.708984375,0.392578125,0.064453125,0.044921875,0.283203125,0.681640625,0.498046875,0.236328125,1.086607
0.052734375,0.232421875,0.099609375,0.892578125,0.888671875,0.966796875,0.568359375,0.966796875,0.708984375,0.392578125,0.064453125,0.044921875,0.283203125,0.681640625,0.498046875,0.236328125,1.1151836
0.052734375,0.232421875,0.099609375,0.779296875,0.673828125,0.966796875,0.568359375,0.966796875,0.708984375,0.392578125,0.064453125,0.044921875,0.283203125,0.681640625,0.498046875,0.236328125,1.0861216
0.052734375,0.232421875,0.099609375,0.779296875,0.888671875,0.052734375,0.568359375,0.966796875,0.708984375,0.392578125,0.064453125,0.044921875,0.283203125,0.681640625,0.498046875,0.236328125,1.0900636
0.052734375,0.232421875,0.099609375,0.779296875,0.888671875,0.966796875,0.251953125,0.966796875,0.708984375,0.392578125,0.064453125,0.044921875,0.283203125,0.681640625,0.498046875,0.236328125,1.1199803
0.052734375,0.232421875,0.099609375,0.779296875,0.888671875,0.966796875,0.568359375,0.158203125,0.708984375,0.392578125,0.064453125,0.044921875,0.283203125,0.681640625,0.498046875,0.236328125,1.0900657
0.052734375,0.232421875,0.099609375,0.779296875,0.888671875,0.966796875,0.568359375,0.966796875,0.212890625,0.392578125,0.064453125,0.044921875,0.283203125,0.681640625,0.498046875,0.236328125,1.1075187
0.052734375,0.232421875,0.099609375,0.779296875,0.888671875,0.966796875,0.568359375,0.966796875,0.708984375,0.919921875,0.064453125,0.044921875,0.283203125,0.681640625,0.498046875,0.236328125,1.091969
0.052734375,0.232421875,0.099609375,0.779296875,0.888671875,0.966796875,0.568359375,0.966796875,0.708984375,0.392578125,0.837890625,0.044921875,0.283203125,0.681640625,0.498046875,0.236328125,0.8024718
0.052734375,0.232421875,0.099609375,0.779296875,0.888671875,0.966796875,0.568359375,0.966796875,0.708984375,0.392578125,0.064453125,0.779296875,0.283203125,0.681640625,0.498046875,0.236328125,1.1087165
0.052734375,0.232421875,0.099609375,0.779296875,0.888671875,0.966796875,0.568359375,0.966796875,0.708984375,0.392578125,0.064453125,0.044921875,0.896484375,0.681640625,0.498046875,0.236328125,1.0900669
0.052734375,0.232421875,0.099609375,0.779296875,0.888671875,0.966796875,0.568359375,0.966796875,0.708984375,0.392578125,0.064453125,0.044921875,0.283203125,0.330078125,0.498046875,0.236328125,1.0093606
0.052734375,0.232421875,0.099609375,0.779296875,0.888671875,0.966796875,0.568359375,0.966796875,0.708984375,0.392578125,0.064453125,0.044921875,0.283203125,0.681640625,0.849609375,0.236328125,1.0740775
0.052734375,0.232421875,0.099609375,0.779296875,0.888671875,0.966796875,0.568359375,0.966796875,0.708984375,0.392578125,0.064453125,0.044921875,0.283203125,0.681640625,0.498046875,0.599609375,1.0900636
0.767578125,0.126953125,0.189453125,0.892578125,0.673828125,0.052734375,0.251953125,0.158203125,0.212890625,0.919921875,0.837890625,0.779296875,0.896484375,0.330078125,0.849609375,0.599609375,0.78134876
0.552734375,0.732421875,0.599609375,0.279296875,0.388671875,0.466796875,0.068359375,0.466796875,0.208984375,0.892578125,0.564453125,0.544921875,0.783203125,0.181640625,0.998046875,0.736328125,0.9155853
0.267578125,0.732421875,0.599609375,0.279296875,0.388671875,0.466796875,0.068359375,0.466796875,0.208984375,0.892578125,0.564453125,0.544921875,0.783203125,0.181640625,0.998046875,0.736328125,0.9155853
0.552734375,0.626953125,0.599609375,0.279296875,0.388671875,0.466796875,0.068359375,0.466796875,0.208984375,0.892578125,0.564453125,0.544921875,0.783203125,0.181640625,0.998046875,0.736328125,0.89513505
0.552734375,0.732421875,0.689453125,0.279296875,0.388671875,0.466796875,0.068359375,0.466796875,0.208984375,0.892578125,0.564453125,0.544921875,0.783203125,0.181640625,0.998046875,0.736328125,0.90845084
0.552734375,0.732421875,0.599609375,0.392578125,0.388671875,0.466796875,0.068359375,0.466796875,0.208984375,0.892578125,0.564453125,0.544921875,0.783203125,0.181640625,0.998046875,0.736328125,0.92287886
0.552734375,0.732421875,0.599609375,0.279296875,0.173828125,0.466796875,0.068359375,0.466796875,0.208984375,0.892578125,0.564453125,0.544921875,0.783203125,0.181640625,0.998046875,0.736328125,0.9132736
0.552734375,0.732421875,0.599609375,0.279296875,0.388671875,0.552734375,0.068359375,0.466796875,0.208984375,0.892578125,0.564453125,0.544921875,0.783203125,0.181640625,0.998046875,0.736328125,0.9155853
0.552734375,0.732421875,0.599609375,0.279296875,0.388671875,0.466796875,0.751953125,0.466796875,0.208984375,0.892578125,0.564453125,0.544921875,0.783203125,0.181640625,0.998046875,0.736328125,0.848004
0.552734375,0.732421875,0.599609375,0.279296875,0.388671875,0.466796875,0.068359375,0.658203125,0.208984375,0.892578125,0.564453125,0.544921875,0.783203125,0.181640625,0.998046875,0.736328125,0.9153693
0.552734375,0.732421875,0.599609375,0.279296875,0.388671875,0.466796875,0.068359375,0.466796875,0.712890625,0.892578125,0.564453125,0.544921875,0.783203125,0.181640625,0.998046875,0.736328125,0.8990197
0.552734375,0.732421875,0.599609375,0.279296875,0.388671875,0.466796875,0.068359375,0.466796875,0.208984375,0.419921875,0.564453125,0.544921875,0.783203125,0.181640625,0.998046875,0.736328125,0.9144809
0.552734375,0.732421875,0.599609375,0.279296875,0.388671875,0.466796875,0.068359375,0.466796875,0.208984375,0.892578125,0.337890625,0.544921875,0.783203125,0.181640625,0.998046875,0.736328125,0.9729003
0.552734375,0.732421875,0.599609375,0.279296875,0.388671875,0.466796875,0.068359375,0.466796875,0.208984375,0.892578125,0.564453125,0.279296875,0.783203125,0.181640625,0.998046875,0.736328125,0.90951324
0.552734375,0.732421875,0.599609375,0.279296875,0.388671875,0.466796875,0.068359375,0.466796875,0.208984375,0.892578125,0.564453125,0.544921875,0.396484375,0.181640625,0.998046875,0.736328125,0.91557145
0.552734375,0.732421875,0.599609375,0.279296875,0.388671875,0.466796875,0.068359375,0.466796875,0.208984375,0.892578125,0.564453125,0.544921875,0.783203125,0.830078125,0.998046875,0.736328125,1.0660781
0.552734375,0.732421875,0.599609375,0.279296875,0.388671875,0.466796875,0.068359375,0.466796875,0.208984375,0.892578125,0.564453125,0.544921875,0.783203125,0.181640625,0.349609375,0.736328125,0.94533014
0.552734375,0.732421875,0.599609375,0.279296875,0.388671875,0.466796875,0.068359375,0.466796875,0.208984375,0.892578125,0.564453125,0.544921875,0.783203125,0.181640625,0.998046875,0.099609375,0.9155853
0.267578125,0.626953125,0.689453125,0.392578125,0.173828125,0.552734375,0.751953125,0.658203125,0.712890625,0.419921875,0.337890625,0.279296875,0.396484375,0.830078125,0.349609375,0.099609375,1.0389824
0.802734375,0.482421875,0.349609375,0.529296875,0.138671875,0.216796875,0.818359375,0.216796875,0.458984375,0.642578125,0.814453125,0.794921875,0.033203125,0.931640625,0.748046875,0.486328125,0.8815867
0.017578125,0.482421875,0.349609375,0.529296875,0.138671875,0.216796875,0.818359375,0.216796875,0.458984375,0.642578125,0.814453125,0.794921875,0.033203125,0.931640625,0.748046875,0.486328125,0.8815867
0.802734375,0.376953125,0.349609375,0.529296875,0.138671875,0.216796875,0.818359375,0.216796875,0.458984375,0.642578125,0.814453125,0.794921875,0.033203125,0.931640625,0.748046875,0.486328125,0.8667691
0.802734375,0.482421875,0.939453125,0.529296875,0.138671875,0.216796875,0.818359375,0.216796875,0.458984375,0.642578125,0.814453125,0.794921875,0.033203125,0.931640625,0.748046875,0.486328125,0.8342571
0.802734375,0.482421875,0.349609375,0.642578125,0.138671875,0.216796875,0.818359375,0.216796875,0.458984375,0.642578125,0.814453125,0.794921875,0.033203125,0.931640625,0.748046875,0.486328125,0.9071351
0.802734375,0.482421875,0.349609375,0.529296875,0.923828125,0.216796875,0.818359375,0.216796875,0.458984375,0.642578125,0.814453125,0.794921875,0.033203125,0.931640625,0.748046875,0.486328125,0.8929666
0.802734375,0.482421875,0.349609375,0.529296875,0.138671875,0.802734375,0.818359375,0.216796875,0.458984375,0.642578125,0.814453125,0.794921875,0.033203125,0.931640625,0.748046875,0.486328125,0.8815867
0.802734375,0.482421875,0.349609375,0.529296875,0.138671875,0.216796875,0.001953125,0.216796875,0.458984375,0.642578125,0.814453125,0.794921875,0.033203125,0.931640625,0.748046875,0.486328125,0.96420705
0.802734375,0.482421875,0.349609375,0.529296875,0.138671875,0.216796875,0.818359375,0.408203125,0.458984375,0.642578125,0.814453125,0.794921875,0.033203125,0.931640625,0.748046875,0.486328125,0.8816612
0.802734375,0.482421875,0.349609375,0.529296875,0.138671875,0.216796875,0.818359375,0.216796875,0.462890625,0.642578125,0.814453125,0.794921875,0.033203125,0.931640625,0.748046875,0.486328125,0.8810315
0.802734375,0.482421875,0.349609375,0.529296875,0.138671875,0.216796875,0.818359375,0.216796875,0.458984375,0.169921875,0.814453125,0.794921875,0.033203125,0.931640625,0.748046875,0.486328125,0.7186018
0.802734375,0.482421875,0.349609375,0.529296875,0.138671875,0.216796875,0.818359375,0.216796875,0.458984375,0.642578125,0.587890625,0.794921875,0.033203125,0.931640625,0.748046875,0.486328125,1.0622816
0.802734375,0.482421875,0.349609375,0.529296875,0.138671875,0.216796875,0.818359375,0.216796875,0.458984375,0.642578125,0.814453125,0.029296875,0.033203125,0.931640625,0.748046875,0.486328125,0.86194557
0.802734375,0.482421875,0.349609375,0.529296875,0.138671875,0.216796875,0.818359375,0.216796875,0.458984375,0.642578125,0.814453125,0.794921875,0.646484375,0.931640625,0.748046875,0.486328125,0.8814978
0.802734375,0.482421875,0.349609375,0.529296875,0.138671875,0.216796875,0.818359375,0.216796875,0.458984375,0.642578125,0.814453125,0.794921875,0.033203125,0.580078125,0.748046875,0.486328125,0.7752589
0.802734375,0.482421875,0.349609375,0.529296875,0.138671875,0.216796875,0.818359375,0.216796875,0.458984375,0.642578125,0.814453125,0.794921875,0.033203125,0.931640625,0.599609375,0.486328125,0.88831604
0.802734375,0.482421875,0.349609375,0.529296875,0.138671875,0.216796875,0.818359375,0.216796875,0.458984375,0.642578125,0.814453125,0.794921875,0.033203125,0.931640625,0.748046875,0.849609375,0.8815867
0.017578125,0.376953125,0.939453125,0.642578125,0.923828125,0.802734375,0.001953125,0.408203125,0.462890625,0.169921875,0.587890625,0.029296875,0.646484375,0.580078125,0.599609375,0.849609375,0.83688915
0.302734375,0.982421875,0.849609375,0.029296875,0.638671875,0.716796875,0.318359375,0.716796875,0.958984375,0.142578125,0.314453125,0.294921875,0.533203125,0.431640625,0.248046875,0.986328125,0.8231019
0.517578125,0.982421875,0.849609375,0.029296875,0.638671875,0.716796875,0.318359375,0.716796875,0.958984375,0.142578125,0.314453125,0.294921875,0.533203125,0.431640625,0.248046875,0.986328125,0.8231019
0.302734375,0.876953125,0.849609375,0.029296875,0.638671875,0.716796875,0.318359375,0.716796875,0.958984375,0.142578125,0.314453125,0.294921875,0.533203125,0.431640625,0.248046875,0.986328125,0.7961133
0.302734375,0.982421875,0.439453125,0.029296875,0.638671875,0.716796875,0.318359375,0.716796875,0.958984375,0.142578125,0.314453125,0.294921875,0.533203125,0.431640625,0.248046875,0.986328125,0.8558329
0.302734375,0.982421875,0.849609375,0.142578125,0.638671875,0.716796875,0.318359375,0.716796875,0.958984375,0.142578125,0.314453125,0.294921875,0.533203125,0.431640625,0.248046875,0.986328125,0.8244036
0.302734375,0.982421875,0.849609375,0.029296875,0.423828125,0.716796875,0.318359375,0.716796875,0.958984375,0.142578125,0.314453125,0.294921875,0.533203125,0.431640625,0.248046875,0.986328125,0.82002914
0.302734375,0.982421875,0.849609375,0.029296875,0.638671875,0.302734375,0.318359375,0.716796875,0.958984375,0.142578125,0.314453125,0.294921875,0.533203125,0.431640625,0.248046875,0.986328125,0.8231019
0.302734375,0.982421875,0.849609375,0.029296875,0.638671875,0.716796875,0.501953125,0.716796875,0.958984375,0.142578125,0.314453125,0.294921875,0.533203125,0.431640625,0.248046875,0.986328125,0.8058859
0.302734375,0.982421875,0.849609375,0.029296875,0.638671875,0.716796875,0.318359375,0.908203125,0.958984375,0.142578125,0.314453125,0.294921875,0.533203125,0.431640625,0.248046875,0.986328125,0.82309765
0.302734375,0.982421875,0.849609375,0.029296875,0.638671875,0.716796875,0.318359375,0.716796875,0.962890625,0.142578125,0.314453125,0.294921875,0.533203125,0.431640625,0.248046875,0.986328125,0.8239868
0.302734375,0.982421875,0.849609375,0.029296875,0.638671875,0.716796875,0.318359375,0.716796875,0.958984375,0.669921875,0.314453125,0.294921875,0.533203125,0.431640625,0.248046875,0.986328125,1.1038103
0.302734375,0.982421875,0.849609375,0.029296875,0.638671875,0.716796875,0.318359375,0.716796875,0.958984375,0.142578125,0.087890625,0.294921875,0.533203125,0.431640625,0.248046875,0.986328125,0.83452857
0.302734375,0.982421875,0.849609375,0.029296875,0.638671875,0.716796875,0.318359375,0.716796875,0.958984375,0.142578125,0.314453125,0.529296875,0.533203125,0.431640625,0.248046875,0.986328125,0.82843965
0.302734375,0.982421875,0.849609375,0.029296875,0.638671875,0.716796875,0.318359375,0.716796875,0.958984375,0.142578125,0.314453125,0.294921875,0.146484375,0.431640625,0.248046875,0.986328125,0.8234321
0.302734375,0.982421875,0.849609375,0.029296875,0.638671875,0.716796875,0.318359375,0.716796875,0.958984375,0.142578125,0.314453125,0.294921875,0.533203125,0.080078125,0.248046875,0.986328125,0.7635298
0.302734375,0.982421875,0.849609375,0.029296875,0.638671875,0.716796875,0.318359375,0.716796875,0.958984375,0.142578125,0.314453125,0.294921875,0.533203125,0.431640625,0.099609375,0.986328125,0.8264136
0.302734375,0.982421875,0.849609375,0.029296875,0.638671875,0.716796875,0.318359375,0.716796875,0.958984375,0.142578125,0.314453125,0.294921875,0.533203125,0.431640625,0.248046875,0.349609375,0.8231019
0.517578125,0.876953125,0.439453125,0.142578125,0.423828125,0.302734375,0.501953125,0.908203125,0.962890625,0.669921875,0.087890625,0.529296875,0.146484375,0.080078125,0.099609375,0.349609375,1.0522805
0.427734375,0.357421875,0.724609375,0.154296875,0.513671875,0.841796875,0.943359375,0.091796875,0.333984375,0.767578125,0.939453125,0.419921875,0.158203125,0.056640625,0.123046875,0.861328125,0.4692893
0.642578125,0.357421875,0.724609375,0.154296875,0.513671875,0.841796875,0.943359375,0.091796875,0.333984375,0.767578125,0.939453125,0.419921875,0.158203125,0.056640625,0.123046875,0.861328125,0.4692893
0.427734375,0.751953125,0.724609375,0.154296875,0.513671875,0.841796875,0.943359375,0.091796875,0.333984375,0.767578125,0.939453125,0.419921875,0.158203125,0.056640625,0.123046875,0.861328125,0.5351561
0.427734375,0.357421875,0.814453125,0.154296875,0.513671875,0.841796875,0.943359375,0.091796875,0.333984375,0.767578125,0.939453125,0.419921875,0.158203125,0.056640625,0.123046875,0.861328125,0.46102935
0.427734375,0.357421875,0.724609375,0.767578125,0.513671875,0.841796875,0.943359375,0.091796875,0.333984375,0.767578125,0.939453125,0.419921875,0.158203125,0.056640625,0.123046875,0.861328125,0.5580421
0.427734375,0.357421875,0.724609375,0.154296875,0.548828125,0.841796875,0.943359375,0.091796875,0.333984375,0.767578125,0.939453125,0.419921875,0.158203125,0.056640625,0.123046875,0.861328125,0.4697916
0.427734375,0.357421875,0.724609375,0.154296875,0.513671875,0.177734375,0.943359375,0.091796875,0.333984375,0.767578125,0.939453125,0.419921875,0.158203125,0.056640625,0.123046875,0.861328125,0.4692893
0.427734375,0.357421875,0.724609375,0.154296875,0.513671875,0.841796875,0.126953125,0.091796875,0.333984375,0.767578125,0.939453125,0.419921875,0.158203125,0.056640625,0.123046875,0.861328125,0.574597
0.427734375,0.357421875,0.724609375,0.154296875,0.513671875,0.841796875,0.943359375,0.783203125,0.333984375,0.767578125,0.939453125,0.419921875,0.158203125,0.056640625,0.123046875,0.861328125,0.46929067
0.427734375,0.357421875,0.724609375,0.154296875,0.513671875,0.841796875,0.943359375,0.091796875,0.837890625,0.767578125,0.939453125,0.419921875,0.158203125,0.056640625,0.123046875,0.861328125,0.43328655
0.427734375,0.357421875,0.724609375,0.154296875,0.513671875,0.841796875,0.943359375,0.091796875,0.333984375,0.044921875,0.939453125,0.419921875,0.158203125,0.056640625,0.123046875,0.861328125,-1.4212364
0.427734375,0.357421875,0.724609375,0.154296875,0.513671875,0.841796875,0.943359375,0.091796875,0.333984375,0.767578125,0.712890625,0.419921875,0.158203125,0.056640625,0.123046875,0.861328125,0.68929034
0.427734375,0.357421875,0.724609375,0.154296875,0.513671875,0.841796875,0.943359375,0.091796875,0.333984375,0.767578125,0.939453125,0.404296875,0.158203125,0.056640625,0.123046875,0.861328125,0.46893805
0.427734375,0.357421875,0.724609375,0.154296875,0.513671875,0.841796875,0.943359375,0.091796875,0.333984375,0.767578125,0.939453125,0.419921875,0.771484375,0.056640625,0.123046875,0.861328125,0.46927804
0.427734375,0.357421875,0.724609375,0.154296875,0.513671875,0.841796875,0.943359375,0.091796875,0.333984375,0.767578125,0.939453125,0.419921875,0.158203125,0.455078125,0.123046875,0.861328125,0.5369122
0.427734375,0.357421875,0.724609375,0.154296875,0.513671875,0.841796875,0.943359375,0.091796875,0.333984375,0.767578125,0.939453125,0.419921875,0.158203125,0.056640625,0.724609375,0.861328125,0.44927534
0.427734375,0.357421875,0.724609375,0.154296875,0.513671875,0.841796875,0.943359375,0.091796875,0.333984375,0.767578125,0.939453125,0.419921875,0.158203125,0.056640625,0.123046875,0.724609375,0.46928927
0.642578125,0.751953125,0.814453125,0.767578125,0.548828125,0.177734375,0.126953125,0.783203125,0.837890625,0.044921875,0.712890625,0.404296875,0.771484375,0.455078125,0.724609375,0.724609375,-0.937821
0.927734375,0.857421875,0.224609375,0.654296875,0.013671875,0.341796875,0.443359375,0.591796875,0.833984375,0.267578125,0.439453125,0.919921875,0.658203125,0.556640625,0.623046875,0.361328125,1.1023276
0.142578125,0.857421875,0.224609375,0.654296875,0.013671875,0.341796875,0.443359375,0.591796875,0.833984375,0.267578125,0.439453125,0.919921875,0.658203125,0.556640625,0.623046875,0.361328125,1.1023276
0.927734375,0.251953125,0.224609375,0.654296875,0.013671875,0.341796875,0.443359375,0.591796875,0.833984375,0.267578125,0.439453125,0.919921875,0.658203125,0.556640625,0.623046875,0.361328125,1.0005138
0.927734375,0.857421875,0.314453125,0.654296875,0.013671875,0.341796875,0.443359375,0.591796875,0.833984375,0.267578125,0.439453125,0.919921875,0.658203125,0.556640625,0.623046875,0.361328125,1.0980752
0.927734375,0.857421875,0.224609375,0.267578125,0.013671875,0.341796875,0.443359375,0.591796875,0.833984375,0.267578125,0.439453125,0.919921875,0.658203125,0.556640625,0.623046875,0.361328125,1.0475492
0.927734375,0.857421875,0.224609375,0.654296875,0.048828125,0.341796875,0.443359375,0.591796875,0.833984375,0.267578125,0.439453125,0.919921875,0.658203125,0.556640625,0.623046875,0.361328125,1.1025987
0.927734375,0.857421875,0.224609375,0.654296875,0.013671875,0.677734375,0.443359375,0.591796875,0.833984375,0.267578125,0.439453125,0.919921875,0.658203125,0.556640625,0.623046875,0.361328125,1.1023276
0.927734375,0.857421875,0.224609375,0.654296875,0.013671875,0.341796875,0.626953125,0.591796875,0.833984375,0.267578125,0.439453125,0.919921875,0.658203125,0.556640625,0.623046875,0.361328125,1.0801306
0.927734375,0.857421875,0.224609375,0.654296875,0.013671875,0.341796875,0.443359375,0.283203125,0.833984375,0.267578125,0.439453125,0.919921875,0.658203125,0.556640625,0.623046875,0.361328125,1.1023107
0.927734375,0.857421875,0.224609375,0.654296875,0.013671875,0.341796875,0.443359375,0.591796875,0.337890625,0.267578125,0.439453125,0.919921875,0.658203125,0.556640625,0.623046875,0.361328125,1.1402638
0.927734375,0.857421875,0.224609375,0.654296875,0.013671875,0.341796875,0.443359375,0.591796875,0.833984375,0.544921875,0.439453125,0.919921875,0.658203125,0.556640625,0.623046875,0.361328125,1.1254427
0.927734375,0.857421875,0.224609375,0.654296875,0.013671875,0.341796875,0.443359375,0.591796875,0.833984375,0.267578125,0.212890625,0.919921875,0.658203125,0.556640625,0.623046875,0.361328125,1.1286025
0.927734375,0.857421875,0.224609375,0.654296875,0.013671875,0.341796875,0.443359375,0.591796875,0.833984375,0.267578125,0.439453125,0.904296875,0.658203125,0.556640625,0.623046875,0.361328125,1.1023197
0.927734375,0.857421875,0.224609375,0.654296875,0.013671875,0.341796875,0.443359375,0.591796875,0.833984375,0.267578125,0.439453125,0.919921875,0.271484375,0.556640625,0.623046875,0.361328125,1.1023903
0.927734375,0.857421875,0.224609375,0.654296875,0.013671875,0.341796875,0.443359375,0.591796875,0.833984375,0.267578125,0.439453125,0.919921875,0.658203125,0.955078125,0.623046875,0.361328125,1.2229633
0.927734375,0.857421875,0.224609375,0.654296875,0.013671875,0.341796875,0.443359375,0.591796875,0.833984375,0.267578125,0.439453125,0.919921875,0.658203125,0.556640625,0.224609375,0.361328125,1.1154745
0.927734375,0.857421875,0.224609375,0.654296875,0.013671875,0.341796875,0.443359375,0.591796875,0.833984375,0.267578125,0.439453125,0.919921875,0.658203125,0.556640625,0.623046875,0.224609375,1.1023275
0.142578125,0.251953125,0.314453125,0.267578125,0.048828125,0.677734375,0.626953125,0.283203125,0.337890625,0.544921875,0.212890625,0.904296875,0.271484375,0.955078125,0.224609375,0.224609375,1.1407032
0.677734375,0.107421875,0.974609375,0.404296875,0.263671875,0.091796875,0.693359375,0.841796875,0.583984375,0.017578125,0.189453125,0.669921875,0.408203125,0.306640625,0.873046875,0.611328125,-2.2974865
0.392578125,0.107421875,0.974609375,0.404296875,0.263671875,0.091796875,0.693359375,0.841796875,0.583984375,0.017578125,0.189453125,0.669921875,0.408203125,0.306640625,0.873046875,0.611328125,-2.2974865
0.677734375,0.501953125,0.974609375,0.404296875,0.263671875,0.091796875,0.693359375,0.841796875,0.583984375,0.017578125,0.189453125,0.669921875,0.408203125,0.306640625,0.873046875,0.611328125,-2.2509959
0.677734375,0.107421875,0.064453125,0.404296875,0.263671875,0.091796875,0.693359375,0.841796875,0.583984375,0.017578125,0.189453125,0.669921875,0.408203125,0.306640625,0.873046875,0.611328125,-2.233952
0.677734375,0.107421875,0.974609375,0.517578125,0.263671875,0.091796875,0.693359375,0.841796875,0.583984375,0.017578125,0.189453125,0.669921875,0.408203125,0.306640625,0.873046875,0.611328125,-2.2823226
0.677734375,0.107421875,0.974609375,0.404296875,0.798828125,0.091796875,0.693359375,0.841796875,0.583984375,0.017578125,0.189453125,0.669921875,0.408203125,0.306640625,0.873046875,0.611328125,-2.2897892
0.677734375,0.107421875,0.974609375,0.404296875,0.263671875,0.927734375,0.693359375,0.841796875,0.583984375,0.017578125,0.189453125,0.669921875,0.408203125,0.306640625,0.873046875,0.611328125,-2.2974865
0.677734375,0.107421875,0.974609375,0.404296875,0.263671875,0.091796875,0.376953125,0.841796875,0.583984375,0.017578125,0.189453125,0.669921875,0.408203125,0.306640625,0.873046875,0.611328125,-2.2589636
0.677734375,0.107421875,0.974609375,0.404296875,0.263671875,0.091796875,0.693359375,0.533203125,0.583984375,0.017578125,0.189453125,0.669921875,0.408203125,0.306640625,0.873046875,0.611328125,-2.2973804
0.677734375,0.107421875,0.974609375,0.404296875,0.263671875,0.091796875,0.693359375,0.841796875,0.587890625,0.017578125,0.189453125,0.669921875,0.408203125,0.306640625,0.873046875,0.611328125,-2.2986932
0.677734375,0.107421875,0.974609375,0.404296875,0.263671875,0.091796875,0.693359375,0.841796875,0.583984375,0.794921875,0.189453125,0.669921875,0.408203125,0.306640625,0.873046875,0.611328125,0.8494184
0.677734375,0.107421875,0.974609375,0.404296875,0.263671875,0.091796875,0.693359375,0.841796875,0.583984375,0.017578125,0.962890625,0.669921875,0.408203125,0.306640625,0.873046875,0.611328125,-2.7023442
0.677734375,0.107421875,0.974609375,0.404296875,0.263671875,0.091796875,0.693359375,0.841796875,0.583984375,0.017578125,0.189453125,0.654296875,0.408203125,0.306640625,0.873046875,0.611328125,-2.2976027
0.677734375,0.107421875,0.974609375,0.404296875,0.263671875,0.091796875,0.693359375,0.841796875,0.583984375,0.017578125,0.189453125,0.669921875,0.521484375,0.306640625,0.873046875,0.611328125,-2.2977884
0.677734375,0.107421875,0.974609375,0.404296875,0.263671875,0.091796875,0.693359375,0.841796875,0.583984375,0.017578125,0.189453125,0.669921875,0.408203125,0.705078125,0.873046875,0.611328125,-2.2059038
0.677734375,0.107421875,0.974609375,0.404296875,0.263671875,0.091796875,0.693359375,0.841796875,0.583984375,0.017578125,0.189453125,0.669921875,0.408203125,0.306640625,0.974609375,0.611328125,-2.3035662
0.677734375,0.107421875,0.974609375,0.404296875,0.263671875,0.091796875,0.693359375,0.841796875,0.583984375,0.017578125,0.189453125,0.669921875,0.408203125,0.306640625,0.873046875,0.974609375,-2.2974865
0.392578125,0.501953125,0.064453125,0.517578125,0.798828125,0.927734375,0.376953125,0.533203125,0.587890625,0.794921875,0.962890625,0.654296875,0.521484375,0.705078125,0.974609375,0.974609375,0.6999542
0.177734375,0.607421875,0.474609375,0.904296875,0.763671875,0.591796875,0.193359375,0.341796875,0.083984375,0.517578125,0.689453125,0.169921875,0.908203125,0.806640625,0.373046875,0.111328125,1.0830805
0.892578125,0.607421875,0.474609375,0.904296875,0.763671875,0.591796875,0.193359375,0.341796875,0.083984375,0.517578125,0.689453125,0.169921875,0.908203125,0.806640625,0.373046875,0.111328125,1.0830805
0.177734375,0.001953125,0.474609375,0.904296875,0.763671875,0.591796875,0.193359375,0.341796875,0.083984375,0.517578125,0.689453125,0.169921875,0.908203125,0.806640625,0.373046875,0.111328125,1.0110023
0.177734375,0.607421875,0.564453125,0.904296875,0.763671875,0.591796875,0.193359375,0.341796875,0.083984375,0.517578125,0.689453125,0.169921875,0.908203125,0.806640625,0.373046875,0.111328125,1.0769892
0.177734375,0.607421875,0.474609375,0.017578125,0.763671875,0.591796875,0.193359375,0.341796875,0.083984375,0.517578125,0.689453125,0.169921875,0.908203125,0.806640625,0.373046875,0.111328125,0.9625072
0.177734375,0.607421875,0.474609375,0.904296875,0.298828125,0.591796875,0.193359375,0.341796875,0.083984375,0.517578125,0.689453125,0.169921875,0.908203125,0.806640625,0.373046875,0.111328125,1.0764058
0.177734375,0.607421875,0.474609375,0.904296875,0.763671875,0.427734375,0.193359375,0.341796875,0.083984375,0.517578125,0.689453125,0.169921875,0.908203125,0.806640625,0.373046875,0.111328125,1.0830805
0.177734375,0.607421875,0.474609375,0.904296875,0.763671875,0.591796875,0.876953125,0.341796875,0.083984375,0.517578125,0.689453125,0.169921875,0.908203125,0.806640625,0.373046875,0.111328125,0.99664456
0.177734375,0.607421875,0.474609375,0.904296875,0.763671875,0.591796875,0.193359375,0.033203125,0.083984375,0.517578125,0.689453125,0.169921875,0.908203125,0.806640625,0.373046875,0.111328125,1.0830622
0.177734375,0.607421875,0.474609375,0.904296875,0.763671875,0.591796875,0.193359375,0.341796875,0.087890625,0.517578125,0.689453125,0.169921875,0.908203125,0.806640625,0.373046875,0.111328125,1.0829148
0.177734375,0.607421875,0.474609375,0.904296875,0.763671875,0.591796875,0.193359375,0.341796875,0.083984375,0.294921875,0.689453125,0.169921875,0.908203125,0.806640625,0.373046875,0.111328125,1.0698016
0.177734375,0.607421875,0.474609375,0.904296875,0.763671875,0.591796875,0.193359375,0.341796875,0.083984375,0.517578125,0.462890625,0.169921875,0.908203125,0.806640625,0.373046875,0.111328125,1.1952165
0.177734375,0.607421875,0.474609375,0.904296875,0.763671875,0.591796875,0.193359375,0.341796875,0.083984375,0.517578125,0.689453125,0.154296875,0.908203125,0.806640625,0.373046875,0.111328125,1.0823671
0.177734375,0.607421875,0.474609375,0.904296875,0.763671875,0.591796875,0.193359375,0.341796875,0.083984375,0.517578125,0.689453125,0.169921875,0.021484375,0.806640625,0.373046875,0.111328125,1.0830839
0.177734375,0.607421875,0.474609375,0.904296875,0.763671875,0.591796875,0.193359375,0.341796875,0.083984375,0.517578125,0.689453125,0.169921875,0.908203125,0.205078125,0.373046875,0.111328125,0.94376713
0.177734375,0.607421875,0.474609375,0.904296875,0.763671875,0.591796875,0.193359375,0.341796875,0.083984375,0.517578125,0.689453125,0.169921875,0.908203125,0.806640625,0.474609375,0.111328125,1.0797496
0.177734375,0.607421875,0.474609375,0.904296875,0.763671875,0.591796875,0.193359375,0.341796875,0.083984375,0.517578125,0.689453125,0.169921875,0.908203125,0.806640625,0.373046875,0.474609375,1.0830806
0.892578125,0.001953125,0.564453125,0.017578125,0.298828125,0.427734375,0.876953125,0.033203125,0.087890625,0.294921875,0.462890625,0.154296875,0.021484375,0.205078125,0.474609375,0.474609375,0.74654526
0.240234375,0.419921875,0.912109375,0.716796875,0.451171875,0.654296875,0.880859375,0.029296875,0.271484375,0.205078125,0.626953125,0.107421875,0.720703125,0.369140625,0.685546875,0.798828125,0.75339735
0.080078125,0.419921875,0.912109375,0.716796875,0.451171875,0.654296875,0.880859375,0.029296875,0.271484375,0.205078125,0.626953125,0.107421875,0.720703125,0.369140625,0.685546875,0.798828125,0.75339735
0.240234375,0.939453125,0.912109375,0.716796875,0.451171875,0.654296875,0.880859375,0.029296875,0.271484375,0.205078125,0.626953125,0.107421875,0.720703125,0.369140625,0.685546875,0.798828125,0.8549032
0.240234375,0.419921875,0.751953125,0.716796875,0.451171875,0.654296875,0.880859375,0.029296875,0.271484375,0.205078125,0.626953125,0.107421875,0.720703125,0.369140625,0.685546875,0.798828125,0.76918674
0.240234375,0.419921875,0.912109375,0.705078125,0.451171875,0.654296875,0.880859375,0.029296875,0.271484375,0.205078125,0.626953125,0.107421875,0.720703125,0.369140625,0.685546875,0.798828125,0.75016373
0.240234375,0.419921875,0.912109375,0.716796875,0.611328125,0.654296875,0.880859375,0.029296875,0.271484375,0.205078125,0.626953125,0.107421875,0.720703125,0.369140625,0.685546875,0.798828125,0.7556868
0.240234375,0.419921875,0.912109375,0.716796875,0.451171875,0.740234375,0.880859375,0.029296875,0.271484375,0.205078125,0.626953125,0.107421875,0.720703125,0.369140625,0.685546875,0.798828125,0.75339735
0.240234375,0.419921875,0.912109375,0.716796875,0.451171875,0.654296875,0.439453125,0.029296875,0.271484375,0.205078125,0.626953125,0.107421875,0.720703125,0.369140625,0.685546875,0.798828125,0.82183844
0.240234375,0.419921875,0.912109375,0.716796875,0.451171875,0.654296875,0.880859375,0.845703125,0.271484375,0.205078125,0.626953125,0.107421875,0.720703125,0.369140625,0.685546875,0.798828125,0.7533982
0.240234375,0.419921875,0.912109375,0.716796875,0.451171875,0.654296875,0.880859375,0.029296875,0.275390625,0.205078125,0.626953125,0.107421875,0.720703125,0.369140625,0.685546875,0.798828125,0.75460076
0.240234375,0.419921875,0.912109375,0.716796875,0.451171875,0.654296875,0.880859375,0.029296875,0.271484375,0.982421875,0.626953125,0.107421875,0.720703125,0.369140625,0.685546875,0.798828125,0.83427083
0.240234375,0.419921875,0.912109375,0.716796875,0.451171875,0.654296875,0.880859375,0.029296875,0.271484375,0.205078125,0.275390625,0.107421875,0.720703125,0.369140625,0.685546875,0.798828125,0.8498165
0.240234375,0.419921875,0.912109375,0.716796875,0.451171875,0.654296875,0.880859375,0.029296875,0.271484375,0.205078125,0.626953125,0.966796875,0.720703125,0.369140625,0.685546875,0.798828125,0.7688122
0.240234375,0.419921875,0.912109375,0.716796875,0.451171875,0.654296875,0.880859375,0.029296875,0.271484375,0.205078125,0.626953125,0.107421875,0.333984375,0.369140625,0.685546875,0.798828125,0.75341004
0.240234375,0.419921875,0.912109375,0.716796875,0.451171875,0.654296875,0.880859375,0.029296875,0.271484375,0.205078125,0.626953125,0.107421875,0.720703125,0.642578125,0.685546875,0.798828125,0.8160526
0.240234375,0.419921875,0.912109375,0.716796875,0.451171875,0.654296875,0.880859375,0.029296875,0.271484375,0.205078125,0.626953125,0.107421875,0.720703125,0.369140625,0.662109375,0.798828125,0.7544592
0.240234375,0.419921875,0.912109375,0.716796875,0.451171875,0.654296875,0.880859375,0.029296875,0.271484375,0.205078125,0.626953125,0.107421875,0.720703125,0.369140625,0.685546875,0.287109375,0.75339735
0.080078125,0.939453125,0.751953125,0.705078125,0.611328125,0.740234375,0.439453125,0.845703125,0.275390625,0.982421875,0.275390625,0.966796875,0.333984375,0.642578125,0.662109375,0.287109375,1.1958311
0.740234375,0.919921875,0.412109375,0.216796875,0.951171875,0.154296875,0.380859375,0.529296875,0.771484375,0.705078125,0.126953125,0.607421875,0.220703125,0.869140625,0.185546875,0.298828125,1.2131885
0.580078125,0.919921875,0.412109375,0.216796875,0.951171875,0.154296875,0.380859375,0.529296875,0.771484375,0.705078125,0.126953125,0.607421875,0.220703125,0.869140625,0.185546875,0.298828125,1.2131885
0.740234375,0.439453125,0.412109375,0.216796875,0.951171875,0.154296875,0.380859375,0.529296875,0.771484375,0.705078125,0.126953125,0.607421875,0.220703125,0.869140625,0.185546875,0.298828125,1.1194221
0.740234375,0.919921875,0.251953125,0.216796875,0.951171875,0.154296875,0.380859375,0.529296875,0.771484375,0.705078125,0.126953125,0.607421875,0.220703125,0.869140625,0.185546875,0.298828125,1.2215402
0.740234375,0.919921875,0.412109375,0.205078125,0.951171875,0.154296875,0.380859375,0.529296875,0.771484375,0.705078125,0.126953125,0.607421875,0.220703125,0.869140625,0.185546875,0.298828125,1.21287
0.740234375,0.919921875,0.412109375,0.216796875,0.111328125,0.154296875,0.380859375,0.529296875,0.771484375,0.705078125,0.126953125,0.607421875,0.220703125,0.869140625,0.185546875,0.298828125,1.2009909
0.740234375,0.919921875,0.412109375,0.216796875,0.951171875,0.240234375,0.380859375,0.529296875,0.771484375,0.705078125,0.126953125,0.607421875,0.220703125,0.869140625,0.185546875,0.298828125,1.2131885
0.740234375,0.919921875,0.412109375,0.216796875,0.951171875,0.154296875,0.939453125,0.529296875,0.771484375,0.705078125,0.126953125,0.607421875,0.220703125,0.869140625,0.185546875,0.298828125,1.1256726
0.740234375,0.919921875,0.412109375,0.216796875,0.951171875,0.154296875,0.380859375,0.345703125,0.771484375,0.705078125,0.126953125,0.607421875,0.220703125,0.869140625,0.185546875,0.298828125,1.213085
0.740234375,0.919921875,0.412109375,0.216796875,0.951171875,0.154296875,0.380859375,0.529296875,0.775390625,0.705078125,0.126953125,0.607421875,0.220703125,0.869140625,0.185546875,0.298828125,1.2137257
0.740234375,0.919921875,0.412109375,0.216796875,0.951171875,0.154296875,0.380859375,0.529296875,0.771484375,0.482421875,0.126953125,0.607421875,0.220703125,0.869140625,0.185546875,0.298828125,1.2128757
0.740234375,0.919921875,0.412109375,0.216796875,0.951171875,0.154296875,0.380859375,0.529296875,0.771484375,0.705078125,0.775390625,0.607421875,0.220703125,0.869140625,0.185546875,0.298828125,0.9898335
0.740234375,0.919921875,0.412109375,0.216796875,0.951171875,0.154296875,0.380859375,0.529296875,0.771484375,0.705078125,0.126953125,0.466796875,0.220703125,0.869140625,0.185546875,0.298828125,1.2112138
0.740234375,0.919921875,0.412109375,0.216796875,0.951171875,0.154296875,0.380859375,0.529296875,0.771484375,0.705078125,0.126953125,0.607421875,0.833984375,0.869140625,0.185546875,0.298828125,1.2131854
0.740234375,0.919921875,0.412109375,0.216796875,0.951171875,0.154296875,0.380859375,0.529296875,0.771484375,0.705078125,0.126953125,0.607421875,0.220703125,0.142578125,0.185546875,0.298828125,1.043899
0.740234375,0.919921875,0.412109375,0.216796875,0.951171875,0.154296875,0.380859375,0.529296875,0.771484375,0.705078125,0.126953125,0.607421875,0.220703125,0.869140625,0.162109375,0.298828125,1.2137107
0.740234375,0.919921875,0.412109375,0.216796875,0.951171875,0.154296875,0.380859375,0.529296875,0.771484375,0.705078125,0.126953125,0.607421875,0.220703125,0.869140625,0.185546875,0.787109375,1.2131885
0.580078125,0.439453125,0.251953125,0.205078125,0.111328125,0.240234375,0.939453125,0.345703125,0.775390625,0.482421875,0.775390625,0.466796875,0.833984375,0.142578125,0.162109375,0.787109375,0.6337625
0.990234375,0.169921875,0.662109375,0.966796875,0.701171875,0.404296875,0.630859375,0.779296875,0.521484375,0.955078125,0.376953125,0.857421875,0.970703125,0.119140625,0.435546875,0.548828125,1.0103143
0.830078125,0.169921875,0.662109375,0.966796875,0.701171875,0.404296875,0.630859375,0.779296875,0.521484375,0.955078125,0.376953125,0.857421875,0.970703125,0.119140625,0.435546875,0.548828125,1.0103143
0.990234375,0.689453125,0.662109375,0.966796875,0.701171875,0.404296875,0.630859375,0.779296875,0.521484375,0.955078125,0.376953125,0.857421875,0.970703125,0.119140625,0.435546875,0.548828125,1.0840744
0.990234375,0.169921875,0.001953125,0.966796875,0.701171875,0.404296875,0.630859375,0.779296875,0.521484375,0.955078125,0.376953125,0.857421875,0.970703125,0.119140625,0.435546875,0.548828125,1.045402
0.990234375,0.169921875,0.662109375,0.955078125,0.701171875,0.404296875,0.630859375,0.779296875,0.521484375,0.955078125,0.376953125,0.857421875,0.970703125,0.119140625,0.435546875,0.548828125,1.0088031
0.990234375,0.169921875,0.662109375,0.966796875,0.861328125,0.404296875,0.630859375,0.779296875,0.521484375,0.955078125,0.376953125,0.857421875,0.970703125,0.119140625,0.435546875,0.548828125,1.0132519
0.990234375,0.169921875,0.662109375,0.966796875,0.701171875,0.490234375,0.630859375,0.779296875,0.521484375,0.955078125,0.376953125,0.857421875,0.970703125,0.119140625,0.435546875,0.548828125,1.0103143
0.990234375,0.169921875,0.662109375,0.966796875,0.701171875,0.404296875,0.189453125,0.779296875,0.521484375,0.955078125,0.376953125,0.857421875,0.970703125,0.119140625,0.435546875,0.548828125,1.0525409
0.990234375,0.169921875,0.662109375,0.966796875,0.701171875,0.404296875,0.630859375,0.595703125,0.521484375,0.955078125,0.376953125,0.857421875,0.970703125,0.119140625,0.435546875,0.548828125,1.0103354
0.990234375,0.169921875,0.662109375,0.966796875,0.701171875,0.404296875,0.630859375,0.779296875,0.025390625,0.955078125,0.376953125,0.857421875,0.970703125,0.119140625,0.435546875,0.548828125,0.97247946
0.990234375,0.169921875,0.662109375,0.966796875,0.701171875,0.404296875,0.630859375,0.779296875,0.521484375,0.232421875,0.376953125,0.857421875,0.970703125,0.119140625,0.435546875,0.548828125,0.9634642
0.990234375,0.169921875,0.662109375,0.966796875,0.701171875,0.404296875,0.630859375,0.779296875,0.521484375,0.955078125,0.025390625,0.857421875,0.970703125,0.119140625,0.435546875,0.548828125,1.0304271
0.990234375,0.169921875,0.662109375,0.966796875,0.701171875,0.404296875,0.630859375,0.779296875,0.521484375,0.955078125,0.376953125,0.216796875,0.970703125,0.119140625,0.435546875,0.548828125,0.99996257
0.990234375,0.169921875,0.662109375,0.966796875,0.701171875,0.404296875,0.630859375,0.779296875,0.521484375,0.955078125,0.376953125,0.857421875,0.083984375,0.119140625,0.435546875,0.548828125,1.0103154
0.990234375,0.169921875,0.662109375,0.966796875,0.701171875,0.404296875,0.630859375,0.779296875,0.521484375,0.955078125,0.376953125,0.857421875,0.970703125,0.392578125,0.435546875,0.548828125,1.0565454
0.990234375,0.169921875,0.662109375,0.966796875,0.701171875,0.404296875,0.630859375,0.779296875,0.521484375,0.955078125,0.376953125,0.857421875,0.970703125,0.119140625,0.912109375,0.548828125,0.9885779
0.990234375,0.169921875,0.662109375,0.966796875,0.701171875,0.404296875,0.630859375,0.779296875,0.521484375,0.955078125,0.376953125,0.857421875,0.970703125,0.119140625,0.435546875,0.037109375,1.0103143
0.830078125,0.689453125,0.001953125,0.955078125,0.861328125,0.490234375,0.189453125,0.595703125,0.025390625,0.232421875,0.025390625,0.216796875,0.083984375,0.392578125,0.912109375,0.037109375,1.1124074
0.490234375,0.669921875,0.162109375,0.466796875,0.201171875,0.904296875,0.130859375,0.279296875,0.021484375,0.455078125,0.876953125,0.357421875,0.470703125,0.619140625,0.935546875,0.048828125,0.76341295
0.330078125,0.669921875,0.162109375,0.466796875,0.201171875,0.904296875,0.130859375,0.279296875,0.021484375,0.455078125,0.876953125,0.357421875,0.470703125,0.619140625,0.935546875,0.048828125,0.76341295
0.490234375,0.189453125,0.162109375,0.466796875,0.201171875,0.904296875,0.130859375,0.279296875,0.021484375,0.455078125,0.876953125,0.357421875,0.470703125,0.619140625,0.935546875,0.048828125,0.69530624
0.490234375,0.669921875,0.501953125,0.466796875,0.201171875,0.904296875,0.130859375,0.279296875,0.021484375,0.455078125,0.876953125,0.357421875,0.470703125,0.619140625,0.935546875,0.048828125,0.7456163
0.490234375,0.669921875,0.162109375,0.455078125,0.201171875,0.904296875,0.130859375,0.279296875,0.021484375,0.455078125,0.876953125,0.357421875,0.470703125,0.619140625,0.935546875,0.048828125,0.7618563
0.490234375,0.669921875,0.162109375,0.466796875,0.361328125,0.904296875,0.130859375,0.279296875,0.021484375,0.455078125,0.876953125,0.357421875,0.470703125,0.619140625,0.935546875,0.048828125,0.7651351
0.490234375,0.669921875,0.162109375,0.466796875,0.201171875,0.990234375,0.130859375,0.279296875,0.021484375,0.455078125,0.876953125,0.357421875,0.470703125,0.619140625,0.935546875,0.048828125,0.76341295
0.490234375,0.669921875,0.162109375,0.466796875,0.201171875,0.904296875,0.689453125,0.279296875,0.021484375,0.455078125,0.876953125,0.357421875,0.470703125,0.619140625,0.935546875,0.048828125,0.7092076
0.490234375,0.669921875,0.162109375,0.466796875,0.201171875,0.904296875,0.130859375,0.095703125,0.021484375,0.455078125,0.876953125,0.357421875,0.470703125,0.619140625,0.935546875,0.048828125,0.76340604
0.490234375,0.669921875,0.162109375,0.466796875,0.201171875,0.904296875,0.130859375,0.279296875,0.525390625,0.455078125,0.876953125,0.357421875,0.470703125,0.619140625,0.935546875,0.048828125,0.7993197
0.490234375,0.669921875,0.162109375,0.466796875,0.201171875,0.904296875,0.130859375,0.279296875,0.021484375,0.732421875,0.876953125,0.357421875,0.470703125,0.619140625,0.935546875,0.048828125,0.76395655
0.490234375,0.669921875,0.162109375,0.466796875,0.201171875,0.904296875,0.130859375,0.279296875,0.021484375,0.455078125,0.525390625,0.357421875,0.470703125,0.619140625,0.935546875,0.048828125,1.0350665
0.490234375,0.669921875,0.162109375,0.466796875,0.201171875,0.904296875,0.130859375,0.279296875,0.021484375,0.455078125,0.876953125,0.716796875,0.470703125,0.619140625,0.935546875,0.048828125,0.7686723
0.490234375,0.669921875,0.162109375,0.466796875,0.201171875,0.904296875,0.130859375,0.279296875,0.021484375,0.455078125,0.876953125,0.357421875,0.583984375,0.619140625,0.935546875,0.048828125,0.76317483
0.490234375,0.669921875,0.162109375,0.466796875,0.201171875,0.904296875,0.130859375,0.279296875,0.021484375,0.455078125,0.876953125,0.357421875,0.470703125,0.892578125,0.935546875,0.048828125,0.8459876
0.490234375,0.669921875,0.162109375,0.466796875,0.201171875,0.904296875,0.130859375,0.279296875,0.021484375,0.455078125,0.876953125,0.357421875,0.470703125,0.619140625,0.412109375,0.048828125,0.78732055
0.490234375,0.669921875,0.162109375,0.466796875,0.201171875,0.904296875,0.130859375,0.279296875,0.021484375,0.455078125,0.876953125,0.357421875,0.470703125,0.619140625,0.935546875,0.537109375,0.76341295
0.330078125,0.189453125,0.501953125,0.455078125,0.361328125,0.990234375,0.689453125,0.095703125,0.525390625,0.732421875,0.525390625,0.716796875,0.583984375,0.892578125,0.412109375,0.537109375,1.0430701
0.365234375,0.044921875,0.287109375,0.341796875,0.076171875,0.529296875,0.505859375,0.904296875,0.646484375,0.580078125,0.251953125,0.482421875,0.845703125,0.994140625,0.810546875,0.173828125,1.0861437
0.455078125,0.044921875,0.287109375,0.341796875,0.076171875,0.529296875,0.505859375,0.904296875,0.646484375,0.580078125,0.251953125,0.482421875,0.845703125,0.994140625,0.810546875,0.173828125,1.0861437
0.365234375,0.064453125,0.287109375,0.341796875,0.076171875,0.529296875,0.505859375,0.904296875,0.646484375,0.580078125,0.251953125,0.482421875,0.845703125,0.994140625,0.810546875,0.173828125,1.0876365
0.365234375,0.044921875,0.126953125,0.341796875,0.076171875,0.529296875,0.505859375,0.904296875,0.646484375,0.580078125,0.251953125,0.482421875,0.845703125,0.994140625,0.810546875,0.173828125,1.0930033
0.365234375,0.044921875,0.287109375,0.580078125,0.076171875,0.529296875,0.505859375,0.904296875,0.646484375,0.580078125,0.251953125,0.482421875,0.845703125,0.994140625,0.810546875,0.173828125,1.1187859
0.365234375,0.044921875,0.287109375,0.341796875,0.736328125,0.529296875,0.505859375,0.904296875,0.646484375,0.580078125,0.251953125,0.482421875,0.845703125,0.994140625,0.810546875,0.173828125,1.094461
0.365234375,0.044921875,0.287109375,0.341796875,0.076171875,0.615234375,0.505859375,0.904296875,0.646484375,0.580078125,0.251953125,0.482421875,0.845703125,0.994140625,0.810546875,0.173828125,1.0861437
0.365234375,0.044921875,0.287109375,0.341796875,0.076171875,0.529296875,0.064453125,0.904296875,0.646484375,0.580078125,0.251953125,0.482421875,0.845703125,0.994140625,0.810546875,0.173828125,1.1182635
0.365234375,0.044921875,0.287109375,0.341796875,0.076171875,0.529296875,0.505859375,0.220703125,0.646484375,0.580078125,0.251953125,0.482421875,0.845703125,0.994140625,0.810546875,0.173828125,1.0861473
0.365234375,0.044921875,0.287109375,0.341796875,0.076171875,0.529296875,0.505859375,0.904296875,0.650390625,0.580078125,0.251953125,0.482421875,0.845703125,0.994140625,0.810546875,0.173828125,1.0852728
0.365234375,0.044921875,0.287109375,0.341796875,0.076171875,0.529296875,0.505859375,0.904296875,0.646484375,0.107421875,0.251953125,0.482421875,0.845703125,0.994140625,0.810546875,0.173828125,0.52357894
0.365234375,0.044921875,0.287109375,0.341796875,0.076171875,0.529296875,0.505859375,0.904296875,0.646484375,0.580078125,0.150390625,0.482421875,0.845703125,0.994140625,0.810546875,0.173828125,1.0908934
0.365234375,0.044921875,0.287109375,0.341796875,0.076171875,0.529296875,0.505859375,0.904296875,0.646484375,0.580078125,0.251953125,0.341796875,0.845703125,0.994140625,0.810546875,0.173828125,1.0829678
0.365234375,0.044921875,0.287109375,0.341796875,0.076171875,0.529296875,0.505859375,0.904296875,0.646484375,0.580078125,0.251953125,0.482421875,0.458984375,0.994140625,0.810546875,0.173828125,1.0860776
0.365234375,0.044921875,0.287109375,0.341796875,0.076171875,0.529296875,0.505859375,0.904296875,0.646484375,0.580078125,0.251953125,0.482421875,0.845703125,0.517578125,0.810546875,0.173828125,0.9415496
0.365234375,0.044921875,0.287109375,0.341796875,0.076171875,0.529296875,0.505859375,0.904296875,0.646484375,0.580078125,0.251953125,0.482421875,0.845703125,0.994140625,0.787109375,0.173828125,1.08737
0.365234375,0.044921875,0.287109375,0.341796875,0.076171875,0.529296875,0.505859375,0.904296875,0.646484375,0.580078125,0.251953125,0.482421875,0.845703125,0.994140625,0.810546875,0.412109375,1.0861439
0.455078125,0.064453125,0.126953125,0.580078125,0.736328125,0.615234375,0.064453125,0.220703125,0.650390625,0.107421875,0.150390625,0.341796875,0.458984375,0.517578125,0.787109375,0.412109375,0.46228313
0.865234375,0.544921875,0.787109375,0.841796875,0.576171875,0.029296875,0.005859375,0.404296875,0.146484375,0.080078125,0.751953125,0.982421875,0.345703125,0.494140625,0.310546875,0.673828125,-0.040945876
0.955078125,0.544921875,0.787109375,0.841796875,0.576171875,0.029296875,0.005859375,0.404296875,0.146484375,0.080078125,0.751953125,0.982421875,0.345703125,0.494140625,0.310546875,0.673828125,-0.040945876
0.865234375,0.564453125,0.787109375,0.841796875,0.576171875,0.029296875,0.005859375,0.404296875,0.146484375,0.080078125,0.751953125,0.982421875,0.345703125,0.494140625,0.310546875,0.673828125,-0.037702505
0.865234375,0.544921875,0.626953125,0.841796875,0.576171875,0.029296875,0.005859375,0.404296875,0.146484375,0.080078125,0.751953125,0.982421875,0.345703125,0.494140625,0.310546875,0.673828125,-0.027236242
0.865234375,0.544921875,0.787109375,0.080078125,0.576171875,0.029296875,0.005859375,0.404296875,0.146484375,0.080078125,0.751953125,0.982421875,0.345703125,0.494140625,0.310546875,0.673828125,-0.14878708
0.865234375,0.544921875,0.787109375,0.841796875,0.236328125,0.029296875,0.005859375,0.404296875,0.146484375,0.080078125,0.751953125,0.982421875,0.345703125,0.494140625,0.310546875,0.673828125,-0.04519098
0.865234375,0.544921875,0.787109375,0.841796875,0.576171875,0.115234375,0.005859375,0.404296875,0.146484375,0.080078125,0.751953125,0.982421875,0.345703125,0.494140625,0.310546875,0.673828125,-0.040945876
0.865234375,0.544921875,0.787109375,0.841796875,0.576171875,0.029296875,0.564453125,0.404296875,0.146484375,0.080078125,0.751953125,0.982421875,0.345703125,0.494140625,0.310546875,0.673828125,-0.08229317
0.865234375,0.544921875,0.787109375,0.841796875,0.576171875,0.029296875,0.005859375,0.720703125,0.146484375,0.080078125,0.751953125,0.982421875,0.345703125,0.494140625,0.310546875,0.673828125,-0.041011248
0.865234375,0.544921875,0.787109375,0.841796875,0.576171875,0.029296875,0.005859375,0.404296875,0.150390625,0.080078125,0.751953125,0.982421875,0.345703125,0.494140625,0.310546875,0.673828125,-0.040372718
0.865234375,0.544921875,0.787109375,0.841796875,0.576171875,0.029296875,0.005859375,0.404296875,0.146484375,0.607421875,0.751953125,0.982421875,0.345703125,0.494140625,0.310546875,0.673828125,0.92025864
0.865234375,0.544921875,0.787109375,0.841796875,0.576171875,0.029296875,0.005859375,0.404296875,0.146484375,0.080078125,0.650390625,0.982421875,0.345703125,0.494140625,0.310546875,0.673828125,0.04144037
0.865234375,0.544921875,0.787109375,0.841796875,0.576171875,0.029296875,0.005859375,0.404296875,0.146484375,0.080078125,0.751953125,0.841796875,0.345703125,0.494140625,0.310546875,0.673828125,-0.041031603
0.865234375,0.544921875,0.787109375,0.841796875,0.576171875,0.029296875,0.005859375,0.404296875,0.146484375,0.080078125,0.751953125,0.982421875,0.958984375,0.494140625,0.310546875,0.673828125,-0.04093421
0.865234375,0.544921875,0.787109375,0.841796875,0.576171875,0.029296875,0.005859375,0.404296875,0.146484375,0.080078125,0.751953125,0.982421875,0.345703125,0.017578125,0.310546875,0.673828125,-0.122078925
0.865234375,0.544921875,0.787109375,0.841796875,0.576171875,0.029296875,0.005859375,0.404296875,0.146484375,0.080078125,0.751953125,0.982421875,0.345703125,0.494140625,0.287109375,0.673828125,-0.040306505
0.865234375,0.544921875,0.787109375,0.841796875,0.576171875,0.029296875,0.005859375,0.404296875,0.146484375,0.080078125,0.751953125,0.982421875,0.345703125,0.494140625,0.310546875,0.912109375,-0.04094586
0.955078125,0.564453125,0.626953125,0.080078125,0.236328125,0.115234375,0.564453125,0.720703125,0.150390625,0.607421875,0.650390625,0.841796875,0.958984375,0.017578125,0.287109375,0.912109375,0.7861044
0.615234375,0.294921875,0.037109375,0.091796875,0.826171875,0.279296875,0.755859375,0.154296875,0.396484375,0.330078125,0.501953125,0.732421875,0.595703125,0.744140625,0.060546875,0.423828125,1.033199
0.705078125,0.294921875,0.037109375,0.091796875,0.826171875,0.279296875,0.755859375,0.154296875,0.396484375,0.330078125,0.501953125,0.732421875,0.595703125,0.744140625,0.060546875,0.423828125,1.033199
0.615234375,0.314453125,0.037109375,0.091796875,0.826171875,0.279296875,0.755859375,0.154296875,0.396484375,0.330078125,0.501953125,0.732421875,0.595703125,0.744140625,0.060546875,0.423828125,1.0354832
0.615234375,0.294921875,0.876953125,0.091796875,0.826171875,0.279296875,0.755859375,0.154296875,0.396484375,0.330078125,0.501953125,0.732421875,0.595703125,0.744140625,0.060546875,0.423828125,0.979412
0.615234375,0.294921875,0.037109375,0.830078125,0.826171875,0.279296875,0.755859375,0.154296875,0.396484375,0.330078125,0.501953125,0.732421875,0.595703125,0.744140625,0.060546875,0.423828125,1.1382946
0.615234375,0.294921875,0.037109375,0.091796875,0.986328125,0.279296875,0.755859375,0.154296875,0.396484375,0.330078125,0.501953125,0.732421875,0.595703125,0.744140625,0.060546875,0.423828125,1.0364908
0.615234375,0.294921875,0.037109375,0.091796875,0.826171875,0.365234375,0.755859375,0.154296875,0.396484375,0.330078125,0.501953125,0.732421875,0.595703125,0.744140625,0.060546875,0.423828125,1.033199
0.615234375,0.294921875,0.037109375,0.091796875,0.826171875,0.279296875,0.314453125,0.154296875,0.396484375,0.330078125,0.501953125,0.732421875,0.595703125,0.744140625,0.060546875,0.423828125,1.0874752
0.615234375,0.294921875,0.037109375,0.091796875,0.826171875,0.279296875,0.755859375,0.470703125,0.396484375,0.330078125,0.501953125,0.732421875,0.595703125,0.744140625,0.060546875,0.423828125,1.0334224
0.615234375,0.294921875,0.037109375,0.091796875,0.826171875,0.279296875,0.755859375,0.154296875,0.900390625,0.330078125,0.501953125,0.732421875,0.595703125,0.744140625,0.060546875,0.423828125,1.0072163
0.615234375,0.294921875,0.037109375,0.091796875,0.826171875,0.279296875,0.755859375,0.154296875,0.396484375,0.857421875,0.501953125,0.732421875,0.595703125,0.744140625,0.060546875,0.423828125,1.0398518
0.615234375,0.294921875,0.037109375,0.091796875,0.826171875,0.279296875,0.755859375,0.154296875,0.396484375,0.330078125,0.400390625,0.732421875,0.595703125,0.744140625,0.060546875,0.423828125,1.0576073
0.615234375,0.294921875,0.037109375,0.091796875,0.826171875,0.279296875,0.755859375,0.154296875,0.396484375,0.330078125,0.501953125,0.591796875,0.595703125,0.744140625,0.060546875,0.423828125,1.0321399
0.615234375,0.294921875,0.037109375,0.091796875,0.826171875,0.279296875,0.755859375,0.154296875,0.396484375,0.330078125,0.501953125,0.732421875,0.208984375,0.744140625,0.060546875,0.423828125,1.0335275
0.615234375,0.294921875,0.037109375,0.091796875,0.826171875,0.279296875,0.755859375,0.154296875,0.396484375,0.330078125,0.501953125,0.732421875,0.595703125,0.267578125,0.060546875,0.423828125,0.9233811
0.615234375,0.294921875,0.037109375,0.091796875,0.826171875,0.279296875,0.755859375,0.154296875,0.396484375,0.330078125,0.501953125,0.732421875,0.595703125,0.744140625,0.537109375,0.423828125,1.020053
0.615234375,0.294921875,0.037109375,0.091796875,0.826171875,0.279296875,0.755859375,0.154296875,0.396484375,0.330078125,0.501953125,0.732421875,0.595703125,0.744140625,0.060546875,0.162109375,1.0331988
0.705078125,0.314453125,0.876953125,0.830078125,0.986328125,0.365234375,0.314453125,0.470703125,0.900390625,0.857421875,0.400390625,0.591796875,0.208984375,0.267578125,0.537109375,0.162109375,1.0259668
0.115234375,0.794921875,0.537109375,0.591796875,0.326171875,0.779296875,0.255859375,0.654296875,0.896484375,0.830078125,0.001953125,0.232421875,0.095703125,0.244140625,0.560546875,0.923828125,1.0765673
0.205078125,0.794921875,0.537109375,0.591796875,0.326171875,0.779296875,0.255859375,0.654296875,0.896484375,0.830078125,0.001953125,0.232421875,0.095703125,0.244140625,0.560546875,0.923828125,1.0765673
0.115234375,0.814453125,0.537109375,0.591796875,0.326171875,0.779296875,0.255859375,0.654296875,0.896484375,0.830078125,0.001953125,0.232421875,0.095703125,0.244140625,0.560546875,0.923828125,1.0809376
0.115234375,0.794921875,0.376953125,0.591796875,0.326171875,0.779296875,0.255859375,0.654296875,0.896484375,0.830078125,0.001953125,0.232421875,0.095703125,0.244140625,0.560546875,0.923828125,1.0865581
0.115234375,0.794921875,0.537109375,0.330078125,0.326171875,0.779296875,0.255859375,0.654296875,0.896484375,0.830078125,0.001953125,0.232421875,0.095703125,0.244140625,0.560546875,0.923828125,1.0405236
0.115234375,0.794921875,0.537109375,0.591796875,0.486328125,0.779296875,0.255859375,0.654296875,0.896484375,0.830078125,0.001953125,0.232421875,0.095703125,0.244140625,0.560546875,0.923828125,1.0785631
0.115234375,0.794921875,0.537109375,0.591796875,0.326171875,0.865234375,0.255859375,0.654296875,0.896484375,0.830078125,0.001953125,0.232421875,0.095703125,0.244140625,0.560546875,0.923828125,1.0765673
0.115234375,0.794921875,0.537109375,0.591796875,0.326171875,0.779296875,0.814453125,0.654296875,0.896484375,0.830078125,0.001953125,0.232421875,0.095703125,0.244140625,0.560546875,0.923828125,1.007045
0.115234375,0.794921875,0.537109375,0.591796875,0.326171875,0.779296875,0.255859375,0.970703125,0.896484375,0.830078125,0.001953125,0.232421875,0.095703125,0.244140625,0.560546875,0.923828125,1.0765575
0.115234375,0.794921875,0.537109375,0.591796875,0.326171875,0.779296875,0.255859375,0.654296875,0.400390625,0.830078125,0.001953125,0.232421875,0.095703125,0.244140625,0.560546875,0.923828125,1.1039455
0.115234375,0.794921875,0.537109375,0.591796875,0.326171875,0.779296875,0.255859375,0.654296875,0.896484375,0.357421875,0.001953125,0.232421875,0.095703125,0.244140625,0.560546875,0.923828125,1.0727183
0.115234375,0.794921875,0.537109375,0.591796875,0.326171875,0.779296875,0.255859375,0.654296875,0.896484375,0.830078125,0.900390625,0.232421875,0.095703125,0.244140625,0.560546875,0.923828125,0.7249816
0.115234375,0.794921875,0.537109375,0.591796875,0.326171875,0.779296875,0.255859375,0.654296875,0.896484375,0.830078125,0.001953125,0.091796875,0.095703125,0.244140625,0.560546875,0.923828125,1.0701315
0.115234375,0.794921875,0.537109375,0.591796875,0.326171875,0.779296875,0.255859375,0.654296875,0.896484375,0.830078125,0.001953125,0.232421875,0.708984375,0.244140625,0.560546875,0.923828125,1.0765392
0.115234375,0.794921875,0.537109375,0.591796875,0.326171875,0.779296875,0.255859375,0.654296875,0.896484375,0.830078125,0.001953125,0.232421875,0.095703125,0.767578125,0.560546875,0.923828125,1.197396
0.115234375,0.794921875,0.537109375,0.591796875,0.326171875,0.779296875,0.255859375,0.654296875,0.896484375,0.830078125,0.001953125,0.232421875,0.095703125,0.244140625,0.037109375,0.923828125,1.0910394
0.115234375,0.794921875,0.537109375,0.591796875,0.326171875,0.779296875,0.255859375,0.654296875,0.896484375,0.830078125,0.001953125,0.232421875,0.095703125,0.244140625,0.560546875,0.662109375,1.0765673
0.205078125,0.814453125,0.376953125,0.330078125,0.486328125,0.865234375,0.814453125,0.970703125,0.400390625,0.357421875,0.900390625,0.091796875,0.708984375,0.767578125,0.037109375,0.662109375,0.7881287
0.083984375,0.263671875,0.380859375,0.435546875,0.669921875,0.060546875,0.099609375,0.185546875,0.802734375,0.298828125,0.033203125,0.388671875,0.876953125,0.025390625,0.154296875,0.205078125,0.93265
0.048828125,0.263671875,0.380859375,0.435546875,0.669921875,0.060546875,0.099609375,0.185546875,0.802734375,0.298828125,0.033203125,0.388671875,0.876953125,0.025390625,0.154296875,0.205078125,0.93265
0.083984375,0.720703125,0.380859375,0.435546875,0.669921875,0.060546875,0.099609375,0.185546875,0.802734375,0.298828125,0.033203125,0.388671875,0.876953125,0.025390625,0.154296875,0.205078125,1.003111
0.083984375,0.263671875,0.970703125,0.435546875,0.669921875,0.060546875,0.099609375,0.185546875,0.802734375,0.298828125,0.033203125,0.388671875,0.876953125,0.025390625,0.154296875,0.205078125,0.8835238
0.083984375,0.263671875,0.380859375,0.923828125,0.669921875,0.060546875,0.099609375,0.185546875,0.802734375,0.298828125,0.033203125,0.388671875,0.876953125,0.025390625,0.154296875,0.205078125,1.0394818
0.083984375,0.263671875,0.380859375,0.435546875,0.080078125,0.060546875,0.099609375,0.185546875,0.802734375,0.298828125,0.033203125,0.388671875,0.876953125,0.025390625,0.154296875,0.205078125,0.9254949
0.083984375,0.263671875,0.380859375,0.435546875,0.669921875,0.896484375,0.099609375,0.185546875,0.802734375,0.298828125,0.033203125,0.388671875,0.876953125,0.025390625,0.154296875,0.205078125,0.93265
0.083984375,0.263671875,0.380859375,0.435546875,0.669921875,0.060546875,0.845703125,0.185546875,0.802734375,0.298828125,0.033203125,0.388671875,0.876953125,0.025390625,0.154296875,0.205078125,0.84821206
0.083984375,0.263671875,0.380859375,0.435546875,0.669921875,0.060546875,0.099609375,0.689453125,0.802734375,0.298828125,0.033203125,0.388671875,0.876953125,0.025390625,0.154296875,0.205078125,0.9326536
0.083984375,0.263671875,0.380859375,0.435546875,0.669921875,0.060546875,0.099609375,0.185546875,0.744140625,0.298828125,0.033203125,0.388671875,0.876953125,0.025390625,0.154296875,0.205078125,0.9247079
0.083984375,0.263671875,0.380859375,0.435546875,0.669921875,0.060546875,0.099609375,0.185546875,0.802734375,0.763671875,0.033203125,0.388671875,0.876953125,0.025390625,0.154296875,0.205078125,0.9450745
0.083984375,0.263671875,0.380859375,0.435546875,0.669921875,0.060546875,0.099609375,0.185546875,0.802734375,0.298828125,0.994140625,0.388671875,0.876953125,0.025390625,0.154296875,0.205078125,0.49818793
0.083984375,0.263671875,0.380859375,0.435546875,0.669921875,0.060546875,0.099609375,0.185546875,0.802734375,0.298828125,0.033203125,0.123046875,0.876953125,0.025390625,0.154296875,0.205078125,0.92298263
0.083984375,0.263671875,0.380859375,0.435546875,0.669921875,0.060546875,0.099609375,0.185546875,0.802734375,0.298828125,0.033203125,0.388671875,0.865234375,0.025390625,0.154296875,0.205078125,0.9326495
0.083984375,0.263671875,0.380859375,0.435546875,0.669921875,0.060546875,0.099609375,0.185546875,0.802734375,0.298828125,0.033203125,0.388671875,0.876953125,0.048828125,0.154296875,0.205078125,0.93559176
0.083984375,0.263671875,0.380859375,0.435546875,0.669921875,0.060546875,0.099609375,0.185546875,0.802734375,0.298828125,0.033203125,0.388671875,0.876953125,0.025390625,0.693359375,0.205078125,0.9147672
0.083984375,0.263671875,0.380859375,0.435546875,0.669921875,0.060546875,0.099609375,0.185546875,0.802734375,0.298828125,0.033203125,0.388671875,0.876953125,0.025390625,0.154296875,0.755859375,0.93265
0.048828125,0.720703125,0.970703125,0.923828125,0.080078125,0.896484375,0.845703125,0.689453125,0.744140625,0.763671875,0.994140625,0.123046875,0.865234375,0.048828125,0.693359375,0.755859375,0.51463825
0.583984375,0.763671875,0.880859375,0.935546875,0.169921875,0.560546875,0.599609375,0.685546875,0.302734375,0.798828125,0.533203125,0.888671875,0.376953125,0.525390625,0.654296875,0.705078125,1.0988541
0.548828125,0.763671875,0.880859375,0.935546875,0.169921875,0.560546875,0.599609375,0.685546875,0.302734375,0.798828125,0.533203125,0.888671875,0.376953125,0.525390625,0.654296875,0.705078125,1.0988541
0.583984375,0.220703125,0.880859375,0.935546875,0.169921875,0.560546875,0.599609375,0.685546875,0.302734375,0.798828125,0.533203125,0.888671875,0.376953125,0.525390625,0.654296875,0.705078125,1.0148771
0.583984375,0.763671875,0.470703125,0.935546875,0.169921875,0.560546875,0.599609375,0.685546875,0.302734375,0.798828125,0.533203125,0.888671875,0.376953125,0.525390625,0.654296875,0.705078125,1.1328343
0.583984375,0.763671875,0.880859375,0.423828125,0.169921875,0.560546875,0.599609375,0.685546875,0.302734375,0.798828125,0.533203125,0.888671875,0.376953125,0.525390625,0.654296875,0.705078125,0.9889356
0.583984375,0.763671875,0.880859375,0.935546875,0.580078125,0.560546875,0.599609375,0.685546875,0.302734375,0.798828125,0.533203125,0.888671875,0.376953125,0.525390625,0.654296875,0.705078125,1.1038047
0.583984375,0.763671875,0.880859375,0.935546875,0.169921875,0.396484375,0.599609375,0.685546875,0.302734375,0.798828125,0.533203125,0.888671875,0.376953125,0.525390625,0.654296875,0.705078125,1.0988541
0.583984375,0.763671875,0.880859375,0.935546875,0.169921875,0.560546875,0.345703125,0.685546875,0.302734375,0.798828125,0.533203125,0.888671875,0.376953125,0.525390625,0.654296875,0.705078125,1.1260576
0.583984375,0.763671875,0.880859375,0.935546875,0.169921875,0.560546875,0.599609375,0.189453125,0.302734375,0.798828125,0.533203125,0.888671875,0.376953125,0.525390625,0.654296875,0.705078125,1.0988504
0.583984375,0.763671875,0.880859375,0.935546875,0.169921875,0.560546875,0.599609375,0.685546875,0.244140625,0.798828125,0.533203125,0.888671875,0.376953125,0.525390625,0.654296875,0.705078125,1.0810585
0.583984375,0.763671875,0.880859375,0.935546875,0.169921875,0.560546875,0.599609375,0.685546875,0.302734375,0.263671875,0.533203125,0.888671875,0.376953125,0.525390625,0.654296875,0.705078125,1.0737648
0.583984375,0.763671875,0.880859375,0.935546875,0.169921875,0.560546875,0.599609375,0.685546875,0.302734375,0.798828125,0.494140625,0.888671875,0.376953125,0.525390625,0.654296875,0.705078125,1.1122873
0.583984375,0.763671875,0.880859375,0.935546875,0.169921875,0.560546875,0.599609375,0.685546875,0.302734375,0.798828125,0.533203125,0.623046875,0.376953125,0.525390625,0.654296875,0.705078125,1.0977229
0.583984375,0.763671875,0.880859375,0.935546875,0.169921875,0.560546875,0.599609375,0.685546875,0.302734375,0.798828125,0.533203125,0.888671875,0.365234375,0.525390625,0.654296875,0.705078125,1.0988567
0.583984375,0.763671875,0.880859375,0.935546875,0.169921875,0.560546875,0.599609375,0.685546875,0.302734375,0.798828125,0.533203125,0.888671875,0.376953125,0.548828125,0.654296875,0.705078125,1.104406
0.583984375,0.763671875,0.880859375,0.935546875,0.169921875,0.560546875,0.599609375,0.685546875,0.302734375,0.798828125,0.533203125,0.888671875,0.376953125,0.525390625,0.193359375,0.705078125,1.1140966
0.583984375,0.763671875,0.880859375,0.935546875,0.169921875,0.560546875,0.599609375,0.685546875,0.302734375,0.798828125,0.533203125,0.888671875,0.376953125,0.525390625,0.654296875,0.255859375,1.0988541
0.548828125,0.220703125,0.470703125,0.423828125,0.580078125,0.396484375,0.345703125,0.189453125,0.244140625,0.263671875,0.494140625,0.623046875,0.365234375,0.548828125,0.193359375,0.255859375,0.96130335
0.833984375,0.013671875,0.130859375,0.185546875,0.419921875,0.810546875,0.349609375,0.935546875,0.052734375,0.548828125,0.783203125,0.638671875,0.626953125,0.275390625,0.904296875,0.455078125,0.6742241
0.798828125,0.013671875,0.130859375,0.185546875,0.419921875,0.810546875,0.349609375,0.935546875,0.052734375,0.548828125,0.783203125,0.638671875,0.626953125,0.275390625,0.904296875,0.455078125,0.6742241
0.833984375,0.970703125,0.130859375,0.185546875,0.419921875,0.810546875,0.349609375,0.935546875,0.052734375,0.548828125,0.783203125,0.638671875,0.626953125,0.275390625,0.904296875,0.455078125,0.82564455
0.833984375,0.013671875,0.220703125,0.185546875,0.419921875,0.810546875,0.349609375,0.935546875,0.052734375,0.548828125,0.783203125,0.638671875,0.626953125,0.275390625,0.904296875,0.455078125,0.6705763
0.833984375,0.013671875,0.130859375,0.673828125,0.419921875,0.810546875,0.349609375,0.935546875,0.052734375,0.548828125,0.783203125,0.638671875,0.626953125,0.275390625,0.904296875,0.455078125,0.736769
0.833984375,0.013671875,0.130859375,0.185546875,0.330078125,0.810546875,0.349609375,0.935546875,0.052734375,0.548828125,0.783203125,0.638671875,0.626953125,0.275390625,0.904296875,0.455078125,0.6731445
0.833984375,0.013671875,0.130859375,0.185546875,0.419921875,0.146484375,0.349609375,0.935546875,0.052734375,0.548828125,0.783203125,0.638671875,0.626953125,0.275390625,0.904296875,0.455078125,0.6742241
0.833984375,0.013671875,0.130859375,0.185546875,0.419921875,0.810546875,0.595703125,0.935546875,0.052734375,0.548828125,0.783203125,0.638671875,0.626953125,0.275390625,0.904296875,0.455078125,0.6478694
0.833984375,0.013671875,0.130859375,0.185546875,0.419921875,0.810546875,0.349609375,0.939453125,0.052734375,0.548828125,0.783203125,0.638671875,0.626953125,0.275390625,0.904296875,0.455078125,0.6742241
0.833984375,0.013671875,0.130859375,0.185546875,0.419921875,0.810546875,0.349609375,0.935546875,0.994140625,0.548828125,0.783203125,0.638671875,0.626953125,0.275390625,0.904296875,0.455078125,0.7298444
0.833984375,0.013671875,0.130859375,0.185546875,0.419921875,0.810546875,0.349609375,0.935546875,0.052734375,0.013671875,0.783203125,0.638671875,0.626953125,0.275390625,0.904296875,0.455078125,-2.704439
0.833984375,0.013671875,0.130859375,0.185546875,0.419921875,0.810546875,0.349609375,0.935546875,0.052734375,0.548828125,0.744140625,0.638671875,0.626953125,0.275390625,0.904296875,0.455078125,0.71140665
0.833984375,0.013671875,0.130859375,0.185546875,0.419921875,0.810546875,0.349609375,0.935546875,0.052734375,0.548828125,0.783203125,0.873046875,0.626953125,0.275390625,0.904296875,0.455078125,0.67520237
0.833984375,0.013671875,0.130859375,0.185546875,0.419921875,0.810546875,0.349609375,0.935546875,0.052734375,0.548828125,0.783203125,0.638671875,0.615234375,0.275390625,0.904296875,0.455078125,0.67415696
0.833984375,0.013671875,0.130859375,0.185546875,0.419921875,0.810546875,0.349609375,0.935546875,0.052734375,0.548828125,0.783203125,0.638671875,0.626953125,0.798828125,0.904296875,0.455078125,0.7994508
0.833984375,0.013671875,0.130859375,0.185546875,0.419921875,0.810546875,0.349609375,0.935546875,0.052734375,0.548828125,0.783203125,0.638671875,0.626953125,0.275390625,0.943359375,0.455078125,0.67188615
0.833984375,0.013671875,0.130859375,0.185546875,0.419921875,0.810546875,0.349609375,0.935546875,0.052734375,0.548828125,0.783203125,0.638671875,0.626953125,0.275390625,0.904296875,0.505859375,0.6742241
0.798828125,0.970703125,0.220703125,0.673828125,0.330078125,0.146484375,0.595703125,0.939453125,0.994140625,0.013671875,0.744140625,0.873046875,0.615234375,0.798828125,0.943359375,0.505859375,-2.3049529
0.333984375,0.513671875,0.630859375,0.685546875,0.919921875,0.310546875,0.849609375,0.435546875,0.552734375,0.048828125,0.283203125,0.138671875,0.126953125,0.775390625,0.404296875,0.955078125,-0.6649887
0.298828125,0.513671875,0.630859375,0.685546875,0.919921875,0.310546875,0.849609375,0.435546875,0.552734375,0.048828125,0.283203125,0.138671875,0.126953125,0.775390625,0.404296875,0.955078125,-0.6649887
0.333984375,0.470703125,0.630859375,0.685546875,0.919921875,0.310546875,0.849609375,0.435546875,0.552734375,0.048828125,0.283203125,0.138671875,0.126953125,0.775390625,0.404296875,0.955078125,-0.6715624
0.333984375,0.513671875,0.720703125,0.685546875,0.919921875,0.310546875,0.849609375,0.435546875,0.552734375,0.048828125,0.283203125,0.138671875,0.126953125,0.775390625,0.404296875,0.955078125,-0.67239684
0.333984375,0.513671875,0.630859375,0.173828125,0.919921875,0.310546875,0.849609375,0.435546875,0.552734375,0.048828125,0.283203125,0.138671875,0.126953125,0.775390625,0.404296875,0.955078125,-0.7309883
0.333984375,0.513671875,0.630859375,0.685546875,0.830078125,0.310546875,0.849609375,0.435546875,0.552734375,0.048828125,0.283203125,0.138671875,0.126953125,0.775390625,0.404296875,0.955078125,-0.6667841
0.333984375,0.513671875,0.630859375,0.685546875,0.919921875,0.646484375,0.849609375,0.435546875,0.552734375,0.048828125,0.283203125,0.138671875,0.126953125,0.775390625,0.404296875,0.955078125,-0.6649887
0.333984375,0.513671875,0.630859375,0.685546875,0.919921875,0.310546875,0.095703125,0.435546875,0.552734375,0.048828125,0.283203125,0.138671875,0.126953125,0.775390625,0.404296875,0.955078125,-0.5795583
0.333984375,0.513671875,0.630859375,0.685546875,0.919921875,0.310546875,0.849609375,0.439453125,0.552734375,0.048828125,0.283203125,0.138671875,0.126953125,0.775390625,0.404296875,0.955078125,-0.6649887
0.333984375,0.513671875,0.630859375,0.685546875,0.919921875,0.310546875,0.849609375,0.435546875,0.494140625,0.048828125,0.283203125,0.138671875,0.126953125,0.775390625,0.404296875,0.955078125,-0.6489256
0.333984375,0.513671875,0.630859375,0.685546875,0.919921875,0.310546875,0.849609375,0.435546875,0.552734375,0.513671875,0.283203125,0.138671875,0.126953125,0.775390625,0.404296875,0.955078125,1.090184
0.333984375,0.513671875,0.630859375,0.685546875,0.919921875,0.310546875,0.849609375,0.435546875,0.552734375,0.048828125,0.244140625,0.138671875,0.126953125,0.775390625,0.404296875,0.955078125,-0.6622422
0.333984375,0.513671875,0.630859375,0.685546875,0.919921875,0.310546875,0.849609375,0.435546875,0.552734375,0.048828125,0.283203125,0.373046875,0.126953125,0.775390625,0.404296875,0.955078125,-0.6564785
0.333984375,0.513671875,0.630859375,0.685546875,0.919921875,0.310546875,0.849609375,0.435546875,0.552734375,0.048828125,0.283203125,0.138671875,0.115234375,0.775390625,0.404296875,0.955078125,-0.6649885
0.333984375,0.513671875,0.630859375,0.685546875,0.919921875,0.310546875,0.849609375,0.435546875,0.552734375,0.048828125,0.283203125,0.138671875,0.126953125,0.298828125,0.404296875,0.955078125,-0.7788085
0.333984375,0.513671875,0.630859375,0.685546875,0.919921875,0.310546875,0.849609375,0.435546875,0.552734375,0.048828125,0.283203125,0.138671875,0.126953125,0.775390625,0.443359375,0.955078125,-0.66626936
0.333984375,0.513671875,0.630859375,0.685546875,0.919921875,0.310546875,0.849609375,0.435546875,0.552734375,0.048828125,0.283203125,0.138671875,0.126953125,0.775390625,0.404296875,0.005859375,-0.6649887
0.298828125,0.470703125,0.720703125,0.173828125,0.830078125,0.646484375,0.095703125,0.439453125,0.494140625,0.513671875,0.244140625,0.373046875,0.115234375,0.298828125,0.443359375,0.005859375,1.0060574
0.458984375,0.138671875,0.755859375,0.560546875,0.794921875,0.185546875,0.474609375,0.810546875,0.177734375,0.923828125,0.908203125,0.013671875,0.501953125,0.650390625,0.279296875,0.830078125,0.6421458
0.423828125,0.138671875,0.755859375,0.560546875,0.794921875,0.185546875,0.474609375,0.810546875,0.177734375,0.923828125,0.908203125,0.013671875,0.501953125,0.650390625,0.279296875,0.830078125,0.6421458
0.458984375,0.345703125,0.755859375,0.560546875,0.794921875,0.185546875,0.474609375,0.810546875,0.177734375,0.923828125,0.908203125,0.013671875,0.501953125,0.650390625,0.279296875,0.830078125,0.6641441
0.458984375,0.138671875,0.095703125,0.560546875,0.794921875,0.185546875,0.474609375,0.810546875,0.177734375,0.923828125,0.908203125,0.013671875,0.501953125,0.650390625,0.279296875,0.830078125,0.6822439
0.458984375,0.138671875,0.755859375,0.798828125,0.794921875,0.185546875,0.474609375,0.810546875,0.177734375,0.923828125,0.908203125,0.013671875,0.501953125,0.650390625,0.279296875,0.830078125,0.70345294
0.458984375,0.138671875,0.755859375,0.560546875,0.205078125,0.185546875,0.474609375,0.810546875,0.177734375,0.923828125,0.908203125,0.013671875,0.501953125,0.650390625,0.279296875,0.830078125,0.6339274
0.458984375,0.138671875,0.755859375,0.560546875,0.794921875,0.771484375,0.474609375,0.810546875,0.177734375,0.923828125,0.908203125,0.013671875,0.501953125,0.650390625,0.279296875,0.830078125,0.6421458
0.458984375,0.138671875,0.755859375,0.560546875,0.794921875,0.185546875,0.720703125,0.810546875,0.177734375,0.923828125,0.908203125,0.013671875,0.501953125,0.650390625,0.279296875,0.830078125,0.60852987
0.458984375,0.138671875,0.755859375,0.560546875,0.794921875,0.185546875,0.474609375,0.314453125,0.177734375,0.923828125,0.908203125,0.013671875,0.501953125,0.650390625,0.279296875,0.830078125,0.64215654
0.458984375,0.138671875,0.755859375,0.560546875,0.794921875,0.185546875,0.474609375,0.810546875,0.369140625,0.923828125,0.908203125,0.013671875,0.501953125,0.650390625,0.279296875,0.830078125,0.69251925
0.458984375,0.138671875,0.755859375,0.560546875,0.794921875,0.185546875,0.474609375,0.810546875,0.177734375,0.138671875,0.908203125,0.013671875,0.501953125,0.650390625,0.279296875,0.830078125,0.33881062
0.458984375,0.138671875,0.755859375,0.560546875,0.794921875,0.185546875,0.474609375,0.810546875,0.177734375,0.923828125,0.619140625,0.013671875,0.501953125,0.650390625,0.279296875,0.830078125,0.90023184
0.458984375,0.138671875,0.755859375,0.560546875,0.794921875,0.185546875,0.474609375,0.810546875,0.177734375,0.923828125,0.908203125,0.748046875,0.501953125,0.650390625,0.279296875,0.830078125,0.6626002
0.458984375,0.138671875,0.755859375,0.560546875,0.794921875,0.185546875,0.474609375,0.810546875,0.177734375,0.923828125,0.908203125,0.013671875,0.990234375,0.650390625,0.279296875,0.830078125,0.64237744
0.458984375,0.138671875,0.755859375,0.560546875,0.794921875,0.185546875,0.474609375,0.810546875,0.177734375,0.923828125,0.908203125,0.013671875,0.501953125,0.173828125,0.279296875,0.830078125,0.54376704
0.458984375,0.138671875,0.755859375,0.560546875,0.794921875,0.185546875,0.474609375,0.810546875,0.177734375,0.923828125,0.908203125,0.013671875,0.501953125,0.650390625,0.818359375,0.830078125,0.62102395
0.458984375,0.138671875,0.755859375,0.560546875,0.794921875,0.185546875,0.474609375,0.810546875,0.177734375,0.923828125,0.908203125,0.013671875,0.501953125,0.650390625,0.279296875,0.880859375,0.6421458
0.423828125,0.345703125,0.095703125,0.798828125,0.205078125,0.771484375,0.720703125,0.314453125,0.369140625,0.138671875,0.619140625,0.748046875,0.990234375,0.173828125,0.818359375,0.880859375,0.6300351
0.958984375,0.638671875,0.255859375,0.060546875,0.294921875,0.685546875,0.974609375,0.310546875,0.677734375,0.423828125,0.408203125,0.513671875,0.001953125,0.150390625,0.779296875,0.330078125,0.8365274
0.923828125,0.638671875,0.255859375,0.060546875,0.294921875,0.685546875,0.974609375,0.310546875,0.677734375,0.423828125,0.408203125,0.513671875,0.001953125,0.150390625,0.779296875,0.330078125,0.8365274
0.958984375,0.845703125,0.255859375,0.060546875,0.294921875,0.685546875,0.974609375,0.310546875,0.677734375,0.423828125,0.408203125,0.513671875,0.001953125,0.150390625,0.779296875,0.330078125,0.87974995
0.958984375,0.638671875,0.595703125,0.060546875,0.294921875,0.685546875,0.974609375,0.310546875,0.677734375,0.423828125,0.408203125,0.513671875,0.001953125,0.150390625,0.779296875,0.330078125,0.81615144
0.958984375,0.638671875,0.255859375,0.298828125,0.294921875,0.685546875,0.974609375,0.310546875,0.677734375,0.423828125,0.408203125,0.513671875,0.001953125,0.150390625,0.779296875,0.330078125,0.84232527
0.958984375,0.638671875,0.255859375,0.060546875,0.705078125,0.685546875,0.974609375,0.310546875,0.677734375,0.423828125,0.408203125,0.513671875,0.001953125,0.150390625,0.779296875,0.330078125,0.8422174
0.958984375,0.638671875,0.255859375,0.060546875,0.294921875,0.271484375,0.974609375,0.310546875,0.677734375,0.423828125,0.408203125,0.513671875,0.001953125,0.150390625,0.779296875,0.330078125,0.8365274
0.958984375,0.638671875,0.255859375,0.060546875,0.294921875,0.685546875,0.220703125,0.310546875,0.677734375,0.423828125,0.408203125,0.513671875,0.001953125,0.150390625,0.779296875,0.330078125,0.94460076
0.958984375,0.638671875,0.255859375,0.060546875,0.294921875,0.685546875,0.974609375,0.814453125,0.677734375,0.423828125,0.408203125,0.513671875,0.001953125,0.150390625,0.779296875,0.330078125,0.83651716
0.958984375,0.638671875,0.255859375,0.060546875,0.294921875,0.685546875,0.974609375,0.310546875,0.869140625,0.423828125,0.408203125,0.513671875,0.001953125,0.150390625,0.779296875,0.330078125,0.85900897
0.958984375,0.638671875,0.255859375,0.060546875,0.294921875,0.685546875,0.974609375,0.310546875,0.677734375,0.638671875,0.408203125,0.513671875,0.001953125,0.150390625,0.779296875,0.330078125,0.8375345
0.958984375,0.638671875,0.255859375,0.060546875,0.294921875,0.685546875,0.974609375,0.310546875,0.677734375,0.423828125,0.119140625,0.513671875,0.001953125,0.150390625,0.779296875,0.330078125,0.8599767
0.958984375,0.638671875,0.255859375,0.060546875,0.294921875,0.685546875,0.974609375,0.310546875,0.677734375,0.423828125,0.408203125,0.248046875,0.001953125,0.150390625,0.779296875,0.330078125,0.82980376
0.958984375,0.638671875,0.255859375,0.060546875,0.294921875,0.685546875,0.974609375,0.310546875,0.677734375,0.423828125,0.408203125,0.513671875,0.490234375,0.150390625,0.779296875,0.330078125,0.8363692
0.958984375,0.638671875,0.255859375,0.060546875,0.294921875,0.685546875,0.974609375,0.310546875,0.677734375,0.423828125,0.408203125,0.513671875,0.001953125,0.673828125,0.779296875,0.330078125,0.94478434
0.958984375,0.638671875,0.255859375,0.060546875,0.294921875,0.685546875,0.974609375,0.310546875,0.677734375,0.423828125,0.408203125,0.513671875,0.001953125,0.150390625,0.318359375,0.330078125,0.85453963
0.958984375,0.638671875,0.255859375,0.060546875,0.294921875,0.685546875,0.974609375,0.310546875,0.677734375,0.423828125,0.408203125,0.513671875,0.001953125,0.150390625,0.779296875,0.380859375,0.8365274
0.923828125,0.845703125,0.595703125,0.298828125,0.705078125,0.271484375,0.220703125,0.814453125,0.869140625,0.638671875,0.119140625,0.248046875,0.490234375,0.673828125,0.318359375,0.380859375,1.1452509
0.708984375,0.388671875,0.505859375,0.810546875,0.044921875,0.935546875,0.224609375,0.060546875,0.927734375,0.173828125,0.158203125,0.763671875,0.751953125,0.900390625,0.529296875,0.580078125,1.0944412
0.673828125,0.388671875,0.505859375,0.810546875,0.044921875,0.935546875,0.224609375,0.060546875,0.927734375,0.173828125,0.158203125,0.763671875,0.751953125,0.900390625,0.529296875,0.580078125,1.0944412
0.708984375,0.095703125,0.505859375,0.810546875,0.044921875,0.935546875,0.224609375,0.060546875,0.927734375,0.173828125,0.158203125,0.763671875,0.751953125,0.900390625,0.529296875,0.580078125,1.0632395
0.708984375,0.388671875,0.845703125,0.810546875,0.044921875,0.935546875,0.224609375,0.060546875,0.927734375,0.173828125,0.158203125,0.763671875,0.751953125,0.900390625,0.529296875,0.580078125,1.06633
0.708984375,0.388671875,0.505859375,0.548828125,0.044921875,0.935546875,0.224609375,0.060546875,0.927734375,0.173828125,0.158203125,0.763671875,0.751953125,0.900390625,0.529296875,0.580078125,1.0278844
0.708984375,0.388671875,0.505859375,0.810546875,0.455078125,0.935546875,0.224609375,0.060546875,0.927734375,0.173828125,0.158203125,0.763671875,0.751953125,0.900390625,0.529296875,0.580078125,1.0987041
0.708984375,0.388671875,0.505859375,0.810546875,0.044921875,0.021484375,0.224609375,0.060546875,0.927734375,0.173828125,0.158203125,0.763671875,0.751953125,0.900390625,0.529296875,0.580078125,1.0944412
0.708984375,0.388671875,0.505859375,0.810546875,0.044921875,0.935546875,0.970703125,0.060546875,0.927734375,0.173828125,0.158203125,0.763671875,0.751953125,0.900390625,0.529296875,0.580078125,0.98760396
0.708984375,0.388671875,0.505859375,0.810546875,0.044921875,0.935546875,0.224609375,0.064453125,0.927734375,0.173828125,0.158203125,0.763671875,0.751953125,0.900390625,0.529296875,0.580078125,1.0944412
0.708984375,0.388671875,0.505859375,0.810546875,0.044921875,0.935546875,0.224609375,0.060546875,0.119140625,0.173828125,0.158203125,0.763671875,0.751953125,0.900390625,0.529296875,0.580078125,1.0508242
0.708984375,0.388671875,0.505859375,0.810546875,0.044921875,0.935546875,0.224609375,0.060546875,0.927734375,0.888671875,0.158203125,0.763671875,0.751953125,0.900390625,0.529296875,0.580078125,1.2452419
0.708984375,0.388671875,0.505859375,0.810546875,0.044921875,0.935546875,0.224609375,0.060546875,0.927734375,0.173828125,0.869140625,0.763671875,0.751953125,0.900390625,0.529296875,0.580078125,0.7773232
0.708984375,0.388671875,0.505859375,0.810546875,0.044921875,0.935546875,0.224609375,0.060546875,0.927734375,0.173828125,0.158203125,0.498046875,0.751953125,0.900390625,0.529296875,0.580078125,1.0919857
0.708984375,0.388671875,0.505859375,0.810546875,0.044921875,0.935546875,0.224609375,0.060546875,0.927734375,0.173828125,0.158203125,0.763671875,0.740234375,0.900390625,0.529296875,0.580078125,1.0944387
0.708984375,0.388671875,0.505859375,0.810546875,0.044921875,0.935546875,0.224609375,0.060546875,0.927734375,0.173828125,0.158203125,0.763671875,0.751953125,0.923828125,0.529296875,0.580078125,1.102734
0.708984375,0.388671875,0.505859375,0.810546875,0.044921875,0.935546875,0.224609375,0.060546875,0.927734375,0.173828125,0.158203125,0.763671875,0.751953125,0.900390625,0.568359375,0.580078125,1.0929258
0.708984375,0.388671875,0.505859375,0.810546875,0.044921875,0.935546875,0.224609375,0.060546875,0.927734375,0.173828125,0.158203125,0.763671875,0.751953125,0.900390625,0.529296875,0.630859375,1.0944412
0.673828125,0.095703125,0.845703125,0.548828125,0.455078125,0.021484375,0.970703125,0.064453125,0.119140625,0.888671875,0.869140625,0.498046875,0.740234375,0.923828125,0.568359375,0.630859375,0.6603823
0.208984375,0.888671875,0.005859375,0.310546875,0.544921875,0.435546875,0.724609375,0.560546875,0.427734375,0.673828125,0.658203125,0.263671875,0.251953125,0.400390625,0.029296875,0.080078125,0.9821966
0.173828125,0.888671875,0.005859375,0.310546875,0.544921875,0.435546875,0.724609375,0.560546875,0.427734375,0.673828125,0.658203125,0.263671875,0.251953125,0.400390625,0.029296875,0.080078125,0.9821966
0.208984375,0.595703125,0.005859375,0.310546875,0.544921875,0.435546875,0.724609375,0.560546875,0.427734375,0.673828125,0.658203125,0.263671875,0.251953125,0.400390625,0.029296875,0.080078125,0.9209605
0.208984375,0.888671875,0.345703125,0.310546875,0.544921875,0.435546875,0.724609375,0.560546875,0.427734375,0.673828125,0.658203125,0.263671875,0.251953125,0.400390625,0.029296875,0.080078125,0.9683091
0.208984375,0.888671875,0.005859375,0.048828125,0.544921875,0.435546875,0.724609375,0.560546875,0.427734375,0.673828125,0.658203125,0.263671875,0.251953125,0.400390625,0.029296875,0.080078125,0.9756902
0.208984375,0.888671875,0.005859375,0.310546875,0.955078125,0.435546875,0.724609375,0.560546875,0.427734375,0.673828125,0.658203125,0.263671875,0.251953125,0.400390625,0.029296875,0.080078125,0.9895205
0.208984375,0.888671875,0.005859375,0.310546875,0.544921875,0.521484375,0.724609375,0.560546875,0.427734375,0.673828125,0.658203125,0.263671875,0.251953125,0.400390625,0.029296875,0.080078125,0.9821966
0.208984375,0.888671875,0.005859375,0.310546875,0.544921875,0.435546875,0.470703125,0.560546875,0.427734375,0.673828125,0.658203125,0.263671875,0.251953125,0.400390625,0.029296875,0.080078125,1.0168928
0.208984375,0.888671875,0.005859375,0.310546875,0.544921875,0.435546875,0.724609375,0.564453125,0.427734375,0.673828125,0.658203125,0.263671875,0.251953125,0.400390625,0.029296875,0.080078125,0.98219234
0.208984375,0.888671875,0.005859375,0.310546875,0.544921875,0.435546875,0.724609375,0.560546875,0.619140625,0.673828125,0.658203125,0.263671875,0.251953125,0.400390625,0.029296875,0.080078125,0.9367271
0.208984375,0.888671875,0.005859375,0.310546875,0.544921875,0.435546875,0.724609375,0.560546875,0.427734375,0.388671875,0.658203125,0.263671875,0.251953125,0.400390625,0.029296875,0.080078125,0.9801405
0.208984375,0.888671875,0.005859375,0.310546875,0.544921875,0.435546875,0.724609375,0.560546875,0.427734375,0.673828125,0.369140625,0.263671875,0.251953125,0.400390625,0.029296875,0.080078125,1.0892447
0.208984375,0.888671875,0.005859375,0.310546875,0.544921875,0.435546875,0.724609375,0.560546875,0.427734375,0.673828125,0.658203125,0.998046875,0.251953125,0.400390625,0.029296875,0.080078125,0.990851
0.208984375,0.888671875,0.005859375,0.310546875,0.544921875,0.435546875,0.724609375,0.560546875,0.427734375,0.673828125,0.658203125,0.263671875,0.240234375,0.400390625,0.029296875,0.080078125,0.9821972
0.208984375,0.888671875,0.005859375,0.310546875,0.544921875,0.435546875,0.724609375,0.560546875,0.427734375,0.673828125,0.658203125,0.263671875,0.251953125,0.423828125,0.029296875,0.080078125,0.9869913
0.208984375,0.888671875,0.005859375,0.310546875,0.544921875,0.435546875,0.724609375,0.560546875,0.427734375,0.673828125,0.658203125,0.263671875,0.251953125,0.400390625,0.068359375,0.080078125,0.9815017
0.208984375,0.888671875,0.005859375,0.310546875,0.544921875,0.435546875,0.724609375,0.560546875,0.427734375,0.673828125,0.658203125,0.263671875,0.251953125,0.400390625,0.029296875,0.130859375,0.9821966
0.173828125,0.595703125,0.345703125,0.048828125,0.955078125,0.521484375,0.470703125,0.564453125,0.619140625,0.388671875,0.369140625,0.998046875,0.240234375,0.423828125,0.068359375,0.130859375,1.0148597
0.146484375,0.076171875,0.568359375,0.123046875,0.232421875,0.373046875,0.412109375,0.873046875,0.240234375,0.111328125,0.720703125,0.451171875,0.064453125,0.962890625,0.966796875,0.767578125,0.3818456
0.861328125,0.076171875,0.568359375,0.123046875,0.232421875,0.373046875,0.412109375,0.873046875,0.240234375,0.111328125,0.720703125,0.451171875,0.064453125,0.962890625,0.966796875,0.767578125,0.3818456
0.146484375,0.408203125,0.568359375,0.123046875,0.232421875,0.373046875,0.412109375,0.873046875,0.240234375,0.111328125,0.720703125,0.451171875,0.064453125,0.962890625,0.966796875,0.767578125,0.41725397
0.146484375,0.076171875,0.033203125,0.123046875,0.232421875,0.373046875,0.412109375,0.873046875,0.240234375,0.111328125,0.720703125,0.451171875,0.064453125,0.962890625,0.966796875,0.767578125,0.40880144
0.146484375,0.076171875,0.568359375,0.736328125,0.232421875,0.373046875,0.412109375,0.873046875,0.240234375,0.111328125,0.720703125,0.451171875,0.064453125,0.962890625,0.966796875,0.767578125,0.46271223
0.146484375,0.076171875,0.568359375,0.123046875,0.142578125,0.373046875,0.412109375,0.873046875,0.240234375,0.111328125,0.720703125,0.451171875,0.064453125,0.962890625,0.966796875,0.767578125,0.38098776
0.146484375,0.076171875,0.568359375,0.123046875,0.232421875,0.333984375,0.412109375,0.873046875,0.240234375,0.111328125,0.720703125,0.451171875,0.064453125,0.962890625,0.966796875,0.767578125,0.3818456
0.146484375,0.076171875,0.568359375,0.123046875,0.232421875,0.373046875,0.908203125,0.873046875,0.240234375,0.111328125,0.720703125,0.451171875,0.064453125,0.962890625,0.966796875,0.767578125,0.3045736
0.146484375,0.076171875,0.568359375,0.123046875,0.232421875,0.373046875,0.412109375,0.251953125,0.240234375,0.111328125,0.720703125,0.451171875,0.064453125,0.962890625,0.966796875,0.767578125,0.3818506
0.146484375,0.076171875,0.568359375,0.123046875,0.232421875,0.373046875,0.412109375,0.873046875,0.806640625,0.111328125,0.720703125,0.451171875,0.064453125,0.962890625,0.966796875,0.767578125,0.36490119
0.146484375,0.076171875,0.568359375,0.123046875,0.232421875,0.373046875,0.412109375,0.873046875,0.240234375,0.826171875,0.720703125,0.451171875,0.064453125,0.962890625,0.966796875,0.767578125,0.9027846
0.146484375,0.076171875,0.568359375,0.123046875,0.232421875,0.373046875,0.412109375,0.873046875,0.240234375,0.111328125,0.431640625,0.451171875,0.064453125,0.962890625,0.966796875,0.767578125,0.52698
0.146484375,0.076171875,0.568359375,0.123046875,0.232421875,0.373046875,0.412109375,0.873046875,0.240234375,0.111328125,0.720703125,0.185546875,0.064453125,0.962890625,0.966796875,0.767578125,0.3737176
0.146484375,0.076171875,0.568359375,0.123046875,0.232421875,0.373046875,0.412109375,0.873046875,0.240234375,0.111328125,0.720703125,0.451171875,0.427734375,0.962890625,0.966796875,0.767578125,0.38180548
0.146484375,0.076171875,0.568359375,0.123046875,0.232421875,0.373046875,0.412109375,0.873046875,0.240234375,0.111328125,0.720703125,0.451171875,0.064453125,0.986328125,0.966796875,0.767578125,0.39066833
0.146484375,0.076171875,0.568359375,0.123046875,0.232421875,0.373046875,0.412109375,0.873046875,0.240234375,0.111328125,0.720703125,0.451171875,0.064453125,0.962890625,0.755859375,0.767578125,0.3936757
0.146484375,0.076171875,0.568359375,0.123046875,0.232421875,0.373046875,0.412109375,0.873046875,0.240234375,0.111328125,0.720703125,0.451171875,0.064453125,0.962890625,0.966796875,0.068359375,0.3818456
0.861328125,0.408203125,0.033203125,0.736328125,0.142578125,0.333984375,0.908203125,0.251953125,0.806640625,0.826171875,0.431640625,0.185546875,0.427734375,0.986328125,0.755859375,0.068359375,1.1085649
0.646484375,0.576171875,0.068359375,0.623046875,0.732421875,0.873046875,0.912109375,0.373046875,0.740234375,0.611328125,0.220703125,0.951171875,0.564453125,0.462890625,0.466796875,0.267578125,0.99435663
0.361328125,0.576171875,0.068359375,0.623046875,0.732421875,0.873046875,0.912109375,0.373046875,0.740234375,0.611328125,0.220703125,0.951171875,0.564453125,0.462890625,0.466796875,0.267578125,0.99435663
0.646484375,0.908203125,0.068359375,0.623046875,0.732421875,0.873046875,0.912109375,0.373046875,0.740234375,0.611328125,0.220703125,0.951171875,0.564453125,0.462890625,0.466796875,0.267578125,1.0638039
0.646484375,0.576171875,0.533203125,0.623046875,0.732421875,0.873046875,0.912109375,0.373046875,0.740234375,0.611328125,0.220703125,0.951171875,0.564453125,0.462890625,0.466796875,0.267578125,0.9710224
0.646484375,0.576171875,0.068359375,0.236328125,0.732421875,0.873046875,0.912109375,0.373046875,0.740234375,0.611328125,0.220703125,0.951171875,0.564453125,0.462890625,0.466796875,0.267578125,0.94652784
0.646484375,0.576171875,0.068359375,0.623046875,0.642578125,0.873046875,0.912109375,0.373046875,0.740234375,0.611328125,0.220703125,0.951171875,0.564453125,0.462890625,0.466796875,0.267578125,0.9928509
0.646484375,0.576171875,0.068359375,0.623046875,0.732421875,0.833984375,0.912109375,0.373046875,0.740234375,0.611328125,0.220703125,0.951171875,0.564453125,0.462890625,0.466796875,0.267578125,0.99435663
0.646484375,0.576171875,0.068359375,0.623046875,0.732421875,0.873046875,0.408203125,0.373046875,0.740234375,0.611328125,0.220703125,0.951171875,0.564453125,0.462890625,0.466796875,0.267578125,1.0728999
0.646484375,0.576171875,0.068359375,0.623046875,0.732421875,0.873046875,0.912109375,0.751953125,0.740234375,0.611328125,0.220703125,0.951171875,0.564453125,0.462890625,0.466796875,0.267578125,0.9943269
0.646484375,0.576171875,0.068359375,0.623046875,0.732421875,0.873046875,0.912109375,0.373046875,0.306640625,0.611328125,0.220703125,0.951171875,0.564453125,0.462890625,0.466796875,0.267578125,1.0403513
0.646484375,0.576171875,0.068359375,0.623046875,0.732421875,0.873046875,0.912109375,0.373046875,0.740234375,0.326171875,0.220703125,0.951171875,0.564453125,0.462890625,0.466796875,0.267578125,0.9871869
0.646484375,0.576171875,0.068359375,0.623046875,0.732421875,0.873046875,0.912109375,0.373046875,0.740234375,0.611328125,0.931640625,0.951171875,0.564453125,0.462890625,0.466796875,0.267578125,0.61887074
0.646484375,0.576171875,0.068359375,0.623046875,0.732421875,0.873046875,0.912109375,0.373046875,0.740234375,0.611328125,0.220703125,0.685546875,0.564453125,0.462890625,0.466796875,0.267578125,0.99368507
0.646484375,0.576171875,0.068359375,0.623046875,0.732421875,0.873046875,0.912109375,0.373046875,0.740234375,0.611328125,0.220703125,0.951171875,0.927734375,0.462890625,0.466796875,0.267578125,0.9946859
0.646484375,0.576171875,0.068359375,0.623046875,0.732421875,0.873046875,0.912109375,0.373046875,0.740234375,0.611328125,0.220703125,0.951171875,0.564453125,0.486328125,0.466796875,0.267578125,0.99952066
0.646484375,0.576171875,0.068359375,0.623046875,0.732421875,0.873046875,0.912109375,0.373046875,0.740234375,0.611328125,0.220703125,0.951171875,0.564453125,0.462890625,0.255859375,0.267578125,1.0006906
0.646484375,0.576171875,0.068359375,0.623046875,0.732421875,0.873046875,0.912109375,0.373046875,0.740234375,0.611328125,0.220703125,0.951171875,0.564453125,0.462890625,0.466796875,0.568359375,0.99435663
0.361328125,0.908203125,0.533203125,0.236328125,0.642578125,0.833984375,0.408203125,0.751953125,0.306640625,0.326171875,0.931640625,0.685546875,0.927734375,0.486328125,0.255859375,0.568359375,0.7441434
0.896484375,0.326171875,0.818359375,0.373046875,0.982421875,0.623046875,0.162109375,0.123046875,0.990234375,0.861328125,0.470703125,0.701171875,0.314453125,0.712890625,0.216796875,0.517578125,1.0662353
0.111328125,0.326171875,0.818359375,0.373046875,0.982421875,0.623046875,0.162109375,0.123046875,0.990234375,0.861328125,0.470703125,0.701171875,0.314453125,0.712890625,0.216796875,0.517578125,1.0662353
0.896484375,0.158203125,0.818359375,0.373046875,0.982421875,0.623046875,0.162109375,0.123046875,0.990234375,0.861328125,0.470703125,0.701171875,0.314453125,0.712890625,0.216796875,0.517578125,1.0484018
0.896484375,0.326171875,0.783203125,0.373046875,0.982421875,0.623046875,0.162109375,0.123046875,0.990234375,0.861328125,0.470703125,0.701171875,0.314453125,0.712890625,0.216796875,0.517578125,1.069582
0.896484375,0.326171875,0.818359375,0.986328125,0.982421875,0.623046875,0.162109375,0.123046875,0.990234375,0.861328125,0.470703125,0.701171875,0.314453125,0.712890625,0.216796875,0.517578125,1.1874638
0.896484375,0.326171875,0.818359375,0.373046875,0.392578125,0.623046875,0.162109375,0.123046875,0.990234375,0.861328125,0.470703125,0.701171875,0.314453125,0.712890625,0.216796875,0.517578125,1.0562825
0.896484375,0.326171875,0.818359375,0.373046875,0.982421875,0.583984375,0.162109375,0.123046875,0.990234375,0.861328125,0.470703125,0.701171875,0.314453125,0.712890625,0.216796875,0.517578125,1.0662353
0.896484375,0.326171875,0.818359375,0.373046875,0.982421875,0.623046875,0.658203125,0.123046875,0.990234375,0.861328125,0.470703125,0.701171875,0.314453125,0.712890625,0.216796875,0.517578125,1.0184788
0.896484375,0.326171875,0.818359375,0.373046875,0.982421875,0.623046875,0.162109375,0.001953125,0.990234375,0.861328125,0.470703125,0.701171875,0.314453125,0.712890625,0.216796875,0.517578125,1.0662341
0.896484375,0.326171875,0.818359375,0.373046875,0.982421875,0.623046875,0.162109375,0.123046875,0.556640625,0.861328125,0.470703125,0.701171875,0.314453125,0.712890625,0.216796875,0.517578125,1.043494
0.896484375,0.326171875,0.818359375,0.373046875,0.982421875,0.623046875,0.162109375,0.123046875,0.990234375,0.076171875,0.470703125,0.701171875,0.314453125,0.712890625,0.216796875,0.517578125,0.029133659
0.896484375,0.326171875,0.818359375,0.373046875,0.982421875,0.623046875,0.162109375,0.123046875,0.990234375,0.861328125,0.181640625,0.701171875,0.314453125,0.712890625,0.216796875,0.517578125,1.101506
0.896484375,0.326171875,0.818359375,0.373046875,0.982421875,0.623046875,0.162109375,0.123046875,0.990234375,0.861328125,0.470703125,0.935546875,0.314453125,0.712890625,0.216796875,0.517578125,1.066808
0.896484375,0.326171875,0.818359375,0.373046875,0.982421875,0.623046875,0.162109375,0.123046875,0.990234375,0.861328125,0.470703125,0.701171875,0.177734375,0.712890625,0.216796875,0.517578125,1.0662426
0.896484375,0.326171875,0.818359375,0.373046875,0.982421875,0.623046875,0.162109375,0.123046875,0.990234375,0.861328125,0.470703125,0.701171875,0.314453125,0.236328125,0.216796875,0.517578125,0.9603241
0.896484375,0.326171875,0.818359375,0.373046875,0.982421875,0.623046875,0.162109375,0.123046875,0.990234375,0.861328125,0.470703125,0.701171875,0.314453125,0.712890625,0.505859375,0.517578125,1.0575403
0.896484375,0.326171875,0.818359375,0.373046875,0.982421875,0.623046875,0.162109375,0.123046875,0.990234375,0.861328125,0.470703125,0.701171875,0.314453125,0.712890625,0.216796875,0.318359375,1.0662353
0.111328125,0.158203125,0.783203125,0.986328125,0.392578125,0.583984375,0.658203125,0.001953125,0.556640625,0.076171875,0.181640625,0.935546875,0.177734375,0.236328125,0.505859375,0.318359375,-0.023332477
0.396484375,0.826171875,0.318359375,0.873046875,0.482421875,0.123046875,0.662109375,0.623046875,0.490234375,0.361328125,0.970703125,0.201171875,0.814453125,0.212890625,0.716796875,0.017578125,0.7131116
0.611328125,0.826171875,0.318359375,0.873046875,0.482421875,0.123046875,0.662109375,0.623046875,0.490234375,0.361328125,0.970703125,0.201171875,0.814453125,0.212890625,0.716796875,0.017578125,0.7131116
0.396484375,0.658203125,0.318359375,0.873046875,0.482421875,0.123046875,0.662109375,0.623046875,0.490234375,0.361328125,0.970703125,0.201171875,0.814453125,0.212890625,0.716796875,0.017578125,0.6780583
0.396484375,0.826171875,0.283203125,0.873046875,0.482421875,0.123046875,0.662109375,0.623046875,0.490234375,0.361328125,0.970703125,0.201171875,0.814453125,0.212890625,0.716796875,0.017578125,0.7148579
0.396484375,0.826171875,0.318359375,0.486328125,0.482421875,0.123046875,0.662109375,0.623046875,0.490234375,0.361328125,0.970703125,0.201171875,0.814453125,0.212890625,0.716796875,0.017578125,0.6219452
0.396484375,0.826171875,0.318359375,0.873046875,0.892578125,0.123046875,0.662109375,0.623046875,0.490234375,0.361328125,0.970703125,0.201171875,0.814453125,0.212890625,0.716796875,0.017578125,0.7200076
0.396484375,0.826171875,0.318359375,0.873046875,0.482421875,0.083984375,0.662109375,0.623046875,0.490234375,0.361328125,0.970703125,0.201171875,0.814453125,0.212890625,0.716796875,0.017578125,0.7131116
0.396484375,0.826171875,0.318359375,0.873046875,0.482421875,0.123046875,0.158203125,0.623046875,0.490234375,0.361328125,0.970703125,0.201171875,0.814453125,0.212890625,0.716796875,0.017578125,0.7616665
0.396484375,0.826171875,0.318359375,0.873046875,0.482421875,0.123046875,0.662109375,0.501953125,0.490234375,0.361328125,0.970703125,0.201171875,0.814453125,0.212890625,0.716796875,0.017578125,0.71332175
0.396484375,0.826171875,0.318359375,0.873046875,0.482421875,0.123046875,0.662109375,0.623046875,0.056640625,0.361328125,0.970703125,0.201171875,0.814453125,0.212890625,0.716796875,0.017578125,0.66215616
0.396484375,0.826171875,0.318359375,0.873046875,0.482421875,0.123046875,0.662109375,0.623046875,0.490234375,0.576171875,0.970703125,0.201171875,0.814453125,0.212890625,0.716796875,0.017578125,0.7166249
0.396484375,0.826171875,0.318359375,0.873046875,0.482421875,0.123046875,0.662109375,0.623046875,0.490234375,0.361328125,0.681640625,0.201171875,0.814453125,0.212890625,0.716796875,0.017578125,0.9855846
0.396484375,0.826171875,0.318359375,0.873046875,0.482421875,0.123046875,0.662109375,0.623046875,0.490234375,0.361328125,0.970703125,0.435546875,0.814453125,0.212890625,0.716796875,0.017578125,0.72026354
0.396484375,0.826171875,0.318359375,0.873046875,0.482421875,0.123046875,0.662109375,0.623046875,0.490234375,0.361328125,0.970703125,0.201171875,0.677734375,0.212890625,0.716796875,0.017578125,0.7130724
0.396484375,0.826171875,0.318359375,0.873046875,0.482421875,0.123046875,0.662109375,0.623046875,0.490234375,0.361328125,0.970703125,0.201171875,0.814453125,0.736328125,0.716796875,0.017578125,0.82964694
0.396484375,0.826171875,0.318359375,0.873046875,0.482421875,0.123046875,0.662109375,0.623046875,0.490234375,0.361328125,0.970703125,0.201171875,0.814453125,0.212890625,0.005859375,0.017578125,0.7349008
0.396484375,0.826171875,0.318359375,0.873046875,0.482421875,0.123046875,0.662109375,0.623046875,0.490234375,0.361328125,0.970703125,0.201171875,0.814453125,0.212890625,0.716796875,0.818359375,0.7131116
0.611328125,0.658203125,0.283203125,0.486328125,0.892578125,0.083984375,0.158203125,0.501953125,0.056640625,0.576171875,0.681640625,0.435546875,0.677734375,0.736328125,0.005859375,0.818359375,1.0147678
0.271484375,0.451171875,0.193359375,0.998046875,0.357421875,0.498046875,0.037109375,0.248046875,0.865234375,0.736328125,0.345703125,0.076171875,0.439453125,0.337890625,0.591796875,0.142578125,1.1159321
0.736328125,0.451171875,0.193359375,0.998046875,0.357421875,0.498046875,0.037109375,0.248046875,0.865234375,0.736328125,0.345703125,0.076171875,0.439453125,0.337890625,0.591796875,0.142578125,1.1159321
0.271484375,0.533203125,0.193359375,0.998046875,0.357421875,0.498046875,0.037109375,0.248046875,0.865234375,0.736328125,0.345703125,0.076171875,0.439453125,0.337890625,0.591796875,0.142578125,1.1284841
0.271484375,0.451171875,0.908203125,0.998046875,0.357421875,0.498046875,0.037109375,0.248046875,0.865234375,0.736328125,0.345703125,0.076171875,0.439453125,0.337890625,0.591796875,0.142578125,1.0645733
0.271484375,0.451171875,0.193359375,0.611328125,0.357421875,0.498046875,0.037109375,0.248046875,0.865234375,0.736328125,0.345703125,0.076171875,0.439453125,0.337890625,0.591796875,0.142578125,1.0311089
0.271484375,0.451171875,0.193359375,0.998046875,0.017578125,0.498046875,0.037109375,0.248046875,0.865234375,0.736328125,0.345703125,0.076171875,0.439453125,0.337890625,0.591796875,0.142578125,1.1126748
0.271484375,0.451171875,0.193359375,0.998046875,0.357421875,0.458984375,0.037109375,0.248046875,0.865234375,0.736328125,0.345703125,0.076171875,0.439453125,0.337890625,0.591796875,0.142578125,1.1159321
0.271484375,0.451171875,0.193359375,0.998046875,0.357421875,0.498046875,0.533203125,0.248046875,0.865234375,0.736328125,0.345703125,0.076171875,0.439453125,0.337890625,0.591796875,0.142578125,1.079561
0.271484375,0.451171875,0.193359375,0.998046875,0.357421875,0.498046875,0.037109375,0.626953125,0.865234375,0.736328125,0.345703125,0.076171875,0.439453125,0.337890625,0.591796875,0.142578125,1.1159409
0.271484375,0.451171875,0.193359375,0.998046875,0.357421875,0.498046875,0.037109375,0.248046875,0.181640625,0.736328125,0.345703125,0.076171875,0.439453125,0.337890625,0.591796875,0.142578125,1.1007547
0.271484375,0.451171875,0.193359375,0.998046875,0.357421875,0.498046875,0.037109375,0.248046875,0.865234375,0.201171875,0.345703125,0.076171875,0.439453125,0.337890625,0.591796875,0.142578125,1.0285051
0.271484375,0.451171875,0.193359375,0.998046875,0.357421875,0.498046875,0.037109375,0.248046875,0.865234375,0.736328125,0.056640625,0.076171875,0.439453125,0.337890625,0.591796875,0.142578125,1.1313704
0.271484375,0.451171875,0.193359375,0.998046875,0.357421875,0.498046875,0.037109375,0.248046875,0.865234375,0.736328125,0.345703125,0.560546875,0.439453125,0.337890625,0.591796875,0.142578125,1.1311845
0.271484375,0.451171875,0.193359375,0.998046875,0.357421875,0.498046875,0.037109375,0.248046875,0.865234375,0.736328125,0.345703125,0.076171875,0.302734375,0.337890625,0.591796875,0.142578125,1.115973
0.271484375,0.451171875,0.193359375,0.998046875,0.357421875,0.498046875,0.037109375,0.248046875,0.865234375,0.736328125,0.345703125,0.076171875,0.439453125,0.861328125,0.591796875,0.142578125,1.2502735
0.271484375,0.451171875,0.193359375,0.998046875,0.357421875,0.498046875,0.037109375,0.248046875,0.865234375,0.736328125,0.345703125,0.076171875,0.439453125,0.337890625,0.630859375,0.142578125,1.1142919
0.271484375,0.451171875,0.193359375,0.998046875,0.357421875,0.498046875,0.037109375,0.248046875,0.865234375,0.736328125,0.345703125,0.076171875,0.439453125,0.337890625,0.591796875,0.193359375,1.1159321
0.736328125,0.533203125,0.908203125,0.611328125,0.017578125,0.458984375,0.533203125,0.626953125,0.181640625,0.201171875,0.056640625,0.560546875,0.302734375,0.861328125,0.630859375,0.193359375,1.0135103
0.771484375,0.951171875,0.693359375,0.498046875,0.857421875,0.998046875,0.537109375,0.748046875,0.365234375,0.236328125,0.845703125,0.576171875,0.939453125,0.837890625,0.091796875,0.642578125,0.915176
0.236328125,0.951171875,0.693359375,0.498046875,0.857421875,0.998046875,0.537109375,0.748046875,0.365234375,0.236328125,0.845703125,0.576171875,0.939453125,0.837890625,0.091796875,0.642578125,0.915176
0.771484375,0.033203125,0.693359375,0.498046875,0.857421875,0.998046875,0.537109375,0.748046875,0.365234375,0.236328125,0.845703125,0.576171875,0.939453125,0.837890625,0.091796875,0.642578125,0.7703209
0.771484375,0.951171875,0.408203125,0.498046875,0.857421875,0.998046875,0.537109375,0.748046875,0.365234375,0.236328125,0.845703125,0.576171875,0.939453125,0.837890625,0.091796875,0.642578125,0.9353637
0.771484375,0.951171875,0.693359375,0.111328125,0.857421875,0.998046875,0.537109375,0.748046875,0.365234375,0.236328125,0.845703125,0.576171875,0.939453125,0.837890625,0.091796875,0.642578125,0.8905793
0.771484375,0.951171875,0.693359375,0.498046875,0.517578125,0.998046875,0.537109375,0.748046875,0.365234375,0.236328125,0.845703125,0.576171875,0.939453125,0.837890625,0.091796875,0.642578125,0.9094681
0.771484375,0.951171875,0.693359375,0.498046875,0.857421875,0.958984375,0.537109375,0.748046875,0.365234375,0.236328125,0.845703125,0.576171875,0.939453125,0.837890625,0.091796875,0.642578125,0.915176
0.771484375,0.951171875,0.693359375,0.498046875,0.857421875,0.998046875,0.033203125,0.748046875,0.365234375,0.236328125,0.845703125,0.576171875,0.939453125,0.837890625,0.091796875,0.642578125,0.9521621
0.771484375,0.951171875,0.693359375,0.498046875,0.857421875,0.998046875,0.537109375,0.126953125,0.365234375,0.236328125,0.845703125,0.576171875,0.939453125,0.837890625,0.091796875,0.642578125,0.91517407
0.771484375,0.951171875,0.693359375,0.498046875,0.857421875,0.998046875,0.537109375,0.748046875,0.681640625,0.236328125,0.845703125,0.576171875,0.939453125,0.837890625,0.091796875,0.642578125,0.8595584
0.771484375,0.951171875,0.693359375,0.498046875,0.857421875,0.998046875,0.537109375,0.748046875,0.365234375,0.701171875,0.845703125,0.576171875,0.939453125,0.837890625,0.091796875,0.642578125,0.9585071
0.771484375,0.951171875,0.693359375,0.498046875,0.857421875,0.998046875,0.537109375,0.748046875,0.365234375,0.236328125,0.556640625,0.576171875,0.939453125,0.837890625,0.091796875,0.642578125,1.1425375
0.771484375,0.951171875,0.693359375,0.498046875,0.857421875,0.998046875,0.537109375,0.748046875,0.365234375,0.236328125,0.845703125,0.060546875,0.939453125,0.837890625,0.091796875,0.642578125,0.8988523
0.771484375,0.951171875,0.693359375,0.498046875,0.857421875,0.998046875,0.537109375,0.748046875,0.365234375,0.236328125,0.845703125,0.576171875,0.802734375,0.837890625,0.091796875,0.642578125,0.9151689
0.771484375,0.951171875,0.693359375,0.498046875,0.857421875,0.998046875,0.537109375,0.748046875,0.365234375,0.236328125,0.845703125,0.576171875,0.939453125,0.361328125,0.091796875,0.642578125,0.79306245
0.771484375,0.951171875,0.693359375,0.498046875,0.857421875,0.998046875,0.537109375,0.748046875,0.365234375,0.236328125,0.845703125,0.576171875,0.939453125,0.837890625,0.130859375,0.642578125,0.91439575
0.771484375,0.951171875,0.693359375,0.498046875,0.857421875,0.998046875,0.537109375,0.748046875,0.365234375,0.236328125,0.845703125,0.576171875,0.939453125,0.837890625,0.091796875,0.693359375,0.915176
0.236328125,0.033203125,0.408203125,0.111328125,0.517578125,0.958984375,0.033203125,0.126953125,0.681640625,0.701171875,0.556640625,0.060546875,0.802734375,0.361328125,0.130859375,0.693359375,0.87303877
0.521484375,0.201171875,0.443359375,0.748046875,0.607421875,0.748046875,0.287109375,0.998046875,0.115234375,0.486328125,0.595703125,0.826171875,0.189453125,0.087890625,0.341796875,0.392578125,0.9037724
0.486328125,0.201171875,0.443359375,0.748046875,0.607421875,0.748046875,0.287109375,0.998046875,0.115234375,0.486328125,0.595703125,0.826171875,0.189453125,0.087890625,0.341796875,0.392578125,0.9037724
0.521484375,0.783203125,0.443359375,0.748046875,0.607421875,0.748046875,0.287109375,0.998046875,0.115234375,0.486328125,0.595703125,0.826171875,0.189453125,0.087890625,0.341796875,0.392578125,0.99393755
0.521484375,0.201171875,0.158203125,0.748046875,0.607421875,0.748046875,0.287109375,0.998046875,0.115234375,0.486328125,0.595703125,0.826171875,0.189453125,0.087890625,0.341796875,0.392578125,0.9179928
0.521484375,0.201171875,0.443359375,0.861328125,0.607421875,0.748046875,0.287109375,0.998046875,0.115234375,0.486328125,0.595703125,0.826171875,0.189453125,0.087890625,0.341796875,0.392578125,0.9311562
0.521484375,0.201171875,0.443359375,0.748046875,0.267578125,0.748046875,0.287109375,0.998046875,0.115234375,0.486328125,0.595703125,0.826171875,0.189453125,0.087890625,0.341796875,0.392578125,0.8993755
0.521484375,0.201171875,0.443359375,0.748046875,0.607421875,0.708984375,0.287109375,0.998046875,0.115234375,0.486328125,0.595703125,0.826171875,0.189453125,0.087890625,0.341796875,0.392578125,0.9037724
0.521484375,0.201171875,0.443359375,0.748046875,0.607421875,0.748046875,0.783203125,0.998046875,0.115234375,0.486328125,0.595703125,0.826171875,0.189453125,0.087890625,0.341796875,0.392578125,0.84244674
0.521484375,0.201171875,0.443359375,0.748046875,0.607421875,0.748046875,0.287109375,0.876953125,0.115234375,0.486328125,0.595703125,0.826171875,0.189453125,0.087890625,0.341796875,0.392578125,0.90377337
0.521484375,0.201171875,0.443359375,0.748046875,0.607421875,0.748046875,0.287109375,0.998046875,0.431640625,0.486328125,0.595703125,0.826171875,0.189453125,0.087890625,0.341796875,0.392578125,0.9653886
0.521484375,0.201171875,0.443359375,0.748046875,0.607421875,0.748046875,0.287109375,0.998046875,0.115234375,0.951171875,0.595703125,0.826171875,0.189453125,0.087890625,0.341796875,0.392578125,0.90406424
0.521484375,0.201171875,0.443359375,0.748046875,0.607421875,0.748046875,0.287109375,0.998046875,0.115234375,0.486328125,0.306640625,0.826171875,0.189453125,0.087890625,0.341796875,0.392578125,0.97969085
0.521484375,0.201171875,0.443359375,0.748046875,0.607421875,0.748046875,0.287109375,0.998046875,0.115234375,0.486328125,0.595703125,0.310546875,0.189453125,0.087890625,0.341796875,0.392578125,0.89678174
0.521484375,0.201171875,0.443359375,0.748046875,0.607421875,0.748046875,0.287109375,0.998046875,0.115234375,0.486328125,0.595703125,0.826171875,0.052734375,0.087890625,0.341796875,0.392578125,0.9037749
0.521484375,0.201171875,0.443359375,0.748046875,0.607421875,0.748046875,0.287109375,0.998046875,0.115234375,0.486328125,0.595703125,0.826171875,0.189453125,0.111328125,0.341796875,0.392578125,0.906982
0.521484375,0.201171875,0.443359375,0.748046875,0.607421875,0.748046875,0.287109375,0.998046875,0.115234375,0.486328125,0.595703125,0.826171875,0.189453125,0.087890625,0.880859375,0.392578125,0.8809289
0.521484375,0.201171875,0.443359375,0.748046875,0.607421875,0.748046875,0.287109375,0.998046875,0.115234375,0.486328125,0.595703125,0.826171875,0.189453125,0.087890625,0.341796875,0.443359375,0.9037724
0.486328125,0.783203125,0.158203125,0.861328125,0.267578125,0.708984375,0.783203125,0.876953125,0.431640625,0.951171875,0.306640625,0.310546875,0.052734375,0.111328125,0.880859375,0.443359375,1.0810242
0.021484375,0.701171875,0.943359375,0.248046875,0.107421875,0.248046875,0.787109375,0.498046875,0.615234375,0.986328125,0.095703125,0.326171875,0.689453125,0.587890625,0.841796875,0.892578125,0.95691305
0.986328125,0.701171875,0.943359375,0.248046875,0.107421875,0.248046875,0.787109375,0.498046875,0.615234375,0.986328125,0.095703125,0.326171875,0.689453125,0.587890625,0.841796875,0.892578125,0.95691305
0.021484375,0.283203125,0.943359375,0.248046875,0.107421875,0.248046875,0.787109375,0.498046875,0.615234375,0.986328125,0.095703125,0.326171875,0.689453125,0.587890625,0.841796875,0.892578125,0.89255625
0.021484375,0.701171875,0.658203125,0.248046875,0.107421875,0.248046875,0.787109375,0.498046875,0.615234375,0.986328125,0.095703125,0.326171875,0.689453125,0.587890625,0.841796875,0.892578125,0.9841146
0.021484375,0.701171875,0.943359375,0.361328125,0.107421875,0.248046875,0.787109375,0.498046875,0.615234375,0.986328125,0.095703125,0.326171875,0.689453125,0.587890625,0.841796875,0.892578125,0.9628692
0.021484375,0.701171875,0.943359375,0.248046875,0.767578125,0.248046875,0.787109375,0.498046875,0.615234375,0.986328125,0.095703125,0.326171875,0.689453125,0.587890625,0.841796875,0.892578125,0.9655253
0.021484375,0.701171875,0.943359375,0.248046875,0.107421875,0.208984375,0.787109375,0.498046875,0.615234375,0.986328125,0.095703125,0.326171875,0.689453125,0.587890625,0.841796875,0.892578125,0.95691305
0.021484375,0.701171875,0.943359375,0.248046875,0.107421875,0.248046875,0.283203125,0.498046875,0.615234375,0.986328125,0.095703125,0.326171875,0.689453125,0.587890625,0.841796875,0.892578125,1.0192548
0.021484375,0.701171875,0.943359375,0.248046875,0.107421875,0.248046875,0.787109375,0.376953125,0.615234375,0.986328125,0.095703125,0.326171875,0.689453125,0.587890625,0.841796875,0.892578125,0.9567235
0.021484375,0.701171875,0.943359375,0.248046875,0.107421875,0.248046875,0.787109375,0.498046875,0.931640625,0.986328125,0.095703125,0.326171875,0.689453125,0.587890625,0.841796875,0.892578125,0.98441225
0.021484375,0.701171875,0.943359375,0.248046875,0.107421875,0.248046875,0.787109375,0.498046875,0.615234375,0.451171875,0.095703125,0.326171875,0.689453125,0.587890625,0.841796875,0.892578125,0.9563237
0.021484375,0.701171875,0.943359375,0.248046875,0.107421875,0.248046875,0.787109375,0.498046875,0.615234375,0.986328125,0.806640625,0.326171875,0.689453125,0.587890625,0.841796875,0.892578125,0.70176727
0.021484375,0.701171875,0.943359375,0.248046875,0.107421875,0.248046875,0.787109375,0.498046875,0.615234375,0.986328125,0.095703125,0.810546875,0.689453125,0.587890625,0.841796875,0.892578125,0.96339804
0.021484375,0.701171875,0.943359375,0.248046875,0.107421875,0.248046875,0.787109375,0.498046875,0.615234375,0.986328125,0.095703125,0.326171875,0.552734375,0.587890625,0.841796875,0.892578125,0.95662016
0.021484375,0.701171875,0.943359375,0.248046875,0.107421875,0.248046875,0.787109375,0.498046875,0.615234375,0.986328125,0.095703125,0.326171875,0.689453125,0.611328125,0.841796875,0.892578125,0.9628718
0.021484375,0.701171875,0.943359375,0.248046875,0.107421875,0.248046875,0.787109375,0.498046875,0.615234375,0.986328125,0.095703125,0.326171875,0.689453125,0.587890625,0.380859375,0.892578125,0.9763974
0.021484375,0.701171875,0.943359375,0.248046875,0.107421875,0.248046875,0.787109375,0.498046875,0.615234375,0.986328125,0.095703125,0.326171875,0.689453125,0.587890625,0.841796875,0.943359375,0.95691305
0.986328125,0.283203125,0.658203125,0.361328125,0.767578125,0.208984375,0.283203125,0.376953125,0.931640625,0.451171875,0.806640625,0.810546875,0.552734375,0.611328125,0.380859375,0.943359375,0.7998773
0.029296875,0.099609375,0.498046875,0.615234375,0.380859375,0.412109375,0.966796875,0.427734375,0.966796875,0.462890625,0.525390625,0.771484375,0.322265625,0.830078125,0.302734375,0.634765625,1.0005143
0.041015625,0.099609375,0.498046875,0.615234375,0.380859375,0.412109375,0.966796875,0.427734375,0.966796875,0.462890625,0.525390625,0.771484375,0.322265625,0.830078125,0.302734375,0.634765625,1.0005143
0.029296875,0.494140625,0.498046875,0.615234375,0.380859375,0.412109375,0.966796875,0.427734375,0.966796875,0.462890625,0.525390625,0.771484375,0.322265625,0.830078125,0.302734375,0.634765625,1.0464538
0.029296875,0.099609375,0.025390625,0.615234375,0.380859375,0.412109375,0.966796875,0.427734375,0.966796875,0.462890625,0.525390625,0.771484375,0.322265625,0.830078125,0.302734375,0.634765625,1.0228602
0.029296875,0.099609375,0.498046875,0.572265625,0.380859375,0.412109375,0.966796875,0.427734375,0.966796875,0.462890625,0.525390625,0.771484375,0.322265625,0.830078125,0.302734375,0.634765625,0.9905364
0.029296875,0.099609375,0.498046875,0.615234375,0.306640625,0.412109375,0.966796875,0.427734375,0.966796875,0.462890625,0.525390625,0.771484375,0.322265625,0.830078125,0.302734375,0.634765625,0.9996545
0.029296875,0.099609375,0.498046875,0.615234375,0.380859375,0.294921875,0.966796875,0.427734375,0.966796875,0.462890625,0.525390625,0.771484375,0.322265625,0.830078125,0.302734375,0.634765625,1.0005143
0.029296875,0.099609375,0.498046875,0.615234375,0.380859375,0.412109375,0.134765625,0.427734375,0.966796875,0.462890625,0.525390625,0.771484375,0.322265625,0.830078125,0.302734375,0.634765625,1.1112778
0.029296875,0.099609375,0.498046875,0.615234375,0.380859375,0.412109375,0.966796875,0.712890625,0.966796875,0.462890625,0.525390625,0.771484375,0.322265625,0.830078125,0.302734375,0.634765625,1.000362
0.029296875,0.099609375,0.498046875,0.615234375,0.380859375,0.412109375,0.966796875,0.427734375,0.814453125,0.462890625,0.525390625,0.771484375,0.322265625,0.830078125,0.302734375,0.634765625,0.9574482
0.029296875,0.099609375,0.498046875,0.615234375,0.380859375,0.412109375,0.966796875,0.427734375,0.966796875,0.037109375,0.525390625,0.771484375,0.322265625,0.830078125,0.302734375,0.634765625,-1.1899165
0.029296875,0.099609375,0.498046875,0.615234375,0.380859375,0.412109375,0.966796875,0.427734375,0.966796875,0.462890625,0.267578125,0.771484375,0.322265625,0.830078125,0.302734375,0.634765625,1.0483141
0.029296875,0.099609375,0.498046875,0.615234375,0.380859375,0.412109375,0.966796875,0.427734375,0.966796875,0.462890625,0.525390625,0.802734375,0.322265625,0.830078125,0.302734375,0.634765625,1.0006065
0.029296875,0.099609375,0.498046875,0.615234375,0.380859375,0.412109375,0.966796875,0.427734375,0.966796875,0.462890625,0.525390625,0.771484375,0.982421875,0.830078125,0.302734375,0.634765625,1.0005233
0.029296875,0.099609375,0.498046875,0.615234375,0.380859375,0.412109375,0.966796875,0.427734375,0.966796875,0.462890625,0.525390625,0.771484375,0.322265625,0.806640625,0.302734375,0.634765625,0.992976
0.029296875,0.099609375,0.498046875,0.615234375,0.380859375,0.412109375,0.966796875,0.427734375,0.966796875,0.462890625,0.525390625,0.771484375,0.322265625,0.830078125,0.060546875,0.634765625,1.0060016
0.029296875,0.099609375,0.498046875,0.615234375,0.380859375,0.412109375,0.966796875,0.427734375,0.966796875,0.462890625,0.525390625,0.771484375,0.322265625,0.830078125,0.302734375,0.826171875,1.0005143
0.041015625,0.494140625,0.025390625,0.572265625,0.306640625,0.294921875,0.134765625,0.712890625,0.814453125,0.037109375,0.267578125,0.802734375,0.982421875,0.806640625,0.060546875,0.826171875,-1.0190727
0.529296875,0.599609375,0.998046875,0.115234375,0.880859375,0.912109375,0.466796875,0.927734375,0.466796875,0.962890625,0.025390625,0.271484375,0.822265625,0.330078125,0.802734375,0.134765625,0.9716387
0.541015625,0.599609375,0.998046875,0.115234375,0.880859375,0.912109375,0.466796875,0.927734375,0.466796875,0.962890625,0.025390625,0.271484375,0.822265625,0.330078125,0.802734375,0.134765625,0.9716387
0.529296875,0.994140625,0.998046875,0.115234375,0.880859375,0.912109375,0.466796875,0.927734375,0.466796875,0.962890625,0.025390625,0.271484375,0.822265625,0.330078125,0.802734375,0.134765625,1.0595069
0.529296875,0.599609375,0.525390625,0.115234375,0.880859375,0.912109375,0.466796875,0.927734375,0.466796875,0.962890625,0.025390625,0.271484375,0.822265625,0.330078125,0.802734375,0.134765625,1.0149593
0.529296875,0.599609375,0.998046875,0.072265625,0.880859375,0.912109375,0.466796875,0.927734375,0.466796875,0.962890625,0.025390625,0.271484375,0.822265625,0.330078125,0.802734375,0.134765625,0.97112834
0.529296875,0.599609375,0.998046875,0.115234375,0.806640625,0.912109375,0.466796875,0.927734375,0.466796875,0.962890625,0.025390625,0.271484375,0.822265625,0.330078125,0.802734375,0.134765625,0.97019696
0.529296875,0.599609375,0.998046875,0.115234375,0.880859375,0.794921875,0.466796875,0.927734375,0.466796875,0.962890625,0.025390625,0.271484375,0.822265625,0.330078125,0.802734375,0.134765625,0.9716387
0.529296875,0.599609375,0.998046875,0.115234375,0.880859375,0.912109375,0.634765625,0.927734375,0.466796875,0.962890625,0.025390625,0.271484375,0.822265625,0.330078125,0.802734375,0.134765625,0.9507178
0.529296875,0.599609375,0.998046875,0.115234375,0.880859375,0.912109375,0.466796875,0.212890625,0.466796875,0.962890625,0.025390625,0.271484375,0.822265625,0.330078125,0.802734375,0.134765625,0.97164226
0.529296875,0.599609375,0.998046875,0.115234375,0.880859375,0.912109375,0.466796875,0.927734375,0.314453125,0.962890625,0.025390625,0.271484375,0.822265625,0.330078125,0.802734375,0.134765625,0.96176636
0.529296875,0.599609375,0.998046875,0.115234375,0.880859375,0.912109375,0.466796875,0.927734375,0.466796875,0.537109375,0.025390625,0.271484375,0.822265625,0.330078125,0.802734375,0.134765625,0.9715338
0.529296875,0.599609375,0.998046875,0.115234375,0.880859375,0.912109375,0.466796875,0.927734375,0.466796875,0.962890625,0.767578125,0.271484375,0.822265625,0.330078125,0.802734375,0.134765625,0.75382054
0.529296875,0.599609375,0.998046875,0.115234375,0.880859375,0.912109375,0.466796875,0.927734375,0.466796875,0.962890625,0.025390625,0.302734375,0.822265625,0.330078125,0.802734375,0.134765625,0.9726717
0.529296875,0.599609375,0.998046875,0.115234375,0.880859375,0.912109375,0.466796875,0.927734375,0.466796875,0.962890625,0.025390625,0.271484375,0.482421875,0.330078125,0.802734375,0.134765625,0.9715202
0.529296875,0.599609375,0.998046875,0.115234375,0.880859375,0.912109375,0.466796875,0.927734375,0.466796875,0.962890625,0.025390625,0.271484375,0.822265625,0.306640625,0.802734375,0.134765625,0.9673643
0.529296875,0.599609375,0.998046875,0.115234375,0.880859375,0.912109375,0.466796875,0.927734375,0.466796875,0.962890625,0.025390625,0.271484375,0.822265625,0.330078125,0.560546875,0.134765625,0.9827328
0.529296875,0.599609375,0.998046875,0.115234375,0.880859375,0.912109375,0.466796875,0.927734375,0.466796875,0.962890625,0.025390625,0.271484375,0.822265625,0.330078125,0.802734375,0.326171875,0.9716387
0.541015625,0.994140625,0.525390625,0.072265625,0.806640625,0.794921875,0.634765625,0.212890625,0.314453125,0.537109375,0.767578125,0.302734375,0.482421875,0.306640625,0.560546875,0.326171875,0.8598971
0.779296875,0.349609375,0.248046875,0.865234375,0.630859375,0.662109375,0.716796875,0.677734375,0.216796875,0.712890625,0.275390625,0.021484375,0.072265625,0.580078125,0.552734375,0.884765625,1.0725669
0.791015625,0.349609375,0.248046875,0.865234375,0.630859375,0.662109375,0.716796875,0.677734375,0.216796875,0.712890625,0.275390625,0.021484375,0.072265625,0.580078125,0.552734375,0.884765625,1.0725669
0.779296875,0.244140625,0.248046875,0.865234375,0.630859375,0.662109375,0.716796875,0.677734375,0.216796875,0.712890625,0.275390625,0.021484375,0.072265625,0.580078125,0.552734375,0.884765625,1.0603732
0.779296875,0.349609375,0.775390625,0.865234375,0.630859375,0.662109375,0.716796875,0.677734375,0.216796875,0.712890625,0.275390625,0.021484375,0.072265625,0.580078125,0.552734375,0.884765625,1.0368315
0.779296875,0.349609375,0.248046875,0.822265625,0.630859375,0.662109375,0.716796875,0.677734375,0.216796875,0.712890625,0.275390625,0.021484375,0.072265625,0.580078125,0.552734375,0.884765625,1.0632305
0.779296875,0.349609375,0.248046875,0.865234375,0.056640625,0.662109375,0.716796875,0.677734375,0.216796875,0.712890625,0.275390625,0.021484375,0.072265625,0.580078125,0.552734375,0.884765625,1.0658523
0.779296875,0.349609375,0.248046875,0.865234375,0.630859375,0.544921875,0.716796875,0.677734375,0.216796875,0.712890625,0.275390625,0.021484375,0.072265625,0.580078125,0.552734375,0.884765625,1.0725669
0.779296875,0.349609375,0.248046875,0.865234375,0.630859375,0.662109375,0.384765625,0.677734375,0.216796875,0.712890625,0.275390625,0.021484375,0.072265625,0.580078125,0.552734375,0.884765625,1.1142738
0.779296875,0.349609375,0.248046875,0.865234375,0.630859375,0.662109375,0.716796875,0.962890625,0.216796875,0.712890625,0.275390625,0.021484375,0.072265625,0.580078125,0.552734375,0.884765625,1.0725595
0.779296875,0.349609375,0.248046875,0.865234375,0.630859375,0.662109375,0.716796875,0.677734375,0.564453125,0.712890625,0.275390625,0.021484375,0.072265625,0.580078125,0.552734375,0.884765625,1.0866711
0.779296875,0.349609375,0.248046875,0.865234375,0.630859375,0.662109375,0.716796875,0.677734375,0.216796875,0.787109375,0.275390625,0.021484375,0.072265625,0.580078125,0.552734375,0.884765625,1.0725688
0.779296875,0.349609375,0.248046875,0.865234375,0.630859375,0.662109375,0.716796875,0.677734375,0.216796875,0.712890625,0.017578125,0.021484375,0.072265625,0.580078125,0.552734375,0.884765625,1.0817766
0.779296875,0.349609375,0.248046875,0.865234375,0.630859375,0.662109375,0.716796875,0.677734375,0.216796875,0.712890625,0.275390625,0.052734375,0.072265625,0.580078125,0.552734375,0.884765625,1.0744513
0.779296875,0.349609375,0.248046875,0.865234375,0.630859375,0.662109375,0.716796875,0.677734375,0.216796875,0.712890625,0.275390625,0.021484375,0.732421875,0.580078125,0.552734375,0.884765625,1.0725462
0.779296875,0.349609375,0.248046875,0.865234375,0.630859375,0.662109375,0.716796875,0.677734375,0.216796875,0.712890625,0.275390625,0.021484375,0.072265625,0.056640625,0.552734375,0.884765625,0.9759749
0.779296875,0.349609375,0.248046875,0.865234375,0.630859375,0.662109375,0.716796875,0.677734375,0.216796875,0.712890625,0.275390625,0.021484375,0.072265625,0.580078125,0.310546875,0.884765625,1.0806129
0.779296875,0.349609375,0.248046875,0.865234375,0.630859375,0.662109375,0.716796875,0.677734375,0.216796875,0.712890625,0.275390625,0.021484375,0.072265625,0.580078125,0.552734375,0.576171875,1.0725669
0.791015625,0.244140625,0.775390625,0.822265625,0.056640625,0.544921875,0.384765625,0.962890625,0.564453125,0.787109375,0.017578125,0.052734375,0.732421875,0.056640625,0.310546875,0.576171875,0.98692036
0.279296875,0.849609375,0.748046875,0.365234375,0.130859375,0.162109375,0.216796875,0.177734375,0.716796875,0.212890625,0.775390625,0.521484375,0.572265625,0.080078125,0.052734375,0.384765625,0.7064531
0.291015625,0.849609375,0.748046875,0.365234375,0.130859375,0.162109375,0.216796875,0.177734375,0.716796875,0.212890625,0.775390625,0.521484375,0.572265625,0.080078125,0.052734375,0.384765625,0.7064531
0.279296875,0.744140625,0.748046875,0.365234375,0.130859375,0.162109375,0.216796875,0.177734375,0.716796875,0.212890625,0.775390625,0.521484375,0.572265625,0.080078125,0.052734375,0.384765625,0.68305075
0.279296875,0.849609375,0.275390625,0.365234375,0.130859375,0.162109375,0.216796875,0.177734375,0.716796875,0.212890625,0.775390625,0.521484375,0.572265625,0.080078125,0.052734375,0.384765625,0.7384193
0.279296875,0.849609375,0.748046875,0.322265625,0.130859375,0.162109375,0.216796875,0.177734375,0.716796875,0.212890625,0.775390625,0.521484375,0.572265625,0.080078125,0.052734375,0.384765625,0.70359033
0.279296875,0.849609375,0.748046875,0.365234375,0.556640625,0.162109375,0.216796875,0.177734375,0.716796875,0.212890625,0.775390625,0.521484375,0.572265625,0.080078125,0.052734375,0.384765625,0.71141064
0.279296875,0.849609375,0.748046875,0.365234375,0.130859375,0.044921875,0.216796875,0.177734375,0.716796875,0.212890625,0.775390625,0.521484375,0.572265625,0.080078125,0.052734375,0.384765625,0.7064531
0.279296875,0.849609375,0.748046875,0.365234375,0.130859375,0.162109375,0.884765625,0.177734375,0.716796875,0.212890625,0.775390625,0.521484375,0.572265625,0.080078125,0.052734375,0.384765625,0.61965203
0.279296875,0.849609375,0.748046875,0.365234375,0.130859375,0.162109375,0.216796875,0.462890625,0.716796875,0.212890625,0.775390625,0.521484375,0.572265625,0.080078125,0.052734375,0.384765625,0.70667577
0.279296875,0.849609375,0.748046875,0.365234375,0.130859375,0.162109375,0.216796875,0.177734375,0.064453125,0.212890625,0.775390625,0.521484375,0.572265625,0.080078125,0.052734375,0.384765625,0.70816725
0.279296875,0.849609375,0.748046875,0.365234375,0.130859375,0.162109375,0.216796875,0.177734375,0.716796875,0.287109375,0.775390625,0.521484375,0.572265625,0.080078125,0.052734375,0.384765625,0.75994277
0.279296875,0.849609375,0.748046875,0.365234375,0.130859375,0.162109375,0.216796875,0.177734375,0.716796875,0.212890625,0.517578125,0.521484375,0.572265625,0.080078125,0.052734375,0.384765625,0.87829417
0.279296875,0.849609375,0.748046875,0.365234375,0.130859375,0.162109375,0.216796875,0.177734375,0.716796875,0.212890625,0.775390625,0.552734375,0.572265625,0.080078125,0.052734375,0.384765625,0.7068887
0.279296875,0.849609375,0.748046875,0.365234375,0.130859375,0.162109375,0.216796875,0.177734375,0.716796875,0.212890625,0.775390625,0.521484375,0.232421875,0.080078125,0.052734375,0.384765625,0.70678073
0.279296875,0.849609375,0.748046875,0.365234375,0.130859375,0.162109375,0.216796875,0.177734375,0.716796875,0.212890625,0.775390625,0.521484375,0.572265625,0.556640625,0.052734375,0.384765625,0.7942185
0.279296875,0.849609375,0.748046875,0.365234375,0.130859375,0.162109375,0.216796875,0.177734375,0.716796875,0.212890625,0.775390625,0.521484375,0.572265625,0.080078125,0.810546875,0.384765625,0.6807504
0.279296875,0.849609375,0.748046875,0.365234375,0.130859375,0.162109375,0.216796875,0.177734375,0.716796875,0.212890625,0.775390625,0.521484375,0.572265625,0.080078125,0.052734375,0.076171875,0.7064531
0.291015625,0.744140625,0.275390625,0.322265625,0.556640625,0.044921875,0.884765625,0.462890625,0.064453125,0.287109375,0.517578125,0.552734375,0.232421875,0.556640625,0.810546875,0.076171875,0.9204046
0.404296875,0.474609375,0.873046875,0.490234375,0.005859375,0.287109375,0.591796875,0.552734375,0.091796875,0.837890625,0.400390625,0.646484375,0.197265625,0.455078125,0.177734375,0.259765625,0.9351847
0.416015625,0.474609375,0.873046875,0.490234375,0.005859375,0.287109375,0.591796875,0.552734375,0.091796875,0.837890625,0.400390625,0.646484375,0.197265625,0.455078125,0.177734375,0.259765625,0.9351847
0.404296875,0.619140625,0.873046875,0.490234375,0.005859375,0.287109375,0.591796875,0.552734375,0.091796875,0.837890625,0.400390625,0.646484375,0.197265625,0.455078125,0.177734375,0.259765625,0.958962
0.404296875,0.474609375,0.900390625,0.490234375,0.005859375,0.287109375,0.591796875,0.552734375,0.091796875,0.837890625,0.400390625,0.646484375,0.197265625,0.455078125,0.177734375,0.259765625,0.9323274
0.404296875,0.474609375,0.873046875,0.697265625,0.005859375,0.287109375,0.591796875,0.552734375,0.091796875,0.837890625,0.400390625,0.646484375,0.197265625,0.455078125,0.177734375,0.259765625,0.98209417
0.404296875,0.474609375,0.873046875,0.490234375,0.431640625,0.287109375,0.591796875,0.552734375,0.091796875,0.837890625,0.400390625,0.646484375,0.197265625,0.455078125,0.177734375,0.259765625,0.9394418
0.404296875,0.474609375,0.873046875,0.490234375,0.005859375,0.419921875,0.591796875,0.552734375,0.091796875,0.837890625,0.400390625,0.646484375,0.197265625,0.455078125,0.177734375,0.259765625,0.9351847
0.404296875,0.474609375,0.873046875,0.490234375,0.005859375,0.287109375,0.259765625,0.552734375,0.091796875,0.837890625,0.400390625,0.646484375,0.197265625,0.455078125,0.177734375,0.259765625,0.9676651
0.404296875,0.474609375,0.873046875,0.490234375,0.005859375,0.287109375,0.591796875,0.337890625,0.091796875,0.837890625,0.400390625,0.646484375,0.197265625,0.455078125,0.177734375,0.259765625,0.9351432
0.404296875,0.474609375,0.873046875,0.490234375,0.005859375,0.287109375,0.591796875,0.552734375,0.189453125,0.837890625,0.400390625,0.646484375,0.197265625,0.455078125,0.177734375,0.259765625,0.9468898
0.404296875,0.474609375,0.873046875,0.490234375,0.005859375,0.287109375,0.591796875,0.552734375,0.091796875,0.912109375,0.400390625,0.646484375,0.197265625,0.455078125,0.177734375,0.259765625,0.9351847
0.404296875,0.474609375,0.873046875,0.490234375,0.005859375,0.287109375,0.591796875,0.552734375,0.091796875,0.837890625,0.142578125,0.646484375,0.197265625,0.455078125,0.177734375,0.259765625,0.95658785
0.404296875,0.474609375,0.873046875,0.490234375,0.005859375,0.287109375,0.591796875,0.552734375,0.091796875,0.837890625,0.400390625,0.427734375,0.197265625,0.455078125,0.177734375,0.259765625,0.93207973
0.404296875,0.474609375,0.873046875,0.490234375,0.005859375,0.287109375,0.591796875,0.552734375,0.091796875,0.837890625,0.400390625,0.646484375,0.857421875,0.455078125,0.177734375,0.259765625,0.9351822
0.404296875,0.474609375,0.873046875,0.490234375,0.005859375,0.287109375,0.591796875,0.552734375,0.091796875,0.837890625,0.400390625,0.646484375,0.197265625,0.931640625,0.177734375,0.259765625,1.0704815
0.404296875,0.474609375,0.873046875,0.490234375,0.005859375,0.287109375,0.591796875,0.552734375,0.091796875,0.837890625,0.400390625,0.646484375,0.197265625,0.455078125,0.435546875,0.259765625,0.9280439
0.404296875,0.474609375,0.873046875,0.490234375,0.005859375,0.287109375,0.591796875,0.552734375,0.091796875,0.837890625,0.400390625,0.646484375,0.197265625,0.455078125,0.177734375,0.951171875,0.9351847
0.416015625,0.619140625,0.900390625,0.697265625,0.431640625,0.419921875,0.259765625,0.337890625,0.189453125,0.912109375,0.142578125,0.427734375,0.857421875,0.931640625,0.435546875,0.951171875,1.1978669
0.904296875,0.974609375,0.373046875,0.990234375,0.505859375,0.787109375,0.091796875,0.052734375,0.591796875,0.337890625,0.900390625,0.146484375,0.697265625,0.955078125,0.677734375,0.759765625,1.0382757
0.916015625,0.974609375,0.373046875,0.990234375,0.505859375,0.787109375,0.091796875,0.052734375,0.591796875,0.337890625,0.900390625,0.146484375,0.697265625,0.955078125,0.677734375,0.759765625,1.0382757
0.904296875,0.119140625,0.373046875,0.990234375,0.505859375,0.787109375,0.091796875,0.052734375,0.591796875,0.337890625,0.900390625,0.146484375,0.697265625,0.955078125,0.677734375,0.759765625,0.89405805
0.904296875,0.974609375,0.400390625,0.990234375,0.505859375,0.787109375,0.091796875,0.052734375,0.591796875,0.337890625,0.900390625,0.146484375,0.697265625,0.955078125,0.677734375,0.759765625,1.0367322
0.904296875,0.974609375,0.373046875,0.197265625,0.505859375,0.787109375,0.091796875,0.052734375,0.591796875,0.337890625,0.900390625,0.146484375,0.697265625,0.955078125,0.677734375,0.759765625,0.9082504
0.904296875,0.974609375,0.373046875,0.990234375,0.931640625,0.787109375,0.091796875,0.052734375,0.591796875,0.337890625,0.900390625,0.146484375,0.697265625,0.955078125,0.677734375,0.759765625,1.0456568
0.904296875,0.974609375,0.373046875,0.990234375,0.505859375,0.919921875,0.091796875,0.052734375,0.591796875,0.337890625,0.900390625,0.146484375,0.697265625,0.955078125,0.677734375,0.759765625,1.0382757
0.904296875,0.974609375,0.373046875,0.990234375,0.505859375,0.787109375,0.759765625,0.052734375,0.591796875,0.337890625,0.900390625,0.146484375,0.697265625,0.955078125,0.677734375,0.759765625,0.97026986
0.904296875,0.974609375,0.373046875,0.990234375,0.505859375,0.787109375,0.091796875,0.837890625,0.591796875,0.337890625,0.900390625,0.146484375,0.697265625,0.955078125,0.677734375,0.759765625,1.0382764
0.904296875,0.974609375,0.373046875,0.990234375,0.505859375,0.787109375,0.091796875,0.052734375,0.689453125,0.337890625,0.900390625,0.146484375,0.697265625,0.955078125,0.677734375,0.759765625,1.0158188
0.904296875,0.974609375,0.373046875,0.990234375,0.505859375,0.787109375,0.091796875,0.052734375,0.591796875,0.412109375,0.900390625,0.146484375,0.697265625,0.955078125,0.677734375,0.759765625,1.042676
0.904296875,0.974609375,0.373046875,0.990234375,0.505859375,0.787109375,0.091796875,0.052734375,0.591796875,0.337890625,0.642578125,0.146484375,0.697265625,0.955078125,0.677734375,0.759765625,1.2741239
0.904296875,0.974609375,0.373046875,0.990234375,0.505859375,0.787109375,0.091796875,0.052734375,0.591796875,0.337890625,0.900390625,0.927734375,0.697265625,0.955078125,0.677734375,0.759765625,1.0517465
0.904296875,0.974609375,0.373046875,0.990234375,0.505859375,0.787109375,0.091796875,0.052734375,0.591796875,0.337890625,0.900390625,0.146484375,0.357421875,0.955078125,0.677734375,0.759765625,1.0382947
0.904296875,0.974609375,0.373046875,0.990234375,0.505859375,0.787109375,0.091796875,0.052734375,0.591796875,0.337890625,0.900390625,0.146484375,0.697265625,0.431640625,0.677734375,0.759765625,0.88944685
0.904296875,0.974609375,0.373046875,0.990234375,0.505859375,0.787109375,0.091796875,0.052734375,0.591796875,0.337890625,0.900390625,0.146484375,0.697265625,0.955078125,0.935546875,0.759765625,1.0246453
0.904296875,0.974609375,0.373046875,0.990234375,0.505859375,0.787109375,0.091796875,0.052734375,0.591796875,0.337890625,0.900390625,0.146484375,0.697265625,0.955078125,0.677734375,0.451171875,1.0382758
0.916015625,0.119140625,0.400390625,0.197265625,0.931640625,0.919921875,0.759765625,0.837890625,0.689453125,0.412109375,0.642578125,0.927734375,0.357421875,0.431640625,0.935546875,0.451171875,0.7706867
0.654296875,0.224609375,0.623046875,0.240234375,0.755859375,0.537109375,0.841796875,0.302734375,0.841796875,0.087890625,0.650390625,0.396484375,0.447265625,0.205078125,0.927734375,0.009765625,-0.11156157
0.666015625,0.224609375,0.623046875,0.240234375,0.755859375,0.537109375,0.841796875,0.302734375,0.841796875,0.087890625,0.650390625,0.396484375,0.447265625,0.205078125,0.927734375,0.009765625,-0.11156157
0.654296875,0.869140625,0.623046875,0.240234375,0.755859375,0.537109375,0.841796875,0.302734375,0.841796875,0.087890625,0.650390625,0.396484375,0.447265625,0.205078125,0.927734375,0.009765625,-0.00407191
0.654296875,0.224609375,0.150390625,0.240234375,0.755859375,0.537109375,0.841796875,0.302734375,0.841796875,0.087890625,0.650390625,0.396484375,0.447265625,0.205078125,0.927734375,0.009765625,-0.084622234
0.654296875,0.224609375,0.623046875,0.947265625,0.755859375,0.537109375,0.841796875,0.302734375,0.841796875,0.087890625,0.650390625,0.396484375,0.447265625,0.205078125,0.927734375,0.009765625,0.011907797
0.654296875,0.224609375,0.623046875,0.240234375,0.181640625,0.537109375,0.841796875,0.302734375,0.841796875,0.087890625,0.650390625,0.396484375,0.447265625,0.205078125,0.927734375,0.009765625,-0.11929324
0.654296875,0.224609375,0.623046875,0.240234375,0.755859375,0.669921875,0.841796875,0.302734375,0.841796875,0.087890625,0.650390625,0.396484375,0.447265625,0.205078125,0.927734375,0.009765625,-0.11156157
0.654296875,0.224609375,0.623046875,0.240234375,0.755859375,0.537109375,0.009765625,0.302734375,0.841796875,0.087890625,0.650390625,0.396484375,0.447265625,0.205078125,0.927734375,0.009765625,-0.024422389
0.654296875,0.224609375,0.623046875,0.240234375,0.755859375,0.537109375,0.841796875,0.087890625,0.841796875,0.087890625,0.650390625,0.396484375,0.447265625,0.205078125,0.927734375,0.009765625,-0.11157128
0.654296875,0.224609375,0.623046875,0.240234375,0.755859375,0.537109375,0.841796875,0.302734375,0.439453125,0.087890625,0.650390625,0.396484375,0.447265625,0.205078125,0.927734375,0.009765625,-0.06826854
0.654296875,0.224609375,0.623046875,0.240234375,0.755859375,0.537109375,0.841796875,0.302734375,0.841796875,0.162109375,0.650390625,0.396484375,0.447265625,0.205078125,0.927734375,0.009765625,0.5233738
0.654296875,0.224609375,0.623046875,0.240234375,0.755859375,0.537109375,0.841796875,0.302734375,0.841796875,0.087890625,0.392578125,0.396484375,0.447265625,0.205078125,0.927734375,0.009765625,-0.0134625845
0.654296875,0.224609375,0.623046875,0.240234375,0.755859375,0.537109375,0.841796875,0.302734375,0.841796875,0.087890625,0.650390625,0.677734375,0.447265625,0.205078125,0.927734375,0.009765625,-0.10752185
0.654296875,0.224609375,0.623046875,0.240234375,0.755859375,0.537109375,0.841796875,0.302734375,0.841796875,0.087890625,0.650390625,0.396484375,0.607421875,0.205078125,0.927734375,0.009765625,-0.111792356
0.654296875,0.224609375,0.623046875,0.240234375,0.755859375,0.537109375,0.841796875,0.302734375,0.841796875,0.087890625,0.650390625,0.396484375,0.447265625,0.181640625,0.927734375,0.009765625,-0.115202665
0.654296875,0.224609375,0.623046875,0.240234375,0.755859375,0.537109375,0.841796875,0.302734375,0.841796875,0.087890625,0.650390625,0.396484375,0.447265625,0.205078125,0.185546875,0.009765625,-0.081929274
0.654296875,0.224609375,0.623046875,0.240234375,0.755859375,0.537109375,0.841796875,0.302734375,0.841796875,0.087890625,0.650390625,0.396484375,0.447265625,0.205078125,0.927734375,0.701171875,-0.111561574
0.666015625,0.869140625,0.150390625,0.947265625,0.181640625,0.669921875,0.009765625,0.087890625,0.439453125,0.162109375,0.392578125,0.677734375,0.607421875,0.181640625,0.185546875,0.701171875,1.031862
0.154296875,0.724609375,0.123046875,0.740234375,0.255859375,0.037109375,0.341796875,0.802734375,0.341796875,0.587890625,0.150390625,0.896484375,0.947265625,0.705078125,0.427734375,0.509765625,1.2491677
0.166015625,0.724609375,0.123046875,0.740234375,0.255859375,0.037109375,0.341796875,0.802734375,0.341796875,0.587890625,0.150390625,0.896484375,0.947265625,0.705078125,0.427734375,0.509765625,1.2491677
0.154296875,0.369140625,0.123046875,0.740234375,0.255859375,0.037109375,0.341796875,0.802734375,0.341796875,0.587890625,0.150390625,0.896484375,0.947265625,0.705078125,0.427734375,0.509765625,1.1904736
0.154296875,0.724609375,0.650390625,0.740234375,0.255859375,0.037109375,0.341796875,0.802734375,0.341796875,0.587890625,0.150390625,0.896484375,0.947265625,0.705078125,0.427734375,0.509765625,1.2190406
0.154296875,0.724609375,0.123046875,0.447265625,0.255859375,0.037109375,0.341796875,0.802734375,0.341796875,0.587890625,0.150390625,0.896484375,0.947265625,0.705078125,0.427734375,0.509765625,1.184489
0.154296875,0.724609375,0.123046875,0.740234375,0.681640625,0.037109375,0.341796875,0.802734375,0.341796875,0.587890625,0.150390625,0.896484375,0.947265625,0.705078125,0.427734375,0.509765625,1.2548795
0.154296875,0.724609375,0.123046875,0.740234375,0.255859375,0.169921875,0.341796875,0.802734375,0.341796875,0.587890625,0.150390625,0.896484375,0.947265625,0.705078125,0.427734375,0.509765625,1.2491677
0.154296875,0.724609375,0.123046875,0.740234375,0.255859375,0.037109375,0.509765625,0.802734375,0.341796875,0.587890625,0.150390625,0.896484375,0.947265625,0.705078125,0.427734375,0.509765625,1.2328999
0.154296875,0.724609375,0.123046875,0.740234375,0.255859375,0.037109375,0.341796875,0.587890625,0.341796875,0.587890625,0.150390625,0.896484375,0.947265625,0.705078125,0.427734375,0.509765625,1.249193
0.154296875,0.724609375,0.123046875,0.740234375,0.255859375,0.037109375,0.341796875,0.802734375,0.939453125,0.587890625,0.150390625,0.896484375,0.947265625,0.705078125,0.427734375,0.509765625,1.241857
0.154296875,0.724609375,0.123046875,0.740234375,0.255859375,0.037109375,0.341796875,0.802734375,0.341796875,0.662109375,0.150390625,0.896484375,0.947265625,0.705078125,0.427734375,0.509765625,1.2491963
0.154296875,0.724609375,0.123046875,0.740234375,0.255859375,0.037109375,0.341796875,0.802734375,0.341796875,0.587890625,0.892578125,0.896484375,0.947265625,0.705078125,0.427734375,0.509765625,0.9082855
0.154296875,0.724609375,0.123046875,0.740234375,0.255859375,0.037109375,0.341796875,0.802734375,0.341796875,0.587890625,0.150390625,0.177734375,0.947265625,0.705078125,0.427734375,0.509765625,1.2371397
0.154296875,0.724609375,0.123046875,0.740234375,0.255859375,0.037109375,0.341796875,0.802734375,0.341796875,0.587890625,0.150390625,0.896484375,0.107421875,0.705078125,0.427734375,0.509765625,1.2491689
0.154296875,0.724609375,0.123046875,0.740234375,0.255859375,0.037109375,0.341796875,0.802734375,0.341796875,0.587890625,0.150390625,0.896484375,0.947265625,0.681640625,0.427734375,0.509765625,1.2425623
0.154296875,0.724609375,0.123046875,0.740234375,0.255859375,0.037109375,0.341796875,0.802734375,0.341796875,0.587890625,0.150390625,0.896484375,0.947265625,0.705078125,0.685546875,0.509765625,1.2390425
0.154296875,0.724609375,0.123046875,0.740234375,0.255859375,0.037109375,0.341796875,0.802734375,0.341796875,0.587890625,0.150390625,0.896484375,0.947265625,0.705078125,0.427734375,0.201171875,1.2491676
0.166015625,0.369140625,0.650390625,0.447265625,0.681640625,0.169921875,0.509765625,0.587890625,0.939453125,0.662109375,0.892578125,0.177734375,0.107421875,0.681640625,0.685546875,0.201171875,0.70821637
0.216796875,0.287109375,0.560546875,0.927734375,0.943359375,0.224609375,0.529296875,0.615234375,0.029296875,0.150390625,0.212890625,0.833984375,0.634765625,0.142578125,0.615234375,0.322265625,0.7750674
0.853515625,0.287109375,0.560546875,0.927734375,0.943359375,0.224609375,0.529296875,0.615234375,0.029296875,0.150390625,0.212890625,0.833984375,0.634765625,0.142578125,0.615234375,0.322265625,0.7750674
0.216796875,0.681640625,0.560546875,0.927734375,0.943359375,0.224609375,0.529296875,0.615234375,0.029296875,0.150390625,0.212890625,0.833984375,0.634765625,0.142578125,0.615234375,0.322265625,0.83514214
0.216796875,0.287109375,0.962890625,0.927734375,0.943359375,0.224609375,0.529296875,0.615234375,0.029296875,0.150390625,0.212890625,0.833984375,0.634765625,0.142578125,0.615234375,0.322265625,0.73825157
0.216796875,0.287109375,0.560546875,0.759765625,0.943359375,0.224609375,0.529296875,0.615234375,0.029296875,0.150390625,0.212890625,0.833984375,0.634765625,0.142578125,0.615234375,0.322265625,0.73897463
0.216796875,0.287109375,0.560546875,0.927734375,0.494140625,0.224609375,0.529296875,0.615234375,0.029296875,0.150390625,0.212890625,0.833984375,0.634765625,0.142578125,0.615234375,0.322265625,0.767277
0.216796875,0.287109375,0.560546875,0.927734375,0.943359375,0.982421875,0.529296875,0.615234375,0.029296875,0.150390625,0.212890625,0.833984375,0.634765625,0.142578125,0.615234375,0.322265625,0.7750674
0.216796875,0.287109375,0.560546875,0.927734375,0.943359375,0.224609375,0.072265625,0.615234375,0.029296875,0.150390625,0.212890625,0.833984375,0.634765625,0.142578125,0.615234375,0.322265625,0.8095977
0.216796875,0.287109375,0.560546875,0.927734375,0.943359375,0.224609375,0.529296875,0.275390625,0.029296875,0.150390625,0.212890625,0.833984375,0.634765625,0.142578125,0.615234375,0.322265625,0.7750579
0.216796875,0.287109375,0.560546875,0.927734375,0.943359375,0.224609375,0.529296875,0.615234375,0.626953125,0.150390625,0.212890625,0.833984375,0.634765625,0.142578125,0.615234375,0.322265625,0.7822751
0.216796875,0.287109375,0.560546875,0.927734375,0.943359375,0.224609375,0.529296875,0.615234375,0.029296875,0.099609375,0.212890625,0.833984375,0.634765625,0.142578125,0.615234375,0.322265625,0.35941038
0.216796875,0.287109375,0.560546875,0.927734375,0.943359375,0.224609375,0.529296875,0.615234375,0.029296875,0.150390625,0.830078125,0.833984375,0.634765625,0.142578125,0.615234375,0.322265625,0.5000928
0.216796875,0.287109375,0.560546875,0.927734375,0.943359375,0.224609375,0.529296875,0.615234375,0.029296875,0.150390625,0.212890625,0.990234375,0.634765625,0.142578125,0.615234375,0.322265625,0.7751666
0.216796875,0.287109375,0.560546875,0.927734375,0.943359375,0.224609375,0.529296875,0.615234375,0.029296875,0.150390625,0.212890625,0.833984375,0.294921875,0.142578125,0.615234375,0.322265625,0.77517825
0.216796875,0.287109375,0.560546875,0.927734375,0.943359375,0.224609375,0.529296875,0.615234375,0.029296875,0.150390625,0.212890625,0.833984375,0.634765625,0.244140625,0.615234375,0.322265625,0.79085296
0.216796875,0.287109375,0.560546875,0.927734375,0.943359375,0.224609375,0.529296875,0.615234375,0.029296875,0.150390625,0.212890625,0.833984375,0.634765625,0.142578125,0.498046875,0.322265625,0.77966136
0.216796875,0.287109375,0.560546875,0.927734375,0.943359375,0.224609375,0.529296875,0.615234375,0.029296875,0.150390625,0.212890625,0.833984375,0.634765625,0.142578125,0.615234375,0.013671875,0.7750674
0.853515625,0.681640625,0.962890625,0.759765625,0.494140625,0.982421875,0.072265625,0.275390625,0.626953125,0.099609375,0.830078125,0.990234375,0.294921875,0.244140625,0.498046875,0.013671875,0.12612951
0.716796875,0.787109375,0.060546875,0.427734375,0.443359375,0.724609375,0.029296875,0.115234375,0.529296875,0.650390625,0.712890625,0.333984375,0.134765625,0.642578125,0.115234375,0.822265625,1.0255766
0.353515625,0.787109375,0.060546875,0.427734375,0.443359375,0.724609375,0.029296875,0.115234375,0.529296875,0.650390625,0.712890625,0.333984375,0.134765625,0.642578125,0.115234375,0.822265625,1.0255766
0.716796875,0.181640625,0.060546875,0.427734375,0.443359375,0.724609375,0.029296875,0.115234375,0.529296875,0.650390625,0.712890625,0.333984375,0.134765625,0.642578125,0.115234375,0.822265625,0.9326516
0.716796875,0.787109375,0.462890625,0.427734375,0.443359375,0.724609375,0.029296875,0.115234375,0.529296875,0.650390625,0.712890625,0.333984375,0.134765625,0.642578125,0.115234375,0.822265625,1.0066154
0.716796875,0.787109375,0.060546875,0.259765625,0.443359375,0.724609375,0.029296875,0.115234375,0.529296875,0.650390625,0.712890625,0.333984375,0.134765625,0.642578125,0.115234375,0.822265625,1.0139683
0.716796875,0.787109375,0.060546875,0.427734375,0.994140625,0.724609375,0.029296875,0.115234375,0.529296875,0.650390625,0.712890625,0.333984375,0.134765625,0.642578125,0.115234375,0.822265625,1.0351471
0.716796875,0.787109375,0.060546875,0.427734375,0.443359375,0.482421875,0.029296875,0.115234375,0.529296875,0.650390625,0.712890625,0.333984375,0.134765625,0.642578125,0.115234375,0.822265625,1.0255766
0.716796875,0.787109375,0.060546875,0.427734375,0.443359375,0.724609375,0.572265625,0.115234375,0.529296875,0.650390625,0.712890625,0.333984375,0.134765625,0.642578125,0.115234375,0.822265625,0.9840483
0.716796875,0.787109375,0.060546875,0.427734375,0.443359375,0.724609375,0.029296875,0.775390625,0.529296875,0.650390625,0.712890625,0.333984375,0.134765625,0.642578125,0.115234375,0.822265625,1.0255779
0.716796875,0.787109375,0.060546875,0.427734375,0.443359375,0.724609375,0.029296875,0.115234375,0.126953125,0.650390625,0.712890625,0.333984375,0.134765625,0.642578125,0.115234375,0.822265625,0.9828926
0.716796875,0.787109375,0.060546875,0.427734375,0.443359375,0.724609375,0.029296875,0.115234375,0.529296875,0.599609375,0.712890625,0.333984375,0.134765625,0.642578125,0.115234375,0.822265625,1.0255575
0.716796875,0.787109375,0.060546875,0.427734375,0.443359375,0.724609375,0.029296875,0.115234375,0.529296875,0.650390625,0.330078125,0.333984375,0.134765625,0.642578125,0.115234375,0.822265625,1.1797569
0.716796875,0.787109375,0.060546875,0.427734375,0.443359375,0.724609375,0.029296875,0.115234375,0.529296875,0.650390625,0.712890625,0.490234375,0.134765625,0.642578125,0.115234375,0.822265625,1.0291092
0.716796875,0.787109375,0.060546875,0.427734375,0.443359375,0.724609375,0.029296875,0.115234375,0.529296875,0.650390625,0.712890625,0.333984375,0.794921875,0.642578125,0.115234375,0.822265625,1.0255679
0.716796875,0.787109375,0.060546875,0.427734375,0.443359375,0.724609375,0.029296875,0.115234375,0.529296875,0.650390625,0.712890625,0.333984375,0.134765625,0.744140625,0.115234375,0.822265625,1.0542091
0.716796875,0.787109375,0.060546875,0.427734375,0.443359375,0.724609375,0.029296875,0.115234375,0.529296875,0.650390625,0.712890625,0.333984375,0.134765625,0.642578125,0.998046875,0.822265625,0.99005795
0.716796875,0.787109375,0.060546875,0.427734375,0.443359375,0.724609375,0.029296875,0.115234375,0.529296875,0.650390625,0.712890625,0.333984375,0.134765625,0.642578125,0.115234375,0.513671875,1.0255766
0.353515625,0.181640625,0.462890625,0.259765625,0.994140625,0.482421875,0.572265625,0.775390625,0.126953125,0.599609375,0.330078125,0.490234375,0.794921875,0.744140625,0.998046875,0.513671875,0.9782401
0.966796875,0.037109375,0.810546875,0.677734375,0.193359375,0.974609375,0.779296875,0.365234375,0.779296875,0.900390625,0.962890625,0.083984375,0.884765625,0.392578125,0.365234375,0.072265625,0.4918579
0.103515625,0.037109375,0.810546875,0.677734375,0.193359375,0.974609375,0.779296875,0.365234375,0.779296875,0.900390625,0.962890625,0.083984375,0.884765625,0.392578125,0.365234375,0.072265625,0.4918579
0.966796875,0.931640625,0.810546875,0.677734375,0.193359375,0.974609375,0.779296875,0.365234375,0.779296875,0.900390625,0.962890625,0.083984375,0.884765625,0.392578125,0.365234375,0.072265625,0.6313679
0.966796875,0.037109375,0.212890625,0.677734375,0.193359375,0.974609375,0.779296875,0.365234375,0.779296875,0.900390625,0.962890625,0.083984375,0.884765625,0.392578125,0.365234375,0.072265625,0.5324737
0.966796875,0.037109375,0.810546875,0.509765625,0.193359375,0.974609375,0.779296875,0.365234375,0.779296875,0.900390625,0.962890625,0.083984375,0.884765625,0.392578125,0.365234375,0.072265625,0.45346254
0.966796875,0.037109375,0.810546875,0.677734375,0.244140625,0.974609375,0.779296875,0.365234375,0.779296875,0.900390625,0.962890625,0.083984375,0.884765625,0.392578125,0.365234375,0.072265625,0.49236256
0.966796875,0.037109375,0.810546875,0.677734375,0.193359375,0.232421875,0.779296875,0.365234375,0.779296875,0.900390625,0.962890625,0.083984375,0.884765625,0.392578125,0.365234375,0.072265625,0.4918579
0.966796875,0.037109375,0.810546875,0.677734375,0.193359375,0.974609375,0.322265625,0.365234375,0.779296875,0.900390625,0.962890625,0.083984375,0.884765625,0.392578125,0.365234375,0.072265625,0.54984814
0.966796875,0.037109375,0.810546875,0.677734375,0.193359375,0.974609375,0.779296875,0.025390625,0.779296875,0.900390625,0.962890625,0.083984375,0.884765625,0.392578125,0.365234375,0.072265625,0.49182993
0.966796875,0.037109375,0.810546875,0.677734375,0.193359375,0.974609375,0.779296875,0.365234375,0.876953125,0.900390625,0.962890625,0.083984375,0.884765625,0.392578125,0.365234375,0.072265625,0.5165686
0.966796875,0.037109375,0.810546875,0.677734375,0.193359375,0.974609375,0.779296875,0.365234375,0.779296875,0.849609375,0.962890625,0.083984375,0.884765625,0.392578125,0.365234375,0.072265625,0.4918579
0.966796875,0.037109375,0.810546875,0.677734375,0.193359375,0.974609375,0.779296875,0.365234375,0.779296875,0.900390625,0.580078125,0.083984375,0.884765625,0.392578125,0.365234375,0.072265625,0.8211952
0.966796875,0.037109375,0.810546875,0.677734375,0.193359375,0.974609375,0.779296875,0.365234375,0.779296875,0.900390625,0.962890625,0.240234375,0.884765625,0.392578125,0.365234375,0.072265625,0.49901265
0.966796875,0.037109375,0.810546875,0.677734375,0.193359375,0.974609375,0.779296875,0.365234375,0.779296875,0.900390625,0.962890625,0.083984375,0.044921875,0.392578125,0.365234375,0.072265625,0.49186188
0.966796875,0.037109375,0.810546875,0.677734375,0.193359375,0.974609375,0.779296875,0.365234375,0.779296875,0.900390625,0.962890625,0.083984375,0.884765625,0.994140625,0.365234375,0.072265625,0.66338336
0.966796875,0.037109375,0.810546875,0.677734375,0.193359375,0.974609375,0.779296875,0.365234375,0.779296875,0.900390625,0.962890625,0.083984375,0.884765625,0.392578125,0.248046875,0.072265625,0.4950954
0.966796875,0.037109375,0.810546875,0.677734375,0.193359375,0.974609375,0.779296875,0.365234375,0.779296875,0.900390625,0.962890625,0.083984375,0.884765625,0.392578125,0.365234375,0.263671875,0.49185792
0.103515625,0.931640625,0.212890625,0.509765625,0.244140625,0.232421875,0.322265625,0.025390625,0.876953125,0.849609375,0.580078125,0.240234375,0.044921875,0.994140625,0.248046875,0.263671875,1.2280246
0.466796875,0.537109375,0.310546875,0.177734375,0.693359375,0.474609375,0.279296875,0.865234375,0.279296875,0.400390625,0.462890625,0.583984375,0.384765625,0.892578125,0.865234375,0.572265625,1.1222072
0.603515625,0.537109375,0.310546875,0.177734375,0.693359375,0.474609375,0.279296875,0.865234375,0.279296875,0.400390625,0.462890625,0.583984375,0.384765625,0.892578125,0.865234375,0.572265625,1.1222072
0.466796875,0.431640625,0.310546875,0.177734375,0.693359375,0.474609375,0.279296875,0.865234375,0.279296875,0.400390625,0.462890625,0.583984375,0.384765625,0.892578125,0.865234375,0.572265625,1.1062348
0.466796875,0.537109375,0.712890625,0.177734375,0.693359375,0.474609375,0.279296875,0.865234375,0.279296875,0.400390625,0.462890625,0.583984375,0.384765625,0.892578125,0.865234375,0.572265625,1.0950568
0.466796875,0.537109375,0.310546875,0.009765625,0.693359375,0.474609375,0.279296875,0.865234375,0.279296875,0.400390625,0.462890625,0.583984375,0.384765625,0.892578125,0.865234375,0.572265625,1.1201
0.466796875,0.537109375,0.310546875,0.177734375,0.744140625,0.474609375,0.279296875,0.865234375,0.279296875,0.400390625,0.462890625,0.583984375,0.384765625,0.892578125,0.865234375,0.572265625,1.1230844
0.466796875,0.537109375,0.310546875,0.177734375,0.693359375,0.732421875,0.279296875,0.865234375,0.279296875,0.400390625,0.462890625,0.583984375,0.384765625,0.892578125,0.865234375,0.572265625,1.1222072
0.466796875,0.537109375,0.310546875,0.177734375,0.693359375,0.474609375,0.822265625,0.865234375,0.279296875,0.400390625,0.462890625,0.583984375,0.384765625,0.892578125,0.865234375,0.572265625,1.0527105
0.466796875,0.537109375,0.310546875,0.177734375,0.693359375,0.474609375,0.279296875,0.525390625,0.279296875,0.400390625,0.462890625,0.583984375,0.384765625,0.892578125,0.865234375,0.572265625,1.1223501
0.466796875,0.537109375,0.310546875,0.177734375,0.693359375,0.474609375,0.279296875,0.865234375,0.376953125,0.400390625,0.462890625,0.583984375,0.384765625,0.892578125,0.865234375,0.572265625,1.1443483
0.466796875,0.537109375,0.310546875,0.177734375,0.693359375,0.474609375,0.279296875,0.865234375,0.279296875,0.349609375,0.462890625,0.583984375,0.384765625,0.892578125,0.865234375,0.572265625,1.1193366
0.466796875,0.537109375,0.310546875,0.177734375,0.693359375,0.474609375,0.279296875,0.865234375,0.279296875,0.400390625,0.080078125,0.583984375,0.384765625,0.892578125,0.865234375,0.572265625,1.1583738
0.466796875,0.537109375,0.310546875,0.177734375,0.693359375,0.474609375,0.279296875,0.865234375,0.279296875,0.400390625,0.462890625,0.740234375,0.384765625,0.892578125,0.865234375,0.572265625,1.123388
0.466796875,0.537109375,0.310546875,0.177734375,0.693359375,0.474609375,0.279296875,0.865234375,0.279296875,0.400390625,0.462890625,0.583984375,0.544921875,0.892578125,0.865234375,0.572265625,1.121897
0.466796875,0.537109375,0.310546875,0.177734375,0.693359375,0.474609375,0.279296875,0.865234375,0.279296875,0.400390625,0.462890625,0.583984375,0.384765625,0.494140625,0.865234375,0.572265625,1.0093391
0.466796875,0.537109375,0.310546875,0.177734375,0.693359375,0.474609375,0.279296875,0.865234375,0.279296875,0.400390625,0.462890625,0.583984375,0.384765625,0.892578125,0.748046875,0.572265625,1.1283945
0.466796875,0.537109375,0.310546875,0.177734375,0.693359375,0.474609375,0.279296875,0.865234375,0.279296875,0.400390625,0.462890625,0.583984375,0.384765625,0.892578125,0.865234375,0.763671875,1.1222072
0.603515625,0.431640625,0.712890625,0.009765625,0.744140625,0.732421875,0.822265625,0.525390625,0.376953125,0.349609375,0.080078125,0.740234375,0.544921875,0.494140625,0.748046875,0.763671875,0.9581279
0.341796875,0.162109375,0.185546875,0.052734375,0.568359375,0.099609375,0.904296875,0.490234375,0.904296875,0.525390625,0.837890625,0.708984375,0.759765625,0.517578125,0.990234375,0.697265625,0.6253451
0.728515625,0.162109375,0.185546875,0.052734375,0.568359375,0.099609375,0.904296875,0.490234375,0.904296875,0.525390625,0.837890625,0.708984375,0.759765625,0.517578125,0.990234375,0.697265625,0.6253451
0.341796875,0.306640625,0.185546875,0.052734375,0.568359375,0.099609375,0.904296875,0.490234375,0.904296875,0.525390625,0.837890625,0.708984375,0.759765625,0.517578125,0.990234375,0.697265625,0.6404921
0.341796875,0.162109375,0.087890625,0.052734375,0.568359375,0.099609375,0.904296875,0.490234375,0.904296875,0.525390625,0.837890625,0.708984375,0.759765625,0.517578125,0.990234375,0.697265625,0.62905157
0.341796875,0.162109375,0.185546875,0.884765625,0.568359375,0.099609375,0.904296875,0.490234375,0.904296875,0.525390625,0.837890625,0.708984375,0.759765625,0.517578125,0.990234375,0.697265625,0.74215984
0.341796875,0.162109375,0.185546875,0.052734375,0.369140625,0.099609375,0.904296875,0.490234375,0.904296875,0.525390625,0.837890625,0.708984375,0.759765625,0.517578125,0.990234375,0.697265625,0.6226821
0.341796875,0.162109375,0.185546875,0.052734375,0.568359375,0.857421875,0.904296875,0.490234375,0.904296875,0.525390625,0.837890625,0.708984375,0.759765625,0.517578125,0.990234375,0.697265625,0.6253451
0.341796875,0.162109375,0.185546875,0.052734375,0.568359375,0.099609375,0.447265625,0.490234375,0.904296875,0.525390625,0.837890625,0.708984375,0.759765625,0.517578125,0.990234375,0.697265625,0.6982945
0.341796875,0.162109375,0.185546875,0.052734375,0.568359375,0.099609375,0.904296875,0.650390625,0.904296875,0.525390625,0.837890625,0.708984375,0.759765625,0.517578125,0.990234375,0.697265625,0.6251301
0.341796875,0.162109375,0.185546875,0.052734375,0.568359375,0.099609375,0.904296875,0.490234375,0.251953125,0.525390625,0.837890625,0.708984375,0.759765625,0.517578125,0.990234375,0.697265625,0.6178754
0.341796875,0.162109375,0.185546875,0.052734375,0.568359375,0.099609375,0.904296875,0.490234375,0.904296875,0.974609375,0.837890625,0.708984375,0.759765625,0.517578125,0.990234375,0.697265625,0.6254786
0.341796875,0.162109375,0.185546875,0.052734375,0.568359375,0.099609375,0.904296875,0.490234375,0.904296875,0.525390625,0.705078125,0.708984375,0.759765625,0.517578125,0.990234375,0.697265625,0.75177115
0.341796875,0.162109375,0.185546875,0.052734375,0.568359375,0.099609375,0.904296875,0.490234375,0.904296875,0.525390625,0.837890625,0.365234375,0.759765625,0.517578125,0.990234375,0.697265625,0.62033486
0.341796875,0.162109375,0.185546875,0.052734375,0.568359375,0.099609375,0.904296875,0.490234375,0.904296875,0.525390625,0.837890625,0.708984375,0.419921875,0.517578125,0.990234375,0.697265625,0.6253245
0.341796875,0.162109375,0.185546875,0.052734375,0.568359375,0.099609375,0.904296875,0.490234375,0.904296875,0.525390625,0.837890625,0.708984375,0.759765625,0.119140625,0.990234375,0.697265625,0.55218273
0.341796875,0.162109375,0.185546875,0.052734375,0.568359375,0.099609375,0.904296875,0.490234375,0.904296875,0.525390625,0.837890625,0.708984375,0.759765625,0.517578125,0.123046875,0.697265625,0.66020316
0.341796875,0.162109375,0.185546875,0.052734375,0.568359375,0.099609375,0.904296875,0.490234375,0.904296875,0.525390625,0.837890625,0.708984375,0.759765625,0.517578125,0.990234375,0.138671875,0.6253451
0.728515625,0.306640625,0.087890625,0.884765625,0.369140625,0.857421875,0.447265625,0.650390625,0.251953125,0.974609375,0.705078125,0.365234375,0.419921875,0.119140625,0.123046875,0.138671875,0.90683943
0.841796875,0.662109375,0.685546875,0.552734375,0.068359375,0.599609375,0.404296875,0.990234375,0.404296875,0.025390625,0.337890625,0.208984375,0.259765625,0.017578125,0.490234375,0.197265625,-1.7291759
0.228515625,0.662109375,0.685546875,0.552734375,0.068359375,0.599609375,0.404296875,0.990234375,0.404296875,0.025390625,0.337890625,0.208984375,0.259765625,0.017578125,0.490234375,0.197265625,-1.7291759
0.841796875,0.806640625,0.685546875,0.552734375,0.068359375,0.599609375,0.404296875,0.990234375,0.404296875,0.025390625,0.337890625,0.208984375,0.259765625,0.017578125,0.490234375,0.197265625,-1.6992896
0.841796875,0.662109375,0.587890625,0.552734375,0.068359375,0.599609375,0.404296875,0.990234375,0.404296875,0.025390625,0.337890625,0.208984375,0.259765625,0.017578125,0.490234375,0.197265625,-1.7214942
0.841796875,0.662109375,0.685546875,0.384765625,0.068359375,0.599609375,0.404296875,0.990234375,0.404296875,0.025390625,0.337890625,0.208984375,0.259765625,0.017578125,0.490234375,0.197265625,-1.7527598
0.841796875,0.662109375,0.685546875,0.552734375,0.869140625,0.599609375,0.404296875,0.990234375,0.404296875,0.025390625,0.337890625,0.208984375,0.259765625,0.017578125,0.490234375,0.197265625,-1.7183099
0.841796875,0.662109375,0.685546875,0.552734375,0.068359375,0.357421875,0.404296875,0.990234375,0.404296875,0.025390625,0.337890625,0.208984375,0.259765625,0.017578125,0.490234375,0.197265625,-1.7291759
0.841796875,0.662109375,0.685546875,0.552734375,0.068359375,0.599609375,0.947265625,0.990234375,0.404296875,0.025390625,0.337890625,0.208984375,0.259765625,0.017578125,0.490234375,0.197265625,-1.8164933
0.841796875,0.662109375,0.685546875,0.552734375,0.068359375,0.599609375,0.404296875,0.150390625,0.404296875,0.025390625,0.337890625,0.208984375,0.259765625,0.017578125,0.490234375,0.197265625,-1.7291739
0.841796875,0.662109375,0.685546875,0.552734375,0.068359375,0.599609375,0.404296875,0.990234375,0.751953125,0.025390625,0.337890625,0.208984375,0.259765625,0.017578125,0.490234375,0.197265625,-1.790636
0.841796875,0.662109375,0.685546875,0.552734375,0.068359375,0.599609375,0.404296875,0.990234375,0.404296875,0.474609375,0.337890625,0.208984375,0.259765625,0.017578125,0.490234375,0.197265625,0.9964291
0.841796875,0.662109375,0.685546875,0.552734375,0.068359375,0.599609375,0.404296875,0.990234375,0.404296875,0.025390625,0.205078125,0.208984375,0.259765625,0.017578125,0.490234375,0.197265625,-1.7190441
0.841796875,0.662109375,0.685546875,0.552734375,0.068359375,0.599609375,0.404296875,0.990234375,0.404296875,0.025390625,0.337890625,0.865234375,0.259765625,0.017578125,0.490234375,0.197265625,-1.7184995
0.841796875,0.662109375,0.685546875,0.552734375,0.068359375,0.599609375,0.404296875,0.990234375,0.404296875,0.025390625,0.337890625,0.208984375,0.919921875,0.017578125,0.490234375,0.197265625,-1.7291733
0.841796875,0.662109375,0.685546875,0.552734375,0.068359375,0.599609375,0.404296875,0.990234375,0.404296875,0.025390625,0.337890625,0.208984375,0.259765625,0.619140625,0.490234375,0.197265625,-1.6177493
0.841796875,0.662109375,0.685546875,0.552734375,0.068359375,0.599609375,0.404296875,0.990234375,0.404296875,0.025390625,0.337890625,0.208984375,0.259765625,0.017578125,0.623046875,0.197265625,-1.7343831
0.841796875,0.662109375,0.685546875,0.552734375,0.068359375,0.599609375,0.404296875,0.990234375,0.404296875,0.025390625,0.337890625,0.208984375,0.259765625,0.017578125,0.490234375,0.638671875,-1.7291759
0.228515625,0.806640625,0.587890625,0.384765625,0.869140625,0.357421875,0.947265625,0.150390625,0.751953125,0.474609375,0.205078125,0.865234375,0.919921875,0.619140625,0.623046875,0.638671875,0.99953437
0.591796875,0.412109375,0.435546875,0.302734375,0.318359375,0.849609375,0.654296875,0.740234375,0.154296875,0.275390625,0.087890625,0.458984375,0.509765625,0.767578125,0.240234375,0.947265625,1.0214996
0.478515625,0.412109375,0.435546875,0.302734375,0.318359375,0.849609375,0.654296875,0.740234375,0.154296875,0.275390625,0.087890625,0.458984375,0.509765625,0.767578125,0.240234375,0.947265625,1.0214996
0.591796875,0.056640625,0.435546875,0.302734375,0.318359375,0.849609375,0.654296875,0.740234375,0.154296875,0.275390625,0.087890625,0.458984375,0.509765625,0.767578125,0.240234375,0.947265625,0.9840317
0.591796875,0.412109375,0.837890625,0.302734375,0.318359375,0.849609375,0.654296875,0.740234375,0.154296875,0.275390625,0.087890625,0.458984375,0.509765625,0.767578125,0.240234375,0.947265625,0.98970115
0.591796875,0.412109375,0.435546875,0.634765625,0.318359375,0.849609375,0.654296875,0.740234375,0.154296875,0.275390625,0.087890625,0.458984375,0.509765625,0.767578125,0.240234375,0.947265625,1.0695803
0.591796875,0.412109375,0.435546875,0.302734375,0.119140625,0.849609375,0.654296875,0.740234375,0.154296875,0.275390625,0.087890625,0.458984375,0.509765625,0.767578125,0.240234375,0.947265625,1.0195172
0.591796875,0.412109375,0.435546875,0.302734375,0.318359375,0.107421875,0.654296875,0.740234375,0.154296875,0.275390625,0.087890625,0.458984375,0.509765625,0.767578125,0.240234375,0.947265625,1.0214996
0.591796875,0.412109375,0.435546875,0.302734375,0.318359375,0.849609375,0.197265625,0.740234375,0.154296875,0.275390625,0.087890625,0.458984375,0.509765625,0.767578125,0.240234375,0.947265625,1.0667429
0.591796875,0.412109375,0.435546875,0.302734375,0.318359375,0.849609375,0.654296875,0.900390625,0.154296875,0.275390625,0.087890625,0.458984375,0.509765625,0.767578125,0.240234375,0.947265625,1.0214965
0.591796875,0.412109375,0.435546875,0.302734375,0.318359375,0.849609375,0.654296875,0.740234375,0.001953125,0.275390625,0.087890625,0.458984375,0.509765625,0.767578125,0.240234375,0.947265625,1.030674
0.591796875,0.412109375,0.435546875,0.302734375,0.318359375,0.849609375,0.654296875,0.740234375,0.154296875,0.224609375,0.087890625,0.458984375,0.509765625,0.767578125,0.240234375,0.947265625,0.98659134
0.591796875,0.412109375,0.435546875,0.302734375,0.318359375,0.849609375,0.654296875,0.740234375,0.154296875,0.275390625,0.955078125,0.458984375,0.509765625,0.767578125,0.240234375,0.947265625,0.6203146
0.591796875,0.412109375,0.435546875,0.302734375,0.318359375,0.849609375,0.654296875,0.740234375,0.154296875,0.275390625,0.087890625,0.615234375,0.509765625,0.767578125,0.240234375,0.947265625,1.0236976
0.591796875,0.412109375,0.435546875,0.302734375,0.318359375,0.849609375,0.654296875,0.740234375,0.154296875,0.275390625,0.087890625,0.458984375,0.169921875,0.767578125,0.240234375,0.947265625,1.0218139
0.591796875,0.412109375,0.435546875,0.302734375,0.318359375,0.849609375,0.654296875,0.740234375,0.154296875,0.275390625,0.087890625,0.458984375,0.509765625,0.869140625,0.240234375,0.947265625,1.0541749
0.591796875,0.412109375,0.435546875,0.302734375,0.318359375,0.849609375,0.654296875,0.740234375,0.154296875,0.275390625,0.087890625,0.458984375,0.509765625,0.767578125,0.373046875,0.947265625,1.0178297
0.591796875,0.412109375,0.435546875,0.302734375,0.318359375,0.849609375,0.654296875,0.740234375,0.154296875,0.275390625,0.087890625,0.458984375,0.509765625,0.767578125,0.240234375,0.388671875,1.0214996
0.478515625,0.056640625,0.837890625,0.634765625,0.119140625,0.107421875,0.197265625,0.900390625,0.001953125,0.224609375,0.955078125,0.615234375,0.169921875,0.869140625,0.373046875,0.388671875,0.64816993
0.091796875,0.912109375,0.935546875,0.802734375,0.818359375,0.349609375,0.154296875,0.240234375,0.654296875,0.775390625,0.587890625,0.958984375,0.009765625,0.267578125,0.740234375,0.447265625,1.0326984
0.978515625,0.912109375,0.935546875,0.802734375,0.818359375,0.349609375,0.154296875,0.240234375,0.654296875,0.775390625,0.587890625,0.958984375,0.009765625,0.267578125,0.740234375,0.447265625,1.0326984
0.091796875,0.556640625,0.935546875,0.802734375,0.818359375,0.349609375,0.154296875,0.240234375,0.654296875,0.775390625,0.587890625,0.958984375,0.009765625,0.267578125,0.740234375,0.447265625,0.9589794
0.091796875,0.912109375,0.337890625,0.802734375,0.818359375,0.349609375,0.154296875,0.240234375,0.654296875,0.775390625,0.587890625,0.958984375,0.009765625,0.267578125,0.740234375,0.447265625,1.0802187
0.091796875,0.912109375,0.935546875,0.134765625,0.818359375,0.349609375,0.154296875,0.240234375,0.654296875,0.775390625,0.587890625,0.958984375,0.009765625,0.267578125,0.740234375,0.447265625,0.93465596
0.091796875,0.912109375,0.935546875,0.802734375,0.619140625,0.349609375,0.154296875,0.240234375,0.654296875,0.775390625,0.587890625,0.958984375,0.009765625,0.267578125,0.740234375,0.447265625,1.0292544
0.091796875,0.912109375,0.935546875,0.802734375,0.818359375,0.607421875,0.154296875,0.240234375,0.654296875,0.775390625,0.587890625,0.958984375,0.009765625,0.267578125,0.740234375,0.447265625,1.0326984
0.091796875,0.912109375,0.935546875,0.802734375,0.818359375,0.349609375,0.697265625,0.240234375,0.654296875,0.775390625,0.587890625,0.958984375,0.009765625,0.267578125,0.740234375,0.447265625,0.978394
0.091796875,0.912109375,0.935546875,0.802734375,0.818359375,0.349609375,0.154296875,0.400390625,0.654296875,0.775390625,0.587890625,0.958984375,0.009765625,0.267578125,0.740234375,0.447265625,1.032756
0.091796875,0.912109375,0.935546875,0.802734375,0.818359375,0.349609375,0.154296875,0.240234375,0.501953125,0.775390625,0.587890625,0.958984375,0.009765625,0.267578125,0.740234375,0.447265625,1.0757179
0.091796875,0.912109375,0.935546875,0.802734375,0.818359375,0.349609375,0.154296875,0.240234375,0.654296875,0.724609375,0.587890625,0.958984375,0.009765625,0.267578125,0.740234375,0.447265625,1.0326984
0.091796875,0.912109375,0.935546875,0.802734375,0.818359375,0.349609375,0.154296875,0.240234375,0.654296875,0.775390625,0.455078125,0.958984375,0.009765625,0.267578125,0.740234375,0.447265625,1.0811628
0.091796875,0.912109375,0.935546875,0.802734375,0.818359375,0.349609375,0.154296875,0.240234375,0.654296875,0.775390625,0.587890625,0.115234375,0.009765625,0.267578125,0.740234375,0.447265625,1.0176855
0.091796875,0.912109375,0.935546875,0.802734375,0.818359375,0.349609375,0.154296875,0.240234375,0.654296875,0.775390625,0.587890625,0.958984375,0.669921875,0.267578125,0.740234375,0.447265625,1.0326434
0.091796875,0.912109375,0.935546875,0.802734375,0.818359375,0.349609375,0.154296875,0.240234375,0.654296875,0.775390625,0.587890625,0.958984375,0.009765625,0.369140625,0.740234375,0.447265625,1.0512284
0.091796875,0.912109375,0.935546875,0.802734375,0.818359375,0.349609375,0.154296875,0.240234375,0.654296875,0.775390625,0.587890625,0.958984375,0.009765625,0.267578125,0.873046875,0.447265625,1.0256854
0.091796875,0.912109375,0.935546875,0.802734375,0.818359375,0.349609375,0.154296875,0.240234375,0.654296875,0.775390625,0.587890625,0.958984375,0.009765625,0.267578125,0.740234375,0.888671875,1.0326983
0.978515625,0.556640625,0.337890625,0.134765625,0.619140625,0.607421875,0.697265625,0.400390625,0.501953125,0.724609375,0.455078125,0.115234375,0.669921875,0.369140625,0.873046875,0.888671875,0.9386999
0.123046875,0.380859375,0.029296875,0.208984375,0.162109375,0.568359375,0.498046875,0.708984375,0.560546875,0.369140625,0.619140625,0.677734375,0.978515625,0.486328125,0.083984375,0.666015625,0.9303571
0.759765625,0.380859375,0.029296875,0.208984375,0.162109375,0.568359375,0.498046875,0.708984375,0.560546875,0.369140625,0.619140625,0.677734375,0.978515625,0.486328125,0.083984375,0.666015625,0.9303571
0.123046875,0.900390625,0.029296875,0.208984375,0.162109375,0.568359375,0.498046875,0.708984375,0.560546875,0.369140625,0.619140625,0.677734375,0.978515625,0.486328125,0.083984375,0.666015625,1.0272336
0.123046875,0.380859375,0.806640625,0.208984375,0.162109375,0.568359375,0.498046875,0.708984375,0.560546875,0.369140625,0.619140625,0.677734375,0.978515625,0.486328125,0.083984375,0.666015625,0.88332766
0.123046875,0.380859375,0.029296875,0.603515625,0.162109375,0.568359375,0.498046875,0.708984375,0.560546875,0.369140625,0.619140625,0.677734375,0.978515625,0.486328125,0.083984375,0.666015625,0.97420925
0.123046875,0.380859375,0.029296875,0.208984375,0.962890625,0.568359375,0.498046875,0.708984375,0.560546875,0.369140625,0.619140625,0.677734375,0.978515625,0.486328125,0.083984375,0.666015625,0.9423531
0.123046875,0.380859375,0.029296875,0.208984375,0.162109375,0.638671875,0.498046875,0.708984375,0.560546875,0.369140625,0.619140625,0.677734375,0.978515625,0.486328125,0.083984375,0.666015625,0.9303571
0.123046875,0.380859375,0.029296875,0.208984375,0.162109375,0.568359375,0.728515625,0.708984375,0.560546875,0.369140625,0.619140625,0.677734375,0.978515625,0.486328125,0.083984375,0.666015625,0.89796954
0.123046875,0.380859375,0.029296875,0.208984375,0.162109375,0.568359375,0.498046875,0.181640625,0.560546875,0.369140625,0.619140625,0.677734375,0.978515625,0.486328125,0.083984375,0.666015625,0.93035465
0.123046875,0.380859375,0.029296875,0.208984375,0.162109375,0.568359375,0.498046875,0.708984375,0.345703125,0.369140625,0.619140625,0.677734375,0.978515625,0.486328125,0.083984375,0.666015625,0.95145625
0.123046875,0.380859375,0.029296875,0.208984375,0.162109375,0.568359375,0.498046875,0.708984375,0.560546875,0.130859375,0.619140625,0.677734375,0.978515625,0.486328125,0.083984375,0.666015625,0.5792695
0.123046875,0.380859375,0.029296875,0.208984375,0.162109375,0.568359375,0.498046875,0.708984375,0.560546875,0.369140625,0.423828125,0.677734375,0.978515625,0.486328125,0.083984375,0.666015625,1.0029442
0.123046875,0.380859375,0.029296875,0.208984375,0.162109375,0.568359375,0.498046875,0.708984375,0.560546875,0.369140625,0.619140625,0.083984375,0.978515625,0.486328125,0.083984375,0.666015625,0.91442055
0.123046875,0.380859375,0.029296875,0.208984375,0.162109375,0.568359375,0.498046875,0.708984375,0.560546875,0.369140625,0.619140625,0.677734375,0.763671875,0.486328125,0.083984375,0.666015625,0.9303441
0.123046875,0.380859375,0.029296875,0.208984375,0.162109375,0.568359375,0.498046875,0.708984375,0.560546875,0.369140625,0.619140625,0.677734375,0.978515625,0.587890625,0.083984375,0.666015625,0.95442384
0.123046875,0.380859375,0.029296875,0.208984375,0.162109375,0.568359375,0.498046875,0.708984375,0.560546875,0.369140625,0.619140625,0.677734375,0.978515625,0.486328125,0.404296875,0.666015625,0.92229533
0.123046875,0.380859375,0.029296875,0.208984375,0.162109375,0.568359375,0.498046875,0.708984375,0.560546875,0.369140625,0.619140625,0.677734375,0.978515625,0.486328125,0.083984375,0.544921875,0.9303571
0.759765625,0.900390625,0.806640625,0.603515625,0.962890625,0.638671875,0.728515625,0.181640625,0.345703125,0.130859375,0.423828125,0.083984375,0.763671875,0.587890625,0.404296875,0.544921875,0.7463165
0.623046875,0.880859375,0.529296875,0.708984375,0.662109375,0.068359375,0.998046875,0.208984375,0.060546875,0.869140625,0.119140625,0.177734375,0.478515625,0.986328125,0.583984375,0.166015625,1.1779708
0.259765625,0.880859375,0.529296875,0.708984375,0.662109375,0.068359375,0.998046875,0.208984375,0.060546875,0.869140625,0.119140625,0.177734375,0.478515625,0.986328125,0.583984375,0.166015625,1.1779708
0.623046875,0.400390625,0.529296875,0.708984375,0.662109375,0.068359375,0.998046875,0.208984375,0.060546875,0.869140625,0.119140625,0.177734375,0.478515625,0.986328125,0.583984375,0.166015625,1.0884856
0.623046875,0.880859375,0.306640625,0.708984375,0.662109375,0.068359375,0.998046875,0.208984375,0.060546875,0.869140625,0.119140625,0.177734375,0.478515625,0.986328125,0.583984375,0.166015625,1.1911393
0.623046875,0.880859375,0.529296875,0.103515625,0.662109375,0.068359375,0.998046875,0.208984375,0.060546875,0.869140625,0.119140625,0.177734375,0.478515625,0.986328125,0.583984375,0.166015625,1.1043574
0.623046875,0.880859375,0.529296875,0.708984375,0.462890625,0.068359375,0.998046875,0.208984375,0.060546875,0.869140625,0.119140625,0.177734375,0.478515625,0.986328125,0.583984375,0.166015625,1.1750267
0.623046875,0.880859375,0.529296875,0.708984375,0.662109375,0.138671875,0.998046875,0.208984375,0.060546875,0.869140625,0.119140625,0.177734375,0.478515625,0.986328125,0.583984375,0.166015625,1.1779708
0.623046875,0.880859375,0.529296875,0.708984375,0.662109375,0.068359375,0.228515625,0.208984375,0.060546875,0.869140625,0.119140625,0.177734375,0.478515625,0.986328125,0.583984375,0.166015625,1.2916828
0.623046875,0.880859375,0.529296875,0.708984375,0.662109375,0.068359375,0.998046875,0.681640625,0.060546875,0.869140625,0.119140625,0.177734375,0.478515625,0.986328125,0.583984375,0.166015625,1.1779741
0.623046875,0.880859375,0.529296875,0.708984375,0.662109375,0.068359375,0.998046875,0.208984375,0.845703125,0.869140625,0.119140625,0.177734375,0.478515625,0.986328125,0.583984375,0.166015625,1.1949191
0.623046875,0.880859375,0.529296875,0.708984375,0.662109375,0.068359375,0.998046875,0.208984375,0.060546875,0.630859375,0.119140625,0.177734375,0.478515625,0.986328125,0.583984375,0.166015625,1.1779555
0.623046875,0.880859375,0.529296875,0.708984375,0.662109375,0.068359375,0.998046875,0.208984375,0.060546875,0.869140625,0.923828125,0.177734375,0.478515625,0.986328125,0.583984375,0.166015625,0.8059454
0.623046875,0.880859375,0.529296875,0.708984375,0.662109375,0.068359375,0.998046875,0.208984375,0.060546875,0.869140625,0.119140625,0.583984375,0.478515625,0.986328125,0.583984375,0.166015625,1.188462
0.623046875,0.880859375,0.529296875,0.708984375,0.662109375,0.068359375,0.998046875,0.208984375,0.060546875,0.869140625,0.119140625,0.177734375,0.263671875,0.986328125,0.583984375,0.166015625,1.1780789
0.623046875,0.880859375,0.529296875,0.708984375,0.662109375,0.068359375,0.998046875,0.208984375,0.060546875,0.869140625,0.119140625,0.177734375,0.478515625,0.087890625,0.583984375,0.166015625,0.958898
0.623046875,0.880859375,0.529296875,0.708984375,0.662109375,0.068359375,0.998046875,0.208984375,0.060546875,0.869140625,0.119140625,0.177734375,0.478515625,0.986328125,0.904296875,0.166015625,1.1621699
0.623046875,0.880859375,0.529296875,0.708984375,0.662109375,0.068359375,0.998046875,0.208984375,0.060546875,0.869140625,0.119140625,0.177734375,0.478515625,0.986328125,0.583984375,0.044921875,1.1779708
0.259765625,0.400390625,0.306640625,0.103515625,0.462890625,0.138671875,0.228515625,0.681640625,0.845703125,0.630859375,0.923828125,0.583984375,0.263671875,0.087890625,0.904296875,0.044921875,0.55944556
0.873046875,0.130859375,0.279296875,0.458984375,0.912109375,0.318359375,0.248046875,0.458984375,0.310546875,0.619140625,0.369140625,0.427734375,0.728515625,0.236328125,0.833984375,0.916015625,0.9630044
0.009765625,0.130859375,0.279296875,0.458984375,0.912109375,0.318359375,0.248046875,0.458984375,0.310546875,0.619140625,0.369140625,0.427734375,0.728515625,0.236328125,0.833984375,0.916015625,0.9630044
0.873046875,0.650390625,0.279296875,0.458984375,0.912109375,0.318359375,0.248046875,0.458984375,0.310546875,0.619140625,0.369140625,0.427734375,0.728515625,0.236328125,0.833984375,0.916015625,1.0328321
0.873046875,0.130859375,0.056640625,0.458984375,0.912109375,0.318359375,0.248046875,0.458984375,0.310546875,0.619140625,0.369140625,0.427734375,0.728515625,0.236328125,0.833984375,0.916015625,0.9719476
0.873046875,0.130859375,0.279296875,0.853515625,0.912109375,0.318359375,0.248046875,0.458984375,0.310546875,0.619140625,0.369140625,0.427734375,0.728515625,0.236328125,0.833984375,0.916015625,1.0540737
0.873046875,0.130859375,0.279296875,0.458984375,0.712890625,0.318359375,0.248046875,0.458984375,0.310546875,0.619140625,0.369140625,0.427734375,0.728515625,0.236328125,0.833984375,0.916015625,0.95924157
0.873046875,0.130859375,0.279296875,0.458984375,0.912109375,0.388671875,0.248046875,0.458984375,0.310546875,0.619140625,0.369140625,0.427734375,0.728515625,0.236328125,0.833984375,0.916015625,0.9630044
0.873046875,0.130859375,0.279296875,0.458984375,0.912109375,0.318359375,0.978515625,0.458984375,0.310546875,0.619140625,0.369140625,0.427734375,0.728515625,0.236328125,0.833984375,0.916015625,0.8556393
0.873046875,0.130859375,0.279296875,0.458984375,0.912109375,0.318359375,0.248046875,0.431640625,0.310546875,0.619140625,0.369140625,0.427734375,0.728515625,0.236328125,0.833984375,0.916015625,0.9629658
0.873046875,0.130859375,0.279296875,0.458984375,0.912109375,0.318359375,0.248046875,0.458984375,0.095703125,0.619140625,0.369140625,0.427734375,0.728515625,0.236328125,0.833984375,0.916015625,0.91573507
0.873046875,0.130859375,0.279296875,0.458984375,0.912109375,0.318359375,0.248046875,0.458984375,0.310546875,0.880859375,0.369140625,0.427734375,0.728515625,0.236328125,0.833984375,0.916015625,0.9630254
0.873046875,0.130859375,0.279296875,0.458984375,0.912109375,0.318359375,0.248046875,0.458984375,0.310546875,0.619140625,0.173828125,0.427734375,0.728515625,0.236328125,0.833984375,0.916015625,0.97845143
0.873046875,0.130859375,0.279296875,0.458984375,0.912109375,0.318359375,0.248046875,0.458984375,0.310546875,0.619140625,0.369140625,0.833984375,0.728515625,0.236328125,0.833984375,0.916015625,0.96696794
0.873046875,0.130859375,0.279296875,0.458984375,0.912109375,0.318359375,0.248046875,0.458984375,0.310546875,0.619140625,0.369140625,0.427734375,0.513671875,0.236328125,0.833984375,0.916015625,0.96269464
0.873046875,0.130859375,0.279296875,0.458984375,0.912109375,0.318359375,0.248046875,0.458984375,0.310546875,0.619140625,0.369140625,0.427734375,0.728515625,0.337890625,0.833984375,0.916015625,0.9808207
0.873046875,0.130859375,0.279296875,0.458984375,0.912109375,0.318359375,0.248046875,0.458984375,0.310546875,0.619140625,0.369140625,0.427734375,0.728515625,0.236328125,0.154296875,0.916015625,0.9879643
0.873046875,0.130859375,0.279296875,0.458984375,0.912109375,0.318359375,0.248046875,0.458984375,0.310546875,0.619140625,0.369140625,0.427734375,0.728515625,0.236328125,0.833984375,0.794921875,0.9630044
0.009765625,0.650390625,0.056640625,0.853515625,0.712890625,0.388671875,0.978515625,0.431640625,0.095703125,0.880859375,0.173828125,0.833984375,0.513671875,0.337890625,0.154296875,0.794921875,1.0363065
0.373046875,0.630859375,0.779296875,0.958984375,0.412109375,0.818359375,0.748046875,0.958984375,0.810546875,0.119140625,0.869140625,0.927734375,0.228515625,0.736328125,0.333984375,0.416015625,0.39004302
0.509765625,0.630859375,0.779296875,0.958984375,0.412109375,0.818359375,0.748046875,0.958984375,0.810546875,0.119140625,0.869140625,0.927734375,0.228515625,0.736328125,0.333984375,0.416015625,0.39004302
0.373046875,0.150390625,0.779296875,0.958984375,0.412109375,0.818359375,0.748046875,0.958984375,0.810546875,0.119140625,0.869140625,0.927734375,0.228515625,0.736328125,0.333984375,0.416015625,0.32557294
0.373046875,0.630859375,0.556640625,0.958984375,0.412109375,0.818359375,0.748046875,0.958984375,0.810546875,0.119140625,0.869140625,0.927734375,0.228515625,0.736328125,0.333984375,0.416015625,0.4082541
0.373046875,0.630859375,0.779296875,0.353515625,0.412109375,0.818359375,0.748046875,0.958984375,0.810546875,0.119140625,0.869140625,0.927734375,0.228515625,0.736328125,0.333984375,0.416015625,0.27065545
0.373046875,0.630859375,0.779296875,0.958984375,0.212890625,0.818359375,0.748046875,0.958984375,0.810546875,0.119140625,0.869140625,0.927734375,0.228515625,0.736328125,0.333984375,0.416015625,0.3878172
0.373046875,0.630859375,0.779296875,0.958984375,0.412109375,0.888671875,0.748046875,0.958984375,0.810546875,0.119140625,0.869140625,0.927734375,0.228515625,0.736328125,0.333984375,0.416015625,0.39004302
0.373046875,0.630859375,0.779296875,0.958984375,0.412109375,0.818359375,0.478515625,0.958984375,0.810546875,0.119140625,0.869140625,0.927734375,0.228515625,0.736328125,0.333984375,0.416015625,0.42799067
0.373046875,0.630859375,0.779296875,0.958984375,0.412109375,0.818359375,0.748046875,0.931640625,0.810546875,0.119140625,0.869140625,0.927734375,0.228515625,0.736328125,0.333984375,0.416015625,0.3900432
0.373046875,0.630859375,0.779296875,0.958984375,0.412109375,0.818359375,0.748046875,0.958984375,0.595703125,0.119140625,0.869140625,0.927734375,0.228515625,0.736328125,0.333984375,0.416015625,0.4035055
0.373046875,0.630859375,0.779296875,0.958984375,0.412109375,0.818359375,0.748046875,0.958984375,0.810546875,0.380859375,0.869140625,0.927734375,0.228515625,0.736328125,0.333984375,0.416015625,0.8341463
0.373046875,0.630859375,0.779296875,0.958984375,0.412109375,0.818359375,0.748046875,0.958984375,0.810546875,0.119140625,0.673828125,0.927734375,0.228515625,0.736328125,0.333984375,0.416015625,0.5728441
0.373046875,0.630859375,0.779296875,0.958984375,0.412109375,0.818359375,0.748046875,0.958984375,0.810546875,0.119140625,0.869140625,0.333984375,0.228515625,0.736328125,0.333984375,0.416015625,0.38364685
0.373046875,0.630859375,0.779296875,0.958984375,0.412109375,0.818359375,0.748046875,0.958984375,0.810546875,0.119140625,0.869140625,0.927734375,0.013671875,0.736328125,0.333984375,0.416015625,0.39004728
0.373046875,0.630859375,0.779296875,0.958984375,0.412109375,0.818359375,0.748046875,0.958984375,0.810546875,0.119140625,0.869140625,0.927734375,0.228515625,0.837890625,0.333984375,0.416015625,0.42167404
0.373046875,0.630859375,0.779296875,0.958984375,0.412109375,0.818359375,0.748046875,0.958984375,0.810546875,0.119140625,0.869140625,0.927734375,0.228515625,0.736328125,0.654296875,0.416015625,0.37843546
0.373046875,0.630859375,0.779296875,0.958984375,0.412109375,0.818359375,0.748046875,0.958984375,0.810546875,0.119140625,0.869140625,0.927734375,0.228515625,0.736328125,0.333984375,0.294921875,0.39004302
0.509765625,0.150390625,0.556640625,0.353515625,0.212890625,0.888671875,0.478515625,0.931640625,0.595703125,0.380859375,0.673828125,0.333984375,0.013671875,0.837890625,0.654296875,0.294921875,0.91411674
0.498046875,0.005859375,0.654296875,0.833984375,0.287109375,0.693359375,0.123046875,0.333984375,0.435546875,0.994140625,0.494140625,0.802734375,0.603515625,0.861328125,0.458984375,0.291015625,1.1731744
0.634765625,0.005859375,0.654296875,0.833984375,0.287109375,0.693359375,0.123046875,0.333984375,0.435546875,0.994140625,0.494140625,0.802734375,0.603515625,0.861328125,0.458984375,0.291015625,1.1731744
0.498046875,0.025390625,0.654296875,0.833984375,0.287109375,0.693359375,0.123046875,0.333984375,0.435546875,0.994140625,0.494140625,0.802734375,0.603515625,0.861328125,0.458984375,0.291015625,1.1745586
0.498046875,0.005859375,0.181640625,0.833984375,0.287109375,0.693359375,0.123046875,0.333984375,0.435546875,0.994140625,0.494140625,0.802734375,0.603515625,0.861328125,0.458984375,0.291015625,1.2013298
0.498046875,0.005859375,0.654296875,0.728515625,0.287109375,0.693359375,0.123046875,0.333984375,0.435546875,0.994140625,0.494140625,0.802734375,0.603515625,0.861328125,0.458984375,0.291015625,1.1463327
0.498046875,0.005859375,0.654296875,0.833984375,0.837890625,0.693359375,0.123046875,0.333984375,0.435546875,0.994140625,0.494140625,0.802734375,0.603515625,0.861328125,0.458984375,0.291015625,1.1813629
0.498046875,0.005859375,0.654296875,0.833984375,0.287109375,0.513671875,0.123046875,0.333984375,0.435546875,0.994140625,0.494140625,0.802734375,0.603515625,0.861328125,0.458984375,0.291015625,1.1731744
0.498046875,0.005859375,0.654296875,0.833984375,0.287109375,0.693359375,0.853515625,0.333984375,0.435546875,0.994140625,0.494140625,0.802734375,0.603515625,0.861328125,0.458984375,0.291015625,1.0881618
0.498046875,0.005859375,0.654296875,0.833984375,0.287109375,0.693359375,0.123046875,0.806640625,0.435546875,0.994140625,0.494140625,0.802734375,0.603515625,0.861328125,0.458984375,0.291015625,1.1731596
0.498046875,0.005859375,0.654296875,0.833984375,0.287109375,0.693359375,0.123046875,0.333984375,0.720703125,0.994140625,0.494140625,0.802734375,0.603515625,0.861328125,0.458984375,0.291015625,1.1114964
0.498046875,0.005859375,0.654296875,0.833984375,0.287109375,0.693359375,0.123046875,0.333984375,0.435546875,0.755859375,0.494140625,0.802734375,0.603515625,0.861328125,0.458984375,0.291015625,1.1731725
0.498046875,0.005859375,0.654296875,0.833984375,0.287109375,0.693359375,0.123046875,0.333984375,0.435546875,0.994140625,0.048828125,0.802734375,0.603515625,0.861328125,0.458984375,0.291015625,1.218652
0.498046875,0.005859375,0.654296875,0.833984375,0.287109375,0.693359375,0.123046875,0.333984375,0.435546875,0.994140625,0.494140625,0.708984375,0.603515625,0.861328125,0.458984375,0.291015625,1.1728065
0.498046875,0.005859375,0.654296875,0.833984375,0.287109375,0.693359375,0.123046875,0.333984375,0.435546875,0.994140625,0.494140625,0.802734375,0.888671875,0.861328125,0.458984375,0.291015625,1.1735023
0.498046875,0.005859375,0.654296875,0.833984375,0.287109375,0.693359375,0.123046875,0.333984375,0.435546875,0.994140625,0.494140625,0.802734375,0.603515625,0.712890625,0.458984375,0.291015625,1.1269279
0.498046875,0.005859375,0.654296875,0.833984375,0.287109375,0.693359375,0.123046875,0.333984375,0.435546875,0.994140625,0.494140625,0.802734375,0.603515625,0.861328125,0.029296875,0.291015625,1.1840364
0.498046875,0.005859375,0.654296875,0.833984375,0.287109375,0.693359375,0.123046875,0.333984375,0.435546875,0.994140625,0.494140625,0.802734375,0.603515625,0.861328125,0.458984375,0.669921875,1.1731744
0.634765625,0.025390625,0.181640625,0.728515625,0.837890625,0.513671875,0.853515625,0.806640625,0.720703125,0.755859375,0.048828125,0.708984375,0.888671875,0.712890625,0.029296875,0.669921875,1.0474066
0.998046875,0.505859375,0.154296875,0.333984375,0.787109375,0.193359375,0.623046875,0.833984375,0.935546875,0.494140625,0.994140625,0.302734375,0.103515625,0.361328125,0.958984375,0.791015625,0.55656695
0.134765625,0.505859375,0.154296875,0.333984375,0.787109375,0.193359375,0.623046875,0.833984375,0.935546875,0.494140625,0.994140625,0.302734375,0.103515625,0.361328125,0.958984375,0.791015625,0.55656695
0.998046875,0.525390625,0.154296875,0.333984375,0.787109375,0.193359375,0.623046875,0.833984375,0.935546875,0.494140625,0.994140625,0.302734375,0.103515625,0.361328125,0.958984375,0.791015625,0.5596494
0.998046875,0.505859375,0.681640625,0.333984375,0.787109375,0.193359375,0.623046875,0.833984375,0.935546875,0.494140625,0.994140625,0.302734375,0.103515625,0.361328125,0.958984375,0.791015625,0.52508336
0.998046875,0.505859375,0.154296875,0.228515625,0.787109375,0.193359375,0.623046875,0.833984375,0.935546875,0.494140625,0.994140625,0.302734375,0.103515625,0.361328125,0.958984375,0.791015625,0.5518335
0.998046875,0.505859375,0.154296875,0.333984375,0.337890625,0.193359375,0.623046875,0.833984375,0.935546875,0.494140625,0.994140625,0.302734375,0.103515625,0.361328125,0.958984375,0.791015625,0.5499038
0.998046875,0.505859375,0.154296875,0.333984375,0.787109375,0.013671875,0.623046875,0.833984375,0.935546875,0.494140625,0.994140625,0.302734375,0.103515625,0.361328125,0.958984375,0.791015625,0.55656695
0.998046875,0.505859375,0.154296875,0.333984375,0.787109375,0.193359375,0.353515625,0.833984375,0.935546875,0.494140625,0.994140625,0.302734375,0.103515625,0.361328125,0.958984375,0.791015625,0.5863962
0.998046875,0.505859375,0.154296875,0.333984375,0.787109375,0.193359375,0.623046875,0.306640625,0.935546875,0.494140625,0.994140625,0.302734375,0.103515625,0.361328125,0.958984375,0.791015625,0.55657685
0.998046875,0.505859375,0.154296875,0.333984375,0.787109375,0.193359375,0.623046875,0.833984375,0.220703125,0.494140625,0.994140625,0.302734375,0.103515625,0.361328125,0.958984375,0.791015625,0.5304338
0.998046875,0.505859375,0.154296875,0.333984375,0.787109375,0.193359375,0.623046875,0.833984375,0.935546875,0.255859375,0.994140625,0.302734375,0.103515625,0.361328125,0.958984375,0.791015625,0.5274837
0.998046875,0.505859375,0.154296875,0.333984375,0.787109375,0.193359375,0.623046875,0.833984375,0.935546875,0.494140625,0.548828125,0.302734375,0.103515625,0.361328125,0.958984375,0.791015625,0.92563
0.998046875,0.505859375,0.154296875,0.333984375,0.787109375,0.193359375,0.623046875,0.833984375,0.935546875,0.494140625,0.994140625,0.208984375,0.103515625,0.361328125,0.958984375,0.791015625,0.5531863
0.998046875,0.505859375,0.154296875,0.333984375,0.787109375,0.193359375,0.623046875,0.833984375,0.935546875,0.494140625,0.994140625,0.302734375,0.388671875,0.361328125,0.958984375,0.791015625,0.556545
0.998046875,0.505859375,0.154296875,0.333984375,0.787109375,0.193359375,0.623046875,0.833984375,0.935546875,0.494140625,0.994140625,0.302734375,0.103515625,0.212890625,0.958984375,0.791015625,0.5305141
0.998046875,0.505859375,0.154296875,0.333984375,0.787109375,0.193359375,0.623046875,0.833984375,0.935546875,0.494140625,0.994140625,0.302734375,0.103515625,0.361328125,0.529296875,0.791015625,0.5778107
0.998046875,0.505859375,0.154296875,0.333984375,0.787109375,0.193359375,0.623046875,0.833984375,0.935546875,0.494140625,0.994140625,0.302734375,0.103515625,0.361328125,0.958984375,0.169921875,0.55656695
0.134765625,0.525390625,0.681640625,0.228515625,0.337890625,0.013671875,0.353515625,0.306640625,0.220703125,0.255859375,0.548828125,0.208984375,0.388671875,0.212890625,0.529296875,0.169921875,0.85224324
0.748046875,0.255859375,0.904296875,0.583984375,0.537109375,0.443359375,0.373046875,0.583984375,0.685546875,0.244140625,0.744140625,0.052734375,0.853515625,0.611328125,0.708984375,0.041015625,0.7461441
0.384765625,0.255859375,0.904296875,0.583984375,0.537109375,0.443359375,0.373046875,0.583984375,0.685546875,0.244140625,0.744140625,0.052734375,0.853515625,0.611328125,0.708984375,0.041015625,0.7461441
0.748046875,0.275390625,0.904296875,0.583984375,0.537109375,0.443359375,0.373046875,0.583984375,0.685546875,0.244140625,0.744140625,0.052734375,0.853515625,0.611328125,0.708984375,0.041015625,0.7482936
0.748046875,0.255859375,0.931640625,0.583984375,0.537109375,0.443359375,0.373046875,0.583984375,0.685546875,0.244140625,0.744140625,0.052734375,0.853515625,0.611328125,0.708984375,0.041015625,0.7431914
0.748046875,0.255859375,0.904296875,0.978515625,0.537109375,0.443359375,0.373046875,0.583984375,0.685546875,0.244140625,0.744140625,0.052734375,0.853515625,0.611328125,0.708984375,0.041015625,0.8352267
0.748046875,0.255859375,0.904296875,0.583984375,0.587890625,0.443359375,0.373046875,0.583984375,0.685546875,0.244140625,0.744140625,0.052734375,0.853515625,0.611328125,0.708984375,0.041015625,0.74689394
0.748046875,0.255859375,0.904296875,0.583984375,0.537109375,0.263671875,0.373046875,0.583984375,0.685546875,0.244140625,0.744140625,0.052734375,0.853515625,0.611328125,0.708984375,0.041015625,0.7461441
0.748046875,0.255859375,0.904296875,0.583984375,0.537109375,0.443359375,0.603515625,0.583984375,0.685546875,0.244140625,0.744140625,0.052734375,0.853515625,0.611328125,0.708984375,0.041015625,0.72069377
0.748046875,0.255859375,0.904296875,0.583984375,0.537109375,0.443359375,0.373046875,0.556640625,0.685546875,0.244140625,0.744140625,0.052734375,0.853515625,0.611328125,0.708984375,0.041015625,0.7461683
0.748046875,0.255859375,0.904296875,0.583984375,0.537109375,0.443359375,0.373046875,0.583984375,0.970703125,0.244140625,0.744140625,0.052734375,0.853515625,0.611328125,0.708984375,0.041015625,0.7982672
0.748046875,0.255859375,0.904296875,0.583984375,0.537109375,0.443359375,0.373046875,0.583984375,0.685546875,0.005859375,0.744140625,0.052734375,0.853515625,0.611328125,0.708984375,0.041015625,-3.10555
0.748046875,0.255859375,0.904296875,0.583984375,0.537109375,0.443359375,0.373046875,0.583984375,0.685546875,0.244140625,0.298828125,0.052734375,0.853515625,0.611328125,0.708984375,0.041015625,0.93093544
0.748046875,0.255859375,0.904296875,0.583984375,0.537109375,0.443359375,0.373046875,0.583984375,0.685546875,0.244140625,0.744140625,0.458984375,0.853515625,0.611328125,0.708984375,0.041015625,0.76113755
0.748046875,0.255859375,0.904296875,0.583984375,0.537109375,0.443359375,0.373046875,0.583984375,0.685546875,0.244140625,0.744140625,0.052734375,0.638671875,0.611328125,0.708984375,0.041015625,0.74604243
0.748046875,0.255859375,0.904296875,0.583984375,0.537109375,0.443359375,0.373046875,0.583984375,0.685546875,0.244140625,0.744140625,0.052734375,0.853515625,0.462890625,0.708984375,0.041015625,0.7109546
0.748046875,0.255859375,0.904296875,0.583984375,0.537109375,0.443359375,0.373046875,0.583984375,0.685546875,0.244140625,0.744140625,0.052734375,0.853515625,0.611328125,0.279296875,0.041015625,0.76176274
0.748046875,0.255859375,0.904296875,0.583984375,0.537109375,0.443359375,0.373046875,0.583984375,0.685546875,0.244140625,0.744140625,0.052734375,0.853515625,0.611328125,0.708984375,0.919921875,0.7461441
0.384765625,0.275390625,0.931640625,0.978515625,0.587890625,0.263671875,0.603515625,0.556640625,0.970703125,0.005859375,0.298828125,0.458984375,0.638671875,0.462890625,0.279296875,0.919921875,-2.8097122
0.248046875,0.755859375,0.404296875,0.083984375,0.037109375,0.943359375,0.873046875,0.083984375,0.185546875,0.744140625,0.244140625,0.552734375,0.353515625,0.111328125,0.208984375,0.541015625,0.9160447
0.884765625,0.755859375,0.404296875,0.083984375,0.037109375,0.943359375,0.873046875,0.083984375,0.185546875,0.744140625,0.244140625,0.552734375,0.353515625,0.111328125,0.208984375,0.541015625,0.9160447
0.248046875,0.775390625,0.404296875,0.083984375,0.037109375,0.943359375,0.873046875,0.083984375,0.185546875,0.744140625,0.244140625,0.552734375,0.353515625,0.111328125,0.208984375,0.541015625,0.9202279
0.248046875,0.755859375,0.431640625,0.083984375,0.037109375,0.943359375,0.873046875,0.083984375,0.185546875,0.744140625,0.244140625,0.552734375,0.353515625,0.111328125,0.208984375,0.541015625,0.9144308
0.248046875,0.755859375,0.404296875,0.478515625,0.037109375,0.943359375,0.873046875,0.083984375,0.185546875,0.744140625,0.244140625,0.552734375,0.353515625,0.111328125,0.208984375,0.541015625,0.93799144
0.248046875,0.755859375,0.404296875,0.083984375,0.087890625,0.943359375,0.873046875,0.083984375,0.185546875,0.744140625,0.244140625,0.552734375,0.353515625,0.111328125,0.208984375,0.541015625,0.91645396
0.248046875,0.755859375,0.404296875,0.083984375,0.037109375,0.763671875,0.873046875,0.083984375,0.185546875,0.744140625,0.244140625,0.552734375,0.353515625,0.111328125,0.208984375,0.541015625,0.9160447
0.248046875,0.755859375,0.404296875,0.083984375,0.037109375,0.943359375,0.103515625,0.083984375,0.185546875,0.744140625,0.244140625,0.552734375,0.353515625,0.111328125,0.208984375,0.541015625,1.006162
0.248046875,0.755859375,0.404296875,0.083984375,0.037109375,0.943359375,0.873046875,0.056640625,0.185546875,0.744140625,0.244140625,0.552734375,0.353515625,0.111328125,0.208984375,0.541015625,0.9160444
0.248046875,0.755859375,0.404296875,0.083984375,0.037109375,0.943359375,0.873046875,0.083984375,0.470703125,0.744140625,0.244140625,0.552734375,0.353515625,0.111328125,0.208984375,0.541015625,0.9627476
0.248046875,0.755859375,0.404296875,0.083984375,0.037109375,0.943359375,0.873046875,0.083984375,0.185546875,0.505859375,0.244140625,0.552734375,0.353515625,0.111328125,0.208984375,0.541015625,0.91585016
0.248046875,0.755859375,0.404296875,0.083984375,0.037109375,0.943359375,0.873046875,0.083984375,0.185546875,0.744140625,0.798828125,0.552734375,0.353515625,0.111328125,0.208984375,0.541015625,0.6744883
0.248046875,0.755859375,0.404296875,0.083984375,0.037109375,0.943359375,0.873046875,0.083984375,0.185546875,0.744140625,0.244140625,0.958984375,0.353515625,0.111328125,0.208984375,0.541015625,0.9179829
0.248046875,0.755859375,0.404296875,0.083984375,0.037109375,0.943359375,0.873046875,0.083984375,0.185546875,0.744140625,0.244140625,0.552734375,0.138671875,0.111328125,0.208984375,0.541015625,0.916058
0.248046875,0.755859375,0.404296875,0.083984375,0.037109375,0.943359375,0.873046875,0.083984375,0.185546875,0.744140625,0.244140625,0.552734375,0.353515625,0.962890625,0.208984375,0.541015625,1.1230851
0.248046875,0.755859375,0.404296875,0.083984375,0.037109375,0.943359375,0.873046875,0.083984375,0.185546875,0.744140625,0.244140625,0.552734375,0.353515625,0.111328125,0.779296875,0.541015625,0.89520645
0.248046875,0.755859375,0.404296875,0.083984375,0.037109375,0.943359375,0.873046875,0.083984375,0.185546875,0.744140625,0.244140625,0.552734375,0.353515625,0.111328125,0.208984375,0.419921875,0.9160447
0.884765625,0.775390625,0.431640625,0.478515625,0.087890625,0.763671875,0.103515625,0.056640625,0.470703125,0.505859375,0.798828125,0.958984375,0.138671875,0.962890625,0.779296875,0.419921875,1.0241926
0.185546875,0.193359375,0.966796875,0.271484375,0.724609375,0.755859375,0.060546875,0.271484375,0.498046875,0.056640625,0.181640625,0.740234375,0.041015625,0.548828125,0.771484375,0.353515625,-0.5166408
0.072265625,0.193359375,0.966796875,0.271484375,0.724609375,0.755859375,0.060546875,0.271484375,0.498046875,0.056640625,0.181640625,0.740234375,0.041015625,0.548828125,0.771484375,0.353515625,-0.5166408
0.185546875,0.212890625,0.966796875,0.271484375,0.724609375,0.755859375,0.060546875,0.271484375,0.498046875,0.056640625,0.181640625,0.740234375,0.041015625,0.548828125,0.771484375,0.353515625,-0.5146984
0.185546875,0.193359375,0.244140625,0.271484375,0.724609375,0.755859375,0.060546875,0.271484375,0.498046875,0.056640625,0.181640625,0.740234375,0.041015625,0.548828125,0.771484375,0.353515625,-0.4610392
0.185546875,0.193359375,0.966796875,0.791015625,0.724609375,0.755859375,0.060546875,0.271484375,0.498046875,0.056640625,0.181640625,0.740234375,0.041015625,0.548828125,0.771484375,0.353515625,-0.42515832
0.185546875,0.193359375,0.966796875,0.271484375,0.775390625,0.755859375,0.060546875,0.271484375,0.498046875,0.056640625,0.181640625,0.740234375,0.041015625,0.548828125,0.771484375,0.353515625,-0.5157368
0.185546875,0.193359375,0.966796875,0.271484375,0.724609375,0.076171875,0.060546875,0.271484375,0.498046875,0.056640625,0.181640625,0.740234375,0.041015625,0.548828125,0.771484375,0.353515625,-0.5166408
0.185546875,0.193359375,0.966796875,0.271484375,0.724609375,0.755859375,0.541015625,0.271484375,0.498046875,0.056640625,0.181640625,0.740234375,0.041015625,0.548828125,0.771484375,0.353515625,-0.5530562
0.185546875,0.193359375,0.966796875,0.271484375,0.724609375,0.755859375,0.060546875,0.869140625,0.498046875,0.056640625,0.181640625,0.740234375,0.041015625,0.548828125,0.771484375,0.353515625,-0.51664716
0.185546875,0.193359375,0.966796875,0.271484375,0.724609375,0.755859375,0.060546875,0.271484375,0.158203125,0.056640625,0.181640625,0.740234375,0.041015625,0.548828125,0.771484375,0.353515625,-0.5634504
0.185546875,0.193359375,0.966796875,0.271484375,0.724609375,0.755859375,0.060546875,0.271484375,0.498046875,0.193359375,0.181640625,0.740234375,0.041015625,0.548828125,0.771484375,0.353515625,0.893216
0.185546875,0.193359375,0.966796875,0.271484375,0.724609375,0.755859375,0.060546875,0.271484375,0.498046875,0.056640625,0.986328125,0.740234375,0.041015625,0.548828125,0.771484375,0.353515625,-0.9412204
0.185546875,0.193359375,0.966796875,0.271484375,0.724609375,0.755859375,0.060546875,0.271484375,0.498046875,0.056640625,0.181640625,0.146484375,0.041015625,0.548828125,0.771484375,0.353515625,-0.52973974
0.185546875,0.193359375,0.966796875,0.271484375,0.724609375,0.755859375,0.060546875,0.271484375,0.498046875,0.056640625,0.181640625,0.740234375,0.451171875,0.548828125,0.771484375,0.353515625,-0.5167023
0.185546875,0.193359375,0.966796875,0.271484375,0.724609375,0.755859375,0.060546875,0.271484375,0.498046875,0.056640625,0.181640625,0.740234375,0.041015625,0.400390625,0.771484375,0.353515625,-0.54937327
0.185546875,0.193359375,0.966796875,0.271484375,0.724609375,0.755859375,0.060546875,0.271484375,0.498046875,0.056640625,0.181640625,0.740234375,0.041015625,0.548828125,0.091796875,0.353515625,-0.49369073
0.185546875,0.193359375,0.966796875,0.271484375,0.724609375,0.755859375,0.060546875,0.271484375,0.498046875,0.056640625,0.181640625,0.740234375,0.041015625,0.548828125,0.771484375,0.357421875,-0.5166408
0.072265625,0.212890625,0.244140625,0.791015625,0.775390625,0.076171875,0.541015625,0.869140625,0.158203125,0.193359375,0.986328125,0.146484375,0.451171875,0.400390625,0.091796875,0.357421875,0.51239264
0.685546875,0.693359375,0.466796875,0.771484375,0.224609375,0.255859375,0.560546875,0.771484375,0.998046875,0.556640625,0.681640625,0.240234375,0.541015625,0.048828125,0.271484375,0.853515625,0.9396574
0.572265625,0.693359375,0.466796875,0.771484375,0.224609375,0.255859375,0.560546875,0.771484375,0.998046875,0.556640625,0.681640625,0.240234375,0.541015625,0.048828125,0.271484375,0.853515625,0.9396574
0.685546875,0.712890625,0.466796875,0.771484375,0.224609375,0.255859375,0.560546875,0.771484375,0.998046875,0.556640625,0.681640625,0.240234375,0.541015625,0.048828125,0.271484375,0.853515625,0.9435497
0.685546875,0.693359375,0.744140625,0.771484375,0.224609375,0.255859375,0.560546875,0.771484375,0.998046875,0.556640625,0.681640625,0.240234375,0.541015625,0.048828125,0.271484375,0.853515625,0.9186205
0.685546875,0.693359375,0.466796875,0.291015625,0.224609375,0.255859375,0.560546875,0.771484375,0.998046875,0.556640625,0.681640625,0.240234375,0.541015625,0.048828125,0.271484375,0.853515625,0.85405403
0.685546875,0.693359375,0.466796875,0.771484375,0.275390625,0.255859375,0.560546875,0.771484375,0.998046875,0.556640625,0.681640625,0.240234375,0.541015625,0.048828125,0.271484375,0.853515625,0.9401824
0.685546875,0.693359375,0.466796875,0.771484375,0.224609375,0.576171875,0.560546875,0.771484375,0.998046875,0.556640625,0.681640625,0.240234375,0.541015625,0.048828125,0.271484375,0.853515625,0.9396574
0.685546875,0.693359375,0.466796875,0.771484375,0.224609375,0.255859375,0.041015625,0.771484375,0.998046875,0.556640625,0.681640625,0.240234375,0.541015625,0.048828125,0.271484375,0.853515625,0.97925323
0.685546875,0.693359375,0.466796875,0.771484375,0.224609375,0.255859375,0.560546875,0.369140625,0.998046875,0.556640625,0.681640625,0.240234375,0.541015625,0.048828125,0.271484375,0.853515625,0.9396853
0.685546875,0.693359375,0.466796875,0.771484375,0.224609375,0.255859375,0.560546875,0.771484375,0.658203125,0.556640625,0.681640625,0.240234375,0.541015625,0.048828125,0.271484375,0.853515625,0.88741535
0.685546875,0.693359375,0.466796875,0.771484375,0.224609375,0.255859375,0.560546875,0.771484375,0.998046875,0.693359375,0.681640625,0.240234375,0.541015625,0.048828125,0.271484375,0.853515625,0.93972415
0.685546875,0.693359375,0.466796875,0.771484375,0.224609375,0.255859375,0.560546875,0.771484375,0.998046875,0.556640625,0.486328125,0.240234375,0.541015625,0.048828125,0.271484375,0.853515625,1.0393418
0.685546875,0.693359375,0.466796875,0.771484375,0.224609375,0.255859375,0.560546875,0.771484375,0.998046875,0.556640625,0.681640625,0.646484375,0.541015625,0.048828125,0.271484375,0.853515625,0.94820696
0.685546875,0.693359375,0.466796875,0.771484375,0.224609375,0.255859375,0.560546875,0.771484375,0.998046875,0.556640625,0.681640625,0.240234375,0.951171875,0.048828125,0.271484375,0.853515625,0.93998724
0.685546875,0.693359375,0.466796875,0.771484375,0.224609375,0.255859375,0.560546875,0.771484375,0.998046875,0.556640625,0.681640625,0.240234375,0.541015625,0.900390625,0.271484375,0.853515625,1.132479
0.685546875,0.693359375,0.466796875,0.771484375,0.224609375,0.255859375,0.560546875,0.771484375,0.998046875,0.556640625,0.681640625,0.240234375,0.541015625,0.048828125,0.591796875,0.853515625,0.9289969
0.685546875,0.693359375,0.466796875,0.771484375,0.224609375,0.255859375,0.560546875,0.771484375,0.998046875,0.556640625,0.681640625,0.240234375,0.541015625,0.048828125,0.271484375,0.857421875,0.9396574
0.572265625,0.712890625,0.744140625,0.291015625,0.275390625,0.576171875,0.041015625,0.369140625,0.658203125,0.693359375,0.486328125,0.646484375,0.951171875,0.900390625,0.591796875,0.857421875,1.1156079
0.935546875,0.443359375,0.716796875,0.021484375,0.474609375,0.005859375,0.310546875,0.521484375,0.748046875,0.806640625,0.931640625,0.490234375,0.291015625,0.798828125,0.021484375,0.103515625,0.6898459
0.822265625,0.443359375,0.716796875,0.021484375,0.474609375,0.005859375,0.310546875,0.521484375,0.748046875,0.806640625,0.931640625,0.490234375,0.291015625,0.798828125,0.021484375,0.103515625,0.6898459
0.935546875,0.462890625,0.716796875,0.021484375,0.474609375,0.005859375,0.310546875,0.521484375,0.748046875,0.806640625,0.931640625,0.490234375,0.291015625,0.798828125,0.021484375,0.103515625,0.6926794
0.935546875,0.443359375,0.994140625,0.021484375,0.474609375,0.005859375,0.310546875,0.521484375,0.748046875,0.806640625,0.931640625,0.490234375,0.291015625,0.798828125,0.021484375,0.103515625,0.6617648
0.935546875,0.443359375,0.716796875,0.541015625,0.474609375,0.005859375,0.310546875,0.521484375,0.748046875,0.806640625,0.931640625,0.490234375,0.291015625,0.798828125,0.021484375,0.103515625,0.72292405
0.935546875,0.443359375,0.716796875,0.021484375,0.525390625,0.005859375,0.310546875,0.521484375,0.748046875,0.806640625,0.931640625,0.490234375,0.291015625,0.798828125,0.021484375,0.103515625,0.6905476
0.935546875,0.443359375,0.716796875,0.021484375,0.474609375,0.826171875,0.310546875,0.521484375,0.748046875,0.806640625,0.931640625,0.490234375,0.291015625,0.798828125,0.021484375,0.103515625,0.6898459
0.935546875,0.443359375,0.716796875,0.021484375,0.474609375,0.005859375,0.791015625,0.521484375,0.748046875,0.806640625,0.931640625,0.490234375,0.291015625,0.798828125,0.021484375,0.103515625,0.6287456
0.935546875,0.443359375,0.716796875,0.021484375,0.474609375,0.005859375,0.310546875,0.619140625,0.748046875,0.806640625,0.931640625,0.490234375,0.291015625,0.798828125,0.021484375,0.103515625,0.6896924
0.935546875,0.443359375,0.716796875,0.021484375,0.474609375,0.005859375,0.310546875,0.521484375,0.408203125,0.806640625,0.931640625,0.490234375,0.291015625,0.798828125,0.021484375,0.103515625,0.7516648
0.935546875,0.443359375,0.716796875,0.021484375,0.474609375,0.005859375,0.310546875,0.521484375,0.748046875,0.943359375,0.931640625,0.490234375,0.291015625,0.798828125,0.021484375,0.103515625,0.6898459
0.935546875,0.443359375,0.716796875,0.021484375,0.474609375,0.005859375,0.310546875,0.521484375,0.748046875,0.806640625,0.736328125,0.490234375,0.291015625,0.798828125,0.021484375,0.103515625,0.88223386
0.935546875,0.443359375,0.716796875,0.021484375,0.474609375,0.005859375,0.310546875,0.521484375,0.748046875,0.806640625,0.931640625,0.896484375,0.291015625,0.798828125,0.021484375,0.103515625,0.69269353
0.935546875,0.443359375,0.716796875,0.021484375,0.474609375,0.005859375,0.310546875,0.521484375,0.748046875,0.806640625,0.931640625,0.490234375,0.201171875,0.798828125,0.021484375,0.103515625,0.68985045
0.935546875,0.443359375,0.716796875,0.021484375,0.474609375,0.005859375,0.310546875,0.521484375,0.748046875,0.806640625,0.931640625,0.490234375,0.291015625,0.650390625,0.021484375,0.103515625,0.64655375
0.935546875,0.443359375,0.716796875,0.021484375,0.474609375,0.005859375,0.310546875,0.521484375,0.748046875,0.806640625,0.931640625,0.490234375,0.291015625,0.798828125,0.341796875,0.103515625,0.68256944
0.935546875,0.443359375,0.716796875,0.021484375,0.474609375,0.005859375,0.310546875,0.521484375,0.748046875,0.806640625,0.931640625,0.490234375,0.291015625,0.798828125,0.021484375,0.107421875,0.6898459
0.822265625,0.462890625,0.994140625,0.541015625,0.525390625,0.826171875,0.791015625,0.619140625,0.408203125,0.943359375,0.736328125,0.896484375,0.201171875,0.650390625,0.341796875,0.107421875,0.84361464
0.435546875,0.943359375,0.216796875,0.521484375,0.974609375,0.505859375,0.810546875,0.021484375,0.248046875,0.306640625,0.431640625,0.990234375,0.791015625,0.298828125,0.521484375,0.603515625,1.0311676
0.322265625,0.943359375,0.216796875,0.521484375,0.974609375,0.505859375,0.810546875,0.021484375,0.248046875,0.306640625,0.431640625,0.990234375,0.791015625,0.298828125,0.521484375,0.603515625,1.0311676
0.435546875,0.962890625,0.216796875,0.521484375,0.974609375,0.505859375,0.810546875,0.021484375,0.248046875,0.306640625,0.431640625,0.990234375,0.791015625,0.298828125,0.521484375,0.603515625,1.0362865
0.435546875,0.943359375,0.494140625,0.521484375,0.974609375,0.505859375,0.810546875,0.021484375,0.248046875,0.306640625,0.431640625,0.990234375,0.791015625,0.298828125,0.521484375,0.603515625,1.0161574
0.435546875,0.943359375,0.216796875,0.041015625,0.974609375,0.505859375,0.810546875,0.021484375,0.248046875,0.306640625,0.431640625,0.990234375,0.791015625,0.298828125,0.521484375,0.603515625,1.0018663
0.435546875,0.943359375,0.216796875,0.521484375,0.025390625,0.505859375,0.810546875,0.021484375,0.248046875,0.306640625,0.431640625,0.990234375,0.791015625,0.298828125,0.521484375,0.603515625,1.0177656
0.435546875,0.943359375,0.216796875,0.521484375,0.974609375,0.326171875,0.810546875,0.021484375,0.248046875,0.306640625,0.431640625,0.990234375,0.791015625,0.298828125,0.521484375,0.603515625,1.0311676
0.435546875,0.943359375,0.216796875,0.521484375,0.974609375,0.505859375,0.291015625,0.021484375,0.248046875,0.306640625,0.431640625,0.990234375,0.791015625,0.298828125,0.521484375,0.603515625,1.0974975
0.435546875,0.943359375,0.216796875,0.521484375,0.974609375,0.505859375,0.810546875,0.119140625,0.248046875,0.306640625,0.431640625,0.990234375,0.791015625,0.298828125,0.521484375,0.603515625,1.0311687
0.435546875,0.943359375,0.216796875,0.521484375,0.974609375,0.505859375,0.810546875,0.021484375,0.908203125,0.306640625,0.431640625,0.990234375,0.791015625,0.298828125,0.521484375,0.603515625,1.0410484
0.435546875,0.943359375,0.216796875,0.521484375,0.974609375,0.505859375,0.810546875,0.021484375,0.248046875,0.443359375,0.431640625,0.990234375,0.791015625,0.298828125,0.521484375,0.603515625,1.0411049
0.435546875,0.943359375,0.216796875,0.521484375,0.974609375,0.505859375,0.810546875,0.021484375,0.248046875,0.306640625,0.236328125,0.990234375,0.791015625,0.298828125,0.521484375,0.603515625,1.0544978
0.435546875,0.943359375,0.216796875,0.521484375,0.974609375,0.505859375,0.810546875,0.021484375,0.248046875,0.306640625,0.431640625,0.396484375,0.791015625,0.298828125,0.521484375,0.603515625,1.0264024
0.435546875,0.943359375,0.216796875,0.521484375,0.974609375,0.505859375,0.810546875,0.021484375,0.248046875,0.306640625,0.431640625,0.990234375,0.701171875,0.298828125,0.521484375,0.603515625,1.0311458
0.435546875,0.943359375,0.216796875,0.521484375,0.974609375,0.505859375,0.810546875,0.021484375,0.248046875,0.306640625,0.431640625,0.990234375,0.791015625,0.150390625,0.521484375,0.603515625,1.0071205
0.435546875,0.943359375,0.216796875,0.521484375,0.974609375,0.505859375,0.810546875,0.021484375,0.248046875,0.306640625,0.431640625,0.990234375,0.791015625,0.298828125,0.841796875,0.603515625,1.0164758
0.435546875,0.943359375,0.216796875,0.521484375,0.974609375,0.505859375,0.810546875,0.021484375,0.248046875,0.306640625,0.431640625,0.990234375,0.791015625,0.298828125,0.521484375,0.607421875,1.0311676
0.322265625,0.962890625,0.494140625,0.041015625,0.025390625,0.326171875,0.291015625,0.119140625,0.908203125,0.443359375,0.236328125,0.396484375,0.701171875,0.150390625,0.841796875,0.607421875,1.0445255
0.310546875,0.318359375,0.341796875,0.646484375,0.849609375,0.880859375,0.435546875,0.646484375,0.623046875,0.681640625,0.806640625,0.865234375,0.416015625,0.173828125,0.646484375,0.728515625,0.7345224
0.447265625,0.318359375,0.341796875,0.646484375,0.849609375,0.880859375,0.435546875,0.646484375,0.623046875,0.681640625,0.806640625,0.865234375,0.416015625,0.173828125,0.646484375,0.728515625,0.7345224
0.310546875,0.837890625,0.341796875,0.646484375,0.849609375,0.880859375,0.435546875,0.646484375,0.623046875,0.681640625,0.806640625,0.865234375,0.416015625,0.173828125,0.646484375,0.728515625,0.8242184
0.310546875,0.318359375,0.869140625,0.646484375,0.849609375,0.880859375,0.435546875,0.646484375,0.623046875,0.681640625,0.806640625,0.865234375,0.416015625,0.173828125,0.646484375,0.728515625,0.69426316
0.310546875,0.318359375,0.341796875,0.916015625,0.849609375,0.880859375,0.435546875,0.646484375,0.623046875,0.681640625,0.806640625,0.865234375,0.416015625,0.173828125,0.646484375,0.728515625,0.79958344
0.310546875,0.318359375,0.341796875,0.646484375,0.900390625,0.880859375,0.435546875,0.646484375,0.623046875,0.681640625,0.806640625,0.865234375,0.416015625,0.173828125,0.646484375,0.728515625,0.73553705
0.310546875,0.318359375,0.341796875,0.646484375,0.849609375,0.201171875,0.435546875,0.646484375,0.623046875,0.681640625,0.806640625,0.865234375,0.416015625,0.173828125,0.646484375,0.728515625,0.7345224
0.310546875,0.318359375,0.341796875,0.646484375,0.849609375,0.880859375,0.916015625,0.646484375,0.623046875,0.681640625,0.806640625,0.865234375,0.416015625,0.173828125,0.646484375,0.728515625,0.6576847
0.310546875,0.318359375,0.341796875,0.646484375,0.849609375,0.880859375,0.435546875,0.244140625,0.623046875,0.681640625,0.806640625,0.865234375,0.416015625,0.173828125,0.646484375,0.728515625,0.73451674
0.310546875,0.318359375,0.341796875,0.646484375,0.849609375,0.880859375,0.435546875,0.646484375,0.783203125,0.681640625,0.806640625,0.865234375,0.416015625,0.173828125,0.646484375,0.728515625,0.72353
0.310546875,0.318359375,0.341796875,0.646484375,0.849609375,0.880859375,0.435546875,0.646484375,0.623046875,0.818359375,0.806640625,0.865234375,0.416015625,0.173828125,0.646484375,0.728515625,0.7345281
0.310546875,0.318359375,0.341796875,0.646484375,0.849609375,0.880859375,0.435546875,0.646484375,0.623046875,0.681640625,0.611328125,0.865234375,0.416015625,0.173828125,0.646484375,0.728515625,0.8946344
0.310546875,0.318359375,0.341796875,0.646484375,0.849609375,0.880859375,0.435546875,0.646484375,0.623046875,0.681640625,0.806640625,0.521484375,0.416015625,0.173828125,0.646484375,0.728515625,0.7322002
0.310546875,0.318359375,0.341796875,0.646484375,0.849609375,0.880859375,0.435546875,0.646484375,0.623046875,0.681640625,0.806640625,0.865234375,0.326171875,0.173828125,0.646484375,0.728515625,0.7345451
0.310546875,0.318359375,0.341796875,0.646484375,0.849609375,0.880859375,0.435546875,0.646484375,0.623046875,0.681640625,0.806640625,0.865234375,0.416015625,0.275390625,0.646484375,0.728515625,0.75096667
0.310546875,0.318359375,0.341796875,0.646484375,0.849609375,0.880859375,0.435546875,0.646484375,0.623046875,0.681640625,0.806640625,0.865234375,0.416015625,0.173828125,0.466796875,0.728515625,0.74157095
0.310546875,0.318359375,0.341796875,0.646484375,0.849609375,0.880859375,0.435546875,0.646484375,0.623046875,0.681640625,0.806640625,0.865234375,0.416015625,0.173828125,0.646484375,0.482421875,0.7345224
0.447265625,0.837890625,0.869140625,0.916015625,0.900390625,0.201171875,0.916015625,0.244140625,0.783203125,0.818359375,0.611328125,0.521484375,0.326171875,0.275390625,0.466796875,0.482421875,0.9435103
0.810546875,0.818359375,0.841796875,0.146484375,0.349609375,0.380859375,0.935546875,0.146484375,0.123046875,0.181640625,0.306640625,0.365234375,0.916015625,0.673828125,0.146484375,0.228515625,0.85304487
0.947265625,0.818359375,0.841796875,0.146484375,0.349609375,0.380859375,0.935546875,0.146484375,0.123046875,0.181640625,0.306640625,0.365234375,0.916015625,0.673828125,0.146484375,0.228515625,0.85304487
0.810546875,0.337890625,0.841796875,0.146484375,0.349609375,0.380859375,0.935546875,0.146484375,0.123046875,0.181640625,0.306640625,0.365234375,0.916015625,0.673828125,0.146484375,0.228515625,0.7702003
0.810546875,0.818359375,0.369140625,0.146484375,0.349609375,0.380859375,0.935546875,0.146484375,0.123046875,0.181640625,0.306640625,0.365234375,0.916015625,0.673828125,0.146484375,0.228515625,0.8890658
0.810546875,0.818359375,0.841796875,0.416015625,0.349609375,0.380859375,0.935546875,0.146484375,0.123046875,0.181640625,0.306640625,0.365234375,0.916015625,0.673828125,0.146484375,0.228515625,0.8663868
0.810546875,0.818359375,0.841796875,0.146484375,0.400390625,0.380859375,0.935546875,0.146484375,0.123046875,0.181640625,0.306640625,0.365234375,0.916015625,0.673828125,0.146484375,0.228515625,0.853655
0.810546875,0.818359375,0.841796875,0.146484375,0.349609375,0.701171875,0.935546875,0.146484375,0.123046875,0.181640625,0.306640625,0.365234375,0.916015625,0.673828125,0.146484375,0.228515625,0.85304487
0.810546875,0.818359375,0.841796875,0.146484375,0.349609375,0.380859375,0.416015625,0.146484375,0.123046875,0.181640625,0.306640625,0.365234375,0.916015625,0.673828125,0.146484375,0.228515625,0.9364126
0.810546875,0.818359375,0.841796875,0.146484375,0.349609375,0.380859375,0.935546875,0.744140625,0.123046875,0.181640625,0.306640625,0.365234375,0.916015625,0.673828125,0.146484375,0.228515625,0.85304654
0.810546875,0.818359375,0.841796875,0.146484375,0.349609375,0.380859375,0.935546875,0.146484375,0.283203125,0.181640625,0.306640625,0.365234375,0.916015625,0.673828125,0.146484375,0.228515625,0.89164126
0.810546875,0.818359375,0.841796875,0.146484375,0.349609375,0.380859375,0.935546875,0.146484375,0.123046875,0.318359375,0.306640625,0.365234375,0.916015625,0.673828125,0.146484375,0.228515625,0.9736999
0.810546875,0.818359375,0.841796875,0.146484375,0.349609375,0.380859375,0.935546875,0.146484375,0.123046875,0.181640625,0.111328125,0.365234375,0.916015625,0.673828125,0.146484375,0.228515625,0.86318624
0.810546875,0.818359375,0.841796875,0.146484375,0.349609375,0.380859375,0.935546875,0.146484375,0.123046875,0.181640625,0.306640625,0.021484375,0.916015625,0.673828125,0.146484375,0.228515625,0.83827865
0.810546875,0.818359375,0.841796875,0.146484375,0.349609375,0.380859375,0.935546875,0.146484375,0.123046875,0.181640625,0.306640625,0.365234375,0.826171875,0.673828125,0.146484375,0.228515625,0.85304046
0.810546875,0.818359375,0.841796875,0.146484375,0.349609375,0.380859375,0.935546875,0.146484375,0.123046875,0.181640625,0.306640625,0.365234375,0.916015625,0.775390625,0.146484375,0.228515625,0.88265485
0.810546875,0.818359375,0.841796875,0.146484375,0.349609375,0.380859375,0.935546875,0.146484375,0.123046875,0.181640625,0.306640625,0.365234375,0.916015625,0.673828125,0.966796875,0.228515625,0.8201585
0.810546875,0.818359375,0.841796875,0.146484375,0.349609375,0.380859375,0.935546875,0.146484375,0.123046875,0.181640625,0.306640625,0.365234375,0.916015625,0.673828125,0.146484375,0.982421875,0.85304487
0.947265625,0.337890625,0.369140625,0.416015625,0.400390625,0.701171875,0.416015625,0.744140625,0.283203125,0.318359375,0.111328125,0.021484375,0.826171875,0.775390625,0.966796875,0.982421875,1.0548886
0.560546875,0.068359375,0.091796875,0.896484375,0.099609375,0.130859375,0.185546875,0.396484375,0.373046875,0.431640625,0.056640625,0.115234375,0.166015625,0.423828125,0.396484375,0.978515625,1.1297587
0.697265625,0.068359375,0.091796875,0.896484375,0.099609375,0.130859375,0.185546875,0.396484375,0.373046875,0.431640625,0.056640625,0.115234375,0.166015625,0.423828125,0.396484375,0.978515625,1.1297587
0.560546875,0.587890625,0.091796875,0.896484375,0.099609375,0.130859375,0.185546875,0.396484375,0.373046875,0.431640625,0.056640625,0.115234375,0.166015625,0.423828125,0.396484375,0.978515625,1.1935213
0.560546875,0.068359375,0.119140625,0.896484375,0.099609375,0.130859375,0.185546875,0.396484375,0.373046875,0.431640625,0.056640625,0.115234375,0.166015625,0.423828125,0.396484375,0.978515625,1.1287776
0.560546875,0.068359375,0.091796875,0.666015625,0.099609375,0.130859375,0.185546875,0.396484375,0.373046875,0.431640625,0.056640625,0.115234375,0.166015625,0.423828125,0.396484375,0.978515625,1.0732027
0.560546875,0.068359375,0.091796875,0.896484375,0.650390625,0.130859375,0.185546875,0.396484375,0.373046875,0.431640625,0.056640625,0.115234375,0.166015625,0.423828125,0.396484375,0.978515625,1.1364317
0.560546875,0.068359375,0.091796875,0.896484375,0.099609375,0.951171875,0.185546875,0.396484375,0.373046875,0.431640625,0.056640625,0.115234375,0.166015625,0.423828125,0.396484375,0.978515625,1.1297587
0.560546875,0.068359375,0.091796875,0.896484375,0.099609375,0.130859375,0.666015625,0.396484375,0.373046875,0.431640625,0.056640625,0.115234375,0.166015625,0.423828125,0.396484375,0.978515625,1.08207
0.560546875,0.068359375,0.091796875,0.896484375,0.099609375,0.130859375,0.185546875,0.494140625,0.373046875,0.431640625,0.056640625,0.115234375,0.166015625,0.423828125,0.396484375,0.978515625,1.1299275
0.560546875,0.068359375,0.091796875,0.896484375,0.099609375,0.130859375,0.185546875,0.396484375,0.533203125,0.431640625,0.056640625,0.115234375,0.166015625,0.423828125,0.396484375,0.978515625,1.1125308
0.560546875,0.068359375,0.091796875,0.896484375,0.099609375,0.130859375,0.185546875,0.396484375,0.373046875,0.068359375,0.056640625,0.115234375,0.166015625,0.423828125,0.396484375,0.978515625,-0.07601386
0.560546875,0.068359375,0.091796875,0.896484375,0.099609375,0.130859375,0.185546875,0.396484375,0.373046875,0.431640625,0.861328125,0.115234375,0.166015625,0.423828125,0.396484375,0.978515625,0.81808114
0.560546875,0.068359375,0.091796875,0.896484375,0.099609375,0.130859375,0.185546875,0.396484375,0.373046875,0.431640625,0.056640625,0.271484375,0.166015625,0.423828125,0.396484375,0.978515625,1.1363912
0.560546875,0.068359375,0.091796875,0.896484375,0.099609375,0.130859375,0.185546875,0.396484375,0.373046875,0.431640625,0.056640625,0.115234375,0.076171875,0.423828125,0.396484375,0.978515625,1.1297603
0.560546875,0.068359375,0.091796875,0.896484375,0.099609375,0.130859375,0.185546875,0.396484375,0.373046875,0.431640625,0.056640625,0.115234375,0.166015625,0.525390625,0.396484375,0.978515625,1.1521446
0.560546875,0.068359375,0.091796875,0.896484375,0.099609375,0.130859375,0.185546875,0.396484375,0.373046875,0.431640625,0.056640625,0.115234375,0.166015625,0.423828125,0.216796875,0.978515625,1.1347274
0.560546875,0.068359375,0.091796875,0.896484375,0.099609375,0.130859375,0.185546875,0.396484375,0.373046875,0.431640625,0.056640625,0.115234375,0.166015625,0.423828125,0.396484375,0.232421875,1.1297586
0.697265625,0.587890625,0.119140625,0.666015625,0.650390625,0.951171875,0.666015625,0.494140625,0.533203125,0.068359375,0.861328125,0.271484375,0.076171875,0.525390625,0.216796875,0.232421875,-0.4055516
0.060546875,0.568359375,0.591796875,0.396484375,0.599609375,0.630859375,0.685546875,0.896484375,0.873046875,0.931640625,0.556640625,0.615234375,0.666015625,0.923828125,0.896484375,0.478515625,1.0430146
0.197265625,0.568359375,0.591796875,0.396484375,0.599609375,0.630859375,0.685546875,0.896484375,0.873046875,0.931640625,0.556640625,0.615234375,0.666015625,0.923828125,0.896484375,0.478515625,1.0430146
0.060546875,0.087890625,0.591796875,0.396484375,0.599609375,0.630859375,0.685546875,0.896484375,0.873046875,0.931640625,0.556640625,0.615234375,0.666015625,0.923828125,0.896484375,0.478515625,0.98415357
0.060546875,0.568359375,0.619140625,0.396484375,0.599609375,0.630859375,0.685546875,0.896484375,0.873046875,0.931640625,0.556640625,0.615234375,0.666015625,0.923828125,0.896484375,0.478515625,1.0409456
0.060546875,0.568359375,0.591796875,0.166015625,0.599609375,0.630859375,0.685546875,0.896484375,0.873046875,0.931640625,0.556640625,0.615234375,0.666015625,0.923828125,0.896484375,0.478515625,1.0319434
0.060546875,0.568359375,0.591796875,0.396484375,0.150390625,0.630859375,0.685546875,0.896484375,0.873046875,0.931640625,0.556640625,0.615234375,0.666015625,0.923828125,0.896484375,0.478515625,1.0375875
0.060546875,0.568359375,0.591796875,0.396484375,0.599609375,0.451171875,0.685546875,0.896484375,0.873046875,0.931640625,0.556640625,0.615234375,0.666015625,0.923828125,0.896484375,0.478515625,1.0430146
0.060546875,0.568359375,0.591796875,0.396484375,0.599609375,0.630859375,0.166015625,0.896484375,0.873046875,0.931640625,0.556640625,0.615234375,0.666015625,0.923828125,0.896484375,0.478515625,1.0948213
0.060546875,0.568359375,0.591796875,0.396484375,0.599609375,0.630859375,0.685546875,0.994140625,0.873046875,0.931640625,0.556640625,0.615234375,0.666015625,0.923828125,0.896484375,0.478515625,1.0430139
0.060546875,0.568359375,0.591796875,0.396484375,0.599609375,0.630859375,0.685546875,0.896484375,0.033203125,0.931640625,0.556640625,0.615234375,0.666015625,0.923828125,0.896484375,0.478515625,1.0221082
0.060546875,0.568359375,0.591796875,0.396484375,0.599609375,0.630859375,0.685546875,0.896484375,0.873046875,0.568359375,0.556640625,0.615234375,0.666015625,0.923828125,0.896484375,0.478515625,1.0429574
0.060546875,0.568359375,0.591796875,0.396484375,0.599609375,0.630859375,0.685546875,0.896484375,0.873046875,0.931640625,0.361328125,0.615234375,0.666015625,0.923828125,0.896484375,0.478515625,1.0939454
0.060546875,0.568359375,0.591796875,0.396484375,0.599609375,0.630859375,0.685546875,0.896484375,0.873046875,0.931640625,0.556640625,0.771484375,0.666015625,0.923828125,0.896484375,0.478515625,1.0439909
0.060546875,0.568359375,0.591796875,0.396484375,0.599609375,0.630859375,0.685546875,0.896484375,0.873046875,0.931640625,0.556640625,0.615234375,0.576171875,0.923828125,0.896484375,0.478515625,1.0427417
0.060546875,0.568359375,0.591796875,0.396484375,0.599609375,0.630859375,0.685546875,0.896484375,0.873046875,0.931640625,0.556640625,0.615234375,0.666015625,0.025390625,0.896484375,0.478515625,0.8389585
0.060546875,0.568359375,0.591796875,0.396484375,0.599609375,0.630859375,0.685546875,0.896484375,0.873046875,0.931640625,0.556640625,0.615234375,0.666015625,0.923828125,0.716796875,0.478515625,1.0525063
0.060546875,0.568359375,0.591796875,0.396484375,0.599609375,0.630859375,0.685546875,0.896484375,0.873046875,0.931640625,0.556640625,0.615234375,0.666015625,0.923828125,0.896484375,0.732421875,1.0430145
0.197265625,0.087890625,0.619140625,0.166015625,0.150390625,0.451171875,0.166015625,0.994140625,0.033203125,0.568359375,0.361328125,0.771484375,0.576171875,0.025390625,0.716796875,0.732421875,0.8534977
0.044921875,0.365234375,0.794921875,0.068359375,0.271484375,0.521484375,0.232421875,0.755859375,0.044921875,0.478515625,0.884765625,0.193359375,0.150390625,0.158203125,0.693359375,0.744140625,0.5512635
0.150390625,0.365234375,0.794921875,0.068359375,0.271484375,0.521484375,0.232421875,0.755859375,0.044921875,0.478515625,0.884765625,0.193359375,0.150390625,0.158203125,0.693359375,0.744140625,0.5512635
0.044921875,0.447265625,0.794921875,0.068359375,0.271484375,0.521484375,0.232421875,0.755859375,0.044921875,0.478515625,0.884765625,0.193359375,0.150390625,0.158203125,0.693359375,0.744140625,0.5624116
0.044921875,0.365234375,0.416015625,0.068359375,0.271484375,0.521484375,0.232421875,0.755859375,0.044921875,0.478515625,0.884765625,0.193359375,0.150390625,0.158203125,0.693359375,0.744140625,0.5800658
0.044921875,0.365234375,0.794921875,0.087890625,0.271484375,0.521484375,0.232421875,0.755859375,0.044921875,0.478515625,0.884765625,0.193359375,0.150390625,0.158203125,0.693359375,0.744140625,0.5514702
0.044921875,0.365234375,0.794921875,0.068359375,0.103515625,0.521484375,0.232421875,0.755859375,0.044921875,0.478515625,0.884765625,0.193359375,0.150390625,0.158203125,0.693359375,0.744140625,0.5496586
0.044921875,0.365234375,0.794921875,0.068359375,0.271484375,0.998046875,0.232421875,0.755859375,0.044921875,0.478515625,0.884765625,0.193359375,0.150390625,0.158203125,0.693359375,0.744140625,0.5512635
0.044921875,0.365234375,0.794921875,0.068359375,0.271484375,0.521484375,0.306640625,0.755859375,0.044921875,0.478515625,0.884765625,0.193359375,0.150390625,0.158203125,0.693359375,0.744140625,0.54620224
0.044921875,0.365234375,0.794921875,0.068359375,0.271484375,0.521484375,0.232421875,0.447265625,0.044921875,0.478515625,0.884765625,0.193359375,0.150390625,0.158203125,0.693359375,0.744140625,0.5514857
0.044921875,0.365234375,0.794921875,0.068359375,0.271484375,0.521484375,0.232421875,0.755859375,0.986328125,0.478515625,0.884765625,0.193359375,0.150390625,0.158203125,0.693359375,0.744140625,0.6044895
0.044921875,0.365234375,0.794921875,0.068359375,0.271484375,0.521484375,0.232421875,0.755859375,0.044921875,0.208984375,0.884765625,0.193359375,0.150390625,0.158203125,0.693359375,0.744140625,0.47679684
0.044921875,0.365234375,0.794921875,0.068359375,0.271484375,0.521484375,0.232421875,0.755859375,0.044921875,0.478515625,0.408203125,0.193359375,0.150390625,0.158203125,0.693359375,0.744140625,0.86183363
0.044921875,0.365234375,0.794921875,0.068359375,0.271484375,0.521484375,0.232421875,0.755859375,0.044921875,0.478515625,0.884765625,0.537109375,0.150390625,0.158203125,0.693359375,0.744140625,0.5604914
0.044921875,0.365234375,0.794921875,0.068359375,0.271484375,0.521484375,0.232421875,0.755859375,0.044921875,0.478515625,0.884765625,0.193359375,0.873046875,0.158203125,0.693359375,0.744140625,0.55126065
0.044921875,0.365234375,0.794921875,0.068359375,0.271484375,0.521484375,0.232421875,0.755859375,0.044921875,0.478515625,0.884765625,0.193359375,0.150390625,0.447265625,0.693359375,0.744140625,0.60314685
0.044921875,0.365234375,0.794921875,0.068359375,0.271484375,0.521484375,0.232421875,0.755859375,0.044921875,0.478515625,0.884765625,0.193359375,0.150390625,0.158203125,0.701171875,0.744140625,0.5508996
0.044921875,0.365234375,0.794921875,0.068359375,0.271484375,0.521484375,0.232421875,0.755859375,0.044921875,0.478515625,0.884765625,0.193359375,0.150390625,0.158203125,0.693359375,0.341796875,0.5512635
0.150390625,0.447265625,0.416015625,0.087890625,0.103515625,0.998046875,0.306640625,0.447265625,0.986328125,0.208984375,0.408203125,0.537109375,0.873046875,0.447265625,0.701171875,0.341796875,0.93505025
0.544921875,0.865234375,0.294921875,0.568359375,0.771484375,0.021484375,0.732421875,0.255859375,0.544921875,0.978515625,0.384765625,0.693359375,0.650390625,0.658203125,0.193359375,0.244140625,1.1466062
0.650390625,0.865234375,0.294921875,0.568359375,0.771484375,0.021484375,0.732421875,0.255859375,0.544921875,0.978515625,0.384765625,0.693359375,0.650390625,0.658203125,0.193359375,0.244140625,1.1466062
0.544921875,0.947265625,0.294921875,0.568359375,0.771484375,0.021484375,0.732421875,0.255859375,0.544921875,0.978515625,0.384765625,0.693359375,0.650390625,0.658203125,0.193359375,0.244140625,1.1670885
0.544921875,0.865234375,0.916015625,0.568359375,0.771484375,0.021484375,0.732421875,0.255859375,0.544921875,0.978515625,0.384765625,0.693359375,0.650390625,0.658203125,0.193359375,0.244140625,1.0990262
0.544921875,0.865234375,0.294921875,0.587890625,0.771484375,0.021484375,0.732421875,0.255859375,0.544921875,0.978515625,0.384765625,0.693359375,0.650390625,0.658203125,0.193359375,0.244140625,1.1509316
0.544921875,0.865234375,0.294921875,0.568359375,0.603515625,0.021484375,0.732421875,0.255859375,0.544921875,0.978515625,0.384765625,0.693359375,0.650390625,0.658203125,0.193359375,0.244140625,1.14379
0.544921875,0.865234375,0.294921875,0.568359375,0.771484375,0.498046875,0.732421875,0.255859375,0.544921875,0.978515625,0.384765625,0.693359375,0.650390625,0.658203125,0.193359375,0.244140625,1.1466062
0.544921875,0.865234375,0.294921875,0.568359375,0.771484375,0.021484375,0.806640625,0.255859375,0.544921875,0.978515625,0.384765625,0.693359375,0.650390625,0.658203125,0.193359375,0.244140625,1.1329069
0.544921875,0.865234375,0.294921875,0.568359375,0.771484375,0.021484375,0.732421875,0.947265625,0.544921875,0.978515625,0.384765625,0.693359375,0.650390625,0.658203125,0.193359375,0.244140625,1.1466004
0.544921875,0.865234375,0.294921875,0.568359375,0.771484375,0.021484375,0.732421875,0.255859375,0.486328125,0.978515625,0.384765625,0.693359375,0.650390625,0.658203125,0.193359375,0.244140625,1.1619779
0.544921875,0.865234375,0.294921875,0.568359375,0.771484375,0.021484375,0.732421875,0.255859375,0.544921875,0.708984375,0.384765625,0.693359375,0.650390625,0.658203125,0.193359375,0.244140625,1.1466024
0.544921875,0.865234375,0.294921875,0.568359375,0.771484375,0.021484375,0.732421875,0.255859375,0.544921875,0.978515625,0.908203125,0.693359375,0.650390625,0.658203125,0.193359375,0.244140625,0.8090072
0.544921875,0.865234375,0.294921875,0.568359375,0.771484375,0.021484375,0.732421875,0.255859375,0.544921875,0.978515625,0.384765625,0.037109375,0.650390625,0.658203125,0.193359375,0.244140625,1.1278781
0.544921875,0.865234375,0.294921875,0.568359375,0.771484375,0.021484375,0.732421875,0.255859375,0.544921875,0.978515625,0.384765625,0.693359375,0.373046875,0.658203125,0.193359375,0.244140625,1.1466689
0.544921875,0.865234375,0.294921875,0.568359375,0.771484375,0.021484375,0.732421875,0.255859375,0.544921875,0.978515625,0.384765625,0.693359375,0.650390625,0.947265625,0.193359375,0.244140625,1.2383121
0.544921875,0.865234375,0.294921875,0.568359375,0.771484375,0.021484375,0.732421875,0.255859375,0.544921875,0.978515625,0.384765625,0.693359375,0.650390625,0.658203125,0.201171875,0.244140625,1.1464251
0.544921875,0.865234375,0.294921875,0.568359375,0.771484375,0.021484375,0.732421875,0.255859375,0.544921875,0.978515625,0.384765625,0.693359375,0.650390625,0.658203125,0.193359375,0.841796875,1.1466062
0.650390625,0.947265625,0.916015625,0.587890625,0.603515625,0.498046875,0.806640625,0.947265625,0.486328125,0.708984375,0.908203125,0.037109375,0.373046875,0.947265625,0.201171875,0.841796875,0.8579406
0.794921875,0.115234375,0.544921875,0.318359375,0.521484375,0.271484375,0.482421875,0.005859375,0.794921875,0.728515625,0.134765625,0.943359375,0.400390625,0.408203125,0.443359375,0.994140625,0.9352947
0.900390625,0.115234375,0.544921875,0.318359375,0.521484375,0.271484375,0.482421875,0.005859375,0.794921875,0.728515625,0.134765625,0.943359375,0.400390625,0.408203125,0.443359375,0.994140625,0.9352947
0.794921875,0.197265625,0.544921875,0.318359375,0.521484375,0.271484375,0.482421875,0.005859375,0.794921875,0.728515625,0.134765625,0.943359375,0.400390625,0.408203125,0.443359375,0.994140625,0.9428323
0.794921875,0.115234375,0.666015625,0.318359375,0.521484375,0.271484375,0.482421875,0.005859375,0.794921875,0.728515625,0.134765625,0.943359375,0.400390625,0.408203125,0.443359375,0.994140625,0.926128
0.794921875,0.115234375,0.544921875,0.337890625,0.521484375,0.271484375,0.482421875,0.005859375,0.794921875,0.728515625,0.134765625,0.943359375,0.400390625,0.408203125,0.443359375,0.994140625,0.93646866
0.794921875,0.115234375,0.544921875,0.318359375,0.353515625,0.271484375,0.482421875,0.005859375,0.794921875,0.728515625,0.134765625,0.943359375,0.400390625,0.408203125,0.443359375,0.994140625,0.9331264
0.794921875,0.115234375,0.544921875,0.318359375,0.521484375,0.248046875,0.482421875,0.005859375,0.794921875,0.728515625,0.134765625,0.943359375,0.400390625,0.408203125,0.443359375,0.994140625,0.9352947
0.794921875,0.115234375,0.544921875,0.318359375,0.521484375,0.271484375,0.056640625,0.005859375,0.794921875,0.728515625,0.134765625,0.943359375,0.400390625,0.408203125,0.443359375,0.994140625,0.9651212
0.794921875,0.115234375,0.544921875,0.318359375,0.521484375,0.271484375,0.482421875,0.197265625,0.794921875,0.728515625,0.134765625,0.943359375,0.400390625,0.408203125,0.443359375,0.994140625,0.93529767
0.794921875,0.115234375,0.544921875,0.318359375,0.521484375,0.271484375,0.482421875,0.005859375,0.736328125,0.728515625,0.134765625,0.943359375,0.400390625,0.408203125,0.443359375,0.994140625,0.92864174
0.794921875,0.115234375,0.544921875,0.318359375,0.521484375,0.271484375,0.482421875,0.005859375,0.794921875,0.958984375,0.134765625,0.943359375,0.400390625,0.408203125,0.443359375,0.994140625,0.9352966
0.794921875,0.115234375,0.544921875,0.318359375,0.521484375,0.271484375,0.482421875,0.005859375,0.794921875,0.728515625,0.158203125,0.943359375,0.400390625,0.408203125,0.443359375,0.994140625,0.9345551
0.794921875,0.115234375,0.544921875,0.318359375,0.521484375,0.271484375,0.482421875,0.005859375,0.794921875,0.728515625,0.134765625,0.287109375,0.400390625,0.408203125,0.443359375,0.994140625,0.92744464
0.794921875,0.115234375,0.544921875,0.318359375,0.521484375,0.271484375,0.482421875,0.005859375,0.794921875,0.728515625,0.134765625,0.943359375,0.623046875,0.408203125,0.443359375,0.994140625,0.9351555
0.794921875,0.115234375,0.544921875,0.318359375,0.521484375,0.271484375,0.482421875,0.005859375,0.794921875,0.728515625,0.134765625,0.943359375,0.400390625,0.697265625,0.443359375,0.994140625,1.0052085
0.794921875,0.115234375,0.544921875,0.318359375,0.521484375,0.271484375,0.482421875,0.005859375,0.794921875,0.728515625,0.134765625,0.943359375,0.400390625,0.408203125,0.951171875,0.994140625,0.91146296
0.794921875,0.115234375,0.544921875,0.318359375,0.521484375,0.271484375,0.482421875,0.005859375,0.794921875,0.728515625,0.134765625,0.943359375,0.400390625,0.408203125,0.443359375,0.091796875,0.9352947
0.900390625,0.197265625,0.666015625,0.337890625,0.353515625,0.248046875,0.056640625,0.197265625,0.736328125,0.958984375,0.158203125,0.287109375,0.623046875,0.697265625,0.951171875,0.091796875,0.99320334
0.294921875,0.615234375,0.044921875,0.818359375,0.021484375,0.771484375,0.982421875,0.505859375,0.294921875,0.228515625,0.634765625,0.443359375,0.900390625,0.908203125,0.943359375,0.494140625,1.0143722
0.400390625,0.615234375,0.044921875,0.818359375,0.021484375,0.771484375,0.982421875,0.505859375,0.294921875,0.228515625,0.634765625,0.443359375,0.900390625,0.908203125,0.943359375,0.494140625,1.0143722
0.294921875,0.697265625,0.044921875,0.818359375,0.021484375,0.771484375,0.982421875,0.505859375,0.294921875,0.228515625,0.634765625,0.443359375,0.900390625,0.908203125,0.943359375,0.494140625,1.0298353
0.294921875,0.615234375,0.166015625,0.818359375,0.021484375,0.771484375,0.982421875,0.505859375,0.294921875,0.228515625,0.634765625,0.443359375,0.900390625,0.908203125,0.943359375,0.494140625,1.0100238
0.294921875,0.615234375,0.044921875,0.837890625,0.021484375,0.771484375,0.982421875,0.505859375,0.294921875,0.228515625,0.634765625,0.443359375,0.900390625,0.908203125,0.943359375,0.494140625,1.0188371
0.294921875,0.615234375,0.044921875,0.818359375,0.853515625,0.771484375,0.982421875,0.505859375,0.294921875,0.228515625,0.634765625,0.443359375,0.900390625,0.908203125,0.943359375,0.494140625,1.0252984
0.294921875,0.615234375,0.044921875,0.818359375,0.021484375,0.748046875,0.982421875,0.505859375,0.294921875,0.228515625,0.634765625,0.443359375,0.900390625,0.908203125,0.943359375,0.494140625,1.0143722
0.294921875,0.615234375,0.044921875,0.818359375,0.021484375,0.771484375,0.556640625,0.505859375,0.294921875,0.228515625,0.634765625,0.443359375,0.900390625,0.908203125,0.943359375,0.494140625,1.0940657
0.294921875,0.615234375,0.044921875,0.818359375,0.021484375,0.771484375,0.982421875,0.697265625,0.294921875,0.228515625,0.634765625,0.443359375,0.900390625,0.908203125,0.943359375,0.494140625,1.0141528
0.294921875,0.615234375,0.044921875,0.818359375,0.021484375,0.771484375,0.982421875,0.505859375,0.236328125,0.228515625,0.634765625,0.443359375,0.900390625,0.908203125,0.943359375,0.494140625,0.99639535
0.294921875,0.615234375,0.044921875,0.818359375,0.021484375,0.771484375,0.982421875,0.505859375,0.294921875,0.458984375,0.634765625,0.443359375,0.900390625,0.908203125,0.943359375,0.494140625,1.0645185
0.294921875,0.615234375,0.044921875,0.818359375,0.021484375,0.771484375,0.982421875,0.505859375,0.294921875,0.228515625,0.658203125,0.443359375,0.900390625,0.908203125,0.943359375,0.494140625,0.9987427
0.294921875,0.615234375,0.044921875,0.818359375,0.021484375,0.771484375,0.982421875,0.505859375,0.294921875,0.228515625,0.634765625,0.787109375,0.900390625,0.908203125,0.943359375,0.494140625,1.017902
0.294921875,0.615234375,0.044921875,0.818359375,0.021484375,0.771484375,0.982421875,0.505859375,0.294921875,0.228515625,0.634765625,0.443359375,0.123046875,0.908203125,0.943359375,0.494140625,1.0143745
0.294921875,0.615234375,0.044921875,0.818359375,0.021484375,0.771484375,0.982421875,0.505859375,0.294921875,0.228515625,0.634765625,0.443359375,0.900390625,0.197265625,0.943359375,0.494140625,0.83982015
0.294921875,0.615234375,0.044921875,0.818359375,0.021484375,0.771484375,0.982421875,0.505859375,0.294921875,0.228515625,0.634765625,0.443359375,0.900390625,0.908203125,0.451171875,0.494140625,1.0374603
0.294921875,0.615234375,0.044921875,0.818359375,0.021484375,0.771484375,0.982421875,0.505859375,0.294921875,0.228515625,0.634765625,0.443359375,0.900390625,0.908203125,0.943359375,0.591796875,1.0143722
0.400390625,0.697265625,0.166015625,0.837890625,0.853515625,0.748046875,0.556640625,0.697265625,0.236328125,0.458984375,0.658203125,0.787109375,0.123046875,0.197265625,0.451171875,0.591796875,0.98895955
0.419921875,0.240234375,0.419921875,0.943359375,0.146484375,0.646484375,0.357421875,0.130859375,0.919921875,0.853515625,0.009765625,0.318359375,0.275390625,0.533203125,0.818359375,0.369140625,1.1244242
0.275390625,0.240234375,0.419921875,0.943359375,0.146484375,0.646484375,0.357421875,0.130859375,0.919921875,0.853515625,0.009765625,0.318359375,0.275390625,0.533203125,0.818359375,0.369140625,1.1244242
0.419921875,0.572265625,0.419921875,0.943359375,0.146484375,0.646484375,0.357421875,0.130859375,0.919921875,0.853515625,0.009765625,0.318359375,0.275390625,0.533203125,0.818359375,0.369140625,1.1697443
0.419921875,0.240234375,0.541015625,0.943359375,0.146484375,0.646484375,0.357421875,0.130859375,0.919921875,0.853515625,0.009765625,0.318359375,0.275390625,0.533203125,0.818359375,0.369140625,1.1166286
0.419921875,0.240234375,0.419921875,0.212890625,0.146484375,0.646484375,0.357421875,0.130859375,0.919921875,0.853515625,0.009765625,0.318359375,0.275390625,0.533203125,0.818359375,0.369140625,1.000672
0.419921875,0.240234375,0.419921875,0.943359375,0.228515625,0.646484375,0.357421875,0.130859375,0.919921875,0.853515625,0.009765625,0.318359375,0.275390625,0.533203125,0.818359375,0.369140625,1.1252074
0.419921875,0.240234375,0.419921875,0.943359375,0.146484375,0.873046875,0.357421875,0.130859375,0.919921875,0.853515625,0.009765625,0.318359375,0.275390625,0.533203125,0.818359375,0.369140625,1.1244242
0.419921875,0.240234375,0.419921875,0.943359375,0.146484375,0.646484375,0.181640625,0.130859375,0.919921875,0.853515625,0.009765625,0.318359375,0.275390625,0.533203125,0.818359375,0.369140625,1.1364585
0.419921875,0.240234375,0.419921875,0.943359375,0.146484375,0.646484375,0.357421875,0.572265625,0.919921875,0.853515625,0.009765625,0.318359375,0.275390625,0.533203125,0.818359375,0.369140625,1.1244597
0.419921875,0.240234375,0.419921875,0.943359375,0.146484375,0.646484375,0.357421875,0.130859375,0.111328125,0.853515625,0.009765625,0.318359375,0.275390625,0.533203125,0.818359375,0.369140625,1.0826848
0.419921875,0.240234375,0.419921875,0.943359375,0.146484375,0.646484375,0.357421875,0.130859375,0.919921875,0.833984375,0.009765625,0.318359375,0.275390625,0.533203125,0.818359375,0.369140625,1.1244242
0.419921875,0.240234375,0.419921875,0.943359375,0.146484375,0.646484375,0.357421875,0.130859375,0.919921875,0.853515625,0.033203125,0.318359375,0.275390625,0.533203125,0.818359375,0.369140625,1.1241127
0.419921875,0.240234375,0.419921875,0.943359375,0.146484375,0.646484375,0.357421875,0.130859375,0.919921875,0.853515625,0.009765625,0.162109375,0.275390625,0.533203125,0.818359375,0.369140625,1.1185378
0.419921875,0.240234375,0.419921875,0.943359375,0.146484375,0.646484375,0.357421875,0.130859375,0.919921875,0.853515625,0.009765625,0.318359375,0.998046875,0.533203125,0.818359375,0.369140625,1.1244296
0.419921875,0.240234375,0.419921875,0.943359375,0.146484375,0.646484375,0.357421875,0.130859375,0.919921875,0.853515625,0.009765625,0.318359375,0.275390625,0.322265625,0.818359375,0.369140625,1.0803797
0.419921875,0.240234375,0.419921875,0.943359375,0.146484375,0.646484375,0.357421875,0.130859375,0.919921875,0.853515625,0.009765625,0.318359375,0.275390625,0.533203125,0.826171875,0.369140625,1.1240047
0.419921875,0.240234375,0.419921875,0.943359375,0.146484375,0.646484375,0.357421875,0.130859375,0.919921875,0.853515625,0.009765625,0.318359375,0.275390625,0.533203125,0.818359375,0.466796875,1.1244242
0.275390625,0.572265625,0.541015625,0.212890625,0.228515625,0.873046875,0.181640625,0.572265625,0.111328125,0.833984375,0.033203125,0.162109375,0.998046875,0.322265625,0.826171875,0.466796875,0.95865387
0.919921875,0.740234375,0.919921875,0.443359375,0.646484375,0.146484375,0.857421875,0.630859375,0.419921875,0.353515625,0.509765625,0.818359375,0.775390625,0.033203125,0.318359375,0.869140625,0.8906231
0.775390625,0.740234375,0.919921875,0.443359375,0.646484375,0.146484375,0.857421875,0.630859375,0.419921875,0.353515625,0.509765625,0.818359375,0.775390625,0.033203125,0.318359375,0.869140625,0.8906231
0.919921875,0.072265625,0.919921875,0.443359375,0.646484375,0.146484375,0.857421875,0.630859375,0.419921875,0.353515625,0.509765625,0.818359375,0.775390625,0.033203125,0.318359375,0.869140625,0.79816496
0.919921875,0.740234375,0.041015625,0.443359375,0.646484375,0.146484375,0.857421875,0.630859375,0.419921875,0.353515625,0.509765625,0.818359375,0.775390625,0.033203125,0.318359375,0.869140625,0.9488325
0.919921875,0.740234375,0.919921875,0.712890625,0.646484375,0.146484375,0.857421875,0.630859375,0.419921875,0.353515625,0.509765625,0.818359375,0.775390625,0.033203125,0.318359375,0.869140625,0.9482721
0.919921875,0.740234375,0.919921875,0.443359375,0.728515625,0.146484375,0.857421875,0.630859375,0.419921875,0.353515625,0.509765625,0.818359375,0.775390625,0.033203125,0.318359375,0.869140625,0.8919979
0.919921875,0.740234375,0.919921875,0.443359375,0.646484375,0.373046875,0.857421875,0.630859375,0.419921875,0.353515625,0.509765625,0.818359375,0.775390625,0.033203125,0.318359375,0.869140625,0.8906231
0.919921875,0.740234375,0.919921875,0.443359375,0.646484375,0.146484375,0.681640625,0.630859375,0.419921875,0.353515625,0.509765625,0.818359375,0.775390625,0.033203125,0.318359375,0.869140625,0.92313457
0.919921875,0.740234375,0.919921875,0.443359375,0.646484375,0.146484375,0.857421875,0.072265625,0.419921875,0.353515625,0.509765625,0.818359375,0.775390625,0.033203125,0.318359375,0.869140625,0.89061034
0.919921875,0.740234375,0.919921875,0.443359375,0.646484375,0.146484375,0.857421875,0.630859375,0.611328125,0.353515625,0.509765625,0.818359375,0.775390625,0.033203125,0.318359375,0.869140625,0.84711105
0.919921875,0.740234375,0.919921875,0.443359375,0.646484375,0.146484375,0.857421875,0.630859375,0.419921875,0.333984375,0.509765625,0.818359375,0.775390625,0.033203125,0.318359375,0.869140625,0.8886337
0.919921875,0.740234375,0.919921875,0.443359375,0.646484375,0.146484375,0.857421875,0.630859375,0.419921875,0.353515625,0.533203125,0.818359375,0.775390625,0.033203125,0.318359375,0.869140625,0.8822069
0.919921875,0.740234375,0.919921875,0.443359375,0.646484375,0.146484375,0.857421875,0.630859375,0.419921875,0.353515625,0.509765625,0.662109375,0.775390625,0.033203125,0.318359375,0.869140625,0.8899168
0.919921875,0.740234375,0.919921875,0.443359375,0.646484375,0.146484375,0.857421875,0.630859375,0.419921875,0.353515625,0.509765625,0.818359375,0.498046875,0.033203125,0.318359375,0.869140625,0.89043283
0.919921875,0.740234375,0.919921875,0.443359375,0.646484375,0.146484375,0.857421875,0.630859375,0.419921875,0.353515625,0.509765625,0.818359375,0.775390625,0.822265625,0.318359375,0.869140625,1.059152
0.919921875,0.740234375,0.919921875,0.443359375,0.646484375,0.146484375,0.857421875,0.630859375,0.419921875,0.353515625,0.509765625,0.818359375,0.775390625,0.033203125,0.326171875,0.869140625,0.8904022
0.919921875,0.740234375,0.919921875,0.443359375,0.646484375,0.146484375,0.857421875,0.630859375,0.419921875,0.353515625,0.509765625,0.818359375,0.775390625,0.033203125,0.318359375,0.966796875,0.8906231
0.775390625,0.072265625,0.041015625,0.712890625,0.728515625,0.373046875,0.681640625,0.072265625,0.611328125,0.333984375,0.533203125,0.662109375,0.498046875,0.822265625,0.326171875,0.966796875,1.0613909
0.669921875,0.490234375,0.169921875,0.693359375,0.896484375,0.396484375,0.107421875,0.880859375,0.169921875,0.103515625,0.759765625,0.568359375,0.025390625,0.783203125,0.068359375,0.119140625,0.38506025
0.525390625,0.490234375,0.169921875,0.693359375,0.896484375,0.396484375,0.107421875,0.880859375,0.169921875,0.103515625,0.759765625,0.568359375,0.025390625,0.783203125,0.068359375,0.119140625,0.38506025
0.669921875,0.822265625,0.169921875,0.693359375,0.896484375,0.396484375,0.107421875,0.880859375,0.169921875,0.103515625,0.759765625,0.568359375,0.025390625,0.783203125,0.068359375,0.119140625,0.4478454
0.669921875,0.490234375,0.291015625,0.693359375,0.896484375,0.396484375,0.107421875,0.880859375,0.169921875,0.103515625,0.759765625,0.568359375,0.025390625,0.783203125,0.068359375,0.119140625,0.37967393
0.669921875,0.490234375,0.169921875,0.462890625,0.896484375,0.396484375,0.107421875,0.880859375,0.169921875,0.103515625,0.759765625,0.568359375,0.025390625,0.783203125,0.068359375,0.119140625,0.33528662
0.669921875,0.490234375,0.169921875,0.693359375,0.478515625,0.396484375,0.107421875,0.880859375,0.169921875,0.103515625,0.759765625,0.568359375,0.025390625,0.783203125,0.068359375,0.119140625,0.37803194
0.669921875,0.490234375,0.169921875,0.693359375,0.896484375,0.123046875,0.107421875,0.880859375,0.169921875,0.103515625,0.759765625,0.568359375,0.025390625,0.783203125,0.068359375,0.119140625,0.38506025
0.669921875,0.490234375,0.169921875,0.693359375,0.896484375,0.396484375,0.431640625,0.880859375,0.169921875,0.103515625,0.759765625,0.568359375,0.025390625,0.783203125,0.068359375,0.119140625,0.36260924
0.669921875,0.490234375,0.169921875,0.693359375,0.896484375,0.396484375,0.107421875,0.822265625,0.169921875,0.103515625,0.759765625,0.568359375,0.025390625,0.783203125,0.068359375,0.119140625,0.38506106
0.669921875,0.490234375,0.169921875,0.693359375,0.896484375,0.396484375,0.107421875,0.880859375,0.361328125,0.103515625,0.759765625,0.568359375,0.025390625,0.783203125,0.068359375,0.119140625,0.43594685
0.669921875,0.490234375,0.169921875,0.693359375,0.896484375,0.396484375,0.107421875,0.880859375,0.169921875,0.083984375,0.759765625,0.568359375,0.025390625,0.783203125,0.068359375,0.119140625,0.101849504
0.669921875,0.490234375,0.169921875,0.693359375,0.896484375,0.396484375,0.107421875,0.880859375,0.169921875,0.103515625,0.283203125,0.568359375,0.025390625,0.783203125,0.068359375,0.119140625,0.58571845
0.669921875,0.490234375,0.169921875,0.693359375,0.896484375,0.396484375,0.107421875,0.880859375,0.169921875,0.103515625,0.759765625,0.912109375,0.025390625,0.783203125,0.068359375,0.119140625,0.3867889
0.669921875,0.490234375,0.169921875,0.693359375,0.896484375,0.396484375,0.107421875,0.880859375,0.169921875,0.103515625,0.759765625,0.568359375,0.748046875,0.783203125,0.068359375,0.119140625,0.38504285
0.669921875,0.490234375,0.169921875,0.693359375,0.896484375,0.396484375,0.107421875,0.880859375,0.169921875,0.103515625,0.759765625,0.568359375,0.025390625,0.572265625,0.068359375,0.119140625,0.32652518
0.669921875,0.490234375,0.169921875,0.693359375,0.896484375,0.396484375,0.107421875,0.880859375,0.169921875,0.103515625,0.759765625,0.568359375,0.025390625,0.783203125,0.576171875,0.119140625,0.37052673
0.669921875,0.490234375,0.169921875,0.693359375,0.896484375,0.396484375,0.107421875,0.880859375,0.169921875,0.103515625,0.759765625,0.568359375,0.025390625,0.783203125,0.068359375,0.216796875,0.38506028
0.525390625,0.822265625,0.291015625,0.462890625,0.478515625,0.123046875,0.431640625,0.822265625,0.361328125,0.083984375,0.283203125,0.912109375,0.748046875,0.572265625,0.576171875,0.216796875,0.26018363
0.169921875,0.990234375,0.669921875,0.193359375,0.396484375,0.896484375,0.607421875,0.380859375,0.669921875,0.603515625,0.259765625,0.068359375,0.525390625,0.283203125,0.568359375,0.619140625,0.9993763
0.025390625,0.990234375,0.669921875,0.193359375,0.396484375,0.896484375,0.607421875,0.380859375,0.669921875,0.603515625,0.259765625,0.068359375,0.525390625,0.283203125,0.568359375,0.619140625,0.9993763
0.169921875,0.322265625,0.669921875,0.193359375,0.396484375,0.896484375,0.607421875,0.380859375,0.669921875,0.603515625,0.259765625,0.068359375,0.525390625,0.283203125,0.568359375,0.619140625,0.87178266
0.169921875,0.990234375,0.791015625,0.193359375,0.396484375,0.896484375,0.607421875,0.380859375,0.669921875,0.603515625,0.259765625,0.068359375,0.525390625,0.283203125,0.568359375,0.619140625,0.98872733
0.169921875,0.990234375,0.669921875,0.962890625,0.396484375,0.896484375,0.607421875,0.380859375,0.669921875,0.603515625,0.259765625,0.068359375,0.525390625,0.283203125,0.568359375,0.619140625,1.1262573
0.169921875,0.990234375,0.669921875,0.193359375,0.978515625,0.896484375,0.607421875,0.380859375,0.669921875,0.603515625,0.259765625,0.068359375,0.525390625,0.283203125,0.568359375,0.619140625,1.0091954
0.169921875,0.990234375,0.669921875,0.193359375,0.396484375,0.623046875,0.607421875,0.380859375,0.669921875,0.603515625,0.259765625,0.068359375,0.525390625,0.283203125,0.568359375,0.619140625,0.9993763
0.169921875,0.990234375,0.669921875,0.193359375,0.396484375,0.896484375,0.931640625,0.380859375,0.669921875,0.603515625,0.259765625,0.068359375,0.525390625,0.283203125,0.568359375,0.619140625,0.9390563
0.169921875,0.990234375,0.669921875,0.193359375,0.396484375,0.896484375,0.607421875,0.322265625,0.669921875,0.603515625,0.259765625,0.068359375,0.525390625,0.283203125,0.568359375,0.619140625,0.99935126
0.169921875,0.990234375,0.669921875,0.193359375,0.396484375,0.896484375,0.607421875,0.380859375,0.861328125,0.603515625,0.259765625,0.068359375,0.525390625,0.283203125,0.568359375,0.619140625,1.0182085
0.169921875,0.990234375,0.669921875,0.193359375,0.396484375,0.896484375,0.607421875,0.380859375,0.669921875,0.583984375,0.259765625,0.068359375,0.525390625,0.283203125,0.568359375,0.619140625,0.99936485
0.169921875,0.990234375,0.669921875,0.193359375,0.396484375,0.896484375,0.607421875,0.380859375,0.669921875,0.603515625,0.783203125,0.068359375,0.525390625,0.283203125,0.568359375,0.619140625,0.77435136
0.169921875,0.990234375,0.669921875,0.193359375,0.396484375,0.896484375,0.607421875,0.380859375,0.669921875,0.603515625,0.259765625,0.412109375,0.525390625,0.283203125,0.568359375,0.619140625,1.0125011
0.169921875,0.990234375,0.669921875,0.193359375,0.396484375,0.896484375,0.607421875,0.380859375,0.669921875,0.603515625,0.259765625,0.068359375,0.248046875,0.283203125,0.568359375,0.619140625,0.9997033
0.169921875,0.990234375,0.669921875,0.193359375,0.396484375,0.896484375,0.607421875,0.380859375,0.669921875,0.603515625,0.259765625,0.068359375,0.525390625,0.072265625,0.568359375,0.619140625,0.96720755
0.169921875,0.990234375,0.669921875,0.193359375,0.396484375,0.896484375,0.607421875,0.380859375,0.669921875,0.603515625,0.259765625,0.068359375,0.525390625,0.283203125,0.076171875,0.619140625,1.0134522
0.169921875,0.990234375,0.669921875,0.193359375,0.396484375,0.896484375,0.607421875,0.380859375,0.669921875,0.603515625,0.259765625,0.068359375,0.525390625,0.283203125,0.568359375,0.716796875,0.9993763
0.025390625,0.322265625,0.791015625,0.962890625,0.978515625,0.623046875,0.931640625,0.322265625,0.861328125,0.583984375,0.783203125,0.412109375,0.248046875,0.072265625,0.076171875,0.716796875,0.7266435
0.232421875,0.052734375,0.232421875,0.380859375,0.833984375,0.833984375,0.294921875,0.193359375,0.982421875,0.166015625,0.322265625,0.130859375,0.837890625,0.845703125,0.380859375,0.306640625,0.9406766
0.962890625,0.052734375,0.232421875,0.380859375,0.833984375,0.833984375,0.294921875,0.193359375,0.982421875,0.166015625,0.322265625,0.130859375,0.837890625,0.845703125,0.380859375,0.306640625,0.9406766
0.232421875,0.634765625,0.232421875,0.380859375,0.833984375,0.833984375,0.294921875,0.193359375,0.982421875,0.166015625,0.322265625,0.130859375,0.837890625,0.845703125,0.380859375,0.306640625,1.0140088
0.232421875,0.052734375,0.603515625,0.380859375,0.833984375,0.833984375,0.294921875,0.193359375,0.982421875,0.166015625,0.322265625,0.130859375,0.837890625,0.845703125,0.380859375,0.306640625,0.9186489
0.232421875,0.052734375,0.232421875,0.275390625,0.833984375,0.833984375,0.294921875,0.193359375,0.982421875,0.166015625,0.322265625,0.130859375,0.837890625,0.845703125,0.380859375,0.306640625,0.93423396
0.232421875,0.052734375,0.232421875,0.380859375,0.166015625,0.833984375,0.294921875,0.193359375,0.982421875,0.166015625,0.322265625,0.130859375,0.837890625,0.845703125,0.380859375,0.306640625,0.93134755
0.232421875,0.052734375,0.232421875,0.380859375,0.833984375,0.310546875,0.294921875,0.193359375,0.982421875,0.166015625,0.322265625,0.130859375,0.837890625,0.845703125,0.380859375,0.306640625,0.9406766
0.232421875,0.052734375,0.232421875,0.380859375,0.833984375,0.833984375,0.494140625,0.193359375,0.982421875,0.166015625,0.322265625,0.130859375,0.837890625,0.845703125,0.380859375,0.306640625,0.9225939
0.232421875,0.052734375,0.232421875,0.380859375,0.833984375,0.833984375,0.294921875,0.509765625,0.982421875,0.166015625,0.322265625,0.130859375,0.837890625,0.845703125,0.380859375,0.306640625,0.94089884
0.232421875,0.052734375,0.232421875,0.380859375,0.833984375,0.833984375,0.294921875,0.193359375,0.548828125,0.166015625,0.322265625,0.130859375,0.837890625,0.845703125,0.380859375,0.306640625,0.92162675
0.232421875,0.052734375,0.232421875,0.380859375,0.833984375,0.833984375,0.294921875,0.193359375,0.982421875,0.146484375,0.322265625,0.130859375,0.837890625,0.845703125,0.380859375,0.306640625,0.85708326
0.232421875,0.052734375,0.232421875,0.380859375,0.833984375,0.833984375,0.294921875,0.193359375,0.982421875,0.166015625,0.970703125,0.130859375,0.837890625,0.845703125,0.380859375,0.306640625,0.53832054
0.232421875,0.052734375,0.232421875,0.380859375,0.833984375,0.833984375,0.294921875,0.193359375,0.982421875,0.166015625,0.322265625,0.724609375,0.837890625,0.845703125,0.380859375,0.306640625,0.95445675
0.232421875,0.052734375,0.232421875,0.380859375,0.833984375,0.833984375,0.294921875,0.193359375,0.982421875,0.166015625,0.322265625,0.130859375,0.435546875,0.845703125,0.380859375,0.306640625,0.94063705
0.232421875,0.052734375,0.232421875,0.380859375,0.833984375,0.833984375,0.294921875,0.193359375,0.982421875,0.166015625,0.322265625,0.130859375,0.837890625,0.509765625,0.380859375,0.306640625,0.84724545
0.232421875,0.052734375,0.232421875,0.380859375,0.833984375,0.833984375,0.294921875,0.193359375,0.982421875,0.166015625,0.322265625,0.130859375,0.837890625,0.845703125,0.763671875,0.306640625,0.9252985
0.232421875,0.052734375,0.232421875,0.380859375,0.833984375,0.833984375,0.294921875,0.193359375,0.982421875,0.166015625,0.322265625,0.130859375,0.837890625,0.845703125,0.380859375,0.529296875,0.9406766
0.962890625,0.634765625,0.603515625,0.275390625,0.166015625,0.310546875,0.494140625,0.509765625,0.548828125,0.146484375,0.970703125,0.724609375,0.435546875,0.509765625,0.763671875,0.529296875,0.35828108
0.732421875,0.552734375,0.732421875,0.880859375,0.333984375,0.333984375,0.794921875,0.693359375,0.482421875,0.666015625,0.822265625,0.630859375,0.337890625,0.345703125,0.880859375,0.806640625,0.78070337
0.462890625,0.552734375,0.732421875,0.880859375,0.333984375,0.333984375,0.794921875,0.693359375,0.482421875,0.666015625,0.822265625,0.630859375,0.337890625,0.345703125,0.880859375,0.806640625,0.78070337
0.732421875,0.134765625,0.732421875,0.880859375,0.333984375,0.333984375,0.794921875,0.693359375,0.482421875,0.666015625,0.822265625,0.630859375,0.337890625,0.345703125,0.880859375,0.806640625,0.7284346
0.732421875,0.552734375,0.103515625,0.880859375,0.333984375,0.333984375,0.794921875,0.693359375,0.482421875,0.666015625,0.822265625,0.630859375,0.337890625,0.345703125,0.880859375,0.806640625,0.8184312
0.732421875,0.552734375,0.732421875,0.775390625,0.333984375,0.333984375,0.794921875,0.693359375,0.482421875,0.666015625,0.822265625,0.630859375,0.337890625,0.345703125,0.880859375,0.806640625,0.7567348
0.732421875,0.552734375,0.732421875,0.880859375,0.666015625,0.333984375,0.794921875,0.693359375,0.482421875,0.666015625,0.822265625,0.630859375,0.337890625,0.345703125,0.880859375,0.806640625,0.7853032
0.732421875,0.552734375,0.732421875,0.880859375,0.333984375,0.810546875,0.794921875,0.693359375,0.482421875,0.666015625,0.822265625,0.630859375,0.337890625,0.345703125,0.880859375,0.806640625,0.78070337
0.732421875,0.552734375,0.732421875,0.880859375,0.333984375,0.333984375,0.994140625,0.693359375,0.482421875,0.666015625,0.822265625,0.630859375,0.337890625,0.345703125,0.880859375,0.806640625,0.73547095
0.732421875,0.552734375,0.732421875,0.880859375,0.333984375,0.333984375,0.794921875,0.009765625,0.482421875,0.666015625,0.822265625,0.630859375,0.337890625,0.345703125,0.880859375,0.806640625,0.7806975
0.732421875,0.552734375,0.732421875,0.880859375,0.333984375,0.333984375,0.794921875,0.693359375,0.048828125,0.666015625,0.822265625,0.630859375,0.337890625,0.345703125,0.880859375,0.806640625,0.7292289
0.732421875,0.552734375,0.732421875,0.880859375,0.333984375,0.333984375,0.794921875,0.693359375,0.482421875,0.646484375,0.822265625,0.630859375,0.337890625,0.345703125,0.880859375,0.806640625,0.78069955
0.732421875,0.552734375,0.732421875,0.880859375,0.333984375,0.333984375,0.794921875,0.693359375,0.482421875,0.666015625,0.470703125,0.630859375,0.337890625,0.345703125,0.880859375,0.806640625,1.0138301
0.732421875,0.552734375,0.732421875,0.880859375,0.333984375,0.333984375,0.794921875,0.693359375,0.482421875,0.666015625,0.822265625,0.224609375,0.337890625,0.345703125,0.880859375,0.806640625,0.7716877
0.732421875,0.552734375,0.732421875,0.880859375,0.333984375,0.333984375,0.794921875,0.693359375,0.482421875,0.666015625,0.822265625,0.630859375,0.935546875,0.345703125,0.880859375,0.806640625,0.7807133
0.732421875,0.552734375,0.732421875,0.880859375,0.333984375,0.333984375,0.794921875,0.693359375,0.482421875,0.666015625,0.822265625,0.630859375,0.337890625,0.009765625,0.880859375,0.806640625,0.7293007
0.732421875,0.552734375,0.732421875,0.880859375,0.333984375,0.333984375,0.794921875,0.693359375,0.482421875,0.666015625,0.822265625,0.630859375,0.337890625,0.345703125,0.263671875,0.806640625,0.80569154
0.732421875,0.552734375,0.732421875,0.880859375,0.333984375,0.333984375,0.794921875,0.693359375,0.482421875,0.666015625,0.822265625,0.630859375,0.337890625,0.345703125,0.880859375,0.029296875,0.78070337
0.462890625,0.134765625,0.103515625,0.775390625,0.666015625,0.810546875,0.994140625,0.009765625,0.048828125,0.646484375,0.470703125,0.224609375,0.935546875,0.009765625,0.263671875,0.029296875,0.8477834
0.982421875,0.302734375,0.482421875,0.130859375,0.083984375,0.083984375,0.044921875,0.943359375,0.232421875,0.916015625,0.572265625,0.880859375,0.587890625,0.595703125,0.630859375,0.056640625,0.9563139
0.212890625,0.302734375,0.482421875,0.130859375,0.083984375,0.083984375,0.044921875,0.943359375,0.232421875,0.916015625,0.572265625,0.880859375,0.587890625,0.595703125,0.630859375,0.056640625,0.9563139
0.982421875,0.884765625,0.482421875,0.130859375,0.083984375,0.083984375,0.044921875,0.943359375,0.232421875,0.916015625,0.572265625,0.880859375,0.587890625,0.595703125,0.630859375,0.056640625,1.0590116
0.982421875,0.302734375,0.353515625,0.130859375,0.083984375,0.083984375,0.044921875,0.943359375,0.232421875,0.916015625,0.572265625,0.880859375,0.587890625,0.595703125,0.630859375,0.056640625,0.96392745
0.982421875,0.302734375,0.482421875,0.025390625,0.083984375,0.083984375,0.044921875,0.943359375,0.232421875,0.916015625,0.572265625,0.880859375,0.587890625,0.595703125,0.630859375,0.056640625,0.95517224
0.982421875,0.302734375,0.482421875,0.130859375,0.416015625,0.083984375,0.044921875,0.943359375,0.232421875,0.916015625,0.572265625,0.880859375,0.587890625,0.595703125,0.630859375,0.056640625,0.95975834
0.982421875,0.302734375,0.482421875,0.130859375,0.083984375,0.560546875,0.044921875,0.943359375,0.232421875,0.916015625,0.572265625,0.880859375,0.587890625,0.595703125,0.630859375,0.056640625,0.9563139
0.982421875,0.302734375,0.482421875,0.130859375,0.083984375,0.083984375,0.244140625,0.943359375,0.232421875,0.916015625,0.572265625,0.880859375,0.587890625,0.595703125,0.630859375,0.056640625,0.94629216
0.982421875,0.302734375,0.482421875,0.130859375,0.083984375,0.083984375,0.044921875,0.759765625,0.232421875,0.916015625,0.572265625,0.880859375,0.587890625,0.595703125,0.630859375,0.056640625,0.9563167
0.982421875,0.302734375,0.482421875,0.130859375,0.083984375,0.083984375,0.044921875,0.943359375,0.798828125,0.916015625,0.572265625,0.880859375,0.587890625,0.595703125,0.630859375,0.056640625,0.9400989
0.982421875,0.302734375,0.482421875,0.130859375,0.083984375,0.083984375,0.044921875,0.943359375,0.232421875,0.896484375,0.572265625,0.880859375,0.587890625,0.595703125,0.630859375,0.056640625,0.9563139
0.982421875,0.302734375,0.482421875,0.130859375,0.083984375,0.083984375,0.044921875,0.943359375,0.232421875,0.916015625,0.720703125,0.880859375,0.587890625,0.595703125,0.630859375,0.056640625,0.85726964
0.982421875,0.302734375,0.482421875,0.130859375,0.083984375,0.083984375,0.044921875,0.943359375,0.232421875,0.916015625,0.572265625,0.474609375,0.587890625,0.595703125,0.630859375,0.056640625,0.95320666
0.982421875,0.302734375,0.482421875,0.130859375,0.083984375,0.083984375,0.044921875,0.943359375,0.232421875,0.916015625,0.572265625,0.880859375,0.185546875,0.595703125,0.630859375,0.056640625,0.9566432
0.982421875,0.302734375,0.482421875,0.130859375,0.083984375,0.083984375,0.044921875,0.943359375,0.232421875,0.916015625,0.572265625,0.880859375,0.587890625,0.259765625,0.630859375,0.056640625,0.8859792
0.982421875,0.302734375,0.482421875,0.130859375,0.083984375,0.083984375,0.044921875,0.943359375,0.232421875,0.916015625,0.572265625,0.880859375,0.587890625,0.595703125,0.513671875,0.056640625,0.9610005
0.982421875,0.302734375,0.482421875,0.130859375,0.083984375,0.083984375,0.044921875,0.943359375,0.232421875,0.916015625,0.572265625,0.880859375,0.587890625,0.595703125,0.630859375,0.779296875,0.9563139
0.212890625,0.884765625,0.353515625,0.025390625,0.416015625,0.560546875,0.244140625,0.759765625,0.798828125,0.896484375,0.720703125,0.474609375,0.185546875,0.259765625,0.513671875,0.779296875,0.87522364
0.482421875,0.802734375,0.982421875,0.630859375,0.583984375,0.583984375,0.544921875,0.443359375,0.732421875,0.416015625,0.072265625,0.380859375,0.087890625,0.095703125,0.130859375,0.556640625,0.981929
0.712890625,0.802734375,0.982421875,0.630859375,0.583984375,0.583984375,0.544921875,0.443359375,0.732421875,0.416015625,0.072265625,0.380859375,0.087890625,0.095703125,0.130859375,0.556640625,0.981929
0.482421875,0.384765625,0.982421875,0.630859375,0.583984375,0.583984375,0.544921875,0.443359375,0.732421875,0.416015625,0.072265625,0.380859375,0.087890625,0.095703125,0.130859375,0.556640625,0.90857226
0.482421875,0.802734375,0.853515625,0.630859375,0.583984375,0.583984375,0.544921875,0.443359375,0.732421875,0.416015625,0.072265625,0.380859375,0.087890625,0.095703125,0.130859375,0.556640625,0.9958542
0.482421875,0.802734375,0.982421875,0.525390625,0.583984375,0.583984375,0.544921875,0.443359375,0.732421875,0.416015625,0.072265625,0.380859375,0.087890625,0.095703125,0.130859375,0.556640625,0.9586877
0.482421875,0.802734375,0.982421875,0.630859375,0.916015625,0.583984375,0.544921875,0.443359375,0.732421875,0.416015625,0.072265625,0.380859375,0.087890625,0.095703125,0.130859375,0.556640625,0.98785144
0.482421875,0.802734375,0.982421875,0.630859375,0.583984375,0.060546875,0.544921875,0.443359375,0.732421875,0.416015625,0.072265625,0.380859375,0.087890625,0.095703125,0.130859375,0.556640625,0.981929
0.482421875,0.802734375,0.982421875,0.630859375,0.583984375,0.583984375,0.744140625,0.443359375,0.732421875,0.416015625,0.072265625,0.380859375,0.087890625,0.095703125,0.130859375,0.556640625,0.9523168
0.482421875,0.802734375,0.982421875,0.630859375,0.583984375,0.583984375,0.544921875,0.259765625,0.732421875,0.416015625,0.072265625,0.380859375,0.087890625,0.095703125,0.130859375,0.556640625,0.98171
0.482421875,0.802734375,0.982421875,0.630859375,0.583984375,0.583984375,0.544921875,0.443359375,0.298828125,0.416015625,0.072265625,0.380859375,0.087890625,0.095703125,0.130859375,0.556640625,1.0259438
0.482421875,0.802734375,0.982421875,0.630859375,0.583984375,0.583984375,0.544921875,0.443359375,0.732421875,0.396484375,0.072265625,0.380859375,0.087890625,0.095703125,0.130859375,0.556640625,0.9813606
0.482421875,0.802734375,0.982421875,0.630859375,0.583984375,0.583984375,0.544921875,0.443359375,0.732421875,0.416015625,0.220703125,0.380859375,0.087890625,0.095703125,0.130859375,0.556640625,0.97704786
0.482421875,0.802734375,0.982421875,0.630859375,0.583984375,0.583984375,0.544921875,0.443359375,0.732421875,0.416015625,0.072265625,0.974609375,0.087890625,0.095703125,0.130859375,0.556640625,0.9870737
0.482421875,0.802734375,0.982421875,0.630859375,0.583984375,0.583984375,0.544921875,0.443359375,0.732421875,0.416015625,0.072265625,0.380859375,0.685546875,0.095703125,0.130859375,0.556640625,0.9818881
0.482421875,0.802734375,0.982421875,0.630859375,0.583984375,0.583984375,0.544921875,0.443359375,0.732421875,0.416015625,0.072265625,0.380859375,0.087890625,0.759765625,0.130859375,0.556640625,1.1227635
0.482421875,0.802734375,0.982421875,0.630859375,0.583984375,0.583984375,0.544921875,0.443359375,0.732421875,0.416015625,0.072265625,0.380859375,0.087890625,0.095703125,0.013671875,0.556640625,0.98410994
0.482421875,0.802734375,0.982421875,0.630859375,0.583984375,0.583984375,0.544921875,0.443359375,0.732421875,0.416015625,0.072265625,0.380859375,0.087890625,0.095703125,0.130859375,0.279296875,0.981929
0.712890625,0.384765625,0.853515625,0.525390625,0.916015625,0.060546875,0.744140625,0.259765625,0.298828125,0.396484375,0.220703125,0.974609375,0.685546875,0.759765625,0.013671875,0.279296875,1.0620315
0.357421875,0.427734375,0.607421875,0.505859375,0.708984375,0.958984375,0.169921875,0.818359375,0.107421875,0.541015625,0.697265625,0.255859375,0.712890625,0.470703125,0.005859375,0.681640625,0.8678255
0.587890625,0.427734375,0.607421875,0.505859375,0.708984375,0.958984375,0.169921875,0.818359375,0.107421875,0.541015625,0.697265625,0.255859375,0.712890625,0.470703125,0.005859375,0.681640625,0.8678255
0.357421875,0.259765625,0.607421875,0.505859375,0.708984375,0.958984375,0.169921875,0.818359375,0.107421875,0.541015625,0.697265625,0.255859375,0.712890625,0.470703125,0.005859375,0.681640625,0.84696114
0.357421875,0.427734375,0.478515625,0.505859375,0.708984375,0.958984375,0.169921875,0.818359375,0.107421875,0.541015625,0.697265625,0.255859375,0.712890625,0.470703125,0.005859375,0.681640625,0.8768396
0.357421875,0.427734375,0.607421875,0.400390625,0.708984375,0.958984375,0.169921875,0.818359375,0.107421875,0.541015625,0.697265625,0.255859375,0.712890625,0.470703125,0.005859375,0.681640625,0.8542882
0.357421875,0.427734375,0.607421875,0.505859375,0.041015625,0.958984375,0.169921875,0.818359375,0.107421875,0.541015625,0.697265625,0.255859375,0.712890625,0.470703125,0.005859375,0.681640625,0.8597006
0.357421875,0.427734375,0.607421875,0.505859375,0.708984375,0.435546875,0.169921875,0.818359375,0.107421875,0.541015625,0.697265625,0.255859375,0.712890625,0.470703125,0.005859375,0.681640625,0.8678255
0.357421875,0.427734375,0.607421875,0.505859375,0.708984375,0.958984375,0.119140625,0.818359375,0.107421875,0.541015625,0.697265625,0.255859375,0.712890625,0.470703125,0.005859375,0.681640625,0.8703621
0.357421875,0.427734375,0.607421875,0.505859375,0.708984375,0.958984375,0.169921875,0.384765625,0.107421875,0.541015625,0.697265625,0.255859375,0.712890625,0.470703125,0.005859375,0.681640625,0.8678664
0.357421875,0.427734375,0.607421875,0.505859375,0.708984375,0.958984375,0.169921875,0.818359375,0.423828125,0.541015625,0.697265625,0.255859375,0.712890625,0.470703125,0.005859375,0.681640625,0.93006927
0.357421875,0.427734375,0.607421875,0.505859375,0.708984375,0.958984375,0.169921875,0.818359375,0.107421875,0.771484375,0.697265625,0.255859375,0.712890625,0.470703125,0.005859375,0.681640625,0.8679209
0.357421875,0.427734375,0.607421875,0.505859375,0.708984375,0.958984375,0.169921875,0.818359375,0.107421875,0.541015625,0.595703125,0.255859375,0.712890625,0.470703125,0.005859375,0.681640625,0.93557775
0.357421875,0.427734375,0.607421875,0.505859375,0.708984375,0.958984375,0.169921875,0.818359375,0.107421875,0.541015625,0.697265625,0.099609375,0.712890625,0.470703125,0.005859375,0.681640625,0.8609343
0.357421875,0.427734375,0.607421875,0.505859375,0.708984375,0.958984375,0.169921875,0.818359375,0.107421875,0.541015625,0.697265625,0.255859375,0.310546875,0.470703125,0.005859375,0.681640625,0.8678436
0.357421875,0.427734375,0.607421875,0.505859375,0.708984375,0.958984375,0.169921875,0.818359375,0.107421875,0.541015625,0.697265625,0.255859375,0.712890625,0.634765625,0.005859375,0.681640625,0.90742564
0.357421875,0.427734375,0.607421875,0.505859375,0.708984375,0.958984375,0.169921875,0.818359375,0.107421875,0.541015625,0.697265625,0.255859375,0.712890625,0.470703125,0.638671875,0.681640625,0.8495929
0.357421875,0.427734375,0.607421875,0.505859375,0.708984375,0.958984375,0.169921875,0.818359375,0.107421875,0.541015625,0.697265625,0.255859375,0.712890625,0.470703125,0.005859375,0.654296875,0.8678255
0.587890625,0.259765625,0.478515625,0.400390625,0.041015625,0.435546875,0.119140625,0.384765625,0.423828125,0.771484375,0.595703125,0.099609375,0.310546875,0.634765625,0.638671875,0.654296875,0.9814765
0.857421875,0.927734375,0.107421875,0.005859375,0.208984375,0.458984375,0.669921875,0.318359375,0.607421875,0.041015625,0.197265625,0.755859375,0.212890625,0.970703125,0.505859375,0.181640625,-0.8126028
0.087890625,0.927734375,0.107421875,0.005859375,0.208984375,0.458984375,0.669921875,0.318359375,0.607421875,0.041015625,0.197265625,0.755859375,0.212890625,0.970703125,0.505859375,0.181640625,-0.8126028
0.857421875,0.759765625,0.107421875,0.005859375,0.208984375,0.458984375,0.669921875,0.318359375,0.607421875,0.041015625,0.197265625,0.755859375,0.212890625,0.970703125,0.505859375,0.181640625,-0.8518589
0.857421875,0.927734375,0.978515625,0.005859375,0.208984375,0.458984375,0.669921875,0.318359375,0.607421875,0.041015625,0.197265625,0.755859375,0.212890625,0.970703125,0.505859375,0.181640625,-0.8750976
0.857421875,0.927734375,0.107421875,0.900390625,0.208984375,0.458984375,0.669921875,0.318359375,0.607421875,0.041015625,0.197265625,0.755859375,0.212890625,0.970703125,0.505859375,0.181640625,-0.6926262
0.857421875,0.927734375,0.107421875,0.005859375,0.541015625,0.458984375,0.669921875,0.318359375,0.607421875,0.041015625,0.197265625,0.755859375,0.212890625,0.970703125,0.505859375,0.181640625,-0.80860156
0.857421875,0.927734375,0.107421875,0.005859375,0.208984375,0.935546875,0.669921875,0.318359375,0.607421875,0.041015625,0.197265625,0.755859375,0.212890625,0.970703125,0.505859375,0.181640625,-0.8126028
0.857421875,0.927734375,0.107421875,0.005859375,0.208984375,0.458984375,0.619140625,0.318359375,0.607421875,0.041015625,0.197265625,0.755859375,0.212890625,0.970703125,0.505859375,0.181640625,-0.80508035
0.857421875,0.927734375,0.107421875,0.005859375,0.208984375,0.458984375,0.669921875,0.884765625,0.607421875,0.041015625,0.197265625,0.755859375,0.212890625,0.970703125,0.505859375,0.181640625,-0.81261533
0.857421875,0.927734375,0.107421875,0.005859375,0.208984375,0.458984375,0.669921875,0.318359375,0.923828125,0.041015625,0.197265625,0.755859375,0.212890625,0.970703125,0.505859375,0.181640625,-0.78956753
0.857421875,0.927734375,0.107421875,0.005859375,0.208984375,0.458984375,0.669921875,0.318359375,0.607421875,0.271484375,0.197265625,0.755859375,0.212890625,0.970703125,0.505859375,0.181640625,1.2014427
0.857421875,0.927734375,0.107421875,0.005859375,0.208984375,0.458984375,0.669921875,0.318359375,0.607421875,0.041015625,0.095703125,0.755859375,0.212890625,0.970703125,0.505859375,0.181640625,-0.8093371
0.857421875,0.927734375,0.107421875,0.005859375,0.208984375,0.458984375,0.669921875,0.318359375,0.607421875,0.041015625,0.197265625,0.599609375,0.212890625,0.970703125,0.505859375,0.181640625,-0.8136789
0.857421875,0.927734375,0.107421875,0.005859375,0.208984375,0.458984375,0.669921875,0.318359375,0.607421875,0.041015625,0.197265625,0.755859375,0.810546875,0.970703125,0.505859375,0.181640625,-0.81260806
0.857421875,0.927734375,0.107421875,0.005859375,0.208984375,0.458984375,0.669921875,0.318359375,0.607421875,0.041015625,0.197265625,0.755859375,0.212890625,0.134765625,0.505859375,0.181640625,-1.0192478
0.857421875,0.927734375,0.107421875,0.005859375,0.208984375,0.458984375,0.669921875,0.318359375,0.607421875,0.041015625,0.197265625,0.755859375,0.212890625,0.970703125,0.138671875,0.181640625,-0.80215484
0.857421875,0.927734375,0.107421875,0.005859375,0.208984375,0.458984375,0.669921875,0.318359375,0.607421875,0.041015625,0.197265625,0.755859375,0.212890625,0.970703125,0.505859375,0.154296875,-0.8126028
0.087890625,0.759765625,0.978515625,0.900390625,0.541015625,0.935546875,0.619140625,0.884765625,0.923828125,0.271484375,0.095703125,0.599609375,0.810546875,0.134765625,0.138671875,0.154296875,1.0602027
0.607421875,0.177734375,0.857421875,0.755859375,0.458984375,0.208984375,0.419921875,0.068359375,0.857421875,0.291015625,0.447265625,0.505859375,0.962890625,0.220703125,0.755859375,0.931640625,0.92066395
0.337890625,0.177734375,0.857421875,0.755859375,0.458984375,0.208984375,0.419921875,0.068359375,0.857421875,0.291015625,0.447265625,0.505859375,0.962890625,0.220703125,0.755859375,0.931640625,0.92066395
0.607421875,0.009765625,0.857421875,0.755859375,0.458984375,0.208984375,0.419921875,0.068359375,0.857421875,0.291015625,0.447265625,0.505859375,0.962890625,0.220703125,0.755859375,0.931640625,0.90683174
0.607421875,0.177734375,0.728515625,0.755859375,0.458984375,0.208984375,0.419921875,0.068359375,0.857421875,0.291015625,0.447265625,0.505859375,0.962890625,0.220703125,0.755859375,0.931640625,0.9328339
0.607421875,0.177734375,0.857421875,0.150390625,0.458984375,0.208984375,0.419921875,0.068359375,0.857421875,0.291015625,0.447265625,0.505859375,0.962890625,0.220703125,0.755859375,0.931640625,0.83495295
0.607421875,0.177734375,0.857421875,0.755859375,0.291015625,0.208984375,0.419921875,0.068359375,0.857421875,0.291015625,0.447265625,0.505859375,0.962890625,0.220703125,0.755859375,0.931640625,0.9186444
0.607421875,0.177734375,0.857421875,0.755859375,0.458984375,0.685546875,0.419921875,0.068359375,0.857421875,0.291015625,0.447265625,0.505859375,0.962890625,0.220703125,0.755859375,0.931640625,0.92066395
0.607421875,0.177734375,0.857421875,0.755859375,0.458984375,0.208984375,0.369140625,0.068359375,0.857421875,0.291015625,0.447265625,0.505859375,0.962890625,0.220703125,0.755859375,0.931640625,0.92525136
0.607421875,0.177734375,0.857421875,0.755859375,0.458984375,0.208984375,0.419921875,0.134765625,0.857421875,0.291015625,0.447265625,0.505859375,0.962890625,0.220703125,0.755859375,0.931640625,0.9206649
0.607421875,0.177734375,0.857421875,0.755859375,0.458984375,0.208984375,0.419921875,0.068359375,0.173828125,0.291015625,0.447265625,0.505859375,0.962890625,0.220703125,0.755859375,0.931640625,0.90613997
0.607421875,0.177734375,0.857421875,0.755859375,0.458984375,0.208984375,0.419921875,0.068359375,0.857421875,0.021484375,0.447265625,0.505859375,0.962890625,0.220703125,0.755859375,0.931640625,-1.9943627
0.607421875,0.177734375,0.857421875,0.755859375,0.458984375,0.208984375,0.419921875,0.068359375,0.857421875,0.291015625,0.845703125,0.505859375,0.962890625,0.220703125,0.755859375,0.931640625,0.6577436
0.607421875,0.177734375,0.857421875,0.755859375,0.458984375,0.208984375,0.419921875,0.068359375,0.857421875,0.291015625,0.447265625,0.849609375,0.962890625,0.220703125,0.755859375,0.931640625,0.92320585
0.607421875,0.177734375,0.857421875,0.755859375,0.458984375,0.208984375,0.419921875,0.068359375,0.857421875,0.291015625,0.447265625,0.505859375,0.060546875,0.220703125,0.755859375,0.931640625,0.9206654
0.607421875,0.177734375,0.857421875,0.755859375,0.458984375,0.208984375,0.419921875,0.068359375,0.857421875,0.291015625,0.447265625,0.505859375,0.962890625,0.384765625,0.755859375,0.931640625,0.9500383
0.607421875,0.177734375,0.857421875,0.755859375,0.458984375,0.208984375,0.419921875,0.068359375,0.857421875,0.291015625,0.447265625,0.505859375,0.962890625,0.220703125,0.888671875,0.931640625,0.9135292
0.607421875,0.177734375,0.857421875,0.755859375,0.458984375,0.208984375,0.419921875,0.068359375,0.857421875,0.291015625,0.447265625,0.505859375,0.962890625,0.220703125,0.755859375,0.904296875,0.92066395
0.337890625,0.009765625,0.728515625,0.150390625,0.291015625,0.685546875,0.369140625,0.134765625,0.173828125,0.021484375,0.845703125,0.849609375,0.060546875,0.384765625,0.888671875,0.904296875,-2.3318286
0.107421875,0.677734375,0.357421875,0.255859375,0.958984375,0.708984375,0.919921875,0.568359375,0.357421875,0.791015625,0.947265625,0.005859375,0.462890625,0.720703125,0.255859375,0.431640625,0.6738985
0.837890625,0.677734375,0.357421875,0.255859375,0.958984375,0.708984375,0.919921875,0.568359375,0.357421875,0.791015625,0.947265625,0.005859375,0.462890625,0.720703125,0.255859375,0.431640625,0.6738985
0.107421875,0.509765625,0.357421875,0.255859375,0.958984375,0.708984375,0.919921875,0.568359375,0.357421875,0.791015625,0.947265625,0.005859375,0.462890625,0.720703125,0.255859375,0.431640625,0.64455956
0.107421875,0.677734375,0.228515625,0.255859375,0.958984375,0.708984375,0.919921875,0.568359375,0.357421875,0.791015625,0.947265625,0.005859375,0.462890625,0.720703125,0.255859375,0.431640625,0.6802298
0.107421875,0.677734375,0.357421875,0.650390625,0.958984375,0.708984375,0.919921875,0.568359375,0.357421875,0.791015625,0.947265625,0.005859375,0.462890625,0.720703125,0.255859375,0.431640625,0.7280952
0.107421875,0.677734375,0.357421875,0.255859375,0.791015625,0.708984375,0.919921875,0.568359375,0.357421875,0.791015625,0.947265625,0.005859375,0.462890625,0.720703125,0.255859375,0.431640625,0.6705408
0.107421875,0.677734375,0.357421875,0.255859375,0.958984375,0.185546875,0.919921875,0.568359375,0.357421875,0.791015625,0.947265625,0.005859375,0.462890625,0.720703125,0.255859375,0.431640625,0.6738985
0.107421875,0.677734375,0.357421875,0.255859375,0.958984375,0.708984375,0.869140625,0.568359375,0.357421875,0.791015625,0.947265625,0.005859375,0.462890625,0.720703125,0.255859375,0.431640625,0.68539864
0.107421875,0.677734375,0.357421875,0.255859375,0.958984375,0.708984375,0.919921875,0.634765625,0.357421875,0.791015625,0.947265625,0.005859375,0.462890625,0.720703125,0.255859375,0.431640625,0.6738708
0.107421875,0.677734375,0.357421875,0.255859375,0.958984375,0.708984375,0.919921875,0.568359375,0.673828125,0.791015625,0.947265625,0.005859375,0.462890625,0.720703125,0.255859375,0.431640625,0.62067515
0.107421875,0.677734375,0.357421875,0.255859375,0.958984375,0.708984375,0.919921875,0.568359375,0.357421875,0.521484375,0.947265625,0.005859375,0.462890625,0.720703125,0.255859375,0.431640625,0.67375547
0.107421875,0.677734375,0.357421875,0.255859375,0.958984375,0.708984375,0.919921875,0.568359375,0.357421875,0.791015625,0.345703125,0.005859375,0.462890625,0.720703125,0.255859375,0.431640625,1.053327
0.107421875,0.677734375,0.357421875,0.255859375,0.958984375,0.708984375,0.919921875,0.568359375,0.357421875,0.791015625,0.947265625,0.349609375,0.462890625,0.720703125,0.255859375,0.431640625,0.6892337
0.107421875,0.677734375,0.357421875,0.255859375,0.958984375,0.708984375,0.919921875,0.568359375,0.357421875,0.791015625,0.947265625,0.005859375,0.560546875,0.720703125,0.255859375,0.431640625,0.67364514
0.107421875,0.677734375,0.357421875,0.255859375,0.958984375,0.708984375,0.919921875,0.568359375,0.357421875,0.791015625,0.947265625,0.005859375,0.462890625,0.884765625,0.255859375,0.431640625,0.7258596
0.107421875,0.677734375,0.357421875,0.255859375,0.958984375,0.708984375,0.919921875,0.568359375,0.357421875,0.791015625,0.947265625,0.005859375,0.462890625,0.720703125,0.388671875,0.431640625,0.67014045
0.107421875,0.677734375,0.357421875,0.255859375,0.958984375,0.708984375,0.919921875,0.568359375,0.357421875,0.791015625,0.947265625,0.005859375,0.462890625,0.720703125,0.255859375,0.404296875,0.6738985
0.837890625,0.509765625,0.228515625,0.650390625,0.791015625,0.185546875,0.869140625,0.634765625,0.673828125,0.521484375,0.345703125,0.349609375,0.560546875,0.884765625,0.388671875,0.404296875,1.1025488
0.076171875,0.146484375,0.701171875,0.724609375,0.052734375,0.490234375,0.701171875,0.099609375,0.451171875,0.322265625,0.978515625,0.349609375,0.556640625,0.501953125,0.912109375,0.712890625,0.58125454
0.931640625,0.146484375,0.701171875,0.724609375,0.052734375,0.490234375,0.701171875,0.099609375,0.451171875,0.322265625,0.978515625,0.349609375,0.556640625,0.501953125,0.912109375,0.712890625,0.58125454
0.076171875,0.916015625,0.701171875,0.724609375,0.052734375,0.490234375,0.701171875,0.099609375,0.451171875,0.322265625,0.978515625,0.349609375,0.556640625,0.501953125,0.912109375,0.712890625,0.7078267
0.076171875,0.146484375,0.634765625,0.724609375,0.052734375,0.490234375,0.701171875,0.099609375,0.451171875,0.322265625,0.978515625,0.349609375,0.556640625,0.501953125,0.912109375,0.712890625,0.58667856
0.076171875,0.146484375,0.701171875,0.119140625,0.052734375,0.490234375,0.701171875,0.099609375,0.451171875,0.322265625,0.978515625,0.349609375,0.556640625,0.501953125,0.912109375,0.712890625,0.5035439
0.076171875,0.146484375,0.701171875,0.724609375,0.634765625,0.490234375,0.701171875,0.099609375,0.451171875,0.322265625,0.978515625,0.349609375,0.556640625,0.501953125,0.912109375,0.712890625,0.5880622
0.076171875,0.146484375,0.701171875,0.724609375,0.052734375,0.091796875,0.701171875,0.099609375,0.451171875,0.322265625,0.978515625,0.349609375,0.556640625,0.501953125,0.912109375,0.712890625,0.58125454
0.076171875,0.146484375,0.701171875,0.724609375,0.052734375,0.490234375,0.837890625,0.099609375,0.451171875,0.322265625,0.978515625,0.349609375,0.556640625,0.501953125,0.912109375,0.712890625,0.55599236
0.076171875,0.146484375,0.701171875,0.724609375,0.052734375,0.490234375,0.701171875,0.916015625,0.451171875,0.322265625,0.978515625,0.349609375,0.556640625,0.501953125,0.912109375,0.712890625,0.5812538
0.076171875,0.146484375,0.701171875,0.724609375,0.052734375,0.490234375,0.701171875,0.099609375,0.455078125,0.322265625,0.978515625,0.349609375,0.556640625,0.501953125,0.912109375,0.712890625,0.5807858
0.076171875,0.146484375,0.701171875,0.724609375,0.052734375,0.490234375,0.701171875,0.099609375,0.451171875,0.115234375,0.978515625,0.349609375,0.556640625,0.501953125,0.912109375,0.712890625,0.10671947
0.076171875,0.146484375,0.701171875,0.724609375,0.052734375,0.490234375,0.701171875,0.099609375,0.451171875,0.322265625,0.251953125,0.349609375,0.556640625,0.501953125,0.912109375,0.712890625,0.9959014
0.076171875,0.146484375,0.701171875,0.724609375,0.052734375,0.490234375,0.701171875,0.099609375,0.451171875,0.322265625,0.978515625,0.318359375,0.556640625,0.501953125,0.912109375,0.712890625,0.58035284
0.076171875,0.146484375,0.701171875,0.724609375,0.052734375,0.490234375,0.701171875,0.099609375,0.451171875,0.322265625,0.978515625,0.349609375,0.904296875,0.501953125,0.912109375,0.712890625,0.581583
0.076171875,0.146484375,0.701171875,0.724609375,0.052734375,0.490234375,0.701171875,0.099609375,0.451171875,0.322265625,0.978515625,0.349609375,0.556640625,0.166015625,0.912109375,0.712890625,0.51848495
0.076171875,0.146484375,0.701171875,0.724609375,0.052734375,0.490234375,0.701171875,0.099609375,0.451171875,0.322265625,0.978515625,0.349609375,0.556640625,0.501953125,0.857421875,0.712890625,0.5843962
0.076171875,0.146484375,0.701171875,0.724609375,0.052734375,0.490234375,0.701171875,0.099609375,0.451171875,0.322265625,0.978515625,0.349609375,0.556640625,0.501953125,0.912109375,0.060546875,0.58125454
0.931640625,0.916015625,0.634765625,0.119140625,0.634765625,0.091796875,0.837890625,0.916015625,0.455078125,0.115234375,0.251953125,0.318359375,0.904296875,0.166015625,0.857421875,0.060546875,0.49652717
0.576171875,0.646484375,0.201171875,0.224609375,0.552734375,0.990234375,0.201171875,0.599609375,0.951171875,0.822265625,0.478515625,0.849609375,0.056640625,0.001953125,0.412109375,0.212890625,0.9853685
0.431640625,0.646484375,0.201171875,0.224609375,0.552734375,0.990234375,0.201171875,0.599609375,0.951171875,0.822265625,0.478515625,0.849609375,0.056640625,0.001953125,0.412109375,0.212890625,0.9853685
0.576171875,0.416015625,0.201171875,0.224609375,0.552734375,0.990234375,0.201171875,0.599609375,0.951171875,0.822265625,0.478515625,0.849609375,0.056640625,0.001953125,0.412109375,0.212890625,0.94817233
0.576171875,0.646484375,0.134765625,0.224609375,0.552734375,0.990234375,0.201171875,0.599609375,0.951171875,0.822265625,0.478515625,0.849609375,0.056640625,0.001953125,0.412109375,0.212890625,0.9880284
0.576171875,0.646484375,0.201171875,0.619140625,0.552734375,0.990234375,0.201171875,0.599609375,0.951171875,0.822265625,0.478515625,0.849609375,0.056640625,0.001953125,0.412109375,0.212890625,1.032587
0.576171875,0.646484375,0.201171875,0.224609375,0.134765625,0.990234375,0.201171875,0.599609375,0.951171875,0.822265625,0.478515625,0.849609375,0.056640625,0.001953125,0.412109375,0.212890625,0.9805027
0.576171875,0.646484375,0.201171875,0.224609375,0.552734375,0.591796875,0.201171875,0.599609375,0.951171875,0.822265625,0.478515625,0.849609375,0.056640625,0.001953125,0.412109375,0.212890625,0.9853685
0.576171875,0.646484375,0.201171875,0.224609375,0.552734375,0.990234375,0.337890625,0.599609375,0.951171875,0.822265625,0.478515625,0.849609375,0.056640625,0.001953125,0.412109375,0.212890625,0.97602606
0.576171875,0.646484375,0.201171875,0.224609375,0.552734375,0.990234375,0.201171875,0.416015625,0.951171875,0.822265625,0.478515625,0.849609375,0.056640625,0.001953125,0.412109375,0.212890625,0.9854473
0.576171875,0.646484375,0.201171875,0.224609375,0.552734375,0.990234375,0.201171875,0.599609375,0.955078125,0.822265625,0.478515625,0.849609375,0.056640625,0.001953125,0.412109375,0.212890625,0.9863163
0.576171875,0.646484375,0.201171875,0.224609375,0.552734375,0.990234375,0.201171875,0.599609375,0.951171875,0.615234375,0.478515625,0.849609375,0.056640625,0.001953125,0.412109375,0.212890625,0.9853456
0.576171875,0.646484375,0.201171875,0.224609375,0.552734375,0.990234375,0.201171875,0.599609375,0.951171875,0.822265625,0.751953125,0.849609375,0.056640625,0.001953125,0.412109375,0.212890625,0.82357585
0.576171875,0.646484375,0.201171875,0.224609375,0.552734375,0.990234375,0.201171875,0.599609375,0.951171875,0.822265625,0.478515625,0.818359375,0.056640625,0.001953125,0.412109375,0.212890625,0.9853123
0.576171875,0.646484375,0.201171875,0.224609375,0.552734375,0.990234375,0.201171875,0.599609375,0.951171875,0.822265625,0.478515625,0.849609375,0.404296875,0.001953125,0.412109375,0.212890625,0.9853405
0.576171875,0.646484375,0.201171875,0.224609375,0.552734375,0.990234375,0.201171875,0.599609375,0.951171875,0.822265625,0.478515625,0.849609375,0.056640625,0.666015625,0.412109375,0.212890625,1.111181
0.576171875,0.646484375,0.201171875,0.224609375,0.552734375,0.990234375,0.201171875,0.599609375,0.951171875,0.822265625,0.478515625,0.849609375,0.056640625,0.001953125,0.357421875,0.212890625,0.9870645
0.576171875,0.646484375,0.201171875,0.224609375,0.552734375,0.990234375,0.201171875,0.599609375,0.951171875,0.822265625,0.478515625,0.849609375,0.056640625,0.001953125,0.412109375,0.560546875,0.9853685
0.431640625,0.416015625,0.134765625,0.619140625,0.134765625,0.591796875,0.337890625,0.416015625,0.955078125,0.615234375,0.751953125,0.818359375,0.404296875,0.666015625,0.357421875,0.560546875,0.95047843
0.826171875,0.396484375,0.951171875,0.974609375,0.802734375,0.740234375,0.951171875,0.849609375,0.701171875,0.572265625,0.228515625,0.599609375,0.806640625,0.751953125,0.162109375,0.962890625,1.0597098
0.181640625,0.396484375,0.951171875,0.974609375,0.802734375,0.740234375,0.951171875,0.849609375,0.701171875,0.572265625,0.228515625,0.599609375,0.806640625,0.751953125,0.162109375,0.962890625,1.0597098
0.826171875,0.666015625,0.951171875,0.974609375,0.802734375,0.740234375,0.951171875,0.849609375,0.701171875,0.572265625,0.228515625,0.599609375,0.806640625,0.751953125,0.162109375,0.962890625,1.1032405
0.826171875,0.396484375,0.384765625,0.974609375,0.802734375,0.740234375,0.951171875,0.849609375,0.701171875,0.572265625,0.228515625,0.599609375,0.806640625,0.751953125,0.162109375,0.962890625,1.106412
0.826171875,0.396484375,0.951171875,0.369140625,0.802734375,0.740234375,0.951171875,0.849609375,0.701171875,0.572265625,0.228515625,0.599609375,0.806640625,0.751953125,0.162109375,0.962890625,0.9395309
0.826171875,0.396484375,0.951171875,0.974609375,0.884765625,0.740234375,0.951171875,0.849609375,0.701171875,0.572265625,0.228515625,0.599609375,0.806640625,0.751953125,0.162109375,0.962890625,1.0613034
0.826171875,0.396484375,0.951171875,0.974609375,0.802734375,0.841796875,0.951171875,0.849609375,0.701171875,0.572265625,0.228515625,0.599609375,0.806640625,0.751953125,0.162109375,0.962890625,1.0597098
0.826171875,0.396484375,0.951171875,0.974609375,0.802734375,0.740234375,0.587890625,0.849609375,0.701171875,0.572265625,0.228515625,0.599609375,0.806640625,0.751953125,0.162109375,0.962890625,1.1274412
0.826171875,0.396484375,0.951171875,0.974609375,0.802734375,0.740234375,0.951171875,0.666015625,0.701171875,0.572265625,0.228515625,0.599609375,0.806640625,0.751953125,0.162109375,0.962890625,1.0597172
0.826171875,0.396484375,0.951171875,0.974609375,0.802734375,0.740234375,0.951171875,0.849609375,0.205078125,0.572265625,0.228515625,0.599609375,0.806640625,0.751953125,0.162109375,0.962890625,1.0744445
0.826171875,0.396484375,0.951171875,0.974609375,0.802734375,0.740234375,0.951171875,0.849609375,0.701171875,0.865234375,0.228515625,0.599609375,0.806640625,0.751953125,0.162109375,0.962890625,1.0597632
0.826171875,0.396484375,0.951171875,0.974609375,0.802734375,0.740234375,0.951171875,0.849609375,0.701171875,0.572265625,0.001953125,0.599609375,0.806640625,0.751953125,0.162109375,0.962890625,1.0660622
0.826171875,0.396484375,0.951171875,0.974609375,0.802734375,0.740234375,0.951171875,0.849609375,0.701171875,0.572265625,0.228515625,0.568359375,0.806640625,0.751953125,0.162109375,0.962890625,1.0593579
0.826171875,0.396484375,0.951171875,0.974609375,0.802734375,0.740234375,0.951171875,0.849609375,0.701171875,0.572265625,0.228515625,0.599609375,0.654296875,0.751953125,0.162109375,0.962890625,1.0596442
0.826171875,0.396484375,0.951171875,0.974609375,0.802734375,0.740234375,0.951171875,0.849609375,0.701171875,0.572265625,0.228515625,0.599609375,0.806640625,0.916015625,0.162109375,0.962890625,1.1133761
0.826171875,0.396484375,0.951171875,0.974609375,0.802734375,0.740234375,0.951171875,0.849609375,0.701171875,0.572265625,0.228515625,0.599609375,0.806640625,0.751953125,0.607421875,0.962890625,1.0457824
0.826171875,0.396484375,0.951171875,0.974609375,0.802734375,0.740234375,0.951171875,0.849609375,0.701171875,0.572265625,0.228515625,0.599609375,0.806640625,0.751953125,0.162109375,0.310546875,1.0597097
0.181640625,0.666015625,0.384765625,0.369140625,0.884765625,0.841796875,0.587890625,0.666015625,0.205078125,0.865234375,0.001953125,0.568359375,0.654296875,0.916015625,0.607421875,0.310546875,1.1595576
0.326171875,0.896484375,0.451171875,0.474609375,0.302734375,0.240234375,0.451171875,0.349609375,0.201171875,0.072265625,0.728515625,0.099609375,0.306640625,0.251953125,0.662109375,0.462890625,-0.26231104
0.681640625,0.896484375,0.451171875,0.474609375,0.302734375,0.240234375,0.451171875,0.349609375,0.201171875,0.072265625,0.728515625,0.099609375,0.306640625,0.251953125,0.662109375,0.462890625,-0.26231104
0.326171875,0.166015625,0.451171875,0.474609375,0.302734375,0.240234375,0.451171875,0.349609375,0.201171875,0.072265625,0.728515625,0.099609375,0.306640625,0.251953125,0.662109375,0.462890625,-0.38221318
0.326171875,0.896484375,0.884765625,0.474609375,0.302734375,0.240234375,0.451171875,0.349609375,0.201171875,0.072265625,0.728515625,0.099609375,0.306640625,0.251953125,0.662109375,0.462890625,-0.29792154
0.326171875,0.896484375,0.451171875,0.869140625,0.302734375,0.240234375,0.451171875,0.349609375,0.201171875,0.072265625,0.728515625,0.099609375,0.306640625,0.251953125,0.662109375,0.462890625,-0.17019138
0.326171875,0.896484375,0.451171875,0.474609375,0.384765625,0.240234375,0.451171875,0.349609375,0.201171875,0.072265625,0.728515625,0.099609375,0.306640625,0.251953125,0.662109375,0.462890625,-0.2613607
0.326171875,0.896484375,0.451171875,0.474609375,0.302734375,0.341796875,0.451171875,0.349609375,0.201171875,0.072265625,0.728515625,0.099609375,0.306640625,0.251953125,0.662109375,0.462890625,-0.26231104
0.326171875,0.896484375,0.451171875,0.474609375,0.302734375,0.240234375,0.087890625,0.349609375,0.201171875,0.072265625,0.728515625,0.099609375,0.306640625,0.251953125,0.662109375,0.462890625,-0.237052
0.326171875,0.896484375,0.451171875,0.474609375,0.302734375,0.240234375,0.451171875,0.166015625,0.201171875,0.072265625,0.728515625,0.099609375,0.306640625,0.251953125,0.662109375,0.462890625,-0.2623301
0.326171875,0.896484375,0.451171875,0.474609375,0.302734375,0.240234375,0.451171875,0.349609375,0.705078125,0.072265625,0.728515625,0.099609375,0.306640625,0.251953125,0.662109375,0.462890625,-0.27629477
0.326171875,0.896484375,0.451171875,0.474609375,0.302734375,0.240234375,0.451171875,0.349609375,0.201171875,0.365234375,0.728515625,0.099609375,0.306640625,0.251953125,0.662109375,0.462890625,0.85316366
0.326171875,0.896484375,0.451171875,0.474609375,0.302734375,0.240234375,0.451171875,0.349609375,0.201171875,0.072265625,0.501953125,0.099609375,0.306640625,0.251953125,0.662109375,0.462890625,-0.1288077
0.326171875,0.896484375,0.451171875,0.474609375,0.302734375,0.240234375,0.451171875,0.349609375,0.201171875,0.072265625,0.728515625,0.068359375,0.306640625,0.251953125,0.662109375,0.462890625,-0.2640165
0.326171875,0.896484375,0.451171875,0.474609375,0.302734375,0.240234375,0.451171875,0.349609375,0.201171875,0.072265625,0.728515625,0.099609375,0.154296875,0.251953125,0.662109375,0.462890625,-0.262304
0.326171875,0.896484375,0.451171875,0.474609375,0.302734375,0.240234375,0.451171875,0.349609375,0.201171875,0.072265625,0.728515625,0.099609375,0.306640625,0.416015625,0.662109375,0.462890625,-0.23176834
0.326171875,0.896484375,0.451171875,0.474609375,0.302734375,0.240234375,0.451171875,0.349609375,0.201171875,0.072265625,0.728515625,0.099609375,0.306640625,0.251953125,0.107421875,0.462890625,-0.24488118
0.326171875,0.896484375,0.451171875,0.474609375,0.302734375,0.240234375,0.451171875,0.349609375,0.201171875,0.072265625,0.728515625,0.099609375,0.306640625,0.251953125,0.662109375,0.810546875,-0.26231107
0.681640625,0.166015625,0.884765625,0.869140625,0.384765625,0.341796875,0.087890625,0.166015625,0.705078125,0.365234375,0.501953125,0.068359375,0.154296875,0.416015625,0.107421875,0.810546875,0.9817549
0.451171875,0.271484375,0.076171875,0.349609375,0.427734375,0.365234375,0.826171875,0.974609375,0.576171875,0.947265625,0.103515625,0.224609375,0.931640625,0.126953125,0.537109375,0.337890625,0.8847034
0.556640625,0.271484375,0.076171875,0.349609375,0.427734375,0.365234375,0.826171875,0.974609375,0.576171875,0.947265625,0.103515625,0.224609375,0.931640625,0.126953125,0.537109375,0.337890625,0.8847034
0.451171875,0.041015625,0.076171875,0.349609375,0.427734375,0.365234375,0.826171875,0.974609375,0.576171875,0.947265625,0.103515625,0.224609375,0.931640625,0.126953125,0.537109375,0.337890625,0.86346483
0.451171875,0.271484375,0.259765625,0.349609375,0.427734375,0.365234375,0.826171875,0.974609375,0.576171875,0.947265625,0.103515625,0.224609375,0.931640625,0.126953125,0.537109375,0.337890625,0.8773364
0.451171875,0.271484375,0.076171875,0.244140625,0.427734375,0.365234375,0.826171875,0.974609375,0.576171875,0.947265625,0.103515625,0.224609375,0.931640625,0.126953125,0.537109375,0.337890625,0.8794509
0.451171875,0.271484375,0.076171875,0.349609375,0.509765625,0.365234375,0.826171875,0.974609375,0.576171875,0.947265625,0.103515625,0.224609375,0.931640625,0.126953125,0.537109375,0.337890625,0.88579905
0.451171875,0.271484375,0.076171875,0.349609375,0.427734375,0.216796875,0.826171875,0.974609375,0.576171875,0.947265625,0.103515625,0.224609375,0.931640625,0.126953125,0.537109375,0.337890625,0.8847034
0.451171875,0.271484375,0.076171875,0.349609375,0.427734375,0.365234375,0.712890625,0.974609375,0.576171875,0.947265625,0.103515625,0.224609375,0.931640625,0.126953125,0.537109375,0.337890625,0.9056251
0.451171875,0.271484375,0.076171875,0.349609375,0.427734375,0.365234375,0.826171875,0.041015625,0.576171875,0.947265625,0.103515625,0.224609375,0.931640625,0.126953125,0.537109375,0.337890625,0.8847039
0.451171875,0.271484375,0.076171875,0.349609375,0.427734375,0.365234375,0.826171875,0.974609375,0.580078125,0.947265625,0.103515625,0.224609375,0.931640625,0.126953125,0.537109375,0.337890625,0.88348603
0.451171875,0.271484375,0.076171875,0.349609375,0.427734375,0.365234375,0.826171875,0.974609375,0.576171875,0.990234375,0.103515625,0.224609375,0.931640625,0.126953125,0.537109375,0.337890625,0.8847034
0.451171875,0.271484375,0.076171875,0.349609375,0.427734375,0.365234375,0.826171875,0.974609375,0.576171875,0.947265625,0.126953125,0.224609375,0.931640625,0.126953125,0.537109375,0.337890625,0.8841072
0.451171875,0.271484375,0.076171875,0.349609375,0.427734375,0.365234375,0.826171875,0.974609375,0.576171875,0.947265625,0.103515625,0.943359375,0.931640625,0.126953125,0.537109375,0.337890625,0.89480555
0.451171875,0.271484375,0.076171875,0.349609375,0.427734375,0.365234375,0.826171875,0.974609375,0.576171875,0.947265625,0.103515625,0.224609375,0.779296875,0.126953125,0.537109375,0.337890625,0.8846938
0.451171875,0.271484375,0.076171875,0.349609375,0.427734375,0.365234375,0.826171875,0.974609375,0.576171875,0.947265625,0.103515625,0.224609375,0.931640625,0.041015625,0.537109375,0.337890625,0.87318164
0.451171875,0.271484375,0.076171875,0.349609375,0.427734375,0.365234375,0.826171875,0.974609375,0.576171875,0.947265625,0.103515625,0.224609375,0.931640625,0.126953125,0.732421875,0.337890625,0.8762529
0.451171875,0.271484375,0.076171875,0.349609375,0.427734375,0.365234375,0.826171875,0.974609375,0.576171875,0.947265625,0.103515625,0.224609375,0.931640625,0.126953125,0.537109375,0.185546875,0.8847034
0.556640625,0.041015625,0.259765625,0.244140625,0.509765625,0.216796875,0.712890625,0.041015625,0.580078125,0.990234375,0.126953125,0.943359375,0.779296875,0.041015625,0.732421875,0.185546875,0.8611699
0.951171875,0.771484375,0.576171875,0.849609375,0.927734375,0.865234375,0.326171875,0.474609375,0.076171875,0.447265625,0.603515625,0.724609375,0.431640625,0.626953125,0.037109375,0.837890625,1.1175385
0.056640625,0.771484375,0.576171875,0.849609375,0.927734375,0.865234375,0.326171875,0.474609375,0.076171875,0.447265625,0.603515625,0.724609375,0.431640625,0.626953125,0.037109375,0.837890625,1.1175385
0.951171875,0.541015625,0.576171875,0.849609375,0.927734375,0.865234375,0.326171875,0.474609375,0.076171875,0.447265625,0.603515625,0.724609375,0.431640625,0.626953125,0.037109375,0.837890625,1.0740337
0.951171875,0.771484375,0.759765625,0.849609375,0.927734375,0.865234375,0.326171875,0.474609375,0.076171875,0.447265625,0.603515625,0.724609375,0.431640625,0.626953125,0.037109375,0.837890625,1.1025295
0.951171875,0.771484375,0.576171875,0.744140625,0.927734375,0.865234375,0.326171875,0.474609375,0.076171875,0.447265625,0.603515625,0.724609375,0.431640625,0.626953125,0.037109375,0.837890625,1.091543
0.951171875,0.771484375,0.576171875,0.849609375,0.009765625,0.865234375,0.326171875,0.474609375,0.076171875,0.447265625,0.603515625,0.724609375,0.431640625,0.626953125,0.037109375,0.837890625,1.1050203
0.951171875,0.771484375,0.576171875,0.849609375,0.927734375,0.716796875,0.326171875,0.474609375,0.076171875,0.447265625,0.603515625,0.724609375,0.431640625,0.626953125,0.037109375,0.837890625,1.1175385
0.951171875,0.771484375,0.576171875,0.849609375,0.927734375,0.865234375,0.212890625,0.474609375,0.076171875,0.447265625,0.603515625,0.724609375,0.431640625,0.626953125,0.037109375,0.837890625,1.1252725
0.951171875,0.771484375,0.576171875,0.849609375,0.927734375,0.865234375,0.326171875,0.541015625,0.076171875,0.447265625,0.603515625,0.724609375,0.431640625,0.626953125,0.037109375,0.837890625,1.1173961
0.951171875,0.771484375,0.576171875,0.849609375,0.927734375,0.865234375,0.326171875,0.474609375,0.080078125,0.447265625,0.603515625,0.724609375,0.431640625,0.626953125,0.037109375,0.837890625,1.117279
0.951171875,0.771484375,0.576171875,0.849609375,0.927734375,0.865234375,0.326171875,0.474609375,0.076171875,0.490234375,0.603515625,0.724609375,0.431640625,0.626953125,0.037109375,0.837890625,1.1179066
0.951171875,0.771484375,0.576171875,0.849609375,0.927734375,0.865234375,0.326171875,0.474609375,0.076171875,0.447265625,0.626953125,0.724609375,0.431640625,0.626953125,0.037109375,0.837890625,1.1038995
0.951171875,0.771484375,0.576171875,0.849609375,0.927734375,0.865234375,0.326171875,0.474609375,0.076171875,0.447265625,0.603515625,0.443359375,0.431640625,0.626953125,0.037109375,0.837890625,1.1142523
0.951171875,0.771484375,0.576171875,0.849609375,0.927734375,0.865234375,0.326171875,0.474609375,0.076171875,0.447265625,0.603515625,0.724609375,0.279296875,0.626953125,0.037109375,0.837890625,1.1175749
0.951171875,0.771484375,0.576171875,0.849609375,0.927734375,0.865234375,0.326171875,0.474609375,0.076171875,0.447265625,0.603515625,0.724609375,0.431640625,0.541015625,0.037109375,0.837890625,1.0960643
0.951171875,0.771484375,0.576171875,0.849609375,0.927734375,0.865234375,0.326171875,0.474609375,0.076171875,0.447265625,0.603515625,0.724609375,0.431640625,0.626953125,0.232421875,0.837890625,1.1134615
0.951171875,0.771484375,0.576171875,0.849609375,0.927734375,0.865234375,0.326171875,0.474609375,0.076171875,0.447265625,0.603515625,0.724609375,0.431640625,0.626953125,0.037109375,0.685546875,1.1175385
0.056640625,0.541015625,0.759765625,0.744140625,0.009765625,0.716796875,0.212890625,0.541015625,0.080078125,0.490234375,0.626953125,0.443359375,0.279296875,0.541015625,0.232421875,0.685546875,0.9857706
0.701171875,0.021484375,0.326171875,0.099609375,0.677734375,0.615234375,0.576171875,0.224609375,0.326171875,0.197265625,0.853515625,0.974609375,0.681640625,0.376953125,0.287109375,0.087890625,0.57250816
0.306640625,0.021484375,0.326171875,0.099609375,0.677734375,0.615234375,0.576171875,0.224609375,0.326171875,0.197265625,0.853515625,0.974609375,0.681640625,0.376953125,0.287109375,0.087890625,0.57250816
0.701171875,0.291015625,0.326171875,0.099609375,0.677734375,0.615234375,0.576171875,0.224609375,0.326171875,0.197265625,0.853515625,0.974609375,0.681640625,0.376953125,0.287109375,0.087890625,0.59737664
0.701171875,0.021484375,0.509765625,0.099609375,0.677734375,0.615234375,0.576171875,0.224609375,0.326171875,0.197265625,0.853515625,0.974609375,0.681640625,0.376953125,0.287109375,0.087890625,0.561657
0.701171875,0.021484375,0.326171875,0.494140625,0.677734375,0.615234375,0.576171875,0.224609375,0.326171875,0.197265625,0.853515625,0.974609375,0.681640625,0.376953125,0.287109375,0.087890625,0.5966361
0.701171875,0.021484375,0.326171875,0.099609375,0.759765625,0.615234375,0.576171875,0.224609375,0.326171875,0.197265625,0.853515625,0.974609375,0.681640625,0.376953125,0.287109375,0.087890625,0.57392544
0.701171875,0.021484375,0.326171875,0.099609375,0.677734375,0.966796875,0.576171875,0.224609375,0.326171875,0.197265625,0.853515625,0.974609375,0.681640625,0.376953125,0.287109375,0.087890625,0.57250816
0.701171875,0.021484375,0.326171875,0.099609375,0.677734375,0.615234375,0.962890625,0.224609375,0.326171875,0.197265625,0.853515625,0.974609375,0.681640625,0.376953125,0.287109375,0.087890625,0.500307
0.701171875,0.021484375,0.326171875,0.099609375,0.677734375,0.615234375,0.576171875,0.291015625,0.326171875,0.197265625,0.853515625,0.974609375,0.681640625,0.376953125,0.287109375,0.087890625,0.57251304
0.701171875,0.021484375,0.326171875,0.099609375,0.677734375,0.615234375,0.576171875,0.224609375,0.830078125,0.197265625,0.853515625,0.974609375,0.681640625,0.376953125,0.287109375,0.087890625,0.5361864
0.701171875,0.021484375,0.326171875,0.099609375,0.677734375,0.615234375,0.576171875,0.224609375,0.326171875,0.240234375,0.853515625,0.974609375,0.681640625,0.376953125,0.287109375,0.087890625,0.626942
0.701171875,0.021484375,0.326171875,0.099609375,0.677734375,0.615234375,0.576171875,0.224609375,0.326171875,0.197265625,0.376953125,0.974609375,0.681640625,0.376953125,0.287109375,0.087890625,0.85658145
0.701171875,0.021484375,0.326171875,0.099609375,0.677734375,0.615234375,0.576171875,0.224609375,0.326171875,0.197265625,0.853515625,0.193359375,0.681640625,0.376953125,0.287109375,0.087890625,0.56113064
0.701171875,0.021484375,0.326171875,0.099609375,0.677734375,0.615234375,0.576171875,0.224609375,0.326171875,0.197265625,0.853515625,0.974609375,0.529296875,0.376953125,0.287109375,0.087890625,0.5722207
0.701171875,0.021484375,0.326171875,0.099609375,0.677734375,0.615234375,0.576171875,0.224609375,0.326171875,0.197265625,0.853515625,0.974609375,0.681640625,0.791015625,0.287109375,0.087890625,0.6765712
0.701171875,0.021484375,0.326171875,0.099609375,0.677734375,0.615234375,0.576171875,0.224609375,0.326171875,0.197265625,0.853515625,0.974609375,0.681640625,0.376953125,0.982421875,0.087890625,0.54200715
0.701171875,0.021484375,0.326171875,0.099609375,0.677734375,0.615234375,0.576171875,0.224609375,0.326171875,0.197265625,0.853515625,0.974609375,0.681640625,0.376953125,0.287109375,0.435546875,0.57250816
0.306640625,0.291015625,0.509765625,0.494140625,0.759765625,0.966796875,0.962890625,0.291015625,0.830078125,0.240234375,0.376953125,0.193359375,0.529296875,0.791015625,0.982421875,0.435546875,0.9039567
0.201171875,0.521484375,0.826171875,0.599609375,0.177734375,0.115234375,0.076171875,0.724609375,0.826171875,0.697265625,0.353515625,0.474609375,0.181640625,0.876953125,0.787109375,0.587890625,1.1249954
0.806640625,0.521484375,0.826171875,0.599609375,0.177734375,0.115234375,0.076171875,0.724609375,0.826171875,0.697265625,0.353515625,0.474609375,0.181640625,0.876953125,0.787109375,0.587890625,1.1249954
0.201171875,0.791015625,0.826171875,0.599609375,0.177734375,0.115234375,0.076171875,0.724609375,0.826171875,0.697265625,0.353515625,0.474609375,0.181640625,0.876953125,0.787109375,0.587890625,1.1759042
0.201171875,0.521484375,0.009765625,0.599609375,0.177734375,0.115234375,0.076171875,0.724609375,0.826171875,0.697265625,0.353515625,0.474609375,0.181640625,0.876953125,0.787109375,0.587890625,1.1745123
0.201171875,0.521484375,0.826171875,0.994140625,0.177734375,0.115234375,0.076171875,0.724609375,0.826171875,0.697265625,0.353515625,0.474609375,0.181640625,0.876953125,0.787109375,0.587890625,1.2122189
0.201171875,0.521484375,0.826171875,0.599609375,0.259765625,0.115234375,0.076171875,0.724609375,0.826171875,0.697265625,0.353515625,0.474609375,0.181640625,0.876953125,0.787109375,0.587890625,1.1258107
0.201171875,0.521484375,0.826171875,0.599609375,0.177734375,0.466796875,0.076171875,0.724609375,0.826171875,0.697265625,0.353515625,0.474609375,0.181640625,0.876953125,0.787109375,0.587890625,1.1249954
0.201171875,0.521484375,0.826171875,0.599609375,0.177734375,0.115234375,0.462890625,0.724609375,0.826171875,0.697265625,0.353515625,0.474609375,0.181640625,0.876953125,0.787109375,0.587890625,1.0980347
0.201171875,0.521484375,0.826171875,0.599609375,0.177734375,0.115234375,0.076171875,0.791015625,0.826171875,0.697265625,0.353515625,0.474609375,0.181640625,0.876953125,0.787109375,0.587890625,1.1249932
0.201171875,0.521484375,0.826171875,0.599609375,0.177734375,0.115234375,0.076171875,0.724609375,0.330078125,0.697265625,0.353515625,0.474609375,0.181640625,0.876953125,0.787109375,0.587890625,1.1632675
0.201171875,0.521484375,0.826171875,0.599609375,0.177734375,0.115234375,0.076171875,0.724609375,0.826171875,0.740234375,0.353515625,0.474609375,0.181640625,0.876953125,0.787109375,0.587890625,1.1249973
0.201171875,0.521484375,0.826171875,0.599609375,0.177734375,0.115234375,0.076171875,0.724609375,0.826171875,0.697265625,0.876953125,0.474609375,0.181640625,0.876953125,0.787109375,0.587890625,0.81389827
0.201171875,0.521484375,0.826171875,0.599609375,0.177734375,0.115234375,0.076171875,0.724609375,0.826171875,0.697265625,0.353515625,0.693359375,0.181640625,0.876953125,0.787109375,0.587890625,1.1275141
0.201171875,0.521484375,0.826171875,0.599609375,0.177734375,0.115234375,0.076171875,0.724609375,0.826171875,0.697265625,0.353515625,0.474609375,0.029296875,0.876953125,0.787109375,0.587890625,1.1249979
0.201171875,0.521484375,0.826171875,0.599609375,0.177734375,0.115234375,0.076171875,0.724609375,0.826171875,0.697265625,0.353515625,0.474609375,0.181640625,0.291015625,0.787109375,0.587890625,0.9768524
0.201171875,0.521484375,0.826171875,0.599609375,0.177734375,0.115234375,0.076171875,0.724609375,0.826171875,0.697265625,0.353515625,0.474609375,0.181640625,0.876953125,0.482421875,0.587890625,1.1382006
0.201171875,0.521484375,0.826171875,0.599609375,0.177734375,0.115234375,0.076171875,0.724609375,0.826171875,0.697265625,0.353515625,0.474609375,0.181640625,0.876953125,0.787109375,0.935546875,1.1249954
0.806640625,0.791015625,0.009765625,0.994140625,0.259765625,0.466796875,0.462890625,0.791015625,0.330078125,0.740234375,0.876953125,0.693359375,0.029296875,0.291015625,0.482421875,0.935546875,0.88125795
0.138671875,0.458984375,0.263671875,0.787109375,0.615234375,0.177734375,0.763671875,0.912109375,0.513671875,0.009765625,0.291015625,0.287109375,0.494140625,0.439453125,0.224609375,0.275390625,-2.5474823
0.244140625,0.458984375,0.263671875,0.787109375,0.615234375,0.177734375,0.763671875,0.912109375,0.513671875,0.009765625,0.291015625,0.287109375,0.494140625,0.439453125,0.224609375,0.275390625,-2.5474823
0.138671875,0.228515625,0.263671875,0.787109375,0.615234375,0.177734375,0.763671875,0.912109375,0.513671875,0.009765625,0.291015625,0.287109375,0.494140625,0.439453125,0.224609375,0.275390625,-2.576143
0.138671875,0.458984375,0.322265625,0.787109375,0.615234375,0.177734375,0.763671875,0.912109375,0.513671875,0.009765625,0.291015625,0.287109375,0.494140625,0.439453125,0.224609375,0.275390625,-2.5503583
0.138671875,0.458984375,0.263671875,0.306640625,0.615234375,0.177734375,0.763671875,0.912109375,0.513671875,0.009765625,0.291015625,0.287109375,0.494140625,0.439453125,0.224609375,0.275390625,-2.6363413
0.138671875,0.458984375,0.263671875,0.787109375,0.572265625,0.177734375,0.763671875,0.912109375,0.513671875,0.009765625,0.291015625,0.287109375,0.494140625,0.439453125,0.224609375,0.275390625,-2.5481377
0.138671875,0.458984375,0.263671875,0.787109375,0.615234375,0.654296875,0.763671875,0.912109375,0.513671875,0.009765625,0.291015625,0.287109375,0.494140625,0.439453125,0.224609375,0.275390625,-2.5474823
0.138671875,0.458984375,0.263671875,0.787109375,0.615234375,0.177734375,0.900390625,0.912109375,0.513671875,0.009765625,0.291015625,0.287109375,0.494140625,0.439453125,0.224609375,0.275390625,-2.575514
0.138671875,0.458984375,0.263671875,0.787109375,0.615234375,0.177734375,0.763671875,0.103515625,0.513671875,0.009765625,0.291015625,0.287109375,0.494140625,0.439453125,0.224609375,0.275390625,-2.5474815
0.138671875,0.458984375,0.263671875,0.787109375,0.615234375,0.177734375,0.763671875,0.912109375,0.017578125,0.009765625,0.291015625,0.287109375,0.494140625,0.439453125,0.224609375,0.275390625,-2.5857027
0.138671875,0.458984375,0.263671875,0.787109375,0.615234375,0.177734375,0.763671875,0.912109375,0.513671875,0.052734375,0.291015625,0.287109375,0.494140625,0.439453125,0.224609375,0.275390625,-0.5510541
0.138671875,0.458984375,0.263671875,0.787109375,0.615234375,0.177734375,0.763671875,0.912109375,0.513671875,0.009765625,0.814453125,0.287109375,0.494140625,0.439453125,0.224609375,0.275390625,-2.8014164
0.138671875,0.458984375,0.263671875,0.787109375,0.615234375,0.177734375,0.763671875,0.912109375,0.513671875,0.009765625,0.291015625,0.380859375,0.494140625,0.439453125,0.224609375,0.275390625,-2.544773
0.138671875,0.458984375,0.263671875,0.787109375,0.615234375,0.177734375,0.763671875,0.912109375,0.513671875,0.009765625,0.291015625,0.287109375,0.341796875,0.439453125,0.224609375,0.275390625,-2.547317
0.138671875,0.458984375,0.263671875,0.787109375,0.615234375,0.177734375,0.763671875,0.912109375,0.513671875,0.009765625,0.291015625,0.287109375,0.494140625,0.853515625,0.224609375,0.275390625,-2.4359617
0.138671875,0.458984375,0.263671875,0.787109375,0.615234375,0.177734375,0.763671875,0.912109375,0.513671875,0.009765625,0.291015625,0.287109375,0.494140625,0.439453125,0.669921875,0.275390625,-2.5626843
0.138671875,0.458984375,0.263671875,0.787109375,0.615234375,0.177734375,0.763671875,0.912109375,0.513671875,0.009765625,0.291015625,0.287109375,0.494140625,0.439453125,0.224609375,0.873046875,-2.5474823
0.244140625,0.228515625,0.322265625,0.306640625,0.572265625,0.654296875,0.900390625,0.103515625,0.017578125,0.052734375,0.814453125,0.380859375,0.341796875,0.853515625,0.669921875,0.873046875,-0.8930974
0.638671875,0.958984375,0.763671875,0.287109375,0.115234375,0.677734375,0.263671875,0.412109375,0.013671875,0.509765625,0.791015625,0.787109375,0.994140625,0.939453125,0.724609375,0.775390625,0.97269446
0.744140625,0.958984375,0.763671875,0.287109375,0.115234375,0.677734375,0.263671875,0.412109375,0.013671875,0.509765625,0.791015625,0.787109375,0.994140625,0.939453125,0.724609375,0.775390625,0.97269446
0.638671875,0.728515625,0.763671875,0.287109375,0.115234375,0.677734375,0.263671875,0.412109375,0.013671875,0.509765625,0.791015625,0.787109375,0.994140625,0.939453125,0.724609375,0.775390625,0.91879857
0.638671875,0.958984375,0.822265625,0.287109375,0.115234375,0.677734375,0.263671875,0.412109375,0.013671875,0.509765625,0.791015625,0.787109375,0.994140625,0.939453125,0.724609375,0.775390625,0.9671646
0.638671875,0.958984375,0.763671875,0.806640625,0.115234375,0.677734375,0.263671875,0.412109375,0.013671875,0.509765625,0.791015625,0.787109375,0.994140625,0.939453125,0.724609375,0.775390625,1.0673641
0.638671875,0.958984375,0.763671875,0.287109375,0.072265625,0.677734375,0.263671875,0.412109375,0.013671875,0.509765625,0.791015625,0.787109375,0.994140625,0.939453125,0.724609375,0.775390625,0.97233266
0.638671875,0.958984375,0.763671875,0.287109375,0.115234375,0.154296875,0.263671875,0.412109375,0.013671875,0.509765625,0.791015625,0.787109375,0.994140625,0.939453125,0.724609375,0.775390625,0.97269446
0.638671875,0.958984375,0.763671875,0.287109375,0.115234375,0.677734375,0.400390625,0.412109375,0.013671875,0.509765625,0.791015625,0.787109375,0.994140625,0.939453125,0.724609375,0.775390625,0.96190614
0.638671875,0.958984375,0.763671875,0.287109375,0.115234375,0.677734375,0.263671875,0.603515625,0.013671875,0.509765625,0.791015625,0.787109375,0.994140625,0.939453125,0.724609375,0.775390625,0.97262645
0.638671875,0.958984375,0.763671875,0.287109375,0.115234375,0.677734375,0.263671875,0.412109375,0.517578125,0.509765625,0.791015625,0.787109375,0.994140625,0.939453125,0.724609375,0.775390625,1.0089668
0.638671875,0.958984375,0.763671875,0.287109375,0.115234375,0.677734375,0.263671875,0.412109375,0.013671875,0.552734375,0.791015625,0.787109375,0.994140625,0.939453125,0.724609375,0.775390625,0.97279936
0.638671875,0.958984375,0.763671875,0.287109375,0.115234375,0.677734375,0.263671875,0.412109375,0.013671875,0.509765625,0.314453125,0.787109375,0.994140625,0.939453125,0.724609375,0.775390625,1.2009294
0.638671875,0.958984375,0.763671875,0.287109375,0.115234375,0.677734375,0.263671875,0.412109375,0.013671875,0.509765625,0.791015625,0.880859375,0.994140625,0.939453125,0.724609375,0.775390625,0.97286695
0.638671875,0.958984375,0.763671875,0.287109375,0.115234375,0.677734375,0.263671875,0.412109375,0.013671875,0.509765625,0.791015625,0.787109375,0.841796875,0.939453125,0.724609375,0.775390625,0.9726893
0.638671875,0.958984375,0.763671875,0.287109375,0.115234375,0.677734375,0.263671875,0.412109375,0.013671875,0.509765625,0.791015625,0.787109375,0.994140625,0.353515625,0.724609375,0.775390625,0.8139774
0.638671875,0.958984375,0.763671875,0.287109375,0.115234375,0.677734375,0.263671875,0.412109375,0.013671875,0.509765625,0.791015625,0.787109375,0.994140625,0.939453125,0.169921875,0.775390625,0.991712
0.638671875,0.958984375,0.763671875,0.287109375,0.115234375,0.677734375,0.263671875,0.412109375,0.013671875,0.509765625,0.791015625,0.787109375,0.994140625,0.939453125,0.724609375,0.373046875,0.97269446
0.744140625,0.728515625,0.822265625,0.806640625,0.072265625,0.154296875,0.400390625,0.603515625,0.517578125,0.552734375,0.314453125,0.880859375,0.841796875,0.353515625,0.169921875,0.373046875,1.1218005
0.888671875,0.208984375,0.013671875,0.537109375,0.365234375,0.927734375,0.513671875,0.162109375,0.263671875,0.759765625,0.541015625,0.537109375,0.244140625,0.189453125,0.974609375,0.025390625,0.88971215
0.994140625,0.208984375,0.013671875,0.537109375,0.365234375,0.927734375,0.513671875,0.162109375,0.263671875,0.759765625,0.541015625,0.537109375,0.244140625,0.189453125,0.974609375,0.025390625,0.88971215
0.888671875,0.478515625,0.013671875,0.537109375,0.365234375,0.927734375,0.513671875,0.162109375,0.263671875,0.759765625,0.541015625,0.537109375,0.244140625,0.189453125,0.974609375,0.025390625,0.92326075
0.888671875,0.208984375,0.572265625,0.537109375,0.365234375,0.927734375,0.513671875,0.162109375,0.263671875,0.759765625,0.541015625,0.537109375,0.244140625,0.189453125,0.974609375,0.025390625,0.861873
0.888671875,0.208984375,0.013671875,0.056640625,0.365234375,0.927734375,0.513671875,0.162109375,0.263671875,0.759765625,0.541015625,0.537109375,0.244140625,0.189453125,0.974609375,0.025390625,0.85766476
0.888671875,0.208984375,0.013671875,0.537109375,0.822265625,0.927734375,0.513671875,0.162109375,0.263671875,0.759765625,0.541015625,0.537109375,0.244140625,0.189453125,0.974609375,0.025390625,0.8967145
0.888671875,0.208984375,0.013671875,0.537109375,0.365234375,0.404296875,0.513671875,0.162109375,0.263671875,0.759765625,0.541015625,0.537109375,0.244140625,0.189453125,0.974609375,0.025390625,0.88971215
0.888671875,0.208984375,0.013671875,0.537109375,0.365234375,0.927734375,0.650390625,0.162109375,0.263671875,0.759765625,0.541015625,0.537109375,0.244140625,0.189453125,0.974609375,0.025390625,0.8716524
0.888671875,0.208984375,0.013671875,0.537109375,0.365234375,0.927734375,0.513671875,0.353515625,0.263671875,0.759765625,0.541015625,0.537109375,0.244140625,0.189453125,0.974609375,0.025390625,0.8897328
0.888671875,0.208984375,0.013671875,0.537109375,0.365234375,0.927734375,0.513671875,0.162109375,0.267578125,0.759765625,0.541015625,0.537109375,0.244140625,0.189453125,0.974609375,0.025390625,0.89092785
0.888671875,0.208984375,0.013671875,0.537109375,0.365234375,0.927734375,0.513671875,0.162109375,0.263671875,0.802734375,0.541015625,0.537109375,0.244140625,0.189453125,0.974609375,0.025390625,0.88971406
0.888671875,0.208984375,0.013671875,0.537109375,0.365234375,0.927734375,0.513671875,0.162109375,0.263671875,0.759765625,0.564453125,0.537109375,0.244140625,0.189453125,0.974609375,0.025390625,0.8797218
0.888671875,0.208984375,0.013671875,0.537109375,0.365234375,0.927734375,0.513671875,0.162109375,0.263671875,0.759765625,0.541015625,0.630859375,0.244140625,0.189453125,0.974609375,0.025390625,0.89077187
0.888671875,0.208984375,0.013671875,0.537109375,0.365234375,0.927734375,0.513671875,0.162109375,0.263671875,0.759765625,0.541015625,0.537109375,0.091796875,0.189453125,0.974609375,0.025390625,0.88971615
0.888671875,0.208984375,0.013671875,0.537109375,0.365234375,0.927734375,0.513671875,0.162109375,0.263671875,0.759765625,0.541015625,0.537109375,0.244140625,0.103515625,0.974609375,0.025390625,0.8771649
0.888671875,0.208984375,0.013671875,0.537109375,0.365234375,0.927734375,0.513671875,0.162109375,0.263671875,0.759765625,0.541015625,0.537109375,0.244140625,0.189453125,0.919921875,0.025390625,0.89306563
0.888671875,0.208984375,0.013671875,0.537109375,0.365234375,0.927734375,0.513671875,0.162109375,0.263671875,0.759765625,0.541015625,0.537109375,0.244140625,0.189453125,0.974609375,0.623046875,0.88971215
0.994140625,0.478515625,0.572265625,0.056640625,0.822265625,0.404296875,0.650390625,0.353515625,0.267578125,0.802734375,0.564453125,0.630859375,0.091796875,0.103515625,0.919921875,0.623046875,0.8354347
0.388671875,0.708984375,0.513671875,0.037109375,0.865234375,0.427734375,0.013671875,0.662109375,0.763671875,0.259765625,0.041015625,0.037109375,0.744140625,0.689453125,0.474609375,0.525390625,1.0675691
0.494140625,0.708984375,0.513671875,0.037109375,0.865234375,0.427734375,0.013671875,0.662109375,0.763671875,0.259765625,0.041015625,0.037109375,0.744140625,0.689453125,0.474609375,0.525390625,1.0675691
0.388671875,0.978515625,0.513671875,0.037109375,0.865234375,0.427734375,0.013671875,0.662109375,0.763671875,0.259765625,0.041015625,0.037109375,0.744140625,0.689453125,0.474609375,0.525390625,1.13063
0.388671875,0.708984375,0.072265625,0.037109375,0.865234375,0.427734375,0.013671875,0.662109375,0.763671875,0.259765625,0.041015625,0.037109375,0.744140625,0.689453125,0.474609375,0.525390625,1.0894413
0.388671875,0.708984375,0.513671875,0.556640625,0.865234375,0.427734375,0.013671875,0.662109375,0.763671875,0.259765625,0.041015625,0.037109375,0.744140625,0.689453125,0.474609375,0.525390625,1.1036481
0.388671875,0.708984375,0.513671875,0.037109375,0.322265625,0.427734375,0.013671875,0.662109375,0.763671875,0.259765625,0.041015625,0.037109375,0.744140625,0.689453125,0.474609375,0.525390625,1.0592345
0.388671875,0.708984375,0.513671875,0.037109375,0.865234375,0.904296875,0.013671875,0.662109375,0.763671875,0.259765625,0.041015625,0.037109375,0.744140625,0.689453125,0.474609375,0.525390625,1.0675691
0.388671875,0.708984375,0.513671875,0.037109375,0.865234375,0.427734375,0.150390625,0.662109375,0.763671875,0.259765625,0.041015625,0.037109375,0.744140625,0.689453125,0.474609375,0.525390625,1.0617783
0.388671875,0.708984375,0.513671875,0.037109375,0.865234375,0.427734375,0.013671875,0.853515625,0.763671875,0.259765625,0.041015625,0.037109375,0.744140625,0.689453125,0.474609375,0.525390625,1.0675613
0.388671875,0.708984375,0.513671875,0.037109375,0.865234375,0.427734375,0.013671875,0.662109375,0.767578125,0.259765625,0.041015625,0.037109375,0.744140625,0.689453125,0.474609375,0.525390625,1.068019
0.388671875,0.708984375,0.513671875,0.037109375,0.865234375,0.427734375,0.013671875,0.662109375,0.763671875,0.302734375,0.041015625,0.037109375,0.744140625,0.689453125,0.474609375,0.525390625,1.0832075
0.388671875,0.708984375,0.513671875,0.037109375,0.865234375,0.427734375,0.013671875,0.662109375,0.763671875,0.259765625,0.064453125,0.037109375,0.744140625,0.689453125,0.474609375,0.525390625,1.0671822
0.388671875,0.708984375,0.513671875,0.037109375,0.865234375,0.427734375,0.013671875,0.662109375,0.763671875,0.259765625,0.041015625,0.130859375,0.744140625,0.689453125,0.474609375,0.525390625,1.0726894
0.388671875,0.708984375,0.513671875,0.037109375,0.865234375,0.427734375,0.013671875,0.662109375,0.763671875,0.259765625,0.041015625,0.037109375,0.591796875,0.689453125,0.474609375,0.525390625,1.0672554
0.388671875,0.708984375,0.513671875,0.037109375,0.865234375,0.427734375,0.013671875,0.662109375,0.763671875,0.259765625,0.041015625,0.037109375,0.744140625,0.603515625,0.474609375,0.525390625,1.04455
0.388671875,0.708984375,0.513671875,0.037109375,0.865234375,0.427734375,0.013671875,0.662109375,0.763671875,0.259765625,0.041015625,0.037109375,0.744140625,0.689453125,0.419921875,0.525390625,1.0694216
0.388671875,0.708984375,0.513671875,0.037109375,0.865234375,0.427734375,0.013671875,0.662109375,0.763671875,0.259765625,0.041015625,0.037109375,0.744140625,0.689453125,0.474609375,0.123046875,1.0675691
0.494140625,0.978515625,0.072265625,0.556640625,0.322265625,0.904296875,0.150390625,0.853515625,0.767578125,0.302734375,0.064453125,0.130859375,0.591796875,0.603515625,0.419921875,0.123046875,1.1737891
0.263671875,0.083984375,0.888671875,0.162109375,0.990234375,0.052734375,0.638671875,0.037109375,0.388671875,0.634765625,0.666015625,0.162109375,0.119140625,0.814453125,0.349609375,0.650390625,0.9068963
0.369140625,0.083984375,0.888671875,0.162109375,0.990234375,0.052734375,0.638671875,0.037109375,0.388671875,0.634765625,0.666015625,0.162109375,0.119140625,0.814453125,0.349609375,0.650390625,0.9068963
0.263671875,0.853515625,0.888671875,0.162109375,0.990234375,0.052734375,0.638671875,0.037109375,0.388671875,0.634765625,0.666015625,0.162109375,0.119140625,0.814453125,0.349609375,0.650390625,1.0235554
0.263671875,0.083984375,0.697265625,0.162109375,0.990234375,0.052734375,0.638671875,0.037109375,0.388671875,0.634765625,0.666015625,0.162109375,0.119140625,0.814453125,0.349609375,0.650390625,0.92497605
0.263671875,0.083984375,0.888671875,0.431640625,0.990234375,0.052734375,0.638671875,0.037109375,0.388671875,0.634765625,0.666015625,0.162109375,0.119140625,0.814453125,0.349609375,0.650390625,0.9216445
0.263671875,0.083984375,0.888671875,0.162109375,0.697265625,0.052734375,0.638671875,0.037109375,0.388671875,0.634765625,0.666015625,0.162109375,0.119140625,0.814453125,0.349609375,0.650390625,0.9011974
0.263671875,0.083984375,0.888671875,0.162109375,0.990234375,0.529296875,0.638671875,0.037109375,0.388671875,0.634765625,0.666015625,0.162109375,0.119140625,0.814453125,0.349609375,0.650390625,0.9068963
0.263671875,0.083984375,0.888671875,0.162109375,0.990234375,0.052734375,0.525390625,0.037109375,0.388671875,0.634765625,0.666015625,0.162109375,0.119140625,0.814453125,0.349609375,0.650390625,0.92185134
0.263671875,0.083984375,0.888671875,0.162109375,0.990234375,0.052734375,0.638671875,0.978515625,0.388671875,0.634765625,0.666015625,0.162109375,0.119140625,0.814453125,0.349609375,0.650390625,0.9068958
0.263671875,0.083984375,0.888671875,0.162109375,0.990234375,0.052734375,0.638671875,0.037109375,0.892578125,0.634765625,0.666015625,0.162109375,0.119140625,0.814453125,0.349609375,0.650390625,0.87900096
0.263671875,0.083984375,0.888671875,0.162109375,0.990234375,0.052734375,0.638671875,0.037109375,0.388671875,0.927734375,0.666015625,0.162109375,0.119140625,0.814453125,0.349609375,0.650390625,0.90691155
0.263671875,0.083984375,0.888671875,0.162109375,0.990234375,0.052734375,0.638671875,0.037109375,0.388671875,0.634765625,0.689453125,0.162109375,0.119140625,0.814453125,0.349609375,0.650390625,0.8892619
0.263671875,0.083984375,0.888671875,0.162109375,0.990234375,0.052734375,0.638671875,0.037109375,0.388671875,0.634765625,0.666015625,0.755859375,0.119140625,0.814453125,0.349609375,0.650390625,0.919333
0.263671875,0.083984375,0.888671875,0.162109375,0.990234375,0.052734375,0.638671875,0.037109375,0.388671875,0.634765625,0.666015625,0.162109375,0.466796875,0.814453125,0.349609375,0.650390625,0.90681183
0.263671875,0.083984375,0.888671875,0.162109375,0.990234375,0.052734375,0.638671875,0.037109375,0.388671875,0.634765625,0.666015625,0.162109375,0.119140625,0.978515625,0.349609375,0.650390625,0.9640843
0.263671875,0.083984375,0.888671875,0.162109375,0.990234375,0.052734375,0.638671875,0.037109375,0.388671875,0.634765625,0.666015625,0.162109375,0.119140625,0.814453125,0.794921875,0.650390625,0.88897645
0.263671875,0.083984375,0.888671875,0.162109375,0.990234375,0.052734375,0.638671875,0.037109375,0.388671875,0.634765625,0.666015625,0.162109375,0.119140625,0.814453125,0.349609375,0.998046875,0.9068963
0.369140625,0.853515625,0.697265625,0.431640625,0.697265625,0.529296875,0.525390625,0.978515625,0.892578125,0.927734375,0.689453125,0.755859375,0.466796875,0.978515625,0.794921875,0.998046875,1.0717453
0.763671875,0.583984375,0.388671875,0.662109375,0.490234375,0.552734375,0.138671875,0.537109375,0.888671875,0.134765625,0.166015625,0.662109375,0.619140625,0.314453125,0.849609375,0.150390625,0.7446657
0.869140625,0.583984375,0.388671875,0.662109375,0.490234375,0.552734375,0.138671875,0.537109375,0.888671875,0.134765625,0.166015625,0.662109375,0.619140625,0.314453125,0.849609375,0.150390625,0.7446657
0.763671875,0.353515625,0.388671875,0.662109375,0.490234375,0.552734375,0.138671875,0.537109375,0.888671875,0.134765625,0.166015625,0.662109375,0.619140625,0.314453125,0.849609375,0.150390625,0.71043843
0.763671875,0.583984375,0.197265625,0.662109375,0.490234375,0.552734375,0.138671875,0.537109375,0.888671875,0.134765625,0.166015625,0.662109375,0.619140625,0.314453125,0.849609375,0.150390625,0.75407606
0.763671875,0.583984375,0.388671875,0.931640625,0.490234375,0.552734375,0.138671875,0.537109375,0.888671875,0.134765625,0.166015625,0.662109375,0.619140625,0.314453125,0.849609375,0.150390625,0.80801576
0.763671875,0.583984375,0.388671875,0.662109375,0.197265625,0.552734375,0.138671875,0.537109375,0.888671875,0.134765625,0.166015625,0.662109375,0.619140625,0.314453125,0.849609375,0.150390625,0.7412639
0.763671875,0.583984375,0.388671875,0.662109375,0.490234375,0.029296875,0.138671875,0.537109375,0.888671875,0.134765625,0.166015625,0.662109375,0.619140625,0.314453125,0.849609375,0.150390625,0.7446657
0.763671875,0.583984375,0.388671875,0.662109375,0.490234375,0.552734375,0.025390625,0.537109375,0.888671875,0.134765625,0.166015625,0.662109375,0.619140625,0.314453125,0.849609375,0.150390625,0.7494578
0.763671875,0.583984375,0.388671875,0.662109375,0.490234375,0.552734375,0.138671875,0.478515625,0.888671875,0.134765625,0.166015625,0.662109375,0.619140625,0.314453125,0.849609375,0.150390625,0.7447973
0.763671875,0.583984375,0.388671875,0.662109375,0.490234375,0.552734375,0.138671875,0.537109375,0.392578125,0.134765625,0.166015625,0.662109375,0.619140625,0.314453125,0.849609375,0.150390625,0.7740591
0.763671875,0.583984375,0.388671875,0.662109375,0.490234375,0.552734375,0.138671875,0.537109375,0.888671875,0.427734375,0.166015625,0.662109375,0.619140625,0.314453125,0.849609375,0.150390625,1.0714823
0.763671875,0.583984375,0.388671875,0.662109375,0.490234375,0.552734375,0.138671875,0.537109375,0.888671875,0.134765625,0.189453125,0.662109375,0.619140625,0.314453125,0.849609375,0.150390625,0.7437491
0.763671875,0.583984375,0.388671875,0.662109375,0.490234375,0.552734375,0.138671875,0.537109375,0.888671875,0.134765625,0.166015625,0.255859375,0.619140625,0.314453125,0.849609375,0.150390625,0.73656917
0.763671875,0.583984375,0.388671875,0.662109375,0.490234375,0.552734375,0.138671875,0.537109375,0.888671875,0.134765625,0.166015625,0.662109375,0.966796875,0.314453125,0.849609375,0.150390625,0.744852
0.763671875,0.583984375,0.388671875,0.662109375,0.490234375,0.552734375,0.138671875,0.537109375,0.888671875,0.134765625,0.166015625,0.662109375,0.619140625,0.478515625,0.849609375,0.150390625,0.77763736
0.763671875,0.583984375,0.388671875,0.662109375,0.490234375,0.552734375,0.138671875,0.537109375,0.888671875,0.134765625,0.166015625,0.662109375,0.619140625,0.314453125,0.294921875,0.150390625,0.7670687
0.763671875,0.583984375,0.388671875,0.662109375,0.490234375,0.552734375,0.138671875,0.537109375,0.888671875,0.134765625,0.166015625,0.662109375,0.619140625,0.314453125,0.849609375,0.498046875,0.7446657
0.869140625,0.353515625,0.197265625,0.931640625,0.197265625,0.029296875,0.025390625,0.478515625,0.392578125,0.427734375,0.189453125,0.255859375,0.966796875,0.478515625,0.294921875,0.498046875,1.1874781
0.513671875,0.333984375,0.638671875,0.412109375,0.240234375,0.802734375,0.888671875,0.787109375,0.638671875,0.384765625,0.416015625,0.912109375,0.369140625,0.564453125,0.599609375,0.900390625,0.8962559
0.619140625,0.333984375,0.638671875,0.412109375,0.240234375,0.802734375,0.888671875,0.787109375,0.638671875,0.384765625,0.416015625,0.912109375,0.369140625,0.564453125,0.599609375,0.900390625,0.8962559
0.513671875,0.603515625,0.638671875,0.412109375,0.240234375,0.802734375,0.888671875,0.787109375,0.638671875,0.384765625,0.416015625,0.912109375,0.369140625,0.564453125,0.599609375,0.900390625,0.9363145
0.513671875,0.333984375,0.447265625,0.412109375,0.240234375,0.802734375,0.888671875,0.787109375,0.638671875,0.384765625,0.416015625,0.912109375,0.369140625,0.564453125,0.599609375,0.900390625,0.9096498
0.513671875,0.333984375,0.638671875,0.181640625,0.240234375,0.802734375,0.888671875,0.787109375,0.638671875,0.384765625,0.416015625,0.912109375,0.369140625,0.564453125,0.599609375,0.900390625,0.8840025
0.513671875,0.333984375,0.638671875,0.412109375,0.947265625,0.802734375,0.888671875,0.787109375,0.638671875,0.384765625,0.416015625,0.912109375,0.369140625,0.564453125,0.599609375,0.900390625,0.9071577
0.513671875,0.333984375,0.638671875,0.412109375,0.240234375,0.279296875,0.888671875,0.787109375,0.638671875,0.384765625,0.416015625,0.912109375,0.369140625,0.564453125,0.599609375,0.900390625,0.8962559
0.513671875,0.333984375,0.638671875,0.412109375,0.240234375,0.802734375,0.775390625,0.787109375,0.638671875,0.384765625,0.416015625,0.912109375,0.369140625,0.564453125,0.599609375,0.900390625,0.91947204
0.513671875,0.333984375,0.638671875,0.412109375,0.240234375,0.802734375,0.888671875,0.728515625,0.638671875,0.384765625,0.416015625,0.912109375,0.369140625,0.564453125,0.599609375,0.900390625,0.8962578
0.513671875,0.333984375,0.638671875,0.412109375,0.240234375,0.802734375,0.888671875,0.787109375,0.642578125,0.384765625,0.416015625,0.912109375,0.369140625,0.564453125,0.599609375,0.900390625,0.89532095
0.513671875,0.333984375,0.638671875,0.412109375,0.240234375,0.802734375,0.888671875,0.787109375,0.638671875,0.177734375,0.416015625,0.912109375,0.369140625,0.564453125,0.599609375,0.900390625,0.7589726
0.513671875,0.333984375,0.638671875,0.412109375,0.240234375,0.802734375,0.888671875,0.787109375,0.638671875,0.384765625,0.939453125,0.912109375,0.369140625,0.564453125,0.599609375,0.900390625,0.53466153
0.513671875,0.333984375,0.638671875,0.412109375,0.240234375,0.802734375,0.888671875,0.787109375,0.638671875,0.384765625,0.416015625,0.005859375,0.369140625,0.564453125,0.599609375,0.900390625,0.87497133
0.513671875,0.333984375,0.638671875,0.412109375,0.240234375,0.802734375,0.888671875,0.787109375,0.638671875,0.384765625,0.416015625,0.912109375,0.216796875,0.564453125,0.599609375,0.900390625,0.89627016
0.513671875,0.333984375,0.638671875,0.412109375,0.240234375,0.802734375,0.888671875,0.787109375,0.638671875,0.384765625,0.416015625,0.912109375,0.369140625,0.228515625,0.599609375,0.900390625,0.82850695
0.513671875,0.333984375,0.638671875,0.412109375,0.240234375,0.802734375,0.888671875,0.787109375,0.638671875,0.384765625,0.416015625,0.912109375,0.369140625,0.564453125,0.544921875,0.900390625,0.8984422
0.513671875,0.333984375,0.638671875,0.412109375,0.240234375,0.802734375,0.888671875,0.787109375,0.638671875,0.384765625,0.416015625,0.912109375,0.369140625,0.564453125,0.599609375,0.748046875,0.8962559
0.619140625,0.603515625,0.447265625,0.181640625,0.947265625,0.279296875,0.775390625,0.728515625,0.642578125,0.177734375,0.939453125,0.005859375,0.216796875,0.228515625,0.544921875,0.748046875,0.38492906
0.013671875,0.833984375,0.138671875,0.912109375,0.740234375,0.302734375,0.388671875,0.287109375,0.138671875,0.884765625,0.916015625,0.412109375,0.869140625,0.064453125,0.099609375,0.400390625,0.7731455
0.119140625,0.833984375,0.138671875,0.912109375,0.740234375,0.302734375,0.388671875,0.287109375,0.138671875,0.884765625,0.916015625,0.412109375,0.869140625,0.064453125,0.099609375,0.400390625,0.7731455
0.013671875,0.103515625,0.138671875,0.912109375,0.740234375,0.302734375,0.388671875,0.287109375,0.138671875,0.884765625,0.916015625,0.412109375,0.869140625,0.064453125,0.099609375,0.400390625,0.662653
0.013671875,0.833984375,0.947265625,0.912109375,0.740234375,0.302734375,0.388671875,0.287109375,0.138671875,0.884765625,0.916015625,0.412109375,0.869140625,0.064453125,0.099609375,0.400390625,0.7153421
0.013671875,0.833984375,0.138671875,0.681640625,0.740234375,0.302734375,0.388671875,0.287109375,0.138671875,0.884765625,0.916015625,0.412109375,0.869140625,0.064453125,0.099609375,0.400390625,0.7181633
0.013671875,0.833984375,0.138671875,0.912109375,0.447265625,0.302734375,0.388671875,0.287109375,0.138671875,0.884765625,0.916015625,0.412109375,0.869140625,0.064453125,0.099609375,0.400390625,0.76866895
0.013671875,0.833984375,0.138671875,0.912109375,0.740234375,0.779296875,0.388671875,0.287109375,0.138671875,0.884765625,0.916015625,0.412109375,0.869140625,0.064453125,0.099609375,0.400390625,0.7731455
0.013671875,0.833984375,0.138671875,0.912109375,0.740234375,0.302734375,0.275390625,0.287109375,0.138671875,0.884765625,0.916015625,0.412109375,0.869140625,0.064453125,0.099609375,0.400390625,0.7820769
0.013671875,0.833984375,0.138671875,0.912109375,0.740234375,0.302734375,0.388671875,0.228515625,0.138671875,0.884765625,0.916015625,0.412109375,0.869140625,0.064453125,0.099609375,0.400390625,0.7731412
0.013671875,0.833984375,0.138671875,0.912109375,0.740234375,0.302734375,0.388671875,0.287109375,0.142578125,0.884765625,0.916015625,0.412109375,0.869140625,0.064453125,0.099609375,0.400390625,0.7736328
0.013671875,0.833984375,0.138671875,0.912109375,0.740234375,0.302734375,0.388671875,0.287109375,0.138671875,0.677734375,0.916015625,0.412109375,0.869140625,0.064453125,0.099609375,0.400390625,0.7731398
0.013671875,0.833984375,0.138671875,0.912109375,0.740234375,0.302734375,0.388671875,0.287109375,0.138671875,0.884765625,0.439453125,0.412109375,0.869140625,0.064453125,0.099609375,0.400390625,1.108049
0.013671875,0.833984375,0.138671875,0.912109375,0.740234375,0.302734375,0.388671875,0.287109375,0.138671875,0.884765625,0.916015625,0.505859375,0.869140625,0.064453125,0.099609375,0.400390625,0.7749345
0.013671875,0.833984375,0.138671875,0.912109375,0.740234375,0.302734375,0.388671875,0.287109375,0.138671875,0.884765625,0.916015625,0.412109375,0.716796875,0.064453125,0.099609375,0.400390625,0.7731244
0.013671875,0.833984375,0.138671875,0.912109375,0.740234375,0.302734375,0.388671875,0.287109375,0.138671875,0.884765625,0.916015625,0.412109375,0.869140625,0.728515625,0.099609375,0.400390625,0.9088462
0.013671875,0.833984375,0.138671875,0.912109375,0.740234375,0.302734375,0.388671875,0.287109375,0.138671875,0.884765625,0.916015625,0.412109375,0.869140625,0.064453125,0.044921875,0.400390625,0.7741625
0.013671875,0.833984375,0.138671875,0.912109375,0.740234375,0.302734375,0.388671875,0.287109375,0.138671875,0.884765625,0.916015625,0.412109375,0.869140625,0.064453125,0.099609375,0.248046875,0.7731455
0.119140625,0.103515625,0.947265625,0.681640625,0.447265625,0.779296875,0.275390625,0.228515625,0.142578125,0.677734375,0.439453125,0.505859375,0.716796875,0.728515625,0.044921875,0.248046875,1.0281893
0.009765625,0.166015625,0.900390625,0.478515625,0.126953125,0.712890625,0.501953125,0.392578125,0.322265625,0.724609375,0.787109375,0.259765625,0.927734375,0.701171875,0.517578125,0.888671875,0.78607047
0.474609375,0.166015625,0.900390625,0.478515625,0.126953125,0.712890625,0.501953125,0.392578125,0.322265625,0.724609375,0.787109375,0.259765625,0.927734375,0.701171875,0.517578125,0.888671875,0.78607047
0.009765625,0.466796875,0.900390625,0.478515625,0.126953125,0.712890625,0.501953125,0.392578125,0.322265625,0.724609375,0.787109375,0.259765625,0.927734375,0.701171875,0.517578125,0.888671875,0.82203627
0.009765625,0.166015625,0.287109375,0.478515625,0.126953125,0.712890625,0.501953125,0.392578125,0.322265625,0.724609375,0.787109375,0.259765625,0.927734375,0.701171875,0.517578125,0.888671875,0.83236265
0.009765625,0.166015625,0.900390625,0.935546875,0.126953125,0.712890625,0.501953125,0.392578125,0.322265625,0.724609375,0.787109375,0.259765625,0.927734375,0.701171875,0.517578125,0.888671875,0.8890809
0.009765625,0.166015625,0.900390625,0.478515625,0.138671875,0.712890625,0.501953125,0.392578125,0.322265625,0.724609375,0.787109375,0.259765625,0.927734375,0.701171875,0.517578125,0.888671875,0.78617454
0.009765625,0.166015625,0.900390625,0.478515625,0.126953125,0.712890625,0.501953125,0.392578125,0.322265625,0.724609375,0.787109375,0.259765625,0.927734375,0.701171875,0.517578125,0.888671875,0.78607047
0.009765625,0.166015625,0.900390625,0.478515625,0.126953125,0.712890625,0.810546875,0.392578125,0.322265625,0.724609375,0.787109375,0.259765625,0.927734375,0.701171875,0.517578125,0.888671875,0.7389791
0.009765625,0.166015625,0.900390625,0.478515625,0.126953125,0.712890625,0.501953125,0.013671875,0.322265625,0.724609375,0.787109375,0.259765625,0.927734375,0.701171875,0.517578125,0.888671875,0.78601956
0.009765625,0.166015625,0.900390625,0.478515625,0.126953125,0.712890625,0.501953125,0.392578125,0.693359375,0.724609375,0.787109375,0.259765625,0.927734375,0.701171875,0.517578125,0.888671875,0.73759556
0.009765625,0.166015625,0.900390625,0.478515625,0.126953125,0.712890625,0.501953125,0.392578125,0.322265625,0.470703125,0.787109375,0.259765625,0.927734375,0.701171875,0.517578125,0.888671875,0.78567374
0.009765625,0.166015625,0.900390625,0.478515625,0.126953125,0.712890625,0.501953125,0.392578125,0.322265625,0.724609375,0.927734375,0.259765625,0.927734375,0.701171875,0.517578125,0.888671875,0.64543885
0.009765625,0.166015625,0.900390625,0.478515625,0.126953125,0.712890625,0.501953125,0.392578125,0.322265625,0.724609375,0.787109375,0.205078125,0.927734375,0.701171875,0.517578125,0.888671875,0.7839742
0.009765625,0.166015625,0.900390625,0.478515625,0.126953125,0.712890625,0.501953125,0.392578125,0.322265625,0.724609375,0.787109375,0.259765625,0.251953125,0.701171875,0.517578125,0.888671875,0.78606796
0.009765625,0.166015625,0.900390625,0.478515625,0.126953125,0.712890625,0.501953125,0.392578125,0.322265625,0.724609375,0.787109375,0.259765625,0.927734375,0.724609375,0.517578125,0.888671875,0.7928163
0.009765625,0.166015625,0.900390625,0.478515625,0.126953125,0.712890625,0.501953125,0.392578125,0.322265625,0.724609375,0.787109375,0.259765625,0.927734375,0.701171875,0.611328125,0.888671875,0.78235894
0.009765625,0.166015625,0.900390625,0.478515625,0.126953125,0.712890625,0.501953125,0.392578125,0.322265625,0.724609375,0.787109375,0.259765625,0.927734375,0.701171875,0.517578125,0.080078125,0.78607047
0.474609375,0.466796875,0.287109375,0.935546875,0.138671875,0.712890625,0.810546875,0.013671875,0.693359375,0.470703125,0.927734375,0.205078125,0.251953125,0.724609375,0.611328125,0.080078125,0.7357327
0.509765625,0.666015625,0.400390625,0.978515625,0.626953125,0.212890625,0.001953125,0.892578125,0.822265625,0.224609375,0.287109375,0.759765625,0.427734375,0.201171875,0.017578125,0.388671875,1.0926833
0.974609375,0.666015625,0.400390625,0.978515625,0.626953125,0.212890625,0.001953125,0.892578125,0.822265625,0.224609375,0.287109375,0.759765625,0.427734375,0.201171875,0.017578125,0.388671875,1.0926833
0.509765625,0.966796875,0.400390625,0.978515625,0.626953125,0.212890625,0.001953125,0.892578125,0.822265625,0.224609375,0.287109375,0.759765625,0.427734375,0.201171875,0.017578125,0.388671875,1.1610181
0.509765625,0.666015625,0.787109375,0.978515625,0.626953125,0.212890625,0.001953125,0.892578125,0.822265625,0.224609375,0.287109375,0.759765625,0.427734375,0.201171875,0.017578125,0.388671875,1.0637072
0.509765625,0.666015625,0.400390625,0.435546875,0.626953125,0.212890625,0.001953125,0.892578125,0.822265625,0.224609375,0.287109375,0.759765625,0.427734375,0.201171875,0.017578125,0.388671875,0.97841203
0.509765625,0.666015625,0.400390625,0.978515625,0.638671875,0.212890625,0.001953125,0.892578125,0.822265625,0.224609375,0.287109375,0.759765625,0.427734375,0.201171875,0.017578125,0.388671875,1.0928693
0.509765625,0.666015625,0.400390625,0.978515625,0.626953125,0.212890625,0.001953125,0.892578125,0.822265625,0.224609375,0.287109375,0.759765625,0.427734375,0.201171875,0.017578125,0.388671875,1.0926833
0.509765625,0.666015625,0.400390625,0.978515625,0.626953125,0.212890625,0.310546875,0.892578125,0.822265625,0.224609375,0.287109375,0.759765625,0.427734375,0.201171875,0.017578125,0.388671875,1.0765152
0.509765625,0.666015625,0.400390625,0.978515625,0.626953125,0.212890625,0.001953125,0.513671875,0.822265625,0.224609375,0.287109375,0.759765625,0.427734375,0.201171875,0.017578125,0.388671875,1.0929081
0.509765625,0.666015625,0.400390625,0.978515625,0.626953125,0.212890625,0.001953125,0.892578125,0.193359375,0.224609375,0.287109375,0.759765625,0.427734375,0.201171875,0.017578125,0.388671875,1.092535
0.509765625,0.666015625,0.400390625,0.978515625,0.626953125,0.212890625,0.001953125,0.892578125,0.822265625,0.970703125,0.287109375,0.759765625,0.427734375,0.201171875,0.017578125,0.388671875,1.1474452
0.509765625,0.666015625,0.400390625,0.978515625,0.626953125,0.212890625,0.001953125,0.892578125,0.822265625,0.224609375,0.427734375,0.759765625,0.427734375,0.201171875,0.017578125,0.388671875,1.0736946
0.509765625,0.666015625,0.400390625,0.978515625,0.626953125,0.212890625,0.001953125,0.892578125,0.822265625,0.224609375,0.287109375,0.705078125,0.427734375,0.201171875,0.017578125,0.388671875,1.0924277
0.509765625,0.666015625,0.400390625,0.978515625,0.626953125,0.212890625,0.001953125,0.892578125,0.822265625,0.224609375,0.287109375,0.759765625,0.751953125,0.201171875,0.017578125,0.388671875,1.0927073
0.509765625,0.666015625,0.400390625,0.978515625,0.626953125,0.212890625,0.001953125,0.892578125,0.822265625,0.224609375,0.287109375,0.759765625,0.427734375,0.224609375,0.017578125,0.388671875,1.0964189
0.509765625,0.666015625,0.400390625,0.978515625,0.626953125,0.212890625,0.001953125,0.892578125,0.822265625,0.224609375,0.287109375,0.759765625,0.427734375,0.201171875,0.111328125,0.388671875,1.0909646
0.509765625,0.666015625,0.400390625,0.978515625,0.626953125,0.212890625,0.001953125,0.892578125,0.822265625,0.224609375,0.287109375,0.759765625,0.427734375,0.201171875,0.017578125,0.580078125,1.0926832
0.974609375,0.966796875,0.787109375,0.435546875,0.638671875,0.212890625,0.310546875,0.513671875,0.193359375,0.970703125,0.427734375,0.705078125,0.751953125,0.224609375,0.111328125,0.580078125,1.0394232
0.759765625,0.416015625,0.650390625,0.228515625,0.876953125,0.462890625,0.751953125,0.642578125,0.572265625,0.474609375,0.037109375,0.509765625,0.677734375,0.951171875,0.267578125,0.638671875,1.1052797
0.724609375,0.416015625,0.650390625,0.228515625,0.876953125,0.462890625,0.751953125,0.642578125,0.572265625,0.474609375,0.037109375,0.509765625,0.677734375,0.951171875,0.267578125,0.638671875,1.1052797
0.759765625,0.216796875,0.650390625,0.228515625,0.876953125,0.462890625,0.751953125,0.642578125,0.572265625,0.474609375,0.037109375,0.509765625,0.677734375,0.951171875,0.267578125,0.638671875,1.081516
0.759765625,0.416015625,0.537109375,0.228515625,0.876953125,0.462890625,0.751953125,0.642578125,0.572265625,0.474609375,0.037109375,0.509765625,0.677734375,0.951171875,0.267578125,0.638671875,1.1137297
0.759765625,0.416015625,0.650390625,0.685546875,0.876953125,0.462890625,0.751953125,0.642578125,0.572265625,0.474609375,0.037109375,0.509765625,0.677734375,0.951171875,0.267578125,0.638671875,1.169883
0.759765625,0.416015625,0.650390625,0.228515625,0.388671875,0.462890625,0.751953125,0.642578125,0.572265625,0.474609375,0.037109375,0.509765625,0.677734375,0.951171875,0.267578125,0.638671875,1.0974917
0.759765625,0.416015625,0.650390625,0.228515625,0.876953125,0.462890625,0.751953125,0.642578125,0.572265625,0.474609375,0.037109375,0.509765625,0.677734375,0.951171875,0.267578125,0.638671875,1.1052797
0.759765625,0.416015625,0.650390625,0.228515625,0.876953125,0.462890625,0.560546875,0.642578125,0.572265625,0.474609375,0.037109375,0.509765625,0.677734375,0.951171875,0.267578125,0.638671875,1.1343336
0.759765625,0.416015625,0.650390625,0.228515625,0.876953125,0.462890625,0.751953125,0.263671875,0.572265625,0.474609375,0.037109375,0.509765625,0.677734375,0.951171875,0.267578125,0.638671875,1.1052747
0.759765625,0.416015625,0.650390625,0.228515625,0.876953125,0.462890625,0.751953125,0.642578125,0.943359375,0.474609375,0.037109375,0.509765625,0.677734375,0.951171875,0.267578125,0.638671875,1.1229699
0.759765625,0.416015625,0.650390625,0.228515625,0.876953125,0.462890625,0.751953125,0.642578125,0.572265625,0.720703125,0.037109375,0.509765625,0.677734375,0.951171875,0.267578125,0.638671875,1.1056478
0.759765625,0.416015625,0.650390625,0.228515625,0.876953125,0.462890625,0.751953125,0.642578125,0.572265625,0.474609375,0.677734375,0.509765625,0.677734375,0.951171875,0.267578125,0.638671875,0.9652392
0.759765625,0.416015625,0.650390625,0.228515625,0.876953125,0.462890625,0.751953125,0.642578125,0.572265625,0.474609375,0.037109375,0.955078125,0.677734375,0.951171875,0.267578125,0.638671875,1.1078317
0.759765625,0.416015625,0.650390625,0.228515625,0.876953125,0.462890625,0.751953125,0.642578125,0.572265625,0.474609375,0.037109375,0.509765625,0.001953125,0.951171875,0.267578125,0.638671875,1.1053274
0.759765625,0.416015625,0.650390625,0.228515625,0.876953125,0.462890625,0.751953125,0.642578125,0.572265625,0.474609375,0.037109375,0.509765625,0.677734375,0.474609375,0.267578125,0.638671875,0.96712166
0.759765625,0.416015625,0.650390625,0.228515625,0.876953125,0.462890625,0.751953125,0.642578125,0.572265625,0.474609375,0.037109375,0.509765625,0.677734375,0.951171875,0.861328125,0.638671875,1.0814984
0.759765625,0.416015625,0.650390625,0.228515625,0.876953125,0.462890625,0.751953125,0.642578125,0.572265625,0.474609375,0.037109375,0.509765625,0.677734375,0.951171875,0.267578125,0.330078125,1.1052798
0.724609375,0.216796875,0.537109375,0.685546875,0.388671875,0.462890625,0.560546875,0.263671875,0.943359375,0.720703125,0.677734375,0.955078125,0.001953125,0.474609375,0.861328125,0.330078125,0.894509
0.259765625,0.916015625,0.150390625,0.728515625,0.376953125,0.962890625,0.251953125,0.142578125,0.072265625,0.974609375,0.537109375,0.009765625,0.177734375,0.451171875,0.767578125,0.138671875,1.0865445
0.224609375,0.916015625,0.150390625,0.728515625,0.376953125,0.962890625,0.251953125,0.142578125,0.072265625,0.974609375,0.537109375,0.009765625,0.177734375,0.451171875,0.767578125,0.138671875,1.0865445
0.259765625,0.716796875,0.150390625,0.728515625,0.376953125,0.962890625,0.251953125,0.142578125,0.072265625,0.974609375,0.537109375,0.009765625,0.177734375,0.451171875,0.767578125,0.138671875,1.0413417
0.259765625,0.916015625,0.037109375,0.728515625,0.376953125,0.962890625,0.251953125,0.142578125,0.072265625,0.974609375,0.537109375,0.009765625,0.177734375,0.451171875,0.767578125,0.138671875,1.0905261
0.259765625,0.916015625,0.150390625,0.185546875,0.376953125,0.962890625,0.251953125,0.142578125,0.072265625,0.974609375,0.537109375,0.009765625,0.177734375,0.451171875,0.767578125,0.138671875,1.008966
0.259765625,0.916015625,0.150390625,0.728515625,0.888671875,0.962890625,0.251953125,0.142578125,0.072265625,0.974609375,0.537109375,0.009765625,0.177734375,0.451171875,0.767578125,0.138671875,1.0947104
0.259765625,0.916015625,0.150390625,0.728515625,0.376953125,0.962890625,0.251953125,0.142578125,0.072265625,0.974609375,0.537109375,0.009765625,0.177734375,0.451171875,0.767578125,0.138671875,1.0865445
0.259765625,0.916015625,0.150390625,0.728515625,0.376953125,0.962890625,0.060546875,0.142578125,0.072265625,0.974609375,0.537109375,0.009765625,0.177734375,0.451171875,0.767578125,0.138671875,1.0964649
0.259765625,0.916015625,0.150390625,0.728515625,0.376953125,0.962890625,0.251953125,0.763671875,0.072265625,0.974609375,0.537109375,0.009765625,0.177734375,0.451171875,0.767578125,0.138671875,1.0865456
0.259765625,0.916015625,0.150390625,0.728515625,0.376953125,0.962890625,0.251953125,0.142578125,0.443359375,0.974609375,0.537109375,0.009765625,0.177734375,0.451171875,0.767578125,0.138671875,1.146525
0.259765625,0.916015625,0.150390625,0.728515625,0.376953125,0.962890625,0.251953125,0.142578125,0.072265625,0.220703125,0.537109375,0.009765625,0.177734375,0.451171875,0.767578125,0.138671875,1.0273404
0.259765625,0.916015625,0.150390625,0.728515625,0.376953125,0.962890625,0.251953125,0.142578125,0.072265625,0.974609375,0.177734375,0.009765625,0.177734375,0.451171875,0.767578125,0.138671875,1.1436301
0.259765625,0.916015625,0.150390625,0.728515625,0.376953125,0.962890625,0.251953125,0.142578125,0.072265625,0.974609375,0.537109375,0.455078125,0.177734375,0.451171875,0.767578125,0.138671875,1.104086
0.259765625,0.916015625,0.150390625,0.728515625,0.376953125,0.962890625,0.251953125,0.142578125,0.072265625,0.974609375,0.537109375,0.009765625,0.501953125,0.451171875,0.767578125,0.138671875,1.0863141
0.259765625,0.916015625,0.150390625,0.728515625,0.376953125,0.962890625,0.251953125,0.142578125,0.072265625,0.974609375,0.537109375,0.009765625,0.177734375,0.974609375,0.767578125,0.138671875,1.2385175
0.259765625,0.916015625,0.150390625,0.728515625,0.376953125,0.962890625,0.251953125,0.142578125,0.072265625,0.974609375,0.537109375,0.009765625,0.177734375,0.451171875,0.361328125,0.138671875,1.1027132
0.259765625,0.916015625,0.150390625,0.728515625,0.376953125,0.962890625,0.251953125,0.142578125,0.072265625,0.974609375,0.537109375,0.009765625,0.177734375,0.451171875,0.767578125,0.830078125,1.0865445
0.224609375,0.716796875,0.037109375,0.185546875,0.888671875,0.962890625,0.060546875,0.763671875,0.443359375,0.220703125,0.177734375,0.455078125,0.501953125,0.974609375,0.361328125,0.830078125,1.2291468
0.384765625,0.291015625,0.275390625,0.603515625,0.251953125,0.587890625,0.876953125,0.517578125,0.697265625,0.099609375,0.162109375,0.134765625,0.552734375,0.076171875,0.892578125,0.013671875,0.18972377
0.099609375,0.291015625,0.275390625,0.603515625,0.251953125,0.587890625,0.876953125,0.517578125,0.697265625,0.099609375,0.162109375,0.134765625,0.552734375,0.076171875,0.892578125,0.013671875,0.18972377
0.384765625,0.591796875,0.275390625,0.603515625,0.251953125,0.587890625,0.876953125,0.517578125,0.697265625,0.099609375,0.162109375,0.134765625,0.552734375,0.076171875,0.892578125,0.013671875,0.23281322
0.384765625,0.291015625,0.662109375,0.603515625,0.251953125,0.587890625,0.876953125,0.517578125,0.697265625,0.099609375,0.162109375,0.134765625,0.552734375,0.076171875,0.892578125,0.013671875,0.16509327
0.384765625,0.291015625,0.275390625,0.810546875,0.251953125,0.587890625,0.876953125,0.517578125,0.697265625,0.099609375,0.162109375,0.134765625,0.552734375,0.076171875,0.892578125,0.013671875,0.24426083
0.384765625,0.291015625,0.275390625,0.603515625,0.013671875,0.587890625,0.876953125,0.517578125,0.697265625,0.099609375,0.162109375,0.134765625,0.552734375,0.076171875,0.892578125,0.013671875,0.18760346
0.384765625,0.291015625,0.275390625,0.603515625,0.251953125,0.587890625,0.876953125,0.517578125,0.697265625,0.099609375,0.162109375,0.134765625,0.552734375,0.076171875,0.892578125,0.013671875,0.18972377
0.384765625,0.291015625,0.275390625,0.603515625,0.251953125,0.587890625,0.685546875,0.517578125,0.697265625,0.099609375,0.162109375,0.134765625,0.552734375,0.076171875,0.892578125,0.013671875,0.22584827
0.384765625,0.291015625,0.275390625,0.603515625,0.251953125,0.587890625,0.876953125,0.888671875,0.697265625,0.099609375,0.162109375,0.134765625,0.552734375,0.076171875,0.892578125,0.013671875,0.1895216
0.384765625,0.291015625,0.275390625,0.603515625,0.251953125,0.587890625,0.876953125,0.517578125,0.318359375,0.099609375,0.162109375,0.134765625,0.552734375,0.076171875,0.892578125,0.013671875,0.23760776
0.384765625,0.291015625,0.275390625,0.603515625,0.251953125,0.587890625,0.876953125,0.517578125,0.697265625,0.595703125,0.162109375,0.134765625,0.552734375,0.076171875,0.892578125,0.013671875,0.8457277
0.384765625,0.291015625,0.275390625,0.603515625,0.251953125,0.587890625,0.876953125,0.517578125,0.697265625,0.099609375,0.552734375,0.134765625,0.552734375,0.076171875,0.892578125,0.013671875,0.12567474
0.384765625,0.291015625,0.275390625,0.603515625,0.251953125,0.587890625,0.876953125,0.517578125,0.697265625,0.099609375,0.162109375,0.580078125,0.552734375,0.076171875,0.892578125,0.013671875,0.2021604
0.384765625,0.291015625,0.275390625,0.603515625,0.251953125,0.587890625,0.876953125,0.517578125,0.697265625,0.099609375,0.162109375,0.134765625,0.376953125,0.076171875,0.892578125,0.013671875,0.19003604
0.384765625,0.291015625,0.275390625,0.603515625,0.251953125,0.587890625,0.876953125,0.517578125,0.697265625,0.099609375,0.162109375,0.134765625,0.552734375,0.599609375,0.892578125,0.013671875,0.28867286
0.384765625,0.291015625,0.275390625,0.603515625,0.251953125,0.587890625,0.876953125,0.517578125,0.697265625,0.099609375,0.162109375,0.134765625,0.552734375,0.076171875,0.986328125,0.013671875,0.18402031
0.384765625,0.291015625,0.275390625,0.603515625,0.251953125,0.587890625,0.876953125,0.517578125,0.697265625,0.099609375,0.162109375,0.134765625,0.552734375,0.076171875,0.892578125,0.205078125,0.18972377
0.099609375,0.591796875,0.662109375,0.810546875,0.013671875,0.587890625,0.685546875,0.888671875,0.318359375,0.595703125,0.552734375,0.580078125,0.376953125,0.599609375,0.986328125,0.205078125,1.0423551
0.884765625,0.791015625,0.775390625,0.103515625,0.751953125,0.087890625,0.376953125,0.017578125,0.197265625,0.599609375,0.662109375,0.634765625,0.052734375,0.576171875,0.392578125,0.513671875,0.94287944
0.599609375,0.791015625,0.775390625,0.103515625,0.751953125,0.087890625,0.376953125,0.017578125,0.197265625,0.599609375,0.662109375,0.634765625,0.052734375,0.576171875,0.392578125,0.513671875,0.94287944
0.884765625,0.091796875,0.775390625,0.103515625,0.751953125,0.087890625,0.376953125,0.017578125,0.197265625,0.599609375,0.662109375,0.634765625,0.052734375,0.576171875,0.392578125,0.513671875,0.8411155
0.884765625,0.791015625,0.162109375,0.103515625,0.751953125,0.087890625,0.376953125,0.017578125,0.197265625,0.599609375,0.662109375,0.634765625,0.052734375,0.576171875,0.392578125,0.513671875,0.9822799
0.884765625,0.791015625,0.775390625,0.310546875,0.751953125,0.087890625,0.376953125,0.017578125,0.197265625,0.599609375,0.662109375,0.634765625,0.052734375,0.576171875,0.392578125,0.513671875,0.9488121
0.884765625,0.791015625,0.775390625,0.103515625,0.513671875,0.087890625,0.376953125,0.017578125,0.197265625,0.599609375,0.662109375,0.634765625,0.052734375,0.576171875,0.392578125,0.513671875,0.9390935
0.884765625,0.791015625,0.775390625,0.103515625,0.751953125,0.087890625,0.376953125,0.017578125,0.197265625,0.599609375,0.662109375,0.634765625,0.052734375,0.576171875,0.392578125,0.513671875,0.94287944
0.884765625,0.791015625,0.775390625,0.103515625,0.751953125,0.087890625,0.185546875,0.017578125,0.197265625,0.599609375,0.662109375,0.634765625,0.052734375,0.576171875,0.392578125,0.513671875,0.95636034
0.884765625,0.791015625,0.775390625,0.103515625,0.751953125,0.087890625,0.376953125,0.388671875,0.197265625,0.599609375,0.662109375,0.634765625,0.052734375,0.576171875,0.392578125,0.513671875,0.9429258
0.884765625,0.791015625,0.775390625,0.103515625,0.751953125,0.087890625,0.376953125,0.017578125,0.818359375,0.599609375,0.662109375,0.634765625,0.052734375,0.576171875,0.392578125,0.513671875,0.9410553
0.884765625,0.791015625,0.775390625,0.103515625,0.751953125,0.087890625,0.376953125,0.017578125,0.197265625,0.095703125,0.662109375,0.634765625,0.052734375,0.576171875,0.392578125,0.513671875,0.23461035
0.884765625,0.791015625,0.775390625,0.103515625,0.751953125,0.087890625,0.376953125,0.017578125,0.197265625,0.599609375,0.052734375,0.634765625,0.052734375,0.576171875,0.392578125,0.513671875,1.0712504
0.884765625,0.791015625,0.775390625,0.103515625,0.751953125,0.087890625,0.376953125,0.017578125,0.197265625,0.599609375,0.662109375,0.080078125,0.052734375,0.576171875,0.392578125,0.513671875,0.9270594
0.884765625,0.791015625,0.775390625,0.103515625,0.751953125,0.087890625,0.376953125,0.017578125,0.197265625,0.599609375,0.662109375,0.634765625,0.876953125,0.576171875,0.392578125,0.513671875,0.94287515
0.884765625,0.791015625,0.775390625,0.103515625,0.751953125,0.087890625,0.376953125,0.017578125,0.197265625,0.599609375,0.662109375,0.634765625,0.052734375,0.099609375,0.392578125,0.513671875,0.85296947
0.884765625,0.791015625,0.775390625,0.103515625,0.751953125,0.087890625,0.376953125,0.017578125,0.197265625,0.599609375,0.662109375,0.634765625,0.052734375,0.576171875,0.486328125,0.513671875,0.9397372
0.884765625,0.791015625,0.775390625,0.103515625,0.751953125,0.087890625,0.376953125,0.017578125,0.197265625,0.599609375,0.662109375,0.634765625,0.052734375,0.576171875,0.392578125,0.705078125,0.94287944
0.599609375,0.091796875,0.162109375,0.310546875,0.513671875,0.087890625,0.185546875,0.388671875,0.818359375,0.095703125,0.052734375,0.080078125,0.876953125,0.099609375,0.486328125,0.705078125,0.20559078
0.634765625,0.041015625,0.025390625,0.853515625,0.501953125,0.337890625,0.626953125,0.267578125,0.447265625,0.849609375,0.912109375,0.884765625,0.802734375,0.326171875,0.142578125,0.263671875,0.726042
0.849609375,0.041015625,0.025390625,0.853515625,0.501953125,0.337890625,0.626953125,0.267578125,0.447265625,0.849609375,0.912109375,0.884765625,0.802734375,0.326171875,0.142578125,0.263671875,0.726042
0.634765625,0.841796875,0.025390625,0.853515625,0.501953125,0.337890625,0.626953125,0.267578125,0.447265625,0.849609375,0.912109375,0.884765625,0.802734375,0.326171875,0.142578125,0.263671875,0.8432856
0.634765625,0.041015625,0.412109375,0.853515625,0.501953125,0.337890625,0.626953125,0.267578125,0.447265625,0.849609375,0.912109375,0.884765625,0.802734375,0.326171875,0.142578125,0.263671875,0.70903856
0.634765625,0.041015625,0.025390625,0.560546875,0.501953125,0.337890625,0.626953125,0.267578125,0.447265625,0.849609375,0.912109375,0.884765625,0.802734375,0.326171875,0.142578125,0.263671875,0.65217775
0.634765625,0.041015625,0.025390625,0.853515625,0.263671875,0.337890625,0.626953125,0.267578125,0.447265625,0.849609375,0.912109375,0.884765625,0.802734375,0.326171875,0.142578125,0.263671875,0.72314876
0.634765625,0.041015625,0.025390625,0.853515625,0.501953125,0.337890625,0.626953125,0.267578125,0.447265625,0.849609375,0.912109375,0.884765625,0.802734375,0.326171875,0.142578125,0.263671875,0.726042
0.634765625,0.041015625,0.025390625,0.853515625,0.501953125,0.337890625,0.935546875,0.267578125,0.447265625,0.849609375,0.912109375,0.884765625,0.802734375,0.326171875,0.142578125,0.263671875,0.66753227
0.634765625,0.041015625,0.025390625,0.853515625,0.501953125,0.337890625,0.626953125,0.638671875,0.447265625,0.849609375,0.912109375,0.884765625,0.802734375,0.326171875,0.142578125,0.263671875,0.7260471
0.634765625,0.041015625,0.025390625,0.853515625,0.501953125,0.337890625,0.626953125,0.267578125,0.068359375,0.849609375,0.912109375,0.884765625,0.802734375,0.326171875,0.142578125,0.263671875,0.6667927
0.634765625,0.041015625,0.025390625,0.853515625,0.501953125,0.337890625,0.626953125,0.267578125,0.447265625,0.345703125,0.912109375,0.884765625,0.802734375,0.326171875,0.142578125,0.263671875,0.7211744
0.634765625,0.041015625,0.025390625,0.853515625,0.501953125,0.337890625,0.626953125,0.267578125,0.447265625,0.849609375,0.802734375,0.884765625,0.802734375,0.326171875,0.142578125,0.263671875,0.8362674
0.634765625,0.041015625,0.025390625,0.853515625,0.501953125,0.337890625,0.626953125,0.267578125,0.447265625,0.849609375,0.912109375,0.330078125,0.802734375,0.326171875,0.142578125,0.263671875,0.71955746
0.634765625,0.041015625,0.025390625,0.853515625,0.501953125,0.337890625,0.626953125,0.267578125,0.447265625,0.849609375,0.912109375,0.884765625,0.126953125,0.326171875,0.142578125,0.263671875,0.72605014
0.634765625,0.041015625,0.025390625,0.853515625,0.501953125,0.337890625,0.626953125,0.267578125,0.447265625,0.849609375,0.912109375,0.884765625,0.802734375,0.349609375,0.142578125,0.263671875,0.7304214
0.634765625,0.041015625,0.025390625,0.853515625,0.501953125,0.337890625,0.626953125,0.267578125,0.447265625,0.849609375,0.912109375,0.884765625,0.802734375,0.326171875,0.736328125,0.263671875,0.70586586
0.634765625,0.041015625,0.025390625,0.853515625,0.501953125,0.337890625,0.626953125,0.267578125,0.447265625,0.849609375,0.912109375,0.884765625,0.802734375,0.326171875,0.142578125,0.455078125,0.726042
0.849609375,0.841796875,0.412109375,0.560546875,0.263671875,0.337890625,0.935546875,0.638671875,0.068359375,0.345703125,0.802734375,0.330078125,0.126953125,0.349609375,0.736328125,0.455078125,0.71485627
0.134765625,0.541015625,0.525390625,0.353515625,0.001953125,0.837890625,0.126953125,0.767578125,0.947265625,0.349609375,0.412109375,0.384765625,0.302734375,0.826171875,0.642578125,0.763671875,1.1229873
0.349609375,0.541015625,0.525390625,0.353515625,0.001953125,0.837890625,0.126953125,0.767578125,0.947265625,0.349609375,0.412109375,0.384765625,0.302734375,0.826171875,0.642578125,0.763671875,1.1229873
0.134765625,0.341796875,0.525390625,0.353515625,0.001953125,0.837890625,0.126953125,0.767578125,0.947265625,0.349609375,0.412109375,0.384765625,0.302734375,0.826171875,0.642578125,0.763671875,1.0945054
0.134765625,0.541015625,0.912109375,0.353515625,0.001953125,0.837890625,0.126953125,0.767578125,0.947265625,0.349609375,0.412109375,0.384765625,0.302734375,0.826171875,0.642578125,0.763671875,1.0893105
0.134765625,0.541015625,0.525390625,0.060546875,0.001953125,0.837890625,0.126953125,0.767578125,0.947265625,0.349609375,0.412109375,0.384765625,0.302734375,0.826171875,0.642578125,0.763671875,1.1139306
0.134765625,0.541015625,0.525390625,0.353515625,0.763671875,0.837890625,0.126953125,0.767578125,0.947265625,0.349609375,0.412109375,0.384765625,0.302734375,0.826171875,0.642578125,0.763671875,1.1323698
0.134765625,0.541015625,0.525390625,0.353515625,0.001953125,0.837890625,0.126953125,0.767578125,0.947265625,0.349609375,0.412109375,0.384765625,0.302734375,0.826171875,0.642578125,0.763671875,1.1229873
0.134765625,0.541015625,0.525390625,0.353515625,0.001953125,0.837890625,0.435546875,0.767578125,0.947265625,0.349609375,0.412109375,0.384765625,0.302734375,0.826171875,0.642578125,0.763671875,1.1010599
0.134765625,0.541015625,0.525390625,0.353515625,0.001953125,0.837890625,0.126953125,0.138671875,0.947265625,0.349609375,0.412109375,0.384765625,0.302734375,0.826171875,0.642578125,0.763671875,1.1229862
0.134765625,0.541015625,0.525390625,0.353515625,0.001953125,0.837890625,0.126953125,0.767578125,0.568359375,0.349609375,0.412109375,0.384765625,0.302734375,0.826171875,0.642578125,0.763671875,1.1055126
0.134765625,0.541015625,0.525390625,0.353515625,0.001953125,0.837890625,0.126953125,0.767578125,0.947265625,0.845703125,0.412109375,0.384765625,0.302734375,0.826171875,0.642578125,0.763671875,1.1274886
0.134765625,0.541015625,0.525390625,0.353515625,0.001953125,0.837890625,0.126953125,0.767578125,0.947265625,0.349609375,0.302734375,0.384765625,0.302734375,0.826171875,0.642578125,0.763671875,1.1375717
0.134765625,0.541015625,0.525390625,0.353515625,0.001953125,0.837890625,0.126953125,0.767578125,0.947265625,0.349609375,0.412109375,0.830078125,0.302734375,0.826171875,0.642578125,0.763671875,1.1279292
0.134765625,0.541015625,0.525390625,0.353515625,0.001953125,0.837890625,0.126953125,0.767578125,0.947265625,0.349609375,0.412109375,0.384765625,0.626953125,0.826171875,0.642578125,0.763671875,1.1228483
0.134765625,0.541015625,0.525390625,0.353515625,0.001953125,0.837890625,0.126953125,0.767578125,0.947265625,0.349609375,0.412109375,0.384765625,0.302734375,0.849609375,0.642578125,0.763671875,1.1306788
0.134765625,0.541015625,0.525390625,0.353515625,0.001953125,0.837890625,0.126953125,0.767578125,0.947265625,0.349609375,0.412109375,0.384765625,0.302734375,0.826171875,0.236328125,0.763671875,1.1366893
0.134765625,0.541015625,0.525390625,0.353515625,0.001953125,0.837890625,0.126953125,0.767578125,0.947265625,0.349609375,0.412109375,0.384765625,0.302734375,0.826171875,0.642578125,0.955078125,1.1229873
0.349609375,0.341796875,0.912109375,0.060546875,0.763671875,0.837890625,0.435546875,0.138671875,0.568359375,0.845703125,0.302734375,0.830078125,0.626953125,0.849609375,0.236328125,0.955078125,1.0670338
0.197265625,0.478515625,0.087890625,0.041015625,0.689453125,0.900390625,0.939453125,0.580078125,0.634765625,0.912109375,0.474609375,0.322265625,0.115234375,0.263671875,0.330078125,0.076171875,0.8568138
0.662109375,0.478515625,0.087890625,0.041015625,0.689453125,0.900390625,0.939453125,0.580078125,0.634765625,0.912109375,0.474609375,0.322265625,0.115234375,0.263671875,0.330078125,0.076171875,0.8568138
0.197265625,0.654296875,0.087890625,0.041015625,0.689453125,0.900390625,0.939453125,0.580078125,0.634765625,0.912109375,0.474609375,0.322265625,0.115234375,0.263671875,0.330078125,0.076171875,0.8864765
0.197265625,0.478515625,0.724609375,0.041015625,0.689453125,0.900390625,0.939453125,0.580078125,0.634765625,0.912109375,0.474609375,0.322265625,0.115234375,0.263671875,0.330078125,0.076171875,0.81922054
0.197265625,0.478515625,0.087890625,0.748046875,0.689453125,0.900390625,0.939453125,0.580078125,0.634765625,0.912109375,0.474609375,0.322265625,0.115234375,0.263671875,0.330078125,0.076171875,0.94176924
0.197265625,0.478515625,0.087890625,0.041015625,0.076171875,0.900390625,0.939453125,0.580078125,0.634765625,0.912109375,0.474609375,0.322265625,0.115234375,0.263671875,0.330078125,0.076171875,0.8493017
0.197265625,0.478515625,0.087890625,0.041015625,0.689453125,0.025390625,0.939453125,0.580078125,0.634765625,0.912109375,0.474609375,0.322265625,0.115234375,0.263671875,0.330078125,0.076171875,0.8568138
0.197265625,0.478515625,0.087890625,0.041015625,0.689453125,0.900390625,0.998046875,0.580078125,0.634765625,0.912109375,0.474609375,0.322265625,0.115234375,0.263671875,0.330078125,0.076171875,0.84192246
0.197265625,0.478515625,0.087890625,0.041015625,0.689453125,0.900390625,0.939453125,0.951171875,0.634765625,0.912109375,0.474609375,0.322265625,0.115234375,0.263671875,0.330078125,0.076171875,0.8567823
0.197265625,0.478515625,0.087890625,0.041015625,0.689453125,0.900390625,0.939453125,0.580078125,0.755859375,0.912109375,0.474609375,0.322265625,0.115234375,0.263671875,0.330078125,0.076171875,0.845434
0.197265625,0.478515625,0.087890625,0.041015625,0.689453125,0.900390625,0.939453125,0.580078125,0.634765625,0.408203125,0.474609375,0.322265625,0.115234375,0.263671875,0.330078125,0.076171875,0.8554195
0.197265625,0.478515625,0.087890625,0.041015625,0.689453125,0.900390625,0.939453125,0.580078125,0.634765625,0.912109375,0.490234375,0.322265625,0.115234375,0.263671875,0.330078125,0.076171875,0.85233945
0.197265625,0.478515625,0.087890625,0.041015625,0.689453125,0.900390625,0.939453125,0.580078125,0.634765625,0.912109375,0.474609375,0.017578125,0.115234375,0.263671875,0.330078125,0.076171875,0.84300727
0.197265625,0.478515625,0.087890625,0.041015625,0.689453125,0.900390625,0.939453125,0.580078125,0.634765625,0.912109375,0.474609375,0.322265625,0.939453125,0.263671875,0.330078125,0.076171875,0.85681254
0.197265625,0.478515625,0.087890625,0.041015625,0.689453125,0.900390625,0.939453125,0.580078125,0.634765625,0.912109375,0.474609375,0.322265625,0.115234375,0.287109375,0.330078125,0.076171875,0.8608628
0.197265625,0.478515625,0.087890625,0.041015625,0.689453125,0.900390625,0.939453125,0.580078125,0.634765625,0.912109375,0.474609375,0.322265625,0.115234375,0.263671875,0.923828125,0.076171875,0.8311174
0.197265625,0.478515625,0.087890625,0.041015625,0.689453125,0.900390625,0.939453125,0.580078125,0.634765625,0.912109375,0.474609375,0.322265625,0.115234375,0.263671875,0.330078125,0.767578125,0.8568138
0.662109375,0.654296875,0.724609375,0.748046875,0.076171875,0.025390625,0.998046875,0.951171875,0.755859375,0.408203125,0.490234375,0.017578125,0.939453125,0.287109375,0.923828125,0.767578125,0.8587003
0.697265625,0.978515625,0.587890625,0.541015625,0.189453125,0.400390625,0.439453125,0.080078125,0.134765625,0.412109375,0.974609375,0.822265625,0.615234375,0.763671875,0.830078125,0.576171875,0.75374246
0.162109375,0.978515625,0.587890625,0.541015625,0.189453125,0.400390625,0.439453125,0.080078125,0.134765625,0.412109375,0.974609375,0.822265625,0.615234375,0.763671875,0.830078125,0.576171875,0.75374246
0.697265625,0.154296875,0.587890625,0.541015625,0.189453125,0.400390625,0.439453125,0.080078125,0.134765625,0.412109375,0.974609375,0.822265625,0.615234375,0.763671875,0.830078125,0.576171875,0.61159736
0.697265625,0.978515625,0.224609375,0.541015625,0.189453125,0.400390625,0.439453125,0.080078125,0.134765625,0.412109375,0.974609375,0.822265625,0.615234375,0.763671875,0.830078125,0.576171875,0.77494836
0.697265625,0.978515625,0.587890625,0.248046875,0.189453125,0.400390625,0.439453125,0.080078125,0.134765625,0.412109375,0.974609375,0.822265625,0.615234375,0.763671875,0.830078125,0.576171875,0.7246481
0.697265625,0.978515625,0.587890625,0.541015625,0.576171875,0.400390625,0.439453125,0.080078125,0.134765625,0.412109375,0.974609375,0.822265625,0.615234375,0.763671875,0.830078125,0.576171875,0.7584499
0.697265625,0.978515625,0.587890625,0.541015625,0.189453125,0.525390625,0.439453125,0.080078125,0.134765625,0.412109375,0.974609375,0.822265625,0.615234375,0.763671875,0.830078125,0.576171875,0.75374246
0.697265625,0.978515625,0.587890625,0.541015625,0.189453125,0.400390625,0.498046875,0.080078125,0.134765625,0.412109375,0.974609375,0.822265625,0.615234375,0.763671875,0.830078125,0.576171875,0.747558
0.697265625,0.978515625,0.587890625,0.541015625,0.189453125,0.400390625,0.439453125,0.451171875,0.134765625,0.412109375,0.974609375,0.822265625,0.615234375,0.763671875,0.830078125,0.576171875,0.7539669
0.697265625,0.978515625,0.587890625,0.541015625,0.189453125,0.400390625,0.439453125,0.080078125,0.255859375,0.412109375,0.974609375,0.822265625,0.615234375,0.763671875,0.830078125,0.576171875,0.7828324
0.697265625,0.978515625,0.587890625,0.541015625,0.189453125,0.400390625,0.439453125,0.080078125,0.134765625,0.908203125,0.974609375,0.822265625,0.615234375,0.763671875,0.830078125,0.576171875,0.7550318
0.697265625,0.978515625,0.587890625,0.541015625,0.189453125,0.400390625,0.439453125,0.080078125,0.134765625,0.412109375,0.990234375,0.822265625,0.615234375,0.763671875,0.830078125,0.576171875,0.7411199
0.697265625,0.978515625,0.587890625,0.541015625,0.189453125,0.400390625,0.439453125,0.080078125,0.134765625,0.412109375,0.974609375,0.517578125,0.615234375,0.763671875,0.830078125,0.576171875,0.7514303
0.697265625,0.978515625,0.587890625,0.541015625,0.189453125,0.400390625,0.439453125,0.080078125,0.134765625,0.412109375,0.974609375,0.822265625,0.439453125,0.763671875,0.830078125,0.576171875,0.7539077
0.697265625,0.978515625,0.587890625,0.541015625,0.189453125,0.400390625,0.439453125,0.080078125,0.134765625,0.412109375,0.974609375,0.822265625,0.615234375,0.787109375,0.830078125,0.576171875,0.76095074
0.697265625,0.978515625,0.587890625,0.541015625,0.189453125,0.400390625,0.439453125,0.080078125,0.134765625,0.412109375,0.974609375,0.822265625,0.615234375,0.763671875,0.423828125,0.576171875,0.7712215
0.697265625,0.978515625,0.587890625,0.541015625,0.189453125,0.400390625,0.439453125,0.080078125,0.134765625,0.412109375,0.974609375,0.822265625,0.615234375,0.763671875,0.830078125,0.267578125,0.75374246
0.162109375,0.154296875,0.224609375,0.248046875,0.576171875,0.525390625,0.498046875,0.451171875,0.255859375,0.908203125,0.990234375,0.517578125,0.439453125,0.787109375,0.423828125,0.267578125,0.6427537
0.947265625,0.228515625,0.337890625,0.291015625,0.439453125,0.150390625,0.689453125,0.330078125,0.384765625,0.162109375,0.724609375,0.572265625,0.365234375,0.013671875,0.580078125,0.326171875,0.5464892
0.412109375,0.228515625,0.337890625,0.291015625,0.439453125,0.150390625,0.689453125,0.330078125,0.384765625,0.162109375,0.724609375,0.572265625,0.365234375,0.013671875,0.580078125,0.326171875,0.5464892
0.947265625,0.904296875,0.337890625,0.291015625,0.439453125,0.150390625,0.689453125,0.330078125,0.384765625,0.162109375,0.724609375,0.572265625,0.365234375,0.013671875,0.580078125,0.326171875,0.6621732
0.947265625,0.228515625,0.474609375,0.291015625,0.439453125,0.150390625,0.689453125,0.330078125,0.384765625,0.162109375,0.724609375,0.572265625,0.365234375,0.013671875,0.580078125,0.326171875,0.5385464
0.947265625,0.228515625,0.337890625,0.998046875,0.439453125,0.150390625,0.689453125,0.330078125,0.384765625,0.162109375,0.724609375,0.572265625,0.365234375,0.013671875,0.580078125,0.326171875,0.67409366
0.947265625,0.228515625,0.337890625,0.291015625,0.326171875,0.150390625,0.689453125,0.330078125,0.384765625,0.162109375,0.724609375,0.572265625,0.365234375,0.013671875,0.580078125,0.326171875,0.5451154
0.947265625,0.228515625,0.337890625,0.291015625,0.439453125,0.775390625,0.689453125,0.330078125,0.384765625,0.162109375,0.724609375,0.572265625,0.365234375,0.013671875,0.580078125,0.326171875,0.5464892
0.947265625,0.228515625,0.337890625,0.291015625,0.439453125,0.150390625,0.748046875,0.330078125,0.384765625,0.162109375,0.724609375,0.572265625,0.365234375,0.013671875,0.580078125,0.326171875,0.53658
0.947265625,0.228515625,0.337890625,0.291015625,0.439453125,0.150390625,0.689453125,0.701171875,0.384765625,0.162109375,0.724609375,0.572265625,0.365234375,0.013671875,0.580078125,0.326171875,0.54647917
0.947265625,0.228515625,0.337890625,0.291015625,0.439453125,0.150390625,0.689453125,0.330078125,0.505859375,0.162109375,0.724609375,0.572265625,0.365234375,0.013671875,0.580078125,0.326171875,0.5354361
0.947265625,0.228515625,0.337890625,0.291015625,0.439453125,0.150390625,0.689453125,0.330078125,0.384765625,0.658203125,0.724609375,0.572265625,0.365234375,0.013671875,0.580078125,0.326171875,0.7368998
0.947265625,0.228515625,0.337890625,0.291015625,0.439453125,0.150390625,0.689453125,0.330078125,0.384765625,0.162109375,0.240234375,0.572265625,0.365234375,0.013671875,0.580078125,0.326171875,0.7181125
0.947265625,0.228515625,0.337890625,0.291015625,0.439453125,0.150390625,0.689453125,0.330078125,0.384765625,0.162109375,0.724609375,0.767578125,0.365234375,0.013671875,0.580078125,0.326171875,0.5479135
0.947265625,0.228515625,0.337890625,0.291015625,0.439453125,0.150390625,0.689453125,0.330078125,0.384765625,0.162109375,0.724609375,0.572265625,0.689453125,0.013671875,0.580078125,0.326171875,0.5464672
0.947265625,0.228515625,0.337890625,0.291015625,0.439453125,0.150390625,0.689453125,0.330078125,0.384765625,0.162109375,0.724609375,0.572265625,0.365234375,0.537109375,0.580078125,0.326171875,0.63802844
0.947265625,0.228515625,0.337890625,0.291015625,0.439453125,0.150390625,0.689453125,0.330078125,0.384765625,0.162109375,0.724609375,0.572265625,0.365234375,0.013671875,0.673828125,0.326171875,0.5424753
0.947265625,0.228515625,0.337890625,0.291015625,0.439453125,0.150390625,0.689453125,0.330078125,0.384765625,0.162109375,0.724609375,0.572265625,0.365234375,0.013671875,0.580078125,0.517578125,0.5464892
0.412109375,0.904296875,0.474609375,0.998046875,0.326171875,0.775390625,0.748046875,0.701171875,0.505859375,0.658203125,0.240234375,0.767578125,0.689453125,0.537109375,0.673828125,0.517578125,1.2104504
0.447265625,0.728515625,0.837890625,0.791015625,0.939453125,0.650390625,0.189453125,0.830078125,0.884765625,0.662109375,0.224609375,0.072265625,0.865234375,0.513671875,0.080078125,0.826171875,1.1530286
0.912109375,0.728515625,0.837890625,0.791015625,0.939453125,0.650390625,0.189453125,0.830078125,0.884765625,0.662109375,0.224609375,0.072265625,0.865234375,0.513671875,0.080078125,0.826171875,1.1530286
0.447265625,0.404296875,0.837890625,0.791015625,0.939453125,0.650390625,0.189453125,0.830078125,0.884765625,0.662109375,0.224609375,0.072265625,0.865234375,0.513671875,0.080078125,0.826171875,1.0981796
0.447265625,0.728515625,0.974609375,0.791015625,0.939453125,0.650390625,0.189453125,0.830078125,0.884765625,0.662109375,0.224609375,0.072265625,0.865234375,0.513671875,0.080078125,0.826171875,1.1384387
0.447265625,0.728515625,0.837890625,0.498046875,0.939453125,0.650390625,0.189453125,0.830078125,0.884765625,0.662109375,0.224609375,0.072265625,0.865234375,0.513671875,0.080078125,0.826171875,1.0821539
0.447265625,0.728515625,0.837890625,0.791015625,0.826171875,0.650390625,0.189453125,0.830078125,0.884765625,0.662109375,0.224609375,0.072265625,0.865234375,0.513671875,0.080078125,0.826171875,1.1507487
0.447265625,0.728515625,0.837890625,0.791015625,0.939453125,0.275390625,0.189453125,0.830078125,0.884765625,0.662109375,0.224609375,0.072265625,0.865234375,0.513671875,0.080078125,0.826171875,1.1530286
0.447265625,0.728515625,0.837890625,0.791015625,0.939453125,0.650390625,0.248046875,0.830078125,0.884765625,0.662109375,0.224609375,0.072265625,0.865234375,0.513671875,0.080078125,0.826171875,1.1494944
0.447265625,0.728515625,0.837890625,0.791015625,0.939453125,0.650390625,0.189453125,0.201171875,0.884765625,0.662109375,0.224609375,0.072265625,0.865234375,0.513671875,0.080078125,0.826171875,1.1530305
0.447265625,0.728515625,0.837890625,0.791015625,0.939453125,0.650390625,0.189453125,0.830078125,0.005859375,0.662109375,0.224609375,0.072265625,0.865234375,0.513671875,0.080078125,0.826171875,1.134581
0.447265625,0.728515625,0.837890625,0.791015625,0.939453125,0.650390625,0.189453125,0.830078125,0.884765625,0.158203125,0.224609375,0.072265625,0.865234375,0.513671875,0.080078125,0.826171875,0.9472334
0.447265625,0.728515625,0.837890625,0.791015625,0.939453125,0.650390625,0.189453125,0.830078125,0.884765625,0.662109375,0.740234375,0.072265625,0.865234375,0.513671875,0.080078125,0.826171875,0.96661025
0.447265625,0.728515625,0.837890625,0.791015625,0.939453125,0.650390625,0.189453125,0.830078125,0.884765625,0.662109375,0.224609375,0.267578125,0.865234375,0.513671875,0.080078125,0.826171875,1.161821
0.447265625,0.728515625,0.837890625,0.791015625,0.939453125,0.650390625,0.189453125,0.830078125,0.884765625,0.662109375,0.224609375,0.072265625,0.189453125,0.513671875,0.080078125,0.826171875,1.1530309
0.447265625,0.728515625,0.837890625,0.791015625,0.939453125,0.650390625,0.189453125,0.830078125,0.884765625,0.662109375,0.224609375,0.072265625,0.865234375,0.037109375,0.080078125,0.826171875,1.0698603
0.447265625,0.728515625,0.837890625,0.791015625,0.939453125,0.650390625,0.189453125,0.830078125,0.884765625,0.662109375,0.224609375,0.072265625,0.865234375,0.513671875,0.173828125,0.826171875,1.1511022
0.447265625,0.728515625,0.837890625,0.791015625,0.939453125,0.650390625,0.189453125,0.830078125,0.884765625,0.662109375,0.224609375,0.072265625,0.865234375,0.513671875,0.080078125,0.017578125,1.1530286
0.912109375,0.404296875,0.974609375,0.498046875,0.826171875,0.275390625,0.248046875,0.201171875,0.005859375,0.158203125,0.740234375,0.267578125,0.189453125,0.037109375,0.173828125,0.017578125,0.5199417
0.322265625,0.103515625,0.712890625,0.916015625,0.814453125,0.775390625,0.564453125,0.455078125,0.259765625,0.287109375,0.599609375,0.197265625,0.490234375,0.888671875,0.205078125,0.951171875,1.0795503
0.787109375,0.103515625,0.712890625,0.916015625,0.814453125,0.775390625,0.564453125,0.455078125,0.259765625,0.287109375,0.599609375,0.197265625,0.490234375,0.888671875,0.205078125,0.951171875,1.0795503
0.322265625,0.279296875,0.712890625,0.916015625,0.814453125,0.775390625,0.564453125,0.455078125,0.259765625,0.287109375,0.599609375,0.197265625,0.490234375,0.888671875,0.205078125,0.951171875,1.0967236
0.322265625,0.103515625,0.349609375,0.916015625,0.814453125,0.775390625,0.564453125,0.455078125,0.259765625,0.287109375,0.599609375,0.197265625,0.490234375,0.888671875,0.205078125,0.951171875,1.104672
0.322265625,0.103515625,0.712890625,0.623046875,0.814453125,0.775390625,0.564453125,0.455078125,0.259765625,0.287109375,0.599609375,0.197265625,0.490234375,0.888671875,0.205078125,0.951171875,1.0084717
0.322265625,0.103515625,0.712890625,0.916015625,0.201171875,0.775390625,0.564453125,0.455078125,0.259765625,0.287109375,0.599609375,0.197265625,0.490234375,0.888671875,0.205078125,0.951171875,1.0709279
0.322265625,0.103515625,0.712890625,0.916015625,0.814453125,0.150390625,0.564453125,0.455078125,0.259765625,0.287109375,0.599609375,0.197265625,0.490234375,0.888671875,0.205078125,0.951171875,1.0795503
0.322265625,0.103515625,0.712890625,0.916015625,0.814453125,0.775390625,0.623046875,0.455078125,0.259765625,0.287109375,0.599609375,0.197265625,0.490234375,0.888671875,0.205078125,0.951171875,1.0716493
0.322265625,0.103515625,0.712890625,0.916015625,0.814453125,0.775390625,0.564453125,0.076171875,0.259765625,0.287109375,0.599609375,0.197265625,0.490234375,0.888671875,0.205078125,0.951171875,1.0793259
0.322265625,0.103515625,0.712890625,0.916015625,0.814453125,0.775390625,0.564453125,0.455078125,0.130859375,0.287109375,0.599609375,0.197265625,0.490234375,0.888671875,0.205078125,0.951171875,1.0488415
0.322265625,0.103515625,0.712890625,0.916015625,0.814453125,0.775390625,0.564453125,0.455078125,0.259765625,0.533203125,0.599609375,0.197265625,0.490234375,0.888671875,0.205078125,0.951171875,1.0951428
0.322265625,0.103515625,0.712890625,0.916015625,0.814453125,0.775390625,0.564453125,0.455078125,0.259765625,0.287109375,0.115234375,0.197265625,0.490234375,0.888671875,0.205078125,0.951171875,1.1676044
0.322265625,0.103515625,0.712890625,0.916015625,0.814453125,0.775390625,0.564453125,0.455078125,0.259765625,0.287109375,0.599609375,0.642578125,0.490234375,0.888671875,0.205078125,0.951171875,1.0897739
0.322265625,0.103515625,0.712890625,0.916015625,0.814453125,0.775390625,0.564453125,0.455078125,0.259765625,0.287109375,0.599609375,0.197265625,0.814453125,0.888671875,0.205078125,0.951171875,1.0797
0.322265625,0.103515625,0.712890625,0.916015625,0.814453125,0.775390625,0.564453125,0.455078125,0.259765625,0.287109375,0.599609375,0.197265625,0.490234375,0.412109375,0.205078125,0.951171875,0.95040804
0.322265625,0.103515625,0.712890625,0.916015625,0.814453125,0.775390625,0.564453125,0.455078125,0.259765625,0.287109375,0.599609375,0.197265625,0.490234375,0.888671875,0.548828125,0.951171875,1.0689564
0.322265625,0.103515625,0.712890625,0.916015625,0.814453125,0.775390625,0.564453125,0.455078125,0.259765625,0.287109375,0.599609375,0.197265625,0.490234375,0.888671875,0.205078125,0.892578125,1.0795503
0.787109375,0.279296875,0.349609375,0.623046875,0.201171875,0.150390625,0.623046875,0.076171875,0.130859375,0.533203125,0.115234375,0.642578125,0.814453125,0.412109375,0.548828125,0.892578125,0.9775932
0.822265625,0.603515625,0.212890625,0.416015625,0.314453125,0.275390625,0.064453125,0.955078125,0.759765625,0.787109375,0.099609375,0.697265625,0.990234375,0.388671875,0.705078125,0.451171875,1.0317969
0.287109375,0.603515625,0.212890625,0.416015625,0.314453125,0.275390625,0.064453125,0.955078125,0.759765625,0.787109375,0.099609375,0.697265625,0.990234375,0.388671875,0.705078125,0.451171875,1.0317969
0.822265625,0.779296875,0.212890625,0.416015625,0.314453125,0.275390625,0.064453125,0.955078125,0.759765625,0.787109375,0.099609375,0.697265625,0.990234375,0.388671875,0.705078125,0.451171875,1.0663775
0.822265625,0.603515625,0.849609375,0.416015625,0.314453125,0.275390625,0.064453125,0.955078125,0.759765625,0.787109375,0.099609375,0.697265625,0.990234375,0.388671875,0.705078125,0.451171875,0.9873406
0.822265625,0.603515625,0.212890625,0.123046875,0.314453125,0.275390625,0.064453125,0.955078125,0.759765625,0.787109375,0.099609375,0.697265625,0.990234375,0.388671875,0.705078125,0.451171875,1.0180826
0.822265625,0.603515625,0.212890625,0.416015625,0.701171875,0.275390625,0.064453125,0.955078125,0.759765625,0.787109375,0.099609375,0.697265625,0.990234375,0.388671875,0.705078125,0.451171875,1.0372046
0.822265625,0.603515625,0.212890625,0.416015625,0.314453125,0.650390625,0.064453125,0.955078125,0.759765625,0.787109375,0.099609375,0.697265625,0.990234375,0.388671875,0.705078125,0.451171875,1.0317969
0.822265625,0.603515625,0.212890625,0.416015625,0.314453125,0.275390625,0.123046875,0.955078125,0.759765625,0.787109375,0.099609375,0.697265625,0.990234375,0.388671875,0.705078125,0.451171875,1.029242
0.822265625,0.603515625,0.212890625,0.416015625,0.314453125,0.275390625,0.064453125,0.576171875,0.759765625,0.787109375,0.099609375,0.697265625,0.990234375,0.388671875,0.705078125,0.451171875,1.031831
0.822265625,0.603515625,0.212890625,0.416015625,0.314453125,0.275390625,0.064453125,0.955078125,0.630859375,0.787109375,0.099609375,0.697265625,0.990234375,0.388671875,0.705078125,0.451171875,1.04381
0.822265625,0.603515625,0.212890625,0.416015625,0.314453125,0.275390625,0.064453125,0.955078125,0.759765625,0.033203125,0.099609375,0.697265625,0.990234375,0.388671875,0.705078125,0.451171875,-1.3255323
0.822265625,0.603515625,0.212890625,0.416015625,0.314453125,0.275390625,0.064453125,0.955078125,0.759765625,0.787109375,0.615234375,0.697265625,0.990234375,0.388671875,0.705078125,0.451171875,0.9345986
0.822265625,0.603515625,0.212890625,0.416015625,0.314453125,0.275390625,0.064453125,0.955078125,0.759765625,0.787109375,0.099609375,0.142578125,0.990234375,0.388671875,0.705078125,0.451171875,1.0187335
0.822265625,0.603515625,0.212890625,0.416015625,0.314453125,0.275390625,0.064453125,0.955078125,0.759765625,0.787109375,0.099609375,0.697265625,0.314453125,0.388671875,0.705078125,0.451171875,1.0317885
0.822265625,0.603515625,0.212890625,0.416015625,0.314453125,0.275390625,0.064453125,0.955078125,0.759765625,0.787109375,0.099609375,0.697265625,0.990234375,0.912109375,0.705078125,0.451171875,1.1738627
0.822265625,0.603515625,0.212890625,0.416015625,0.314453125,0.275390625,0.064453125,0.955078125,0.759765625,0.787109375,0.099609375,0.697265625,0.990234375,0.388671875,0.048828125,0.451171875,1.0522981
0.822265625,0.603515625,0.212890625,0.416015625,0.314453125,0.275390625,0.064453125,0.955078125,0.759765625,0.787109375,0.099609375,0.697265625,0.990234375,0.388671875,0.705078125,0.392578125,1.0317969
0.287109375,0.779296875,0.849609375,0.123046875,0.701171875,0.650390625,0.123046875,0.576171875,0.630859375,0.033203125,0.615234375,0.142578125,0.314453125,0.912109375,0.048828125,0.392578125,-1.2819257
0.572265625,0.353515625,0.962890625,0.666015625,0.064453125,0.025390625,0.814453125,0.705078125,0.509765625,0.537109375,0.349609375,0.947265625,0.240234375,0.638671875,0.955078125,0.701171875,0.9807718
0.037109375,0.353515625,0.962890625,0.666015625,0.064453125,0.025390625,0.814453125,0.705078125,0.509765625,0.537109375,0.349609375,0.947265625,0.240234375,0.638671875,0.955078125,0.701171875,0.9807718
0.572265625,0.029296875,0.962890625,0.666015625,0.064453125,0.025390625,0.814453125,0.705078125,0.509765625,0.537109375,0.349609375,0.947265625,0.240234375,0.638671875,0.955078125,0.701171875,0.9489589
0.572265625,0.353515625,0.599609375,0.666015625,0.064453125,0.025390625,0.814453125,0.705078125,0.509765625,0.537109375,0.349609375,0.947265625,0.240234375,0.638671875,0.955078125,0.701171875,1.0147246
0.572265625,0.353515625,0.962890625,0.873046875,0.064453125,0.025390625,0.814453125,0.705078125,0.509765625,0.537109375,0.349609375,0.947265625,0.240234375,0.638671875,0.955078125,0.701171875,1.0329667
0.572265625,0.353515625,0.962890625,0.666015625,0.451171875,0.025390625,0.814453125,0.705078125,0.509765625,0.537109375,0.349609375,0.947265625,0.240234375,0.638671875,0.955078125,0.701171875,0.98482776
0.572265625,0.353515625,0.962890625,0.666015625,0.064453125,0.900390625,0.814453125,0.705078125,0.509765625,0.537109375,0.349609375,0.947265625,0.240234375,0.638671875,0.955078125,0.701171875,0.9807718
0.572265625,0.353515625,0.962890625,0.666015625,0.064453125,0.025390625,0.873046875,0.705078125,0.509765625,0.537109375,0.349609375,0.947265625,0.240234375,0.638671875,0.955078125,0.701171875,0.9685401
0.572265625,0.353515625,0.962890625,0.666015625,0.064453125,0.025390625,0.814453125,0.326171875,0.509765625,0.537109375,0.349609375,0.947265625,0.240234375,0.638671875,0.955078125,0.701171875,0.9807811
0.572265625,0.353515625,0.962890625,0.666015625,0.064453125,0.025390625,0.814453125,0.705078125,0.380859375,0.537109375,0.349609375,0.947265625,0.240234375,0.638671875,0.955078125,0.701171875,0.9924399
0.572265625,0.353515625,0.962890625,0.666015625,0.064453125,0.025390625,0.814453125,0.705078125,0.509765625,0.283203125,0.349609375,0.947265625,0.240234375,0.638671875,0.955078125,0.701171875,0.96389365
0.572265625,0.353515625,0.962890625,0.666015625,0.064453125,0.025390625,0.814453125,0.705078125,0.509765625,0.537109375,0.365234375,0.947265625,0.240234375,0.638671875,0.955078125,0.701171875,0.9787277
0.572265625,0.353515625,0.962890625,0.666015625,0.064453125,0.025390625,0.814453125,0.705078125,0.509765625,0.537109375,0.349609375,0.392578125,0.240234375,0.638671875,0.955078125,0.701171875,0.97591656
0.572265625,0.353515625,0.962890625,0.666015625,0.064453125,0.025390625,0.814453125,0.705078125,0.509765625,0.537109375,0.349609375,0.947265625,0.564453125,0.638671875,0.955078125,0.701171875,0.98044443
0.572265625,0.353515625,0.962890625,0.666015625,0.064453125,0.025390625,0.814453125,0.705078125,0.509765625,0.537109375,0.349609375,0.947265625,0.240234375,0.662109375,0.955078125,0.701171875,0.9870752
0.572265625,0.353515625,0.962890625,0.666015625,0.064453125,0.025390625,0.814453125,0.705078125,0.509765625,0.537109375,0.349609375,0.947265625,0.240234375,0.638671875,0.798828125,0.701171875,0.98967814
0.572265625,0.353515625,0.962890625,0.666015625,0.064453125,0.025390625,0.814453125,0.705078125,0.509765625,0.537109375,0.349609375,0.947265625,0.240234375,0.638671875,0.955078125,0.642578125,0.9807718
0.037109375,0.029296875,0.599609375,0.873046875,0.451171875,0.900390625,0.873046875,0.326171875,0.380859375,0.283203125,0.365234375,0.392578125,0.564453125,0.662109375,0.798828125,0.642578125,1.0297137
0.072265625,0.853515625,0.462890625,0.166015625,0.564453125,0.525390625,0.314453125,0.205078125,0.009765625,0.037109375,0.849609375,0.447265625,0.740234375,0.138671875,0.455078125,0.201171875,-1.4690753
0.537109375,0.853515625,0.462890625,0.166015625,0.564453125,0.525390625,0.314453125,0.205078125,0.009765625,0.037109375,0.849609375,0.447265625,0.740234375,0.138671875,0.455078125,0.201171875,-1.4690753
0.072265625,0.529296875,0.462890625,0.166015625,0.564453125,0.525390625,0.314453125,0.205078125,0.009765625,0.037109375,0.849609375,0.447265625,0.740234375,0.138671875,0.455078125,0.201171875,-1.5329951
0.072265625,0.853515625,0.099609375,0.166015625,0.564453125,0.525390625,0.314453125,0.205078125,0.009765625,0.037109375,0.849609375,0.447265625,0.740234375,0.138671875,0.455078125,0.201171875,-1.4514518
0.072265625,0.853515625,0.462890625,0.373046875,0.564453125,0.525390625,0.314453125,0.205078125,0.009765625,0.037109375,0.849609375,0.447265625,0.740234375,0.138671875,0.455078125,0.201171875,-1.4600183
0.072265625,0.853515625,0.462890625,0.166015625,0.951171875,0.525390625,0.314453125,0.205078125,0.009765625,0.037109375,0.849609375,0.447265625,0.740234375,0.138671875,0.455078125,0.201171875,-1.462121
0.072265625,0.853515625,0.462890625,0.166015625,0.564453125,0.400390625,0.314453125,0.205078125,0.009765625,0.037109375,0.849609375,0.447265625,0.740234375,0.138671875,0.455078125,0.201171875,-1.4690753
0.072265625,0.853515625,0.462890625,0.166015625,0.564453125,0.525390625,0.373046875,0.205078125,0.009765625,0.037109375,0.849609375,0.447265625,0.740234375,0.138671875,0.455078125,0.201171875,-1.4738117
0.072265625,0.853515625,0.462890625,0.166015625,0.564453125,0.525390625,0.314453125,0.826171875,0.009765625,0.037109375,0.849609375,0.447265625,0.740234375,0.138671875,0.455078125,0.201171875,-1.4690772
0.072265625,0.853515625,0.462890625,0.166015625,0.564453125,0.525390625,0.314453125,0.205078125,0.880859375,0.037109375,0.849609375,0.447265625,0.740234375,0.138671875,0.455078125,0.201171875,-1.4508787
0.072265625,0.853515625,0.462890625,0.166015625,0.564453125,0.525390625,0.314453125,0.205078125,0.009765625,0.783203125,0.849609375,0.447265625,0.740234375,0.138671875,0.455078125,0.201171875,0.72182095
0.072265625,0.853515625,0.462890625,0.166015625,0.564453125,0.525390625,0.314453125,0.205078125,0.009765625,0.037109375,0.865234375,0.447265625,0.740234375,0.138671875,0.455078125,0.201171875,-1.4850072
0.072265625,0.853515625,0.462890625,0.166015625,0.564453125,0.525390625,0.314453125,0.205078125,0.009765625,0.037109375,0.849609375,0.892578125,0.740234375,0.138671875,0.455078125,0.201171875,-1.4654413
0.072265625,0.853515625,0.462890625,0.166015625,0.564453125,0.525390625,0.314453125,0.205078125,0.009765625,0.037109375,0.849609375,0.447265625,0.064453125,0.138671875,0.455078125,0.201171875,-1.4690566
0.072265625,0.853515625,0.462890625,0.166015625,0.564453125,0.525390625,0.314453125,0.205078125,0.009765625,0.037109375,0.849609375,0.447265625,0.740234375,0.162109375,0.455078125,0.201171875,-1.4656365
0.072265625,0.853515625,0.462890625,0.166015625,0.564453125,0.525390625,0.314453125,0.205078125,0.009765625,0.037109375,0.849609375,0.447265625,0.740234375,0.138671875,0.298828125,0.201171875,-1.4642797
0.072265625,0.853515625,0.462890625,0.166015625,0.564453125,0.525390625,0.314453125,0.205078125,0.009765625,0.037109375,0.849609375,0.447265625,0.740234375,0.138671875,0.455078125,0.142578125,-1.4690753
0.537109375,0.529296875,0.099609375,0.373046875,0.951171875,0.400390625,0.373046875,0.826171875,0.880859375,0.783203125,0.865234375,0.892578125,0.064453125,0.162109375,0.298828125,0.142578125,0.7009491
0.103515625,0.322265625,0.619140625,0.822265625,0.408203125,0.306640625,0.033203125,0.736328125,0.166015625,0.568359375,0.818359375,0.166015625,0.271484375,0.107421875,0.861328125,0.919921875,0.72871065
0.693359375,0.322265625,0.619140625,0.822265625,0.408203125,0.306640625,0.033203125,0.736328125,0.166015625,0.568359375,0.818359375,0.166015625,0.271484375,0.107421875,0.861328125,0.919921875,0.72871065
0.103515625,0.935546875,0.619140625,0.822265625,0.408203125,0.306640625,0.033203125,0.736328125,0.166015625,0.568359375,0.818359375,0.166015625,0.271484375,0.107421875,0.861328125,0.919921875,0.84182715
0.103515625,0.322265625,0.505859375,0.822265625,0.408203125,0.306640625,0.033203125,0.736328125,0.166015625,0.568359375,0.818359375,0.166015625,0.271484375,0.107421875,0.861328125,0.919921875,0.73683274
0.103515625,0.322265625,0.619140625,0.904296875,0.408203125,0.306640625,0.033203125,0.736328125,0.166015625,0.568359375,0.818359375,0.166015625,0.271484375,0.107421875,0.861328125,0.919921875,0.74531496
0.103515625,0.322265625,0.619140625,0.822265625,0.607421875,0.306640625,0.033203125,0.736328125,0.166015625,0.568359375,0.818359375,0.166015625,0.271484375,0.107421875,0.861328125,0.919921875,0.73148906
0.103515625,0.322265625,0.619140625,0.822265625,0.408203125,0.369140625,0.033203125,0.736328125,0.166015625,0.568359375,0.818359375,0.166015625,0.271484375,0.107421875,0.861328125,0.919921875,0.72871065
0.103515625,0.322265625,0.619140625,0.822265625,0.408203125,0.306640625,0.341796875,0.736328125,0.166015625,0.568359375,0.818359375,0.166015625,0.271484375,0.107421875,0.861328125,0.919921875,0.7112118
0.103515625,0.322265625,0.619140625,0.822265625,0.408203125,0.306640625,0.033203125,0.607421875,0.166015625,0.568359375,0.818359375,0.166015625,0.271484375,0.107421875,0.861328125,0.919921875,0.72872615
0.103515625,0.322265625,0.619140625,0.822265625,0.408203125,0.306640625,0.033203125,0.736328125,0.224609375,0.568359375,0.818359375,0.166015625,0.271484375,0.107421875,0.861328125,0.919921875,0.7434715
0.103515625,0.322265625,0.619140625,0.822265625,0.408203125,0.306640625,0.033203125,0.736328125,0.166015625,0.314453125,0.818359375,0.166015625,0.271484375,0.107421875,0.861328125,0.919921875,0.71967554
0.103515625,0.322265625,0.619140625,0.822265625,0.408203125,0.306640625,0.033203125,0.736328125,0.166015625,0.568359375,0.771484375,0.166015625,0.271484375,0.107421875,0.861328125,0.919921875,0.7753907
0.103515625,0.322265625,0.619140625,0.822265625,0.408203125,0.306640625,0.033203125,0.736328125,0.166015625,0.568359375,0.818359375,0.923828125,0.271484375,0.107421875,0.861328125,0.919921875,0.7412757
0.103515625,0.322265625,0.619140625,0.822265625,0.408203125,0.306640625,0.033203125,0.736328125,0.166015625,0.568359375,0.818359375,0.166015625,0.470703125,0.107421875,0.861328125,0.919921875,0.7286231
0.103515625,0.322265625,0.619140625,0.822265625,0.408203125,0.306640625,0.033203125,0.736328125,0.166015625,0.568359375,0.818359375,0.166015625,0.271484375,0.880859375,0.861328125,0.919921875,0.9069788
0.103515625,0.322265625,0.619140625,0.822265625,0.408203125,0.306640625,0.033203125,0.736328125,0.166015625,0.568359375,0.818359375,0.166015625,0.271484375,0.107421875,0.955078125,0.919921875,0.7231895
0.103515625,0.322265625,0.619140625,0.822265625,0.408203125,0.306640625,0.033203125,0.736328125,0.166015625,0.568359375,0.818359375,0.166015625,0.271484375,0.107421875,0.861328125,0.298828125,0.72871065
0.693359375,0.935546875,0.505859375,0.904296875,0.607421875,0.369140625,0.341796875,0.607421875,0.224609375,0.314453125,0.771484375,0.923828125,0.470703125,0.880859375,0.955078125,0.298828125,1.0894787
0.603515625,0.822265625,0.119140625,0.322265625,0.908203125,0.806640625,0.533203125,0.236328125,0.666015625,0.068359375,0.318359375,0.666015625,0.771484375,0.607421875,0.361328125,0.419921875,-0.105183
0.193359375,0.822265625,0.119140625,0.322265625,0.908203125,0.806640625,0.533203125,0.236328125,0.666015625,0.068359375,0.318359375,0.666015625,0.771484375,0.607421875,0.361328125,0.419921875,-0.105183
0.603515625,0.435546875,0.119140625,0.322265625,0.908203125,0.806640625,0.533203125,0.236328125,0.666015625,0.068359375,0.318359375,0.666015625,0.771484375,0.607421875,0.361328125,0.419921875,-0.17600965
0.603515625,0.822265625,0.005859375,0.322265625,0.908203125,0.806640625,0.533203125,0.236328125,0.666015625,0.068359375,0.318359375,0.666015625,0.771484375,0.607421875,0.361328125,0.419921875,-0.10142543
0.603515625,0.822265625,0.119140625,0.404296875,0.908203125,0.806640625,0.533203125,0.236328125,0.666015625,0.068359375,0.318359375,0.666015625,0.771484375,0.607421875,0.361328125,0.419921875,-0.09895926
0.603515625,0.822265625,0.119140625,0.322265625,0.107421875,0.806640625,0.533203125,0.236328125,0.666015625,0.068359375,0.318359375,0.666015625,0.771484375,0.607421875,0.361328125,0.419921875,-0.11651298
0.603515625,0.822265625,0.119140625,0.322265625,0.908203125,0.869140625,0.533203125,0.236328125,0.666015625,0.068359375,0.318359375,0.666015625,0.771484375,0.607421875,0.361328125,0.419921875,-0.105183
0.603515625,0.822265625,0.119140625,0.322265625,0.908203125,0.806640625,0.841796875,0.236328125,0.666015625,0.068359375,0.318359375,0.666015625,0.771484375,0.607421875,0.361328125,0.419921875,-0.15497467
0.603515625,0.822265625,0.119140625,0.322265625,0.908203125,0.806640625,0.533203125,0.107421875,0.666015625,0.068359375,0.318359375,0.666015625,0.771484375,0.607421875,0.361328125,0.419921875,-0.10518666
0.603515625,0.822265625,0.119140625,0.322265625,0.908203125,0.806640625,0.533203125,0.236328125,0.724609375,0.068359375,0.318359375,0.666015625,0.771484375,0.607421875,0.361328125,0.419921875,-0.11095729
0.603515625,0.822265625,0.119140625,0.322265625,0.908203125,0.806640625,0.533203125,0.236328125,0.666015625,0.814453125,0.318359375,0.666015625,0.771484375,0.607421875,0.361328125,0.419921875,1.1014631
0.603515625,0.822265625,0.119140625,0.322265625,0.908203125,0.806640625,0.533203125,0.236328125,0.666015625,0.068359375,0.271484375,0.666015625,0.771484375,0.607421875,0.361328125,0.419921875,-0.101112716
0.603515625,0.822265625,0.119140625,0.322265625,0.908203125,0.806640625,0.533203125,0.236328125,0.666015625,0.068359375,0.318359375,0.423828125,0.771484375,0.607421875,0.361328125,0.419921875,-0.10852184
0.603515625,0.822265625,0.119140625,0.322265625,0.908203125,0.806640625,0.533203125,0.236328125,0.666015625,0.068359375,0.318359375,0.666015625,0.970703125,0.607421875,0.361328125,0.419921875,-0.105171405
0.603515625,0.822265625,0.119140625,0.322265625,0.908203125,0.806640625,0.533203125,0.236328125,0.666015625,0.068359375,0.318359375,0.666015625,0.771484375,0.380859375,0.361328125,0.419921875,-0.15635194
0.603515625,0.822265625,0.119140625,0.322265625,0.908203125,0.806640625,0.533203125,0.236328125,0.666015625,0.068359375,0.318359375,0.666015625,0.771484375,0.607421875,0.455078125,0.419921875,-0.108190365
0.603515625,0.822265625,0.119140625,0.322265625,0.908203125,0.806640625,0.533203125,0.236328125,0.666015625,0.068359375,0.318359375,0.666015625,0.771484375,0.607421875,0.361328125,0.798828125,-0.10518302
0.193359375,0.435546875,0.005859375,0.404296875,0.107421875,0.869140625,0.841796875,0.107421875,0.724609375,0.814453125,0.271484375,0.423828125,0.970703125,0.380859375,0.455078125,0.798828125,0.9202848
0.853515625,0.072265625,0.869140625,0.572265625,0.658203125,0.556640625,0.283203125,0.486328125,0.916015625,0.318359375,0.068359375,0.916015625,0.021484375,0.357421875,0.111328125,0.669921875,0.9822086
0.443359375,0.072265625,0.869140625,0.572265625,0.658203125,0.556640625,0.283203125,0.486328125,0.916015625,0.318359375,0.068359375,0.916015625,0.021484375,0.357421875,0.111328125,0.669921875,0.9822086
0.853515625,0.685546875,0.869140625,0.572265625,0.658203125,0.556640625,0.283203125,0.486328125,0.916015625,0.318359375,0.068359375,0.916015625,0.021484375,0.357421875,0.111328125,0.669921875,1.0636423
0.853515625,0.072265625,0.255859375,0.572265625,0.658203125,0.556640625,0.283203125,0.486328125,0.916015625,0.318359375,0.068359375,0.916015625,0.021484375,0.357421875,0.111328125,0.669921875,1.026725
0.853515625,0.072265625,0.869140625,0.654296875,0.658203125,0.556640625,0.283203125,0.486328125,0.916015625,0.318359375,0.068359375,0.916015625,0.021484375,0.357421875,0.111328125,0.669921875,1.002207
0.853515625,0.072265625,0.869140625,0.572265625,0.857421875,0.556640625,0.283203125,0.486328125,0.916015625,0.318359375,0.068359375,0.916015625,0.021484375,0.357421875,0.111328125,0.669921875,0.9857837
0.853515625,0.072265625,0.869140625,0.572265625,0.658203125,0.619140625,0.283203125,0.486328125,0.916015625,0.318359375,0.068359375,0.916015625,0.021484375,0.357421875,0.111328125,0.669921875,0.9822086
0.853515625,0.072265625,0.869140625,0.572265625,0.658203125,0.556640625,0.091796875,0.486328125,0.916015625,0.318359375,0.068359375,0.916015625,0.021484375,0.357421875,0.111328125,0.669921875,0.9929514
0.853515625,0.072265625,0.869140625,0.572265625,0.658203125,0.556640625,0.283203125,0.857421875,0.916015625,0.318359375,0.068359375,0.916015625,0.021484375,0.357421875,0.111328125,0.669921875,0.98198426
0.853515625,0.072265625,0.869140625,0.572265625,0.658203125,0.556640625,0.283203125,0.486328125,0.474609375,0.318359375,0.068359375,0.916015625,0.021484375,0.357421875,0.111328125,0.669921875,0.9982909
0.853515625,0.072265625,0.869140625,0.572265625,0.658203125,0.556640625,0.283203125,0.486328125,0.916015625,0.564453125,0.068359375,0.916015625,0.021484375,0.357421875,0.111328125,0.669921875,0.9905571
0.853515625,0.072265625,0.869140625,0.572265625,0.658203125,0.556640625,0.283203125,0.486328125,0.916015625,0.318359375,0.521484375,0.916015625,0.021484375,0.357421875,0.111328125,0.669921875,0.9279803
0.853515625,0.072265625,0.869140625,0.572265625,0.658203125,0.556640625,0.283203125,0.486328125,0.916015625,0.318359375,0.068359375,0.173828125,0.021484375,0.357421875,0.111328125,0.669921875,0.9699969
0.853515625,0.072265625,0.869140625,0.572265625,0.658203125,0.556640625,0.283203125,0.486328125,0.916015625,0.318359375,0.068359375,0.916015625,0.220703125,0.357421875,0.111328125,0.669921875,0.98220474
0.853515625,0.072265625,0.869140625,0.572265625,0.658203125,0.556640625,0.283203125,0.486328125,0.916015625,0.318359375,0.068359375,0.916015625,0.021484375,0.130859375,0.111328125,0.669921875,0.9445151
0.853515625,0.072265625,0.869140625,0.572265625,0.658203125,0.556640625,0.283203125,0.486328125,0.916015625,0.318359375,0.068359375,0.916015625,0.021484375,0.357421875,0.705078125,0.669921875,0.9628869
0.853515625,0.072265625,0.869140625,0.572265625,0.658203125,0.556640625,0.283203125,0.486328125,0.916015625,0.318359375,0.068359375,0.916015625,0.021484375,0.357421875,0.111328125,0.048828125,0.9822086
0.443359375,0.685546875,0.255859375,0.654296875,0.857421875,0.619140625,0.091796875,0.857421875,0.474609375,0.564453125,0.521484375,0.173828125,0.220703125,0.130859375,0.705078125,0.048828125,1.0432222
0.353515625,0.572265625,0.369140625,0.072265625,0.158203125,0.056640625,0.783203125,0.986328125,0.416015625,0.818359375,0.568359375,0.416015625,0.521484375,0.857421875,0.611328125,0.169921875,1.0408274
0.943359375,0.572265625,0.369140625,0.072265625,0.158203125,0.056640625,0.783203125,0.986328125,0.416015625,0.818359375,0.568359375,0.416015625,0.521484375,0.857421875,0.611328125,0.169921875,1.0408274
0.353515625,0.185546875,0.369140625,0.072265625,0.158203125,0.056640625,0.783203125,0.986328125,0.416015625,0.818359375,0.568359375,0.416015625,0.521484375,0.857421875,0.611328125,0.169921875,0.9899792
0.353515625,0.572265625,0.755859375,0.072265625,0.158203125,0.056640625,0.783203125,0.986328125,0.416015625,0.818359375,0.568359375,0.416015625,0.521484375,0.857421875,0.611328125,0.169921875,1.0129709
0.353515625,0.572265625,0.369140625,0.154296875,0.158203125,0.056640625,0.783203125,0.986328125,0.416015625,0.818359375,0.568359375,0.416015625,0.521484375,0.857421875,0.611328125,0.169921875,1.0419598
0.353515625,0.572265625,0.369140625,0.072265625,0.357421875,0.056640625,0.783203125,0.986328125,0.416015625,0.818359375,0.568359375,0.416015625,0.521484375,0.857421875,0.611328125,0.169921875,1.0429095
0.353515625,0.572265625,0.369140625,0.072265625,0.158203125,0.119140625,0.783203125,0.986328125,0.416015625,0.818359375,0.568359375,0.416015625,0.521484375,0.857421875,0.611328125,0.169921875,1.0408274
0.353515625,0.572265625,0.369140625,0.072265625,0.158203125,0.056640625,0.591796875,0.986328125,0.416015625,0.818359375,0.568359375,0.416015625,0.521484375,0.857421875,0.611328125,0.169921875,1.0715533
0.353515625,0.572265625,0.369140625,0.072265625,0.158203125,0.056640625,0.783203125,0.357421875,0.416015625,0.818359375,0.568359375,0.416015625,0.521484375,0.857421875,0.611328125,0.169921875,1.040852
0.353515625,0.572265625,0.369140625,0.072265625,0.158203125,0.056640625,0.783203125,0.986328125,0.974609375,0.818359375,0.568359375,0.416015625,0.521484375,0.857421875,0.611328125,0.169921875,1.0339973
0.353515625,0.572265625,0.369140625,0.072265625,0.158203125,0.056640625,0.783203125,0.986328125,0.416015625,0.064453125,0.568359375,0.416015625,0.521484375,0.857421875,0.611328125,0.169921875,-0.2603448
0.353515625,0.572265625,0.369140625,0.072265625,0.158203125,0.056640625,0.783203125,0.986328125,0.416015625,0.818359375,0.021484375,0.416015625,0.521484375,0.857421875,0.611328125,0.169921875,1.1149757
0.353515625,0.572265625,0.369140625,0.072265625,0.158203125,0.056640625,0.783203125,0.986328125,0.416015625,0.818359375,0.568359375,0.673828125,0.521484375,0.857421875,0.611328125,0.169921875,1.0443926
0.353515625,0.572265625,0.369140625,0.072265625,0.158203125,0.056640625,0.783203125,0.986328125,0.416015625,0.818359375,0.568359375,0.416015625,0.720703125,0.857421875,0.611328125,0.169921875,1.0411347
0.353515625,0.572265625,0.369140625,0.072265625,0.158203125,0.056640625,0.783203125,0.986328125,0.416015625,0.818359375,0.568359375,0.416015625,0.521484375,0.630859375,0.611328125,0.169921875,0.9733004
0.353515625,0.572265625,0.369140625,0.072265625,0.158203125,0.056640625,0.783203125,0.986328125,0.416015625,0.818359375,0.568359375,0.416015625,0.521484375,0.857421875,0.205078125,0.169921875,1.0539448
0.353515625,0.572265625,0.369140625,0.072265625,0.158203125,0.056640625,0.783203125,0.986328125,0.416015625,0.818359375,0.568359375,0.416015625,0.521484375,0.857421875,0.611328125,0.548828125,1.0408274
0.943359375,0.185546875,0.755859375,0.154296875,0.357421875,0.119140625,0.591796875,0.357421875,0.974609375,0.064453125,0.021484375,0.673828125,0.720703125,0.630859375,0.205078125,0.548828125,-0.28830364
0.478515625,0.197265625,0.244140625,0.197265625,0.033203125,0.431640625,0.408203125,0.361328125,0.791015625,0.193359375,0.193359375,0.291015625,0.146484375,0.732421875,0.736328125,0.044921875,0.91297174
0.818359375,0.197265625,0.244140625,0.197265625,0.033203125,0.431640625,0.408203125,0.361328125,0.791015625,0.193359375,0.193359375,0.291015625,0.146484375,0.732421875,0.736328125,0.044921875,0.91297174
0.478515625,0.060546875,0.244140625,0.197265625,0.033203125,0.431640625,0.408203125,0.361328125,0.791015625,0.193359375,0.193359375,0.291015625,0.146484375,0.732421875,0.736328125,0.044921875,0.90098643
0.478515625,0.197265625,0.380859375,0.197265625,0.033203125,0.431640625,0.408203125,0.361328125,0.791015625,0.193359375,0.193359375,0.291015625,0.146484375,0.732421875,0.736328125,0.044921875,0.90605175
0.478515625,0.197265625,0.244140625,0.779296875,0.033203125,0.431640625,0.408203125,0.361328125,0.791015625,0.193359375,0.193359375,0.291015625,0.146484375,0.732421875,0.736328125,0.044921875,1.0038636
0.478515625,0.197265625,0.244140625,0.197265625,0.732421875,0.431640625,0.408203125,0.361328125,0.791015625,0.193359375,0.193359375,0.291015625,0.146484375,0.732421875,0.736328125,0.044921875,0.9215629
0.478515625,0.197265625,0.244140625,0.197265625,0.033203125,0.494140625,0.408203125,0.361328125,0.791015625,0.193359375,0.193359375,0.291015625,0.146484375,0.732421875,0.736328125,0.044921875,0.91297174
0.478515625,0.197265625,0.244140625,0.197265625,0.033203125,0.431640625,0.216796875,0.361328125,0.791015625,0.193359375,0.193359375,0.291015625,0.146484375,0.732421875,0.736328125,0.044921875,0.92745936
0.478515625,0.197265625,0.244140625,0.197265625,0.033203125,0.431640625,0.408203125,0.482421875,0.791015625,0.193359375,0.193359375,0.291015625,0.146484375,0.732421875,0.736328125,0.044921875,0.9131708
0.478515625,0.197265625,0.244140625,0.197265625,0.033203125,0.431640625,0.408203125,0.361328125,0.849609375,0.193359375,0.193359375,0.291015625,0.146484375,0.732421875,0.736328125,0.044921875,0.9273797
0.478515625,0.197265625,0.244140625,0.197265625,0.033203125,0.431640625,0.408203125,0.361328125,0.791015625,0.689453125,0.193359375,0.291015625,0.146484375,0.732421875,0.736328125,0.044921875,1.0151408
0.478515625,0.197265625,0.244140625,0.197265625,0.033203125,0.431640625,0.408203125,0.361328125,0.791015625,0.193359375,0.646484375,0.291015625,0.146484375,0.732421875,0.736328125,0.044921875,0.7992751
0.478515625,0.197265625,0.244140625,0.197265625,0.033203125,0.431640625,0.408203125,0.361328125,0.791015625,0.193359375,0.193359375,0.298828125,0.146484375,0.732421875,0.736328125,0.044921875,0.91322434
0.478515625,0.197265625,0.244140625,0.197265625,0.033203125,0.431640625,0.408203125,0.361328125,0.791015625,0.193359375,0.193359375,0.291015625,0.345703125,0.732421875,0.736328125,0.044921875,0.9129599
0.478515625,0.197265625,0.244140625,0.197265625,0.033203125,0.431640625,0.408203125,0.361328125,0.791015625,0.193359375,0.193359375,0.291015625,0.146484375,0.755859375,0.736328125,0.044921875,0.91994625
0.478515625,0.197265625,0.244140625,0.197265625,0.033203125,0.431640625,0.408203125,0.361328125,0.791015625,0.193359375,0.193359375,0.291015625,0.146484375,0.732421875,0.580078125,0.044921875,0.91992426
0.478515625,0.197265625,0.244140625,0.197265625,0.033203125,0.431640625,0.408203125,0.361328125,0.791015625,0.193359375,0.193359375,0.291015625,0.146484375,0.732421875,0.736328125,0.423828125,0.91297174
0.818359375,0.060546875,0.380859375,0.779296875,0.732421875,0.494140625,0.216796875,0.482421875,0.849609375,0.689453125,0.646484375,0.298828125,0.345703125,0.755859375,0.580078125,0.423828125,1.0252846
0.978515625,0.697265625,0.744140625,0.697265625,0.533203125,0.931640625,0.908203125,0.861328125,0.291015625,0.693359375,0.693359375,0.791015625,0.646484375,0.232421875,0.236328125,0.544921875,0.8522241
0.318359375,0.697265625,0.744140625,0.697265625,0.533203125,0.931640625,0.908203125,0.861328125,0.291015625,0.693359375,0.693359375,0.791015625,0.646484375,0.232421875,0.236328125,0.544921875,0.8522241
0.978515625,0.560546875,0.744140625,0.697265625,0.533203125,0.931640625,0.908203125,0.861328125,0.291015625,0.693359375,0.693359375,0.791015625,0.646484375,0.232421875,0.236328125,0.544921875,0.82728684
0.978515625,0.697265625,0.880859375,0.697265625,0.533203125,0.931640625,0.908203125,0.861328125,0.291015625,0.693359375,0.693359375,0.791015625,0.646484375,0.232421875,0.236328125,0.544921875,0.83903337
0.978515625,0.697265625,0.744140625,0.279296875,0.533203125,0.931640625,0.908203125,0.861328125,0.291015625,0.693359375,0.693359375,0.791015625,0.646484375,0.232421875,0.236328125,0.544921875,0.7862653
0.978515625,0.697265625,0.744140625,0.697265625,0.232421875,0.931640625,0.908203125,0.861328125,0.291015625,0.693359375,0.693359375,0.791015625,0.646484375,0.232421875,0.236328125,0.544921875,0.8485687
0.978515625,0.697265625,0.744140625,0.697265625,0.533203125,0.994140625,0.908203125,0.861328125,0.291015625,0.693359375,0.693359375,0.791015625,0.646484375,0.232421875,0.236328125,0.544921875,0.8522241
0.978515625,0.697265625,0.744140625,0.697265625,0.533203125,0.931640625,0.716796875,0.861328125,0.291015625,0.693359375,0.693359375,0.791015625,0.646484375,0.232421875,0.236328125,0.544921875,0.89027965
0.978515625,0.697265625,0.744140625,0.697265625,0.533203125,0.931640625,0.908203125,0.982421875,0.291015625,0.693359375,0.693359375,0.791015625,0.646484375,0.232421875,0.236328125,0.544921875,0.8522231
0.978515625,0.697265625,0.744140625,0.697265625,0.533203125,0.931640625,0.908203125,0.861328125,0.349609375,0.693359375,0.693359375,0.791015625,0.646484375,0.232421875,0.236328125,0.544921875,0.86673665
0.978515625,0.697265625,0.744140625,0.697265625,0.533203125,0.931640625,0.908203125,0.861328125,0.291015625,0.189453125,0.693359375,0.791015625,0.646484375,0.232421875,0.236328125,0.544921875,0.7417772
0.978515625,0.697265625,0.744140625,0.697265625,0.533203125,0.931640625,0.908203125,0.861328125,0.291015625,0.693359375,0.146484375,0.791015625,0.646484375,0.232421875,0.236328125,0.544921875,1.0019296
0.978515625,0.697265625,0.744140625,0.697265625,0.533203125,0.931640625,0.908203125,0.861328125,0.291015625,0.693359375,0.693359375,0.798828125,0.646484375,0.232421875,0.236328125,0.544921875,0.8522455
0.978515625,0.697265625,0.744140625,0.697265625,0.533203125,0.931640625,0.908203125,0.861328125,0.291015625,0.693359375,0.693359375,0.791015625,0.845703125,0.232421875,0.236328125,0.544921875,0.8523069
0.978515625,0.697265625,0.744140625,0.697265625,0.533203125,0.931640625,0.908203125,0.861328125,0.291015625,0.693359375,0.693359375,0.791015625,0.646484375,0.255859375,0.236328125,0.544921875,0.8561143
0.978515625,0.697265625,0.744140625,0.697265625,0.533203125,0.931640625,0.908203125,0.861328125,0.291015625,0.693359375,0.693359375,0.791015625,0.646484375,0.232421875,0.080078125,0.544921875,0.85561854
0.978515625,0.697265625,0.744140625,0.697265625,0.533203125,0.931640625,0.908203125,0.861328125,0.291015625,0.693359375,0.693359375,0.791015625,0.646484375,0.232421875,0.236328125,0.923828125,0.8522241
0.318359375,0.560546875,0.880859375,0.279296875,0.232421875,0.994140625,0.716796875,0.982421875,0.349609375,0.189453125,0.146484375,0.798828125,0.845703125,0.255859375,0.080078125,0.923828125,0.84369624
0.728515625,0.447265625,0.494140625,0.447265625,0.783203125,0.681640625,0.158203125,0.611328125,0.041015625,0.943359375,0.943359375,0.541015625,0.396484375,0.982421875,0.486328125,0.294921875,0.7861922
0.068359375,0.447265625,0.494140625,0.447265625,0.783203125,0.681640625,0.158203125,0.611328125,0.041015625,0.943359375,0.943359375,0.541015625,0.396484375,0.982421875,0.486328125,0.294921875,0.7861922
0.728515625,0.310546875,0.494140625,0.447265625,0.783203125,0.681640625,0.158203125,0.611328125,0.041015625,0.943359375,0.943359375,0.541015625,0.396484375,0.982421875,0.486328125,0.294921875,0.76831794
0.728515625,0.447265625,0.630859375,0.447265625,0.783203125,0.681640625,0.158203125,0.611328125,0.041015625,0.943359375,0.943359375,0.541015625,0.396484375,0.982421875,0.486328125,0.294921875,0.7763877
0.728515625,0.447265625,0.494140625,0.529296875,0.783203125,0.681640625,0.158203125,0.611328125,0.041015625,0.943359375,0.943359375,0.541015625,0.396484375,0.982421875,0.486328125,0.294921875,0.7987516
0.728515625,0.447265625,0.494140625,0.447265625,0.982421875,0.681640625,0.158203125,0.611328125,0.041015625,0.943359375,0.943359375,0.541015625,0.396484375,0.982421875,0.486328125,0.294921875,0.7902032
0.728515625,0.447265625,0.494140625,0.447265625,0.783203125,0.744140625,0.158203125,0.611328125,0.041015625,0.943359375,0.943359375,0.541015625,0.396484375,0.982421875,0.486328125,0.294921875,0.7861922
0.728515625,0.447265625,0.494140625,0.447265625,0.783203125,0.681640625,0.466796875,0.611328125,0.041015625,0.943359375,0.943359375,0.541015625,0.396484375,0.982421875,0.486328125,0.294921875,0.7626369
0.728515625,0.447265625,0.494140625,0.447265625,0.783203125,0.681640625,0.158203125,0.232421875,0.041015625,0.943359375,0.943359375,0.541015625,0.396484375,0.982421875,0.486328125,0.294921875,0.7861787
0.728515625,0.447265625,0.494140625,0.447265625,0.783203125,0.681640625,0.158203125,0.611328125,0.599609375,0.943359375,0.943359375,0.541015625,0.396484375,0.982421875,0.486328125,0.294921875,0.80335844
0.728515625,0.447265625,0.494140625,0.447265625,0.783203125,0.681640625,0.158203125,0.611328125,0.041015625,0.439453125,0.943359375,0.541015625,0.396484375,0.982421875,0.486328125,0.294921875,0.7854464
0.728515625,0.447265625,0.494140625,0.447265625,0.783203125,0.681640625,0.158203125,0.611328125,0.041015625,0.943359375,0.896484375,0.541015625,0.396484375,0.982421875,0.486328125,0.294921875,0.8305763
0.728515625,0.447265625,0.494140625,0.447265625,0.783203125,0.681640625,0.158203125,0.611328125,0.041015625,0.943359375,0.943359375,0.548828125,0.396484375,0.982421875,0.486328125,0.294921875,0.7862974
0.728515625,0.447265625,0.494140625,0.447265625,0.783203125,0.681640625,0.158203125,0.611328125,0.041015625,0.943359375,0.943359375,0.541015625,0.095703125,0.982421875,0.486328125,0.294921875,0.78621674
0.728515625,0.447265625,0.494140625,0.447265625,0.783203125,0.681640625,0.158203125,0.611328125,0.041015625,0.943359375,0.943359375,0.541015625,0.396484375,0.005859375,0.486328125,0.294921875,0.55816144
0.728515625,0.447265625,0.494140625,0.447265625,0.783203125,0.681640625,0.158203125,0.611328125,0.041015625,0.943359375,0.943359375,0.541015625,0.396484375,0.982421875,0.830078125,0.294921875,0.7708532
0.728515625,0.447265625,0.494140625,0.447265625,0.783203125,0.681640625,0.158203125,0.611328125,0.041015625,0.943359375,0.943359375,0.541015625,0.396484375,0.982421875,0.486328125,0.173828125,0.7861922
0.068359375,0.310546875,0.630859375,0.529296875,0.982421875,0.744140625,0.466796875,0.232421875,0.599609375,0.439453125,0.896484375,0.548828125,0.095703125,0.005859375,0.830078125,0.173828125,0.56908
0.228515625,0.947265625,0.994140625,0.947265625,0.283203125,0.181640625,0.658203125,0.111328125,0.541015625,0.443359375,0.443359375,0.041015625,0.896484375,0.482421875,0.986328125,0.794921875,1.0989418
0.568359375,0.947265625,0.994140625,0.947265625,0.283203125,0.181640625,0.658203125,0.111328125,0.541015625,0.443359375,0.443359375,0.041015625,0.896484375,0.482421875,0.986328125,0.794921875,1.0989418
0.228515625,0.810546875,0.994140625,0.947265625,0.283203125,0.181640625,0.658203125,0.111328125,0.541015625,0.443359375,0.443359375,0.041015625,0.896484375,0.482421875,0.986328125,0.794921875,1.0657674
0.228515625,0.947265625,0.130859375,0.947265625,0.283203125,0.181640625,0.658203125,0.111328125,0.541015625,0.443359375,0.443359375,0.041015625,0.896484375,0.482421875,0.986328125,0.794921875,1.1623846
0.228515625,0.947265625,0.994140625,0.029296875,0.283203125,0.181640625,0.658203125,0.111328125,0.541015625,0.443359375,0.443359375,0.041015625,0.896484375,0.482421875,0.986328125,0.794921875,0.9718124
0.228515625,0.947265625,0.994140625,0.947265625,0.482421875,0.181640625,0.658203125,0.111328125,0.541015625,0.443359375,0.443359375,0.041015625,0.896484375,0.482421875,0.986328125,0.794921875,1.1013596
0.228515625,0.947265625,0.994140625,0.947265625,0.283203125,0.244140625,0.658203125,0.111328125,0.541015625,0.443359375,0.443359375,0.041015625,0.896484375,0.482421875,0.986328125,0.794921875,1.0989418
0.228515625,0.947265625,0.994140625,0.947265625,0.283203125,0.181640625,0.966796875,0.111328125,0.541015625,0.443359375,0.443359375,0.041015625,0.896484375,0.482421875,0.986328125,0.794921875,1.0373143
0.228515625,0.947265625,0.994140625,0.947265625,0.283203125,0.181640625,0.658203125,0.732421875,0.541015625,0.443359375,0.443359375,0.041015625,0.896484375,0.482421875,0.986328125,0.794921875,1.0989447
0.228515625,0.947265625,0.994140625,0.947265625,0.283203125,0.181640625,0.658203125,0.111328125,0.099609375,0.443359375,0.443359375,0.041015625,0.896484375,0.482421875,0.986328125,0.794921875,1.0585223
0.228515625,0.947265625,0.994140625,0.947265625,0.283203125,0.181640625,0.658203125,0.111328125,0.541015625,0.939453125,0.443359375,0.041015625,0.896484375,0.482421875,0.986328125,0.794921875,1.0996323
0.228515625,0.947265625,0.994140625,0.947265625,0.283203125,0.181640625,0.658203125,0.111328125,0.541015625,0.443359375,0.396484375,0.041015625,0.896484375,0.482421875,0.986328125,0.794921875,1.1081244
0.228515625,0.947265625,0.994140625,0.947265625,0.283203125,0.181640625,0.658203125,0.111328125,0.541015625,0.443359375,0.443359375,0.048828125,0.896484375,0.482421875,0.986328125,0.794921875,1.0994053
0.228515625,0.947265625,0.994140625,0.947265625,0.283203125,0.181640625,0.658203125,0.111328125,0.541015625,0.443359375,0.443359375,0.041015625,0.595703125,0.482421875,0.986328125,0.794921875,1.0986136
0.228515625,0.947265625,0.994140625,0.947265625,0.283203125,0.181640625,0.658203125,0.111328125,0.541015625,0.443359375,0.443359375,0.041015625,0.896484375,0.505859375,0.986328125,0.794921875,1.104225
0.228515625,0.947265625,0.994140625,0.947265625,0.283203125,0.181640625,0.658203125,0.111328125,0.541015625,0.443359375,0.443359375,0.041015625,0.896484375,0.482421875,0.330078125,0.794921875,1.1285015
0.228515625,0.947265625,0.994140625,0.947265625,0.283203125,0.181640625,0.658203125,0.111328125,0.541015625,0.443359375,0.443359375,0.041015625,0.896484375,0.482421875,0.986328125,0.673828125,1.0989418
0.568359375,0.810546875,0.130859375,0.029296875,0.482421875,0.244140625,0.966796875,0.732421875,0.099609375,0.939453125,0.396484375,0.048828125,0.595703125,0.505859375,0.330078125,0.673828125,0.9473054
0.166015625,0.009765625,0.431640625,0.634765625,0.970703125,0.119140625,0.470703125,0.298828125,0.853515625,0.755859375,0.380859375,0.228515625,0.708984375,0.919921875,0.048828125,0.107421875,1.128284
0.380859375,0.009765625,0.431640625,0.634765625,0.970703125,0.119140625,0.470703125,0.298828125,0.853515625,0.755859375,0.380859375,0.228515625,0.708984375,0.919921875,0.048828125,0.107421875,1.128284
0.166015625,0.248046875,0.431640625,0.634765625,0.970703125,0.119140625,0.470703125,0.298828125,0.853515625,0.755859375,0.380859375,0.228515625,0.708984375,0.919921875,0.048828125,0.107421875,1.1492246
0.166015625,0.009765625,0.443359375,0.634765625,0.970703125,0.119140625,0.470703125,0.298828125,0.853515625,0.755859375,0.380859375,0.228515625,0.708984375,0.919921875,0.048828125,0.107421875,1.1275731
0.166015625,0.009765625,0.431640625,0.716796875,0.970703125,0.119140625,0.470703125,0.298828125,0.853515625,0.755859375,0.380859375,0.228515625,0.708984375,0.919921875,0.048828125,0.107421875,1.1504472
0.166015625,0.009765625,0.431640625,0.634765625,0.669921875,0.119140625,0.470703125,0.298828125,0.853515625,0.755859375,0.380859375,0.228515625,0.708984375,0.919921875,0.048828125,0.107421875,1.1225568
0.166015625,0.009765625,0.431640625,0.634765625,0.970703125,0.931640625,0.470703125,0.298828125,0.853515625,0.755859375,0.380859375,0.228515625,0.708984375,0.919921875,0.048828125,0.107421875,1.128284
0.166015625,0.009765625,0.431640625,0.634765625,0.970703125,0.119140625,0.404296875,0.298828125,0.853515625,0.755859375,0.380859375,0.228515625,0.708984375,0.919921875,0.048828125,0.107421875,1.134856
0.166015625,0.009765625,0.431640625,0.634765625,0.970703125,0.119140625,0.470703125,0.419921875,0.853515625,0.755859375,0.380859375,0.228515625,0.708984375,0.919921875,0.048828125,0.107421875,1.1283896
0.166015625,0.009765625,0.431640625,0.634765625,0.970703125,0.119140625,0.470703125,0.298828125,0.287109375,0.755859375,0.380859375,0.228515625,0.708984375,0.919921875,0.048828125,0.107421875,1.1473238
0.166015625,0.009765625,0.431640625,0.634765625,0.970703125,0.119140625,0.470703125,0.298828125,0.853515625,0.251953125,0.380859375,0.228515625,0.708984375,0.919921875,0.048828125,0.107421875,1.0965724
0.166015625,0.009765625,0.431640625,0.634765625,0.970703125,0.119140625,0.470703125,0.298828125,0.853515625,0.755859375,0.333984375,0.228515625,0.708984375,0.919921875,0.048828125,0.107421875,1.1344358
0.166015625,0.009765625,0.431640625,0.634765625,0.970703125,0.119140625,0.470703125,0.298828125,0.853515625,0.755859375,0.380859375,0.861328125,0.708984375,0.919921875,0.048828125,0.107421875,1.1381804
0.166015625,0.009765625,0.431640625,0.634765625,0.970703125,0.119140625,0.470703125,0.298828125,0.853515625,0.755859375,0.380859375,0.228515625,0.783203125,0.919921875,0.048828125,0.107421875,1.1283014
0.166015625,0.009765625,0.431640625,0.634765625,0.970703125,0.119140625,0.470703125,0.298828125,0.853515625,0.755859375,0.380859375,0.228515625,0.708984375,0.068359375,0.048828125,0.107421875,0.9310919
0.166015625,0.009765625,0.431640625,0.634765625,0.970703125,0.119140625,0.470703125,0.298828125,0.853515625,0.755859375,0.380859375,0.228515625,0.708984375,0.919921875,0.517578125,0.107421875,1.1156639
0.166015625,0.009765625,0.431640625,0.634765625,0.970703125,0.119140625,0.470703125,0.298828125,0.853515625,0.755859375,0.380859375,0.228515625,0.708984375,0.919921875,0.048828125,0.611328125,1.128284
0.380859375,0.248046875,0.443359375,0.716796875,0.669921875,0.931640625,0.404296875,0.419921875,0.287109375,0.251953125,0.333984375,0.861328125,0.783203125,0.068359375,0.517578125,0.611328125,0.965209
0.666015625,0.509765625,0.931640625,0.134765625,0.470703125,0.619140625,0.970703125,0.798828125,0.353515625,0.255859375,0.880859375,0.728515625,0.208984375,0.419921875,0.548828125,0.607421875,0.54533696
0.880859375,0.509765625,0.931640625,0.134765625,0.470703125,0.619140625,0.970703125,0.798828125,0.353515625,0.255859375,0.880859375,0.728515625,0.208984375,0.419921875,0.548828125,0.607421875,0.54533696
0.666015625,0.748046875,0.931640625,0.134765625,0.470703125,0.619140625,0.970703125,0.798828125,0.353515625,0.255859375,0.880859375,0.728515625,0.208984375,0.419921875,0.548828125,0.607421875,0.588851
0.666015625,0.509765625,0.943359375,0.134765625,0.470703125,0.619140625,0.970703125,0.798828125,0.353515625,0.255859375,0.880859375,0.728515625,0.208984375,0.419921875,0.548828125,0.607421875,0.54404557
0.666015625,0.509765625,0.931640625,0.216796875,0.470703125,0.619140625,0.970703125,0.798828125,0.353515625,0.255859375,0.880859375,0.728515625,0.208984375,0.419921875,0.548828125,0.607421875,0.54710233
0.666015625,0.509765625,0.931640625,0.134765625,0.169921875,0.619140625,0.970703125,0.798828125,0.353515625,0.255859375,0.880859375,0.728515625,0.208984375,0.419921875,0.548828125,0.607421875,0.5419396
0.666015625,0.509765625,0.931640625,0.134765625,0.470703125,0.431640625,0.970703125,0.798828125,0.353515625,0.255859375,0.880859375,0.728515625,0.208984375,0.419921875,0.548828125,0.607421875,0.54533696
0.666015625,0.509765625,0.931640625,0.134765625,0.470703125,0.619140625,0.904296875,0.798828125,0.353515625,0.255859375,0.880859375,0.728515625,0.208984375,0.419921875,0.548828125,0.607421875,0.561424
0.666015625,0.509765625,0.931640625,0.134765625,0.470703125,0.619140625,0.970703125,0.919921875,0.353515625,0.255859375,0.880859375,0.728515625,0.208984375,0.419921875,0.548828125,0.607421875,0.5453353
0.666015625,0.509765625,0.931640625,0.134765625,0.470703125,0.619140625,0.970703125,0.798828125,0.787109375,0.255859375,0.880859375,0.728515625,0.208984375,0.419921875,0.548828125,0.607421875,0.49365443
0.666015625,0.509765625,0.931640625,0.134765625,0.470703125,0.619140625,0.970703125,0.798828125,0.353515625,0.751953125,0.880859375,0.728515625,0.208984375,0.419921875,0.548828125,0.607421875,0.57466817
0.666015625,0.509765625,0.931640625,0.134765625,0.470703125,0.619140625,0.970703125,0.798828125,0.353515625,0.255859375,0.833984375,0.728515625,0.208984375,0.419921875,0.548828125,0.607421875,0.5930387
0.666015625,0.509765625,0.931640625,0.134765625,0.470703125,0.619140625,0.970703125,0.798828125,0.353515625,0.255859375,0.880859375,0.361328125,0.208984375,0.419921875,0.548828125,0.607421875,0.5401232
0.666015625,0.509765625,0.931640625,0.134765625,0.470703125,0.619140625,0.970703125,0.798828125,0.353515625,0.255859375,0.880859375,0.728515625,0.283203125,0.419921875,0.548828125,0.607421875,0.54533327
0.666015625,0.509765625,0.931640625,0.134765625,0.470703125,0.619140625,0.970703125,0.798828125,0.353515625,0.255859375,0.880859375,0.728515625,0.208984375,0.568359375,0.548828125,0.607421875,0.5788245
0.666015625,0.509765625,0.931640625,0.134765625,0.470703125,0.619140625,0.970703125,0.798828125,0.353515625,0.255859375,0.880859375,0.728515625,0.208984375,0.419921875,0.017578125,0.607421875,0.55968434
0.666015625,0.509765625,0.931640625,0.134765625,0.470703125,0.619140625,0.970703125,0.798828125,0.353515625,0.255859375,0.880859375,0.728515625,0.208984375,0.419921875,0.548828125,0.111328125,0.54533696
0.880859375,0.748046875,0.943359375,0.216796875,0.169921875,0.431640625,0.904296875,0.919921875,0.787109375,0.751953125,0.833984375,0.361328125,0.283203125,0.568359375,0.017578125,0.111328125,0.6699812
0.916015625,0.259765625,0.181640625,0.884765625,0.220703125,0.869140625,0.220703125,0.548828125,0.103515625,0.005859375,0.630859375,0.978515625,0.958984375,0.669921875,0.798828125,0.357421875,-2.8567207
0.630859375,0.259765625,0.181640625,0.884765625,0.220703125,0.869140625,0.220703125,0.548828125,0.103515625,0.005859375,0.630859375,0.978515625,0.958984375,0.669921875,0.798828125,0.357421875,-2.8567207
0.916015625,0.498046875,0.181640625,0.884765625,0.220703125,0.869140625,0.220703125,0.548828125,0.103515625,0.005859375,0.630859375,0.978515625,0.958984375,0.669921875,0.798828125,0.357421875,-2.8255165
0.916015625,0.259765625,0.693359375,0.884765625,0.220703125,0.869140625,0.220703125,0.548828125,0.103515625,0.005859375,0.630859375,0.978515625,0.958984375,0.669921875,0.798828125,0.357421875,-2.8880887
0.916015625,0.259765625,0.181640625,0.966796875,0.220703125,0.869140625,0.220703125,0.548828125,0.103515625,0.005859375,0.630859375,0.978515625,0.958984375,0.669921875,0.798828125,0.357421875,-2.8440235
0.916015625,0.259765625,0.181640625,0.884765625,0.919921875,0.869140625,0.220703125,0.548828125,0.103515625,0.005859375,0.630859375,0.978515625,0.958984375,0.669921875,0.798828125,0.357421875,-2.8461974
0.916015625,0.259765625,0.181640625,0.884765625,0.220703125,0.181640625,0.220703125,0.548828125,0.103515625,0.005859375,0.630859375,0.978515625,0.958984375,0.669921875,0.798828125,0.357421875,-2.8567207
0.916015625,0.259765625,0.181640625,0.884765625,0.220703125,0.869140625,0.154296875,0.548828125,0.103515625,0.005859375,0.630859375,0.978515625,0.958984375,0.669921875,0.798828125,0.357421875,-2.8530147
0.916015625,0.259765625,0.181640625,0.884765625,0.220703125,0.869140625,0.220703125,0.169921875,0.103515625,0.005859375,0.630859375,0.978515625,0.958984375,0.669921875,0.798828125,0.357421875,-2.856784
0.916015625,0.259765625,0.181640625,0.884765625,0.220703125,0.869140625,0.220703125,0.548828125,0.037109375,0.005859375,0.630859375,0.978515625,0.958984375,0.669921875,0.798828125,0.357421875,-2.8508472
0.916015625,0.259765625,0.181640625,0.884765625,0.220703125,0.869140625,0.220703125,0.548828125,0.103515625,0.501953125,0.630859375,0.978515625,0.958984375,0.669921875,0.798828125,0.357421875,1.0318311
0.916015625,0.259765625,0.181640625,0.884765625,0.220703125,0.869140625,0.220703125,0.548828125,0.103515625,0.005859375,0.083984375,0.978515625,0.958984375,0.669921875,0.798828125,0.357421875,-2.7497647
0.916015625,0.259765625,0.181640625,0.884765625,0.220703125,0.869140625,0.220703125,0.548828125,0.103515625,0.005859375,0.630859375,0.111328125,0.958984375,0.669921875,0.798828125,0.357421875,-2.8719347
0.916015625,0.259765625,0.181640625,0.884765625,0.220703125,0.869140625,0.220703125,0.548828125,0.103515625,0.005859375,0.630859375,0.978515625,0.533203125,0.669921875,0.798828125,0.357421875,-2.8570507
0.916015625,0.259765625,0.181640625,0.884765625,0.220703125,0.869140625,0.220703125,0.548828125,0.103515625,0.005859375,0.630859375,0.978515625,0.958984375,0.818359375,0.798828125,0.357421875,-2.8125193
0.916015625,0.259765625,0.181640625,0.884765625,0.220703125,0.869140625,0.220703125,0.548828125,0.103515625,0.005859375,0.630859375,0.978515625,0.958984375,0.669921875,0.767578125,0.357421875,-2.8551137
0.916015625,0.259765625,0.181640625,0.884765625,0.220703125,0.869140625,0.220703125,0.548828125,0.103515625,0.005859375,0.630859375,0.978515625,0.958984375,0.669921875,0.798828125,0.861328125,-2.8567207
0.630859375,0.498046875,0.693359375,0.966796875,0.919921875,0.181640625,0.154296875,0.169921875,0.037109375,0.501953125,0.083984375,0.111328125,0.533203125,0.818359375,0.767578125,0.861328125,1.2016238
0.416015625,0.759765625,0.681640625,0.384765625,0.720703125,0.369140625,0.720703125,0.048828125,0.603515625,0.505859375,0.130859375,0.478515625,0.458984375,0.169921875,0.298828125,0.857421875,0.96654916
0.130859375,0.759765625,0.681640625,0.384765625,0.720703125,0.369140625,0.720703125,0.048828125,0.603515625,0.505859375,0.130859375,0.478515625,0.458984375,0.169921875,0.298828125,0.857421875,0.96654916
0.416015625,0.998046875,0.681640625,0.384765625,0.720703125,0.369140625,0.720703125,0.048828125,0.603515625,0.505859375,0.130859375,0.478515625,0.458984375,0.169921875,0.298828125,0.857421875,1.0244194
0.416015625,0.759765625,0.193359375,0.384765625,0.720703125,0.369140625,0.720703125,0.048828125,0.603515625,0.505859375,0.130859375,0.478515625,0.458984375,0.169921875,0.298828125,0.857421875,0.9964527
0.416015625,0.759765625,0.681640625,0.466796875,0.720703125,0.369140625,0.720703125,0.048828125,0.603515625,0.505859375,0.130859375,0.478515625,0.458984375,0.169921875,0.298828125,0.857421875,0.97558177
0.416015625,0.759765625,0.681640625,0.384765625,0.419921875,0.369140625,0.720703125,0.048828125,0.603515625,0.505859375,0.130859375,0.478515625,0.458984375,0.169921875,0.298828125,0.857421875,0.9620626
0.416015625,0.759765625,0.681640625,0.384765625,0.720703125,0.681640625,0.720703125,0.048828125,0.603515625,0.505859375,0.130859375,0.478515625,0.458984375,0.169921875,0.298828125,0.857421875,0.96654916
0.416015625,0.759765625,0.681640625,0.384765625,0.720703125,0.369140625,0.654296875,0.048828125,0.603515625,0.505859375,0.130859375,0.478515625,0.458984375,0.169921875,0.298828125,0.857421875,0.97717905
0.416015625,0.759765625,0.681640625,0.384765625,0.720703125,0.369140625,0.720703125,0.669921875,0.603515625,0.505859375,0.130859375,0.478515625,0.458984375,0.169921875,0.298828125,0.857421875,0.9665568
0.416015625,0.759765625,0.681640625,0.384765625,0.720703125,0.369140625,0.720703125,0.048828125,0.537109375,0.505859375,0.130859375,0.478515625,0.458984375,0.169921875,0.298828125,0.857421875,0.98692167
0.416015625,0.759765625,0.681640625,0.384765625,0.720703125,0.369140625,0.720703125,0.048828125,0.603515625,0.001953125,0.130859375,0.478515625,0.458984375,0.169921875,0.298828125,0.857421875,-3.201622
0.416015625,0.759765625,0.681640625,0.384765625,0.720703125,0.369140625,0.720703125,0.048828125,0.603515625,0.505859375,0.583984375,0.478515625,0.458984375,0.169921875,0.298828125,0.857421875,0.88704896
0.416015625,0.759765625,0.681640625,0.384765625,0.720703125,0.369140625,0.720703125,0.048828125,0.603515625,0.505859375,0.130859375,0.611328125,0.458984375,0.169921875,0.298828125,0.857421875,0.9683505
0.416015625,0.759765625,0.681640625,0.384765625,0.720703125,0.369140625,0.720703125,0.048828125,0.603515625,0.505859375,0.130859375,0.478515625,0.033203125,0.169921875,0.298828125,0.857421875,0.9666213
0.416015625,0.759765625,0.681640625,0.384765625,0.720703125,0.369140625,0.720703125,0.048828125,0.603515625,0.505859375,0.130859375,0.478515625,0.458984375,0.318359375,0.298828125,0.857421875,0.99121153
0.416015625,0.759765625,0.681640625,0.384765625,0.720703125,0.369140625,0.720703125,0.048828125,0.603515625,0.505859375,0.130859375,0.478515625,0.458984375,0.169921875,0.267578125,0.857421875,0.9673813
0.416015625,0.759765625,0.681640625,0.384765625,0.720703125,0.369140625,0.720703125,0.048828125,0.603515625,0.505859375,0.130859375,0.478515625,0.458984375,0.169921875,0.298828125,0.361328125,0.96654916
0.130859375,0.998046875,0.193359375,0.466796875,0.419921875,0.681640625,0.654296875,0.669921875,0.537109375,0.001953125,0.583984375,0.611328125,0.033203125,0.318359375,0.267578125,0.361328125,-3.1304238
0.291015625,0.384765625,0.806640625,0.259765625,0.595703125,0.244140625,0.095703125,0.673828125,0.228515625,0.380859375,0.505859375,0.353515625,0.833984375,0.294921875,0.423828125,0.982421875,0.9086593
0.005859375,0.384765625,0.806640625,0.259765625,0.595703125,0.244140625,0.095703125,0.673828125,0.228515625,0.380859375,0.505859375,0.353515625,0.833984375,0.294921875,0.423828125,0.982421875,0.9086593
0.291015625,0.873046875,0.806640625,0.259765625,0.595703125,0.244140625,0.095703125,0.673828125,0.228515625,0.380859375,0.505859375,0.353515625,0.833984375,0.294921875,0.423828125,0.982421875,0.99833524
0.291015625,0.384765625,0.568359375,0.259765625,0.595703125,0.244140625,0.095703125,0.673828125,0.228515625,0.380859375,0.505859375,0.353515625,0.833984375,0.294921875,0.423828125,0.982421875,0.9286109
0.291015625,0.384765625,0.806640625,0.591796875,0.595703125,0.244140625,0.095703125,0.673828125,0.228515625,0.380859375,0.505859375,0.353515625,0.833984375,0.294921875,0.423828125,0.982421875,0.9481249
0.291015625,0.384765625,0.806640625,0.259765625,0.544921875,0.244140625,0.095703125,0.673828125,0.228515625,0.380859375,0.505859375,0.353515625,0.833984375,0.294921875,0.423828125,0.982421875,0.9079033
0.291015625,0.384765625,0.806640625,0.259765625,0.595703125,0.806640625,0.095703125,0.673828125,0.228515625,0.380859375,0.505859375,0.353515625,0.833984375,0.294921875,0.423828125,0.982421875,0.9086593
0.291015625,0.384765625,0.806640625,0.259765625,0.595703125,0.244140625,0.029296875,0.673828125,0.228515625,0.380859375,0.505859375,0.353515625,0.833984375,0.294921875,0.423828125,0.982421875,0.91131437
0.291015625,0.384765625,0.806640625,0.259765625,0.595703125,0.244140625,0.095703125,0.544921875,0.228515625,0.380859375,0.505859375,0.353515625,0.833984375,0.294921875,0.423828125,0.982421875,0.90872514
0.291015625,0.384765625,0.806640625,0.259765625,0.595703125,0.244140625,0.095703125,0.673828125,0.662109375,0.380859375,0.505859375,0.353515625,0.833984375,0.294921875,0.423828125,0.982421875,0.89259994
0.291015625,0.384765625,0.806640625,0.259765625,0.595703125,0.244140625,0.095703125,0.673828125,0.228515625,0.626953125,0.505859375,0.353515625,0.833984375,0.294921875,0.423828125,0.982421875,0.9110511
0.291015625,0.384765625,0.806640625,0.259765625,0.595703125,0.244140625,0.095703125,0.673828125,0.228515625,0.380859375,0.208984375,0.353515625,0.833984375,0.294921875,0.423828125,0.982421875,0.95315737
0.291015625,0.384765625,0.806640625,0.259765625,0.595703125,0.244140625,0.095703125,0.673828125,0.228515625,0.380859375,0.505859375,0.486328125,0.833984375,0.294921875,0.423828125,0.982421875,0.91157836
0.291015625,0.384765625,0.806640625,0.259765625,0.595703125,0.244140625,0.095703125,0.673828125,0.228515625,0.380859375,0.505859375,0.353515625,0.908203125,0.294921875,0.423828125,0.982421875,0.9086629
0.291015625,0.384765625,0.806640625,0.259765625,0.595703125,0.244140625,0.095703125,0.673828125,0.228515625,0.380859375,0.505859375,0.353515625,0.833984375,0.193359375,0.423828125,0.982421875,0.89179415
0.291015625,0.384765625,0.806640625,0.259765625,0.595703125,0.244140625,0.095703125,0.673828125,0.228515625,0.380859375,0.505859375,0.353515625,0.833984375,0.294921875,0.892578125,0.982421875,0.8876784
0.291015625,0.384765625,0.806640625,0.259765625,0.595703125,0.244140625,0.095703125,0.673828125,0.228515625,0.380859375,0.505859375,0.353515625,0.833984375,0.294921875,0.423828125,0.736328125,0.9086593
0.005859375,0.873046875,0.568359375,0.591796875,0.544921875,0.806640625,0.029296875,0.544921875,0.662109375,0.626953125,0.208984375,0.486328125,0.908203125,0.193359375,0.892578125,0.736328125,1.0556248
0.791015625,0.884765625,0.306640625,0.759765625,0.095703125,0.744140625,0.595703125,0.173828125,0.728515625,0.880859375,0.005859375,0.853515625,0.333984375,0.794921875,0.923828125,0.482421875,1.2062274
0.505859375,0.884765625,0.306640625,0.759765625,0.095703125,0.744140625,0.595703125,0.173828125,0.728515625,0.880859375,0.005859375,0.853515625,0.333984375,0.794921875,0.923828125,0.482421875,1.2062274
0.791015625,0.373046875,0.306640625,0.759765625,0.095703125,0.744140625,0.595703125,0.173828125,0.728515625,0.880859375,0.005859375,0.853515625,0.333984375,0.794921875,0.923828125,0.482421875,1.1121783
0.791015625,0.884765625,0.068359375,0.759765625,0.095703125,0.744140625,0.595703125,0.173828125,0.728515625,0.880859375,0.005859375,0.853515625,0.333984375,0.794921875,0.923828125,0.482421875,1.2161242
0.791015625,0.884765625,0.306640625,0.091796875,0.095703125,0.744140625,0.595703125,0.173828125,0.728515625,0.880859375,0.005859375,0.853515625,0.333984375,0.794921875,0.923828125,0.482421875,1.1186239
0.791015625,0.884765625,0.306640625,0.759765625,0.044921875,0.744140625,0.595703125,0.173828125,0.728515625,0.880859375,0.005859375,0.853515625,0.333984375,0.794921875,0.923828125,0.482421875,1.2058136
0.791015625,0.884765625,0.306640625,0.759765625,0.095703125,0.306640625,0.595703125,0.173828125,0.728515625,0.880859375,0.005859375,0.853515625,0.333984375,0.794921875,0.923828125,0.482421875,1.2062274
0.791015625,0.884765625,0.306640625,0.759765625,0.095703125,0.744140625,0.529296875,0.173828125,0.728515625,0.880859375,0.005859375,0.853515625,0.333984375,0.794921875,0.923828125,0.482421875,1.2146665
0.791015625,0.884765625,0.306640625,0.759765625,0.095703125,0.744140625,0.595703125,0.044921875,0.728515625,0.880859375,0.005859375,0.853515625,0.333984375,0.794921875,0.923828125,0.482421875,1.2062254
0.791015625,0.884765625,0.306640625,0.759765625,0.095703125,0.744140625,0.595703125,0.173828125,0.162109375,0.880859375,0.005859375,0.853515625,0.333984375,0.794921875,0.923828125,0.482421875,1.2121438
0.791015625,0.884765625,0.306640625,0.759765625,0.095703125,0.744140625,0.595703125,0.173828125,0.728515625,0.126953125,0.005859375,0.853515625,0.333984375,0.794921875,0.923828125,0.482421875,0.8236209
0.791015625,0.884765625,0.306640625,0.759765625,0.095703125,0.744140625,0.595703125,0.173828125,0.728515625,0.880859375,0.708984375,0.853515625,0.333984375,0.794921875,0.923828125,0.482421875,1.0409604
0.791015625,0.884765625,0.306640625,0.759765625,0.095703125,0.744140625,0.595703125,0.173828125,0.728515625,0.880859375,0.005859375,0.986328125,0.333984375,0.794921875,0.923828125,0.482421875,1.2062955
0.791015625,0.884765625,0.306640625,0.759765625,0.095703125,0.744140625,0.595703125,0.173828125,0.728515625,0.880859375,0.005859375,0.853515625,0.408203125,0.794921875,0.923828125,0.482421875,1.2062094
0.791015625,0.884765625,0.306640625,0.759765625,0.095703125,0.744140625,0.595703125,0.173828125,0.728515625,0.880859375,0.005859375,0.853515625,0.333984375,0.693359375,0.923828125,0.482421875,1.1759955
0.791015625,0.884765625,0.306640625,0.759765625,0.095703125,0.744140625,0.595703125,0.173828125,0.728515625,0.880859375,0.005859375,0.853515625,0.333984375,0.794921875,0.392578125,0.482421875,1.2300506
0.791015625,0.884765625,0.306640625,0.759765625,0.095703125,0.744140625,0.595703125,0.173828125,0.728515625,0.880859375,0.005859375,0.853515625,0.333984375,0.794921875,0.923828125,0.236328125,1.2062273
0.505859375,0.373046875,0.068359375,0.091796875,0.044921875,0.306640625,0.529296875,0.044921875,0.162109375,0.126953125,0.708984375,0.986328125,0.408203125,0.693359375,0.392578125,0.236328125,0.49417847
0.541015625,0.134765625,0.556640625,0.009765625,0.345703125,0.994140625,0.345703125,0.423828125,0.978515625,0.630859375,0.255859375,0.603515625,0.583984375,0.044921875,0.673828125,0.732421875,0.9138301
0.755859375,0.134765625,0.556640625,0.009765625,0.345703125,0.994140625,0.345703125,0.423828125,0.978515625,0.630859375,0.255859375,0.603515625,0.583984375,0.044921875,0.673828125,0.732421875,0.9138301
0.541015625,0.623046875,0.556640625,0.009765625,0.345703125,0.994140625,0.345703125,0.423828125,0.978515625,0.630859375,0.255859375,0.603515625,0.583984375,0.044921875,0.673828125,0.732421875,0.97828084
0.541015625,0.134765625,0.318359375,0.009765625,0.345703125,0.994140625,0.345703125,0.423828125,0.978515625,0.630859375,0.255859375,0.603515625,0.583984375,0.044921875,0.673828125,0.732421875,0.9283171
0.541015625,0.134765625,0.556640625,0.841796875,0.345703125,0.994140625,0.345703125,0.423828125,0.978515625,0.630859375,0.255859375,0.603515625,0.583984375,0.044921875,0.673828125,0.732421875,1.0222623
0.541015625,0.134765625,0.556640625,0.009765625,0.794921875,0.994140625,0.345703125,0.423828125,0.978515625,0.630859375,0.255859375,0.603515625,0.583984375,0.044921875,0.673828125,0.732421875,0.92054754
0.541015625,0.134765625,0.556640625,0.009765625,0.345703125,0.056640625,0.345703125,0.423828125,0.978515625,0.630859375,0.255859375,0.603515625,0.583984375,0.044921875,0.673828125,0.732421875,0.9138301
0.541015625,0.134765625,0.556640625,0.009765625,0.345703125,0.994140625,0.279296875,0.423828125,0.978515625,0.630859375,0.255859375,0.603515625,0.583984375,0.044921875,0.673828125,0.732421875,0.91883296
0.541015625,0.134765625,0.556640625,0.009765625,0.345703125,0.994140625,0.345703125,0.794921875,0.978515625,0.630859375,0.255859375,0.603515625,0.583984375,0.044921875,0.673828125,0.732421875,0.913698
0.541015625,0.134765625,0.556640625,0.009765625,0.345703125,0.994140625,0.345703125,0.423828125,0.912109375,0.630859375,0.255859375,0.603515625,0.583984375,0.044921875,0.673828125,0.732421875,0.8970569
0.541015625,0.134765625,0.556640625,0.009765625,0.345703125,0.994140625,0.345703125,0.423828125,0.978515625,0.376953125,0.255859375,0.603515625,0.583984375,0.044921875,0.673828125,0.732421875,0.9112399
0.541015625,0.134765625,0.556640625,0.009765625,0.345703125,0.994140625,0.345703125,0.423828125,0.978515625,0.630859375,0.458984375,0.603515625,0.583984375,0.044921875,0.673828125,0.732421875,0.8854568
0.541015625,0.134765625,0.556640625,0.009765625,0.345703125,0.994140625,0.345703125,0.423828125,0.978515625,0.630859375,0.255859375,0.736328125,0.583984375,0.044921875,0.673828125,0.732421875,0.91478384
0.541015625,0.134765625,0.556640625,0.009765625,0.345703125,0.994140625,0.345703125,0.423828125,0.978515625,0.630859375,0.255859375,0.603515625,0.658203125,0.044921875,0.673828125,0.732421875,0.9140932
0.541015625,0.134765625,0.556640625,0.009765625,0.345703125,0.994140625,0.345703125,0.423828125,0.978515625,0.630859375,0.255859375,0.603515625,0.583984375,0.943359375,0.673828125,0.732421875,1.122502
0.541015625,0.134765625,0.556640625,0.009765625,0.345703125,0.994140625,0.345703125,0.423828125,0.978515625,0.630859375,0.255859375,0.603515625,0.583984375,0.044921875,0.642578125,0.732421875,0.9152196
0.541015625,0.134765625,0.556640625,0.009765625,0.345703125,0.994140625,0.345703125,0.423828125,0.978515625,0.630859375,0.255859375,0.603515625,0.583984375,0.044921875,0.673828125,0.986328125,0.9138301
0.755859375,0.623046875,0.318359375,0.841796875,0.794921875,0.056640625,0.279296875,0.794921875,0.912109375,0.376953125,0.458984375,0.736328125,0.658203125,0.943359375,0.642578125,0.986328125,1.2763304
0.041015625,0.634765625,0.056640625,0.509765625,0.845703125,0.494140625,0.845703125,0.923828125,0.478515625,0.130859375,0.755859375,0.103515625,0.083984375,0.544921875,0.173828125,0.232421875,0.5103262
0.255859375,0.634765625,0.056640625,0.509765625,0.845703125,0.494140625,0.845703125,0.923828125,0.478515625,0.130859375,0.755859375,0.103515625,0.083984375,0.544921875,0.173828125,0.232421875,0.5103262
0.041015625,0.123046875,0.056640625,0.509765625,0.845703125,0.494140625,0.845703125,0.923828125,0.478515625,0.130859375,0.755859375,0.103515625,0.083984375,0.544921875,0.173828125,0.232421875,0.44271314
0.041015625,0.634765625,0.818359375,0.509765625,0.845703125,0.494140625,0.845703125,0.923828125,0.478515625,0.130859375,0.755859375,0.103515625,0.083984375,0.544921875,0.173828125,0.232421875,0.46303988
0.041015625,0.634765625,0.056640625,0.341796875,0.845703125,0.494140625,0.845703125,0.923828125,0.478515625,0.130859375,0.755859375,0.103515625,0.083984375,0.544921875,0.173828125,0.232421875,0.49148768
0.041015625,0.634765625,0.056640625,0.509765625,0.294921875,0.494140625,0.845703125,0.923828125,0.478515625,0.130859375,0.755859375,0.103515625,0.083984375,0.544921875,0.173828125,0.232421875,0.5020713
0.041015625,0.634765625,0.056640625,0.509765625,0.845703125,0.556640625,0.845703125,0.923828125,0.478515625,0.130859375,0.755859375,0.103515625,0.083984375,0.544921875,0.173828125,0.232421875,0.5103262
0.041015625,0.634765625,0.056640625,0.509765625,0.845703125,0.494140625,0.779296875,0.923828125,0.478515625,0.130859375,0.755859375,0.103515625,0.083984375,0.544921875,0.173828125,0.232421875,0.52349687
0.041015625,0.634765625,0.056640625,0.509765625,0.845703125,0.494140625,0.845703125,0.294921875,0.478515625,0.130859375,0.755859375,0.103515625,0.083984375,0.544921875,0.173828125,0.232421875,0.5103355
0.041015625,0.634765625,0.056640625,0.509765625,0.845703125,0.494140625,0.845703125,0.923828125,0.412109375,0.130859375,0.755859375,0.103515625,0.083984375,0.544921875,0.173828125,0.232421875,0.5166566
0.041015625,0.634765625,0.056640625,0.509765625,0.845703125,0.494140625,0.845703125,0.923828125,0.478515625,0.876953125,0.755859375,0.103515625,0.083984375,0.544921875,0.173828125,0.232421875,0.8644598
0.041015625,0.634765625,0.056640625,0.509765625,0.845703125,0.494140625,0.845703125,0.923828125,0.478515625,0.130859375,0.958984375,0.103515625,0.083984375,0.544921875,0.173828125,0.232421875,0.31136334
0.041015625,0.634765625,0.056640625,0.509765625,0.845703125,0.494140625,0.845703125,0.923828125,0.478515625,0.130859375,0.755859375,0.236328125,0.083984375,0.544921875,0.173828125,0.232421875,0.5162903
0.041015625,0.634765625,0.056640625,0.509765625,0.845703125,0.494140625,0.845703125,0.923828125,0.478515625,0.130859375,0.755859375,0.103515625,0.158203125,0.544921875,0.173828125,0.232421875,0.51032484
0.041015625,0.634765625,0.056640625,0.509765625,0.845703125,0.494140625,0.845703125,0.923828125,0.478515625,0.130859375,0.755859375,0.103515625,0.083984375,0.443359375,0.173828125,0.232421875,0.48742378
0.041015625,0.634765625,0.056640625,0.509765625,0.845703125,0.494140625,0.845703125,0.923828125,0.478515625,0.130859375,0.755859375,0.103515625,0.083984375,0.544921875,0.142578125,0.232421875,0.5110041
0.041015625,0.634765625,0.056640625,0.509765625,0.845703125,0.494140625,0.845703125,0.923828125,0.478515625,0.130859375,0.755859375,0.103515625,0.083984375,0.544921875,0.173828125,0.486328125,0.5103262
0.255859375,0.123046875,0.818359375,0.341796875,0.294921875,0.556640625,0.779296875,0.294921875,0.412109375,0.876953125,0.958984375,0.236328125,0.158203125,0.443359375,0.142578125,0.486328125,0.5267526
0.056640625,0.431640625,0.322265625,0.962890625,0.017578125,0.353515625,0.298828125,0.783203125,0.681640625,0.708984375,0.677734375,0.712890625,0.599609375,0.310546875,0.470703125,0.998046875,0.9554805
0.333984375,0.431640625,0.322265625,0.962890625,0.017578125,0.353515625,0.298828125,0.783203125,0.681640625,0.708984375,0.677734375,0.712890625,0.599609375,0.310546875,0.470703125,0.998046875,0.9554805
0.056640625,0.482421875,0.322265625,0.962890625,0.017578125,0.353515625,0.298828125,0.783203125,0.681640625,0.708984375,0.677734375,0.712890625,0.599609375,0.310546875,0.470703125,0.998046875,0.9628878
0.056640625,0.431640625,0.146484375,0.962890625,0.017578125,0.353515625,0.298828125,0.783203125,0.681640625,0.708984375,0.677734375,0.712890625,0.599609375,0.310546875,0.470703125,0.998046875,0.9633561
0.056640625,0.431640625,0.322265625,0.419921875,0.017578125,0.353515625,0.298828125,0.783203125,0.681640625,0.708984375,0.677734375,0.712890625,0.599609375,0.310546875,0.470703125,0.998046875,0.8413909
0.056640625,0.431640625,0.322265625,0.962890625,0.466796875,0.353515625,0.298828125,0.783203125,0.681640625,0.708984375,0.677734375,0.712890625,0.599609375,0.310546875,0.470703125,0.998046875,0.9601093
0.056640625,0.431640625,0.322265625,0.962890625,0.017578125,0.009765625,0.298828125,0.783203125,0.681640625,0.708984375,0.677734375,0.712890625,0.599609375,0.310546875,0.470703125,0.998046875,0.9554805
0.056640625,0.431640625,0.322265625,0.962890625,0.017578125,0.353515625,0.638671875,0.783203125,0.681640625,0.708984375,0.677734375,0.712890625,0.599609375,0.310546875,0.470703125,0.998046875,0.91914517
0.056640625,0.431640625,0.322265625,0.962890625,0.017578125,0.353515625,0.298828125,0.779296875,0.681640625,0.708984375,0.677734375,0.712890625,0.599609375,0.310546875,0.470703125,0.998046875,0.95548064
0.056640625,0.431640625,0.322265625,0.962890625,0.017578125,0.353515625,0.298828125,0.783203125,0.615234375,0.708984375,0.677734375,0.712890625,0.599609375,0.310546875,0.470703125,0.998046875,0.9700151
0.056640625,0.431640625,0.322265625,0.962890625,0.017578125,0.353515625,0.298828125,0.783203125,0.681640625,0.267578125,0.677734375,0.712890625,0.599609375,0.310546875,0.470703125,0.998046875,0.9322776
0.056640625,0.431640625,0.322265625,0.962890625,0.017578125,0.353515625,0.298828125,0.783203125,0.681640625,0.708984375,0.755859375,0.712890625,0.599609375,0.310546875,0.470703125,0.998046875,0.88899624
0.056640625,0.431640625,0.322265625,0.962890625,0.017578125,0.353515625,0.298828125,0.783203125,0.681640625,0.708984375,0.677734375,0.439453125,0.599609375,0.310546875,0.470703125,0.998046875,0.9521754
0.056640625,0.431640625,0.322265625,0.962890625,0.017578125,0.353515625,0.298828125,0.783203125,0.681640625,0.708984375,0.677734375,0.712890625,0.392578125,0.310546875,0.470703125,0.998046875,0.9557884
0.056640625,0.431640625,0.322265625,0.962890625,0.017578125,0.353515625,0.298828125,0.783203125,0.681640625,0.708984375,0.677734375,0.712890625,0.599609375,0.021484375,0.470703125,0.998046875,0.9119947
0.056640625,0.431640625,0.322265625,0.962890625,0.017578125,0.353515625,0.298828125,0.783203125,0.681640625,0.708984375,0.677734375,0.712890625,0.599609375,0.310546875,0.126953125,0.998046875,0.9649124
0.056640625,0.431640625,0.322265625,0.962890625,0.017578125,0.353515625,0.298828125,0.783203125,0.681640625,0.708984375,0.677734375,0.712890625,0.599609375,0.310546875,0.470703125,0.564453125,0.9554805
0.333984375,0.482421875,0.146484375,0.419921875,0.466796875,0.009765625,0.638671875,0.779296875,0.615234375,0.267578125,0.755859375,0.439453125,0.392578125,0.021484375,0.126953125,0.564453125,0.7127635
0.556640625,0.931640625,0.822265625,0.462890625,0.517578125,0.853515625,0.798828125,0.283203125,0.181640625,0.208984375,0.177734375,0.212890625,0.099609375,0.810546875,0.970703125,0.498046875,1.0069453
0.833984375,0.931640625,0.822265625,0.462890625,0.517578125,0.853515625,0.798828125,0.283203125,0.181640625,0.208984375,0.177734375,0.212890625,0.099609375,0.810546875,0.970703125,0.498046875,1.0069453
0.556640625,0.982421875,0.822265625,0.462890625,0.517578125,0.853515625,0.798828125,0.283203125,0.181640625,0.208984375,0.177734375,0.212890625,0.099609375,0.810546875,0.970703125,0.498046875,1.0203081
0.556640625,0.931640625,0.646484375,0.462890625,0.517578125,0.853515625,0.798828125,0.283203125,0.181640625,0.208984375,0.177734375,0.212890625,0.099609375,0.810546875,0.970703125,0.498046875,1.0224804
0.556640625,0.931640625,0.822265625,0.919921875,0.517578125,0.853515625,0.798828125,0.283203125,0.181640625,0.208984375,0.177734375,0.212890625,0.099609375,0.810546875,0.970703125,0.498046875,1.1097498
0.556640625,0.931640625,0.822265625,0.462890625,0.966796875,0.853515625,0.798828125,0.283203125,0.181640625,0.208984375,0.177734375,0.212890625,0.099609375,0.810546875,0.970703125,0.498046875,1.0149125
0.556640625,0.931640625,0.822265625,0.462890625,0.517578125,0.509765625,0.798828125,0.283203125,0.181640625,0.208984375,0.177734375,0.212890625,0.099609375,0.810546875,0.970703125,0.498046875,1.0069453
0.556640625,0.931640625,0.822265625,0.462890625,0.517578125,0.853515625,0.138671875,0.283203125,0.181640625,0.208984375,0.177734375,0.212890625,0.099609375,0.810546875,0.970703125,0.498046875,1.0801127
0.556640625,0.931640625,0.822265625,0.462890625,0.517578125,0.853515625,0.798828125,0.279296875,0.181640625,0.208984375,0.177734375,0.212890625,0.099609375,0.810546875,0.970703125,0.498046875,1.006945
0.556640625,0.931640625,0.822265625,0.462890625,0.517578125,0.853515625,0.798828125,0.283203125,0.115234375,0.208984375,0.177734375,0.212890625,0.099609375,0.810546875,0.970703125,0.498046875,0.99737895
0.556640625,0.931640625,0.822265625,0.462890625,0.517578125,0.853515625,0.798828125,0.283203125,0.181640625,0.767578125,0.177734375,0.212890625,0.099609375,0.810546875,0.970703125,0.498046875,1.0817513
0.556640625,0.931640625,0.822265625,0.462890625,0.517578125,0.853515625,0.798828125,0.283203125,0.181640625,0.208984375,0.255859375,0.212890625,0.099609375,0.810546875,0.970703125,0.498046875,1.0029131
0.556640625,0.931640625,0.822265625,0.462890625,0.517578125,0.853515625,0.798828125,0.283203125,0.181640625,0.208984375,0.177734375,0.939453125,0.099609375,0.810546875,0.970703125,0.498046875,1.0175117
0.556640625,0.931640625,0.822265625,0.462890625,0.517578125,0.853515625,0.798828125,0.283203125,0.181640625,0.208984375,0.177734375,0.212890625,0.892578125,0.810546875,0.970703125,0.498046875,1.0069424
0.556640625,0.931640625,0.822265625,0.462890625,0.517578125,0.853515625,0.798828125,0.283203125,0.181640625,0.208984375,0.177734375,0.212890625,0.099609375,0.521484375,0.970703125,0.498046875,0.9276445
0.556640625,0.931640625,0.822265625,0.462890625,0.517578125,0.853515625,0.798828125,0.283203125,0.181640625,0.208984375,0.177734375,0.212890625,0.099609375,0.810546875,0.626953125,0.498046875,1.0249865
0.556640625,0.931640625,0.822265625,0.462890625,0.517578125,0.853515625,0.798828125,0.283203125,0.181640625,0.208984375,0.177734375,0.212890625,0.099609375,0.810546875,0.970703125,0.064453125,1.0069453
0.833984375,0.982421875,0.646484375,0.919921875,0.966796875,0.509765625,0.138671875,0.279296875,0.115234375,0.767578125,0.255859375,0.939453125,0.892578125,0.521484375,0.626953125,0.064453125,1.2302936
0.806640625,0.181640625,0.072265625,0.712890625,0.767578125,0.603515625,0.048828125,0.033203125,0.431640625,0.458984375,0.427734375,0.462890625,0.849609375,0.060546875,0.720703125,0.748046875,1.023803
0.583984375,0.181640625,0.072265625,0.712890625,0.767578125,0.603515625,0.048828125,0.033203125,0.431640625,0.458984375,0.427734375,0.462890625,0.849609375,0.060546875,0.720703125,0.748046875,1.023803
0.806640625,0.232421875,0.072265625,0.712890625,0.767578125,0.603515625,0.048828125,0.033203125,0.431640625,0.458984375,0.427734375,0.462890625,0.849609375,0.060546875,0.720703125,0.748046875,1.0288867
0.806640625,0.181640625,0.896484375,0.712890625,0.767578125,0.603515625,0.048828125,0.033203125,0.431640625,0.458984375,0.427734375,0.462890625,0.849609375,0.060546875,0.720703125,0.748046875,0.96912307
0.806640625,0.181640625,0.072265625,0.169921875,0.767578125,0.603515625,0.048828125,0.033203125,0.431640625,0.458984375,0.427734375,0.462890625,0.849609375,0.060546875,0.720703125,0.748046875,0.9501901
0.806640625,0.181640625,0.072265625,0.712890625,0.216796875,0.603515625,0.048828125,0.033203125,0.431640625,0.458984375,0.427734375,0.462890625,0.849609375,0.060546875,0.720703125,0.748046875,1.0162011
0.806640625,0.181640625,0.072265625,0.712890625,0.767578125,0.759765625,0.048828125,0.033203125,0.431640625,0.458984375,0.427734375,0.462890625,0.849609375,0.060546875,0.720703125,0.748046875,1.023803
0.806640625,0.181640625,0.072265625,0.712890625,0.767578125,0.603515625,0.888671875,0.033203125,0.431640625,0.458984375,0.427734375,0.462890625,0.849609375,0.060546875,0.720703125,0.748046875,0.92795247
0.806640625,0.181640625,0.072265625,0.712890625,0.767578125,0.603515625,0.048828125,0.529296875,0.431640625,0.458984375,0.427734375,0.462890625,0.849609375,0.060546875,0.720703125,0.748046875,1.0239261
0.806640625,0.181640625,0.072265625,0.712890625,0.767578125,0.603515625,0.048828125,0.033203125,0.865234375,0.458984375,0.427734375,0.462890625,0.849609375,0.060546875,0.720703125,0.748046875,0.9869306
0.806640625,0.181640625,0.072265625,0.712890625,0.767578125,0.603515625,0.048828125,0.033203125,0.431640625,0.517578125,0.427734375,0.462890625,0.849609375,0.060546875,0.720703125,0.748046875,1.024152
0.806640625,0.181640625,0.072265625,0.712890625,0.767578125,0.603515625,0.048828125,0.033203125,0.431640625,0.458984375,0.505859375,0.462890625,0.849609375,0.060546875,0.720703125,0.748046875,1.003278
0.806640625,0.181640625,0.072265625,0.712890625,0.767578125,0.603515625,0.048828125,0.033203125,0.431640625,0.458984375,0.427734375,0.689453125,0.849609375,0.060546875,0.720703125,0.748046875,1.0265127
0.806640625,0.181640625,0.072265625,0.712890625,0.767578125,0.603515625,0.048828125,0.033203125,0.431640625,0.458984375,0.427734375,0.462890625,0.142578125,0.060546875,0.720703125,0.748046875,1.0238073
0.806640625,0.181640625,0.072265625,0.712890625,0.767578125,0.603515625,0.048828125,0.033203125,0.431640625,0.458984375,0.427734375,0.462890625,0.849609375,0.771484375,0.720703125,0.748046875,1.1728786
0.806640625,0.181640625,0.072265625,0.712890625,0.767578125,0.603515625,0.048828125,0.033203125,0.431640625,0.458984375,0.427734375,0.462890625,0.849609375,0.060546875,0.376953125,0.748046875,1.0371921
0.806640625,0.181640625,0.072265625,0.712890625,0.767578125,0.603515625,0.048828125,0.033203125,0.431640625,0.458984375,0.427734375,0.462890625,0.849609375,0.060546875,0.720703125,0.814453125,1.023803
0.583984375,0.232421875,0.896484375,0.169921875,0.216796875,0.759765625,0.888671875,0.529296875,0.865234375,0.517578125,0.505859375,0.689453125,0.142578125,0.771484375,0.376953125,0.814453125,0.9053953
0.306640625,0.681640625,0.572265625,0.212890625,0.267578125,0.103515625,0.548828125,0.533203125,0.931640625,0.958984375,0.927734375,0.962890625,0.349609375,0.560546875,0.220703125,0.248046875,0.6991989
0.083984375,0.681640625,0.572265625,0.212890625,0.267578125,0.103515625,0.548828125,0.533203125,0.931640625,0.958984375,0.927734375,0.962890625,0.349609375,0.560546875,0.220703125,0.248046875,0.6991989
0.306640625,0.732421875,0.572265625,0.212890625,0.267578125,0.103515625,0.548828125,0.533203125,0.931640625,0.958984375,0.927734375,0.962890625,0.349609375,0.560546875,0.220703125,0.248046875,0.7093659
0.306640625,0.681640625,0.396484375,0.212890625,0.267578125,0.103515625,0.548828125,0.533203125,0.931640625,0.958984375,0.927734375,0.962890625,0.349609375,0.560546875,0.220703125,0.248046875,0.7105816
0.306640625,0.681640625,0.572265625,0.669921875,0.267578125,0.103515625,0.548828125,0.533203125,0.931640625,0.958984375,0.927734375,0.962890625,0.349609375,0.560546875,0.220703125,0.248046875,0.75999886
0.306640625,0.681640625,0.572265625,0.212890625,0.716796875,0.103515625,0.548828125,0.533203125,0.931640625,0.958984375,0.927734375,0.962890625,0.349609375,0.560546875,0.220703125,0.248046875,0.70538366
0.306640625,0.681640625,0.572265625,0.212890625,0.267578125,0.259765625,0.548828125,0.533203125,0.931640625,0.958984375,0.927734375,0.962890625,0.349609375,0.560546875,0.220703125,0.248046875,0.6991989
0.306640625,0.681640625,0.572265625,0.212890625,0.267578125,0.103515625,0.388671875,0.533203125,0.931640625,0.958984375,0.927734375,0.962890625,0.349609375,0.560546875,0.220703125,0.248046875,0.7161465
0.306640625,0.681640625,0.572265625,0.212890625,0.267578125,0.103515625,0.548828125,0.029296875,0.931640625,0.958984375,0.927734375,0.962890625,0.349609375,0.560546875,0.220703125,0.248046875,0.6990921
0.306640625,0.681640625,0.572265625,0.212890625,0.267578125,0.103515625,0.548828125,0.533203125,0.365234375,0.958984375,0.927734375,0.962890625,0.349609375,0.560546875,0.220703125,0.248046875,0.7127827
0.306640625,0.681640625,0.572265625,0.212890625,0.267578125,0.103515625,0.548828125,0.533203125,0.931640625,0.017578125,0.927734375,0.962890625,0.349609375,0.560546875,0.220703125,0.248046875,-2.4477081
0.306640625,0.681640625,0.572265625,0.212890625,0.267578125,0.103515625,0.548828125,0.533203125,0.931640625,0.958984375,0.005859375,0.962890625,0.349609375,0.560546875,0.220703125,0.248046875,1.0769373
0.306640625,0.681640625,0.572265625,0.212890625,0.267578125,0.103515625,0.548828125,0.533203125,0.931640625,0.958984375,0.927734375,0.189453125,0.349609375,0.560546875,0.220703125,0.248046875,0.68765604
0.306640625,0.681640625,0.572265625,0.212890625,0.267578125,0.103515625,0.548828125,0.533203125,0.931640625,0.958984375,0.927734375,0.962890625,0.642578125,0.560546875,0.220703125,0.248046875,0.6991156
0.306640625,0.681640625,0.572265625,0.212890625,0.267578125,0.103515625,0.548828125,0.533203125,0.931640625,0.958984375,0.927734375,0.962890625,0.349609375,0.271484375,0.220703125,0.248046875,0.63958883
0.306640625,0.681640625,0.572265625,0.212890625,0.267578125,0.103515625,0.548828125,0.533203125,0.931640625,0.958984375,0.927734375,0.962890625,0.349609375,0.560546875,0.876953125,0.248046875,0.6733615
0.306640625,0.681640625,0.572265625,0.212890625,0.267578125,0.103515625,0.548828125,0.533203125,0.931640625,0.958984375,0.927734375,0.962890625,0.349609375,0.560546875,0.220703125,0.314453125,0.6991989
0.083984375,0.732421875,0.396484375,0.669921875,0.716796875,0.259765625,0.388671875,0.029296875,0.365234375,0.017578125,0.005859375,0.189453125,0.642578125,0.271484375,0.876953125,0.314453125,-2.0480843
0.431640625,0.056640625,0.947265625,0.087890625,0.392578125,0.478515625,0.173828125,0.158203125,0.306640625,0.083984375,0.302734375,0.837890625,0.974609375,0.935546875,0.095703125,0.123046875,0.20565617
0.208984375,0.056640625,0.947265625,0.087890625,0.392578125,0.478515625,0.173828125,0.158203125,0.306640625,0.083984375,0.302734375,0.837890625,0.974609375,0.935546875,0.095703125,0.123046875,0.20565617
0.431640625,0.607421875,0.947265625,0.087890625,0.392578125,0.478515625,0.173828125,0.158203125,0.306640625,0.083984375,0.302734375,0.837890625,0.974609375,0.935546875,0.095703125,0.123046875,0.2737529
0.431640625,0.056640625,0.771484375,0.087890625,0.392578125,0.478515625,0.173828125,0.158203125,0.306640625,0.083984375,0.302734375,0.837890625,0.974609375,0.935546875,0.095703125,0.123046875,0.22350913
0.431640625,0.056640625,0.947265625,0.294921875,0.392578125,0.478515625,0.173828125,0.158203125,0.306640625,0.083984375,0.302734375,0.837890625,0.974609375,0.935546875,0.095703125,0.123046875,0.21098155
0.431640625,0.056640625,0.947265625,0.087890625,0.341796875,0.478515625,0.173828125,0.158203125,0.306640625,0.083984375,0.302734375,0.837890625,0.974609375,0.935546875,0.095703125,0.123046875,0.20505157
0.431640625,0.056640625,0.947265625,0.087890625,0.392578125,0.134765625,0.173828125,0.158203125,0.306640625,0.083984375,0.302734375,0.837890625,0.974609375,0.935546875,0.095703125,0.123046875,0.20565617
0.431640625,0.056640625,0.947265625,0.087890625,0.392578125,0.478515625,0.763671875,0.158203125,0.306640625,0.083984375,0.302734375,0.837890625,0.974609375,0.935546875,0.095703125,0.123046875,0.14091533
0.431640625,0.056640625,0.947265625,0.087890625,0.392578125,0.478515625,0.173828125,0.154296875,0.306640625,0.083984375,0.302734375,0.837890625,0.974609375,0.935546875,0.095703125,0.123046875,0.20565608
0.431640625,0.056640625,0.947265625,0.087890625,0.392578125,0.478515625,0.173828125,0.158203125,0.490234375,0.083984375,0.302734375,0.837890625,0.974609375,0.935546875,0.095703125,0.123046875,0.21321252
0.431640625,0.056640625,0.947265625,0.087890625,0.392578125,0.478515625,0.173828125,0.158203125,0.306640625,0.642578125,0.302734375,0.837890625,0.974609375,0.935546875,0.095703125,0.123046875,1.0964148
0.431640625,0.056640625,0.947265625,0.087890625,0.392578125,0.478515625,0.173828125,0.158203125,0.306640625,0.083984375,0.630859375,0.837890625,0.974609375,0.935546875,0.095703125,0.123046875,0.10909736
0.431640625,0.056640625,0.947265625,0.087890625,0.392578125,0.478515625,0.173828125,0.158203125,0.306640625,0.083984375,0.302734375,0.814453125,0.974609375,0.935546875,0.095703125,0.123046875,0.20561004
0.431640625,0.056640625,0.947265625,0.087890625,0.392578125,0.478515625,0.173828125,0.158203125,0.306640625,0.083984375,0.302734375,0.837890625,0.267578125,0.935546875,0.095703125,0.123046875,0.2056517
0.431640625,0.056640625,0.947265625,0.087890625,0.392578125,0.478515625,0.173828125,0.158203125,0.306640625,0.083984375,0.302734375,0.837890625,0.974609375,0.146484375,0.095703125,0.123046875,0.013665661
0.431640625,0.056640625,0.947265625,0.087890625,0.392578125,0.478515625,0.173828125,0.158203125,0.306640625,0.083984375,0.302734375,0.837890625,0.974609375,0.935546875,0.251953125,0.123046875,0.20216964
0.431640625,0.056640625,0.947265625,0.087890625,0.392578125,0.478515625,0.173828125,0.158203125,0.306640625,0.083984375,0.302734375,0.837890625,0.974609375,0.935546875,0.095703125,0.689453125,0.20565617
0.208984375,0.607421875,0.771484375,0.294921875,0.341796875,0.134765625,0.763671875,0.154296875,0.490234375,0.642578125,0.630859375,0.814453125,0.267578125,0.146484375,0.251953125,0.689453125,0.8378142
0.931640625,0.556640625,0.447265625,0.587890625,0.892578125,0.978515625,0.673828125,0.658203125,0.806640625,0.583984375,0.802734375,0.337890625,0.474609375,0.435546875,0.595703125,0.623046875,0.75917184
0.708984375,0.556640625,0.447265625,0.587890625,0.892578125,0.978515625,0.673828125,0.658203125,0.806640625,0.583984375,0.802734375,0.337890625,0.474609375,0.435546875,0.595703125,0.623046875,0.75917184
0.931640625,0.107421875,0.447265625,0.587890625,0.892578125,0.978515625,0.673828125,0.658203125,0.806640625,0.583984375,0.802734375,0.337890625,0.474609375,0.435546875,0.595703125,0.623046875,0.7038932
0.931640625,0.556640625,0.271484375,0.587890625,0.892578125,0.978515625,0.673828125,0.658203125,0.806640625,0.583984375,0.802734375,0.337890625,0.474609375,0.435546875,0.595703125,0.623046875,0.7687204
0.931640625,0.556640625,0.447265625,0.794921875,0.892578125,0.978515625,0.673828125,0.658203125,0.806640625,0.583984375,0.802734375,0.337890625,0.474609375,0.435546875,0.595703125,0.623046875,0.8135307
0.931640625,0.556640625,0.447265625,0.587890625,0.841796875,0.978515625,0.673828125,0.658203125,0.806640625,0.583984375,0.802734375,0.337890625,0.474609375,0.435546875,0.595703125,0.623046875,0.7581643
0.931640625,0.556640625,0.447265625,0.587890625,0.892578125,0.634765625,0.673828125,0.658203125,0.806640625,0.583984375,0.802734375,0.337890625,0.474609375,0.435546875,0.595703125,0.623046875,0.75917184
0.931640625,0.556640625,0.447265625,0.587890625,0.892578125,0.978515625,0.263671875,0.658203125,0.806640625,0.583984375,0.802734375,0.337890625,0.474609375,0.435546875,0.595703125,0.623046875,0.8032893
0.931640625,0.556640625,0.447265625,0.587890625,0.892578125,0.978515625,0.673828125,0.654296875,0.806640625,0.583984375,0.802734375,0.337890625,0.474609375,0.435546875,0.595703125,0.623046875,0.7591723
0.931640625,0.556640625,0.447265625,0.587890625,0.892578125,0.978515625,0.673828125,0.658203125,0.990234375,0.583984375,0.802734375,0.337890625,0.474609375,0.435546875,0.595703125,0.623046875,0.8083694
0.931640625,0.556640625,0.447265625,0.587890625,0.892578125,0.978515625,0.673828125,0.658203125,0.806640625,0.142578125,0.802734375,0.337890625,0.474609375,0.435546875,0.595703125,0.623046875,0.47849607
0.931640625,0.556640625,0.447265625,0.587890625,0.892578125,0.978515625,0.673828125,0.658203125,0.806640625,0.583984375,0.130859375,0.337890625,0.474609375,0.435546875,0.595703125,0.623046875,1.0094984
0.931640625,0.556640625,0.447265625,0.587890625,0.892578125,0.978515625,0.673828125,0.658203125,0.806640625,0.583984375,0.802734375,0.314453125,0.474609375,0.435546875,0.595703125,0.623046875,0.7584797
0.931640625,0.556640625,0.447265625,0.587890625,0.892578125,0.978515625,0.673828125,0.658203125,0.806640625,0.583984375,0.802734375,0.337890625,0.767578125,0.435546875,0.595703125,0.623046875,0.75926113
0.931640625,0.556640625,0.447265625,0.587890625,0.892578125,0.978515625,0.673828125,0.658203125,0.806640625,0.583984375,0.802734375,0.337890625,0.474609375,0.646484375,0.595703125,0.623046875,0.80944276
0.931640625,0.556640625,0.447265625,0.587890625,0.892578125,0.978515625,0.673828125,0.658203125,0.806640625,0.583984375,0.802734375,0.337890625,0.474609375,0.435546875,0.751953125,0.623046875,0.75208783
0.931640625,0.556640625,0.447265625,0.587890625,0.892578125,0.978515625,0.673828125,0.658203125,0.806640625,0.583984375,0.802734375,0.337890625,0.474609375,0.435546875,0.595703125,0.189453125,0.75917184
0.708984375,0.107421875,0.271484375,0.794921875,0.841796875,0.634765625,0.263671875,0.654296875,0.990234375,0.142578125,0.130859375,0.314453125,0.767578125,0.646484375,0.751953125,0.189453125,0.87234306
0.681640625,0.306640625,0.697265625,0.337890625,0.642578125,0.728515625,0.423828125,0.908203125,0.556640625,0.833984375,0.552734375,0.087890625,0.724609375,0.685546875,0.845703125,0.373046875,0.9483102
0.958984375,0.306640625,0.697265625,0.337890625,0.642578125,0.728515625,0.423828125,0.908203125,0.556640625,0.833984375,0.552734375,0.087890625,0.724609375,0.685546875,0.845703125,0.373046875,0.9483102
0.681640625,0.857421875,0.697265625,0.337890625,0.642578125,0.728515625,0.423828125,0.908203125,0.556640625,0.833984375,0.552734375,0.087890625,0.724609375,0.685546875,0.845703125,0.373046875,1.0439742
0.681640625,0.306640625,0.021484375,0.337890625,0.642578125,0.728515625,0.423828125,0.908203125,0.556640625,0.833984375,0.552734375,0.087890625,0.724609375,0.685546875,0.845703125,0.373046875,0.9857229
0.681640625,0.306640625,0.697265625,0.044921875,0.642578125,0.728515625,0.423828125,0.908203125,0.556640625,0.833984375,0.552734375,0.087890625,0.724609375,0.685546875,0.845703125,0.373046875,0.9401676
0.681640625,0.306640625,0.697265625,0.337890625,0.091796875,0.728515625,0.423828125,0.908203125,0.556640625,0.833984375,0.552734375,0.087890625,0.724609375,0.685546875,0.845703125,0.373046875,0.94169694
0.681640625,0.306640625,0.697265625,0.337890625,0.642578125,0.884765625,0.423828125,0.908203125,0.556640625,0.833984375,0.552734375,0.087890625,0.724609375,0.685546875,0.845703125,0.373046875,0.9483102
0.681640625,0.306640625,0.697265625,0.337890625,0.642578125,0.728515625,0.513671875,0.908203125,0.556640625,0.833984375,0.552734375,0.087890625,0.724609375,0.685546875,0.845703125,0.373046875,0.9388223
0.681640625,0.306640625,0.697265625,0.337890625,0.642578125,0.728515625,0.423828125,0.404296875,0.556640625,0.833984375,0.552734375,0.087890625,0.724609375,0.685546875,0.845703125,0.373046875,0.9483797
0.681640625,0.306640625,0.697265625,0.337890625,0.642578125,0.728515625,0.423828125,0.908203125,0.240234375,0.833984375,0.552734375,0.087890625,0.724609375,0.685546875,0.845703125,0.373046875,0.9387984
0.681640625,0.306640625,0.697265625,0.337890625,0.642578125,0.728515625,0.423828125,0.908203125,0.556640625,0.392578125,0.552734375,0.087890625,0.724609375,0.685546875,0.845703125,0.373046875,0.94640476
0.681640625,0.306640625,0.697265625,0.337890625,0.642578125,0.728515625,0.423828125,0.908203125,0.556640625,0.833984375,0.880859375,0.087890625,0.724609375,0.685546875,0.845703125,0.373046875,0.683557
0.681640625,0.306640625,0.697265625,0.337890625,0.642578125,0.728515625,0.423828125,0.908203125,0.556640625,0.833984375,0.552734375,0.064453125,0.724609375,0.685546875,0.845703125,0.373046875,0.94700927
0.681640625,0.306640625,0.697265625,0.337890625,0.642578125,0.728515625,0.423828125,0.908203125,0.556640625,0.833984375,0.552734375,0.087890625,0.017578125,0.685546875,0.845703125,0.373046875,0.9483337
0.681640625,0.306640625,0.697265625,0.337890625,0.642578125,0.728515625,0.423828125,0.908203125,0.556640625,0.833984375,0.552734375,0.087890625,0.724609375,0.896484375,0.845703125,0.373046875,1.0143422
0.681640625,0.306640625,0.697265625,0.337890625,0.642578125,0.728515625,0.423828125,0.908203125,0.556640625,0.833984375,0.552734375,0.087890625,0.724609375,0.685546875,0.001953125,0.373046875,0.9767797
0.681640625,0.306640625,0.697265625,0.337890625,0.642578125,0.728515625,0.423828125,0.908203125,0.556640625,0.833984375,0.552734375,0.087890625,0.724609375,0.685546875,0.845703125,0.939453125,0.9483102
0.958984375,0.857421875,0.021484375,0.044921875,0.091796875,0.884765625,0.513671875,0.404296875,0.240234375,0.392578125,0.880859375,0.064453125,0.017578125,0.896484375,0.001953125,0.939453125,0.87426597
0.181640625,0.806640625,0.197265625,0.837890625,0.142578125,0.228515625,0.923828125,0.408203125,0.056640625,0.333984375,0.052734375,0.587890625,0.224609375,0.185546875,0.345703125,0.873046875,1.0338172
0.458984375,0.806640625,0.197265625,0.837890625,0.142578125,0.228515625,0.923828125,0.408203125,0.056640625,0.333984375,0.052734375,0.587890625,0.224609375,0.185546875,0.345703125,0.873046875,1.0338172
0.181640625,0.357421875,0.197265625,0.837890625,0.142578125,0.228515625,0.923828125,0.408203125,0.056640625,0.333984375,0.052734375,0.587890625,0.224609375,0.185546875,0.345703125,0.873046875,0.9560547
0.181640625,0.806640625,0.521484375,0.837890625,0.142578125,0.228515625,0.923828125,0.408203125,0.056640625,0.333984375,0.052734375,0.587890625,0.224609375,0.185546875,0.345703125,0.873046875,1.0161467
0.181640625,0.806640625,0.197265625,0.544921875,0.142578125,0.228515625,0.923828125,0.408203125,0.056640625,0.333984375,0.052734375,0.587890625,0.224609375,0.185546875,0.345703125,0.873046875,0.96016395
0.181640625,0.806640625,0.197265625,0.837890625,0.591796875,0.228515625,0.923828125,0.408203125,0.056640625,0.333984375,0.052734375,0.587890625,0.224609375,0.185546875,0.345703125,0.873046875,1.0391957
0.181640625,0.806640625,0.197265625,0.837890625,0.142578125,0.384765625,0.923828125,0.408203125,0.056640625,0.333984375,0.052734375,0.587890625,0.224609375,0.185546875,0.345703125,0.873046875,1.0338172
0.181640625,0.806640625,0.197265625,0.837890625,0.142578125,0.228515625,0.013671875,0.408203125,0.056640625,0.333984375,0.052734375,0.587890625,0.224609375,0.185546875,0.345703125,0.873046875,1.1390615
0.181640625,0.806640625,0.197265625,0.837890625,0.142578125,0.228515625,0.923828125,0.904296875,0.056640625,0.333984375,0.052734375,0.587890625,0.224609375,0.185546875,0.345703125,0.873046875,1.0337392
0.181640625,0.806640625,0.197265625,0.837890625,0.142578125,0.228515625,0.923828125,0.408203125,0.740234375,0.333984375,0.052734375,0.587890625,0.224609375,0.185546875,0.345703125,0.873046875,1.0312215
0.181640625,0.806640625,0.197265625,0.837890625,0.142578125,0.228515625,0.923828125,0.408203125,0.056640625,0.892578125,0.052734375,0.587890625,0.224609375,0.185546875,0.345703125,0.873046875,1.0399684
0.181640625,0.806640625,0.197265625,0.837890625,0.142578125,0.228515625,0.923828125,0.408203125,0.056640625,0.333984375,0.380859375,0.587890625,0.224609375,0.185546875,0.345703125,0.873046875,1.0135279
0.181640625,0.806640625,0.197265625,0.837890625,0.142578125,0.228515625,0.923828125,0.408203125,0.056640625,0.333984375,0.052734375,0.564453125,0.224609375,0.185546875,0.345703125,0.873046875,1.0335433
0.181640625,0.806640625,0.197265625,0.837890625,0.142578125,0.228515625,0.923828125,0.408203125,0.056640625,0.333984375,0.052734375,0.587890625,0.517578125,0.185546875,0.345703125,0.873046875,1.0334892
0.181640625,0.806640625,0.197265625,0.837890625,0.142578125,0.228515625,0.923828125,0.408203125,0.056640625,0.333984375,0.052734375,0.587890625,0.224609375,0.396484375,0.345703125,0.873046875,1.0710598
0.181640625,0.806640625,0.197265625,0.837890625,0.142578125,0.228515625,0.923828125,0.408203125,0.056640625,0.333984375,0.052734375,0.587890625,0.224609375,0.185546875,0.501953125,0.873046875,1.0286899
0.181640625,0.806640625,0.197265625,0.837890625,0.142578125,0.228515625,0.923828125,0.408203125,0.056640625,0.333984375,0.052734375,0.587890625,0.224609375,0.185546875,0.345703125,0.439453125,1.0338173
0.458984375,0.357421875,0.521484375,0.544921875,0.591796875,0.384765625,0.013671875,0.904296875,0.740234375,0.892578125,0.380859375,0.564453125,0.517578125,0.396484375,0.501953125,0.439453125,0.9900553
0.244140625,0.244140625,0.634765625,0.525390625,0.580078125,0.041015625,0.236328125,0.220703125,0.369140625,0.896484375,0.115234375,0.650390625,0.412109375,0.748046875,0.658203125,0.060546875,1.1141827
0.521484375,0.244140625,0.634765625,0.525390625,0.580078125,0.041015625,0.236328125,0.220703125,0.369140625,0.896484375,0.115234375,0.650390625,0.412109375,0.748046875,0.658203125,0.060546875,1.1141827
0.244140625,0.669921875,0.634765625,0.525390625,0.580078125,0.041015625,0.236328125,0.220703125,0.369140625,0.896484375,0.115234375,0.650390625,0.412109375,0.748046875,0.658203125,0.060546875,1.1767256
0.244140625,0.244140625,0.833984375,0.525390625,0.580078125,0.041015625,0.236328125,0.220703125,0.369140625,0.896484375,0.115234375,0.650390625,0.412109375,0.748046875,0.658203125,0.060546875,1.0965722
0.244140625,0.244140625,0.634765625,0.232421875,0.580078125,0.041015625,0.236328125,0.220703125,0.369140625,0.896484375,0.115234375,0.650390625,0.412109375,0.748046875,0.658203125,0.060546875,1.0874952
0.244140625,0.244140625,0.634765625,0.525390625,0.279296875,0.041015625,0.236328125,0.220703125,0.369140625,0.896484375,0.115234375,0.650390625,0.412109375,0.748046875,0.658203125,0.060546875,1.1103276
0.244140625,0.244140625,0.634765625,0.525390625,0.580078125,0.697265625,0.236328125,0.220703125,0.369140625,0.896484375,0.115234375,0.650390625,0.412109375,0.748046875,0.658203125,0.060546875,1.1141827
0.244140625,0.244140625,0.634765625,0.525390625,0.580078125,0.041015625,0.576171875,0.220703125,0.369140625,0.896484375,0.115234375,0.650390625,0.412109375,0.748046875,0.658203125,0.060546875,1.0822529
0.244140625,0.244140625,0.634765625,0.525390625,0.580078125,0.041015625,0.236328125,0.216796875,0.369140625,0.896484375,0.115234375,0.650390625,0.412109375,0.748046875,0.658203125,0.060546875,1.1141826
0.244140625,0.244140625,0.634765625,0.525390625,0.580078125,0.041015625,0.236328125,0.220703125,0.927734375,0.896484375,0.115234375,0.650390625,0.412109375,0.748046875,0.658203125,0.060546875,1.0989507
0.244140625,0.244140625,0.634765625,0.525390625,0.580078125,0.041015625,0.236328125,0.220703125,0.369140625,0.330078125,0.115234375,0.650390625,0.412109375,0.748046875,0.658203125,0.060546875,1.1075299
0.244140625,0.244140625,0.634765625,0.525390625,0.580078125,0.041015625,0.236328125,0.220703125,0.369140625,0.896484375,0.318359375,0.650390625,0.412109375,0.748046875,0.658203125,0.060546875,1.1029993
0.244140625,0.244140625,0.634765625,0.525390625,0.580078125,0.041015625,0.236328125,0.220703125,0.369140625,0.896484375,0.115234375,0.251953125,0.412109375,0.748046875,0.658203125,0.060546875,1.1060349
0.244140625,0.244140625,0.634765625,0.525390625,0.580078125,0.041015625,0.236328125,0.220703125,0.369140625,0.896484375,0.115234375,0.650390625,0.830078125,0.748046875,0.658203125,0.060546875,1.1142074
0.244140625,0.244140625,0.634765625,0.525390625,0.580078125,0.041015625,0.236328125,0.220703125,0.369140625,0.896484375,0.115234375,0.650390625,0.412109375,0.958984375,0.658203125,0.060546875,1.1846125
0.244140625,0.244140625,0.634765625,0.525390625,0.580078125,0.041015625,0.236328125,0.220703125,0.369140625,0.896484375,0.115234375,0.650390625,0.412109375,0.748046875,0.314453125,0.060546875,1.1265174
0.244140625,0.244140625,0.634765625,0.525390625,0.580078125,0.041015625,0.236328125,0.220703125,0.369140625,0.896484375,0.115234375,0.650390625,0.412109375,0.748046875,0.658203125,0.251953125,1.1141827
0.521484375,0.669921875,0.833984375,0.232421875,0.279296875,0.697265625,0.576171875,0.216796875,0.927734375,0.330078125,0.318359375,0.251953125,0.830078125,0.958984375,0.314453125,0.251953125,1.1382153
0.744140625,0.744140625,0.134765625,0.025390625,0.080078125,0.541015625,0.736328125,0.720703125,0.869140625,0.396484375,0.615234375,0.150390625,0.912109375,0.248046875,0.158203125,0.560546875,0.8858361
0.021484375,0.744140625,0.134765625,0.025390625,0.080078125,0.541015625,0.736328125,0.720703125,0.869140625,0.396484375,0.615234375,0.150390625,0.912109375,0.248046875,0.158203125,0.560546875,0.8858361
0.744140625,0.169921875,0.134765625,0.025390625,0.080078125,0.541015625,0.736328125,0.720703125,0.869140625,0.396484375,0.615234375,0.150390625,0.912109375,0.248046875,0.158203125,0.560546875,0.8010013
0.744140625,0.744140625,0.333984375,0.025390625,0.080078125,0.541015625,0.736328125,0.720703125,0.869140625,0.396484375,0.615234375,0.150390625,0.912109375,0.248046875,0.158203125,0.560546875,0.8769062
0.744140625,0.744140625,0.134765625,0.732421875,0.080078125,0.541015625,0.736328125,0.720703125,0.869140625,0.396484375,0.615234375,0.150390625,0.912109375,0.248046875,0.158203125,0.560546875,0.96665895
0.744140625,0.744140625,0.134765625,0.025390625,0.779296875,0.541015625,0.736328125,0.720703125,0.869140625,0.396484375,0.615234375,0.150390625,0.912109375,0.248046875,0.158203125,0.560546875,0.8948918
0.744140625,0.744140625,0.134765625,0.025390625,0.080078125,0.197265625,0.736328125,0.720703125,0.869140625,0.396484375,0.615234375,0.150390625,0.912109375,0.248046875,0.158203125,0.560546875,0.8858361
0.744140625,0.744140625,0.134765625,0.025390625,0.080078125,0.541015625,0.076171875,0.720703125,0.869140625,0.396484375,0.615234375,0.150390625,0.912109375,0.248046875,0.158203125,0.560546875,0.9503361
0.744140625,0.744140625,0.134765625,0.025390625,0.080078125,0.541015625,0.736328125,0.716796875,0.869140625,0.396484375,0.615234375,0.150390625,0.912109375,0.248046875,0.158203125,0.560546875,0.88583636
0.744140625,0.744140625,0.134765625,0.025390625,0.080078125,0.541015625,0.736328125,0.720703125,0.427734375,0.396484375,0.615234375,0.150390625,0.912109375,0.248046875,0.158203125,0.560546875,0.9217012
0.744140625,0.744140625,0.134765625,0.025390625,0.080078125,0.541015625,0.736328125,0.720703125,0.869140625,0.830078125,0.615234375,0.150390625,0.912109375,0.248046875,0.158203125,0.560546875,0.8875985
0.744140625,0.744140625,0.134765625,0.025390625,0.080078125,0.541015625,0.736328125,0.720703125,0.869140625,0.396484375,0.818359375,0.150390625,0.912109375,0.248046875,0.158203125,0.560546875,0.7160988
0.744140625,0.744140625,0.134765625,0.025390625,0.080078125,0.541015625,0.736328125,0.720703125,0.869140625,0.396484375,0.615234375,0.751953125,0.912109375,0.248046875,0.158203125,0.560546875,0.8988
0.744140625,0.744140625,0.134765625,0.025390625,0.080078125,0.541015625,0.736328125,0.720703125,0.869140625,0.396484375,0.615234375,0.150390625,0.330078125,0.248046875,0.158203125,0.560546875,0.88582784
0.744140625,0.744140625,0.134765625,0.025390625,0.080078125,0.541015625,0.736328125,0.720703125,0.869140625,0.396484375,0.615234375,0.150390625,0.912109375,0.458984375,0.158203125,0.560546875,0.9260939
0.744140625,0.744140625,0.134765625,0.025390625,0.080078125,0.541015625,0.736328125,0.720703125,0.869140625,0.396484375,0.615234375,0.150390625,0.912109375,0.248046875,0.814453125,0.560546875,0.86201173
0.744140625,0.744140625,0.134765625,0.025390625,0.080078125,0.541015625,0.736328125,0.720703125,0.869140625,0.396484375,0.615234375,0.150390625,0.912109375,0.248046875,0.158203125,0.751953125,0.8858361
0.021484375,0.169921875,0.333984375,0.732421875,0.779296875,0.197265625,0.076171875,0.716796875,0.427734375,0.830078125,0.818359375,0.751953125,0.330078125,0.458984375,0.814453125,0.751953125,0.84372896
0.994140625,0.494140625,0.884765625,0.775390625,0.330078125,0.791015625,0.486328125,0.970703125,0.619140625,0.146484375,0.865234375,0.400390625,0.162109375,0.998046875,0.408203125,0.310546875,0.63551456
0.271484375,0.494140625,0.884765625,0.775390625,0.330078125,0.791015625,0.486328125,0.970703125,0.619140625,0.146484375,0.865234375,0.400390625,0.162109375,0.998046875,0.408203125,0.310546875,0.63551456
0.994140625,0.919921875,0.884765625,0.775390625,0.330078125,0.791015625,0.486328125,0.970703125,0.619140625,0.146484375,0.865234375,0.400390625,0.162109375,0.998046875,0.408203125,0.310546875,0.7211966
0.994140625,0.494140625,0.083984375,0.775390625,0.330078125,0.791015625,0.486328125,0.970703125,0.619140625,0.146484375,0.865234375,0.400390625,0.162109375,0.998046875,0.408203125,0.310546875,0.68856496
0.994140625,0.494140625,0.884765625,0.482421875,0.330078125,0.791015625,0.486328125,0.970703125,0.619140625,0.146484375,0.865234375,0.400390625,0.162109375,0.998046875,0.408203125,0.310546875,0.5662305
0.994140625,0.494140625,0.884765625,0.775390625,0.029296875,0.791015625,0.486328125,0.970703125,0.619140625,0.146484375,0.865234375,0.400390625,0.162109375,0.998046875,0.408203125,0.310546875,0.6326633
0.994140625,0.494140625,0.884765625,0.775390625,0.330078125,0.447265625,0.486328125,0.970703125,0.619140625,0.146484375,0.865234375,0.400390625,0.162109375,0.998046875,0.408203125,0.310546875,0.63551456
0.994140625,0.494140625,0.884765625,0.775390625,0.330078125,0.791015625,0.826171875,0.970703125,0.619140625,0.146484375,0.865234375,0.400390625,0.162109375,0.998046875,0.408203125,0.310546875,0.5835596
0.994140625,0.494140625,0.884765625,0.775390625,0.330078125,0.791015625,0.486328125,0.466796875,0.619140625,0.146484375,0.865234375,0.400390625,0.162109375,0.998046875,0.408203125,0.310546875,0.63574
0.994140625,0.494140625,0.884765625,0.775390625,0.330078125,0.791015625,0.486328125,0.970703125,0.677734375,0.146484375,0.865234375,0.400390625,0.162109375,0.998046875,0.408203125,0.310546875,0.62263733
0.994140625,0.494140625,0.884765625,0.775390625,0.330078125,0.791015625,0.486328125,0.970703125,0.619140625,0.580078125,0.865234375,0.400390625,0.162109375,0.998046875,0.408203125,0.310546875,0.8952401
0.994140625,0.494140625,0.884765625,0.775390625,0.330078125,0.791015625,0.486328125,0.970703125,0.619140625,0.146484375,0.068359375,0.400390625,0.162109375,0.998046875,0.408203125,0.310546875,0.95095783
0.994140625,0.494140625,0.884765625,0.775390625,0.330078125,0.791015625,0.486328125,0.970703125,0.619140625,0.146484375,0.865234375,0.501953125,0.162109375,0.998046875,0.408203125,0.310546875,0.63750976
0.994140625,0.494140625,0.884765625,0.775390625,0.330078125,0.791015625,0.486328125,0.970703125,0.619140625,0.146484375,0.865234375,0.400390625,0.580078125,0.998046875,0.408203125,0.310546875,0.6351847
0.994140625,0.494140625,0.884765625,0.775390625,0.330078125,0.791015625,0.486328125,0.970703125,0.619140625,0.146484375,0.865234375,0.400390625,0.162109375,0.208984375,0.408203125,0.310546875,0.42968708
0.994140625,0.494140625,0.884765625,0.775390625,0.330078125,0.791015625,0.486328125,0.970703125,0.619140625,0.146484375,0.865234375,0.400390625,0.162109375,0.998046875,0.064453125,0.310546875,0.6440657
0.994140625,0.494140625,0.884765625,0.775390625,0.330078125,0.791015625,0.486328125,0.970703125,0.619140625,0.146484375,0.865234375,0.400390625,0.162109375,0.998046875,0.408203125,0.001953125,0.63551456
0.271484375,0.919921875,0.083984375,0.482421875,0.029296875,0.447265625,0.826171875,0.466796875,0.677734375,0.580078125,0.068359375,0.501953125,0.580078125,0.208984375,0.064453125,0.001953125,1.0170623
0.494140625,0.994140625,0.384765625,0.275390625,0.830078125,0.291015625,0.986328125,0.470703125,0.119140625,0.646484375,0.365234375,0.900390625,0.662109375,0.498046875,0.908203125,0.810546875,0.9847081
0.771484375,0.994140625,0.384765625,0.275390625,0.830078125,0.291015625,0.986328125,0.470703125,0.119140625,0.646484375,0.365234375,0.900390625,0.662109375,0.498046875,0.908203125,0.810546875,0.9847081
0.494140625,0.419921875,0.384765625,0.275390625,0.830078125,0.291015625,0.986328125,0.470703125,0.119140625,0.646484375,0.365234375,0.900390625,0.662109375,0.498046875,0.908203125,0.810546875,0.86866736
0.494140625,0.994140625,0.583984375,0.275390625,0.830078125,0.291015625,0.986328125,0.470703125,0.119140625,0.646484375,0.365234375,0.900390625,0.662109375,0.498046875,0.908203125,0.810546875,0.97180337
0.494140625,0.994140625,0.384765625,0.982421875,0.830078125,0.291015625,0.986328125,0.470703125,0.119140625,0.646484375,0.365234375,0.900390625,0.662109375,0.498046875,0.908203125,0.810546875,1.1112965
0.494140625,0.994140625,0.384765625,0.275390625,0.529296875,0.291015625,0.986328125,0.470703125,0.119140625,0.646484375,0.365234375,0.900390625,0.662109375,0.498046875,0.908203125,0.810546875,0.9796974
0.494140625,0.994140625,0.384765625,0.275390625,0.830078125,0.947265625,0.986328125,0.470703125,0.119140625,0.646484375,0.365234375,0.900390625,0.662109375,0.498046875,0.908203125,0.810546875,0.9847081
0.494140625,0.994140625,0.384765625,0.275390625,0.830078125,0.291015625,0.326171875,0.470703125,0.119140625,0.646484375,0.365234375,0.900390625,0.662109375,0.498046875,0.908203125,0.810546875,1.0885473
0.494140625,0.994140625,0.384765625,0.275390625,0.830078125,0.291015625,0.986328125,0.966796875,0.119140625,0.646484375,0.365234375,0.900390625,0.662109375,0.498046875,0.908203125,0.810546875,0.98448277
0.494140625,0.994140625,0.384765625,0.275390625,0.830078125,0.291015625,0.986328125,0.470703125,0.177734375,0.646484375,0.365234375,0.900390625,0.662109375,0.498046875,0.908203125,0.810546875,0.99318355
0.494140625,0.994140625,0.384765625,0.275390625,0.830078125,0.291015625,0.986328125,0.470703125,0.119140625,0.080078125,0.365234375,0.900390625,0.662109375,0.498046875,0.908203125,0.810546875,0.023488333
0.494140625,0.994140625,0.384765625,0.275390625,0.830078125,0.291015625,0.986328125,0.470703125,0.119140625,0.646484375,0.568359375,0.900390625,0.662109375,0.498046875,0.908203125,0.810546875,0.9290499
0.494140625,0.994140625,0.384765625,0.275390625,0.830078125,0.291015625,0.986328125,0.470703125,0.119140625,0.646484375,0.365234375,0.001953125,0.662109375,0.498046875,0.908203125,0.810546875,0.96317816
0.494140625,0.994140625,0.384765625,0.275390625,0.830078125,0.291015625,0.986328125,0.470703125,0.119140625,0.646484375,0.365234375,0.900390625,0.080078125,0.498046875,0.908203125,0.810546875,0.98477113
0.494140625,0.994140625,0.384765625,0.275390625,0.830078125,0.291015625,0.986328125,0.470703125,0.119140625,0.646484375,0.365234375,0.900390625,0.662109375,0.708984375,0.908203125,0.810546875,1.0386528
0.494140625,0.994140625,0.384765625,0.275390625,0.830078125,0.291015625,0.986328125,0.470703125,0.119140625,0.646484375,0.365234375,0.900390625,0.662109375,0.498046875,0.564453125,0.810546875,1.0015211
0.494140625,0.994140625,0.384765625,0.275390625,0.830078125,0.291015625,0.986328125,0.470703125,0.119140625,0.646484375,0.365234375,0.900390625,0.662109375,0.498046875,0.908203125,0.501953125,0.9847081
0.771484375,0.419921875,0.583984375,0.982421875,0.529296875,0.947265625,0.326171875,0.966796875,0.177734375,0.080078125,0.568359375,0.001953125,0.080078125,0.708984375,0.564453125,0.501953125,0.12184322
0.369140625,0.369140625,0.009765625,0.400390625,0.955078125,0.166015625,0.361328125,0.845703125,0.744140625,0.271484375,0.990234375,0.775390625,0.037109375,0.123046875,0.783203125,0.935546875,0.49315828
0.896484375,0.369140625,0.009765625,0.400390625,0.955078125,0.166015625,0.361328125,0.845703125,0.744140625,0.271484375,0.990234375,0.775390625,0.037109375,0.123046875,0.783203125,0.935546875,0.49315828
0.369140625,0.294921875,0.009765625,0.400390625,0.955078125,0.166015625,0.361328125,0.845703125,0.744140625,0.271484375,0.990234375,0.775390625,0.037109375,0.123046875,0.783203125,0.935546875,0.4841087
0.369140625,0.369140625,0.208984375,0.400390625,0.955078125,0.166015625,0.361328125,0.845703125,0.744140625,0.271484375,0.990234375,0.775390625,0.037109375,0.123046875,0.783203125,0.935546875,0.48594165
0.369140625,0.369140625,0.009765625,0.107421875,0.955078125,0.166015625,0.361328125,0.845703125,0.744140625,0.271484375,0.990234375,0.775390625,0.037109375,0.123046875,0.783203125,0.935546875,0.4807729
0.369140625,0.369140625,0.009765625,0.400390625,0.404296875,0.166015625,0.361328125,0.845703125,0.744140625,0.271484375,0.990234375,0.775390625,0.037109375,0.123046875,0.783203125,0.935546875,0.48394346
0.369140625,0.369140625,0.009765625,0.400390625,0.955078125,0.572265625,0.361328125,0.845703125,0.744140625,0.271484375,0.990234375,0.775390625,0.037109375,0.123046875,0.783203125,0.935546875,0.49315828
0.369140625,0.369140625,0.009765625,0.400390625,0.955078125,0.166015625,0.951171875,0.845703125,0.744140625,0.271484375,0.990234375,0.775390625,0.037109375,0.123046875,0.783203125,0.935546875,0.40109336
0.369140625,0.369140625,0.009765625,0.400390625,0.955078125,0.166015625,0.361328125,0.841796875,0.744140625,0.271484375,0.990234375,0.775390625,0.037109375,0.123046875,0.783203125,0.935546875,0.49315834
0.369140625,0.369140625,0.009765625,0.400390625,0.955078125,0.166015625,0.361328125,0.845703125,0.052734375,0.271484375,0.990234375,0.775390625,0.037109375,0.123046875,0.783203125,0.935546875,0.4961093
0.369140625,0.369140625,0.009765625,0.400390625,0.955078125,0.166015625,0.361328125,0.845703125,0.744140625,0.705078125,0.990234375,0.775390625,0.037109375,0.123046875,0.783203125,0.935546875,0.51461786
0.369140625,0.369140625,0.009765625,0.400390625,0.955078125,0.166015625,0.361328125,0.845703125,0.744140625,0.271484375,0.193359375,0.775390625,0.037109375,0.123046875,0.783203125,0.935546875,0.9203445
0.369140625,0.369140625,0.009765625,0.400390625,0.955078125,0.166015625,0.361328125,0.845703125,0.744140625,0.271484375,0.990234375,0.876953125,0.037109375,0.123046875,0.783203125,0.935546875,0.49336356
0.369140625,0.369140625,0.009765625,0.400390625,0.955078125,0.166015625,0.361328125,0.845703125,0.744140625,0.271484375,0.990234375,0.775390625,0.955078125,0.123046875,0.783203125,0.935546875,0.49315637
0.369140625,0.369140625,0.009765625,0.400390625,0.955078125,0.166015625,0.361328125,0.845703125,0.744140625,0.271484375,0.990234375,0.775390625,0.037109375,0.833984375,0.783203125,0.935546875,0.6535461
0.369140625,0.369140625,0.009765625,0.400390625,0.955078125,0.166015625,0.361328125,0.845703125,0.744140625,0.271484375,0.990234375,0.775390625,0.037109375,0.123046875,0.189453125,0.935546875,0.5146512
0.369140625,0.369140625,0.009765625,0.400390625,0.955078125,0.166015625,0.361328125,0.845703125,0.744140625,0.271484375,0.990234375,0.775390625,0.037109375,0.123046875,0.783203125,0.376953125,0.49315828
0.896484375,0.294921875,0.208984375,0.107421875,0.404296875,0.572265625,0.951171875,0.841796875,0.052734375,0.705078125,0.193359375,0.876953125,0.955078125,0.833984375,0.189453125,0.376953125,0.9969079
0.869140625,0.869140625,0.509765625,0.900390625,0.455078125,0.666015625,0.861328125,0.345703125,0.244140625,0.771484375,0.490234375,0.275390625,0.537109375,0.623046875,0.283203125,0.435546875,1.1317917
0.396484375,0.869140625,0.509765625,0.900390625,0.455078125,0.666015625,0.861328125,0.345703125,0.244140625,0.771484375,0.490234375,0.275390625,0.537109375,0.623046875,0.283203125,0.435546875,1.1317917
0.869140625,0.794921875,0.509765625,0.900390625,0.455078125,0.666015625,0.861328125,0.345703125,0.244140625,0.771484375,0.490234375,0.275390625,0.537109375,0.623046875,0.283203125,0.435546875,1.1146754
0.869140625,0.869140625,0.708984375,0.900390625,0.455078125,0.666015625,0.861328125,0.345703125,0.244140625,0.771484375,0.490234375,0.275390625,0.537109375,0.623046875,0.283203125,0.435546875,1.1166254
0.869140625,0.869140625,0.509765625,0.607421875,0.455078125,0.666015625,0.861328125,0.345703125,0.244140625,0.771484375,0.490234375,0.275390625,0.537109375,0.623046875,0.283203125,0.435546875,1.0594897
0.869140625,0.869140625,0.509765625,0.900390625,0.904296875,0.666015625,0.861328125,0.345703125,0.244140625,0.771484375,0.490234375,0.275390625,0.537109375,0.623046875,0.283203125,0.435546875,1.1392921
0.869140625,0.869140625,0.509765625,0.900390625,0.455078125,0.072265625,0.861328125,0.345703125,0.244140625,0.771484375,0.490234375,0.275390625,0.537109375,0.623046875,0.283203125,0.435546875,1.1317917
0.869140625,0.869140625,0.509765625,0.900390625,0.455078125,0.666015625,0.451171875,0.345703125,0.244140625,0.771484375,0.490234375,0.275390625,0.537109375,0.623046875,0.283203125,0.435546875,1.1947944
0.869140625,0.869140625,0.509765625,0.900390625,0.455078125,0.666015625,0.861328125,0.341796875,0.244140625,0.771484375,0.490234375,0.275390625,0.537109375,0.623046875,0.283203125,0.435546875,1.1317905
0.869140625,0.869140625,0.509765625,0.900390625,0.455078125,0.666015625,0.861328125,0.345703125,0.552734375,0.771484375,0.490234375,0.275390625,0.537109375,0.623046875,0.283203125,0.435546875,1.1413006
0.869140625,0.869140625,0.509765625,0.900390625,0.455078125,0.666015625,0.861328125,0.345703125,0.244140625,0.205078125,0.490234375,0.275390625,0.537109375,0.623046875,0.283203125,0.435546875,1.0509201
0.869140625,0.869140625,0.509765625,0.900390625,0.455078125,0.666015625,0.861328125,0.345703125,0.244140625,0.771484375,0.693359375,0.275390625,0.537109375,0.623046875,0.283203125,0.435546875,1.0241398
0.869140625,0.869140625,0.509765625,0.900390625,0.455078125,0.666015625,0.861328125,0.345703125,0.244140625,0.771484375,0.490234375,0.376953125,0.537109375,0.623046875,0.283203125,0.435546875,1.1347965
0.869140625,0.869140625,0.509765625,0.900390625,0.455078125,0.666015625,0.861328125,0.345703125,0.244140625,0.771484375,0.490234375,0.275390625,0.455078125,0.623046875,0.283203125,0.435546875,1.1320571
0.869140625,0.869140625,0.509765625,0.900390625,0.455078125,0.666015625,0.861328125,0.345703125,0.244140625,0.771484375,0.490234375,0.275390625,0.537109375,0.333984375,0.283203125,0.435546875,1.0676073
0.869140625,0.869140625,0.509765625,0.900390625,0.455078125,0.666015625,0.861328125,0.345703125,0.244140625,0.771484375,0.490234375,0.275390625,0.537109375,0.623046875,0.689453125,0.435546875,1.1171887
0.869140625,0.869140625,0.509765625,0.900390625,0.455078125,0.666015625,0.861328125,0.345703125,0.244140625,0.771484375,0.490234375,0.275390625,0.537109375,0.623046875,0.283203125,0.876953125,1.1317916
0.396484375,0.794921875,0.708984375,0.607421875,0.904296875,0.072265625,0.451171875,0.341796875,0.552734375,0.205078125,0.693359375,0.376953125,0.455078125,0.333984375,0.689453125,0.876953125,0.8431763
0.619140625,0.119140625,0.259765625,0.150390625,0.205078125,0.916015625,0.111328125,0.095703125,0.494140625,0.521484375,0.240234375,0.025390625,0.287109375,0.373046875,0.033203125,0.685546875,0.9949683
0.146484375,0.119140625,0.259765625,0.150390625,0.205078125,0.916015625,0.111328125,0.095703125,0.494140625,0.521484375,0.240234375,0.025390625,0.287109375,0.373046875,0.033203125,0.685546875,0.9949683
0.619140625,0.044921875,0.259765625,0.150390625,0.205078125,0.916015625,0.111328125,0.095703125,0.494140625,0.521484375,0.240234375,0.025390625,0.287109375,0.373046875,0.033203125,0.685546875,0.98899615
0.619140625,0.119140625,0.958984375,0.150390625,0.205078125,0.916015625,0.111328125,0.095703125,0.494140625,0.521484375,0.240234375,0.025390625,0.287109375,0.373046875,0.033203125,0.685546875,0.9409692
0.619140625,0.119140625,0.259765625,0.357421875,0.205078125,0.916015625,0.111328125,0.095703125,0.494140625,0.521484375,0.240234375,0.025390625,0.287109375,0.373046875,0.033203125,0.685546875,1.0031286
0.619140625,0.119140625,0.259765625,0.150390625,0.154296875,0.916015625,0.111328125,0.095703125,0.494140625,0.521484375,0.240234375,0.025390625,0.287109375,0.373046875,0.033203125,0.685546875,0.9944885
0.619140625,0.119140625,0.259765625,0.150390625,0.205078125,0.322265625,0.111328125,0.095703125,0.494140625,0.521484375,0.240234375,0.025390625,0.287109375,0.373046875,0.033203125,0.685546875,0.9949683
0.619140625,0.119140625,0.259765625,0.150390625,0.205078125,0.916015625,0.701171875,0.095703125,0.494140625,0.521484375,0.240234375,0.025390625,0.287109375,0.373046875,0.033203125,0.685546875,0.9379451
0.619140625,0.119140625,0.259765625,0.150390625,0.205078125,0.916015625,0.111328125,0.591796875,0.494140625,0.521484375,0.240234375,0.025390625,0.287109375,0.373046875,0.033203125,0.685546875,0.9949926
0.619140625,0.119140625,0.259765625,0.150390625,0.205078125,0.916015625,0.111328125,0.095703125,0.302734375,0.521484375,0.240234375,0.025390625,0.287109375,0.373046875,0.033203125,0.685546875,0.98719215
0.619140625,0.119140625,0.259765625,0.150390625,0.205078125,0.916015625,0.111328125,0.095703125,0.494140625,0.455078125,0.240234375,0.025390625,0.287109375,0.373046875,0.033203125,0.685546875,0.99456775
0.619140625,0.119140625,0.259765625,0.150390625,0.205078125,0.916015625,0.111328125,0.095703125,0.494140625,0.521484375,0.443359375,0.025390625,0.287109375,0.373046875,0.033203125,0.685546875,0.9693146
0.619140625,0.119140625,0.259765625,0.150390625,0.205078125,0.916015625,0.111328125,0.095703125,0.494140625,0.521484375,0.240234375,0.126953125,0.287109375,0.373046875,0.033203125,0.685546875,1.0006112
0.619140625,0.119140625,0.259765625,0.150390625,0.205078125,0.916015625,0.111328125,0.095703125,0.494140625,0.521484375,0.240234375,0.025390625,0.705078125,0.373046875,0.033203125,0.685546875,0.99494493
0.619140625,0.119140625,0.259765625,0.150390625,0.205078125,0.916015625,0.111328125,0.095703125,0.494140625,0.521484375,0.240234375,0.025390625,0.287109375,0.083984375,0.033203125,0.685546875,0.94776624
0.619140625,0.119140625,0.259765625,0.150390625,0.205078125,0.916015625,0.111328125,0.095703125,0.494140625,0.521484375,0.240234375,0.025390625,0.287109375,0.373046875,0.439453125,0.685546875,0.98483676
0.619140625,0.119140625,0.259765625,0.150390625,0.205078125,0.916015625,0.111328125,0.095703125,0.494140625,0.521484375,0.240234375,0.025390625,0.287109375,0.373046875,0.033203125,0.126953125,0.9949683
0.146484375,0.044921875,0.958984375,0.357421875,0.154296875,0.322265625,0.701171875,0.591796875,0.302734375,0.455078125,0.443359375,0.126953125,0.705078125,0.083984375,0.439453125,0.126953125,0.80013376
0.119140625,0.619140625,0.759765625,0.650390625,0.705078125,0.416015625,0.611328125,0.595703125,0.994140625,0.021484375,0.740234375,0.525390625,0.787109375,0.873046875,0.533203125,0.185546875,-1.926521
0.646484375,0.619140625,0.759765625,0.650390625,0.705078125,0.416015625,0.611328125,0.595703125,0.994140625,0.021484375,0.740234375,0.525390625,0.787109375,0.873046875,0.533203125,0.185546875,-1.926521
0.119140625,0.544921875,0.759765625,0.650390625,0.705078125,0.416015625,0.611328125,0.595703125,0.994140625,0.021484375,0.740234375,0.525390625,0.787109375,0.873046875,0.533203125,0.185546875,-1.9392852
0.119140625,0.619140625,0.458984375,0.650390625,0.705078125,0.416015625,0.611328125,0.595703125,0.994140625,0.021484375,0.740234375,0.525390625,0.787109375,0.873046875,0.533203125,0.185546875,-1.9035856
0.119140625,0.619140625,0.759765625,0.857421875,0.705078125,0.416015625,0.611328125,0.595703125,0.994140625,0.021484375,0.740234375,0.525390625,0.787109375,0.873046875,0.533203125,0.185546875,-1.8733004
0.119140625,0.619140625,0.759765625,0.650390625,0.654296875,0.416015625,0.611328125,0.595703125,0.994140625,0.021484375,0.740234375,0.525390625,0.787109375,0.873046875,0.533203125,0.185546875,-1.9273654
0.119140625,0.619140625,0.759765625,0.650390625,0.705078125,0.822265625,0.611328125,0.595703125,0.994140625,0.021484375,0.740234375,0.525390625,0.787109375,0.873046875,0.533203125,0.185546875,-1.926521
0.119140625,0.619140625,0.759765625,0.650390625,0.705078125,0.416015625,0.201171875,0.595703125,0.994140625,0.021484375,0.740234375,0.525390625,0.787109375,0.873046875,0.533203125,0.185546875,-1.8877317
0.119140625,0.619140625,0.759765625,0.650390625,0.705078125,0.416015625,0.611328125,0.091796875,0.994140625,0.021484375,0.740234375,0.525390625,0.787109375,0.873046875,0.533203125,0.185546875,-1.9265436
0.119140625,0.619140625,0.759765625,0.650390625,0.705078125,0.416015625,0.611328125,0.595703125,0.802734375,0.021484375,0.740234375,0.525390625,0.787109375,0.873046875,0.533203125,0.185546875,-1.9771501
0.119140625,0.619140625,0.759765625,0.650390625,0.705078125,0.416015625,0.611328125,0.595703125,0.994140625,0.955078125,0.740234375,0.525390625,0.787109375,0.873046875,0.533203125,0.185546875,1.0030321
0.119140625,0.619140625,0.759765625,0.650390625,0.705078125,0.416015625,0.611328125,0.595703125,0.994140625,0.021484375,0.943359375,0.525390625,0.787109375,0.873046875,0.533203125,0.185546875,-2.1260946
0.119140625,0.619140625,0.759765625,0.650390625,0.705078125,0.416015625,0.611328125,0.595703125,0.994140625,0.021484375,0.740234375,0.626953125,0.787109375,0.873046875,0.533203125,0.185546875,-1.9253289
0.119140625,0.619140625,0.759765625,0.650390625,0.705078125,0.416015625,0.611328125,0.595703125,0.994140625,0.021484375,0.740234375,0.525390625,0.205078125,0.873046875,0.533203125,0.185546875,-1.9265131
0.119140625,0.619140625,0.759765625,0.650390625,0.705078125,0.416015625,0.611328125,0.595703125,0.994140625,0.021484375,0.740234375,0.525390625,0.787109375,0.583984375,0.533203125,0.185546875,-2.0113435
0.119140625,0.619140625,0.759765625,0.650390625,0.705078125,0.416015625,0.611328125,0.595703125,0.994140625,0.021484375,0.740234375,0.525390625,0.787109375,0.873046875,0.939453125,0.185546875,-1.9464166
0.119140625,0.619140625,0.759765625,0.650390625,0.705078125,0.416015625,0.611328125,0.595703125,0.994140625,0.021484375,0.740234375,0.525390625,0.787109375,0.873046875,0.533203125,0.626953125,-1.926521
0.646484375,0.544921875,0.458984375,0.857421875,0.654296875,0.822265625,0.201171875,0.091796875,0.802734375,0.955078125,0.943359375,0.626953125,0.205078125,0.583984375,0.939453125,0.626953125,0.7506248
0.087890625,0.087890625,0.166015625,0.369140625,0.298828125,0.634765625,0.767578125,0.064453125,0.837890625,0.615234375,0.708984375,0.869140625,0.193359375,0.904296875,0.126953125,0.966796875,0.9044865
0.615234375,0.087890625,0.166015625,0.369140625,0.298828125,0.634765625,0.767578125,0.064453125,0.837890625,0.615234375,0.708984375,0.869140625,0.193359375,0.904296875,0.126953125,0.966796875,0.9044865
0.087890625,0.888671875,0.166015625,0.369140625,0.298828125,0.634765625,0.767578125,0.064453125,0.837890625,0.615234375,0.708984375,0.869140625,0.193359375,0.904296875,0.126953125,0.966796875,1.0292856
0.087890625,0.087890625,0.927734375,0.369140625,0.298828125,0.634765625,0.767578125,0.064453125,0.837890625,0.615234375,0.708984375,0.869140625,0.193359375,0.904296875,0.126953125,0.966796875,0.8499014
0.087890625,0.087890625,0.166015625,0.388671875,0.298828125,0.634765625,0.767578125,0.064453125,0.837890625,0.615234375,0.708984375,0.869140625,0.193359375,0.904296875,0.126953125,0.966796875,0.9061056
0.087890625,0.087890625,0.166015625,0.369140625,0.810546875,0.634765625,0.767578125,0.064453125,0.837890625,0.615234375,0.708984375,0.869140625,0.193359375,0.904296875,0.126953125,0.966796875,0.9120255
0.087890625,0.087890625,0.166015625,0.369140625,0.298828125,0.916015625,0.767578125,0.064453125,0.837890625,0.615234375,0.708984375,0.869140625,0.193359375,0.904296875,0.126953125,0.966796875,0.9044865
0.087890625,0.087890625,0.166015625,0.369140625,0.298828125,0.634765625,0.232421875,0.064453125,0.837890625,0.615234375,0.708984375,0.869140625,0.193359375,0.904296875,0.126953125,0.966796875,0.96654314
0.087890625,0.087890625,0.166015625,0.369140625,0.298828125,0.634765625,0.767578125,0.373046875,0.837890625,0.615234375,0.708984375,0.869140625,0.193359375,0.904296875,0.126953125,0.966796875,0.9045188
0.087890625,0.087890625,0.166015625,0.369140625,0.298828125,0.634765625,0.767578125,0.064453125,0.083984375,0.615234375,0.708984375,0.869140625,0.193359375,0.904296875,0.126953125,0.966796875,0.8877855
0.087890625,0.087890625,0.166015625,0.369140625,0.298828125,0.634765625,0.767578125,0.064453125,0.837890625,0.423828125,0.708984375,0.869140625,0.193359375,0.904296875,0.126953125,0.966796875,0.90348893
0.087890625,0.087890625,0.166015625,0.369140625,0.298828125,0.634765625,0.767578125,0.064453125,0.837890625,0.615234375,0.912109375,0.869140625,0.193359375,0.904296875,0.126953125,0.966796875,0.7068327
0.087890625,0.087890625,0.166015625,0.369140625,0.298828125,0.634765625,0.767578125,0.064453125,0.837890625,0.615234375,0.708984375,0.658203125,0.193359375,0.904296875,0.126953125,0.966796875,0.9036694
0.087890625,0.087890625,0.166015625,0.369140625,0.298828125,0.634765625,0.767578125,0.064453125,0.837890625,0.615234375,0.708984375,0.869140625,0.361328125,0.904296875,0.126953125,0.966796875,0.9044731
0.087890625,0.087890625,0.166015625,0.369140625,0.298828125,0.634765625,0.767578125,0.064453125,0.837890625,0.615234375,0.708984375,0.869140625,0.193359375,0.365234375,0.126953125,0.966796875,0.7605794
0.087890625,0.087890625,0.166015625,0.369140625,0.298828125,0.634765625,0.767578125,0.064453125,0.837890625,0.615234375,0.708984375,0.869140625,0.193359375,0.904296875,0.283203125,0.966796875,0.9008121
0.087890625,0.087890625,0.166015625,0.369140625,0.298828125,0.634765625,0.767578125,0.064453125,0.837890625,0.615234375,0.708984375,0.869140625,0.193359375,0.904296875,0.126953125,0.783203125,0.9044865
0.615234375,0.888671875,0.927734375,0.388671875,0.810546875,0.916015625,0.232421875,0.373046875,0.083984375,0.423828125,0.912109375,0.658203125,0.361328125,0.365234375,0.283203125,0.783203125,0.68218327
0.587890625,0.587890625,0.666015625,0.869140625,0.798828125,0.134765625,0.267578125,0.564453125,0.337890625,0.115234375,0.208984375,0.369140625,0.693359375,0.404296875,0.626953125,0.466796875,0.6650512
0.115234375,0.587890625,0.666015625,0.869140625,0.798828125,0.134765625,0.267578125,0.564453125,0.337890625,0.115234375,0.208984375,0.369140625,0.693359375,0.404296875,0.626953125,0.466796875,0.6650512
0.587890625,0.388671875,0.666015625,0.869140625,0.798828125,0.134765625,0.267578125,0.564453125,0.337890625,0.115234375,0.208984375,0.369140625,0.693359375,0.404296875,0.626953125,0.466796875,0.6346897
0.587890625,0.587890625,0.427734375,0.869140625,0.798828125,0.134765625,0.267578125,0.564453125,0.337890625,0.115234375,0.208984375,0.369140625,0.693359375,0.404296875,0.626953125,0.466796875,0.68182135
0.587890625,0.587890625,0.666015625,0.888671875,0.798828125,0.134765625,0.267578125,0.564453125,0.337890625,0.115234375,0.208984375,0.369140625,0.693359375,0.404296875,0.626953125,0.466796875,0.66877437
0.587890625,0.587890625,0.666015625,0.869140625,0.310546875,0.134765625,0.267578125,0.564453125,0.337890625,0.115234375,0.208984375,0.369140625,0.693359375,0.404296875,0.626953125,0.466796875,0.65786135
0.587890625,0.587890625,0.666015625,0.869140625,0.798828125,0.416015625,0.267578125,0.564453125,0.337890625,0.115234375,0.208984375,0.369140625,0.693359375,0.404296875,0.626953125,0.466796875,0.6650512
0.587890625,0.587890625,0.666015625,0.869140625,0.798828125,0.134765625,0.732421875,0.564453125,0.337890625,0.115234375,0.208984375,0.369140625,0.693359375,0.404296875,0.626953125,0.466796875,0.61155593
0.587890625,0.587890625,0.666015625,0.869140625,0.798828125,0.134765625,0.267578125,0.873046875,0.337890625,0.115234375,0.208984375,0.369140625,0.693359375,0.404296875,0.626953125,0.466796875,0.6650077
0.587890625,0.587890625,0.666015625,0.869140625,0.798828125,0.134765625,0.267578125,0.564453125,0.583984375,0.115234375,0.208984375,0.369140625,0.693359375,0.404296875,0.626953125,0.466796875,0.63825333
0.587890625,0.587890625,0.666015625,0.869140625,0.798828125,0.134765625,0.267578125,0.564453125,0.337890625,0.923828125,0.208984375,0.369140625,0.693359375,0.404296875,0.626953125,0.466796875,1.1473624
0.587890625,0.587890625,0.666015625,0.869140625,0.798828125,0.134765625,0.267578125,0.564453125,0.337890625,0.115234375,0.412109375,0.369140625,0.693359375,0.404296875,0.626953125,0.466796875,0.64413023
0.587890625,0.587890625,0.666015625,0.869140625,0.798828125,0.134765625,0.267578125,0.564453125,0.337890625,0.115234375,0.208984375,0.158203125,0.693359375,0.404296875,0.626953125,0.466796875,0.6575626
0.587890625,0.587890625,0.666015625,0.869140625,0.798828125,0.134765625,0.267578125,0.564453125,0.337890625,0.115234375,0.208984375,0.369140625,0.861328125,0.404296875,0.626953125,0.466796875,0.6650826
0.587890625,0.587890625,0.666015625,0.869140625,0.798828125,0.134765625,0.267578125,0.564453125,0.337890625,0.115234375,0.208984375,0.369140625,0.693359375,0.865234375,0.626953125,0.466796875,0.78778005
0.587890625,0.587890625,0.666015625,0.869140625,0.798828125,0.134765625,0.267578125,0.564453125,0.337890625,0.115234375,0.208984375,0.369140625,0.693359375,0.404296875,0.783203125,0.466796875,0.65770036
0.587890625,0.587890625,0.666015625,0.869140625,0.798828125,0.134765625,0.267578125,0.564453125,0.337890625,0.115234375,0.208984375,0.369140625,0.693359375,0.404296875,0.626953125,0.283203125,0.6650512
0.115234375,0.388671875,0.427734375,0.888671875,0.310546875,0.416015625,0.732421875,0.873046875,0.583984375,0.923828125,0.412109375,0.158203125,0.861328125,0.865234375,0.783203125,0.283203125,1.1369679
0.837890625,0.337890625,0.416015625,0.119140625,0.548828125,0.384765625,0.517578125,0.814453125,0.087890625,0.365234375,0.458984375,0.119140625,0.443359375,0.654296875,0.876953125,0.716796875,0.9370167
0.365234375,0.337890625,0.416015625,0.119140625,0.548828125,0.384765625,0.517578125,0.814453125,0.087890625,0.365234375,0.458984375,0.119140625,0.443359375,0.654296875,0.876953125,0.716796875,0.9370167
0.837890625,0.638671875,0.416015625,0.119140625,0.548828125,0.384765625,0.517578125,0.814453125,0.087890625,0.365234375,0.458984375,0.119140625,0.443359375,0.654296875,0.876953125,0.716796875,0.982944
0.837890625,0.337890625,0.177734375,0.119140625,0.548828125,0.384765625,0.517578125,0.814453125,0.087890625,0.365234375,0.458984375,0.119140625,0.443359375,0.654296875,0.876953125,0.716796875,0.94881415
0.837890625,0.337890625,0.416015625,0.138671875,0.548828125,0.384765625,0.517578125,0.814453125,0.087890625,0.365234375,0.458984375,0.119140625,0.443359375,0.654296875,0.876953125,0.716796875,0.9373143
0.837890625,0.337890625,0.416015625,0.119140625,0.560546875,0.384765625,0.517578125,0.814453125,0.087890625,0.365234375,0.458984375,0.119140625,0.443359375,0.654296875,0.876953125,0.716796875,0.9371884
0.837890625,0.337890625,0.416015625,0.119140625,0.548828125,0.166015625,0.517578125,0.814453125,0.087890625,0.365234375,0.458984375,0.119140625,0.443359375,0.654296875,0.876953125,0.716796875,0.9370167
0.837890625,0.337890625,0.416015625,0.119140625,0.548828125,0.384765625,0.482421875,0.814453125,0.087890625,0.365234375,0.458984375,0.119140625,0.443359375,0.654296875,0.876953125,0.716796875,0.9409683
0.837890625,0.337890625,0.416015625,0.119140625,0.548828125,0.384765625,0.517578125,0.123046875,0.087890625,0.365234375,0.458984375,0.119140625,0.443359375,0.654296875,0.876953125,0.716796875,0.9370165
0.837890625,0.337890625,0.416015625,0.119140625,0.548828125,0.384765625,0.517578125,0.814453125,0.333984375,0.365234375,0.458984375,0.119140625,0.443359375,0.654296875,0.876953125,0.716796875,0.9898863
0.837890625,0.337890625,0.416015625,0.119140625,0.548828125,0.384765625,0.517578125,0.814453125,0.087890625,0.673828125,0.458984375,0.119140625,0.443359375,0.654296875,0.876953125,0.716796875,0.940305
0.837890625,0.337890625,0.416015625,0.119140625,0.548828125,0.384765625,0.517578125,0.814453125,0.087890625,0.365234375,0.662109375,0.119140625,0.443359375,0.654296875,0.876953125,0.716796875,0.8443258
0.837890625,0.337890625,0.416015625,0.119140625,0.548828125,0.384765625,0.517578125,0.814453125,0.087890625,0.365234375,0.458984375,0.408203125,0.443359375,0.654296875,0.876953125,0.716796875,0.94734
0.837890625,0.337890625,0.416015625,0.119140625,0.548828125,0.384765625,0.517578125,0.814453125,0.087890625,0.365234375,0.458984375,0.119140625,0.111328125,0.654296875,0.876953125,0.716796875,0.93706876
0.837890625,0.337890625,0.416015625,0.119140625,0.548828125,0.384765625,0.517578125,0.814453125,0.087890625,0.365234375,0.458984375,0.119140625,0.443359375,0.615234375,0.876953125,0.716796875,0.9266897
0.837890625,0.337890625,0.416015625,0.119140625,0.548828125,0.384765625,0.517578125,0.814453125,0.087890625,0.365234375,0.458984375,0.119140625,0.443359375,0.654296875,0.033203125,0.716796875,0.9667137
0.837890625,0.337890625,0.416015625,0.119140625,0.548828125,0.384765625,0.517578125,0.814453125,0.087890625,0.365234375,0.458984375,0.119140625,0.443359375,0.654296875,0.876953125,0.533203125,0.9370167
0.365234375,0.638671875,0.177734375,0.138671875,0.560546875,0.166015625,0.482421875,0.123046875,0.333984375,0.673828125,0.662109375,0.408203125,0.111328125,0.615234375,0.033203125,0.533203125,0.99237406
0.337890625,0.837890625,0.916015625,0.619140625,0.048828125,0.884765625,0.017578125,0.314453125,0.587890625,0.865234375,0.958984375,0.619140625,0.943359375,0.154296875,0.376953125,0.216796875,0.6547989
0.865234375,0.837890625,0.916015625,0.619140625,0.048828125,0.884765625,0.017578125,0.314453125,0.587890625,0.865234375,0.958984375,0.619140625,0.943359375,0.154296875,0.376953125,0.216796875,0.6547989
0.337890625,0.138671875,0.916015625,0.619140625,0.048828125,0.884765625,0.017578125,0.314453125,0.587890625,0.865234375,0.958984375,0.619140625,0.943359375,0.154296875,0.376953125,0.216796875,0.5464379
0.337890625,0.837890625,0.677734375,0.619140625,0.048828125,0.884765625,0.017578125,0.314453125,0.587890625,0.865234375,0.958984375,0.619140625,0.943359375,0.154296875,0.376953125,0.216796875,0.67741627
0.337890625,0.837890625,0.916015625,0.638671875,0.048828125,0.884765625,0.017578125,0.314453125,0.587890625,0.865234375,0.958984375,0.619140625,0.943359375,0.154296875,0.376953125,0.216796875,0.65975577
0.337890625,0.837890625,0.916015625,0.619140625,0.060546875,0.884765625,0.017578125,0.314453125,0.587890625,0.865234375,0.958984375,0.619140625,0.943359375,0.154296875,0.376953125,0.216796875,0.65489227
0.337890625,0.837890625,0.916015625,0.619140625,0.048828125,0.666015625,0.017578125,0.314453125,0.587890625,0.865234375,0.958984375,0.619140625,0.943359375,0.154296875,0.376953125,0.216796875,0.6547989
0.337890625,0.837890625,0.916015625,0.619140625,0.048828125,0.884765625,0.982421875,0.314453125,0.587890625,0.865234375,0.958984375,0.619140625,0.943359375,0.154296875,0.376953125,0.216796875,0.5351512
0.337890625,0.837890625,0.916015625,0.619140625,0.048828125,0.884765625,0.017578125,0.623046875,0.587890625,0.865234375,0.958984375,0.619140625,0.943359375,0.154296875,0.376953125,0.216796875,0.65480155
0.337890625,0.837890625,0.916015625,0.619140625,0.048828125,0.884765625,0.017578125,0.314453125,0.833984375,0.865234375,0.958984375,0.619140625,0.943359375,0.154296875,0.376953125,0.216796875,0.64486724
0.337890625,0.837890625,0.916015625,0.619140625,0.048828125,0.884765625,0.017578125,0.314453125,0.587890625,0.173828125,0.958984375,0.619140625,0.943359375,0.154296875,0.376953125,0.216796875,0.5039982
0.337890625,0.837890625,0.916015625,0.619140625,0.048828125,0.884765625,0.017578125,0.314453125,0.587890625,0.865234375,0.162109375,0.619140625,0.943359375,0.154296875,0.376953125,0.216796875,1.0573463
0.337890625,0.837890625,0.916015625,0.619140625,0.048828125,0.884765625,0.017578125,0.314453125,0.587890625,0.865234375,0.958984375,0.908203125,0.943359375,0.154296875,0.376953125,0.216796875,0.6559798
0.337890625,0.837890625,0.916015625,0.619140625,0.048828125,0.884765625,0.017578125,0.314453125,0.587890625,0.865234375,0.958984375,0.619140625,0.611328125,0.154296875,0.376953125,0.216796875,0.65455383
0.337890625,0.837890625,0.916015625,0.619140625,0.048828125,0.884765625,0.017578125,0.314453125,0.587890625,0.865234375,0.958984375,0.619140625,0.943359375,0.115234375,0.376953125,0.216796875,0.64918673
0.337890625,0.837890625,0.916015625,0.619140625,0.048828125,0.884765625,0.017578125,0.314453125,0.587890625,0.865234375,0.958984375,0.619140625,0.943359375,0.154296875,0.533203125,0.216796875,0.6494442
0.337890625,0.837890625,0.916015625,0.619140625,0.048828125,0.884765625,0.017578125,0.314453125,0.587890625,0.865234375,0.958984375,0.619140625,0.943359375,0.154296875,0.376953125,0.033203125,0.6547989
0.865234375,0.138671875,0.677734375,0.638671875,0.060546875,0.666015625,0.982421875,0.623046875,0.833984375,0.173828125,0.162109375,0.908203125,0.611328125,0.115234375,0.533203125,0.033203125,0.6862444
0.462890625,0.462890625,0.541015625,0.744140625,0.173828125,0.509765625,0.642578125,0.939453125,0.212890625,0.240234375,0.333984375,0.744140625,0.318359375,0.279296875,0.251953125,0.091796875,0.96779835
0.990234375,0.462890625,0.541015625,0.744140625,0.173828125,0.509765625,0.642578125,0.939453125,0.212890625,0.240234375,0.333984375,0.744140625,0.318359375,0.279296875,0.251953125,0.091796875,0.96779835
0.462890625,0.013671875,0.541015625,0.744140625,0.173828125,0.509765625,0.642578125,0.939453125,0.212890625,0.240234375,0.333984375,0.744140625,0.318359375,0.279296875,0.251953125,0.091796875,0.91995656
0.462890625,0.462890625,0.052734375,0.744140625,0.173828125,0.509765625,0.642578125,0.939453125,0.212890625,0.240234375,0.333984375,0.744140625,0.318359375,0.279296875,0.251953125,0.091796875,0.99219036
0.462890625,0.462890625,0.541015625,0.263671875,0.173828125,0.509765625,0.642578125,0.939453125,0.212890625,0.240234375,0.333984375,0.744140625,0.318359375,0.279296875,0.251953125,0.091796875,0.88831633
0.462890625,0.462890625,0.541015625,0.744140625,0.935546875,0.509765625,0.642578125,0.939453125,0.212890625,0.240234375,0.333984375,0.744140625,0.318359375,0.279296875,0.251953125,0.091796875,0.97910196
0.462890625,0.462890625,0.541015625,0.744140625,0.173828125,0.791015625,0.642578125,0.939453125,0.212890625,0.240234375,0.333984375,0.744140625,0.318359375,0.279296875,0.251953125,0.091796875,0.96779835
0.462890625,0.462890625,0.541015625,0.744140625,0.173828125,0.509765625,0.357421875,0.939453125,0.212890625,0.240234375,0.333984375,0.744140625,0.318359375,0.279296875,0.251953125,0.091796875,1.000135
0.462890625,0.462890625,0.541015625,0.744140625,0.173828125,0.509765625,0.642578125,0.748046875,0.212890625,0.240234375,0.333984375,0.744140625,0.318359375,0.279296875,0.251953125,0.091796875,0.9678016
0.462890625,0.462890625,0.541015625,0.744140625,0.173828125,0.509765625,0.642578125,0.939453125,0.958984375,0.240234375,0.333984375,0.744140625,0.318359375,0.279296875,0.251953125,0.091796875,1.0021154
0.462890625,0.462890625,0.541015625,0.744140625,0.173828125,0.509765625,0.642578125,0.939453125,0.212890625,0.548828125,0.333984375,0.744140625,0.318359375,0.279296875,0.251953125,0.091796875,1.0077955
0.462890625,0.462890625,0.541015625,0.744140625,0.173828125,0.509765625,0.642578125,0.939453125,0.212890625,0.240234375,0.537109375,0.744140625,0.318359375,0.279296875,0.251953125,0.091796875,0.9215757
0.462890625,0.462890625,0.541015625,0.744140625,0.173828125,0.509765625,0.642578125,0.939453125,0.212890625,0.240234375,0.333984375,0.033203125,0.318359375,0.279296875,0.251953125,0.091796875,0.94857174
0.462890625,0.462890625,0.541015625,0.744140625,0.173828125,0.509765625,0.642578125,0.939453125,0.212890625,0.240234375,0.333984375,0.744140625,0.486328125,0.279296875,0.251953125,0.091796875,0.96766764
0.462890625,0.462890625,0.541015625,0.744140625,0.173828125,0.509765625,0.642578125,0.939453125,0.212890625,0.240234375,0.333984375,0.744140625,0.318359375,0.490234375,0.251953125,0.091796875,1.0096228
0.462890625,0.462890625,0.541015625,0.744140625,0.173828125,0.509765625,0.642578125,0.939453125,0.212890625,0.240234375,0.333984375,0.744140625,0.318359375,0.279296875,0.158203125,0.091796875,0.970001
0.462890625,0.462890625,0.541015625,0.744140625,0.173828125,0.509765625,0.642578125,0.939453125,0.212890625,0.240234375,0.333984375,0.744140625,0.318359375,0.279296875,0.251953125,0.908203125,0.96779835
0.990234375,0.013671875,0.052734375,0.263671875,0.935546875,0.791015625,0.357421875,0.748046875,0.958984375,0.548828125,0.537109375,0.033203125,0.486328125,0.490234375,0.158203125,0.908203125,0.9612712
0.962890625,0.962890625,0.041015625,0.244140625,0.673828125,0.009765625,0.142578125,0.439453125,0.712890625,0.740234375,0.833984375,0.244140625,0.818359375,0.779296875,0.751953125,0.591796875,0.9107165
0.490234375,0.962890625,0.041015625,0.244140625,0.673828125,0.009765625,0.142578125,0.439453125,0.712890625,0.740234375,0.833984375,0.244140625,0.818359375,0.779296875,0.751953125,0.591796875,0.9107165
0.962890625,0.513671875,0.041015625,0.244140625,0.673828125,0.009765625,0.142578125,0.439453125,0.712890625,0.740234375,0.833984375,0.244140625,0.818359375,0.779296875,0.751953125,0.591796875,0.8169425
0.962890625,0.962890625,0.552734375,0.244140625,0.673828125,0.009765625,0.142578125,0.439453125,0.712890625,0.740234375,0.833984375,0.244140625,0.818359375,0.779296875,0.751953125,0.591796875,0.8851244
0.962890625,0.962890625,0.041015625,0.763671875,0.673828125,0.009765625,0.142578125,0.439453125,0.712890625,0.740234375,0.833984375,0.244140625,0.818359375,0.779296875,0.751953125,0.591796875,0.9961527
0.962890625,0.962890625,0.041015625,0.244140625,0.435546875,0.009765625,0.142578125,0.439453125,0.712890625,0.740234375,0.833984375,0.244140625,0.818359375,0.779296875,0.751953125,0.591796875,0.90722245
0.962890625,0.962890625,0.041015625,0.244140625,0.673828125,0.291015625,0.142578125,0.439453125,0.712890625,0.740234375,0.833984375,0.244140625,0.818359375,0.779296875,0.751953125,0.591796875,0.9107165
0.962890625,0.962890625,0.041015625,0.244140625,0.673828125,0.009765625,0.857421875,0.439453125,0.712890625,0.740234375,0.833984375,0.244140625,0.818359375,0.779296875,0.751953125,0.591796875,0.8258186
0.962890625,0.962890625,0.041015625,0.244140625,0.673828125,0.009765625,0.142578125,0.248046875,0.712890625,0.740234375,0.833984375,0.244140625,0.818359375,0.779296875,0.751953125,0.591796875,0.91049665
0.962890625,0.962890625,0.041015625,0.244140625,0.673828125,0.009765625,0.142578125,0.439453125,0.458984375,0.740234375,0.833984375,0.244140625,0.818359375,0.779296875,0.751953125,0.591796875,0.96971875
0.962890625,0.962890625,0.041015625,0.244140625,0.673828125,0.009765625,0.142578125,0.439453125,0.712890625,0.048828125,0.833984375,0.244140625,0.818359375,0.779296875,0.751953125,0.591796875,-0.84462416
0.962890625,0.962890625,0.041015625,0.244140625,0.673828125,0.009765625,0.142578125,0.439453125,0.712890625,0.740234375,0.037109375,0.244140625,0.818359375,0.779296875,0.751953125,0.591796875,1.194757
0.962890625,0.962890625,0.041015625,0.244140625,0.673828125,0.009765625,0.142578125,0.439453125,0.712890625,0.740234375,0.833984375,0.533203125,0.818359375,0.779296875,0.751953125,0.591796875,0.91787297
0.962890625,0.962890625,0.041015625,0.244140625,0.673828125,0.009765625,0.142578125,0.439453125,0.712890625,0.740234375,0.833984375,0.244140625,0.986328125,0.779296875,0.751953125,0.591796875,0.91072315
0.962890625,0.962890625,0.041015625,0.244140625,0.673828125,0.009765625,0.142578125,0.439453125,0.712890625,0.740234375,0.833984375,0.244140625,0.818359375,0.990234375,0.751953125,0.591796875,0.9834167
0.962890625,0.962890625,0.041015625,0.244140625,0.673828125,0.009765625,0.142578125,0.439453125,0.712890625,0.740234375,0.833984375,0.244140625,0.818359375,0.779296875,0.658203125,0.591796875,0.915125
0.962890625,0.962890625,0.041015625,0.244140625,0.673828125,0.009765625,0.142578125,0.439453125,0.712890625,0.740234375,0.833984375,0.244140625,0.818359375,0.779296875,0.751953125,0.408203125,0.9107165
0.490234375,0.513671875,0.552734375,0.763671875,0.435546875,0.291015625,0.857421875,0.248046875,0.458984375,0.048828125,0.037109375,0.533203125,0.986328125,0.990234375,0.658203125,0.408203125,-0.5398511
0.712890625,0.212890625,0.791015625,0.994140625,0.923828125,0.259765625,0.892578125,0.189453125,0.962890625,0.990234375,0.583984375,0.494140625,0.068359375,0.029296875,0.501953125,0.341796875,0.89140356
0.240234375,0.212890625,0.791015625,0.994140625,0.923828125,0.259765625,0.892578125,0.189453125,0.962890625,0.990234375,0.583984375,0.494140625,0.068359375,0.029296875,0.501953125,0.341796875,0.89140356
0.712890625,0.263671875,0.791015625,0.994140625,0.923828125,0.259765625,0.892578125,0.189453125,0.962890625,0.990234375,0.583984375,0.494140625,0.068359375,0.029296875,0.501953125,0.341796875,0.8967538
0.712890625,0.212890625,0.802734375,0.994140625,0.923828125,0.259765625,0.892578125,0.189453125,0.962890625,0.990234375,0.583984375,0.494140625,0.068359375,0.029296875,0.501953125,0.341796875,0.8902929
0.712890625,0.212890625,0.791015625,0.013671875,0.923828125,0.259765625,0.892578125,0.189453125,0.962890625,0.990234375,0.583984375,0.494140625,0.068359375,0.029296875,0.501953125,0.341796875,0.75842214
0.712890625,0.212890625,0.791015625,0.994140625,0.685546875,0.259765625,0.892578125,0.189453125,0.962890625,0.990234375,0.583984375,0.494140625,0.068359375,0.029296875,0.501953125,0.341796875,0.88693404
0.712890625,0.212890625,0.791015625,0.994140625,0.923828125,0.041015625,0.892578125,0.189453125,0.962890625,0.990234375,0.583984375,0.494140625,0.068359375,0.029296875,0.501953125,0.341796875,0.89140356
0.712890625,0.212890625,0.791015625,0.994140625,0.923828125,0.259765625,0.107421875,0.189453125,0.962890625,0.990234375,0.583984375,0.494140625,0.068359375,0.029296875,0.501953125,0.341796875,0.98568606
0.712890625,0.212890625,0.791015625,0.994140625,0.923828125,0.259765625,0.892578125,0.998046875,0.962890625,0.990234375,0.583984375,0.494140625,0.068359375,0.029296875,0.501953125,0.341796875,0.89140046
0.712890625,0.212890625,0.791015625,0.994140625,0.923828125,0.259765625,0.892578125,0.189453125,0.708984375,0.990234375,0.583984375,0.494140625,0.068359375,0.029296875,0.501953125,0.341796875,0.83874655
0.712890625,0.212890625,0.791015625,0.994140625,0.923828125,0.259765625,0.892578125,0.189453125,0.962890625,0.298828125,0.583984375,0.494140625,0.068359375,0.029296875,0.501953125,0.341796875,0.8789772
0.712890625,0.212890625,0.791015625,0.994140625,0.923828125,0.259765625,0.892578125,0.189453125,0.962890625,0.990234375,0.787109375,0.494140625,0.068359375,0.029296875,0.501953125,0.341796875,0.7361659
0.712890625,0.212890625,0.791015625,0.994140625,0.923828125,0.259765625,0.892578125,0.189453125,0.962890625,0.990234375,0.583984375,0.783203125,0.068359375,0.029296875,0.501953125,0.341796875,0.8939887
0.712890625,0.212890625,0.791015625,0.994140625,0.923828125,0.259765625,0.892578125,0.189453125,0.962890625,0.990234375,0.583984375,0.494140625,0.236328125,0.029296875,0.501953125,0.341796875,0.8913995
0.712890625,0.212890625,0.791015625,0.994140625,0.923828125,0.259765625,0.892578125,0.189453125,0.962890625,0.990234375,0.583984375,0.494140625,0.068359375,0.740234375,0.501953125,0.341796875,1.0350295
0.712890625,0.212890625,0.791015625,0.994140625,0.923828125,0.259765625,0.892578125,0.189453125,0.962890625,0.990234375,0.583984375,0.494140625,0.068359375,0.029296875,0.408203125,0.341796875,0.8946144
0.712890625,0.212890625,0.791015625,0.994140625,0.923828125,0.259765625,0.892578125,0.189453125,0.962890625,0.990234375,0.583984375,0.494140625,0.068359375,0.029296875,0.501953125,0.658203125,0.89140356
0.240234375,0.263671875,0.802734375,0.013671875,0.685546875,0.041015625,0.107421875,0.998046875,0.708984375,0.298828125,0.787109375,0.783203125,0.236328125,0.740234375,0.408203125,0.658203125,0.78156835
0.212890625,0.712890625,0.291015625,0.494140625,0.423828125,0.759765625,0.392578125,0.689453125,0.462890625,0.490234375,0.083984375,0.994140625,0.568359375,0.529296875,0.001953125,0.841796875,1.1489623
0.740234375,0.712890625,0.291015625,0.494140625,0.423828125,0.759765625,0.392578125,0.689453125,0.462890625,0.490234375,0.083984375,0.994140625,0.568359375,0.529296875,0.001953125,0.841796875,1.1489623
0.212890625,0.763671875,0.291015625,0.494140625,0.423828125,0.759765625,0.392578125,0.689453125,0.462890625,0.490234375,0.083984375,0.994140625,0.568359375,0.529296875,0.001953125,0.841796875,1.1595049
0.212890625,0.712890625,0.302734375,0.494140625,0.423828125,0.759765625,0.392578125,0.689453125,0.462890625,0.490234375,0.083984375,0.994140625,0.568359375,0.529296875,0.001953125,0.841796875,1.1483837
0.212890625,0.712890625,0.291015625,0.513671875,0.423828125,0.759765625,0.392578125,0.689453125,0.462890625,0.490234375,0.083984375,0.994140625,0.568359375,0.529296875,0.001953125,0.841796875,1.1521773
0.212890625,0.712890625,0.291015625,0.494140625,0.185546875,0.759765625,0.392578125,0.689453125,0.462890625,0.490234375,0.083984375,0.994140625,0.568359375,0.529296875,0.001953125,0.841796875,1.1463236
0.212890625,0.712890625,0.291015625,0.494140625,0.423828125,0.541015625,0.392578125,0.689453125,0.462890625,0.490234375,0.083984375,0.994140625,0.568359375,0.529296875,0.001953125,0.841796875,1.1489623
0.212890625,0.712890625,0.291015625,0.494140625,0.423828125,0.759765625,0.607421875,0.689453125,0.462890625,0.490234375,0.083984375,0.994140625,0.568359375,0.529296875,0.001953125,0.841796875,1.1246934
0.212890625,0.712890625,0.291015625,0.494140625,0.423828125,0.759765625,0.392578125,0.498046875,0.462890625,0.490234375,0.083984375,0.994140625,0.568359375,0.529296875,0.001953125,0.841796875,1.1491812
0.212890625,0.712890625,0.291015625,0.494140625,0.423828125,0.759765625,0.392578125,0.689453125,0.208984375,0.490234375,0.083984375,0.994140625,0.568359375,0.529296875,0.001953125,0.841796875,1.1070808
0.212890625,0.712890625,0.291015625,0.494140625,0.423828125,0.759765625,0.392578125,0.689453125,0.462890625,0.798828125,0.083984375,0.994140625,0.568359375,0.529296875,0.001953125,0.841796875,1.1492312
0.212890625,0.712890625,0.291015625,0.494140625,0.423828125,0.759765625,0.392578125,0.689453125,0.462890625,0.490234375,0.287109375,0.994140625,0.568359375,0.529296875,0.001953125,0.841796875,1.1399173
0.212890625,0.712890625,0.291015625,0.494140625,0.423828125,0.759765625,0.392578125,0.689453125,0.462890625,0.490234375,0.083984375,0.283203125,0.568359375,0.529296875,0.001953125,0.841796875,1.1409785
0.212890625,0.712890625,0.291015625,0.494140625,0.423828125,0.759765625,0.392578125,0.689453125,0.462890625,0.490234375,0.083984375,0.994140625,0.736328125,0.529296875,0.001953125,0.841796875,1.1492741
0.212890625,0.712890625,0.291015625,0.494140625,0.423828125,0.759765625,0.392578125,0.689453125,0.462890625,0.490234375,0.083984375,0.994140625,0.568359375,0.240234375,0.001953125,0.841796875,1.0915555
0.212890625,0.712890625,0.291015625,0.494140625,0.423828125,0.759765625,0.392578125,0.689453125,0.462890625,0.490234375,0.083984375,0.994140625,0.568359375,0.529296875,0.908203125,0.841796875,1.1169319
0.212890625,0.712890625,0.291015625,0.494140625,0.423828125,0.759765625,0.392578125,0.689453125,0.462890625,0.490234375,0.083984375,0.994140625,0.568359375,0.529296875,0.001953125,0.158203125,1.1489623
0.740234375,0.763671875,0.302734375,0.513671875,0.185546875,0.541015625,0.607421875,0.498046875,0.208984375,0.798828125,0.287109375,0.283203125,0.736328125,0.240234375,0.908203125,0.158203125,0.9876859
0.150390625,0.275390625,0.853515625,0.181640625,0.861328125,0.947265625,0.705078125,0.876953125,0.150390625,0.802734375,0.021484375,0.806640625,0.755859375,0.091796875,0.939453125,0.029296875,0.81840646
0.302734375,0.275390625,0.853515625,0.181640625,0.861328125,0.947265625,0.705078125,0.876953125,0.150390625,0.802734375,0.021484375,0.806640625,0.755859375,0.091796875,0.939453125,0.029296875,0.81840646
0.150390625,0.201171875,0.853515625,0.181640625,0.861328125,0.947265625,0.705078125,0.876953125,0.150390625,0.802734375,0.021484375,0.806640625,0.755859375,0.091796875,0.939453125,0.029296875,0.8105855
0.150390625,0.275390625,0.115234375,0.181640625,0.861328125,0.947265625,0.705078125,0.876953125,0.150390625,0.802734375,0.021484375,0.806640625,0.755859375,0.091796875,0.939453125,0.029296875,0.86714256
0.150390625,0.275390625,0.853515625,0.201171875,0.861328125,0.947265625,0.705078125,0.876953125,0.150390625,0.802734375,0.021484375,0.806640625,0.755859375,0.091796875,0.939453125,0.029296875,0.8188698
0.150390625,0.275390625,0.853515625,0.181640625,0.998046875,0.947265625,0.705078125,0.876953125,0.150390625,0.802734375,0.021484375,0.806640625,0.755859375,0.091796875,0.939453125,0.029296875,0.8212749
0.150390625,0.275390625,0.853515625,0.181640625,0.861328125,0.353515625,0.705078125,0.876953125,0.150390625,0.802734375,0.021484375,0.806640625,0.755859375,0.091796875,0.939453125,0.029296875,0.81840646
0.150390625,0.275390625,0.853515625,0.181640625,0.861328125,0.947265625,0.044921875,0.876953125,0.150390625,0.802734375,0.021484375,0.806640625,0.755859375,0.091796875,0.939453125,0.029296875,0.87884617
0.150390625,0.275390625,0.853515625,0.181640625,0.861328125,0.947265625,0.705078125,0.685546875,0.150390625,0.802734375,0.021484375,0.806640625,0.755859375,0.091796875,0.939453125,0.029296875,0.8184124
0.150390625,0.275390625,0.853515625,0.181640625,0.861328125,0.947265625,0.705078125,0.876953125,0.396484375,0.802734375,0.021484375,0.806640625,0.755859375,0.091796875,0.939453125,0.029296875,0.87649226
0.150390625,0.275390625,0.853515625,0.181640625,0.861328125,0.947265625,0.705078125,0.876953125,0.150390625,0.486328125,0.021484375,0.806640625,0.755859375,0.091796875,0.939453125,0.029296875,0.81811464
0.150390625,0.275390625,0.853515625,0.181640625,0.861328125,0.947265625,0.705078125,0.876953125,0.150390625,0.802734375,0.474609375,0.806640625,0.755859375,0.091796875,0.939453125,0.029296875,0.778188
0.150390625,0.275390625,0.853515625,0.181640625,0.861328125,0.947265625,0.705078125,0.876953125,0.150390625,0.802734375,0.021484375,0.595703125,0.755859375,0.091796875,0.939453125,0.029296875,0.81713057
0.150390625,0.275390625,0.853515625,0.181640625,0.861328125,0.947265625,0.705078125,0.876953125,0.150390625,0.802734375,0.021484375,0.806640625,0.923828125,0.091796875,0.939453125,0.029296875,0.8184195
0.150390625,0.275390625,0.853515625,0.181640625,0.861328125,0.947265625,0.705078125,0.876953125,0.150390625,0.802734375,0.021484375,0.806640625,0.755859375,0.677734375,0.939453125,0.029296875,0.936008
0.150390625,0.275390625,0.853515625,0.181640625,0.861328125,0.947265625,0.705078125,0.876953125,0.150390625,0.802734375,0.021484375,0.806640625,0.755859375,0.091796875,0.220703125,0.029296875,0.8479243
0.150390625,0.275390625,0.853515625,0.181640625,0.861328125,0.947265625,0.705078125,0.876953125,0.150390625,0.802734375,0.021484375,0.806640625,0.755859375,0.091796875,0.939453125,0.095703125,0.81840646
0.302734375,0.201171875,0.115234375,0.201171875,0.998046875,0.353515625,0.044921875,0.685546875,0.396484375,0.486328125,0.474609375,0.595703125,0.923828125,0.677734375,0.220703125,0.095703125,1.0865312
0.650390625,0.775390625,0.353515625,0.681640625,0.361328125,0.447265625,0.205078125,0.376953125,0.650390625,0.302734375,0.521484375,0.306640625,0.255859375,0.591796875,0.439453125,0.529296875,1.0964739
0.802734375,0.775390625,0.353515625,0.681640625,0.361328125,0.447265625,0.205078125,0.376953125,0.650390625,0.302734375,0.521484375,0.306640625,0.255859375,0.591796875,0.439453125,0.529296875,1.0964739
0.650390625,0.701171875,0.353515625,0.681640625,0.361328125,0.447265625,0.205078125,0.376953125,0.650390625,0.302734375,0.521484375,0.306640625,0.255859375,0.591796875,0.439453125,0.529296875,1.0810643
0.650390625,0.775390625,0.615234375,0.681640625,0.361328125,0.447265625,0.205078125,0.376953125,0.650390625,0.302734375,0.521484375,0.306640625,0.255859375,0.591796875,0.439453125,0.529296875,1.0795022
0.650390625,0.775390625,0.353515625,0.701171875,0.361328125,0.447265625,0.205078125,0.376953125,0.650390625,0.302734375,0.521484375,0.306640625,0.255859375,0.591796875,0.439453125,0.529296875,1.101842
0.650390625,0.775390625,0.353515625,0.681640625,0.498046875,0.447265625,0.205078125,0.376953125,0.650390625,0.302734375,0.521484375,0.306640625,0.255859375,0.591796875,0.439453125,0.529296875,1.0982231
0.650390625,0.775390625,0.353515625,0.681640625,0.361328125,0.853515625,0.205078125,0.376953125,0.650390625,0.302734375,0.521484375,0.306640625,0.255859375,0.591796875,0.439453125,0.529296875,1.0964739
0.650390625,0.775390625,0.353515625,0.681640625,0.361328125,0.447265625,0.544921875,0.376953125,0.650390625,0.302734375,0.521484375,0.306640625,0.255859375,0.591796875,0.439453125,0.529296875,1.0666059
0.650390625,0.775390625,0.353515625,0.681640625,0.361328125,0.447265625,0.205078125,0.185546875,0.650390625,0.302734375,0.521484375,0.306640625,0.255859375,0.591796875,0.439453125,0.529296875,1.096441
0.650390625,0.775390625,0.353515625,0.681640625,0.361328125,0.447265625,0.205078125,0.376953125,0.896484375,0.302734375,0.521484375,0.306640625,0.255859375,0.591796875,0.439453125,0.529296875,1.1223977
0.650390625,0.775390625,0.353515625,0.681640625,0.361328125,0.447265625,0.205078125,0.376953125,0.650390625,0.986328125,0.521484375,0.306640625,0.255859375,0.591796875,0.439453125,0.529296875,1.1079657
0.650390625,0.775390625,0.353515625,0.681640625,0.361328125,0.447265625,0.205078125,0.376953125,0.650390625,0.302734375,0.974609375,0.306640625,0.255859375,0.591796875,0.439453125,0.529296875,0.7324919
0.650390625,0.775390625,0.353515625,0.681640625,0.361328125,0.447265625,0.205078125,0.376953125,0.650390625,0.302734375,0.521484375,0.095703125,0.255859375,0.591796875,0.439453125,0.529296875,1.0876691
0.650390625,0.775390625,0.353515625,0.681640625,0.361328125,0.447265625,0.205078125,0.376953125,0.650390625,0.302734375,0.521484375,0.306640625,0.423828125,0.591796875,0.439453125,0.529296875,1.0964413
0.650390625,0.775390625,0.353515625,0.681640625,0.361328125,0.447265625,0.205078125,0.376953125,0.650390625,0.302734375,0.521484375,0.306640625,0.255859375,0.177734375,0.439453125,0.529296875,1.013947
0.650390625,0.775390625,0.353515625,0.681640625,0.361328125,0.447265625,0.205078125,0.376953125,0.650390625,0.302734375,0.521484375,0.306640625,0.255859375,0.591796875,0.720703125,0.529296875,1.0850893
0.650390625,0.775390625,0.353515625,0.681640625,0.361328125,0.447265625,0.205078125,0.376953125,0.650390625,0.302734375,0.521484375,0.306640625,0.255859375,0.591796875,0.439453125,0.595703125,1.0964739
0.802734375,0.701171875,0.615234375,0.701171875,0.498046875,0.853515625,0.544921875,0.185546875,0.896484375,0.986328125,0.974609375,0.095703125,0.423828125,0.177734375,0.720703125,0.595703125,0.611993
0.900390625,0.025390625,0.603515625,0.431640625,0.111328125,0.197265625,0.955078125,0.126953125,0.900390625,0.052734375,0.771484375,0.056640625,0.505859375,0.341796875,0.189453125,0.279296875,-0.99648863
0.552734375,0.025390625,0.603515625,0.431640625,0.111328125,0.197265625,0.955078125,0.126953125,0.900390625,0.052734375,0.771484375,0.056640625,0.505859375,0.341796875,0.189453125,0.279296875,-0.99648863
0.900390625,0.451171875,0.603515625,0.431640625,0.111328125,0.197265625,0.955078125,0.126953125,0.900390625,0.052734375,0.771484375,0.056640625,0.505859375,0.341796875,0.189453125,0.279296875,-0.9511929
0.900390625,0.025390625,0.865234375,0.431640625,0.111328125,0.197265625,0.955078125,0.126953125,0.900390625,0.052734375,0.771484375,0.056640625,0.505859375,0.341796875,0.189453125,0.279296875,-1.0196426
0.900390625,0.025390625,0.603515625,0.451171875,0.111328125,0.197265625,0.955078125,0.126953125,0.900390625,0.052734375,0.771484375,0.056640625,0.505859375,0.341796875,0.189453125,0.279296875,-0.99415416
0.900390625,0.025390625,0.603515625,0.431640625,0.748046875,0.197265625,0.955078125,0.126953125,0.900390625,0.052734375,0.771484375,0.056640625,0.505859375,0.341796875,0.189453125,0.279296875,-0.9882603
0.900390625,0.025390625,0.603515625,0.431640625,0.111328125,0.603515625,0.955078125,0.126953125,0.900390625,0.052734375,0.771484375,0.056640625,0.505859375,0.341796875,0.189453125,0.279296875,-0.99648863
0.900390625,0.025390625,0.603515625,0.431640625,0.111328125,0.197265625,0.294921875,0.126953125,0.900390625,0.052734375,0.771484375,0.056640625,0.505859375,0.341796875,0.189453125,0.279296875,-0.898271
0.900390625,0.025390625,0.603515625,0.431640625,0.111328125,0.197265625,0.955078125,0.935546875,0.900390625,0.052734375,0.771484375,0.056640625,0.505859375,0.341796875,0.189453125,0.279296875,-0.99648994
0.900390625,0.025390625,0.603515625,0.431640625,0.111328125,0.197265625,0.955078125,0.126953125,0.146484375,0.052734375,0.771484375,0.056640625,0.505859375,0.341796875,0.189453125,0.279296875,-1.0291648
0.900390625,0.025390625,0.603515625,0.431640625,0.111328125,0.197265625,0.955078125,0.126953125,0.900390625,0.736328125,0.771484375,0.056640625,0.505859375,0.341796875,0.189453125,0.279296875,0.6328753
0.900390625,0.025390625,0.603515625,0.431640625,0.111328125,0.197265625,0.955078125,0.126953125,0.900390625,0.052734375,0.224609375,0.056640625,0.505859375,0.341796875,0.189453125,0.279296875,-0.78075325
0.900390625,0.025390625,0.603515625,0.431640625,0.111328125,0.197265625,0.955078125,0.126953125,0.900390625,0.052734375,0.771484375,0.345703125,0.505859375,0.341796875,0.189453125,0.279296875,-0.9843616
0.900390625,0.025390625,0.603515625,0.431640625,0.111328125,0.197265625,0.955078125,0.126953125,0.900390625,0.052734375,0.771484375,0.056640625,0.673828125,0.341796875,0.189453125,0.279296875,-0.99626976
0.900390625,0.025390625,0.603515625,0.431640625,0.111328125,0.197265625,0.955078125,0.126953125,0.900390625,0.052734375,0.771484375,0.056640625,0.505859375,0.427734375,0.189453125,0.279296875,-0.97947496
0.900390625,0.025390625,0.603515625,0.431640625,0.111328125,0.197265625,0.955078125,0.126953125,0.900390625,0.052734375,0.771484375,0.056640625,0.505859375,0.341796875,0.470703125,0.279296875,-1.0045644
0.900390625,0.025390625,0.603515625,0.431640625,0.111328125,0.197265625,0.955078125,0.126953125,0.900390625,0.052734375,0.771484375,0.056640625,0.505859375,0.341796875,0.189453125,0.345703125,-0.99648863
0.552734375,0.451171875,0.865234375,0.451171875,0.748046875,0.603515625,0.294921875,0.935546875,0.146484375,0.736328125,0.224609375,0.345703125,0.673828125,0.427734375,0.470703125,0.345703125,0.9681395
0.400390625,0.525390625,0.103515625,0.931640625,0.611328125,0.697265625,0.455078125,0.626953125,0.400390625,0.552734375,0.271484375,0.556640625,0.005859375,0.841796875,0.689453125,0.779296875,1.2810366
0.052734375,0.525390625,0.103515625,0.931640625,0.611328125,0.697265625,0.455078125,0.626953125,0.400390625,0.552734375,0.271484375,0.556640625,0.005859375,0.841796875,0.689453125,0.779296875,1.2810366
0.400390625,0.951171875,0.103515625,0.931640625,0.611328125,0.697265625,0.455078125,0.626953125,0.400390625,0.552734375,0.271484375,0.556640625,0.005859375,0.841796875,0.689453125,0.779296875,1.3698682
0.400390625,0.525390625,0.365234375,0.931640625,0.611328125,0.697265625,0.455078125,0.626953125,0.400390625,0.552734375,0.271484375,0.556640625,0.005859375,0.841796875,0.689453125,0.779296875,1.2692868
0.400390625,0.525390625,0.103515625,0.951171875,0.611328125,0.697265625,0.455078125,0.626953125,0.400390625,0.552734375,0.271484375,0.556640625,0.005859375,0.841796875,0.689453125,0.779296875,1.283827
0.400390625,0.525390625,0.103515625,0.931640625,0.248046875,0.697265625,0.455078125,0.626953125,0.400390625,0.552734375,0.271484375,0.556640625,0.005859375,0.841796875,0.689453125,0.779296875,1.2763753
0.400390625,0.525390625,0.103515625,0.931640625,0.611328125,0.103515625,0.455078125,0.626953125,0.400390625,0.552734375,0.271484375,0.556640625,0.005859375,0.841796875,0.689453125,0.779296875,1.2810366
0.400390625,0.525390625,0.103515625,0.931640625,0.611328125,0.697265625,0.794921875,0.626953125,0.400390625,0.552734375,0.271484375,0.556640625,0.005859375,0.841796875,0.689453125,0.779296875,1.2319473
0.400390625,0.525390625,0.103515625,0.931640625,0.611328125,0.697265625,0.455078125,0.435546875,0.400390625,0.552734375,0.271484375,0.556640625,0.005859375,0.841796875,0.689453125,0.779296875,1.2812476
0.400390625,0.525390625,0.103515625,0.931640625,0.611328125,0.697265625,0.455078125,0.626953125,0.646484375,0.552734375,0.271484375,0.556640625,0.005859375,0.841796875,0.689453125,0.779296875,1.2286056
0.400390625,0.525390625,0.103515625,0.931640625,0.611328125,0.697265625,0.455078125,0.626953125,0.400390625,0.236328125,0.271484375,0.556640625,0.005859375,0.841796875,0.689453125,0.779296875,1.2377799
0.400390625,0.525390625,0.103515625,0.931640625,0.611328125,0.697265625,0.455078125,0.626953125,0.400390625,0.552734375,0.724609375,0.556640625,0.005859375,0.841796875,0.689453125,0.779296875,1.1114955
0.400390625,0.525390625,0.103515625,0.931640625,0.611328125,0.697265625,0.455078125,0.626953125,0.400390625,0.552734375,0.271484375,0.845703125,0.005859375,0.841796875,0.689453125,0.779296875,1.2828462
0.400390625,0.525390625,0.103515625,0.931640625,0.611328125,0.697265625,0.455078125,0.626953125,0.400390625,0.552734375,0.271484375,0.556640625,0.173828125,0.841796875,0.689453125,0.779296875,1.281034
0.400390625,0.525390625,0.103515625,0.931640625,0.611328125,0.697265625,0.455078125,0.626953125,0.400390625,0.552734375,0.271484375,0.556640625,0.005859375,0.927734375,0.689453125,0.779296875,1.310624
0.400390625,0.525390625,0.103515625,0.931640625,0.611328125,0.697265625,0.455078125,0.626953125,0.400390625,0.552734375,0.271484375,0.556640625,0.005859375,0.841796875,0.970703125,0.779296875,1.2657746
0.400390625,0.525390625,0.103515625,0.931640625,0.611328125,0.697265625,0.455078125,0.626953125,0.400390625,0.552734375,0.271484375,0.556640625,0.005859375,0.841796875,0.689453125,0.845703125,1.2810366
0.052734375,0.951171875,0.365234375,0.951171875,0.248046875,0.103515625,0.794921875,0.435546875,0.646484375,0.236328125,0.724609375,0.845703125,0.173828125,0.927734375,0.970703125,0.845703125,1.0582722
0.275390625,0.150390625,0.478515625,0.806640625,0.736328125,0.822265625,0.830078125,0.001953125,0.775390625,0.427734375,0.896484375,0.681640625,0.630859375,0.716796875,0.564453125,0.904296875,0.7069549
0.177734375,0.150390625,0.478515625,0.806640625,0.736328125,0.822265625,0.830078125,0.001953125,0.775390625,0.427734375,0.896484375,0.681640625,0.630859375,0.716796875,0.564453125,0.904296875,0.7069549
0.275390625,0.826171875,0.478515625,0.806640625,0.736328125,0.822265625,0.830078125,0.001953125,0.775390625,0.427734375,0.896484375,0.681640625,0.630859375,0.716796875,0.564453125,0.904296875,0.8115591
0.275390625,0.150390625,0.990234375,0.806640625,0.736328125,0.822265625,0.830078125,0.001953125,0.775390625,0.427734375,0.896484375,0.681640625,0.630859375,0.716796875,0.564453125,0.904296875,0.66144174
0.275390625,0.150390625,0.478515625,0.076171875,0.736328125,0.822265625,0.830078125,0.001953125,0.775390625,0.427734375,0.896484375,0.681640625,0.630859375,0.716796875,0.564453125,0.904296875,0.6071997
0.275390625,0.150390625,0.478515625,0.806640625,0.873046875,0.822265625,0.830078125,0.001953125,0.775390625,0.427734375,0.896484375,0.681640625,0.630859375,0.716796875,0.564453125,0.904296875,0.70951766
0.275390625,0.150390625,0.478515625,0.806640625,0.736328125,0.478515625,0.830078125,0.001953125,0.775390625,0.427734375,0.896484375,0.681640625,0.630859375,0.716796875,0.564453125,0.904296875,0.7069549
0.275390625,0.150390625,0.478515625,0.806640625,0.736328125,0.822265625,0.419921875,0.001953125,0.775390625,0.427734375,0.896484375,0.681640625,0.630859375,0.716796875,0.564453125,0.904296875,0.7664932
0.275390625,0.150390625,0.478515625,0.806640625,0.736328125,0.822265625,0.830078125,0.310546875,0.775390625,0.427734375,0.896484375,0.681640625,0.630859375,0.716796875,0.564453125,0.904296875,0.7069666
0.275390625,0.150390625,0.478515625,0.806640625,0.736328125,0.822265625,0.830078125,0.001953125,0.521484375,0.427734375,0.896484375,0.681640625,0.630859375,0.716796875,0.564453125,0.904296875,0.7495363
0.275390625,0.150390625,0.478515625,0.806640625,0.736328125,0.822265625,0.830078125,0.001953125,0.775390625,0.611328125,0.896484375,0.681640625,0.630859375,0.716796875,0.564453125,0.904296875,0.70787615
0.275390625,0.150390625,0.478515625,0.806640625,0.736328125,0.822265625,0.830078125,0.001953125,0.775390625,0.427734375,0.099609375,0.681640625,0.630859375,0.716796875,0.564453125,0.904296875,1.0530831
0.275390625,0.150390625,0.478515625,0.806640625,0.736328125,0.822265625,0.830078125,0.001953125,0.775390625,0.427734375,0.896484375,0.220703125,0.630859375,0.716796875,0.564453125,0.904296875,0.6973948
0.275390625,0.150390625,0.478515625,0.806640625,0.736328125,0.822265625,0.830078125,0.001953125,0.775390625,0.427734375,0.896484375,0.681640625,0.798828125,0.716796875,0.564453125,0.904296875,0.707077
0.275390625,0.150390625,0.478515625,0.806640625,0.736328125,0.822265625,0.830078125,0.001953125,0.775390625,0.427734375,0.896484375,0.681640625,0.630859375,0.552734375,0.564453125,0.904296875,0.66354406
0.275390625,0.150390625,0.478515625,0.806640625,0.736328125,0.822265625,0.830078125,0.001953125,0.775390625,0.427734375,0.896484375,0.681640625,0.630859375,0.716796875,0.345703125,0.904296875,0.71445835
0.275390625,0.150390625,0.478515625,0.806640625,0.736328125,0.822265625,0.830078125,0.001953125,0.775390625,0.427734375,0.896484375,0.681640625,0.630859375,0.716796875,0.564453125,0.220703125,0.7069549
0.177734375,0.826171875,0.990234375,0.076171875,0.873046875,0.478515625,0.419921875,0.310546875,0.521484375,0.611328125,0.099609375,0.220703125,0.798828125,0.552734375,0.345703125,0.220703125,1.0726888
0.775390625,0.650390625,0.978515625,0.306640625,0.236328125,0.322265625,0.330078125,0.501953125,0.275390625,0.927734375,0.396484375,0.181640625,0.130859375,0.216796875,0.064453125,0.404296875,0.94955367
0.677734375,0.650390625,0.978515625,0.306640625,0.236328125,0.322265625,0.330078125,0.501953125,0.275390625,0.927734375,0.396484375,0.181640625,0.130859375,0.216796875,0.064453125,0.404296875,0.94955367
0.775390625,0.326171875,0.978515625,0.306640625,0.236328125,0.322265625,0.330078125,0.501953125,0.275390625,0.927734375,0.396484375,0.181640625,0.130859375,0.216796875,0.064453125,0.404296875,0.9000205
0.775390625,0.650390625,0.490234375,0.306640625,0.236328125,0.322265625,0.330078125,0.501953125,0.275390625,0.927734375,0.396484375,0.181640625,0.130859375,0.216796875,0.064453125,0.404296875,0.9929543
0.775390625,0.650390625,0.978515625,0.576171875,0.236328125,0.322265625,0.330078125,0.501953125,0.275390625,0.927734375,0.396484375,0.181640625,0.130859375,0.216796875,0.064453125,0.404296875,0.9833936
0.775390625,0.650390625,0.978515625,0.306640625,0.373046875,0.322265625,0.330078125,0.501953125,0.275390625,0.927734375,0.396484375,0.181640625,0.130859375,0.216796875,0.064453125,0.404296875,0.95106596
0.775390625,0.650390625,0.978515625,0.306640625,0.236328125,0.978515625,0.330078125,0.501953125,0.275390625,0.927734375,0.396484375,0.181640625,0.130859375,0.216796875,0.064453125,0.404296875,0.94955367
0.775390625,0.650390625,0.978515625,0.306640625,0.236328125,0.322265625,0.919921875,0.501953125,0.275390625,0.927734375,0.396484375,0.181640625,0.130859375,0.216796875,0.064453125,0.404296875,0.8624983
0.775390625,0.650390625,0.978515625,0.306640625,0.236328125,0.322265625,0.330078125,0.810546875,0.275390625,0.927734375,0.396484375,0.181640625,0.130859375,0.216796875,0.064453125,0.404296875,0.9493301
0.775390625,0.650390625,0.978515625,0.306640625,0.236328125,0.322265625,0.330078125,0.501953125,0.021484375,0.927734375,0.396484375,0.181640625,0.130859375,0.216796875,0.064453125,0.404296875,0.9215275
0.775390625,0.650390625,0.978515625,0.306640625,0.236328125,0.322265625,0.330078125,0.501953125,0.275390625,0.111328125,0.396484375,0.181640625,0.130859375,0.216796875,0.064453125,0.404296875,0.4286148
0.775390625,0.650390625,0.978515625,0.306640625,0.236328125,0.322265625,0.330078125,0.501953125,0.275390625,0.927734375,0.599609375,0.181640625,0.130859375,0.216796875,0.064453125,0.404296875,0.88300174
0.775390625,0.650390625,0.978515625,0.306640625,0.236328125,0.322265625,0.330078125,0.501953125,0.275390625,0.927734375,0.396484375,0.720703125,0.130859375,0.216796875,0.064453125,0.404296875,0.9609624
0.775390625,0.650390625,0.978515625,0.306640625,0.236328125,0.322265625,0.330078125,0.501953125,0.275390625,0.927734375,0.396484375,0.181640625,0.298828125,0.216796875,0.064453125,0.404296875,0.9495468
0.775390625,0.650390625,0.978515625,0.306640625,0.236328125,0.322265625,0.330078125,0.501953125,0.275390625,0.927734375,0.396484375,0.181640625,0.130859375,0.052734375,0.064453125,0.404296875,0.925952
0.775390625,0.650390625,0.978515625,0.306640625,0.236328125,0.322265625,0.330078125,0.501953125,0.275390625,0.927734375,0.396484375,0.181640625,0.130859375,0.216796875,0.845703125,0.404296875,0.92216337
0.775390625,0.650390625,0.978515625,0.306640625,0.236328125,0.322265625,0.330078125,0.501953125,0.275390625,0.927734375,0.396484375,0.181640625,0.130859375,0.216796875,0.064453125,0.720703125,0.94955367
0.677734375,0.326171875,0.490234375,0.576171875,0.373046875,0.978515625,0.919921875,0.810546875,0.021484375,0.111328125,0.599609375,0.720703125,0.298828125,0.052734375,0.845703125,0.720703125,0.23638724
0.525390625,0.400390625,0.228515625,0.556640625,0.486328125,0.072265625,0.580078125,0.751953125,0.025390625,0.677734375,0.146484375,0.431640625,0.880859375,0.966796875,0.314453125,0.654296875,1.1603544
0.927734375,0.400390625,0.228515625,0.556640625,0.486328125,0.072265625,0.580078125,0.751953125,0.025390625,0.677734375,0.146484375,0.431640625,0.880859375,0.966796875,0.314453125,0.654296875,1.1603544
0.525390625,0.576171875,0.228515625,0.556640625,0.486328125,0.072265625,0.580078125,0.751953125,0.025390625,0.677734375,0.146484375,0.431640625,0.880859375,0.966796875,0.314453125,0.654296875,1.1871351
0.525390625,0.400390625,0.240234375,0.556640625,0.486328125,0.072265625,0.580078125,0.751953125,0.025390625,0.677734375,0.146484375,0.431640625,0.880859375,0.966796875,0.314453125,0.654296875,1.1598302
0.525390625,0.400390625,0.228515625,0.326171875,0.486328125,0.072265625,0.580078125,0.751953125,0.025390625,0.677734375,0.146484375,0.431640625,0.880859375,0.966796875,0.314453125,0.654296875,1.131759
0.525390625,0.400390625,0.228515625,0.556640625,0.623046875,0.072265625,0.580078125,0.751953125,0.025390625,0.677734375,0.146484375,0.431640625,0.880859375,0.966796875,0.314453125,0.654296875,1.1623574
0.525390625,0.400390625,0.228515625,0.556640625,0.486328125,0.728515625,0.580078125,0.751953125,0.025390625,0.677734375,0.146484375,0.431640625,0.880859375,0.966796875,0.314453125,0.654296875,1.1603544
0.525390625,0.400390625,0.228515625,0.556640625,0.486328125,0.072265625,0.169921875,0.751953125,0.025390625,0.677734375,0.146484375,0.431640625,0.880859375,0.966796875,0.314453125,0.654296875,1.1966497
0.525390625,0.400390625,0.228515625,0.556640625,0.486328125,0.072265625,0.580078125,0.060546875,0.025390625,0.677734375,0.146484375,0.431640625,0.880859375,0.966796875,0.314453125,0.654296875,1.1603518
0.525390625,0.400390625,0.228515625,0.556640625,0.486328125,0.072265625,0.580078125,0.751953125,0.771484375,0.677734375,0.146484375,0.431640625,0.880859375,0.966796875,0.314453125,0.654296875,1.155071
0.525390625,0.400390625,0.228515625,0.556640625,0.486328125,0.072265625,0.580078125,0.751953125,0.025390625,0.361328125,0.146484375,0.431640625,0.880859375,0.966796875,0.314453125,0.654296875,1.1567991
0.525390625,0.400390625,0.228515625,0.556640625,0.486328125,0.072265625,0.580078125,0.751953125,0.025390625,0.677734375,0.349609375,0.431640625,0.880859375,0.966796875,0.314453125,0.654296875,1.1465476
0.525390625,0.400390625,0.228515625,0.556640625,0.486328125,0.072265625,0.580078125,0.751953125,0.025390625,0.677734375,0.146484375,0.970703125,0.880859375,0.966796875,0.314453125,0.654296875,1.1643339
0.525390625,0.400390625,0.228515625,0.556640625,0.486328125,0.072265625,0.580078125,0.751953125,0.025390625,0.677734375,0.146484375,0.431640625,0.548828125,0.966796875,0.314453125,0.654296875,1.1600268
0.525390625,0.400390625,0.228515625,0.556640625,0.486328125,0.072265625,0.580078125,0.751953125,0.025390625,0.677734375,0.146484375,0.431640625,0.880859375,0.302734375,0.314453125,0.654296875,0.9821842
0.525390625,0.400390625,0.228515625,0.556640625,0.486328125,0.072265625,0.580078125,0.751953125,0.025390625,0.677734375,0.146484375,0.431640625,0.880859375,0.966796875,0.095703125,0.654296875,1.1655054
0.525390625,0.400390625,0.228515625,0.556640625,0.486328125,0.072265625,0.580078125,0.751953125,0.025390625,0.677734375,0.146484375,0.431640625,0.880859375,0.966796875,0.314453125,0.470703125,1.1603545
0.927734375,0.576171875,0.240234375,0.326171875,0.623046875,0.728515625,0.169921875,0.060546875,0.771484375,0.361328125,0.349609375,0.970703125,0.548828125,0.302734375,0.095703125,0.470703125,1.0042986
0.025390625,0.900390625,0.728515625,0.056640625,0.986328125,0.572265625,0.080078125,0.251953125,0.525390625,0.177734375,0.646484375,0.931640625,0.380859375,0.466796875,0.814453125,0.154296875,0.8558619
0.427734375,0.900390625,0.728515625,0.056640625,0.986328125,0.572265625,0.080078125,0.251953125,0.525390625,0.177734375,0.646484375,0.931640625,0.380859375,0.466796875,0.814453125,0.154296875,0.8558619
0.025390625,0.076171875,0.728515625,0.056640625,0.986328125,0.572265625,0.080078125,0.251953125,0.525390625,0.177734375,0.646484375,0.931640625,0.380859375,0.466796875,0.814453125,0.154296875,0.7272304
0.025390625,0.900390625,0.740234375,0.056640625,0.986328125,0.572265625,0.080078125,0.251953125,0.525390625,0.177734375,0.646484375,0.931640625,0.380859375,0.466796875,0.814453125,0.154296875,0.85482705
0.025390625,0.900390625,0.728515625,0.826171875,0.986328125,0.572265625,0.080078125,0.251953125,0.525390625,0.177734375,0.646484375,0.931640625,0.380859375,0.466796875,0.814453125,0.154296875,0.96042657
0.025390625,0.900390625,0.728515625,0.056640625,0.123046875,0.572265625,0.080078125,0.251953125,0.525390625,0.177734375,0.646484375,0.931640625,0.380859375,0.466796875,0.814453125,0.154296875,0.8430033
0.025390625,0.900390625,0.728515625,0.056640625,0.986328125,0.228515625,0.080078125,0.251953125,0.525390625,0.177734375,0.646484375,0.931640625,0.380859375,0.466796875,0.814453125,0.154296875,0.8558619
0.025390625,0.900390625,0.728515625,0.056640625,0.986328125,0.572265625,0.669921875,0.251953125,0.525390625,0.177734375,0.646484375,0.931640625,0.380859375,0.466796875,0.814453125,0.154296875,0.8024528
0.025390625,0.900390625,0.728515625,0.056640625,0.986328125,0.572265625,0.080078125,0.560546875,0.525390625,0.177734375,0.646484375,0.931640625,0.380859375,0.466796875,0.814453125,0.154296875,0.85590464
0.025390625,0.900390625,0.728515625,0.056640625,0.986328125,0.572265625,0.080078125,0.251953125,0.271484375,0.177734375,0.646484375,0.931640625,0.380859375,0.466796875,0.814453125,0.154296875,0.8467779
0.025390625,0.900390625,0.728515625,0.056640625,0.986328125,0.572265625,0.080078125,0.251953125,0.525390625,0.861328125,0.646484375,0.931640625,0.380859375,0.466796875,0.814453125,0.154296875,0.995373
0.025390625,0.900390625,0.728515625,0.056640625,0.986328125,0.572265625,0.080078125,0.251953125,0.525390625,0.177734375,0.849609375,0.931640625,0.380859375,0.466796875,0.814453125,0.154296875,0.67369395
0.025390625,0.900390625,0.728515625,0.056640625,0.986328125,0.572265625,0.080078125,0.251953125,0.525390625,0.177734375,0.646484375,0.470703125,0.380859375,0.466796875,0.814453125,0.154296875,0.8526543
0.025390625,0.900390625,0.728515625,0.056640625,0.986328125,0.572265625,0.080078125,0.251953125,0.525390625,0.177734375,0.646484375,0.931640625,0.048828125,0.466796875,0.814453125,0.154296875,0.8558824
0.025390625,0.900390625,0.728515625,0.056640625,0.986328125,0.572265625,0.080078125,0.251953125,0.525390625,0.177734375,0.646484375,0.931640625,0.380859375,0.802734375,0.814453125,0.154296875,0.94500905
0.025390625,0.900390625,0.728515625,0.056640625,0.986328125,0.572265625,0.080078125,0.251953125,0.525390625,0.177734375,0.646484375,0.931640625,0.380859375,0.466796875,0.595703125,0.154296875,0.86616
0.025390625,0.900390625,0.728515625,0.056640625,0.986328125,0.572265625,0.080078125,0.251953125,0.525390625,0.177734375,0.646484375,0.931640625,0.380859375,0.466796875,0.814453125,0.970703125,0.8558619
0.427734375,0.076171875,0.740234375,0.826171875,0.123046875,0.228515625,0.669921875,0.560546875,0.271484375,0.861328125,0.849609375,0.470703125,0.048828125,0.802734375,0.595703125,0.970703125,0.8090528
0.017578125,0.298828125,0.205078125,0.673828125,0.525390625,0.767578125,0.166015625,0.322265625,0.923828125,0.654296875,0.232421875,0.470703125,0.513671875,0.208984375,0.291015625,0.380859375,1.0525659
0.607421875,0.298828125,0.205078125,0.673828125,0.525390625,0.767578125,0.166015625,0.322265625,0.923828125,0.654296875,0.232421875,0.470703125,0.513671875,0.208984375,0.291015625,0.380859375,1.0525659
0.017578125,0.146484375,0.205078125,0.673828125,0.525390625,0.767578125,0.166015625,0.322265625,0.923828125,0.654296875,0.232421875,0.470703125,0.513671875,0.208984375,0.291015625,0.380859375,1.0368994
0.017578125,0.298828125,0.076171875,0.673828125,0.525390625,0.767578125,0.166015625,0.322265625,0.923828125,0.654296875,0.232421875,0.470703125,0.513671875,0.208984375,0.291015625,0.380859375,1.0574943
0.017578125,0.298828125,0.205078125,0.115234375,0.525390625,0.767578125,0.166015625,0.322265625,0.923828125,0.654296875,0.232421875,0.470703125,0.513671875,0.208984375,0.291015625,0.380859375,0.98876107
0.017578125,0.298828125,0.205078125,0.673828125,0.583984375,0.767578125,0.166015625,0.322265625,0.923828125,0.654296875,0.232421875,0.470703125,0.513671875,0.208984375,0.291015625,0.380859375,1.053424
0.017578125,0.298828125,0.205078125,0.673828125,0.525390625,0.267578125,0.166015625,0.322265625,0.923828125,0.654296875,0.232421875,0.470703125,0.513671875,0.208984375,0.291015625,0.380859375,1.0525659
0.017578125,0.298828125,0.205078125,0.673828125,0.525390625,0.767578125,0.755859375,0.322265625,0.923828125,0.654296875,0.232421875,0.470703125,0.513671875,0.208984375,0.291015625,0.380859375,0.98882616
0.017578125,0.298828125,0.205078125,0.673828125,0.525390625,0.767578125,0.166015625,0.349609375,0.923828125,0.654296875,0.232421875,0.470703125,0.513671875,0.208984375,0.291015625,0.380859375,1.0525733
0.017578125,0.298828125,0.205078125,0.673828125,0.525390625,0.767578125,0.166015625,0.322265625,0.482421875,0.654296875,0.232421875,0.470703125,0.513671875,0.208984375,0.291015625,0.380859375,1.0648818
0.017578125,0.298828125,0.205078125,0.673828125,0.525390625,0.767578125,0.166015625,0.322265625,0.923828125,0.650390625,0.232421875,0.470703125,0.513671875,0.208984375,0.291015625,0.380859375,1.052564
0.017578125,0.298828125,0.205078125,0.673828125,0.525390625,0.767578125,0.166015625,0.322265625,0.923828125,0.654296875,0.326171875,0.470703125,0.513671875,0.208984375,0.291015625,0.380859375,1.0451474
0.017578125,0.298828125,0.205078125,0.673828125,0.525390625,0.767578125,0.166015625,0.322265625,0.923828125,0.654296875,0.232421875,0.478515625,0.513671875,0.208984375,0.291015625,0.380859375,1.0527061
0.017578125,0.298828125,0.205078125,0.673828125,0.525390625,0.767578125,0.166015625,0.322265625,0.923828125,0.654296875,0.232421875,0.470703125,0.478515625,0.208984375,0.291015625,0.380859375,1.052784
0.017578125,0.298828125,0.205078125,0.673828125,0.525390625,0.767578125,0.166015625,0.322265625,0.923828125,0.654296875,0.232421875,0.470703125,0.513671875,0.623046875,0.291015625,0.380859375,1.1382526
0.017578125,0.298828125,0.205078125,0.673828125,0.525390625,0.767578125,0.166015625,0.322265625,0.923828125,0.654296875,0.232421875,0.470703125,0.513671875,0.208984375,0.962890625,0.380859375,1.023399
0.017578125,0.298828125,0.205078125,0.673828125,0.525390625,0.767578125,0.166015625,0.322265625,0.923828125,0.654296875,0.232421875,0.470703125,0.513671875,0.208984375,0.291015625,0.853515625,1.0525658
0.607421875,0.146484375,0.076171875,0.115234375,0.583984375,0.267578125,0.755859375,0.349609375,0.482421875,0.650390625,0.326171875,0.478515625,0.478515625,0.623046875,0.962890625,0.853515625,0.97692245
0.517578125,0.798828125,0.705078125,0.173828125,0.025390625,0.267578125,0.666015625,0.822265625,0.423828125,0.154296875,0.732421875,0.970703125,0.013671875,0.708984375,0.791015625,0.880859375,0.69861645
0.107421875,0.798828125,0.705078125,0.173828125,0.025390625,0.267578125,0.666015625,0.822265625,0.423828125,0.154296875,0.732421875,0.970703125,0.013671875,0.708984375,0.791015625,0.880859375,0.69861645
0.517578125,0.646484375,0.705078125,0.173828125,0.025390625,0.267578125,0.666015625,0.822265625,0.423828125,0.154296875,0.732421875,0.970703125,0.013671875,0.708984375,0.791015625,0.880859375,0.6675366
0.517578125,0.798828125,0.576171875,0.173828125,0.025390625,0.267578125,0.666015625,0.822265625,0.423828125,0.154296875,0.732421875,0.970703125,0.013671875,0.708984375,0.791015625,0.880859375,0.70880693
0.517578125,0.798828125,0.705078125,0.615234375,0.025390625,0.267578125,0.666015625,0.822265625,0.423828125,0.154296875,0.732421875,0.970703125,0.013671875,0.708984375,0.791015625,0.880859375,0.74614704
0.517578125,0.798828125,0.705078125,0.173828125,0.083984375,0.267578125,0.666015625,0.822265625,0.423828125,0.154296875,0.732421875,0.970703125,0.013671875,0.708984375,0.791015625,0.880859375,0.69908345
0.517578125,0.798828125,0.705078125,0.173828125,0.025390625,0.767578125,0.666015625,0.822265625,0.423828125,0.154296875,0.732421875,0.970703125,0.013671875,0.708984375,0.791015625,0.880859375,0.69861645
0.517578125,0.798828125,0.705078125,0.173828125,0.025390625,0.267578125,0.255859375,0.822265625,0.423828125,0.154296875,0.732421875,0.970703125,0.013671875,0.708984375,0.791015625,0.880859375,0.7420426
0.517578125,0.798828125,0.705078125,0.173828125,0.025390625,0.267578125,0.666015625,0.849609375,0.423828125,0.154296875,0.732421875,0.970703125,0.013671875,0.708984375,0.791015625,0.880859375,0.698616
0.517578125,0.798828125,0.705078125,0.173828125,0.025390625,0.267578125,0.666015625,0.822265625,0.982421875,0.154296875,0.732421875,0.970703125,0.013671875,0.708984375,0.791015625,0.880859375,0.69338584
0.517578125,0.798828125,0.705078125,0.173828125,0.025390625,0.267578125,0.666015625,0.822265625,0.423828125,0.150390625,0.732421875,0.970703125,0.013671875,0.708984375,0.791015625,0.880859375,0.68066263
0.517578125,0.798828125,0.705078125,0.173828125,0.025390625,0.267578125,0.666015625,0.822265625,0.423828125,0.154296875,0.826171875,0.970703125,0.013671875,0.708984375,0.791015625,0.880859375,0.6076342
0.517578125,0.798828125,0.705078125,0.173828125,0.025390625,0.267578125,0.666015625,0.822265625,0.423828125,0.154296875,0.732421875,0.978515625,0.013671875,0.708984375,0.791015625,0.880859375,0.69861674
0.517578125,0.798828125,0.705078125,0.173828125,0.025390625,0.267578125,0.666015625,0.822265625,0.423828125,0.154296875,0.732421875,0.970703125,0.978515625,0.708984375,0.791015625,0.880859375,0.69861484
0.517578125,0.798828125,0.705078125,0.173828125,0.025390625,0.267578125,0.666015625,0.822265625,0.423828125,0.154296875,0.732421875,0.970703125,0.013671875,0.123046875,0.791015625,0.880859375,0.57653326
0.517578125,0.798828125,0.705078125,0.173828125,0.025390625,0.267578125,0.666015625,0.822265625,0.423828125,0.154296875,0.732421875,0.970703125,0.013671875,0.708984375,0.462890625,0.880859375,0.7127088
0.517578125,0.798828125,0.705078125,0.173828125,0.025390625,0.267578125,0.666015625,0.822265625,0.423828125,0.154296875,0.732421875,0.970703125,0.013671875,0.708984375,0.791015625,0.353515625,0.69861645
0.107421875,0.646484375,0.576171875,0.615234375,0.083984375,0.767578125,0.255859375,0.849609375,0.982421875,0.150390625,0.826171875,0.978515625,0.978515625,0.123046875,0.462890625,0.353515625,0.5469915
0.767578125,0.048828125,0.455078125,0.923828125,0.275390625,0.017578125,0.416015625,0.572265625,0.173828125,0.404296875,0.982421875,0.720703125,0.763671875,0.458984375,0.541015625,0.130859375,0.6397981
0.357421875,0.048828125,0.455078125,0.923828125,0.275390625,0.017578125,0.416015625,0.572265625,0.173828125,0.404296875,0.982421875,0.720703125,0.763671875,0.458984375,0.541015625,0.130859375,0.6397981
0.767578125,0.396484375,0.455078125,0.923828125,0.275390625,0.017578125,0.416015625,0.572265625,0.173828125,0.404296875,0.982421875,0.720703125,0.763671875,0.458984375,0.541015625,0.130859375,0.675744
0.767578125,0.048828125,0.826171875,0.923828125,0.275390625,0.017578125,0.416015625,0.572265625,0.173828125,0.404296875,0.982421875,0.720703125,0.763671875,0.458984375,0.541015625,0.130859375,0.6103518
0.767578125,0.048828125,0.455078125,0.365234375,0.275390625,0.017578125,0.416015625,0.572265625,0.173828125,0.404296875,0.982421875,0.720703125,0.763671875,0.458984375,0.541015625,0.130859375,0.5262951
0.767578125,0.048828125,0.455078125,0.923828125,0.833984375,0.017578125,0.416015625,0.572265625,0.173828125,0.404296875,0.982421875,0.720703125,0.763671875,0.458984375,0.541015625,0.130859375,0.648037
0.767578125,0.048828125,0.455078125,0.923828125,0.275390625,0.517578125,0.416015625,0.572265625,0.173828125,0.404296875,0.982421875,0.720703125,0.763671875,0.458984375,0.541015625,0.130859375,0.6397981
0.767578125,0.048828125,0.455078125,0.923828125,0.275390625,0.017578125,0.505859375,0.572265625,0.173828125,0.404296875,0.982421875,0.720703125,0.763671875,0.458984375,0.541015625,0.130859375,0.6304607
0.767578125,0.048828125,0.455078125,0.923828125,0.275390625,0.017578125,0.416015625,0.099609375,0.173828125,0.404296875,0.982421875,0.720703125,0.763671875,0.458984375,0.541015625,0.130859375,0.63976204
0.767578125,0.048828125,0.455078125,0.923828125,0.275390625,0.017578125,0.416015625,0.572265625,0.232421875,0.404296875,0.982421875,0.720703125,0.763671875,0.458984375,0.541015625,0.130859375,0.65532464
0.767578125,0.048828125,0.455078125,0.923828125,0.275390625,0.017578125,0.416015625,0.572265625,0.173828125,0.400390625,0.982421875,0.720703125,0.763671875,0.458984375,0.541015625,0.130859375,0.63967603
0.767578125,0.048828125,0.455078125,0.923828125,0.275390625,0.017578125,0.416015625,0.572265625,0.173828125,0.404296875,0.076171875,0.720703125,0.763671875,0.458984375,0.541015625,0.130859375,1.0642512
0.767578125,0.048828125,0.455078125,0.923828125,0.275390625,0.017578125,0.416015625,0.572265625,0.173828125,0.404296875,0.982421875,0.728515625,0.763671875,0.458984375,0.541015625,0.130859375,0.6398366
0.767578125,0.048828125,0.455078125,0.923828125,0.275390625,0.017578125,0.416015625,0.572265625,0.173828125,0.404296875,0.982421875,0.720703125,0.228515625,0.458984375,0.541015625,0.130859375,0.6398084
0.767578125,0.048828125,0.455078125,0.923828125,0.275390625,0.017578125,0.416015625,0.572265625,0.173828125,0.404296875,0.982421875,0.720703125,0.763671875,0.373046875,0.541015625,0.130859375,0.62213004
0.767578125,0.048828125,0.455078125,0.923828125,0.275390625,0.017578125,0.416015625,0.572265625,0.173828125,0.404296875,0.982421875,0.720703125,0.763671875,0.458984375,0.712890625,0.130859375,0.6324345
0.767578125,0.048828125,0.455078125,0.923828125,0.275390625,0.017578125,0.416015625,0.572265625,0.173828125,0.404296875,0.982421875,0.720703125,0.763671875,0.458984375,0.541015625,0.603515625,0.6397981
0.357421875,0.396484375,0.826171875,0.365234375,0.833984375,0.517578125,0.505859375,0.099609375,0.232421875,0.400390625,0.076171875,0.728515625,0.228515625,0.373046875,0.712890625,0.603515625,0.94653505
0.267578125,0.548828125,0.955078125,0.423828125,0.775390625,0.517578125,0.916015625,0.072265625,0.673828125,0.904296875,0.482421875,0.220703125,0.263671875,0.958984375,0.041015625,0.630859375,1.0047091
0.857421875,0.548828125,0.955078125,0.423828125,0.775390625,0.517578125,0.916015625,0.072265625,0.673828125,0.904296875,0.482421875,0.220703125,0.263671875,0.958984375,0.041015625,0.630859375,1.0047091
0.267578125,0.896484375,0.955078125,0.423828125,0.775390625,0.517578125,0.916015625,0.072265625,0.673828125,0.904296875,0.482421875,0.220703125,0.263671875,0.958984375,0.041015625,0.630859375,1.0758294
0.267578125,0.548828125,0.326171875,0.423828125,0.775390625,0.517578125,0.916015625,0.072265625,0.673828125,0.904296875,0.482421875,0.220703125,0.263671875,0.958984375,0.041015625,0.630859375,1.0550095
0.267578125,0.548828125,0.955078125,0.865234375,0.775390625,0.517578125,0.916015625,0.072265625,0.673828125,0.904296875,0.482421875,0.220703125,0.263671875,0.958984375,0.041015625,0.630859375,1.1023942
0.267578125,0.548828125,0.955078125,0.423828125,0.333984375,0.517578125,0.916015625,0.072265625,0.673828125,0.904296875,0.482421875,0.220703125,0.263671875,0.958984375,0.041015625,0.630859375,0.99821603
0.267578125,0.548828125,0.955078125,0.423828125,0.775390625,0.017578125,0.916015625,0.072265625,0.673828125,0.904296875,0.482421875,0.220703125,0.263671875,0.958984375,0.041015625,0.630859375,1.0047091
0.267578125,0.548828125,0.955078125,0.423828125,0.775390625,0.517578125,0.005859375,0.072265625,0.673828125,0.904296875,0.482421875,0.220703125,0.263671875,0.958984375,0.041015625,0.630859375,1.1083803
0.267578125,0.548828125,0.955078125,0.423828125,0.775390625,0.517578125,0.916015625,0.599609375,0.673828125,0.904296875,0.482421875,0.220703125,0.263671875,0.958984375,0.041015625,0.630859375,1.0047303
0.267578125,0.548828125,0.955078125,0.423828125,0.775390625,0.517578125,0.916015625,0.072265625,0.732421875,0.904296875,0.482421875,0.220703125,0.263671875,0.958984375,0.041015625,0.630859375,1.0002872
0.267578125,0.548828125,0.955078125,0.423828125,0.775390625,0.517578125,0.916015625,0.072265625,0.673828125,0.900390625,0.482421875,0.220703125,0.263671875,0.958984375,0.041015625,0.630859375,1.0047091
0.267578125,0.548828125,0.955078125,0.423828125,0.775390625,0.517578125,0.916015625,0.072265625,0.673828125,0.904296875,0.576171875,0.220703125,0.263671875,0.958984375,0.041015625,0.630859375,0.96927726
0.267578125,0.548828125,0.955078125,0.423828125,0.775390625,0.517578125,0.916015625,0.072265625,0.673828125,0.904296875,0.482421875,0.228515625,0.263671875,0.958984375,0.041015625,0.630859375,1.0050147
0.267578125,0.548828125,0.955078125,0.423828125,0.775390625,0.517578125,0.916015625,0.072265625,0.673828125,0.904296875,0.482421875,0.220703125,0.728515625,0.958984375,0.041015625,0.630859375,1.0046928
0.267578125,0.548828125,0.955078125,0.423828125,0.775390625,0.517578125,0.916015625,0.072265625,0.673828125,0.904296875,0.482421875,0.220703125,0.263671875,0.873046875,0.041015625,0.630859375,0.9741775
0.267578125,0.548828125,0.955078125,0.423828125,0.775390625,0.517578125,0.916015625,0.072265625,0.673828125,0.904296875,0.482421875,0.220703125,0.263671875,0.958984375,0.212890625,0.630859375,1.0011724
0.267578125,0.548828125,0.955078125,0.423828125,0.775390625,0.517578125,0.916015625,0.072265625,0.673828125,0.904296875,0.482421875,0.220703125,0.263671875,0.958984375,0.041015625,0.103515625,1.0047091
0.857421875,0.896484375,0.326171875,0.865234375,0.333984375,0.017578125,0.005859375,0.599609375,0.732421875,0.900390625,0.576171875,0.228515625,0.728515625,0.873046875,0.212890625,0.103515625,1.247381
0.392578125,0.173828125,0.580078125,0.298828125,0.900390625,0.892578125,0.291015625,0.697265625,0.048828125,0.029296875,0.857421875,0.095703125,0.888671875,0.583984375,0.166015625,0.505859375,-1.8522012
0.982421875,0.173828125,0.580078125,0.298828125,0.900390625,0.892578125,0.291015625,0.697265625,0.048828125,0.029296875,0.857421875,0.095703125,0.888671875,0.583984375,0.166015625,0.505859375,-1.8522012
0.392578125,0.771484375,0.580078125,0.298828125,0.900390625,0.892578125,0.291015625,0.697265625,0.048828125,0.029296875,0.857421875,0.095703125,0.888671875,0.583984375,0.166015625,0.505859375,-1.7619302
0.392578125,0.173828125,0.951171875,0.298828125,0.900390625,0.892578125,0.291015625,0.697265625,0.048828125,0.029296875,0.857421875,0.095703125,0.888671875,0.583984375,0.166015625,0.505859375,-1.8862858
0.392578125,0.173828125,0.580078125,0.240234375,0.900390625,0.892578125,0.291015625,0.697265625,0.048828125,0.029296875,0.857421875,0.095703125,0.888671875,0.583984375,0.166015625,0.505859375,-1.8545997
0.392578125,0.173828125,0.580078125,0.298828125,0.708984375,0.892578125,0.291015625,0.697265625,0.048828125,0.029296875,0.857421875,0.095703125,0.888671875,0.583984375,0.166015625,0.505859375,-1.8557904
0.392578125,0.173828125,0.580078125,0.298828125,0.900390625,0.392578125,0.291015625,0.697265625,0.048828125,0.029296875,0.857421875,0.095703125,0.888671875,0.583984375,0.166015625,0.505859375,-1.8522012
0.392578125,0.173828125,0.580078125,0.298828125,0.900390625,0.892578125,0.630859375,0.697265625,0.048828125,0.029296875,0.857421875,0.095703125,0.888671875,0.583984375,0.166015625,0.505859375,-1.887965
0.392578125,0.173828125,0.580078125,0.298828125,0.900390625,0.892578125,0.291015625,0.724609375,0.048828125,0.029296875,0.857421875,0.095703125,0.888671875,0.583984375,0.166015625,0.505859375,-1.8522029
0.392578125,0.173828125,0.580078125,0.298828125,0.900390625,0.892578125,0.291015625,0.697265625,0.607421875,0.029296875,0.857421875,0.095703125,0.888671875,0.583984375,0.166015625,0.505859375,-1.8360782
0.392578125,0.173828125,0.580078125,0.298828125,0.900390625,0.892578125,0.291015625,0.697265625,0.048828125,0.275390625,0.857421875,0.095703125,0.888671875,0.583984375,0.166015625,0.505859375,0.6634105
0.392578125,0.173828125,0.580078125,0.298828125,0.900390625,0.892578125,0.291015625,0.697265625,0.048828125,0.029296875,0.201171875,0.095703125,0.888671875,0.583984375,0.166015625,0.505859375,-1.5487068
0.392578125,0.173828125,0.580078125,0.298828125,0.900390625,0.892578125,0.291015625,0.697265625,0.048828125,0.029296875,0.857421875,0.853515625,0.888671875,0.583984375,0.166015625,0.505859375,-1.8362384
0.392578125,0.173828125,0.580078125,0.298828125,0.900390625,0.892578125,0.291015625,0.697265625,0.048828125,0.029296875,0.857421875,0.095703125,0.353515625,0.583984375,0.166015625,0.505859375,-1.852212
0.392578125,0.173828125,0.580078125,0.298828125,0.900390625,0.892578125,0.291015625,0.697265625,0.048828125,0.029296875,0.857421875,0.095703125,0.888671875,0.748046875,0.166015625,0.505859375,-1.8072767
0.392578125,0.173828125,0.580078125,0.298828125,0.900390625,0.892578125,0.291015625,0.697265625,0.048828125,0.029296875,0.857421875,0.095703125,0.888671875,0.583984375,0.587890625,0.505859375,-1.8652368
0.392578125,0.173828125,0.580078125,0.298828125,0.900390625,0.892578125,0.291015625,0.697265625,0.048828125,0.029296875,0.857421875,0.095703125,0.888671875,0.583984375,0.166015625,0.978515625,-1.8522012
0.982421875,0.771484375,0.951171875,0.240234375,0.708984375,0.392578125,0.630859375,0.724609375,0.607421875,0.275390625,0.201171875,0.853515625,0.353515625,0.748046875,0.587890625,0.978515625,1.0453027
0.892578125,0.673828125,0.080078125,0.798828125,0.400390625,0.392578125,0.791015625,0.197265625,0.548828125,0.529296875,0.357421875,0.595703125,0.388671875,0.083984375,0.666015625,0.005859375,1.0304477
0.482421875,0.673828125,0.080078125,0.798828125,0.400390625,0.392578125,0.791015625,0.197265625,0.548828125,0.529296875,0.357421875,0.595703125,0.388671875,0.083984375,0.666015625,0.005859375,1.0304477
0.892578125,0.271484375,0.080078125,0.798828125,0.400390625,0.392578125,0.791015625,0.197265625,0.548828125,0.529296875,0.357421875,0.595703125,0.388671875,0.083984375,0.666015625,0.005859375,0.97012705
0.892578125,0.673828125,0.451171875,0.798828125,0.400390625,0.392578125,0.791015625,0.197265625,0.548828125,0.529296875,0.357421875,0.595703125,0.388671875,0.083984375,0.666015625,0.005859375,1.0128736
0.892578125,0.673828125,0.080078125,0.740234375,0.400390625,0.392578125,0.791015625,0.197265625,0.548828125,0.529296875,0.357421875,0.595703125,0.388671875,0.083984375,0.666015625,0.005859375,1.015121
0.892578125,0.673828125,0.080078125,0.798828125,0.208984375,0.392578125,0.791015625,0.197265625,0.548828125,0.529296875,0.357421875,0.595703125,0.388671875,0.083984375,0.666015625,0.005859375,1.0283294
0.892578125,0.673828125,0.080078125,0.798828125,0.400390625,0.892578125,0.791015625,0.197265625,0.548828125,0.529296875,0.357421875,0.595703125,0.388671875,0.083984375,0.666015625,0.005859375,1.0304477
0.892578125,0.673828125,0.080078125,0.798828125,0.400390625,0.392578125,0.130859375,0.197265625,0.548828125,0.529296875,0.357421875,0.595703125,0.388671875,0.083984375,0.666015625,0.005859375,1.1024914
0.892578125,0.673828125,0.080078125,0.798828125,0.400390625,0.392578125,0.791015625,0.224609375,0.548828125,0.529296875,0.357421875,0.595703125,0.388671875,0.083984375,0.666015625,0.005859375,1.0304489
0.892578125,0.673828125,0.080078125,0.798828125,0.400390625,0.392578125,0.791015625,0.197265625,0.107421875,0.529296875,0.357421875,0.595703125,0.388671875,0.083984375,0.666015625,0.005859375,0.99248445
0.892578125,0.673828125,0.080078125,0.798828125,0.400390625,0.392578125,0.791015625,0.197265625,0.548828125,0.775390625,0.357421875,0.595703125,0.388671875,0.083984375,0.666015625,0.005859375,1.0305698
0.892578125,0.673828125,0.080078125,0.798828125,0.400390625,0.392578125,0.791015625,0.197265625,0.548828125,0.529296875,0.701171875,0.595703125,0.388671875,0.083984375,0.666015625,0.005859375,0.8892607
0.892578125,0.673828125,0.080078125,0.798828125,0.400390625,0.392578125,0.791015625,0.197265625,0.548828125,0.529296875,0.357421875,0.353515625,0.388671875,0.083984375,0.666015625,0.005859375,1.026023
0.892578125,0.673828125,0.080078125,0.798828125,0.400390625,0.392578125,0.791015625,0.197265625,0.548828125,0.529296875,0.357421875,0.595703125,0.853515625,0.083984375,0.666015625,0.005859375,1.030465
0.892578125,0.673828125,0.080078125,0.798828125,0.400390625,0.392578125,0.791015625,0.197265625,0.548828125,0.529296875,0.357421875,0.595703125,0.388671875,0.248046875,0.666015625,0.005859375,1.0550601
0.892578125,0.673828125,0.080078125,0.798828125,0.400390625,0.392578125,0.791015625,0.197265625,0.548828125,0.529296875,0.357421875,0.595703125,0.388671875,0.083984375,0.087890625,0.005859375,1.0484331
0.892578125,0.673828125,0.080078125,0.798828125,0.400390625,0.392578125,0.791015625,0.197265625,0.548828125,0.529296875,0.357421875,0.595703125,0.388671875,0.083984375,0.666015625,0.478515625,1.0304478
0.482421875,0.271484375,0.451171875,0.740234375,0.208984375,0.892578125,0.130859375,0.224609375,0.107421875,0.775390625,0.701171875,0.353515625,0.853515625,0.248046875,0.087890625,0.478515625,0.8663141
0.642578125,0.423828125,0.830078125,0.048828125,0.150390625,0.142578125,0.041015625,0.447265625,0.798828125,0.779296875,0.107421875,0.845703125,0.638671875,0.833984375,0.916015625,0.755859375,1.0563754
0.232421875,0.423828125,0.830078125,0.048828125,0.150390625,0.142578125,0.041015625,0.447265625,0.798828125,0.779296875,0.107421875,0.845703125,0.638671875,0.833984375,0.916015625,0.755859375,1.0563754
0.642578125,0.521484375,0.830078125,0.048828125,0.150390625,0.142578125,0.041015625,0.447265625,0.798828125,0.779296875,0.107421875,0.845703125,0.638671875,0.833984375,0.916015625,0.755859375,1.0709311
0.642578125,0.423828125,0.201171875,0.048828125,0.150390625,0.142578125,0.041015625,0.447265625,0.798828125,0.779296875,0.107421875,0.845703125,0.638671875,0.833984375,0.916015625,0.755859375,1.099392
0.642578125,0.423828125,0.830078125,0.490234375,0.150390625,0.142578125,0.041015625,0.447265625,0.798828125,0.779296875,0.107421875,0.845703125,0.638671875,0.833984375,0.916015625,0.755859375,1.0804201
0.642578125,0.423828125,0.830078125,0.048828125,0.958984375,0.142578125,0.041015625,0.447265625,0.798828125,0.779296875,0.107421875,0.845703125,0.638671875,0.833984375,0.916015625,0.755859375,1.0683945
0.642578125,0.423828125,0.830078125,0.048828125,0.150390625,0.642578125,0.041015625,0.447265625,0.798828125,0.779296875,0.107421875,0.845703125,0.638671875,0.833984375,0.916015625,0.755859375,1.0563754
0.642578125,0.423828125,0.830078125,0.048828125,0.150390625,0.142578125,0.880859375,0.447265625,0.798828125,0.779296875,0.107421875,0.845703125,0.638671875,0.833984375,0.916015625,0.755859375,0.9619697
0.642578125,0.423828125,0.830078125,0.048828125,0.150390625,0.142578125,0.041015625,0.974609375,0.798828125,0.779296875,0.107421875,0.845703125,0.638671875,0.833984375,0.916015625,0.755859375,1.0561498
0.642578125,0.423828125,0.830078125,0.048828125,0.150390625,0.142578125,0.041015625,0.447265625,0.857421875,0.779296875,0.107421875,0.845703125,0.638671875,0.833984375,0.916015625,0.755859375,1.0715879
0.642578125,0.423828125,0.830078125,0.048828125,0.150390625,0.142578125,0.041015625,0.447265625,0.798828125,0.525390625,0.107421875,0.845703125,0.638671875,0.833984375,0.916015625,0.755859375,1.0562438
0.642578125,0.423828125,0.830078125,0.048828125,0.150390625,0.142578125,0.041015625,0.447265625,0.798828125,0.779296875,0.451171875,0.845703125,0.638671875,0.833984375,0.916015625,0.755859375,1.0236889
0.642578125,0.423828125,0.830078125,0.048828125,0.150390625,0.142578125,0.041015625,0.447265625,0.798828125,0.779296875,0.107421875,0.103515625,0.638671875,0.833984375,0.916015625,0.755859375,1.040836
0.642578125,0.423828125,0.830078125,0.048828125,0.150390625,0.142578125,0.041015625,0.447265625,0.798828125,0.779296875,0.107421875,0.845703125,0.103515625,0.833984375,0.916015625,0.755859375,1.0564817
0.642578125,0.423828125,0.830078125,0.048828125,0.150390625,0.142578125,0.041015625,0.447265625,0.798828125,0.779296875,0.107421875,0.845703125,0.638671875,0.498046875,0.916015625,0.755859375,0.9641259
0.642578125,0.423828125,0.830078125,0.048828125,0.150390625,0.142578125,0.041015625,0.447265625,0.798828125,0.779296875,0.107421875,0.845703125,0.638671875,0.833984375,0.837890625,0.755859375,1.0608265
0.642578125,0.423828125,0.830078125,0.048828125,0.150390625,0.142578125,0.041015625,0.447265625,0.798828125,0.779296875,0.107421875,0.845703125,0.638671875,0.833984375,0.916015625,0.728515625,1.0563754
0.232421875,0.521484375,0.201171875,0.490234375,0.958984375,0.642578125,0.880859375,0.974609375,0.857421875,0.525390625,0.451171875,0.103515625,0.103515625,0.498046875,0.837890625,0.728515625,0.9345443
0.142578125,0.923828125,0.330078125,0.548828125,0.650390625,0.642578125,0.541015625,0.947265625,0.298828125,0.279296875,0.607421875,0.345703125,0.138671875,0.333984375,0.416015625,0.255859375,1.0098276
0.732421875,0.923828125,0.330078125,0.548828125,0.650390625,0.642578125,0.541015625,0.947265625,0.298828125,0.279296875,0.607421875,0.345703125,0.138671875,0.333984375,0.416015625,0.255859375,1.0098276
0.142578125,0.021484375,0.330078125,0.548828125,0.650390625,0.642578125,0.541015625,0.947265625,0.298828125,0.279296875,0.607421875,0.345703125,0.138671875,0.333984375,0.416015625,0.255859375,0.87117505
0.142578125,0.923828125,0.701171875,0.548828125,0.650390625,0.642578125,0.541015625,0.947265625,0.298828125,0.279296875,0.607421875,0.345703125,0.138671875,0.333984375,0.416015625,0.255859375,0.9846793
0.142578125,0.923828125,0.330078125,0.990234375,0.650390625,0.642578125,0.541015625,0.947265625,0.298828125,0.279296875,0.607421875,0.345703125,0.138671875,0.333984375,0.416015625,0.255859375,1.1077192
0.142578125,0.923828125,0.330078125,0.548828125,0.458984375,0.642578125,0.541015625,0.947265625,0.298828125,0.279296875,0.607421875,0.345703125,0.138671875,0.333984375,0.416015625,0.255859375,1.0070223
0.142578125,0.923828125,0.330078125,0.548828125,0.650390625,0.142578125,0.541015625,0.947265625,0.298828125,0.279296875,0.607421875,0.345703125,0.138671875,0.333984375,0.416015625,0.255859375,1.0098276
0.142578125,0.923828125,0.330078125,0.548828125,0.650390625,0.642578125,0.380859375,0.947265625,0.298828125,0.279296875,0.607421875,0.345703125,0.138671875,0.333984375,0.416015625,0.255859375,1.0265069
0.142578125,0.923828125,0.330078125,0.548828125,0.650390625,0.642578125,0.541015625,0.474609375,0.298828125,0.279296875,0.607421875,0.345703125,0.138671875,0.333984375,0.416015625,0.255859375,1.0100529
0.142578125,0.923828125,0.330078125,0.548828125,0.650390625,0.642578125,0.541015625,0.947265625,0.357421875,0.279296875,0.607421875,0.345703125,0.138671875,0.333984375,0.416015625,0.255859375,1.0234584
0.142578125,0.923828125,0.330078125,0.548828125,0.650390625,0.642578125,0.541015625,0.947265625,0.298828125,0.025390625,0.607421875,0.345703125,0.138671875,0.333984375,0.416015625,0.255859375,-1.6977854
0.142578125,0.923828125,0.330078125,0.548828125,0.650390625,0.642578125,0.541015625,0.947265625,0.298828125,0.279296875,0.951171875,0.345703125,0.138671875,0.333984375,0.416015625,0.255859375,0.70507085
0.142578125,0.923828125,0.330078125,0.548828125,0.650390625,0.642578125,0.541015625,0.947265625,0.298828125,0.279296875,0.607421875,0.603515625,0.138671875,0.333984375,0.416015625,0.255859375,1.0145487
0.142578125,0.923828125,0.330078125,0.548828125,0.650390625,0.642578125,0.541015625,0.947265625,0.298828125,0.279296875,0.607421875,0.345703125,0.603515625,0.333984375,0.416015625,0.255859375,1.0094973
0.142578125,0.923828125,0.330078125,0.548828125,0.650390625,0.642578125,0.541015625,0.947265625,0.298828125,0.279296875,0.607421875,0.345703125,0.138671875,0.998046875,0.416015625,0.255859375,1.1941528
0.142578125,0.923828125,0.330078125,0.548828125,0.650390625,0.642578125,0.541015625,0.947265625,0.298828125,0.279296875,0.607421875,0.345703125,0.138671875,0.333984375,0.337890625,0.255859375,1.0122235
0.142578125,0.923828125,0.330078125,0.548828125,0.650390625,0.642578125,0.541015625,0.947265625,0.298828125,0.279296875,0.607421875,0.345703125,0.138671875,0.333984375,0.416015625,0.228515625,1.0098276
0.732421875,0.021484375,0.701171875,0.990234375,0.458984375,0.142578125,0.380859375,0.474609375,0.357421875,0.025390625,0.951171875,0.603515625,0.603515625,0.998046875,0.337890625,0.228515625,-1.8496107
0.205078125,0.111328125,0.767578125,0.861328125,0.087890625,0.580078125,0.353515625,0.634765625,0.111328125,0.966796875,0.544921875,0.408203125,0.451171875,0.771484375,0.603515625,0.568359375,1.0428238
0.294921875,0.111328125,0.767578125,0.861328125,0.087890625,0.580078125,0.353515625,0.634765625,0.111328125,0.966796875,0.544921875,0.408203125,0.451171875,0.771484375,0.603515625,0.568359375,1.0428238
0.205078125,0.958984375,0.767578125,0.861328125,0.087890625,0.580078125,0.353515625,0.634765625,0.111328125,0.966796875,0.544921875,0.408203125,0.451171875,0.771484375,0.603515625,0.568359375,1.1835566
0.205078125,0.111328125,0.888671875,0.861328125,0.087890625,0.580078125,0.353515625,0.634765625,0.111328125,0.966796875,0.544921875,0.408203125,0.451171875,0.771484375,0.603515625,0.568359375,1.0309395
0.205078125,0.111328125,0.767578125,0.302734375,0.087890625,0.580078125,0.353515625,0.634765625,0.111328125,0.966796875,0.544921875,0.408203125,0.451171875,0.771484375,0.603515625,0.568359375,0.93664837
0.205078125,0.111328125,0.767578125,0.861328125,0.646484375,0.580078125,0.353515625,0.634765625,0.111328125,0.966796875,0.544921875,0.408203125,0.451171875,0.771484375,0.603515625,0.568359375,1.0495325
0.205078125,0.111328125,0.767578125,0.861328125,0.087890625,0.955078125,0.353515625,0.634765625,0.111328125,0.966796875,0.544921875,0.408203125,0.451171875,0.771484375,0.603515625,0.568359375,1.0428238
0.205078125,0.111328125,0.767578125,0.861328125,0.087890625,0.580078125,0.943359375,0.634765625,0.111328125,0.966796875,0.544921875,0.408203125,0.451171875,0.771484375,0.603515625,0.568359375,0.9520291
0.205078125,0.111328125,0.767578125,0.861328125,0.087890625,0.580078125,0.353515625,0.662109375,0.111328125,0.966796875,0.544921875,0.408203125,0.451171875,0.771484375,0.603515625,0.568359375,1.0428199
0.205078125,0.111328125,0.767578125,0.861328125,0.087890625,0.580078125,0.353515625,0.634765625,0.044921875,0.966796875,0.544921875,0.408203125,0.451171875,0.771484375,0.603515625,0.568359375,1.0471568
0.205078125,0.111328125,0.767578125,0.861328125,0.087890625,0.580078125,0.353515625,0.634765625,0.111328125,0.712890625,0.544921875,0.408203125,0.451171875,0.771484375,0.603515625,0.568359375,1.04282
0.205078125,0.111328125,0.767578125,0.861328125,0.087890625,0.580078125,0.353515625,0.634765625,0.111328125,0.966796875,0.763671875,0.408203125,0.451171875,0.771484375,0.603515625,0.568359375,0.8926375
0.205078125,0.111328125,0.767578125,0.861328125,0.087890625,0.580078125,0.353515625,0.634765625,0.111328125,0.966796875,0.544921875,0.291015625,0.451171875,0.771484375,0.603515625,0.568359375,1.0395913
0.205078125,0.111328125,0.767578125,0.861328125,0.087890625,0.580078125,0.353515625,0.634765625,0.111328125,0.966796875,0.544921875,0.408203125,0.791015625,0.771484375,0.603515625,0.568359375,1.0428747
0.205078125,0.111328125,0.767578125,0.861328125,0.087890625,0.580078125,0.353515625,0.634765625,0.111328125,0.966796875,0.544921875,0.408203125,0.451171875,0.435546875,0.603515625,0.568359375,0.95670867
0.205078125,0.111328125,0.767578125,0.861328125,0.087890625,0.580078125,0.353515625,0.634765625,0.111328125,0.966796875,0.544921875,0.408203125,0.451171875,0.771484375,0.525390625,0.568359375,1.0459164
0.205078125,0.111328125,0.767578125,0.861328125,0.087890625,0.580078125,0.353515625,0.634765625,0.111328125,0.966796875,0.544921875,0.408203125,0.451171875,0.771484375,0.603515625,0.041015625,1.0428238
0.294921875,0.958984375,0.888671875,0.302734375,0.646484375,0.955078125,0.943359375,0.662109375,0.044921875,0.712890625,0.763671875,0.291015625,0.791015625,0.435546875,0.525390625,0.041015625,0.74934554
0.705078125,0.611328125,0.267578125,0.361328125,0.587890625,0.080078125,0.853515625,0.134765625,0.611328125,0.466796875,0.044921875,0.908203125,0.951171875,0.271484375,0.103515625,0.068359375,0.9582316
0.794921875,0.611328125,0.267578125,0.361328125,0.587890625,0.080078125,0.853515625,0.134765625,0.611328125,0.466796875,0.044921875,0.908203125,0.951171875,0.271484375,0.103515625,0.068359375,0.9582316
0.705078125,0.458984375,0.267578125,0.361328125,0.587890625,0.080078125,0.853515625,0.134765625,0.611328125,0.466796875,0.044921875,0.908203125,0.951171875,0.271484375,0.103515625,0.068359375,0.93354505
0.705078125,0.611328125,0.388671875,0.361328125,0.587890625,0.080078125,0.853515625,0.134765625,0.611328125,0.466796875,0.044921875,0.908203125,0.951171875,0.271484375,0.103515625,0.068359375,0.95195705
0.705078125,0.611328125,0.267578125,0.802734375,0.587890625,0.080078125,0.853515625,0.134765625,0.611328125,0.466796875,0.044921875,0.908203125,0.951171875,0.271484375,0.103515625,0.068359375,1.0475645
0.705078125,0.611328125,0.267578125,0.361328125,0.146484375,0.080078125,0.853515625,0.134765625,0.611328125,0.466796875,0.044921875,0.908203125,0.951171875,0.271484375,0.103515625,0.068359375,0.9529477
0.705078125,0.611328125,0.267578125,0.361328125,0.587890625,0.455078125,0.853515625,0.134765625,0.611328125,0.466796875,0.044921875,0.908203125,0.951171875,0.271484375,0.103515625,0.068359375,0.9582316
0.705078125,0.611328125,0.267578125,0.361328125,0.587890625,0.080078125,0.443359375,0.134765625,0.611328125,0.466796875,0.044921875,0.908203125,0.951171875,0.271484375,0.103515625,0.068359375,1.0203557
0.705078125,0.611328125,0.267578125,0.361328125,0.587890625,0.080078125,0.853515625,0.162109375,0.611328125,0.466796875,0.044921875,0.908203125,0.951171875,0.271484375,0.103515625,0.068359375,0.9582322
0.705078125,0.611328125,0.267578125,0.361328125,0.587890625,0.080078125,0.853515625,0.134765625,0.544921875,0.466796875,0.044921875,0.908203125,0.951171875,0.271484375,0.103515625,0.068359375,0.97854966
0.705078125,0.611328125,0.267578125,0.361328125,0.587890625,0.080078125,0.853515625,0.134765625,0.611328125,0.212890625,0.044921875,0.908203125,0.951171875,0.271484375,0.103515625,0.068359375,0.8894679
0.705078125,0.611328125,0.267578125,0.361328125,0.587890625,0.080078125,0.853515625,0.134765625,0.611328125,0.466796875,0.263671875,0.908203125,0.951171875,0.271484375,0.103515625,0.068359375,0.9502658
0.705078125,0.611328125,0.267578125,0.361328125,0.587890625,0.080078125,0.853515625,0.134765625,0.611328125,0.466796875,0.044921875,0.791015625,0.951171875,0.271484375,0.103515625,0.068359375,0.9580505
0.705078125,0.611328125,0.267578125,0.361328125,0.587890625,0.080078125,0.853515625,0.134765625,0.611328125,0.466796875,0.044921875,0.908203125,0.291015625,0.271484375,0.103515625,0.068359375,0.9582261
0.705078125,0.611328125,0.267578125,0.361328125,0.587890625,0.080078125,0.853515625,0.134765625,0.611328125,0.466796875,0.044921875,0.908203125,0.951171875,0.935546875,0.103515625,0.068359375,1.130386
0.705078125,0.611328125,0.267578125,0.361328125,0.587890625,0.080078125,0.853515625,0.134765625,0.611328125,0.466796875,0.044921875,0.908203125,0.951171875,0.271484375,0.025390625,0.068359375,0.9596637
0.705078125,0.611328125,0.267578125,0.361328125,0.587890625,0.080078125,0.853515625,0.134765625,0.611328125,0.466796875,0.044921875,0.908203125,0.951171875,0.271484375,0.103515625,0.541015625,0.9582316
0.794921875,0.458984375,0.388671875,0.802734375,0.146484375,0.455078125,0.443359375,0.162109375,0.544921875,0.212890625,0.263671875,0.791015625,0.291015625,0.935546875,0.025390625,0.541015625,1.1904328
0.955078125,0.361328125,0.517578125,0.611328125,0.837890625,0.330078125,0.103515625,0.384765625,0.861328125,0.216796875,0.294921875,0.658203125,0.201171875,0.521484375,0.353515625,0.818359375,1.0091292
0.544921875,0.361328125,0.517578125,0.611328125,0.837890625,0.330078125,0.103515625,0.384765625,0.861328125,0.216796875,0.294921875,0.658203125,0.201171875,0.521484375,0.353515625,0.818359375,1.0091292
0.955078125,0.708984375,0.517578125,0.611328125,0.837890625,0.330078125,0.103515625,0.384765625,0.861328125,0.216796875,0.294921875,0.658203125,0.201171875,0.521484375,0.353515625,0.818359375,1.0656595
0.955078125,0.361328125,0.138671875,0.611328125,0.837890625,0.330078125,0.103515625,0.384765625,0.861328125,0.216796875,0.294921875,0.658203125,0.201171875,0.521484375,0.353515625,0.818359375,1.0288819
0.955078125,0.361328125,0.517578125,0.052734375,0.837890625,0.330078125,0.103515625,0.384765625,0.861328125,0.216796875,0.294921875,0.658203125,0.201171875,0.521484375,0.353515625,0.818359375,0.96085674
0.955078125,0.361328125,0.517578125,0.611328125,0.896484375,0.330078125,0.103515625,0.384765625,0.861328125,0.216796875,0.294921875,0.658203125,0.201171875,0.521484375,0.353515625,0.818359375,1.0102918
0.955078125,0.361328125,0.517578125,0.611328125,0.837890625,0.205078125,0.103515625,0.384765625,0.861328125,0.216796875,0.294921875,0.658203125,0.201171875,0.521484375,0.353515625,0.818359375,1.0091292
0.955078125,0.361328125,0.517578125,0.611328125,0.837890625,0.330078125,0.693359375,0.384765625,0.861328125,0.216796875,0.294921875,0.658203125,0.201171875,0.521484375,0.353515625,0.818359375,0.95302457
0.955078125,0.361328125,0.517578125,0.611328125,0.837890625,0.330078125,0.103515625,0.912109375,0.861328125,0.216796875,0.294921875,0.658203125,0.201171875,0.521484375,0.353515625,0.818359375,1.0090872
0.955078125,0.361328125,0.517578125,0.611328125,0.837890625,0.330078125,0.103515625,0.384765625,0.294921875,0.216796875,0.294921875,0.658203125,0.201171875,0.521484375,0.353515625,0.818359375,1.0281181
0.955078125,0.361328125,0.517578125,0.611328125,0.837890625,0.330078125,0.103515625,0.384765625,0.861328125,0.462890625,0.294921875,0.658203125,0.201171875,0.521484375,0.353515625,0.818359375,1.0726687
0.955078125,0.361328125,0.517578125,0.611328125,0.837890625,0.330078125,0.103515625,0.384765625,0.861328125,0.216796875,0.513671875,0.658203125,0.201171875,0.521484375,0.353515625,0.818359375,0.96765053
0.955078125,0.361328125,0.517578125,0.611328125,0.837890625,0.330078125,0.103515625,0.384765625,0.861328125,0.216796875,0.294921875,0.541015625,0.201171875,0.521484375,0.353515625,0.818359375,1.0078987
0.955078125,0.361328125,0.517578125,0.611328125,0.837890625,0.330078125,0.103515625,0.384765625,0.861328125,0.216796875,0.294921875,0.658203125,0.541015625,0.521484375,0.353515625,0.818359375,1.0088004
0.955078125,0.361328125,0.517578125,0.611328125,0.837890625,0.330078125,0.103515625,0.384765625,0.861328125,0.216796875,0.294921875,0.658203125,0.201171875,0.685546875,0.353515625,0.818359375,1.0510607
0.955078125,0.361328125,0.517578125,0.611328125,0.837890625,0.330078125,0.103515625,0.384765625,0.861328125,0.216796875,0.294921875,0.658203125,0.201171875,0.521484375,0.775390625,0.818359375,0.9923312
0.955078125,0.361328125,0.517578125,0.611328125,0.837890625,0.330078125,0.103515625,0.384765625,0.861328125,0.216796875,0.294921875,0.658203125,0.201171875,0.521484375,0.353515625,0.291015625,1.0091292
0.544921875,0.708984375,0.138671875,0.052734375,0.896484375,0.205078125,0.693359375,0.912109375,0.294921875,0.462890625,0.513671875,0.541015625,0.541015625,0.685546875,0.775390625,0.291015625,1.0467794
0.455078125,0.861328125,0.017578125,0.111328125,0.337890625,0.830078125,0.603515625,0.884765625,0.361328125,0.716796875,0.794921875,0.158203125,0.701171875,0.021484375,0.853515625,0.318359375,0.7694126
0.044921875,0.861328125,0.017578125,0.111328125,0.337890625,0.830078125,0.603515625,0.884765625,0.361328125,0.716796875,0.794921875,0.158203125,0.701171875,0.021484375,0.853515625,0.318359375,0.7694126
0.455078125,0.208984375,0.017578125,0.111328125,0.337890625,0.830078125,0.603515625,0.884765625,0.361328125,0.716796875,0.794921875,0.158203125,0.701171875,0.021484375,0.853515625,0.318359375,0.66220087
0.455078125,0.861328125,0.638671875,0.111328125,0.337890625,0.830078125,0.603515625,0.884765625,0.361328125,0.716796875,0.794921875,0.158203125,0.701171875,0.021484375,0.853515625,0.318359375,0.7366665
0.455078125,0.861328125,0.017578125,0.552734375,0.337890625,0.830078125,0.603515625,0.884765625,0.361328125,0.716796875,0.794921875,0.158203125,0.701171875,0.021484375,0.853515625,0.318359375,0.8039227
0.455078125,0.861328125,0.017578125,0.111328125,0.396484375,0.830078125,0.603515625,0.884765625,0.361328125,0.716796875,0.794921875,0.158203125,0.701171875,0.021484375,0.853515625,0.318359375,0.7701102
0.455078125,0.861328125,0.017578125,0.111328125,0.337890625,0.705078125,0.603515625,0.884765625,0.361328125,0.716796875,0.794921875,0.158203125,0.701171875,0.021484375,0.853515625,0.318359375,0.7694126
0.455078125,0.861328125,0.017578125,0.111328125,0.337890625,0.830078125,0.193359375,0.884765625,0.361328125,0.716796875,0.794921875,0.158203125,0.701171875,0.021484375,0.853515625,0.318359375,0.8075679
0.455078125,0.861328125,0.017578125,0.111328125,0.337890625,0.830078125,0.603515625,0.412109375,0.361328125,0.716796875,0.794921875,0.158203125,0.701171875,0.021484375,0.853515625,0.318359375,0.76950043
0.455078125,0.861328125,0.017578125,0.111328125,0.337890625,0.830078125,0.603515625,0.884765625,0.794921875,0.716796875,0.794921875,0.158203125,0.701171875,0.021484375,0.853515625,0.318359375,0.71786827
0.455078125,0.861328125,0.017578125,0.111328125,0.337890625,0.830078125,0.603515625,0.884765625,0.361328125,0.962890625,0.794921875,0.158203125,0.701171875,0.021484375,0.853515625,0.318359375,0.7694164
0.455078125,0.861328125,0.017578125,0.111328125,0.337890625,0.830078125,0.603515625,0.884765625,0.361328125,0.716796875,0.013671875,0.158203125,0.701171875,0.021484375,0.853515625,0.318359375,1.0141845
0.455078125,0.861328125,0.017578125,0.111328125,0.337890625,0.830078125,0.603515625,0.884765625,0.361328125,0.716796875,0.794921875,0.041015625,0.701171875,0.021484375,0.853515625,0.318359375,0.7632253
0.455078125,0.861328125,0.017578125,0.111328125,0.337890625,0.830078125,0.603515625,0.884765625,0.361328125,0.716796875,0.794921875,0.158203125,0.041015625,0.021484375,0.853515625,0.318359375,0.769445
0.455078125,0.861328125,0.017578125,0.111328125,0.337890625,0.830078125,0.603515625,0.884765625,0.361328125,0.716796875,0.794921875,0.158203125,0.701171875,0.185546875,0.853515625,0.318359375,0.7920315
0.455078125,0.861328125,0.017578125,0.111328125,0.337890625,0.830078125,0.603515625,0.884765625,0.361328125,0.716796875,0.794921875,0.158203125,0.701171875,0.021484375,0.275390625,0.318359375,0.7925538
0.455078125,0.861328125,0.017578125,0.111328125,0.337890625,0.830078125,0.603515625,0.884765625,0.361328125,0.716796875,0.794921875,0.158203125,0.701171875,0.021484375,0.853515625,0.791015625,0.7694126
0.044921875,0.208984375,0.638671875,0.552734375,0.396484375,0.705078125,0.193359375,0.412109375,0.794921875,0.962890625,0.013671875,0.041015625,0.041015625,0.185546875,0.275390625,0.791015625,0.9357424
0.330078125,0.486328125,0.392578125,0.236328125,0.462890625,0.705078125,0.228515625,0.259765625,0.986328125,0.341796875,0.419921875,0.033203125,0.076171875,0.396484375,0.978515625,0.443359375,0.97832453
0.169921875,0.486328125,0.392578125,0.236328125,0.462890625,0.705078125,0.228515625,0.259765625,0.986328125,0.341796875,0.419921875,0.033203125,0.076171875,0.396484375,0.978515625,0.443359375,0.97832453
0.330078125,0.083984375,0.392578125,0.236328125,0.462890625,0.705078125,0.228515625,0.259765625,0.986328125,0.341796875,0.419921875,0.033203125,0.076171875,0.396484375,0.978515625,0.443359375,0.9322971
0.330078125,0.486328125,0.013671875,0.236328125,0.462890625,0.705078125,0.228515625,0.259765625,0.986328125,0.341796875,0.419921875,0.033203125,0.076171875,0.396484375,0.978515625,0.443359375,0.99455786
0.330078125,0.486328125,0.392578125,0.427734375,0.462890625,0.705078125,0.228515625,0.259765625,0.986328125,0.341796875,0.419921875,0.033203125,0.076171875,0.396484375,0.978515625,0.443359375,0.9907572
0.330078125,0.486328125,0.392578125,0.236328125,0.521484375,0.705078125,0.228515625,0.259765625,0.986328125,0.341796875,0.419921875,0.033203125,0.076171875,0.396484375,0.978515625,0.443359375,0.9791273
0.330078125,0.486328125,0.392578125,0.236328125,0.462890625,0.830078125,0.228515625,0.259765625,0.986328125,0.341796875,0.419921875,0.033203125,0.076171875,0.396484375,0.978515625,0.443359375,0.97832453
0.330078125,0.486328125,0.392578125,0.236328125,0.462890625,0.705078125,0.568359375,0.259765625,0.986328125,0.341796875,0.419921875,0.033203125,0.076171875,0.396484375,0.978515625,0.443359375,0.9469187
0.330078125,0.486328125,0.392578125,0.236328125,0.462890625,0.705078125,0.228515625,0.287109375,0.986328125,0.341796875,0.419921875,0.033203125,0.076171875,0.396484375,0.978515625,0.443359375,0.9783269
0.330078125,0.486328125,0.392578125,0.236328125,0.462890625,0.705078125,0.228515625,0.259765625,0.919921875,0.341796875,0.419921875,0.033203125,0.076171875,0.396484375,0.978515625,0.443359375,0.962505
0.330078125,0.486328125,0.392578125,0.236328125,0.462890625,0.705078125,0.228515625,0.259765625,0.986328125,0.337890625,0.419921875,0.033203125,0.076171875,0.396484375,0.978515625,0.443359375,0.9778973
0.330078125,0.486328125,0.392578125,0.236328125,0.462890625,0.705078125,0.228515625,0.259765625,0.986328125,0.341796875,0.638671875,0.033203125,0.076171875,0.396484375,0.978515625,0.443359375,0.8928802
0.330078125,0.486328125,0.392578125,0.236328125,0.462890625,0.705078125,0.228515625,0.259765625,0.986328125,0.341796875,0.419921875,0.916015625,0.076171875,0.396484375,0.978515625,0.443359375,0.9979013
0.330078125,0.486328125,0.392578125,0.236328125,0.462890625,0.705078125,0.228515625,0.259765625,0.986328125,0.341796875,0.419921875,0.033203125,0.916015625,0.396484375,0.978515625,0.443359375,0.978322
0.330078125,0.486328125,0.392578125,0.236328125,0.462890625,0.705078125,0.228515625,0.259765625,0.986328125,0.341796875,0.419921875,0.033203125,0.076171875,0.310546875,0.978515625,0.443359375,0.96194875
0.330078125,0.486328125,0.392578125,0.236328125,0.462890625,0.705078125,0.228515625,0.259765625,0.986328125,0.341796875,0.419921875,0.033203125,0.076171875,0.396484375,0.900390625,0.443359375,0.9830771
0.330078125,0.486328125,0.392578125,0.236328125,0.462890625,0.705078125,0.228515625,0.259765625,0.986328125,0.341796875,0.419921875,0.033203125,0.076171875,0.396484375,0.978515625,0.166015625,0.97832453
0.169921875,0.083984375,0.013671875,0.427734375,0.521484375,0.830078125,0.568359375,0.287109375,0.919921875,0.337890625,0.638671875,0.916015625,0.916015625,0.310546875,0.900390625,0.166015625,0.83662266
0.830078125,0.986328125,0.892578125,0.736328125,0.962890625,0.205078125,0.728515625,0.759765625,0.486328125,0.841796875,0.919921875,0.533203125,0.576171875,0.896484375,0.478515625,0.943359375,0.9101282
0.669921875,0.986328125,0.892578125,0.736328125,0.962890625,0.205078125,0.728515625,0.759765625,0.486328125,0.841796875,0.919921875,0.533203125,0.576171875,0.896484375,0.478515625,0.943359375,0.9101282
0.830078125,0.583984375,0.892578125,0.736328125,0.962890625,0.205078125,0.728515625,0.759765625,0.486328125,0.841796875,0.919921875,0.533203125,0.576171875,0.896484375,0.478515625,0.943359375,0.82166594
0.830078125,0.986328125,0.513671875,0.736328125,0.962890625,0.205078125,0.728515625,0.759765625,0.486328125,0.841796875,0.919921875,0.533203125,0.576171875,0.896484375,0.478515625,0.943359375,0.9425244
0.830078125,0.986328125,0.892578125,0.927734375,0.962890625,0.205078125,0.728515625,0.759765625,0.486328125,0.841796875,0.919921875,0.533203125,0.576171875,0.896484375,0.478515625,0.943359375,0.95254916
0.830078125,0.986328125,0.892578125,0.736328125,0.021484375,0.205078125,0.728515625,0.759765625,0.486328125,0.841796875,0.919921875,0.533203125,0.576171875,0.896484375,0.478515625,0.943359375,0.89695066
0.830078125,0.986328125,0.892578125,0.736328125,0.962890625,0.330078125,0.728515625,0.759765625,0.486328125,0.841796875,0.919921875,0.533203125,0.576171875,0.896484375,0.478515625,0.943359375,0.9101282
0.830078125,0.986328125,0.892578125,0.736328125,0.962890625,0.205078125,0.068359375,0.759765625,0.486328125,0.841796875,0.919921875,0.533203125,0.576171875,0.896484375,0.478515625,0.943359375,0.9735963
0.830078125,0.986328125,0.892578125,0.736328125,0.962890625,0.205078125,0.728515625,0.787109375,0.486328125,0.841796875,0.919921875,0.533203125,0.576171875,0.896484375,0.478515625,0.943359375,0.91012746
0.830078125,0.986328125,0.892578125,0.736328125,0.962890625,0.205078125,0.728515625,0.759765625,0.419921875,0.841796875,0.919921875,0.533203125,0.576171875,0.896484375,0.478515625,0.943359375,0.9179506
0.830078125,0.986328125,0.892578125,0.736328125,0.962890625,0.205078125,0.728515625,0.759765625,0.486328125,0.837890625,0.919921875,0.533203125,0.576171875,0.896484375,0.478515625,0.943359375,0.9101282
0.830078125,0.986328125,0.892578125,0.736328125,0.962890625,0.205078125,0.728515625,0.759765625,0.486328125,0.841796875,0.138671875,0.533203125,0.576171875,0.896484375,0.478515625,0.943359375,1.2779167
0.830078125,0.986328125,0.892578125,0.736328125,0.962890625,0.205078125,0.728515625,0.759765625,0.486328125,0.841796875,0.919921875,0.416015625,0.576171875,0.896484375,0.478515625,0.943359375,0.9080158
0.830078125,0.986328125,0.892578125,0.736328125,0.962890625,0.205078125,0.728515625,0.759765625,0.486328125,0.841796875,0.919921875,0.533203125,0.416015625,0.896484375,0.478515625,0.943359375,0.91042644
0.830078125,0.986328125,0.892578125,0.736328125,0.962890625,0.205078125,0.728515625,0.759765625,0.486328125,0.841796875,0.919921875,0.533203125,0.576171875,0.810546875,0.478515625,0.943359375,0.88146544
0.830078125,0.986328125,0.892578125,0.736328125,0.962890625,0.205078125,0.728515625,0.759765625,0.486328125,0.841796875,0.919921875,0.533203125,0.576171875,0.896484375,0.400390625,0.943359375,0.9127465
0.830078125,0.986328125,0.892578125,0.736328125,0.962890625,0.205078125,0.728515625,0.759765625,0.486328125,0.841796875,0.919921875,0.533203125,0.576171875,0.896484375,0.478515625,0.666015625,0.9101282
0.669921875,0.583984375,0.513671875,0.927734375,0.021484375,0.330078125,0.068359375,0.787109375,0.419921875,0.837890625,0.138671875,0.416015625,0.416015625,0.810546875,0.400390625,0.666015625,1.2945249
0.580078125,0.236328125,0.142578125,0.486328125,0.712890625,0.455078125,0.478515625,0.509765625,0.236328125,0.591796875,0.669921875,0.783203125,0.326171875,0.146484375,0.228515625,0.193359375,0.83496076
0.919921875,0.236328125,0.142578125,0.486328125,0.712890625,0.455078125,0.478515625,0.509765625,0.236328125,0.591796875,0.669921875,0.783203125,0.326171875,0.146484375,0.228515625,0.193359375,0.83496076
0.580078125,0.333984375,0.142578125,0.486328125,0.712890625,0.455078125,0.478515625,0.509765625,0.236328125,0.591796875,0.669921875,0.783203125,0.326171875,0.146484375,0.228515625,0.193359375,0.84604734
0.580078125,0.236328125,0.763671875,0.486328125,0.712890625,0.455078125,0.478515625,0.509765625,0.236328125,0.591796875,0.669921875,0.783203125,0.326171875,0.146484375,0.228515625,0.193359375,0.7958762
0.580078125,0.236328125,0.142578125,0.177734375,0.712890625,0.455078125,0.478515625,0.509765625,0.236328125,0.591796875,0.669921875,0.783203125,0.326171875,0.146484375,0.228515625,0.193359375,0.81332844
0.580078125,0.236328125,0.142578125,0.486328125,0.771484375,0.455078125,0.478515625,0.509765625,0.236328125,0.591796875,0.669921875,0.783203125,0.326171875,0.146484375,0.228515625,0.193359375,0.8359961
0.580078125,0.236328125,0.142578125,0.486328125,0.712890625,0.080078125,0.478515625,0.509765625,0.236328125,0.591796875,0.669921875,0.783203125,0.326171875,0.146484375,0.228515625,0.193359375,0.83496076
0.580078125,0.236328125,0.142578125,0.486328125,0.712890625,0.455078125,0.818359375,0.509765625,0.236328125,0.591796875,0.669921875,0.783203125,0.326171875,0.146484375,0.228515625,0.193359375,0.78373235
0.580078125,0.236328125,0.142578125,0.486328125,0.712890625,0.455078125,0.478515625,0.037109375,0.236328125,0.591796875,0.669921875,0.783203125,0.326171875,0.146484375,0.228515625,0.193359375,0.8347358
0.580078125,0.236328125,0.142578125,0.486328125,0.712890625,0.455078125,0.478515625,0.509765625,0.669921875,0.591796875,0.669921875,0.783203125,0.326171875,0.146484375,0.228515625,0.193359375,0.81511647
0.580078125,0.236328125,0.142578125,0.486328125,0.712890625,0.455078125,0.478515625,0.509765625,0.236328125,0.587890625,0.669921875,0.783203125,0.326171875,0.146484375,0.228515625,0.193359375,0.83495885
0.580078125,0.236328125,0.142578125,0.486328125,0.712890625,0.455078125,0.478515625,0.509765625,0.236328125,0.591796875,0.888671875,0.783203125,0.326171875,0.146484375,0.228515625,0.193359375,0.6296559
0.580078125,0.236328125,0.142578125,0.486328125,0.712890625,0.455078125,0.478515625,0.509765625,0.236328125,0.591796875,0.669921875,0.166015625,0.326171875,0.146484375,0.228515625,0.193359375,0.822607
0.580078125,0.236328125,0.142578125,0.486328125,0.712890625,0.455078125,0.478515625,0.509765625,0.236328125,0.591796875,0.669921875,0.783203125,0.666015625,0.146484375,0.228515625,0.193359375,0.8349128
0.580078125,0.236328125,0.142578125,0.486328125,0.712890625,0.455078125,0.478515625,0.509765625,0.236328125,0.591796875,0.669921875,0.783203125,0.326171875,0.560546875,0.228515625,0.193359375,0.91440684
0.580078125,0.236328125,0.142578125,0.486328125,0.712890625,0.455078125,0.478515625,0.509765625,0.236328125,0.591796875,0.669921875,0.783203125,0.326171875,0.146484375,0.650390625,0.193359375,0.8207243
0.580078125,0.236328125,0.142578125,0.486328125,0.712890625,0.455078125,0.478515625,0.509765625,0.236328125,0.591796875,0.669921875,0.783203125,0.326171875,0.146484375,0.228515625,0.416015625,0.83496076
0.919921875,0.333984375,0.763671875,0.177734375,0.771484375,0.080078125,0.818359375,0.037109375,0.669921875,0.587890625,0.888671875,0.166015625,0.666015625,0.560546875,0.650390625,0.416015625,0.56256914
0.080078125,0.736328125,0.642578125,0.986328125,0.212890625,0.955078125,0.978515625,0.009765625,0.736328125,0.091796875,0.169921875,0.283203125,0.826171875,0.646484375,0.728515625,0.693359375,0.31390145
0.419921875,0.736328125,0.642578125,0.986328125,0.212890625,0.955078125,0.978515625,0.009765625,0.736328125,0.091796875,0.169921875,0.283203125,0.826171875,0.646484375,0.728515625,0.693359375,0.31390145
0.080078125,0.833984375,0.642578125,0.986328125,0.212890625,0.955078125,0.978515625,0.009765625,0.736328125,0.091796875,0.169921875,0.283203125,0.826171875,0.646484375,0.728515625,0.693359375,0.3352877
0.080078125,0.736328125,0.263671875,0.986328125,0.212890625,0.955078125,0.978515625,0.009765625,0.736328125,0.091796875,0.169921875,0.283203125,0.826171875,0.646484375,0.728515625,0.693359375,0.337521
0.080078125,0.736328125,0.642578125,0.677734375,0.212890625,0.955078125,0.978515625,0.009765625,0.736328125,0.091796875,0.169921875,0.283203125,0.826171875,0.646484375,0.728515625,0.693359375,0.24763907
0.080078125,0.736328125,0.642578125,0.986328125,0.271484375,0.955078125,0.978515625,0.009765625,0.736328125,0.091796875,0.169921875,0.283203125,0.826171875,0.646484375,0.728515625,0.693359375,0.31450132
0.080078125,0.736328125,0.642578125,0.986328125,0.212890625,0.580078125,0.978515625,0.009765625,0.736328125,0.091796875,0.169921875,0.283203125,0.826171875,0.646484375,0.728515625,0.693359375,0.31390145
0.080078125,0.736328125,0.642578125,0.986328125,0.212890625,0.955078125,0.318359375,0.009765625,0.736328125,0.091796875,0.169921875,0.283203125,0.826171875,0.646484375,0.728515625,0.693359375,0.41631556
0.080078125,0.736328125,0.642578125,0.986328125,0.212890625,0.955078125,0.978515625,0.537109375,0.736328125,0.091796875,0.169921875,0.283203125,0.826171875,0.646484375,0.728515625,0.693359375,0.3139951
0.080078125,0.736328125,0.642578125,0.986328125,0.212890625,0.955078125,0.978515625,0.009765625,0.169921875,0.091796875,0.169921875,0.283203125,0.826171875,0.646484375,0.728515625,0.693359375,0.3212121
0.080078125,0.736328125,0.642578125,0.986328125,0.212890625,0.955078125,0.978515625,0.009765625,0.736328125,0.087890625,0.169921875,0.283203125,0.826171875,0.646484375,0.728515625,0.693359375,0.25318483
0.080078125,0.736328125,0.642578125,0.986328125,0.212890625,0.955078125,0.978515625,0.009765625,0.736328125,0.091796875,0.388671875,0.283203125,0.826171875,0.646484375,0.728515625,0.693359375,0.2953697
0.080078125,0.736328125,0.642578125,0.986328125,0.212890625,0.955078125,0.978515625,0.009765625,0.736328125,0.091796875,0.169921875,0.666015625,0.826171875,0.646484375,0.728515625,0.693359375,0.32107764
0.080078125,0.736328125,0.642578125,0.986328125,0.212890625,0.955078125,0.978515625,0.009765625,0.736328125,0.091796875,0.169921875,0.283203125,0.166015625,0.646484375,0.728515625,0.693359375,0.31390676
0.080078125,0.736328125,0.642578125,0.986328125,0.212890625,0.955078125,0.978515625,0.009765625,0.736328125,0.091796875,0.169921875,0.283203125,0.826171875,0.060546875,0.728515625,0.693359375,0.20067017
0.080078125,0.736328125,0.642578125,0.986328125,0.212890625,0.955078125,0.978515625,0.009765625,0.736328125,0.091796875,0.169921875,0.283203125,0.826171875,0.646484375,0.150390625,0.693359375,0.33353236
0.080078125,0.736328125,0.642578125,0.986328125,0.212890625,0.955078125,0.978515625,0.009765625,0.736328125,0.091796875,0.169921875,0.283203125,0.826171875,0.646484375,0.728515625,0.916015625,0.31390148
0.419921875,0.833984375,0.263671875,0.677734375,0.271484375,0.580078125,0.318359375,0.537109375,0.169921875,0.087890625,0.388671875,0.666015625,0.166015625,0.060546875,0.150390625,0.916015625,0.2373959
0.111328125,0.205078125,0.298828125,0.017578125,0.806640625,0.236328125,0.634765625,0.541015625,0.580078125,0.560546875,0.138671875,0.064453125,0.169921875,0.615234375,0.072265625,0.412109375,0.9975366
0.326171875,0.205078125,0.298828125,0.017578125,0.806640625,0.236328125,0.634765625,0.541015625,0.580078125,0.560546875,0.138671875,0.064453125,0.169921875,0.615234375,0.072265625,0.412109375,0.9975366
0.111328125,0.740234375,0.298828125,0.017578125,0.806640625,0.236328125,0.634765625,0.541015625,0.580078125,0.560546875,0.138671875,0.064453125,0.169921875,0.615234375,0.072265625,0.412109375,1.0781507
0.111328125,0.205078125,0.857421875,0.017578125,0.806640625,0.236328125,0.634765625,0.541015625,0.580078125,0.560546875,0.138671875,0.064453125,0.169921875,0.615234375,0.072265625,0.412109375,0.9562727
0.111328125,0.205078125,0.298828125,0.083984375,0.806640625,0.236328125,0.634765625,0.541015625,0.580078125,0.560546875,0.138671875,0.064453125,0.169921875,0.615234375,0.072265625,0.412109375,0.99811846
0.111328125,0.205078125,0.298828125,0.017578125,0.177734375,0.236328125,0.634765625,0.541015625,0.580078125,0.560546875,0.138671875,0.064453125,0.169921875,0.615234375,0.072265625,0.412109375,0.988837
0.111328125,0.205078125,0.298828125,0.017578125,0.806640625,0.673828125,0.634765625,0.541015625,0.580078125,0.560546875,0.138671875,0.064453125,0.169921875,0.615234375,0.072265625,0.412109375,0.9975366
0.111328125,0.205078125,0.298828125,0.017578125,0.806640625,0.236328125,0.349609375,0.541015625,0.580078125,0.560546875,0.138671875,0.064453125,0.169921875,0.615234375,0.072265625,0.412109375,1.0293736
0.111328125,0.205078125,0.298828125,0.017578125,0.806640625,0.236328125,0.634765625,0.755859375,0.580078125,0.560546875,0.138671875,0.064453125,0.169921875,0.615234375,0.072265625,0.412109375,0.9974569
0.111328125,0.205078125,0.298828125,0.017578125,0.806640625,0.236328125,0.634765625,0.541015625,0.951171875,0.560546875,0.138671875,0.064453125,0.169921875,0.615234375,0.072265625,0.412109375,1.0196463
0.111328125,0.205078125,0.298828125,0.017578125,0.806640625,0.236328125,0.634765625,0.541015625,0.580078125,0.556640625,0.138671875,0.064453125,0.169921875,0.615234375,0.072265625,0.412109375,0.9975309
0.111328125,0.205078125,0.298828125,0.017578125,0.806640625,0.236328125,0.634765625,0.541015625,0.580078125,0.560546875,0.482421875,0.064453125,0.169921875,0.615234375,0.072265625,0.412109375,0.9575323
0.111328125,0.205078125,0.298828125,0.017578125,0.806640625,0.236328125,0.634765625,0.541015625,0.580078125,0.560546875,0.138671875,0.634765625,0.169921875,0.615234375,0.072265625,0.412109375,1.0142312
0.111328125,0.205078125,0.298828125,0.017578125,0.806640625,0.236328125,0.634765625,0.541015625,0.580078125,0.560546875,0.138671875,0.064453125,0.259765625,0.615234375,0.072265625,0.412109375,0.9975332
0.111328125,0.205078125,0.298828125,0.017578125,0.806640625,0.236328125,0.634765625,0.541015625,0.580078125,0.560546875,0.138671875,0.064453125,0.169921875,0.779296875,0.072265625,0.412109375,1.0440096
0.111328125,0.205078125,0.298828125,0.017578125,0.806640625,0.236328125,0.634765625,0.541015625,0.580078125,0.560546875,0.138671875,0.064453125,0.169921875,0.615234375,0.619140625,0.412109375,0.9813018
0.111328125,0.205078125,0.298828125,0.017578125,0.806640625,0.236328125,0.634765625,0.541015625,0.580078125,0.560546875,0.138671875,0.064453125,0.169921875,0.615234375,0.072265625,0.509765625,0.9975366
0.326171875,0.740234375,0.857421875,0.083984375,0.177734375,0.673828125,0.349609375,0.755859375,0.951171875,0.556640625,0.482421875,0.634765625,0.259765625,0.779296875,0.619140625,0.509765625,1.0895553
0.611328125,0.705078125,0.798828125,0.517578125,0.306640625,0.736328125,0.134765625,0.041015625,0.080078125,0.060546875,0.638671875,0.564453125,0.669921875,0.115234375,0.572265625,0.912109375,-0.5346438
0.826171875,0.705078125,0.798828125,0.517578125,0.306640625,0.736328125,0.134765625,0.041015625,0.080078125,0.060546875,0.638671875,0.564453125,0.669921875,0.115234375,0.572265625,0.912109375,-0.5346438
0.611328125,0.240234375,0.798828125,0.517578125,0.306640625,0.736328125,0.134765625,0.041015625,0.080078125,0.060546875,0.638671875,0.564453125,0.669921875,0.115234375,0.572265625,0.912109375,-0.60447913
0.611328125,0.705078125,0.357421875,0.517578125,0.306640625,0.736328125,0.134765625,0.041015625,0.080078125,0.060546875,0.638671875,0.564453125,0.669921875,0.115234375,0.572265625,0.912109375,-0.50216323
0.611328125,0.705078125,0.798828125,0.583984375,0.306640625,0.736328125,0.134765625,0.041015625,0.080078125,0.060546875,0.638671875,0.564453125,0.669921875,0.115234375,0.572265625,0.912109375,-0.5213088
0.611328125,0.705078125,0.798828125,0.517578125,0.677734375,0.736328125,0.134765625,0.041015625,0.080078125,0.060546875,0.638671875,0.564453125,0.669921875,0.115234375,0.572265625,0.912109375,-0.5295427
0.611328125,0.705078125,0.798828125,0.517578125,0.306640625,0.173828125,0.134765625,0.041015625,0.080078125,0.060546875,0.638671875,0.564453125,0.669921875,0.115234375,0.572265625,0.912109375,-0.5346438
0.611328125,0.705078125,0.798828125,0.517578125,0.306640625,0.736328125,0.849609375,0.041015625,0.080078125,0.060546875,0.638671875,0.564453125,0.669921875,0.115234375,0.572265625,0.912109375,-0.6182694
0.611328125,0.705078125,0.798828125,0.517578125,0.306640625,0.736328125,0.134765625,0.255859375,0.080078125,0.060546875,0.638671875,0.564453125,0.669921875,0.115234375,0.572265625,0.912109375,-0.5346382
0.611328125,0.705078125,0.798828125,0.517578125,0.306640625,0.736328125,0.134765625,0.041015625,0.451171875,0.060546875,0.638671875,0.564453125,0.669921875,0.115234375,0.572265625,0.912109375,-0.47490138
0.611328125,0.705078125,0.798828125,0.517578125,0.306640625,0.736328125,0.134765625,0.041015625,0.080078125,0.056640625,0.638671875,0.564453125,0.669921875,0.115234375,0.572265625,0.912109375,-0.64387196
0.611328125,0.705078125,0.798828125,0.517578125,0.306640625,0.736328125,0.134765625,0.041015625,0.080078125,0.060546875,0.982421875,0.564453125,0.669921875,0.115234375,0.572265625,0.912109375,-0.8470269
0.611328125,0.705078125,0.798828125,0.517578125,0.306640625,0.736328125,0.134765625,0.041015625,0.080078125,0.060546875,0.638671875,0.134765625,0.669921875,0.115234375,0.572265625,0.912109375,-0.54689455
0.611328125,0.705078125,0.798828125,0.517578125,0.306640625,0.736328125,0.134765625,0.041015625,0.080078125,0.060546875,0.638671875,0.564453125,0.759765625,0.115234375,0.572265625,0.912109375,-0.5346042
0.611328125,0.705078125,0.798828125,0.517578125,0.306640625,0.736328125,0.134765625,0.041015625,0.080078125,0.060546875,0.638671875,0.564453125,0.669921875,0.279296875,0.572265625,0.912109375,-0.50899225
0.611328125,0.705078125,0.798828125,0.517578125,0.306640625,0.736328125,0.134765625,0.041015625,0.080078125,0.060546875,0.638671875,0.564453125,0.669921875,0.115234375,0.119140625,0.912109375,-0.52124935
0.611328125,0.705078125,0.798828125,0.517578125,0.306640625,0.736328125,0.134765625,0.041015625,0.080078125,0.060546875,0.638671875,0.564453125,0.669921875,0.115234375,0.572265625,0.009765625,-0.5346438
0.826171875,0.240234375,0.357421875,0.583984375,0.677734375,0.173828125,0.849609375,0.255859375,0.451171875,0.056640625,0.982421875,0.134765625,0.759765625,0.279296875,0.119140625,0.009765625,-0.97221583
0.861328125,0.455078125,0.048828125,0.267578125,0.056640625,0.986328125,0.884765625,0.291015625,0.330078125,0.310546875,0.888671875,0.814453125,0.419921875,0.865234375,0.822265625,0.162109375,0.7300279
0.576171875,0.455078125,0.048828125,0.267578125,0.056640625,0.986328125,0.884765625,0.291015625,0.330078125,0.310546875,0.888671875,0.814453125,0.419921875,0.865234375,0.822265625,0.162109375,0.7300279
0.861328125,0.990234375,0.048828125,0.267578125,0.056640625,0.986328125,0.884765625,0.291015625,0.330078125,0.310546875,0.888671875,0.814453125,0.419921875,0.865234375,0.822265625,0.162109375,0.84001225
0.861328125,0.455078125,0.107421875,0.267578125,0.056640625,0.986328125,0.884765625,0.291015625,0.330078125,0.310546875,0.888671875,0.814453125,0.419921875,0.865234375,0.822265625,0.162109375,0.7280281
0.861328125,0.455078125,0.048828125,0.333984375,0.056640625,0.986328125,0.884765625,0.291015625,0.330078125,0.310546875,0.888671875,0.814453125,0.419921875,0.865234375,0.822265625,0.162109375,0.73338497
0.861328125,0.455078125,0.048828125,0.267578125,0.427734375,0.986328125,0.884765625,0.291015625,0.330078125,0.310546875,0.888671875,0.814453125,0.419921875,0.865234375,0.822265625,0.162109375,0.7338437
0.861328125,0.455078125,0.048828125,0.267578125,0.056640625,0.423828125,0.884765625,0.291015625,0.330078125,0.310546875,0.888671875,0.814453125,0.419921875,0.865234375,0.822265625,0.162109375,0.7300279
0.861328125,0.455078125,0.048828125,0.267578125,0.056640625,0.986328125,0.099609375,0.291015625,0.330078125,0.310546875,0.888671875,0.814453125,0.419921875,0.865234375,0.822265625,0.162109375,0.8229074
0.861328125,0.455078125,0.048828125,0.267578125,0.056640625,0.986328125,0.884765625,0.505859375,0.330078125,0.310546875,0.888671875,0.814453125,0.419921875,0.865234375,0.822265625,0.162109375,0.7302441
0.861328125,0.455078125,0.048828125,0.267578125,0.056640625,0.986328125,0.884765625,0.291015625,0.701171875,0.310546875,0.888671875,0.814453125,0.419921875,0.865234375,0.822265625,0.162109375,0.67894334
0.861328125,0.455078125,0.048828125,0.267578125,0.056640625,0.986328125,0.884765625,0.291015625,0.330078125,0.306640625,0.888671875,0.814453125,0.419921875,0.865234375,0.822265625,0.162109375,0.72923064
0.861328125,0.455078125,0.048828125,0.267578125,0.056640625,0.986328125,0.884765625,0.291015625,0.330078125,0.310546875,0.232421875,0.814453125,0.419921875,0.865234375,0.822265625,0.162109375,1.0634679
0.861328125,0.455078125,0.048828125,0.267578125,0.056640625,0.986328125,0.884765625,0.291015625,0.330078125,0.310546875,0.888671875,0.384765625,0.419921875,0.865234375,0.822265625,0.162109375,0.72511816
0.861328125,0.455078125,0.048828125,0.267578125,0.056640625,0.986328125,0.884765625,0.291015625,0.330078125,0.310546875,0.888671875,0.814453125,0.009765625,0.865234375,0.822265625,0.162109375,0.73006386
0.861328125,0.455078125,0.048828125,0.267578125,0.056640625,0.986328125,0.884765625,0.291015625,0.330078125,0.310546875,0.888671875,0.814453125,0.419921875,0.029296875,0.822265625,0.162109375,0.54682606
0.861328125,0.455078125,0.048828125,0.267578125,0.056640625,0.986328125,0.884765625,0.291015625,0.330078125,0.310546875,0.888671875,0.814453125,0.419921875,0.865234375,0.869140625,0.162109375,0.7274456
0.861328125,0.455078125,0.048828125,0.267578125,0.056640625,0.986328125,0.884765625,0.291015625,0.330078125,0.310546875,0.888671875,0.814453125,0.419921875,0.865234375,0.822265625,0.759765625,0.7300279
0.576171875,0.990234375,0.107421875,0.333984375,0.427734375,0.423828125,0.099609375,0.505859375,0.701171875,0.306640625,0.232421875,0.384765625,0.009765625,0.029296875,0.869140625,0.759765625,1.029181
0.361328125,0.955078125,0.548828125,0.767578125,0.556640625,0.486328125,0.384765625,0.791015625,0.830078125,0.810546875,0.388671875,0.314453125,0.919921875,0.365234375,0.322265625,0.662109375,1.1444241
0.076171875,0.955078125,0.548828125,0.767578125,0.556640625,0.486328125,0.384765625,0.791015625,0.830078125,0.810546875,0.388671875,0.314453125,0.919921875,0.365234375,0.322265625,0.662109375,1.1444241
0.361328125,0.490234375,0.548828125,0.767578125,0.556640625,0.486328125,0.384765625,0.791015625,0.830078125,0.810546875,0.388671875,0.314453125,0.919921875,0.365234375,0.322265625,0.662109375,1.0490774
0.361328125,0.955078125,0.607421875,0.767578125,0.556640625,0.486328125,0.384765625,0.791015625,0.830078125,0.810546875,0.388671875,0.314453125,0.919921875,0.365234375,0.322265625,0.662109375,1.1401398
0.361328125,0.955078125,0.548828125,0.833984375,0.556640625,0.486328125,0.384765625,0.791015625,0.830078125,0.810546875,0.388671875,0.314453125,0.919921875,0.365234375,0.322265625,0.662109375,1.1607294
0.361328125,0.955078125,0.548828125,0.767578125,0.927734375,0.486328125,0.384765625,0.791015625,0.830078125,0.810546875,0.388671875,0.314453125,0.919921875,0.365234375,0.322265625,0.662109375,1.1509976
0.361328125,0.955078125,0.548828125,0.767578125,0.556640625,0.923828125,0.384765625,0.791015625,0.830078125,0.810546875,0.388671875,0.314453125,0.919921875,0.365234375,0.322265625,0.662109375,1.1444241
0.361328125,0.955078125,0.548828125,0.767578125,0.556640625,0.486328125,0.599609375,0.791015625,0.830078125,0.810546875,0.388671875,0.314453125,0.919921875,0.365234375,0.322265625,0.662109375,1.1205312
0.361328125,0.955078125,0.548828125,0.767578125,0.556640625,0.486328125,0.384765625,0.005859375,0.830078125,0.810546875,0.388671875,0.314453125,0.919921875,0.365234375,0.322265625,0.662109375,1.144422
0.361328125,0.955078125,0.548828125,0.767578125,0.556640625,0.486328125,0.384765625,0.791015625,0.201171875,0.810546875,0.388671875,0.314453125,0.919921875,0.365234375,0.322265625,0.662109375,1.1442677
0.361328125,0.955078125,0.548828125,0.767578125,0.556640625,0.486328125,0.384765625,0.791015625,0.830078125,0.806640625,0.388671875,0.314453125,0.919921875,0.365234375,0.322265625,0.662109375,1.1444241
0.361328125,0.955078125,0.548828125,0.767578125,0.556640625,0.486328125,0.384765625,0.791015625,0.830078125,0.810546875,0.732421875,0.314453125,0.919921875,0.365234375,0.322265625,0.662109375,0.981104
0.361328125,0.955078125,0.548828125,0.767578125,0.556640625,0.486328125,0.384765625,0.791015625,0.830078125,0.810546875,0.388671875,0.884765625,0.919921875,0.365234375,0.322265625,0.662109375,1.1513754
0.361328125,0.955078125,0.548828125,0.767578125,0.556640625,0.486328125,0.384765625,0.791015625,0.830078125,0.810546875,0.388671875,0.314453125,0.509765625,0.365234375,0.322265625,0.662109375,1.1441107
0.361328125,0.955078125,0.548828125,0.767578125,0.556640625,0.486328125,0.384765625,0.791015625,0.830078125,0.810546875,0.388671875,0.314453125,0.919921875,0.529296875,0.322265625,0.662109375,1.1794616
0.361328125,0.955078125,0.548828125,0.767578125,0.556640625,0.486328125,0.384765625,0.791015625,0.830078125,0.810546875,0.388671875,0.314453125,0.919921875,0.365234375,0.369140625,0.662109375,1.1430513
0.361328125,0.955078125,0.548828125,0.767578125,0.556640625,0.486328125,0.384765625,0.791015625,0.830078125,0.810546875,0.388671875,0.314453125,0.919921875,0.365234375,0.322265625,0.259765625,1.1444241
0.076171875,0.490234375,0.607421875,0.833984375,0.927734375,0.923828125,0.599609375,0.005859375,0.201171875,0.806640625,0.732421875,0.884765625,0.509765625,0.529296875,0.369140625,0.259765625,0.92060316
0.486328125,0.330078125,0.923828125,0.892578125,0.681640625,0.111328125,0.759765625,0.416015625,0.455078125,0.185546875,0.763671875,0.439453125,0.294921875,0.240234375,0.447265625,0.537109375,0.6851356
0.201171875,0.330078125,0.923828125,0.892578125,0.681640625,0.111328125,0.759765625,0.416015625,0.455078125,0.185546875,0.763671875,0.439453125,0.294921875,0.240234375,0.447265625,0.537109375,0.6851356
0.486328125,0.365234375,0.923828125,0.892578125,0.681640625,0.111328125,0.759765625,0.416015625,0.455078125,0.185546875,0.763671875,0.439453125,0.294921875,0.240234375,0.447265625,0.537109375,0.6895225
0.486328125,0.330078125,0.232421875,0.892578125,0.681640625,0.111328125,0.759765625,0.416015625,0.455078125,0.185546875,0.763671875,0.439453125,0.294921875,0.240234375,0.447265625,0.537109375,0.73649126
0.486328125,0.330078125,0.923828125,0.208984375,0.681640625,0.111328125,0.759765625,0.416015625,0.455078125,0.185546875,0.763671875,0.439453125,0.294921875,0.240234375,0.447265625,0.537109375,0.5694255
0.486328125,0.330078125,0.923828125,0.892578125,0.052734375,0.111328125,0.759765625,0.416015625,0.455078125,0.185546875,0.763671875,0.439453125,0.294921875,0.240234375,0.447265625,0.537109375,0.67756474
0.486328125,0.330078125,0.923828125,0.892578125,0.681640625,0.548828125,0.759765625,0.416015625,0.455078125,0.185546875,0.763671875,0.439453125,0.294921875,0.240234375,0.447265625,0.537109375,0.6851356
0.486328125,0.330078125,0.923828125,0.892578125,0.681640625,0.111328125,0.224609375,0.416015625,0.455078125,0.185546875,0.763671875,0.439453125,0.294921875,0.240234375,0.447265625,0.537109375,0.74624753
0.486328125,0.330078125,0.923828125,0.892578125,0.681640625,0.111328125,0.759765625,0.130859375,0.455078125,0.185546875,0.763671875,0.439453125,0.294921875,0.240234375,0.447265625,0.537109375,0.6850363
0.486328125,0.330078125,0.923828125,0.892578125,0.681640625,0.111328125,0.759765625,0.416015625,0.076171875,0.185546875,0.763671875,0.439453125,0.294921875,0.240234375,0.447265625,0.537109375,0.6261214
0.486328125,0.330078125,0.923828125,0.892578125,0.681640625,0.111328125,0.759765625,0.416015625,0.455078125,0.431640625,0.763671875,0.439453125,0.294921875,0.240234375,0.447265625,0.537109375,0.80365825
0.486328125,0.330078125,0.923828125,0.892578125,0.681640625,0.111328125,0.759765625,0.416015625,0.455078125,0.185546875,0.107421875,0.439453125,0.294921875,0.240234375,0.447265625,0.537109375,0.89771056
0.486328125,0.330078125,0.923828125,0.892578125,0.681640625,0.111328125,0.759765625,0.416015625,0.455078125,0.185546875,0.763671875,0.009765625,0.294921875,0.240234375,0.447265625,0.537109375,0.6679046
0.486328125,0.330078125,0.923828125,0.892578125,0.681640625,0.111328125,0.759765625,0.416015625,0.455078125,0.185546875,0.763671875,0.439453125,0.384765625,0.240234375,0.447265625,0.537109375,0.6851218
0.486328125,0.330078125,0.923828125,0.892578125,0.681640625,0.111328125,0.759765625,0.416015625,0.455078125,0.185546875,0.763671875,0.439453125,0.294921875,0.904296875,0.447265625,0.537109375,0.8514121
0.486328125,0.330078125,0.923828125,0.892578125,0.681640625,0.111328125,0.759765625,0.416015625,0.455078125,0.185546875,0.763671875,0.439453125,0.294921875,0.240234375,0.994140625,0.537109375,0.65873194
0.486328125,0.330078125,0.923828125,0.892578125,0.681640625,0.111328125,0.759765625,0.416015625,0.455078125,0.185546875,0.763671875,0.439453125,0.294921875,0.240234375,0.447265625,0.634765625,0.6851356
0.201171875,0.365234375,0.232421875,0.208984375,0.052734375,0.548828125,0.224609375,0.130859375,0.076171875,0.431640625,0.107421875,0.009765625,0.384765625,0.904296875,0.994140625,0.634765625,1.0733213
0.986328125,0.830078125,0.423828125,0.392578125,0.181640625,0.611328125,0.259765625,0.916015625,0.955078125,0.685546875,0.263671875,0.939453125,0.794921875,0.740234375,0.947265625,0.037109375,1.1697433
0.701171875,0.830078125,0.423828125,0.392578125,0.181640625,0.611328125,0.259765625,0.916015625,0.955078125,0.685546875,0.263671875,0.939453125,0.794921875,0.740234375,0.947265625,0.037109375,1.1697433
0.986328125,0.865234375,0.423828125,0.392578125,0.181640625,0.611328125,0.259765625,0.916015625,0.955078125,0.685546875,0.263671875,0.939453125,0.794921875,0.740234375,0.947265625,0.037109375,1.1779891
0.986328125,0.830078125,0.732421875,0.392578125,0.181640625,0.611328125,0.259765625,0.916015625,0.955078125,0.685546875,0.263671875,0.939453125,0.794921875,0.740234375,0.947265625,0.037109375,1.1471108
0.986328125,0.830078125,0.423828125,0.708984375,0.181640625,0.611328125,0.259765625,0.916015625,0.955078125,0.685546875,0.263671875,0.939453125,0.794921875,0.740234375,0.947265625,0.037109375,1.2316413
0.986328125,0.830078125,0.423828125,0.392578125,0.552734375,0.611328125,0.259765625,0.916015625,0.955078125,0.685546875,0.263671875,0.939453125,0.794921875,0.740234375,0.947265625,0.037109375,1.1741784
0.986328125,0.830078125,0.423828125,0.392578125,0.181640625,0.048828125,0.259765625,0.916015625,0.955078125,0.685546875,0.263671875,0.939453125,0.794921875,0.740234375,0.947265625,0.037109375,1.1697433
0.986328125,0.830078125,0.423828125,0.392578125,0.181640625,0.611328125,0.724609375,0.916015625,0.955078125,0.685546875,0.263671875,0.939453125,0.794921875,0.740234375,0.947265625,0.037109375,1.1170666
0.986328125,0.830078125,0.423828125,0.392578125,0.181640625,0.611328125,0.259765625,0.630859375,0.955078125,0.685546875,0.263671875,0.939453125,0.794921875,0.740234375,0.947265625,0.037109375,1.1697564
0.986328125,0.830078125,0.423828125,0.392578125,0.181640625,0.611328125,0.259765625,0.916015625,0.576171875,0.685546875,0.263671875,0.939453125,0.794921875,0.740234375,0.947265625,0.037109375,1.1479032
0.986328125,0.830078125,0.423828125,0.392578125,0.181640625,0.611328125,0.259765625,0.916015625,0.955078125,0.931640625,0.263671875,0.939453125,0.794921875,0.740234375,0.947265625,0.037109375,1.169749
0.986328125,0.830078125,0.423828125,0.392578125,0.181640625,0.611328125,0.259765625,0.916015625,0.955078125,0.685546875,0.607421875,0.939453125,0.794921875,0.740234375,0.947265625,0.037109375,1.0839363
0.986328125,0.830078125,0.423828125,0.392578125,0.181640625,0.611328125,0.259765625,0.916015625,0.955078125,0.685546875,0.263671875,0.509765625,0.794921875,0.740234375,0.947265625,0.037109375,1.167194
0.986328125,0.830078125,0.423828125,0.392578125,0.181640625,0.611328125,0.259765625,0.916015625,0.955078125,0.685546875,0.263671875,0.939453125,0.884765625,0.740234375,0.947265625,0.037109375,1.1697494
0.986328125,0.830078125,0.423828125,0.392578125,0.181640625,0.611328125,0.259765625,0.916015625,0.955078125,0.685546875,0.263671875,0.939453125,0.794921875,0.404296875,0.947265625,0.037109375,1.0865904
0.986328125,0.830078125,0.423828125,0.392578125,0.181640625,0.611328125,0.259765625,0.916015625,0.955078125,0.685546875,0.263671875,0.939453125,0.794921875,0.740234375,0.494140625,0.037109375,1.1915635
0.986328125,0.830078125,0.423828125,0.392578125,0.181640625,0.611328125,0.259765625,0.916015625,0.955078125,0.685546875,0.263671875,0.939453125,0.794921875,0.740234375,0.947265625,0.134765625,1.1697433
0.701171875,0.865234375,0.732421875,0.708984375,0.552734375,0.048828125,0.724609375,0.630859375,0.576171875,0.931640625,0.607421875,0.509765625,0.884765625,0.404296875,0.494140625,0.134765625,0.99750906
0.736328125,0.080078125,0.673828125,0.642578125,0.431640625,0.861328125,0.509765625,0.666015625,0.705078125,0.935546875,0.013671875,0.689453125,0.044921875,0.490234375,0.697265625,0.787109375,0.9708037
0.951171875,0.080078125,0.673828125,0.642578125,0.431640625,0.861328125,0.509765625,0.666015625,0.705078125,0.935546875,0.013671875,0.689453125,0.044921875,0.490234375,0.697265625,0.787109375,0.9708037
0.736328125,0.115234375,0.673828125,0.642578125,0.431640625,0.861328125,0.509765625,0.666015625,0.705078125,0.935546875,0.013671875,0.689453125,0.044921875,0.490234375,0.697265625,0.787109375,0.97371405
0.736328125,0.080078125,0.982421875,0.642578125,0.431640625,0.861328125,0.509765625,0.666015625,0.705078125,0.935546875,0.013671875,0.689453125,0.044921875,0.490234375,0.697265625,0.787109375,0.94045717
0.736328125,0.080078125,0.673828125,0.458984375,0.431640625,0.861328125,0.509765625,0.666015625,0.705078125,0.935546875,0.013671875,0.689453125,0.044921875,0.490234375,0.697265625,0.787109375,0.9341889
0.736328125,0.080078125,0.673828125,0.642578125,0.302734375,0.861328125,0.509765625,0.666015625,0.705078125,0.935546875,0.013671875,0.689453125,0.044921875,0.490234375,0.697265625,0.787109375,0.9692684
0.736328125,0.080078125,0.673828125,0.642578125,0.431640625,0.298828125,0.509765625,0.666015625,0.705078125,0.935546875,0.013671875,0.689453125,0.044921875,0.490234375,0.697265625,0.787109375,0.9708037
0.736328125,0.080078125,0.673828125,0.642578125,0.431640625,0.861328125,0.474609375,0.666015625,0.705078125,0.935546875,0.013671875,0.689453125,0.044921875,0.490234375,0.697265625,0.787109375,0.97469383
0.736328125,0.080078125,0.673828125,0.642578125,0.431640625,0.861328125,0.509765625,0.380859375,0.705078125,0.935546875,0.013671875,0.689453125,0.044921875,0.490234375,0.697265625,0.787109375,0.9708342
0.736328125,0.080078125,0.673828125,0.642578125,0.431640625,0.861328125,0.509765625,0.666015625,0.326171875,0.935546875,0.013671875,0.689453125,0.044921875,0.490234375,0.697265625,0.787109375,1.0212655
0.736328125,0.080078125,0.673828125,0.642578125,0.431640625,0.861328125,0.509765625,0.666015625,0.705078125,0.681640625,0.013671875,0.689453125,0.044921875,0.490234375,0.697265625,0.787109375,0.97079796
0.736328125,0.080078125,0.673828125,0.642578125,0.431640625,0.861328125,0.509765625,0.666015625,0.705078125,0.935546875,0.357421875,0.689453125,0.044921875,0.490234375,0.697265625,0.787109375,0.9532607
0.736328125,0.080078125,0.673828125,0.642578125,0.431640625,0.861328125,0.509765625,0.666015625,0.705078125,0.935546875,0.013671875,0.759765625,0.044921875,0.490234375,0.697265625,0.787109375,0.97115237
0.736328125,0.080078125,0.673828125,0.642578125,0.431640625,0.861328125,0.509765625,0.666015625,0.705078125,0.935546875,0.013671875,0.689453125,0.134765625,0.490234375,0.697265625,0.787109375,0.97080237
0.736328125,0.080078125,0.673828125,0.642578125,0.431640625,0.861328125,0.509765625,0.666015625,0.705078125,0.935546875,0.013671875,0.689453125,0.044921875,0.154296875,0.697265625,0.787109375,0.9089398
0.736328125,0.080078125,0.673828125,0.642578125,0.431640625,0.861328125,0.509765625,0.666015625,0.705078125,0.935546875,0.013671875,0.689453125,0.044921875,0.490234375,0.744140625,0.787109375,0.96855927
0.736328125,0.080078125,0.673828125,0.642578125,0.431640625,0.861328125,0.509765625,0.666015625,0.705078125,0.935546875,0.013671875,0.689453125,0.044921875,0.490234375,0.697265625,0.884765625,0.9708037
0.951171875,0.115234375,0.982421875,0.458984375,0.302734375,0.298828125,0.474609375,0.380859375,0.326171875,0.681640625,0.357421875,0.759765625,0.134765625,0.154296875,0.744140625,0.884765625,0.87829
0.236328125,0.580078125,0.173828125,0.142578125,0.931640625,0.361328125,0.009765625,0.166015625,0.205078125,0.435546875,0.513671875,0.189453125,0.544921875,0.990234375,0.197265625,0.287109375,1.1673759
0.451171875,0.580078125,0.173828125,0.142578125,0.931640625,0.361328125,0.009765625,0.166015625,0.205078125,0.435546875,0.513671875,0.189453125,0.544921875,0.990234375,0.197265625,0.287109375,1.1673759
0.236328125,0.615234375,0.173828125,0.142578125,0.931640625,0.361328125,0.009765625,0.166015625,0.205078125,0.435546875,0.513671875,0.189453125,0.544921875,0.990234375,0.197265625,0.287109375,1.1735413
0.236328125,0.580078125,0.482421875,0.142578125,0.931640625,0.361328125,0.009765625,0.166015625,0.205078125,0.435546875,0.513671875,0.189453125,0.544921875,0.990234375,0.197265625,0.287109375,1.1513252
0.236328125,0.580078125,0.173828125,0.958984375,0.931640625,0.361328125,0.009765625,0.166015625,0.205078125,0.435546875,0.513671875,0.189453125,0.544921875,0.990234375,0.197265625,0.287109375,1.294779
0.236328125,0.580078125,0.173828125,0.142578125,0.802734375,0.361328125,0.009765625,0.166015625,0.205078125,0.435546875,0.513671875,0.189453125,0.544921875,0.990234375,0.197265625,0.287109375,1.1648176
0.236328125,0.580078125,0.173828125,0.142578125,0.931640625,0.798828125,0.009765625,0.166015625,0.205078125,0.435546875,0.513671875,0.189453125,0.544921875,0.990234375,0.197265625,0.287109375,1.1673759
0.236328125,0.580078125,0.173828125,0.142578125,0.931640625,0.361328125,0.974609375,0.166015625,0.205078125,0.435546875,0.513671875,0.189453125,0.544921875,0.990234375,0.197265625,0.287109375,1.049472
0.236328125,0.580078125,0.173828125,0.142578125,0.931640625,0.361328125,0.009765625,0.880859375,0.205078125,0.435546875,0.513671875,0.189453125,0.544921875,0.990234375,0.197265625,0.287109375,1.1673744
0.236328125,0.580078125,0.173828125,0.142578125,0.931640625,0.361328125,0.009765625,0.166015625,0.826171875,0.435546875,0.513671875,0.189453125,0.544921875,0.990234375,0.197265625,0.287109375,1.1654536
0.236328125,0.580078125,0.173828125,0.142578125,0.931640625,0.361328125,0.009765625,0.166015625,0.205078125,0.181640625,0.513671875,0.189453125,0.544921875,0.990234375,0.197265625,0.287109375,1.0391182
0.236328125,0.580078125,0.173828125,0.142578125,0.931640625,0.361328125,0.009765625,0.166015625,0.205078125,0.435546875,0.857421875,0.189453125,0.544921875,0.990234375,0.197265625,0.287109375,0.9113713
0.236328125,0.580078125,0.173828125,0.142578125,0.931640625,0.361328125,0.009765625,0.166015625,0.205078125,0.435546875,0.513671875,0.259765625,0.544921875,0.990234375,0.197265625,0.287109375,1.170127
0.236328125,0.580078125,0.173828125,0.142578125,0.931640625,0.361328125,0.009765625,0.166015625,0.205078125,0.435546875,0.513671875,0.189453125,0.634765625,0.990234375,0.197265625,0.287109375,1.1675891
0.236328125,0.580078125,0.173828125,0.142578125,0.931640625,0.361328125,0.009765625,0.166015625,0.205078125,0.435546875,0.513671875,0.189453125,0.544921875,0.654296875,0.197265625,0.287109375,1.0585299
0.236328125,0.580078125,0.173828125,0.142578125,0.931640625,0.361328125,0.009765625,0.166015625,0.205078125,0.435546875,0.513671875,0.189453125,0.544921875,0.990234375,0.244140625,0.287109375,1.1662463
0.236328125,0.580078125,0.173828125,0.142578125,0.931640625,0.361328125,0.009765625,0.166015625,0.205078125,0.435546875,0.513671875,0.189453125,0.544921875,0.990234375,0.197265625,0.384765625,1.167376
0.451171875,0.615234375,0.482421875,0.958984375,0.802734375,0.798828125,0.974609375,0.880859375,0.826171875,0.181640625,0.857421875,0.259765625,0.634765625,0.654296875,0.244140625,0.384765625,0.67123365
0.173828125,0.392578125,0.736328125,0.455078125,0.369140625,0.423828125,0.822265625,0.478515625,0.392578125,0.873046875,0.576171875,0.001953125,0.857421875,0.427734375,0.759765625,0.599609375,0.85784954
0.513671875,0.392578125,0.736328125,0.455078125,0.369140625,0.423828125,0.822265625,0.478515625,0.392578125,0.873046875,0.576171875,0.001953125,0.857421875,0.427734375,0.759765625,0.599609375,0.85784954
0.173828125,0.427734375,0.736328125,0.455078125,0.369140625,0.423828125,0.822265625,0.478515625,0.392578125,0.873046875,0.576171875,0.001953125,0.857421875,0.427734375,0.759765625,0.599609375,0.8626528
0.173828125,0.392578125,0.169921875,0.455078125,0.369140625,0.423828125,0.822265625,0.478515625,0.392578125,0.873046875,0.576171875,0.001953125,0.857421875,0.427734375,0.759765625,0.599609375,0.8934027
0.173828125,0.392578125,0.736328125,0.271484375,0.369140625,0.423828125,0.822265625,0.478515625,0.392578125,0.873046875,0.576171875,0.001953125,0.857421875,0.427734375,0.759765625,0.599609375,0.84343636
0.173828125,0.392578125,0.736328125,0.455078125,0.115234375,0.423828125,0.822265625,0.478515625,0.392578125,0.873046875,0.576171875,0.001953125,0.857421875,0.427734375,0.759765625,0.599609375,0.855245
0.173828125,0.392578125,0.736328125,0.455078125,0.369140625,0.111328125,0.822265625,0.478515625,0.392578125,0.873046875,0.576171875,0.001953125,0.857421875,0.427734375,0.759765625,0.599609375,0.85784954
0.173828125,0.392578125,0.736328125,0.455078125,0.369140625,0.423828125,0.412109375,0.478515625,0.392578125,0.873046875,0.576171875,0.001953125,0.857421875,0.427734375,0.759765625,0.599609375,0.9165422
0.173828125,0.392578125,0.736328125,0.455078125,0.369140625,0.423828125,0.822265625,0.193359375,0.392578125,0.873046875,0.576171875,0.001953125,0.857421875,0.427734375,0.759765625,0.599609375,0.8576272
0.173828125,0.392578125,0.736328125,0.455078125,0.369140625,0.423828125,0.822265625,0.478515625,0.513671875,0.873046875,0.576171875,0.001953125,0.857421875,0.427734375,0.759765625,0.599609375,0.8441914
0.173828125,0.392578125,0.736328125,0.455078125,0.369140625,0.423828125,0.822265625,0.478515625,0.392578125,0.619140625,0.576171875,0.001953125,0.857421875,0.427734375,0.759765625,0.599609375,0.85782856
0.173828125,0.392578125,0.736328125,0.455078125,0.369140625,0.423828125,0.822265625,0.478515625,0.392578125,0.873046875,0.919921875,0.001953125,0.857421875,0.427734375,0.759765625,0.599609375,0.5654974
0.173828125,0.392578125,0.736328125,0.455078125,0.369140625,0.423828125,0.822265625,0.478515625,0.392578125,0.873046875,0.576171875,0.572265625,0.857421875,0.427734375,0.759765625,0.599609375,0.87770444
0.173828125,0.392578125,0.736328125,0.455078125,0.369140625,0.423828125,0.822265625,0.478515625,0.392578125,0.873046875,0.576171875,0.001953125,0.947265625,0.427734375,0.759765625,0.599609375,0.8578528
0.173828125,0.392578125,0.736328125,0.455078125,0.369140625,0.423828125,0.822265625,0.478515625,0.392578125,0.873046875,0.576171875,0.001953125,0.857421875,0.216796875,0.759765625,0.599609375,0.8191189
0.173828125,0.392578125,0.736328125,0.455078125,0.369140625,0.423828125,0.822265625,0.478515625,0.392578125,0.873046875,0.576171875,0.001953125,0.857421875,0.427734375,0.931640625,0.599609375,0.84837466
0.173828125,0.392578125,0.736328125,0.455078125,0.369140625,0.423828125,0.822265625,0.478515625,0.392578125,0.873046875,0.576171875,0.001953125,0.857421875,0.427734375,0.759765625,0.322265625,0.85784954
0.513671875,0.427734375,0.169921875,0.271484375,0.115234375,0.111328125,0.412109375,0.193359375,0.513671875,0.619140625,0.919921875,0.572265625,0.947265625,0.216796875,0.931640625,0.322265625,0.60528
0.673828125,0.892578125,0.236328125,0.955078125,0.869140625,0.923828125,0.322265625,0.978515625,0.892578125,0.373046875,0.076171875,0.501953125,0.357421875,0.927734375,0.259765625,0.099609375,1.3900292
0.013671875,0.892578125,0.236328125,0.955078125,0.869140625,0.923828125,0.322265625,0.978515625,0.892578125,0.373046875,0.076171875,0.501953125,0.357421875,0.927734375,0.259765625,0.099609375,1.3900292
0.673828125,0.927734375,0.236328125,0.955078125,0.869140625,0.923828125,0.322265625,0.978515625,0.892578125,0.373046875,0.076171875,0.501953125,0.357421875,0.927734375,0.259765625,0.099609375,1.3988421
0.673828125,0.892578125,0.669921875,0.955078125,0.869140625,0.923828125,0.322265625,0.978515625,0.892578125,0.373046875,0.076171875,0.501953125,0.357421875,0.927734375,0.259765625,0.099609375,1.3629534
0.673828125,0.892578125,0.236328125,0.771484375,0.869140625,0.923828125,0.322265625,0.978515625,0.892578125,0.373046875,0.076171875,0.501953125,0.357421875,0.927734375,0.259765625,0.099609375,1.3531234
0.673828125,0.892578125,0.236328125,0.955078125,0.615234375,0.923828125,0.322265625,0.978515625,0.892578125,0.373046875,0.076171875,0.501953125,0.357421875,0.927734375,0.259765625,0.099609375,1.3855376
0.673828125,0.892578125,0.236328125,0.955078125,0.869140625,0.611328125,0.322265625,0.978515625,0.892578125,0.373046875,0.076171875,0.501953125,0.357421875,0.927734375,0.259765625,0.099609375,1.3900292
0.673828125,0.892578125,0.236328125,0.955078125,0.869140625,0.923828125,0.912109375,0.978515625,0.892578125,0.373046875,0.076171875,0.501953125,0.357421875,0.927734375,0.259765625,0.099609375,1.3041968
0.673828125,0.892578125,0.236328125,0.955078125,0.869140625,0.923828125,0.322265625,0.693359375,0.892578125,0.373046875,0.076171875,0.501953125,0.357421875,0.927734375,0.259765625,0.099609375,1.3900354
0.673828125,0.892578125,0.236328125,0.955078125,0.869140625,0.923828125,0.322265625,0.978515625,0.013671875,0.373046875,0.076171875,0.501953125,0.357421875,0.927734375,0.259765625,0.099609375,1.3672338
0.673828125,0.892578125,0.236328125,0.955078125,0.869140625,0.923828125,0.322265625,0.978515625,0.892578125,0.119140625,0.076171875,0.501953125,0.357421875,0.927734375,0.259765625,0.099609375,0.94633406
0.673828125,0.892578125,0.236328125,0.955078125,0.869140625,0.923828125,0.322265625,0.978515625,0.892578125,0.373046875,0.419921875,0.501953125,0.357421875,0.927734375,0.259765625,0.099609375,1.3634033
0.673828125,0.892578125,0.236328125,0.955078125,0.869140625,0.923828125,0.322265625,0.978515625,0.892578125,0.373046875,0.076171875,0.072265625,0.357421875,0.927734375,0.259765625,0.099609375,1.3753974
0.673828125,0.892578125,0.236328125,0.955078125,0.869140625,0.923828125,0.322265625,0.978515625,0.892578125,0.373046875,0.076171875,0.501953125,0.447265625,0.927734375,0.259765625,0.099609375,1.3899875
0.673828125,0.892578125,0.236328125,0.955078125,0.869140625,0.923828125,0.322265625,0.978515625,0.892578125,0.373046875,0.076171875,0.501953125,0.357421875,0.716796875,0.259765625,0.099609375,1.3218219
0.673828125,0.892578125,0.236328125,0.955078125,0.869140625,0.923828125,0.322265625,0.978515625,0.892578125,0.373046875,0.076171875,0.501953125,0.357421875,0.927734375,0.431640625,0.099609375,1.3849893
0.673828125,0.892578125,0.236328125,0.955078125,0.869140625,0.923828125,0.322265625,0.978515625,0.892578125,0.373046875,0.076171875,0.501953125,0.357421875,0.927734375,0.259765625,0.822265625,1.3900292
0.013671875,0.927734375,0.669921875,0.771484375,0.615234375,0.611328125,0.912109375,0.693359375,0.013671875,0.119140625,0.419921875,0.072265625,0.447265625,0.716796875,0.431640625,0.822265625,0.6635063
0.923828125,0.142578125,0.986328125,0.205078125,0.619140625,0.673828125,0.572265625,0.728515625,0.642578125,0.123046875,0.326171875,0.751953125,0.607421875,0.177734375,0.009765625,0.849609375,0.43179742
0.263671875,0.142578125,0.986328125,0.205078125,0.619140625,0.673828125,0.572265625,0.728515625,0.642578125,0.123046875,0.326171875,0.751953125,0.607421875,0.177734375,0.009765625,0.849609375,0.43179742
0.923828125,0.177734375,0.986328125,0.205078125,0.619140625,0.673828125,0.572265625,0.728515625,0.642578125,0.123046875,0.326171875,0.751953125,0.607421875,0.177734375,0.009765625,0.849609375,0.4350486
0.923828125,0.142578125,0.919921875,0.205078125,0.619140625,0.673828125,0.572265625,0.728515625,0.642578125,0.123046875,0.326171875,0.751953125,0.607421875,0.177734375,0.009765625,0.849609375,0.43923432
0.923828125,0.142578125,0.986328125,0.021484375,0.619140625,0.673828125,0.572265625,0.728515625,0.642578125,0.123046875,0.326171875,0.751953125,0.607421875,0.177734375,0.009765625,0.849609375,0.42912003
0.923828125,0.142578125,0.986328125,0.205078125,0.365234375,0.673828125,0.572265625,0.728515625,0.642578125,0.123046875,0.326171875,0.751953125,0.607421875,0.177734375,0.009765625,0.849609375,0.4283134
0.923828125,0.142578125,0.986328125,0.205078125,0.619140625,0.861328125,0.572265625,0.728515625,0.642578125,0.123046875,0.326171875,0.751953125,0.607421875,0.177734375,0.009765625,0.849609375,0.43179742
0.923828125,0.142578125,0.986328125,0.205078125,0.619140625,0.673828125,0.162109375,0.728515625,0.642578125,0.123046875,0.326171875,0.751953125,0.607421875,0.177734375,0.009765625,0.849609375,0.4674864
0.923828125,0.142578125,0.986328125,0.205078125,0.619140625,0.673828125,0.572265625,0.443359375,0.642578125,0.123046875,0.326171875,0.751953125,0.607421875,0.177734375,0.009765625,0.849609375,0.4320186
0.923828125,0.142578125,0.986328125,0.205078125,0.619140625,0.673828125,0.572265625,0.728515625,0.763671875,0.123046875,0.326171875,0.751953125,0.607421875,0.177734375,0.009765625,0.849609375,0.4230827
0.923828125,0.142578125,0.986328125,0.205078125,0.619140625,0.673828125,0.572265625,0.728515625,0.642578125,0.369140625,0.326171875,0.751953125,0.607421875,0.177734375,0.009765625,0.849609375,0.842091
0.923828125,0.142578125,0.986328125,0.205078125,0.619140625,0.673828125,0.572265625,0.728515625,0.642578125,0.123046875,0.669921875,0.751953125,0.607421875,0.177734375,0.009765625,0.849609375,0.31108087
0.923828125,0.142578125,0.986328125,0.205078125,0.619140625,0.673828125,0.572265625,0.728515625,0.642578125,0.123046875,0.326171875,0.322265625,0.607421875,0.177734375,0.009765625,0.849609375,0.42537984
0.923828125,0.142578125,0.986328125,0.205078125,0.619140625,0.673828125,0.572265625,0.728515625,0.642578125,0.123046875,0.326171875,0.751953125,0.697265625,0.177734375,0.009765625,0.849609375,0.43205082
0.923828125,0.142578125,0.986328125,0.205078125,0.619140625,0.673828125,0.572265625,0.728515625,0.642578125,0.123046875,0.326171875,0.751953125,0.607421875,0.966796875,0.009765625,0.849609375,0.63062555
0.923828125,0.142578125,0.986328125,0.205078125,0.619140625,0.673828125,0.572265625,0.728515625,0.642578125,0.123046875,0.326171875,0.751953125,0.607421875,0.177734375,0.681640625,0.849609375,0.41171387
0.923828125,0.142578125,0.986328125,0.205078125,0.619140625,0.673828125,0.572265625,0.728515625,0.642578125,0.123046875,0.326171875,0.751953125,0.607421875,0.177734375,0.009765625,0.072265625,0.4317974
0.263671875,0.177734375,0.919921875,0.021484375,0.365234375,0.861328125,0.162109375,0.443359375,0.763671875,0.369140625,0.669921875,0.322265625,0.697265625,0.966796875,0.681640625,0.072265625,0.925677
0.423828125,0.642578125,0.486328125,0.705078125,0.119140625,0.173828125,0.072265625,0.228515625,0.142578125,0.623046875,0.826171875,0.251953125,0.107421875,0.677734375,0.509765625,0.349609375,0.8749286
0.763671875,0.642578125,0.486328125,0.705078125,0.119140625,0.173828125,0.072265625,0.228515625,0.142578125,0.623046875,0.826171875,0.251953125,0.107421875,0.677734375,0.509765625,0.349609375,0.8749286
0.423828125,0.677734375,0.486328125,0.705078125,0.119140625,0.173828125,0.072265625,0.228515625,0.142578125,0.623046875,0.826171875,0.251953125,0.107421875,0.677734375,0.509765625,0.349609375,0.88158584
0.423828125,0.642578125,0.419921875,0.705078125,0.119140625,0.173828125,0.072265625,0.228515625,0.142578125,0.623046875,0.826171875,0.251953125,0.107421875,0.677734375,0.509765625,0.349609375,0.8790455
0.423828125,0.642578125,0.486328125,0.521484375,0.119140625,0.173828125,0.072265625,0.228515625,0.142578125,0.623046875,0.826171875,0.251953125,0.107421875,0.677734375,0.509765625,0.349609375,0.831056
0.423828125,0.642578125,0.486328125,0.705078125,0.865234375,0.173828125,0.072265625,0.228515625,0.142578125,0.623046875,0.826171875,0.251953125,0.107421875,0.677734375,0.509765625,0.349609375,0.88528967
0.423828125,0.642578125,0.486328125,0.705078125,0.119140625,0.361328125,0.072265625,0.228515625,0.142578125,0.623046875,0.826171875,0.251953125,0.107421875,0.677734375,0.509765625,0.349609375,0.8749286
0.423828125,0.642578125,0.486328125,0.705078125,0.119140625,0.173828125,0.662109375,0.228515625,0.142578125,0.623046875,0.826171875,0.251953125,0.107421875,0.677734375,0.509765625,0.349609375,0.8223983
0.423828125,0.642578125,0.486328125,0.705078125,0.119140625,0.173828125,0.072265625,0.943359375,0.142578125,0.623046875,0.826171875,0.251953125,0.107421875,0.677734375,0.509765625,0.349609375,0.8749243
0.423828125,0.642578125,0.486328125,0.705078125,0.119140625,0.173828125,0.072265625,0.228515625,0.263671875,0.623046875,0.826171875,0.251953125,0.107421875,0.677734375,0.509765625,0.349609375,0.9055277
0.423828125,0.642578125,0.486328125,0.705078125,0.119140625,0.173828125,0.072265625,0.228515625,0.142578125,0.869140625,0.826171875,0.251953125,0.107421875,0.677734375,0.509765625,0.349609375,0.87494767
0.423828125,0.642578125,0.486328125,0.705078125,0.119140625,0.173828125,0.072265625,0.228515625,0.142578125,0.623046875,0.169921875,0.251953125,0.107421875,0.677734375,0.509765625,0.349609375,1.1477628
0.423828125,0.642578125,0.486328125,0.705078125,0.119140625,0.173828125,0.072265625,0.228515625,0.142578125,0.623046875,0.826171875,0.822265625,0.107421875,0.677734375,0.509765625,0.349609375,0.8838811
0.423828125,0.642578125,0.486328125,0.705078125,0.119140625,0.173828125,0.072265625,0.228515625,0.142578125,0.623046875,0.826171875,0.251953125,0.197265625,0.677734375,0.509765625,0.349609375,0.87492657
0.423828125,0.642578125,0.486328125,0.705078125,0.119140625,0.173828125,0.072265625,0.228515625,0.142578125,0.623046875,0.826171875,0.251953125,0.107421875,0.466796875,0.509765625,0.349609375,0.82284224
0.423828125,0.642578125,0.486328125,0.705078125,0.119140625,0.173828125,0.072265625,0.228515625,0.142578125,0.623046875,0.826171875,0.251953125,0.107421875,0.677734375,0.181640625,0.349609375,0.88458484
0.423828125,0.642578125,0.486328125,0.705078125,0.119140625,0.173828125,0.072265625,0.228515625,0.142578125,0.623046875,0.826171875,0.251953125,0.107421875,0.677734375,0.509765625,0.572265625,0.8749286
0.763671875,0.677734375,0.419921875,0.521484375,0.865234375,0.361328125,0.662109375,0.943359375,0.263671875,0.869140625,0.169921875,0.822265625,0.197265625,0.466796875,0.181640625,0.572265625,1.0696292
0.298828125,0.017578125,0.111328125,0.580078125,0.244140625,0.298828125,0.697265625,0.603515625,0.517578125,0.498046875,0.451171875,0.376953125,0.732421875,0.802734375,0.634765625,0.474609375,1.0492332
0.888671875,0.017578125,0.111328125,0.580078125,0.244140625,0.298828125,0.697265625,0.603515625,0.517578125,0.498046875,0.451171875,0.376953125,0.732421875,0.802734375,0.634765625,0.474609375,1.0492332
0.298828125,0.552734375,0.111328125,0.580078125,0.244140625,0.298828125,0.697265625,0.603515625,0.517578125,0.498046875,0.451171875,0.376953125,0.732421875,0.802734375,0.634765625,0.474609375,1.1108356
0.298828125,0.017578125,0.794921875,0.580078125,0.244140625,0.298828125,0.697265625,0.603515625,0.517578125,0.498046875,0.451171875,0.376953125,0.732421875,0.802734375,0.634765625,0.474609375,1.0060791
0.298828125,0.017578125,0.111328125,0.396484375,0.244140625,0.298828125,0.697265625,0.603515625,0.517578125,0.498046875,0.451171875,0.376953125,0.732421875,0.802734375,0.634765625,0.474609375,1.0208731
0.298828125,0.017578125,0.111328125,0.580078125,0.240234375,0.298828125,0.697265625,0.603515625,0.517578125,0.498046875,0.451171875,0.376953125,0.732421875,0.802734375,0.634765625,0.474609375,1.0491933
0.298828125,0.017578125,0.111328125,0.580078125,0.244140625,0.236328125,0.697265625,0.603515625,0.517578125,0.498046875,0.451171875,0.376953125,0.732421875,0.802734375,0.634765625,0.474609375,1.0492332
0.298828125,0.017578125,0.111328125,0.580078125,0.244140625,0.298828125,0.037109375,0.603515625,0.517578125,0.498046875,0.451171875,0.376953125,0.732421875,0.802734375,0.634765625,0.474609375,1.1086857
0.298828125,0.017578125,0.111328125,0.580078125,0.244140625,0.298828125,0.697265625,0.818359375,0.517578125,0.498046875,0.451171875,0.376953125,0.732421875,0.802734375,0.634765625,0.474609375,1.0492142
0.298828125,0.017578125,0.111328125,0.580078125,0.244140625,0.298828125,0.697265625,0.603515625,0.388671875,0.498046875,0.451171875,0.376953125,0.732421875,0.802734375,0.634765625,0.474609375,1.0636516
0.298828125,0.017578125,0.111328125,0.580078125,0.244140625,0.298828125,0.697265625,0.603515625,0.517578125,0.494140625,0.451171875,0.376953125,0.732421875,0.802734375,0.634765625,0.474609375,1.0492141
0.298828125,0.017578125,0.111328125,0.580078125,0.244140625,0.298828125,0.697265625,0.603515625,0.517578125,0.498046875,0.544921875,0.376953125,0.732421875,0.802734375,0.634765625,0.474609375,1.019531
0.298828125,0.017578125,0.111328125,0.580078125,0.244140625,0.298828125,0.697265625,0.603515625,0.517578125,0.498046875,0.451171875,0.197265625,0.732421875,0.802734375,0.634765625,0.474609375,1.0432628
0.298828125,0.017578125,0.111328125,0.580078125,0.244140625,0.298828125,0.697265625,0.603515625,0.517578125,0.498046875,0.451171875,0.376953125,0.822265625,0.802734375,0.634765625,0.474609375,1.0492465
0.298828125,0.017578125,0.111328125,0.580078125,0.244140625,0.298828125,0.697265625,0.603515625,0.517578125,0.498046875,0.451171875,0.376953125,0.732421875,0.091796875,0.634765625,0.474609375,0.89457077
0.298828125,0.017578125,0.111328125,0.580078125,0.244140625,0.298828125,0.697265625,0.603515625,0.517578125,0.498046875,0.451171875,0.376953125,0.732421875,0.802734375,0.556640625,0.474609375,1.0524505
0.298828125,0.017578125,0.111328125,0.580078125,0.244140625,0.298828125,0.697265625,0.603515625,0.517578125,0.498046875,0.451171875,0.376953125,0.732421875,0.802734375,0.634765625,0.447265625,1.0492332
0.888671875,0.552734375,0.794921875,0.396484375,0.240234375,0.236328125,0.037109375,0.818359375,0.388671875,0.494140625,0.544921875,0.197265625,0.822265625,0.091796875,0.556640625,0.447265625,0.92601025
0.798828125,0.517578125,0.611328125,0.080078125,0.744140625,0.798828125,0.197265625,0.103515625,0.017578125,0.998046875,0.951171875,0.876953125,0.232421875,0.302734375,0.134765625,0.974609375,0.59346336
0.388671875,0.517578125,0.611328125,0.080078125,0.744140625,0.798828125,0.197265625,0.103515625,0.017578125,0.998046875,0.951171875,0.876953125,0.232421875,0.302734375,0.134765625,0.974609375,0.59346336
0.798828125,0.052734375,0.611328125,0.080078125,0.744140625,0.798828125,0.197265625,0.103515625,0.017578125,0.998046875,0.951171875,0.876953125,0.232421875,0.302734375,0.134765625,0.974609375,0.5401419
0.798828125,0.517578125,0.294921875,0.080078125,0.744140625,0.798828125,0.197265625,0.103515625,0.017578125,0.998046875,0.951171875,0.876953125,0.232421875,0.302734375,0.134765625,0.974609375,0.6131533
0.798828125,0.517578125,0.611328125,0.896484375,0.744140625,0.798828125,0.197265625,0.103515625,0.017578125,0.998046875,0.951171875,0.876953125,0.232421875,0.302734375,0.134765625,0.974609375,0.7121388
0.798828125,0.517578125,0.611328125,0.080078125,0.740234375,0.798828125,0.197265625,0.103515625,0.017578125,0.998046875,0.951171875,0.876953125,0.232421875,0.302734375,0.134765625,0.974609375,0.59339434
0.798828125,0.517578125,0.611328125,0.080078125,0.744140625,0.736328125,0.197265625,0.103515625,0.017578125,0.998046875,0.951171875,0.876953125,0.232421875,0.302734375,0.134765625,0.974609375,0.59346336
0.798828125,0.517578125,0.611328125,0.080078125,0.744140625,0.798828125,0.537109375,0.103515625,0.017578125,0.998046875,0.951171875,0.876953125,0.232421875,0.302734375,0.134765625,0.974609375,0.5640964
0.798828125,0.517578125,0.611328125,0.080078125,0.744140625,0.798828125,0.197265625,0.318359375,0.017578125,0.998046875,0.951171875,0.876953125,0.232421875,0.302734375,0.134765625,0.974609375,0.5934754
0.798828125,0.517578125,0.611328125,0.080078125,0.744140625,0.798828125,0.197265625,0.103515625,0.888671875,0.998046875,0.951171875,0.876953125,0.232421875,0.302734375,0.134765625,0.974609375,0.6159485
0.798828125,0.517578125,0.611328125,0.080078125,0.744140625,0.798828125,0.197265625,0.103515625,0.017578125,0.994140625,0.951171875,0.876953125,0.232421875,0.302734375,0.134765625,0.974609375,0.59346336
0.798828125,0.517578125,0.611328125,0.080078125,0.744140625,0.798828125,0.197265625,0.103515625,0.017578125,0.998046875,0.044921875,0.876953125,0.232421875,0.302734375,0.134765625,0.974609375,0.99199283
0.798828125,0.517578125,0.611328125,0.080078125,0.744140625,0.798828125,0.197265625,0.103515625,0.017578125,0.998046875,0.951171875,0.697265625,0.232421875,0.302734375,0.134765625,0.974609375,0.5929023
0.798828125,0.517578125,0.611328125,0.080078125,0.744140625,0.798828125,0.197265625,0.103515625,0.017578125,0.998046875,0.951171875,0.876953125,0.322265625,0.302734375,0.134765625,0.974609375,0.5934571
0.798828125,0.517578125,0.611328125,0.080078125,0.744140625,0.798828125,0.197265625,0.103515625,0.017578125,0.998046875,0.951171875,0.876953125,0.232421875,0.591796875,0.134765625,0.974609375,0.65533245
0.798828125,0.517578125,0.611328125,0.080078125,0.744140625,0.798828125,0.197265625,0.103515625,0.017578125,0.998046875,0.951171875,0.876953125,0.232421875,0.302734375,0.056640625,0.974609375,0.5949807
0.798828125,0.517578125,0.611328125,0.080078125,0.744140625,0.798828125,0.197265625,0.103515625,0.017578125,0.998046875,0.951171875,0.876953125,0.232421875,0.302734375,0.134765625,0.947265625,0.59346336
0.388671875,0.052734375,0.294921875,0.896484375,0.740234375,0.736328125,0.537109375,0.318359375,0.888671875,0.994140625,0.044921875,0.697265625,0.322265625,0.591796875,0.056640625,0.947265625,1.1329172
0.548828125,0.267578125,0.361328125,0.830078125,0.994140625,0.548828125,0.947265625,0.353515625,0.267578125,0.748046875,0.701171875,0.626953125,0.982421875,0.552734375,0.384765625,0.224609375,0.89364356
0.138671875,0.267578125,0.361328125,0.830078125,0.994140625,0.548828125,0.947265625,0.353515625,0.267578125,0.748046875,0.701171875,0.626953125,0.982421875,0.552734375,0.384765625,0.224609375,0.89364356
0.548828125,0.802734375,0.361328125,0.830078125,0.994140625,0.548828125,0.947265625,0.353515625,0.267578125,0.748046875,0.701171875,0.626953125,0.982421875,0.552734375,0.384765625,0.224609375,0.9811693
0.548828125,0.267578125,0.044921875,0.830078125,0.994140625,0.548828125,0.947265625,0.353515625,0.267578125,0.748046875,0.701171875,0.626953125,0.982421875,0.552734375,0.384765625,0.224609375,0.9071656
0.548828125,0.267578125,0.361328125,0.146484375,0.994140625,0.548828125,0.947265625,0.353515625,0.267578125,0.748046875,0.701171875,0.626953125,0.982421875,0.552734375,0.384765625,0.224609375,0.78932923
0.548828125,0.267578125,0.361328125,0.830078125,0.490234375,0.548828125,0.947265625,0.353515625,0.267578125,0.748046875,0.701171875,0.626953125,0.982421875,0.552734375,0.384765625,0.224609375,0.88469774
0.548828125,0.267578125,0.361328125,0.830078125,0.994140625,0.986328125,0.947265625,0.353515625,0.267578125,0.748046875,0.701171875,0.626953125,0.982421875,0.552734375,0.384765625,0.224609375,0.89364356
0.548828125,0.267578125,0.361328125,0.830078125,0.994140625,0.548828125,0.287109375,0.353515625,0.267578125,0.748046875,0.701171875,0.626953125,0.982421875,0.552734375,0.384765625,0.224609375,0.9904887
0.548828125,0.267578125,0.361328125,0.830078125,0.994140625,0.548828125,0.947265625,0.568359375,0.267578125,0.748046875,0.701171875,0.626953125,0.982421875,0.552734375,0.384765625,0.224609375,0.8936612
0.548828125,0.267578125,0.361328125,0.830078125,0.994140625,0.548828125,0.947265625,0.353515625,0.138671875,0.748046875,0.701171875,0.626953125,0.982421875,0.552734375,0.384765625,0.224609375,0.86134154
0.548828125,0.267578125,0.361328125,0.830078125,0.994140625,0.548828125,0.947265625,0.353515625,0.267578125,0.744140625,0.701171875,0.626953125,0.982421875,0.552734375,0.384765625,0.224609375,0.89364356
0.548828125,0.267578125,0.361328125,0.830078125,0.994140625,0.548828125,0.947265625,0.353515625,0.267578125,0.748046875,0.794921875,0.626953125,0.982421875,0.552734375,0.384765625,0.224609375,0.80760175
0.548828125,0.267578125,0.361328125,0.830078125,0.994140625,0.548828125,0.947265625,0.353515625,0.267578125,0.748046875,0.701171875,0.947265625,0.982421875,0.552734375,0.384765625,0.224609375,0.8947658
0.548828125,0.267578125,0.361328125,0.830078125,0.994140625,0.548828125,0.947265625,0.353515625,0.267578125,0.748046875,0.701171875,0.626953125,0.572265625,0.552734375,0.384765625,0.224609375,0.893313
0.548828125,0.267578125,0.361328125,0.830078125,0.994140625,0.548828125,0.947265625,0.353515625,0.267578125,0.748046875,0.701171875,0.626953125,0.982421875,0.841796875,0.384765625,0.224609375,0.9756742
0.548828125,0.267578125,0.361328125,0.830078125,0.994140625,0.548828125,0.947265625,0.353515625,0.267578125,0.748046875,0.701171875,0.626953125,0.982421875,0.552734375,0.806640625,0.224609375,0.8761719
0.548828125,0.267578125,0.361328125,0.830078125,0.994140625,0.548828125,0.947265625,0.353515625,0.267578125,0.748046875,0.701171875,0.626953125,0.982421875,0.552734375,0.384765625,0.197265625,0.89364356
0.138671875,0.802734375,0.044921875,0.146484375,0.490234375,0.986328125,0.287109375,0.568359375,0.138671875,0.744140625,0.794921875,0.947265625,0.572265625,0.841796875,0.806640625,0.197265625,0.92530084
0.048828125,0.767578125,0.861328125,0.330078125,0.494140625,0.048828125,0.447265625,0.853515625,0.767578125,0.248046875,0.201171875,0.126953125,0.482421875,0.052734375,0.884765625,0.724609375,0.87318975
0.638671875,0.767578125,0.861328125,0.330078125,0.494140625,0.048828125,0.447265625,0.853515625,0.767578125,0.248046875,0.201171875,0.126953125,0.482421875,0.052734375,0.884765625,0.724609375,0.87318975
0.048828125,0.302734375,0.861328125,0.330078125,0.494140625,0.048828125,0.447265625,0.853515625,0.767578125,0.248046875,0.201171875,0.126953125,0.482421875,0.052734375,0.884765625,0.724609375,0.79735094
0.048828125,0.767578125,0.544921875,0.330078125,0.494140625,0.048828125,0.447265625,0.853515625,0.767578125,0.248046875,0.201171875,0.126953125,0.482421875,0.052734375,0.884765625,0.724609375,0.90020853
0.048828125,0.767578125,0.861328125,0.646484375,0.494140625,0.048828125,0.447265625,0.853515625,0.767578125,0.248046875,0.201171875,0.126953125,0.482421875,0.052734375,0.884765625,0.724609375,0.9227899
0.048828125,0.767578125,0.861328125,0.330078125,0.990234375,0.048828125,0.447265625,0.853515625,0.767578125,0.248046875,0.201171875,0.126953125,0.482421875,0.052734375,0.884765625,0.724609375,0.8819956
0.048828125,0.767578125,0.861328125,0.330078125,0.494140625,0.486328125,0.447265625,0.853515625,0.767578125,0.248046875,0.201171875,0.126953125,0.482421875,0.052734375,0.884765625,0.724609375,0.87318975
0.048828125,0.767578125,0.861328125,0.330078125,0.494140625,0.048828125,0.787109375,0.853515625,0.767578125,0.248046875,0.201171875,0.126953125,0.482421875,0.052734375,0.884765625,0.724609375,0.82479995
0.048828125,0.767578125,0.861328125,0.330078125,0.494140625,0.048828125,0.447265625,0.068359375,0.767578125,0.248046875,0.201171875,0.126953125,0.482421875,0.052734375,0.884765625,0.724609375,0.8731894
0.048828125,0.767578125,0.861328125,0.330078125,0.494140625,0.048828125,0.447265625,0.853515625,0.638671875,0.248046875,0.201171875,0.126953125,0.482421875,0.052734375,0.884765625,0.724609375,0.8823895
0.048828125,0.767578125,0.861328125,0.330078125,0.494140625,0.048828125,0.447265625,0.853515625,0.767578125,0.244140625,0.201171875,0.126953125,0.482421875,0.052734375,0.884765625,0.724609375,0.8704069
0.048828125,0.767578125,0.861328125,0.330078125,0.494140625,0.048828125,0.447265625,0.853515625,0.767578125,0.248046875,0.294921875,0.126953125,0.482421875,0.052734375,0.884765625,0.724609375,0.86717886
0.048828125,0.767578125,0.861328125,0.330078125,0.494140625,0.048828125,0.447265625,0.853515625,0.767578125,0.248046875,0.201171875,0.447265625,0.482421875,0.052734375,0.884765625,0.724609375,0.8839547
0.048828125,0.767578125,0.861328125,0.330078125,0.494140625,0.048828125,0.447265625,0.853515625,0.767578125,0.248046875,0.201171875,0.126953125,0.072265625,0.052734375,0.884765625,0.724609375,0.8733155
0.048828125,0.767578125,0.861328125,0.330078125,0.494140625,0.048828125,0.447265625,0.853515625,0.767578125,0.248046875,0.201171875,0.126953125,0.482421875,0.341796875,0.884765625,0.724609375,0.9185083
0.048828125,0.767578125,0.861328125,0.330078125,0.494140625,0.048828125,0.447265625,0.853515625,0.767578125,0.248046875,0.201171875,0.126953125,0.482421875,0.052734375,0.306640625,0.724609375,0.89725417
0.048828125,0.767578125,0.861328125,0.330078125,0.494140625,0.048828125,0.447265625,0.853515625,0.767578125,0.248046875,0.201171875,0.126953125,0.482421875,0.052734375,0.884765625,0.697265625,0.87318975
0.638671875,0.302734375,0.544921875,0.646484375,0.990234375,0.486328125,0.787109375,0.068359375,0.638671875,0.244140625,0.294921875,0.447265625,0.072265625,0.341796875,0.306640625,0.697265625,0.9150651
0.033203125,0.033203125,0.501953125,0.126953125,0.634765625,0.158203125,0.900390625,0.994140625,0.064453125,0.669921875,0.373046875,0.548828125,0.966796875,0.787109375,0.712890625,0.490234375,0.9205886
0.716796875,0.033203125,0.501953125,0.126953125,0.634765625,0.158203125,0.900390625,0.994140625,0.064453125,0.669921875,0.373046875,0.548828125,0.966796875,0.787109375,0.712890625,0.490234375,0.9205886
0.033203125,0.162109375,0.501953125,0.126953125,0.634765625,0.158203125,0.900390625,0.994140625,0.064453125,0.669921875,0.373046875,0.548828125,0.966796875,0.787109375,0.712890625,0.490234375,0.93127126
0.033203125,0.033203125,0.498046875,0.126953125,0.634765625,0.158203125,0.900390625,0.994140625,0.064453125,0.669921875,0.373046875,0.548828125,0.966796875,0.787109375,0.712890625,0.490234375,0.92084664
0.033203125,0.033203125,0.501953125,0.599609375,0.634765625,0.158203125,0.900390625,0.994140625,0.064453125,0.669921875,0.373046875,0.548828125,0.966796875,0.787109375,0.712890625,0.490234375,0.96518314
0.033203125,0.033203125,0.501953125,0.126953125,0.755859375,0.158203125,0.900390625,0.994140625,0.064453125,0.669921875,0.373046875,0.548828125,0.966796875,0.787109375,0.712890625,0.490234375,0.92263395
0.033203125,0.033203125,0.501953125,0.126953125,0.634765625,0.939453125,0.900390625,0.994140625,0.064453125,0.669921875,0.373046875,0.548828125,0.966796875,0.787109375,0.712890625,0.490234375,0.9205886
0.033203125,0.033203125,0.501953125,0.126953125,0.634765625,0.158203125,0.677734375,0.994140625,0.064453125,0.669921875,0.373046875,0.548828125,0.966796875,0.787109375,0.712890625,0.490234375,0.96320814
0.033203125,0.033203125,0.501953125,0.126953125,0.634765625,0.158203125,0.900390625,0.615234375,0.064453125,0.669921875,0.373046875,0.548828125,0.966796875,0.787109375,0.712890625,0.490234375,0.92060584
0.033203125,0.033203125,0.501953125,0.126953125,0.634765625,0.158203125,0.900390625,0.994140625,0.341796875,0.669921875,0.373046875,0.548828125,0.966796875,0.787109375,0.712890625,0.490234375,0.97344327
0.033203125,0.033203125,0.501953125,0.126953125,0.634765625,0.158203125,0.900390625,0.994140625,0.064453125,0.603515625,0.373046875,0.548828125,0.966796875,0.787109375,0.712890625,0.490234375,0.92056763
0.033203125,0.033203125,0.501953125,0.126953125,0.634765625,0.158203125,0.900390625,0.994140625,0.064453125,0.669921875,0.498046875,0.548828125,0.966796875,0.787109375,0.712890625,0.490234375,0.8930921
0.033203125,0.033203125,0.501953125,0.126953125,0.634765625,0.158203125,0.900390625,0.994140625,0.064453125,0.669921875,0.373046875,0.244140625,0.966796875,0.787109375,0.712890625,0.490234375,0.913218
0.033203125,0.033203125,0.501953125,0.126953125,0.634765625,0.158203125,0.900390625,0.994140625,0.064453125,0.669921875,0.373046875,0.548828125,0.369140625,0.787109375,0.712890625,0.490234375,0.92057246
0.033203125,0.033203125,0.501953125,0.126953125,0.634765625,0.158203125,0.900390625,0.994140625,0.064453125,0.669921875,0.373046875,0.548828125,0.966796875,0.138671875,0.712890625,0.490234375,0.77738947
0.033203125,0.033203125,0.501953125,0.126953125,0.634765625,0.158203125,0.900390625,0.994140625,0.064453125,0.669921875,0.373046875,0.548828125,0.966796875,0.787109375,0.291015625,0.490234375,0.9360792
0.033203125,0.033203125,0.501953125,0.126953125,0.634765625,0.158203125,0.900390625,0.994140625,0.064453125,0.669921875,0.373046875,0.548828125,0.966796875,0.787109375,0.712890625,0.369140625,0.9205886
0.716796875,0.162109375,0.498046875,0.599609375,0.755859375,0.939453125,0.677734375,0.615234375,0.341796875,0.603515625,0.498046875,0.244140625,0.369140625,0.138671875,0.291015625,0.369140625,0.9110476
0.533203125,0.533203125,0.001953125,0.626953125,0.134765625,0.658203125,0.400390625,0.494140625,0.564453125,0.169921875,0.873046875,0.048828125,0.466796875,0.287109375,0.212890625,0.990234375,0.56817824
0.216796875,0.533203125,0.001953125,0.626953125,0.134765625,0.658203125,0.400390625,0.494140625,0.564453125,0.169921875,0.873046875,0.048828125,0.466796875,0.287109375,0.212890625,0.990234375,0.56817824
0.533203125,0.662109375,0.001953125,0.626953125,0.134765625,0.658203125,0.400390625,0.494140625,0.564453125,0.169921875,0.873046875,0.048828125,0.466796875,0.287109375,0.212890625,0.990234375,0.590796
0.533203125,0.533203125,0.998046875,0.626953125,0.134765625,0.658203125,0.400390625,0.494140625,0.564453125,0.169921875,0.873046875,0.048828125,0.466796875,0.287109375,0.212890625,0.990234375,0.49997005
0.533203125,0.533203125,0.001953125,0.099609375,0.134765625,0.658203125,0.400390625,0.494140625,0.564453125,0.169921875,0.873046875,0.048828125,0.466796875,0.287109375,0.212890625,0.990234375,0.5165151
0.533203125,0.533203125,0.001953125,0.626953125,0.255859375,0.658203125,0.400390625,0.494140625,0.564453125,0.169921875,0.873046875,0.048828125,0.466796875,0.287109375,0.212890625,0.990234375,0.5693465
0.533203125,0.533203125,0.001953125,0.626953125,0.134765625,0.439453125,0.400390625,0.494140625,0.564453125,0.169921875,0.873046875,0.048828125,0.466796875,0.287109375,0.212890625,0.990234375,0.56817824
0.533203125,0.533203125,0.001953125,0.626953125,0.134765625,0.658203125,0.177734375,0.494140625,0.564453125,0.169921875,0.873046875,0.048828125,0.466796875,0.287109375,0.212890625,0.990234375,0.58417845
0.533203125,0.533203125,0.001953125,0.626953125,0.134765625,0.658203125,0.400390625,0.115234375,0.564453125,0.169921875,0.873046875,0.048828125,0.466796875,0.287109375,0.212890625,0.990234375,0.5679541
0.533203125,0.533203125,0.001953125,0.626953125,0.134765625,0.658203125,0.400390625,0.494140625,0.841796875,0.169921875,0.873046875,0.048828125,0.466796875,0.287109375,0.212890625,0.990234375,0.55312496
0.533203125,0.533203125,0.001953125,0.626953125,0.134765625,0.658203125,0.400390625,0.494140625,0.564453125,0.103515625,0.873046875,0.048828125,0.466796875,0.287109375,0.212890625,0.990234375,0.123615324
0.533203125,0.533203125,0.001953125,0.626953125,0.134765625,0.658203125,0.400390625,0.494140625,0.564453125,0.169921875,0.998046875,0.048828125,0.466796875,0.287109375,0.212890625,0.990234375,0.45463336
0.533203125,0.533203125,0.001953125,0.626953125,0.134765625,0.658203125,0.400390625,0.494140625,0.564453125,0.169921875,0.873046875,0.744140625,0.466796875,0.287109375,0.212890625,0.990234375,0.58647025
0.533203125,0.533203125,0.001953125,0.626953125,0.134765625,0.658203125,0.400390625,0.494140625,0.564453125,0.169921875,0.873046875,0.048828125,0.869140625,0.287109375,0.212890625,0.990234375,0.56825906
0.533203125,0.533203125,0.001953125,0.626953125,0.134765625,0.658203125,0.400390625,0.494140625,0.564453125,0.169921875,0.873046875,0.048828125,0.466796875,0.638671875,0.212890625,0.990234375,0.64494175
0.533203125,0.533203125,0.001953125,0.626953125,0.134765625,0.658203125,0.400390625,0.494140625,0.564453125,0.169921875,0.873046875,0.048828125,0.466796875,0.287109375,0.791015625,0.990234375,0.54682875
0.533203125,0.533203125,0.001953125,0.626953125,0.134765625,0.658203125,0.400390625,0.494140625,0.564453125,0.169921875,0.873046875,0.048828125,0.466796875,0.287109375,0.212890625,0.869140625,0.56817824
0.216796875,0.662109375,0.998046875,0.099609375,0.255859375,0.439453125,0.177734375,0.115234375,0.841796875,0.103515625,0.998046875,0.744140625,0.869140625,0.638671875,0.791015625,0.869140625,-0.011505092
0.783203125,0.283203125,0.751953125,0.376953125,0.384765625,0.908203125,0.650390625,0.244140625,0.814453125,0.419921875,0.623046875,0.298828125,0.716796875,0.537109375,0.462890625,0.240234375,0.8384771
0.466796875,0.283203125,0.751953125,0.376953125,0.384765625,0.908203125,0.650390625,0.244140625,0.814453125,0.419921875,0.623046875,0.298828125,0.716796875,0.537109375,0.462890625,0.240234375,0.8384771
0.783203125,0.412109375,0.751953125,0.376953125,0.384765625,0.908203125,0.650390625,0.244140625,0.814453125,0.419921875,0.623046875,0.298828125,0.716796875,0.537109375,0.462890625,0.240234375,0.8545738
0.783203125,0.283203125,0.748046875,0.376953125,0.384765625,0.908203125,0.650390625,0.244140625,0.814453125,0.419921875,0.623046875,0.298828125,0.716796875,0.537109375,0.462890625,0.240234375,0.83882827
0.783203125,0.283203125,0.751953125,0.849609375,0.384765625,0.908203125,0.650390625,0.244140625,0.814453125,0.419921875,0.623046875,0.298828125,0.716796875,0.537109375,0.462890625,0.240234375,0.9373589
0.783203125,0.283203125,0.751953125,0.376953125,0.505859375,0.908203125,0.650390625,0.244140625,0.814453125,0.419921875,0.623046875,0.298828125,0.716796875,0.537109375,0.462890625,0.240234375,0.8400534
0.783203125,0.283203125,0.751953125,0.376953125,0.384765625,0.189453125,0.650390625,0.244140625,0.814453125,0.419921875,0.623046875,0.298828125,0.716796875,0.537109375,0.462890625,0.240234375,0.8384771
0.783203125,0.283203125,0.751953125,0.376953125,0.384765625,0.908203125,0.927734375,0.244140625,0.814453125,0.419921875,0.623046875,0.298828125,0.716796875,0.537109375,0.462890625,0.240234375,0.7852766
0.783203125,0.283203125,0.751953125,0.376953125,0.384765625,0.908203125,0.650390625,0.865234375,0.814453125,0.419921875,0.623046875,0.298828125,0.716796875,0.537109375,0.462890625,0.240234375,0.83847266
0.783203125,0.283203125,0.751953125,0.376953125,0.384765625,0.908203125,0.650390625,0.244140625,0.091796875,0.419921875,0.623046875,0.298828125,0.716796875,0.537109375,0.462890625,0.240234375,0.82757276
0.783203125,0.283203125,0.751953125,0.376953125,0.384765625,0.908203125,0.650390625,0.244140625,0.814453125,0.353515625,0.623046875,0.298828125,0.716796875,0.537109375,0.462890625,0.240234375,0.8354196
0.783203125,0.283203125,0.751953125,0.376953125,0.384765625,0.908203125,0.650390625,0.244140625,0.814453125,0.419921875,0.248046875,0.298828125,0.716796875,0.537109375,0.462890625,0.240234375,0.9344154
0.783203125,0.283203125,0.751953125,0.376953125,0.384765625,0.908203125,0.650390625,0.244140625,0.814453125,0.419921875,0.623046875,0.994140625,0.716796875,0.537109375,0.462890625,0.240234375,0.84595007
0.783203125,0.283203125,0.751953125,0.376953125,0.384765625,0.908203125,0.650390625,0.244140625,0.814453125,0.419921875,0.623046875,0.298828125,0.119140625,0.537109375,0.462890625,0.240234375,0.8385019
0.783203125,0.283203125,0.751953125,0.376953125,0.384765625,0.908203125,0.650390625,0.244140625,0.814453125,0.419921875,0.623046875,0.298828125,0.716796875,0.888671875,0.462890625,0.240234375,0.9400619
0.783203125,0.283203125,0.751953125,0.376953125,0.384765625,0.908203125,0.650390625,0.244140625,0.814453125,0.419921875,0.623046875,0.298828125,0.716796875,0.537109375,0.041015625,0.240234375,0.8492709
0.783203125,0.283203125,0.751953125,0.376953125,0.384765625,0.908203125,0.650390625,0.244140625,0.814453125,0.419921875,0.623046875,0.298828125,0.716796875,0.537109375,0.462890625,0.119140625,0.8384771
0.466796875,0.412109375,0.748046875,0.849609375,0.505859375,0.189453125,0.927734375,0.865234375,0.091796875,0.353515625,0.248046875,0.994140625,0.119140625,0.888671875,0.041015625,0.119140625,1.1040314
0.283203125,0.783203125,0.251953125,0.876953125,0.884765625,0.408203125,0.150390625,0.744140625,0.314453125,0.919921875,0.123046875,0.798828125,0.216796875,0.037109375,0.962890625,0.740234375,1.1474174
0.966796875,0.783203125,0.251953125,0.876953125,0.884765625,0.408203125,0.150390625,0.744140625,0.314453125,0.919921875,0.123046875,0.798828125,0.216796875,0.037109375,0.962890625,0.740234375,1.1474174
0.283203125,0.912109375,0.251953125,0.876953125,0.884765625,0.408203125,0.150390625,0.744140625,0.314453125,0.919921875,0.123046875,0.798828125,0.216796875,0.037109375,0.962890625,0.740234375,1.1776633
0.283203125,0.783203125,0.248046875,0.876953125,0.884765625,0.408203125,0.150390625,0.744140625,0.314453125,0.919921875,0.123046875,0.798828125,0.216796875,0.037109375,0.962890625,0.740234375,1.1475966
0.283203125,0.783203125,0.251953125,0.349609375,0.884765625,0.408203125,0.150390625,0.744140625,0.314453125,0.919921875,0.123046875,0.798828125,0.216796875,0.037109375,0.962890625,0.740234375,1.0409348
0.283203125,0.783203125,0.251953125,0.876953125,0.005859375,0.408203125,0.150390625,0.744140625,0.314453125,0.919921875,0.123046875,0.798828125,0.216796875,0.037109375,0.962890625,0.740234375,1.1357528
0.283203125,0.783203125,0.251953125,0.876953125,0.884765625,0.689453125,0.150390625,0.744140625,0.314453125,0.919921875,0.123046875,0.798828125,0.216796875,0.037109375,0.962890625,0.740234375,1.1474174
0.283203125,0.783203125,0.251953125,0.876953125,0.884765625,0.408203125,0.427734375,0.744140625,0.314453125,0.919921875,0.123046875,0.798828125,0.216796875,0.037109375,0.962890625,0.740234375,1.127406
0.283203125,0.783203125,0.251953125,0.876953125,0.884765625,0.408203125,0.150390625,0.365234375,0.314453125,0.919921875,0.123046875,0.798828125,0.216796875,0.037109375,0.962890625,0.740234375,1.1474422
0.283203125,0.783203125,0.251953125,0.876953125,0.884765625,0.408203125,0.150390625,0.744140625,0.591796875,0.919921875,0.123046875,0.798828125,0.216796875,0.037109375,0.962890625,0.740234375,1.1238253
0.283203125,0.783203125,0.251953125,0.876953125,0.884765625,0.408203125,0.150390625,0.744140625,0.314453125,0.853515625,0.123046875,0.798828125,0.216796875,0.037109375,0.962890625,0.740234375,1.1474174
0.283203125,0.783203125,0.251953125,0.876953125,0.884765625,0.408203125,0.150390625,0.744140625,0.314453125,0.919921875,0.748046875,0.798828125,0.216796875,0.037109375,0.962890625,0.740234375,0.9499065
0.283203125,0.783203125,0.251953125,0.876953125,0.884765625,0.408203125,0.150390625,0.744140625,0.314453125,0.919921875,0.123046875,0.494140625,0.216796875,0.037109375,0.962890625,0.740234375,1.1447878
0.283203125,0.783203125,0.251953125,0.876953125,0.884765625,0.408203125,0.150390625,0.744140625,0.314453125,0.919921875,0.123046875,0.798828125,0.619140625,0.037109375,0.962890625,0.740234375,1.1472331
0.283203125,0.783203125,0.251953125,0.876953125,0.884765625,0.408203125,0.150390625,0.744140625,0.314453125,0.919921875,0.123046875,0.798828125,0.216796875,0.388671875,0.962890625,0.740234375,1.2037785
0.283203125,0.783203125,0.251953125,0.876953125,0.884765625,0.408203125,0.150390625,0.744140625,0.314453125,0.919921875,0.123046875,0.798828125,0.216796875,0.037109375,0.541015625,0.740234375,1.1684575
0.283203125,0.783203125,0.251953125,0.876953125,0.884765625,0.408203125,0.150390625,0.744140625,0.314453125,0.919921875,0.123046875,0.798828125,0.216796875,0.037109375,0.962890625,0.619140625,1.1474174
0.966796875,0.912109375,0.248046875,0.349609375,0.005859375,0.689453125,0.427734375,0.365234375,0.591796875,0.853515625,0.748046875,0.494140625,0.619140625,0.388671875,0.541015625,0.619140625,0.8931924
0.408203125,0.408203125,0.126953125,0.751953125,0.759765625,0.033203125,0.525390625,0.119140625,0.939453125,0.044921875,0.748046875,0.923828125,0.591796875,0.412109375,0.837890625,0.615234375,-0.99627835
0.841796875,0.408203125,0.126953125,0.751953125,0.759765625,0.033203125,0.525390625,0.119140625,0.939453125,0.044921875,0.748046875,0.923828125,0.591796875,0.412109375,0.837890625,0.615234375,-0.99627835
0.408203125,0.787109375,0.126953125,0.751953125,0.759765625,0.033203125,0.525390625,0.119140625,0.939453125,0.044921875,0.748046875,0.923828125,0.591796875,0.412109375,0.837890625,0.615234375,-0.92952037
0.408203125,0.408203125,0.623046875,0.751953125,0.759765625,0.033203125,0.525390625,0.119140625,0.939453125,0.044921875,0.748046875,0.923828125,0.591796875,0.412109375,0.837890625,0.615234375,-1.0241098
0.408203125,0.408203125,0.126953125,0.724609375,0.759765625,0.033203125,0.525390625,0.119140625,0.939453125,0.044921875,0.748046875,0.923828125,0.591796875,0.412109375,0.837890625,0.615234375,-1.0037278
0.408203125,0.408203125,0.126953125,0.751953125,0.880859375,0.033203125,0.525390625,0.119140625,0.939453125,0.044921875,0.748046875,0.923828125,0.591796875,0.412109375,0.837890625,0.615234375,-0.9939757
0.408203125,0.408203125,0.126953125,0.751953125,0.759765625,0.814453125,0.525390625,0.119140625,0.939453125,0.044921875,0.748046875,0.923828125,0.591796875,0.412109375,0.837890625,0.615234375,-0.99627835
0.408203125,0.408203125,0.126953125,0.751953125,0.759765625,0.033203125,0.802734375,0.119140625,0.939453125,0.044921875,0.748046875,0.923828125,0.591796875,0.412109375,0.837890625,0.615234375,-1.039129
0.408203125,0.408203125,0.126953125,0.751953125,0.759765625,0.033203125,0.525390625,0.490234375,0.939453125,0.044921875,0.748046875,0.923828125,0.591796875,0.412109375,0.837890625,0.615234375,-0.9960545
0.408203125,0.408203125,0.126953125,0.751953125,0.759765625,0.033203125,0.525390625,0.119140625,0.716796875,0.044921875,0.748046875,0.923828125,0.591796875,0.412109375,0.837890625,0.615234375,-1.0435368
0.408203125,0.408203125,0.126953125,0.751953125,0.759765625,0.033203125,0.525390625,0.119140625,0.939453125,0.478515625,0.748046875,0.923828125,0.591796875,0.412109375,0.837890625,0.615234375,0.8939078
0.408203125,0.408203125,0.126953125,0.751953125,0.759765625,0.033203125,0.525390625,0.119140625,0.939453125,0.044921875,0.123046875,0.923828125,0.591796875,0.412109375,0.837890625,0.615234375,-0.79876745
0.408203125,0.408203125,0.126953125,0.751953125,0.759765625,0.033203125,0.525390625,0.119140625,0.939453125,0.044921875,0.748046875,0.619140625,0.591796875,0.412109375,0.837890625,0.615234375,-0.9974664
0.408203125,0.408203125,0.126953125,0.751953125,0.759765625,0.033203125,0.525390625,0.119140625,0.939453125,0.044921875,0.748046875,0.923828125,0.494140625,0.412109375,0.837890625,0.615234375,-0.9961248
0.408203125,0.408203125,0.126953125,0.751953125,0.759765625,0.033203125,0.525390625,0.119140625,0.939453125,0.044921875,0.748046875,0.923828125,0.591796875,0.013671875,0.837890625,0.615234375,-1.0602602
0.408203125,0.408203125,0.126953125,0.751953125,0.759765625,0.033203125,0.525390625,0.119140625,0.939453125,0.044921875,0.748046875,0.923828125,0.591796875,0.412109375,0.166015625,0.615234375,-0.9713606
0.408203125,0.408203125,0.126953125,0.751953125,0.759765625,0.033203125,0.525390625,0.119140625,0.939453125,0.044921875,0.748046875,0.923828125,0.591796875,0.412109375,0.837890625,0.494140625,-0.99627835
0.841796875,0.787109375,0.623046875,0.724609375,0.880859375,0.814453125,0.802734375,0.490234375,0.716796875,0.478515625,0.123046875,0.619140625,0.494140625,0.013671875,0.166015625,0.494140625,0.9952154
0.908203125,0.908203125,0.626953125,0.251953125,0.259765625,0.533203125,0.025390625,0.619140625,0.439453125,0.544921875,0.248046875,0.423828125,0.091796875,0.912109375,0.337890625,0.115234375,1.2683322
0.341796875,0.908203125,0.626953125,0.251953125,0.259765625,0.533203125,0.025390625,0.619140625,0.439453125,0.544921875,0.248046875,0.423828125,0.091796875,0.912109375,0.337890625,0.115234375,1.2683322
0.908203125,0.287109375,0.626953125,0.251953125,0.259765625,0.533203125,0.025390625,0.619140625,0.439453125,0.544921875,0.248046875,0.423828125,0.091796875,0.912109375,0.337890625,0.115234375,1.1580429
0.908203125,0.908203125,0.123046875,0.251953125,0.259765625,0.533203125,0.025390625,0.619140625,0.439453125,0.544921875,0.248046875,0.423828125,0.091796875,0.912109375,0.337890625,0.115234375,1.2966117
0.908203125,0.908203125,0.626953125,0.224609375,0.259765625,0.533203125,0.025390625,0.619140625,0.439453125,0.544921875,0.248046875,0.423828125,0.091796875,0.912109375,0.337890625,0.115234375,1.2674326
0.908203125,0.908203125,0.626953125,0.251953125,0.380859375,0.533203125,0.025390625,0.619140625,0.439453125,0.544921875,0.248046875,0.423828125,0.091796875,0.912109375,0.337890625,0.115234375,1.269697
0.908203125,0.908203125,0.626953125,0.251953125,0.259765625,0.314453125,0.025390625,0.619140625,0.439453125,0.544921875,0.248046875,0.423828125,0.091796875,0.912109375,0.337890625,0.115234375,1.2683322
0.908203125,0.908203125,0.626953125,0.251953125,0.259765625,0.533203125,0.302734375,0.619140625,0.439453125,0.544921875,0.248046875,0.423828125,0.091796875,0.912109375,0.337890625,0.115234375,1.2535576
0.908203125,0.908203125,0.626953125,0.251953125,0.259765625,0.533203125,0.025390625,0.990234375,0.439453125,0.544921875,0.248046875,0.423828125,0.091796875,0.912109375,0.337890625,0.115234375,1.2683161
0.908203125,0.908203125,0.626953125,0.251953125,0.259765625,0.533203125,0.025390625,0.619140625,0.216796875,0.544921875,0.248046875,0.423828125,0.091796875,0.912109375,0.337890625,0.115234375,1.2259883
0.908203125,0.908203125,0.626953125,0.251953125,0.259765625,0.533203125,0.025390625,0.619140625,0.439453125,0.978515625,0.248046875,0.423828125,0.091796875,0.912109375,0.337890625,0.115234375,1.2684238
0.908203125,0.908203125,0.626953125,0.251953125,0.259765625,0.533203125,0.025390625,0.619140625,0.439453125,0.544921875,0.623046875,0.423828125,0.091796875,0.912109375,0.337890625,0.115234375,1.1723938
0.908203125,0.908203125,0.626953125,0.251953125,0.259765625,0.533203125,0.025390625,0.619140625,0.439453125,0.544921875,0.248046875,0.119140625,0.091796875,0.912109375,0.337890625,0.115234375,1.2576623
0.908203125,0.908203125,0.626953125,0.251953125,0.259765625,0.533203125,0.025390625,0.619140625,0.439453125,0.544921875,0.248046875,0.423828125,0.994140625,0.912109375,0.337890625,0.115234375,1.2683318
0.908203125,0.908203125,0.626953125,0.251953125,0.259765625,0.533203125,0.025390625,0.619140625,0.439453125,0.544921875,0.248046875,0.423828125,0.091796875,0.513671875,0.337890625,0.115234375,1.1530737
0.908203125,0.908203125,0.626953125,0.251953125,0.259765625,0.533203125,0.025390625,0.619140625,0.439453125,0.544921875,0.248046875,0.423828125,0.091796875,0.912109375,0.666015625,0.115234375,1.2563151
0.908203125,0.908203125,0.626953125,0.251953125,0.259765625,0.533203125,0.025390625,0.619140625,0.439453125,0.544921875,0.248046875,0.423828125,0.091796875,0.912109375,0.337890625,0.994140625,1.2683324
0.341796875,0.287109375,0.123046875,0.224609375,0.380859375,0.314453125,0.302734375,0.990234375,0.216796875,0.978515625,0.623046875,0.119140625,0.994140625,0.513671875,0.666015625,0.994140625,0.8958596
0.658203125,0.158203125,0.376953125,0.501953125,0.009765625,0.783203125,0.775390625,0.869140625,0.189453125,0.794921875,0.498046875,0.173828125,0.841796875,0.162109375,0.087890625,0.865234375,0.83480847
0.091796875,0.158203125,0.376953125,0.501953125,0.009765625,0.783203125,0.775390625,0.869140625,0.189453125,0.794921875,0.498046875,0.173828125,0.841796875,0.162109375,0.087890625,0.865234375,0.83480847
0.658203125,0.537109375,0.376953125,0.501953125,0.009765625,0.783203125,0.775390625,0.869140625,0.189453125,0.794921875,0.498046875,0.173828125,0.841796875,0.162109375,0.087890625,0.865234375,0.8823985
0.658203125,0.158203125,0.373046875,0.501953125,0.009765625,0.783203125,0.775390625,0.869140625,0.189453125,0.794921875,0.498046875,0.173828125,0.841796875,0.162109375,0.087890625,0.865234375,0.8350253
0.658203125,0.158203125,0.376953125,0.974609375,0.009765625,0.783203125,0.775390625,0.869140625,0.189453125,0.794921875,0.498046875,0.173828125,0.841796875,0.162109375,0.087890625,0.865234375,0.93940604
0.658203125,0.158203125,0.376953125,0.501953125,0.630859375,0.783203125,0.775390625,0.869140625,0.189453125,0.794921875,0.498046875,0.173828125,0.841796875,0.162109375,0.087890625,0.865234375,0.8418853
0.658203125,0.158203125,0.376953125,0.501953125,0.009765625,0.064453125,0.775390625,0.869140625,0.189453125,0.794921875,0.498046875,0.173828125,0.841796875,0.162109375,0.087890625,0.865234375,0.83480847
0.658203125,0.158203125,0.376953125,0.501953125,0.009765625,0.783203125,0.552734375,0.869140625,0.189453125,0.794921875,0.498046875,0.173828125,0.841796875,0.162109375,0.087890625,0.865234375,0.86912525
0.658203125,0.158203125,0.376953125,0.501953125,0.009765625,0.783203125,0.775390625,0.240234375,0.189453125,0.794921875,0.498046875,0.173828125,0.841796875,0.162109375,0.087890625,0.865234375,0.83481276
0.658203125,0.158203125,0.376953125,0.501953125,0.009765625,0.783203125,0.775390625,0.869140625,0.966796875,0.794921875,0.498046875,0.173828125,0.841796875,0.162109375,0.087890625,0.865234375,0.87707376
0.658203125,0.158203125,0.376953125,0.501953125,0.009765625,0.783203125,0.775390625,0.869140625,0.189453125,0.728515625,0.498046875,0.173828125,0.841796875,0.162109375,0.087890625,0.865234375,0.83480847
0.658203125,0.158203125,0.376953125,0.501953125,0.009765625,0.783203125,0.775390625,0.869140625,0.189453125,0.794921875,0.373046875,0.173828125,0.841796875,0.162109375,0.087890625,0.865234375,0.86230505
0.658203125,0.158203125,0.376953125,0.501953125,0.009765625,0.783203125,0.775390625,0.869140625,0.189453125,0.794921875,0.498046875,0.369140625,0.841796875,0.162109375,0.087890625,0.865234375,0.8415903
0.658203125,0.158203125,0.376953125,0.501953125,0.009765625,0.783203125,0.775390625,0.869140625,0.189453125,0.794921875,0.498046875,0.173828125,0.244140625,0.162109375,0.087890625,0.865234375,0.8348101
0.658203125,0.158203125,0.376953125,0.501953125,0.009765625,0.783203125,0.775390625,0.869140625,0.189453125,0.794921875,0.498046875,0.173828125,0.841796875,0.763671875,0.087890625,0.865234375,0.9673605
0.658203125,0.158203125,0.376953125,0.501953125,0.009765625,0.783203125,0.775390625,0.869140625,0.189453125,0.794921875,0.498046875,0.173828125,0.841796875,0.162109375,0.416015625,0.865234375,0.8264444
0.658203125,0.158203125,0.376953125,0.501953125,0.009765625,0.783203125,0.775390625,0.869140625,0.189453125,0.794921875,0.498046875,0.173828125,0.841796875,0.162109375,0.087890625,0.244140625,0.83480847
0.091796875,0.537109375,0.373046875,0.974609375,0.630859375,0.064453125,0.552734375,0.240234375,0.966796875,0.728515625,0.373046875,0.369140625,0.244140625,0.763671875,0.416015625,0.244140625,1.2293438
0.158203125,0.658203125,0.876953125,0.001953125,0.509765625,0.283203125,0.275390625,0.369140625,0.689453125,0.294921875,0.998046875,0.673828125,0.341796875,0.662109375,0.587890625,0.365234375,0.59086007
0.591796875,0.658203125,0.876953125,0.001953125,0.509765625,0.283203125,0.275390625,0.369140625,0.689453125,0.294921875,0.998046875,0.673828125,0.341796875,0.662109375,0.587890625,0.365234375,0.59086007
0.158203125,0.037109375,0.876953125,0.001953125,0.509765625,0.283203125,0.275390625,0.369140625,0.689453125,0.294921875,0.998046875,0.673828125,0.341796875,0.662109375,0.587890625,0.365234375,0.5119905
0.158203125,0.658203125,0.873046875,0.001953125,0.509765625,0.283203125,0.275390625,0.369140625,0.689453125,0.294921875,0.998046875,0.673828125,0.341796875,0.662109375,0.587890625,0.365234375,0.5912632
0.158203125,0.658203125,0.876953125,0.474609375,0.509765625,0.283203125,0.275390625,0.369140625,0.689453125,0.294921875,0.998046875,0.673828125,0.341796875,0.662109375,0.587890625,0.365234375,0.61292684
0.158203125,0.658203125,0.876953125,0.001953125,0.130859375,0.283203125,0.275390625,0.369140625,0.689453125,0.294921875,0.998046875,0.673828125,0.341796875,0.662109375,0.587890625,0.365234375,0.5865736
0.158203125,0.658203125,0.876953125,0.001953125,0.509765625,0.564453125,0.275390625,0.369140625,0.689453125,0.294921875,0.998046875,0.673828125,0.341796875,0.662109375,0.587890625,0.365234375,0.59086007
0.158203125,0.658203125,0.876953125,0.001953125,0.509765625,0.283203125,0.052734375,0.369140625,0.689453125,0.294921875,0.998046875,0.673828125,0.341796875,0.662109375,0.587890625,0.365234375,0.60266244
0.158203125,0.658203125,0.876953125,0.001953125,0.509765625,0.283203125,0.275390625,0.740234375,0.689453125,0.294921875,0.998046875,0.673828125,0.341796875,0.662109375,0.587890625,0.365234375,0.59083325
0.158203125,0.658203125,0.876953125,0.001953125,0.509765625,0.283203125,0.275390625,0.369140625,0.466796875,0.294921875,0.998046875,0.673828125,0.341796875,0.662109375,0.587890625,0.365234375,0.64678156
0.158203125,0.658203125,0.876953125,0.001953125,0.509765625,0.283203125,0.275390625,0.369140625,0.689453125,0.228515625,0.998046875,0.673828125,0.341796875,0.662109375,0.587890625,0.365234375,0.5536439
0.158203125,0.658203125,0.876953125,0.001953125,0.509765625,0.283203125,0.275390625,0.369140625,0.689453125,0.294921875,0.873046875,0.673828125,0.341796875,0.662109375,0.587890625,0.365234375,0.7044049
0.158203125,0.658203125,0.876953125,0.001953125,0.509765625,0.283203125,0.275390625,0.369140625,0.689453125,0.294921875,0.998046875,0.869140625,0.341796875,0.662109375,0.587890625,0.365234375,0.5915637
0.158203125,0.658203125,0.876953125,0.001953125,0.509765625,0.283203125,0.275390625,0.369140625,0.689453125,0.294921875,0.998046875,0.673828125,0.744140625,0.662109375,0.587890625,0.365234375,0.5908548
0.158203125,0.658203125,0.876953125,0.001953125,0.509765625,0.283203125,0.275390625,0.369140625,0.689453125,0.294921875,0.998046875,0.673828125,0.341796875,0.263671875,0.587890625,0.365234375,0.5037441
0.158203125,0.658203125,0.876953125,0.001953125,0.509765625,0.283203125,0.275390625,0.369140625,0.689453125,0.294921875,0.998046875,0.673828125,0.341796875,0.662109375,0.916015625,0.365234375,0.57452667
0.158203125,0.658203125,0.876953125,0.001953125,0.509765625,0.283203125,0.275390625,0.369140625,0.689453125,0.294921875,0.998046875,0.673828125,0.341796875,0.662109375,0.587890625,0.744140625,0.59086007
0.591796875,0.037109375,0.873046875,0.474609375,0.130859375,0.564453125,0.052734375,0.740234375,0.466796875,0.228515625,0.873046875,0.869140625,0.744140625,0.263671875,0.916015625,0.744140625,0.5714488
0.220703125,0.345703125,0.439453125,0.314453125,0.197265625,0.470703125,0.587890625,0.056640625,0.876953125,0.982421875,0.935546875,0.611328125,0.029296875,0.224609375,0.400390625,0.552734375,0.55566955
0.404296875,0.345703125,0.439453125,0.314453125,0.197265625,0.470703125,0.587890625,0.056640625,0.876953125,0.982421875,0.935546875,0.611328125,0.029296875,0.224609375,0.400390625,0.552734375,0.55566955
0.220703125,0.974609375,0.439453125,0.314453125,0.197265625,0.470703125,0.587890625,0.056640625,0.876953125,0.982421875,0.935546875,0.611328125,0.029296875,0.224609375,0.400390625,0.552734375,0.67617893
0.220703125,0.345703125,0.560546875,0.314453125,0.197265625,0.470703125,0.587890625,0.056640625,0.876953125,0.982421875,0.935546875,0.611328125,0.029296875,0.224609375,0.400390625,0.552734375,0.54766715
0.220703125,0.345703125,0.439453125,0.787109375,0.197265625,0.470703125,0.587890625,0.056640625,0.876953125,0.982421875,0.935546875,0.611328125,0.029296875,0.224609375,0.400390625,0.552734375,0.6441102
0.220703125,0.345703125,0.439453125,0.314453125,0.943359375,0.470703125,0.587890625,0.056640625,0.876953125,0.982421875,0.935546875,0.611328125,0.029296875,0.224609375,0.400390625,0.552734375,0.5669153
0.220703125,0.345703125,0.439453125,0.314453125,0.197265625,0.251953125,0.587890625,0.056640625,0.876953125,0.982421875,0.935546875,0.611328125,0.029296875,0.224609375,0.400390625,0.552734375,0.55566955
0.220703125,0.345703125,0.439453125,0.314453125,0.197265625,0.470703125,0.615234375,0.056640625,0.876953125,0.982421875,0.935546875,0.611328125,0.029296875,0.224609375,0.400390625,0.552734375,0.5519289
0.220703125,0.345703125,0.439453125,0.314453125,0.197265625,0.470703125,0.587890625,0.427734375,0.876953125,0.982421875,0.935546875,0.611328125,0.029296875,0.224609375,0.400390625,0.552734375,0.5558261
0.220703125,0.345703125,0.439453125,0.314453125,0.197265625,0.470703125,0.587890625,0.056640625,0.154296875,0.982421875,0.935546875,0.611328125,0.029296875,0.224609375,0.400390625,0.552734375,0.53148377
0.220703125,0.345703125,0.439453125,0.314453125,0.197265625,0.470703125,0.587890625,0.056640625,0.876953125,0.541015625,0.935546875,0.611328125,0.029296875,0.224609375,0.400390625,0.552734375,0.5555723
0.220703125,0.345703125,0.439453125,0.314453125,0.197265625,0.470703125,0.587890625,0.056640625,0.876953125,0.982421875,0.935546875,0.611328125,0.029296875,0.224609375,0.400390625,0.552734375,0.55566955
0.220703125,0.345703125,0.439453125,0.314453125,0.197265625,0.470703125,0.587890625,0.056640625,0.876953125,0.982421875,0.935546875,0.056640625,0.029296875,0.224609375,0.400390625,0.552734375,0.53874314
0.220703125,0.345703125,0.439453125,0.314453125,0.197265625,0.470703125,0.587890625,0.056640625,0.876953125,0.982421875,0.935546875,0.611328125,0.931640625,0.224609375,0.400390625,0.552734375,0.555667
0.220703125,0.345703125,0.439453125,0.314453125,0.197265625,0.470703125,0.587890625,0.056640625,0.876953125,0.982421875,0.935546875,0.611328125,0.029296875,0.826171875,0.400390625,0.552734375,0.6981312
0.220703125,0.345703125,0.439453125,0.314453125,0.197265625,0.470703125,0.587890625,0.056640625,0.876953125,0.982421875,0.935546875,0.611328125,0.029296875,0.224609375,0.228515625,0.552734375,0.56047845
0.220703125,0.345703125,0.439453125,0.314453125,0.197265625,0.470703125,0.587890625,0.056640625,0.876953125,0.982421875,0.935546875,0.611328125,0.029296875,0.224609375,0.400390625,0.556640625,0.55566955
0.404296875,0.974609375,0.560546875,0.787109375,0.943359375,0.251953125,0.615234375,0.427734375,0.154296875,0.541015625,0.935546875,0.056640625,0.931640625,0.826171875,0.228515625,0.556640625,0.8703374
0.720703125,0.845703125,0.939453125,0.814453125,0.697265625,0.970703125,0.087890625,0.556640625,0.376953125,0.482421875,0.435546875,0.111328125,0.529296875,0.724609375,0.900390625,0.052734375,1.2048666
0.904296875,0.845703125,0.939453125,0.814453125,0.697265625,0.970703125,0.087890625,0.556640625,0.376953125,0.482421875,0.435546875,0.111328125,0.529296875,0.724609375,0.900390625,0.052734375,1.2048666
0.720703125,0.474609375,0.939453125,0.814453125,0.697265625,0.970703125,0.087890625,0.556640625,0.376953125,0.482421875,0.435546875,0.111328125,0.529296875,0.724609375,0.900390625,0.052734375,1.1343062
0.720703125,0.845703125,0.060546875,0.814453125,0.697265625,0.970703125,0.087890625,0.556640625,0.376953125,0.482421875,0.435546875,0.111328125,0.529296875,0.724609375,0.900390625,0.052734375,1.2645779
0.720703125,0.845703125,0.939453125,0.287109375,0.697265625,0.970703125,0.087890625,0.556640625,0.376953125,0.482421875,0.435546875,0.111328125,0.529296875,0.724609375,0.900390625,0.052734375,1.1083189
0.720703125,0.845703125,0.939453125,0.814453125,0.443359375,0.970703125,0.087890625,0.556640625,0.376953125,0.482421875,0.435546875,0.111328125,0.529296875,0.724609375,0.900390625,0.052734375,1.2010815
0.720703125,0.845703125,0.939453125,0.814453125,0.697265625,0.751953125,0.087890625,0.556640625,0.376953125,0.482421875,0.435546875,0.111328125,0.529296875,0.724609375,0.900390625,0.052734375,1.2048666
0.720703125,0.845703125,0.939453125,0.814453125,0.697265625,0.970703125,0.115234375,0.556640625,0.376953125,0.482421875,0.435546875,0.111328125,0.529296875,0.724609375,0.900390625,0.052734375,1.2036493
0.720703125,0.845703125,0.939453125,0.814453125,0.697265625,0.970703125,0.087890625,0.927734375,0.376953125,0.482421875,0.435546875,0.111328125,0.529296875,0.724609375,0.900390625,0.052734375,1.2048135
0.720703125,0.845703125,0.939453125,0.814453125,0.697265625,0.970703125,0.087890625,0.556640625,0.654296875,0.482421875,0.435546875,0.111328125,0.529296875,0.724609375,0.900390625,0.052734375,1.152539
0.720703125,0.845703125,0.939453125,0.814453125,0.697265625,0.970703125,0.087890625,0.556640625,0.376953125,0.041015625,0.435546875,0.111328125,0.529296875,0.724609375,0.900390625,0.052734375,-0.83032584
0.720703125,0.845703125,0.939453125,0.814453125,0.697265625,0.970703125,0.087890625,0.556640625,0.376953125,0.482421875,0.435546875,0.111328125,0.529296875,0.724609375,0.900390625,0.052734375,1.2048666
0.720703125,0.845703125,0.939453125,0.814453125,0.697265625,0.970703125,0.087890625,0.556640625,0.376953125,0.482421875,0.435546875,0.556640625,0.529296875,0.724609375,0.900390625,0.052734375,1.2181914
0.720703125,0.845703125,0.939453125,0.814453125,0.697265625,0.970703125,0.087890625,0.556640625,0.376953125,0.482421875,0.435546875,0.111328125,0.431640625,0.724609375,0.900390625,0.052734375,1.2051551
0.720703125,0.845703125,0.939453125,0.814453125,0.697265625,0.970703125,0.087890625,0.556640625,0.376953125,0.482421875,0.435546875,0.111328125,0.529296875,0.326171875,0.900390625,0.052734375,1.1112037
0.720703125,0.845703125,0.939453125,0.814453125,0.697265625,0.970703125,0.087890625,0.556640625,0.376953125,0.482421875,0.435546875,0.111328125,0.529296875,0.724609375,0.728515625,0.052734375,1.2140237
0.720703125,0.845703125,0.939453125,0.814453125,0.697265625,0.970703125,0.087890625,0.556640625,0.376953125,0.482421875,0.435546875,0.111328125,0.529296875,0.724609375,0.900390625,0.056640625,1.2048666
0.904296875,0.474609375,0.060546875,0.287109375,0.443359375,0.751953125,0.115234375,0.927734375,0.654296875,0.041015625,0.435546875,0.556640625,0.431640625,0.326171875,0.728515625,0.056640625,-1.065998
0.970703125,0.095703125,0.189453125,0.064453125,0.947265625,0.720703125,0.837890625,0.806640625,0.126953125,0.232421875,0.185546875,0.361328125,0.279296875,0.474609375,0.650390625,0.802734375,0.8453999
0.654296875,0.095703125,0.189453125,0.064453125,0.947265625,0.720703125,0.837890625,0.806640625,0.126953125,0.232421875,0.185546875,0.361328125,0.279296875,0.474609375,0.650390625,0.802734375,0.8453999
0.970703125,0.724609375,0.189453125,0.064453125,0.947265625,0.720703125,0.837890625,0.806640625,0.126953125,0.232421875,0.185546875,0.361328125,0.279296875,0.474609375,0.650390625,0.802734375,0.9327441
0.970703125,0.095703125,0.310546875,0.064453125,0.947265625,0.720703125,0.837890625,0.806640625,0.126953125,0.232421875,0.185546875,0.361328125,0.279296875,0.474609375,0.650390625,0.802734375,0.83984137
0.970703125,0.095703125,0.189453125,0.537109375,0.947265625,0.720703125,0.837890625,0.806640625,0.126953125,0.232421875,0.185546875,0.361328125,0.279296875,0.474609375,0.650390625,0.802734375,0.8773745
0.970703125,0.095703125,0.189453125,0.064453125,0.693359375,0.720703125,0.837890625,0.806640625,0.126953125,0.232421875,0.185546875,0.361328125,0.279296875,0.474609375,0.650390625,0.802734375,0.8405674
0.970703125,0.095703125,0.189453125,0.064453125,0.947265625,0.501953125,0.837890625,0.806640625,0.126953125,0.232421875,0.185546875,0.361328125,0.279296875,0.474609375,0.650390625,0.802734375,0.8453999
0.970703125,0.095703125,0.189453125,0.064453125,0.947265625,0.720703125,0.865234375,0.806640625,0.126953125,0.232421875,0.185546875,0.361328125,0.279296875,0.474609375,0.650390625,0.802734375,0.83962005
0.970703125,0.095703125,0.189453125,0.064453125,0.947265625,0.720703125,0.837890625,0.177734375,0.126953125,0.232421875,0.185546875,0.361328125,0.279296875,0.474609375,0.650390625,0.802734375,0.8454007
0.970703125,0.095703125,0.189453125,0.064453125,0.947265625,0.720703125,0.837890625,0.806640625,0.404296875,0.232421875,0.185546875,0.361328125,0.279296875,0.474609375,0.650390625,0.802734375,0.90659595
0.970703125,0.095703125,0.189453125,0.064453125,0.947265625,0.720703125,0.837890625,0.806640625,0.126953125,0.291015625,0.185546875,0.361328125,0.279296875,0.474609375,0.650390625,0.802734375,0.87772375
0.970703125,0.095703125,0.189453125,0.064453125,0.947265625,0.720703125,0.837890625,0.806640625,0.126953125,0.232421875,0.685546875,0.361328125,0.279296875,0.474609375,0.650390625,0.802734375,0.7032308
0.970703125,0.095703125,0.189453125,0.064453125,0.947265625,0.720703125,0.837890625,0.806640625,0.126953125,0.232421875,0.185546875,0.806640625,0.279296875,0.474609375,0.650390625,0.802734375,0.8508907
0.970703125,0.095703125,0.189453125,0.064453125,0.947265625,0.720703125,0.837890625,0.806640625,0.126953125,0.232421875,0.185546875,0.361328125,0.681640625,0.474609375,0.650390625,0.802734375,0.84536225
0.970703125,0.095703125,0.189453125,0.064453125,0.947265625,0.720703125,0.837890625,0.806640625,0.126953125,0.232421875,0.185546875,0.361328125,0.279296875,0.076171875,0.650390625,0.802734375,0.7760772
0.970703125,0.095703125,0.189453125,0.064453125,0.947265625,0.720703125,0.837890625,0.806640625,0.126953125,0.232421875,0.185546875,0.361328125,0.279296875,0.474609375,0.478515625,0.802734375,0.85220915
0.970703125,0.095703125,0.189453125,0.064453125,0.947265625,0.720703125,0.837890625,0.806640625,0.126953125,0.232421875,0.185546875,0.361328125,0.279296875,0.474609375,0.650390625,0.806640625,0.8453999
0.654296875,0.724609375,0.310546875,0.537109375,0.693359375,0.501953125,0.865234375,0.177734375,0.404296875,0.291015625,0.685546875,0.806640625,0.681640625,0.076171875,0.478515625,0.806640625,0.842839
0.470703125,0.595703125,0.689453125,0.564453125,0.447265625,0.220703125,0.337890625,0.306640625,0.626953125,0.732421875,0.685546875,0.861328125,0.779296875,0.974609375,0.150390625,0.302734375,1.0615058
0.154296875,0.595703125,0.689453125,0.564453125,0.447265625,0.220703125,0.337890625,0.306640625,0.626953125,0.732421875,0.685546875,0.861328125,0.779296875,0.974609375,0.150390625,0.302734375,1.0615058
0.470703125,0.224609375,0.689453125,0.564453125,0.447265625,0.220703125,0.337890625,0.306640625,0.626953125,0.732421875,0.685546875,0.861328125,0.779296875,0.974609375,0.150390625,0.302734375,1.010515
0.470703125,0.595703125,0.810546875,0.564453125,0.447265625,0.220703125,0.337890625,0.306640625,0.626953125,0.732421875,0.685546875,0.861328125,0.779296875,0.974609375,0.150390625,0.302734375,1.0506152
0.470703125,0.595703125,0.689453125,0.037109375,0.447265625,0.220703125,0.337890625,0.306640625,0.626953125,0.732421875,0.685546875,0.861328125,0.779296875,0.974609375,0.150390625,0.302734375,1.0237983
0.470703125,0.595703125,0.689453125,0.564453125,0.193359375,0.220703125,0.337890625,0.306640625,0.626953125,0.732421875,0.685546875,0.861328125,0.779296875,0.974609375,0.150390625,0.302734375,1.0586401
0.470703125,0.595703125,0.689453125,0.564453125,0.447265625,0.001953125,0.337890625,0.306640625,0.626953125,0.732421875,0.685546875,0.861328125,0.779296875,0.974609375,0.150390625,0.302734375,1.0615058
0.470703125,0.595703125,0.689453125,0.564453125,0.447265625,0.220703125,0.365234375,0.306640625,0.626953125,0.732421875,0.685546875,0.861328125,0.779296875,0.974609375,0.150390625,0.302734375,1.0592575
0.470703125,0.595703125,0.689453125,0.564453125,0.447265625,0.220703125,0.337890625,0.677734375,0.626953125,0.732421875,0.685546875,0.861328125,0.779296875,0.974609375,0.150390625,0.302734375,1.061502
0.470703125,0.595703125,0.689453125,0.564453125,0.447265625,0.220703125,0.337890625,0.306640625,0.904296875,0.732421875,0.685546875,0.861328125,0.779296875,0.974609375,0.150390625,0.302734375,1.0841534
0.470703125,0.595703125,0.689453125,0.564453125,0.447265625,0.220703125,0.337890625,0.306640625,0.626953125,0.791015625,0.685546875,0.861328125,0.779296875,0.974609375,0.150390625,0.302734375,1.0615058
0.470703125,0.595703125,0.689453125,0.564453125,0.447265625,0.220703125,0.337890625,0.306640625,0.626953125,0.732421875,0.185546875,0.861328125,0.779296875,0.974609375,0.150390625,0.302734375,1.2036749
0.470703125,0.595703125,0.689453125,0.564453125,0.447265625,0.220703125,0.337890625,0.306640625,0.626953125,0.732421875,0.685546875,0.306640625,0.779296875,0.974609375,0.150390625,0.302734375,1.0543376
0.470703125,0.595703125,0.689453125,0.564453125,0.447265625,0.220703125,0.337890625,0.306640625,0.626953125,0.732421875,0.685546875,0.861328125,0.181640625,0.974609375,0.150390625,0.302734375,1.0615155
0.470703125,0.595703125,0.689453125,0.564453125,0.447265625,0.220703125,0.337890625,0.306640625,0.626953125,0.732421875,0.685546875,0.861328125,0.779296875,0.576171875,0.150390625,0.302734375,0.93837166
0.470703125,0.595703125,0.689453125,0.564453125,0.447265625,0.220703125,0.337890625,0.306640625,0.626953125,0.732421875,0.685546875,0.861328125,0.779296875,0.974609375,0.978515625,0.302734375,1.0279653
0.470703125,0.595703125,0.689453125,0.564453125,0.447265625,0.220703125,0.337890625,0.306640625,0.626953125,0.732421875,0.685546875,0.861328125,0.779296875,0.974609375,0.150390625,0.306640625,1.0615058
0.154296875,0.224609375,0.810546875,0.037109375,0.193359375,0.001953125,0.365234375,0.677734375,0.904296875,0.791015625,0.185546875,0.306640625,0.181640625,0.576171875,0.978515625,0.306640625,0.9577826
0.345703125,0.220703125,0.814453125,0.689453125,0.322265625,0.345703125,0.962890625,0.931640625,0.001953125,0.357421875,0.060546875,0.986328125,0.404296875,0.599609375,0.025390625,0.427734375,0.9576937
0.029296875,0.220703125,0.814453125,0.689453125,0.322265625,0.345703125,0.962890625,0.931640625,0.001953125,0.357421875,0.060546875,0.986328125,0.404296875,0.599609375,0.025390625,0.427734375,0.9576937
0.345703125,0.099609375,0.814453125,0.689453125,0.322265625,0.345703125,0.962890625,0.931640625,0.001953125,0.357421875,0.060546875,0.986328125,0.404296875,0.599609375,0.025390625,0.427734375,0.9464859
0.345703125,0.220703125,0.435546875,0.689453125,0.322265625,0.345703125,0.962890625,0.931640625,0.001953125,0.357421875,0.060546875,0.986328125,0.404296875,0.599609375,0.025390625,0.427734375,0.98719776
0.345703125,0.220703125,0.814453125,0.912109375,0.322265625,0.345703125,0.962890625,0.931640625,0.001953125,0.357421875,0.060546875,0.986328125,0.404296875,0.599609375,0.025390625,0.427734375,1.0105344
0.345703125,0.220703125,0.814453125,0.689453125,0.818359375,0.345703125,0.962890625,0.931640625,0.001953125,0.357421875,0.060546875,0.986328125,0.404296875,0.599609375,0.025390625,0.427734375,0.9651195
0.345703125,0.220703125,0.814453125,0.689453125,0.322265625,0.376953125,0.962890625,0.931640625,0.001953125,0.357421875,0.060546875,0.986328125,0.404296875,0.599609375,0.025390625,0.427734375,0.9576937
0.345703125,0.220703125,0.814453125,0.689453125,0.322265625,0.345703125,0.990234375,0.931640625,0.001953125,0.357421875,0.060546875,0.986328125,0.404296875,0.599609375,0.025390625,0.427734375,0.9506626
0.345703125,0.220703125,0.814453125,0.689453125,0.322265625,0.345703125,0.962890625,0.552734375,0.001953125,0.357421875,0.060546875,0.986328125,0.404296875,0.599609375,0.025390625,0.427734375,0.9577526
0.345703125,0.220703125,0.814453125,0.689453125,0.322265625,0.345703125,0.962890625,0.931640625,0.779296875,0.357421875,0.060546875,0.986328125,0.404296875,0.599609375,0.025390625,0.427734375,0.94799435
0.345703125,0.220703125,0.814453125,0.689453125,0.322265625,0.345703125,0.962890625,0.931640625,0.001953125,0.416015625,0.060546875,0.986328125,0.404296875,0.599609375,0.025390625,0.427734375,0.9603487
0.345703125,0.220703125,0.814453125,0.689453125,0.322265625,0.345703125,0.962890625,0.931640625,0.001953125,0.357421875,0.560546875,0.986328125,0.404296875,0.599609375,0.025390625,0.427734375,0.88768244
0.345703125,0.220703125,0.814453125,0.689453125,0.322265625,0.345703125,0.962890625,0.931640625,0.001953125,0.357421875,0.060546875,0.681640625,0.404296875,0.599609375,0.025390625,0.427734375,0.9569943
0.345703125,0.220703125,0.814453125,0.689453125,0.322265625,0.345703125,0.962890625,0.931640625,0.001953125,0.357421875,0.060546875,0.986328125,0.806640625,0.599609375,0.025390625,0.427734375,0.9577129
0.345703125,0.220703125,0.814453125,0.689453125,0.322265625,0.345703125,0.962890625,0.931640625,0.001953125,0.357421875,0.060546875,0.986328125,0.404296875,0.951171875,0.025390625,0.427734375,1.0662253
0.345703125,0.220703125,0.814453125,0.689453125,0.322265625,0.345703125,0.962890625,0.931640625,0.001953125,0.357421875,0.060546875,0.986328125,0.404296875,0.599609375,0.353515625,0.427734375,0.9501392
0.345703125,0.220703125,0.814453125,0.689453125,0.322265625,0.345703125,0.962890625,0.931640625,0.001953125,0.357421875,0.060546875,0.986328125,0.404296875,0.599609375,0.025390625,0.681640625,0.9576937
0.029296875,0.099609375,0.435546875,0.912109375,0.818359375,0.376953125,0.990234375,0.552734375,0.779296875,0.416015625,0.560546875,0.681640625,0.806640625,0.951171875,0.353515625,0.681640625,1.0525256
0.845703125,0.720703125,0.314453125,0.189453125,0.822265625,0.845703125,0.462890625,0.431640625,0.501953125,0.857421875,0.560546875,0.486328125,0.904296875,0.099609375,0.525390625,0.927734375,0.9545314
0.529296875,0.720703125,0.314453125,0.189453125,0.822265625,0.845703125,0.462890625,0.431640625,0.501953125,0.857421875,0.560546875,0.486328125,0.904296875,0.099609375,0.525390625,0.927734375,0.9545314
0.845703125,0.599609375,0.314453125,0.189453125,0.822265625,0.845703125,0.462890625,0.431640625,0.501953125,0.857421875,0.560546875,0.486328125,0.904296875,0.099609375,0.525390625,0.927734375,0.9315918
0.845703125,0.720703125,0.935546875,0.189453125,0.822265625,0.845703125,0.462890625,0.431640625,0.501953125,0.857421875,0.560546875,0.486328125,0.904296875,0.099609375,0.525390625,0.927734375,0.90580106
0.845703125,0.720703125,0.314453125,0.412109375,0.822265625,0.845703125,0.462890625,0.431640625,0.501953125,0.857421875,0.560546875,0.486328125,0.904296875,0.099609375,0.525390625,0.927734375,0.96660703
0.845703125,0.720703125,0.314453125,0.189453125,0.318359375,0.845703125,0.462890625,0.431640625,0.501953125,0.857421875,0.560546875,0.486328125,0.904296875,0.099609375,0.525390625,0.927734375,0.94698733
0.845703125,0.720703125,0.314453125,0.189453125,0.822265625,0.876953125,0.462890625,0.431640625,0.501953125,0.857421875,0.560546875,0.486328125,0.904296875,0.099609375,0.525390625,0.927734375,0.9545314
0.845703125,0.720703125,0.314453125,0.189453125,0.822265625,0.845703125,0.490234375,0.431640625,0.501953125,0.857421875,0.560546875,0.486328125,0.904296875,0.099609375,0.525390625,0.927734375,0.9515999
0.845703125,0.720703125,0.314453125,0.189453125,0.822265625,0.845703125,0.462890625,0.052734375,0.501953125,0.857421875,0.560546875,0.486328125,0.904296875,0.099609375,0.525390625,0.927734375,0.9543453
0.845703125,0.720703125,0.314453125,0.189453125,0.822265625,0.845703125,0.462890625,0.431640625,0.279296875,0.857421875,0.560546875,0.486328125,0.904296875,0.099609375,0.525390625,0.927734375,0.9416982
0.845703125,0.720703125,0.314453125,0.189453125,0.822265625,0.845703125,0.462890625,0.431640625,0.501953125,0.916015625,0.560546875,0.486328125,0.904296875,0.099609375,0.525390625,0.927734375,0.9545314
0.845703125,0.720703125,0.314453125,0.189453125,0.822265625,0.845703125,0.462890625,0.431640625,0.501953125,0.857421875,0.060546875,0.486328125,0.904296875,0.099609375,0.525390625,0.927734375,1.0245426
0.845703125,0.720703125,0.314453125,0.189453125,0.822265625,0.845703125,0.462890625,0.431640625,0.501953125,0.857421875,0.560546875,0.181640625,0.904296875,0.099609375,0.525390625,0.927734375,0.9455885
0.845703125,0.720703125,0.314453125,0.189453125,0.822265625,0.845703125,0.462890625,0.431640625,0.501953125,0.857421875,0.560546875,0.486328125,0.306640625,0.099609375,0.525390625,0.927734375,0.9545259
0.845703125,0.720703125,0.314453125,0.189453125,0.822265625,0.845703125,0.462890625,0.431640625,0.501953125,0.857421875,0.560546875,0.486328125,0.904296875,0.451171875,0.525390625,0.927734375,1.0156025
0.845703125,0.720703125,0.314453125,0.189453125,0.822265625,0.845703125,0.462890625,0.431640625,0.501953125,0.857421875,0.560546875,0.486328125,0.904296875,0.099609375,0.853515625,0.927734375,0.9393392
0.845703125,0.720703125,0.314453125,0.189453125,0.822265625,0.845703125,0.462890625,0.431640625,0.501953125,0.857421875,0.560546875,0.486328125,0.904296875,0.099609375,0.525390625,0.181640625,0.9545314
0.529296875,0.599609375,0.935546875,0.412109375,0.318359375,0.876953125,0.490234375,0.052734375,0.279296875,0.916015625,0.060546875,0.181640625,0.306640625,0.451171875,0.853515625,0.181640625,0.9783842
0.595703125,0.470703125,0.564453125,0.939453125,0.572265625,0.595703125,0.712890625,0.181640625,0.751953125,0.607421875,0.810546875,0.236328125,0.154296875,0.849609375,0.775390625,0.177734375,0.892344
0.779296875,0.470703125,0.564453125,0.939453125,0.572265625,0.595703125,0.712890625,0.181640625,0.751953125,0.607421875,0.810546875,0.236328125,0.154296875,0.849609375,0.775390625,0.177734375,0.892344
0.595703125,0.349609375,0.564453125,0.939453125,0.572265625,0.595703125,0.712890625,0.181640625,0.751953125,0.607421875,0.810546875,0.236328125,0.154296875,0.849609375,0.775390625,0.177734375,0.8757901
0.595703125,0.470703125,0.685546875,0.939453125,0.572265625,0.595703125,0.712890625,0.181640625,0.751953125,0.607421875,0.810546875,0.236328125,0.154296875,0.849609375,0.775390625,0.177734375,0.88295305
0.595703125,0.470703125,0.564453125,0.662109375,0.572265625,0.595703125,0.712890625,0.181640625,0.751953125,0.607421875,0.810546875,0.236328125,0.154296875,0.849609375,0.775390625,0.177734375,0.8278444
0.595703125,0.470703125,0.564453125,0.939453125,0.568359375,0.595703125,0.712890625,0.181640625,0.751953125,0.607421875,0.810546875,0.236328125,0.154296875,0.849609375,0.775390625,0.177734375,0.8922858
0.595703125,0.470703125,0.564453125,0.939453125,0.572265625,0.626953125,0.712890625,0.181640625,0.751953125,0.607421875,0.810546875,0.236328125,0.154296875,0.849609375,0.775390625,0.177734375,0.892344
0.595703125,0.470703125,0.564453125,0.939453125,0.572265625,0.595703125,0.740234375,0.181640625,0.751953125,0.607421875,0.810546875,0.236328125,0.154296875,0.849609375,0.775390625,0.177734375,0.8876574
0.595703125,0.470703125,0.564453125,0.939453125,0.572265625,0.595703125,0.712890625,0.802734375,0.751953125,0.607421875,0.810546875,0.236328125,0.154296875,0.849609375,0.775390625,0.177734375,0.89234316
0.595703125,0.470703125,0.564453125,0.939453125,0.572265625,0.595703125,0.712890625,0.181640625,0.529296875,0.607421875,0.810546875,0.236328125,0.154296875,0.849609375,0.775390625,0.177734375,0.935292
0.595703125,0.470703125,0.564453125,0.939453125,0.572265625,0.595703125,0.712890625,0.181640625,0.751953125,0.666015625,0.810546875,0.236328125,0.154296875,0.849609375,0.775390625,0.177734375,0.8923631
0.595703125,0.470703125,0.564453125,0.939453125,0.572265625,0.595703125,0.712890625,0.181640625,0.751953125,0.607421875,0.810546875,0.236328125,0.154296875,0.849609375,0.775390625,0.177734375,0.892344
0.595703125,0.470703125,0.564453125,0.939453125,0.572265625,0.595703125,0.712890625,0.181640625,0.751953125,0.607421875,0.810546875,0.431640625,0.154296875,0.849609375,0.775390625,0.177734375,0.89801866
0.595703125,0.470703125,0.564453125,0.939453125,0.572265625,0.595703125,0.712890625,0.181640625,0.751953125,0.607421875,0.810546875,0.236328125,0.556640625,0.849609375,0.775390625,0.177734375,0.8920139
0.595703125,0.470703125,0.564453125,0.939453125,0.572265625,0.595703125,0.712890625,0.181640625,0.751953125,0.607421875,0.810546875,0.236328125,0.154296875,0.201171875,0.775390625,0.177734375,0.73845524
0.595703125,0.470703125,0.564453125,0.939453125,0.572265625,0.595703125,0.712890625,0.181640625,0.751953125,0.607421875,0.810546875,0.236328125,0.154296875,0.849609375,0.103515625,0.177734375,0.9152644
0.595703125,0.470703125,0.564453125,0.939453125,0.572265625,0.595703125,0.712890625,0.181640625,0.751953125,0.607421875,0.810546875,0.236328125,0.154296875,0.849609375,0.775390625,0.931640625,0.892344
0.779296875,0.349609375,0.685546875,0.662109375,0.568359375,0.626953125,0.740234375,0.802734375,0.529296875,0.666015625,0.810546875,0.431640625,0.556640625,0.201171875,0.103515625,0.931640625,0.7144976
0.095703125,0.970703125,0.064453125,0.439453125,0.072265625,0.095703125,0.212890625,0.681640625,0.251953125,0.107421875,0.310546875,0.736328125,0.654296875,0.349609375,0.275390625,0.677734375,0.5741403
0.279296875,0.970703125,0.064453125,0.439453125,0.072265625,0.095703125,0.212890625,0.681640625,0.251953125,0.107421875,0.310546875,0.736328125,0.654296875,0.349609375,0.275390625,0.677734375,0.5741403
0.095703125,0.849609375,0.064453125,0.439453125,0.072265625,0.095703125,0.212890625,0.681640625,0.251953125,0.107421875,0.310546875,0.736328125,0.654296875,0.349609375,0.275390625,0.677734375,0.5437749
0.095703125,0.970703125,0.185546875,0.439453125,0.072265625,0.095703125,0.212890625,0.681640625,0.251953125,0.107421875,0.310546875,0.736328125,0.654296875,0.349609375,0.275390625,0.677734375,0.56963706
0.095703125,0.970703125,0.064453125,0.162109375,0.072265625,0.095703125,0.212890625,0.681640625,0.251953125,0.107421875,0.310546875,0.736328125,0.654296875,0.349609375,0.275390625,0.677734375,0.55848837
0.095703125,0.970703125,0.064453125,0.439453125,0.068359375,0.095703125,0.212890625,0.681640625,0.251953125,0.107421875,0.310546875,0.736328125,0.654296875,0.349609375,0.275390625,0.677734375,0.5741085
0.095703125,0.970703125,0.064453125,0.439453125,0.072265625,0.126953125,0.212890625,0.681640625,0.251953125,0.107421875,0.310546875,0.736328125,0.654296875,0.349609375,0.275390625,0.677734375,0.5741403
0.095703125,0.970703125,0.064453125,0.439453125,0.072265625,0.095703125,0.240234375,0.681640625,0.251953125,0.107421875,0.310546875,0.736328125,0.654296875,0.349609375,0.275390625,0.677734375,0.5724598
0.095703125,0.970703125,0.064453125,0.439453125,0.072265625,0.095703125,0.212890625,0.302734375,0.251953125,0.107421875,0.310546875,0.736328125,0.654296875,0.349609375,0.275390625,0.677734375,0.5741439
0.095703125,0.970703125,0.064453125,0.439453125,0.072265625,0.095703125,0.212890625,0.681640625,0.029296875,0.107421875,0.310546875,0.736328125,0.654296875,0.349609375,0.275390625,0.677734375,0.5517547
0.095703125,0.970703125,0.064453125,0.439453125,0.072265625,0.095703125,0.212890625,0.681640625,0.251953125,0.166015625,0.310546875,0.736328125,0.654296875,0.349609375,0.275390625,0.677734375,0.9605729
0.095703125,0.970703125,0.064453125,0.439453125,0.072265625,0.095703125,0.212890625,0.681640625,0.251953125,0.107421875,0.310546875,0.736328125,0.654296875,0.349609375,0.275390625,0.677734375,0.5741403
0.095703125,0.970703125,0.064453125,0.439453125,0.072265625,0.095703125,0.212890625,0.681640625,0.251953125,0.107421875,0.310546875,0.931640625,0.654296875,0.349609375,0.275390625,0.677734375,0.5745308
0.095703125,0.970703125,0.064453125,0.439453125,0.072265625,0.095703125,0.212890625,0.681640625,0.251953125,0.107421875,0.310546875,0.736328125,0.056640625,0.349609375,0.275390625,0.677734375,0.57421476
0.095703125,0.970703125,0.064453125,0.439453125,0.072265625,0.095703125,0.212890625,0.681640625,0.251953125,0.107421875,0.310546875,0.736328125,0.654296875,0.701171875,0.275390625,0.677734375,0.6566779
0.095703125,0.970703125,0.064453125,0.439453125,0.072265625,0.095703125,0.212890625,0.681640625,0.251953125,0.107421875,0.310546875,0.736328125,0.654296875,0.349609375,0.603515625,0.677734375,0.5630986
0.095703125,0.970703125,0.064453125,0.439453125,0.072265625,0.095703125,0.212890625,0.681640625,0.251953125,0.107421875,0.310546875,0.736328125,0.654296875,0.349609375,0.275390625,0.431640625,0.5741403
0.279296875,0.849609375,0.185546875,0.162109375,0.068359375,0.126953125,0.240234375,0.302734375,0.029296875,0.166015625,0.310546875,0.931640625,0.056640625,0.701171875,0.603515625,0.431640625,0.95791894
0.064453125,0.439453125,0.970703125,0.533203125,0.916015625,0.814453125,0.431640625,0.150390625,0.408203125,0.513671875,0.279296875,0.892578125,0.373046875,0.380859375,0.931640625,0.458984375,0.98974997
0.498046875,0.439453125,0.970703125,0.533203125,0.916015625,0.814453125,0.431640625,0.150390625,0.408203125,0.513671875,0.279296875,0.892578125,0.373046875,0.380859375,0.931640625,0.458984375,0.98974997
0.064453125,0.693359375,0.970703125,0.533203125,0.916015625,0.814453125,0.431640625,0.150390625,0.408203125,0.513671875,0.279296875,0.892578125,0.373046875,0.380859375,0.931640625,0.458984375,1.032645
0.064453125,0.439453125,0.716796875,0.533203125,0.916015625,0.814453125,0.431640625,0.150390625,0.408203125,0.513671875,0.279296875,0.892578125,0.373046875,0.380859375,0.931640625,0.458984375,1.0151272
0.064453125,0.439453125,0.970703125,0.568359375,0.916015625,0.814453125,0.431640625,0.150390625,0.408203125,0.513671875,0.279296875,0.892578125,0.373046875,0.380859375,0.931640625,0.458984375,0.9968144
0.064453125,0.439453125,0.970703125,0.533203125,0.474609375,0.814453125,0.431640625,0.150390625,0.408203125,0.513671875,0.279296875,0.892578125,0.373046875,0.380859375,0.931640625,0.458984375,0.98226774
0.064453125,0.439453125,0.970703125,0.533203125,0.916015625,0.095703125,0.431640625,0.150390625,0.408203125,0.513671875,0.279296875,0.892578125,0.373046875,0.380859375,0.931640625,0.458984375,0.98974997
0.064453125,0.439453125,0.970703125,0.533203125,0.916015625,0.814453125,0.208984375,0.150390625,0.408203125,0.513671875,0.279296875,0.892578125,0.373046875,0.380859375,0.931640625,0.458984375,1.0069363
0.064453125,0.439453125,0.970703125,0.533203125,0.916015625,0.814453125,0.431640625,0.021484375,0.408203125,0.513671875,0.279296875,0.892578125,0.373046875,0.380859375,0.931640625,0.458984375,0.9897483
0.064453125,0.439453125,0.970703125,0.533203125,0.916015625,0.814453125,0.431640625,0.150390625,0.873046875,0.513671875,0.279296875,0.892578125,0.373046875,0.380859375,0.931640625,0.458984375,0.95483476
0.064453125,0.439453125,0.970703125,0.533203125,0.916015625,0.814453125,0.431640625,0.150390625,0.408203125,0.697265625,0.279296875,0.892578125,0.373046875,0.380859375,0.931640625,0.458984375,0.9899159
0.064453125,0.439453125,0.970703125,0.533203125,0.916015625,0.814453125,0.431640625,0.150390625,0.408203125,0.513671875,0.341796875,0.892578125,0.373046875,0.380859375,0.931640625,0.458984375,0.98370916
0.064453125,0.439453125,0.970703125,0.533203125,0.916015625,0.814453125,0.431640625,0.150390625,0.408203125,0.513671875,0.279296875,0.900390625,0.373046875,0.380859375,0.931640625,0.458984375,0.9897554
0.064453125,0.439453125,0.970703125,0.533203125,0.916015625,0.814453125,0.431640625,0.150390625,0.408203125,0.513671875,0.279296875,0.892578125,0.400390625,0.380859375,0.931640625,0.458984375,0.98974186
0.064453125,0.439453125,0.970703125,0.533203125,0.916015625,0.814453125,0.431640625,0.150390625,0.408203125,0.513671875,0.279296875,0.892578125,0.373046875,0.482421875,0.931640625,0.458984375,1.0110269
0.064453125,0.439453125,0.970703125,0.533203125,0.916015625,0.814453125,0.431640625,0.150390625,0.408203125,0.513671875,0.279296875,0.892578125,0.373046875,0.380859375,0.134765625,0.458984375,1.0207229
0.064453125,0.439453125,0.970703125,0.533203125,0.916015625,0.814453125,0.431640625,0.150390625,0.408203125,0.513671875,0.279296875,0.892578125,0.373046875,0.380859375,0.931640625,0.025390625,0.98974997
0.498046875,0.693359375,0.716796875,0.568359375,0.474609375,0.095703125,0.208984375,0.021484375,0.873046875,0.697265625,0.341796875,0.900390625,0.400390625,0.482421875,0.134765625,0.025390625,1.0862461
0.564453125,0.939453125,0.470703125,0.033203125,0.416015625,0.314453125,0.931640625,0.650390625,0.908203125,0.013671875,0.779296875,0.392578125,0.873046875,0.880859375,0.431640625,0.958984375,-2.459797
0.998046875,0.939453125,0.470703125,0.033203125,0.416015625,0.314453125,0.931640625,0.650390625,0.908203125,0.013671875,0.779296875,0.392578125,0.873046875,0.880859375,0.431640625,0.958984375,-2.459797
0.564453125,0.193359375,0.470703125,0.033203125,0.416015625,0.314453125,0.931640625,0.650390625,0.908203125,0.013671875,0.779296875,0.392578125,0.873046875,0.880859375,0.431640625,0.958984375,-2.5879445
0.564453125,0.939453125,0.216796875,0.033203125,0.416015625,0.314453125,0.931640625,0.650390625,0.908203125,0.013671875,0.779296875,0.392578125,0.873046875,0.880859375,0.431640625,0.958984375,-2.4462984
0.564453125,0.939453125,0.470703125,0.068359375,0.416015625,0.314453125,0.931640625,0.650390625,0.908203125,0.013671875,0.779296875,0.392578125,0.873046875,0.880859375,0.431640625,0.958984375,-2.4594908
0.564453125,0.939453125,0.470703125,0.033203125,0.974609375,0.314453125,0.931640625,0.650390625,0.908203125,0.013671875,0.779296875,0.392578125,0.873046875,0.880859375,0.431640625,0.958984375,-2.4503062
0.564453125,0.939453125,0.470703125,0.033203125,0.416015625,0.595703125,0.931640625,0.650390625,0.908203125,0.013671875,0.779296875,0.392578125,0.873046875,0.880859375,0.431640625,0.958984375,-2.459797
0.564453125,0.939453125,0.470703125,0.033203125,0.416015625,0.314453125,0.708984375,0.650390625,0.908203125,0.013671875,0.779296875,0.392578125,0.873046875,0.880859375,0.431640625,0.958984375,-2.4149108
0.564453125,0.939453125,0.470703125,0.033203125,0.416015625,0.314453125,0.931640625,0.521484375,0.908203125,0.013671875,0.779296875,0.392578125,0.873046875,0.880859375,0.431640625,0.958984375,-2.4596376
0.564453125,0.939453125,0.470703125,0.033203125,0.416015625,0.314453125,0.931640625,0.650390625,0.373046875,0.013671875,0.779296875,0.392578125,0.873046875,0.880859375,0.431640625,0.958984375,-2.4382954
0.564453125,0.939453125,0.470703125,0.033203125,0.416015625,0.314453125,0.931640625,0.650390625,0.908203125,0.197265625,0.779296875,0.392578125,0.873046875,0.880859375,0.431640625,0.958984375,0.8244354
0.564453125,0.939453125,0.470703125,0.033203125,0.416015625,0.314453125,0.931640625,0.650390625,0.908203125,0.013671875,0.841796875,0.392578125,0.873046875,0.880859375,0.431640625,0.958984375,-2.5228238
0.564453125,0.939453125,0.470703125,0.033203125,0.416015625,0.314453125,0.931640625,0.650390625,0.908203125,0.013671875,0.779296875,0.400390625,0.873046875,0.880859375,0.431640625,0.958984375,-2.459612
0.564453125,0.939453125,0.470703125,0.033203125,0.416015625,0.314453125,0.931640625,0.650390625,0.908203125,0.013671875,0.779296875,0.392578125,0.900390625,0.880859375,0.431640625,0.958984375,-2.4597957
0.564453125,0.939453125,0.470703125,0.033203125,0.416015625,0.314453125,0.931640625,0.650390625,0.908203125,0.013671875,0.779296875,0.392578125,0.873046875,0.982421875,0.431640625,0.958984375,-2.423144
0.564453125,0.939453125,0.470703125,0.033203125,0.416015625,0.314453125,0.931640625,0.650390625,0.908203125,0.013671875,0.779296875,0.392578125,0.873046875,0.880859375,0.634765625,0.958984375,-2.4675293
0.564453125,0.939453125,0.470703125,0.033203125,0.416015625,0.314453125,0.931640625,0.650390625,0.908203125,0.013671875,0.779296875,0.392578125,0.873046875,0.880859375,0.431640625,0.525390625,-2.459797
0.998046875,0.193359375,0.216796875,0.068359375,0.974609375,0.595703125,0.708984375,0.521484375,0.373046875,0.197265625,0.841796875,0.400390625,0.900390625,0.982421875,0.634765625,0.525390625,0.75220895
0.814453125,0.189453125,0.720703125,0.783203125,0.166015625,0.064453125,0.181640625,0.900390625,0.658203125,0.263671875,0.529296875,0.142578125,0.123046875,0.130859375,0.181640625,0.208984375,0.901208
0.748046875,0.189453125,0.720703125,0.783203125,0.166015625,0.064453125,0.181640625,0.900390625,0.658203125,0.263671875,0.529296875,0.142578125,0.123046875,0.130859375,0.181640625,0.208984375,0.901208
0.814453125,0.943359375,0.720703125,0.783203125,0.166015625,0.064453125,0.181640625,0.900390625,0.658203125,0.263671875,0.529296875,0.142578125,0.123046875,0.130859375,0.181640625,0.208984375,1.0307479
0.814453125,0.189453125,0.466796875,0.783203125,0.166015625,0.064453125,0.181640625,0.900390625,0.658203125,0.263671875,0.529296875,0.142578125,0.123046875,0.130859375,0.181640625,0.208984375,0.92017996
0.814453125,0.189453125,0.720703125,0.818359375,0.166015625,0.064453125,0.181640625,0.900390625,0.658203125,0.263671875,0.529296875,0.142578125,0.123046875,0.130859375,0.181640625,0.208984375,0.90986115
0.814453125,0.189453125,0.720703125,0.783203125,0.224609375,0.064453125,0.181640625,0.900390625,0.658203125,0.263671875,0.529296875,0.142578125,0.123046875,0.130859375,0.181640625,0.208984375,0.90177304
0.814453125,0.189453125,0.720703125,0.783203125,0.166015625,0.845703125,0.181640625,0.900390625,0.658203125,0.263671875,0.529296875,0.142578125,0.123046875,0.130859375,0.181640625,0.208984375,0.901208
0.814453125,0.189453125,0.720703125,0.783203125,0.166015625,0.064453125,0.458984375,0.900390625,0.658203125,0.263671875,0.529296875,0.142578125,0.123046875,0.130859375,0.181640625,0.208984375,0.8797171
0.814453125,0.189453125,0.720703125,0.783203125,0.166015625,0.064453125,0.181640625,0.271484375,0.658203125,0.263671875,0.529296875,0.142578125,0.123046875,0.130859375,0.181640625,0.208984375,0.90121466
0.814453125,0.189453125,0.720703125,0.783203125,0.166015625,0.064453125,0.181640625,0.900390625,0.623046875,0.263671875,0.529296875,0.142578125,0.123046875,0.130859375,0.181640625,0.208984375,0.90957963
0.814453125,0.189453125,0.720703125,0.783203125,0.166015625,0.064453125,0.181640625,0.900390625,0.658203125,0.447265625,0.529296875,0.142578125,0.123046875,0.130859375,0.181640625,0.208984375,0.9256602
0.814453125,0.189453125,0.720703125,0.783203125,0.166015625,0.064453125,0.181640625,0.900390625,0.658203125,0.263671875,0.091796875,0.142578125,0.123046875,0.130859375,0.181640625,0.208984375,0.95783484
0.814453125,0.189453125,0.720703125,0.783203125,0.166015625,0.064453125,0.181640625,0.900390625,0.658203125,0.263671875,0.529296875,0.150390625,0.123046875,0.130859375,0.181640625,0.208984375,0.9015781
0.814453125,0.189453125,0.720703125,0.783203125,0.166015625,0.064453125,0.181640625,0.900390625,0.658203125,0.263671875,0.529296875,0.142578125,0.150390625,0.130859375,0.181640625,0.208984375,0.90120745
0.814453125,0.189453125,0.720703125,0.783203125,0.166015625,0.064453125,0.181640625,0.900390625,0.658203125,0.263671875,0.529296875,0.142578125,0.123046875,0.732421875,0.181640625,0.208984375,1.028983
0.814453125,0.189453125,0.720703125,0.783203125,0.166015625,0.064453125,0.181640625,0.900390625,0.658203125,0.263671875,0.529296875,0.142578125,0.123046875,0.130859375,0.384765625,0.208984375,0.89578813
0.814453125,0.189453125,0.720703125,0.783203125,0.166015625,0.064453125,0.181640625,0.900390625,0.658203125,0.263671875,0.529296875,0.142578125,0.123046875,0.130859375,0.181640625,0.275390625,0.901208
0.748046875,0.943359375,0.466796875,0.818359375,0.224609375,0.845703125,0.458984375,0.271484375,0.623046875,0.447265625,0.091796875,0.150390625,0.150390625,0.732421875,0.384765625,0.275390625,1.2496296
0.314453125,0.689453125,0.220703125,0.283203125,0.666015625,0.564453125,0.681640625,0.400390625,0.158203125,0.763671875,0.029296875,0.642578125,0.623046875,0.630859375,0.681640625,0.708984375,1.0482386
0.248046875,0.689453125,0.220703125,0.283203125,0.666015625,0.564453125,0.681640625,0.400390625,0.158203125,0.763671875,0.029296875,0.642578125,0.623046875,0.630859375,0.681640625,0.708984375,1.0482386
0.314453125,0.443359375,0.220703125,0.283203125,0.666015625,0.564453125,0.681640625,0.400390625,0.158203125,0.763671875,0.029296875,0.642578125,0.623046875,0.630859375,0.681640625,0.708984375,1.0066689
0.314453125,0.689453125,0.966796875,0.283203125,0.666015625,0.564453125,0.681640625,0.400390625,0.158203125,0.763671875,0.029296875,0.642578125,0.623046875,0.630859375,0.681640625,0.708984375,0.991592
0.314453125,0.689453125,0.220703125,0.318359375,0.666015625,0.564453125,0.681640625,0.400390625,0.158203125,0.763671875,0.029296875,0.642578125,0.623046875,0.630859375,0.681640625,0.708984375,1.0500067
0.314453125,0.689453125,0.220703125,0.283203125,0.724609375,0.564453125,0.681640625,0.400390625,0.158203125,0.763671875,0.029296875,0.642578125,0.623046875,0.630859375,0.681640625,0.708984375,1.0492281
0.314453125,0.689453125,0.220703125,0.283203125,0.666015625,0.345703125,0.681640625,0.400390625,0.158203125,0.763671875,0.029296875,0.642578125,0.623046875,0.630859375,0.681640625,0.708984375,1.0482386
0.314453125,0.689453125,0.220703125,0.283203125,0.666015625,0.564453125,0.958984375,0.400390625,0.158203125,0.763671875,0.029296875,0.642578125,0.623046875,0.630859375,0.681640625,0.708984375,0.99221295
0.314453125,0.689453125,0.220703125,0.283203125,0.666015625,0.564453125,0.681640625,0.771484375,0.158203125,0.763671875,0.029296875,0.642578125,0.623046875,0.630859375,0.681640625,0.708984375,1.0481786
0.314453125,0.689453125,0.220703125,0.283203125,0.666015625,0.564453125,0.681640625,0.400390625,0.123046875,0.763671875,0.029296875,0.642578125,0.623046875,0.630859375,0.681640625,0.708984375,1.0438751
0.314453125,0.689453125,0.220703125,0.283203125,0.666015625,0.564453125,0.681640625,0.400390625,0.158203125,0.947265625,0.029296875,0.642578125,0.623046875,0.630859375,0.681640625,0.708984375,1.0482405
0.314453125,0.689453125,0.220703125,0.283203125,0.666015625,0.564453125,0.681640625,0.400390625,0.158203125,0.763671875,0.591796875,0.642578125,0.623046875,0.630859375,0.681640625,0.708984375,0.9626834
0.314453125,0.689453125,0.220703125,0.283203125,0.666015625,0.564453125,0.681640625,0.400390625,0.158203125,0.763671875,0.029296875,0.650390625,0.623046875,0.630859375,0.681640625,0.708984375,1.0483022
0.314453125,0.689453125,0.220703125,0.283203125,0.666015625,0.564453125,0.681640625,0.400390625,0.158203125,0.763671875,0.029296875,0.642578125,0.650390625,0.630859375,0.681640625,0.708984375,1.0483233
0.314453125,0.689453125,0.220703125,0.283203125,0.666015625,0.564453125,0.681640625,0.400390625,0.158203125,0.763671875,0.029296875,0.642578125,0.623046875,0.232421875,0.681640625,0.708984375,0.9642783
0.314453125,0.689453125,0.220703125,0.283203125,0.666015625,0.564453125,0.681640625,0.400390625,0.158203125,0.763671875,0.029296875,0.642578125,0.623046875,0.630859375,0.884765625,0.708984375,1.0377828
0.314453125,0.689453125,0.220703125,0.283203125,0.666015625,0.564453125,0.681640625,0.400390625,0.158203125,0.763671875,0.029296875,0.642578125,0.623046875,0.630859375,0.681640625,0.775390625,1.0482386
0.248046875,0.443359375,0.966796875,0.318359375,0.724609375,0.345703125,0.958984375,0.771484375,0.123046875,0.947265625,0.591796875,0.650390625,0.650390625,0.232421875,0.884765625,0.775390625,0.7125092
0.439453125,0.064453125,0.345703125,0.408203125,0.541015625,0.939453125,0.056640625,0.775390625,0.533203125,0.138671875,0.654296875,0.517578125,0.248046875,0.755859375,0.556640625,0.583984375,0.6723557
0.123046875,0.064453125,0.345703125,0.408203125,0.541015625,0.939453125,0.056640625,0.775390625,0.533203125,0.138671875,0.654296875,0.517578125,0.248046875,0.755859375,0.556640625,0.583984375,0.6723557
0.439453125,0.318359375,0.345703125,0.408203125,0.541015625,0.939453125,0.056640625,0.775390625,0.533203125,0.138671875,0.654296875,0.517578125,0.248046875,0.755859375,0.556640625,0.583984375,0.69721043
0.439453125,0.064453125,0.341796875,0.408203125,0.541015625,0.939453125,0.056640625,0.775390625,0.533203125,0.138671875,0.654296875,0.517578125,0.248046875,0.755859375,0.556640625,0.583984375,0.6725628
0.439453125,0.064453125,0.345703125,0.693359375,0.541015625,0.939453125,0.056640625,0.775390625,0.533203125,0.138671875,0.654296875,0.517578125,0.248046875,0.755859375,0.556640625,0.583984375,0.7284702
0.439453125,0.064453125,0.345703125,0.408203125,0.349609375,0.939453125,0.056640625,0.775390625,0.533203125,0.138671875,0.654296875,0.517578125,0.248046875,0.755859375,0.556640625,0.583984375,0.6698628
0.439453125,0.064453125,0.345703125,0.408203125,0.541015625,0.220703125,0.056640625,0.775390625,0.533203125,0.138671875,0.654296875,0.517578125,0.248046875,0.755859375,0.556640625,0.583984375,0.6723557
0.439453125,0.064453125,0.345703125,0.408203125,0.541015625,0.939453125,0.333984375,0.775390625,0.533203125,0.138671875,0.654296875,0.517578125,0.248046875,0.755859375,0.556640625,0.583984375,0.6563705
0.439453125,0.064453125,0.345703125,0.408203125,0.541015625,0.939453125,0.056640625,0.896484375,0.533203125,0.138671875,0.654296875,0.517578125,0.248046875,0.755859375,0.556640625,0.583984375,0.6723538
0.439453125,0.064453125,0.345703125,0.408203125,0.541015625,0.939453125,0.056640625,0.775390625,0.248046875,0.138671875,0.654296875,0.517578125,0.248046875,0.755859375,0.556640625,0.583984375,0.6582015
0.439453125,0.064453125,0.345703125,0.408203125,0.541015625,0.939453125,0.056640625,0.775390625,0.533203125,0.322265625,0.654296875,0.517578125,0.248046875,0.755859375,0.556640625,0.583984375,0.9679146
0.439453125,0.064453125,0.345703125,0.408203125,0.541015625,0.939453125,0.056640625,0.775390625,0.533203125,0.138671875,0.216796875,0.517578125,0.248046875,0.755859375,0.556640625,0.583984375,0.7902409
0.439453125,0.064453125,0.345703125,0.408203125,0.541015625,0.939453125,0.056640625,0.775390625,0.533203125,0.138671875,0.654296875,0.275390625,0.248046875,0.755859375,0.556640625,0.583984375,0.6665419
0.439453125,0.064453125,0.345703125,0.408203125,0.541015625,0.939453125,0.056640625,0.775390625,0.533203125,0.138671875,0.654296875,0.517578125,0.275390625,0.755859375,0.556640625,0.583984375,0.67235416
0.439453125,0.064453125,0.345703125,0.408203125,0.541015625,0.939453125,0.056640625,0.775390625,0.533203125,0.138671875,0.654296875,0.517578125,0.248046875,0.357421875,0.556640625,0.583984375,0.57529956
0.439453125,0.064453125,0.345703125,0.408203125,0.541015625,0.939453125,0.056640625,0.775390625,0.533203125,0.138671875,0.654296875,0.517578125,0.248046875,0.755859375,0.259765625,0.583984375,0.6819108
0.439453125,0.064453125,0.345703125,0.408203125,0.541015625,0.939453125,0.056640625,0.775390625,0.533203125,0.138671875,0.654296875,0.517578125,0.248046875,0.755859375,0.556640625,0.150390625,0.6723557
0.123046875,0.318359375,0.341796875,0.693359375,0.349609375,0.220703125,0.333984375,0.896484375,0.248046875,0.322265625,0.216796875,0.275390625,0.275390625,0.357421875,0.259765625,0.150390625,1.0410253
0.939453125,0.564453125,0.845703125,0.908203125,0.041015625,0.439453125,0.556640625,0.275390625,0.033203125,0.638671875,0.154296875,0.017578125,0.748046875,0.255859375,0.056640625,0.083984375,1.0262325
0.623046875,0.564453125,0.845703125,0.908203125,0.041015625,0.439453125,0.556640625,0.275390625,0.033203125,0.638671875,0.154296875,0.017578125,0.748046875,0.255859375,0.056640625,0.083984375,1.0262325
0.939453125,0.818359375,0.845703125,0.908203125,0.041015625,0.439453125,0.556640625,0.275390625,0.033203125,0.638671875,0.154296875,0.017578125,0.748046875,0.255859375,0.056640625,0.083984375,1.0762311
0.939453125,0.564453125,0.841796875,0.908203125,0.041015625,0.439453125,0.556640625,0.275390625,0.033203125,0.638671875,0.154296875,0.017578125,0.748046875,0.255859375,0.056640625,0.083984375,1.0266223
0.939453125,0.564453125,0.845703125,0.193359375,0.041015625,0.439453125,0.556640625,0.275390625,0.033203125,0.638671875,0.154296875,0.017578125,0.748046875,0.255859375,0.056640625,0.083984375,0.90740854
0.939453125,0.564453125,0.845703125,0.908203125,0.849609375,0.439453125,0.556640625,0.275390625,0.033203125,0.638671875,0.154296875,0.017578125,0.748046875,0.255859375,0.056640625,0.083984375,1.0369318
0.939453125,0.564453125,0.845703125,0.908203125,0.041015625,0.720703125,0.556640625,0.275390625,0.033203125,0.638671875,0.154296875,0.017578125,0.748046875,0.255859375,0.056640625,0.083984375,1.0262325
0.939453125,0.564453125,0.845703125,0.908203125,0.041015625,0.439453125,0.833984375,0.275390625,0.033203125,0.638671875,0.154296875,0.017578125,0.748046875,0.255859375,0.056640625,0.083984375,0.9809338
0.939453125,0.564453125,0.845703125,0.908203125,0.041015625,0.439453125,0.556640625,0.396484375,0.033203125,0.638671875,0.154296875,0.017578125,0.748046875,0.255859375,0.056640625,0.083984375,1.0262815
0.939453125,0.564453125,0.845703125,0.908203125,0.041015625,0.439453125,0.556640625,0.275390625,0.748046875,0.638671875,0.154296875,0.017578125,0.748046875,0.255859375,0.056640625,0.083984375,1.0202353
0.939453125,0.564453125,0.845703125,0.908203125,0.041015625,0.439453125,0.556640625,0.275390625,0.033203125,0.822265625,0.154296875,0.017578125,0.748046875,0.255859375,0.056640625,0.083984375,1.0262458
0.939453125,0.564453125,0.845703125,0.908203125,0.041015625,0.439453125,0.556640625,0.275390625,0.033203125,0.638671875,0.716796875,0.017578125,0.748046875,0.255859375,0.056640625,0.083984375,0.85746
0.939453125,0.564453125,0.845703125,0.908203125,0.041015625,0.439453125,0.556640625,0.275390625,0.033203125,0.638671875,0.154296875,0.775390625,0.748046875,0.255859375,0.056640625,0.083984375,1.0465418
0.939453125,0.564453125,0.845703125,0.908203125,0.041015625,0.439453125,0.556640625,0.275390625,0.033203125,0.638671875,0.154296875,0.017578125,0.775390625,0.255859375,0.056640625,0.083984375,1.0262371
0.939453125,0.564453125,0.845703125,0.908203125,0.041015625,0.439453125,0.556640625,0.275390625,0.033203125,0.638671875,0.154296875,0.017578125,0.748046875,0.857421875,0.056640625,0.083984375,1.1738298
0.939453125,0.564453125,0.845703125,0.908203125,0.041015625,0.439453125,0.556640625,0.275390625,0.033203125,0.638671875,0.154296875,0.017578125,0.748046875,0.255859375,0.759765625,0.083984375,1.0032171
0.939453125,0.564453125,0.845703125,0.908203125,0.041015625,0.439453125,0.556640625,0.275390625,0.033203125,0.638671875,0.154296875,0.017578125,0.748046875,0.255859375,0.056640625,0.650390625,1.0262325
0.623046875,0.818359375,0.841796875,0.193359375,0.849609375,0.720703125,0.833984375,0.396484375,0.748046875,0.822265625,0.716796875,0.775390625,0.775390625,0.857421875,0.759765625,0.650390625,0.8933858
0.689453125,0.314453125,0.095703125,0.158203125,0.291015625,0.189453125,0.306640625,0.025390625,0.283203125,0.888671875,0.404296875,0.267578125,0.498046875,0.505859375,0.306640625,0.833984375,1.0132501
0.873046875,0.314453125,0.095703125,0.158203125,0.291015625,0.189453125,0.306640625,0.025390625,0.283203125,0.888671875,0.404296875,0.267578125,0.498046875,0.505859375,0.306640625,0.833984375,1.0132501
0.689453125,0.068359375,0.095703125,0.158203125,0.291015625,0.189453125,0.306640625,0.025390625,0.283203125,0.888671875,0.404296875,0.267578125,0.498046875,0.505859375,0.306640625,0.833984375,0.9891657
0.689453125,0.314453125,0.591796875,0.158203125,0.291015625,0.189453125,0.306640625,0.025390625,0.283203125,0.888671875,0.404296875,0.267578125,0.498046875,0.505859375,0.306640625,0.833984375,0.986656
0.689453125,0.314453125,0.095703125,0.943359375,0.291015625,0.189453125,0.306640625,0.025390625,0.283203125,0.888671875,0.404296875,0.267578125,0.498046875,0.505859375,0.306640625,0.833984375,1.1382537
0.689453125,0.314453125,0.095703125,0.158203125,0.099609375,0.189453125,0.306640625,0.025390625,0.283203125,0.888671875,0.404296875,0.267578125,0.498046875,0.505859375,0.306640625,0.833984375,1.011402
0.689453125,0.314453125,0.095703125,0.158203125,0.291015625,0.970703125,0.306640625,0.025390625,0.283203125,0.888671875,0.404296875,0.267578125,0.498046875,0.505859375,0.306640625,0.833984375,1.0132501
0.689453125,0.314453125,0.095703125,0.158203125,0.291015625,0.189453125,0.083984375,0.025390625,0.283203125,0.888671875,0.404296875,0.267578125,0.498046875,0.505859375,0.306640625,0.833984375,1.0260228
0.689453125,0.314453125,0.095703125,0.158203125,0.291015625,0.189453125,0.306640625,0.646484375,0.283203125,0.888671875,0.404296875,0.267578125,0.498046875,0.505859375,0.306640625,0.833984375,1.0132607
0.689453125,0.314453125,0.095703125,0.158203125,0.291015625,0.189453125,0.306640625,0.025390625,0.498046875,0.888671875,0.404296875,0.267578125,0.498046875,0.505859375,0.306640625,0.833984375,1.0258268
0.689453125,0.314453125,0.095703125,0.158203125,0.291015625,0.189453125,0.306640625,0.025390625,0.283203125,0.572265625,0.404296875,0.267578125,0.498046875,0.505859375,0.306640625,0.833984375,1.0131967
0.689453125,0.314453125,0.095703125,0.158203125,0.291015625,0.189453125,0.306640625,0.025390625,0.283203125,0.888671875,0.466796875,0.267578125,0.498046875,0.505859375,0.306640625,0.833984375,0.99972063
0.689453125,0.314453125,0.095703125,0.158203125,0.291015625,0.189453125,0.306640625,0.025390625,0.283203125,0.888671875,0.404296875,0.525390625,0.498046875,0.505859375,0.306640625,0.833984375,1.01945
0.689453125,0.314453125,0.095703125,0.158203125,0.291015625,0.189453125,0.306640625,0.025390625,0.283203125,0.888671875,0.404296875,0.267578125,0.025390625,0.505859375,0.306640625,0.833984375,1.0134531
0.689453125,0.314453125,0.095703125,0.158203125,0.291015625,0.189453125,0.306640625,0.025390625,0.283203125,0.888671875,0.404296875,0.267578125,0.498046875,0.607421875,0.306640625,0.833984375,1.037859
0.689453125,0.314453125,0.095703125,0.158203125,0.291015625,0.189453125,0.306640625,0.025390625,0.283203125,0.888671875,0.404296875,0.267578125,0.498046875,0.505859375,0.009765625,0.833984375,1.0197251
0.689453125,0.314453125,0.095703125,0.158203125,0.291015625,0.189453125,0.306640625,0.025390625,0.283203125,0.888671875,0.404296875,0.267578125,0.498046875,0.505859375,0.306640625,0.400390625,1.0132502
0.873046875,0.068359375,0.591796875,0.943359375,0.099609375,0.970703125,0.083984375,0.646484375,0.498046875,0.572265625,0.466796875,0.525390625,0.025390625,0.607421875,0.009765625,0.400390625,1.1349908
0.189453125,0.814453125,0.595703125,0.658203125,0.791015625,0.689453125,0.806640625,0.525390625,0.783203125,0.388671875,0.904296875,0.767578125,0.998046875,0.005859375,0.806640625,0.333984375,0.60910445
0.373046875,0.814453125,0.595703125,0.658203125,0.791015625,0.689453125,0.806640625,0.525390625,0.783203125,0.388671875,0.904296875,0.767578125,0.998046875,0.005859375,0.806640625,0.333984375,0.60910445
0.189453125,0.568359375,0.595703125,0.658203125,0.791015625,0.689453125,0.806640625,0.525390625,0.783203125,0.388671875,0.904296875,0.767578125,0.998046875,0.005859375,0.806640625,0.333984375,0.5606497
0.189453125,0.814453125,0.091796875,0.658203125,0.791015625,0.689453125,0.806640625,0.525390625,0.783203125,0.388671875,0.904296875,0.767578125,0.998046875,0.005859375,0.806640625,0.333984375,0.63612705
0.189453125,0.814453125,0.595703125,0.443359375,0.791015625,0.689453125,0.806640625,0.525390625,0.783203125,0.388671875,0.904296875,0.767578125,0.998046875,0.005859375,0.806640625,0.333984375,0.56639653
0.189453125,0.814453125,0.595703125,0.658203125,0.599609375,0.689453125,0.806640625,0.525390625,0.783203125,0.388671875,0.904296875,0.767578125,0.998046875,0.005859375,0.806640625,0.333984375,0.6058702
0.189453125,0.814453125,0.595703125,0.658203125,0.791015625,0.470703125,0.806640625,0.525390625,0.783203125,0.388671875,0.904296875,0.767578125,0.998046875,0.005859375,0.806640625,0.333984375,0.60910445
0.189453125,0.814453125,0.595703125,0.658203125,0.791015625,0.689453125,0.583984375,0.525390625,0.783203125,0.388671875,0.904296875,0.767578125,0.998046875,0.005859375,0.806640625,0.333984375,0.6453851
0.189453125,0.814453125,0.595703125,0.658203125,0.791015625,0.689453125,0.806640625,0.146484375,0.783203125,0.388671875,0.904296875,0.767578125,0.998046875,0.005859375,0.806640625,0.333984375,0.6089625
0.189453125,0.814453125,0.595703125,0.658203125,0.791015625,0.689453125,0.806640625,0.525390625,0.998046875,0.388671875,0.904296875,0.767578125,0.998046875,0.005859375,0.806640625,0.333984375,0.6639673
0.189453125,0.814453125,0.595703125,0.658203125,0.791015625,0.689453125,0.806640625,0.525390625,0.783203125,0.072265625,0.904296875,0.767578125,0.998046875,0.005859375,0.806640625,0.333984375,-0.5076024
0.189453125,0.814453125,0.595703125,0.658203125,0.791015625,0.689453125,0.806640625,0.525390625,0.783203125,0.388671875,0.966796875,0.767578125,0.998046875,0.005859375,0.806640625,0.333984375,0.5518632
0.189453125,0.814453125,0.595703125,0.658203125,0.791015625,0.689453125,0.806640625,0.525390625,0.783203125,0.388671875,0.904296875,0.025390625,0.998046875,0.005859375,0.806640625,0.333984375,0.58930814
0.189453125,0.814453125,0.595703125,0.658203125,0.791015625,0.689453125,0.806640625,0.525390625,0.783203125,0.388671875,0.904296875,0.767578125,0.525390625,0.005859375,0.806640625,0.333984375,0.60877365
0.189453125,0.814453125,0.595703125,0.658203125,0.791015625,0.689453125,0.806640625,0.525390625,0.783203125,0.388671875,0.904296875,0.767578125,0.998046875,0.107421875,0.806640625,0.333984375,0.6222144
0.189453125,0.814453125,0.595703125,0.658203125,0.791015625,0.689453125,0.806640625,0.525390625,0.783203125,0.388671875,0.904296875,0.767578125,0.998046875,0.005859375,0.509765625,0.333984375,0.6223397
0.189453125,0.814453125,0.595703125,0.658203125,0.791015625,0.689453125,0.806640625,0.525390625,0.783203125,0.388671875,0.904296875,0.767578125,0.998046875,0.005859375,0.806640625,0.900390625,0.60910445
0.373046875,0.568359375,0.091796875,0.443359375,0.599609375,0.470703125,0.583984375,0.146484375,0.998046875,0.072265625,0.966796875,0.025390625,0.525390625,0.107421875,0.509765625,0.900390625,-0.5349983
0.126953125,0.126953125,0.033203125,0.970703125,0.478515625,0.501953125,0.119140625,0.837890625,0.595703125,0.826171875,0.966796875,0.955078125,0.685546875,0.568359375,0.244140625,0.521484375,0.75961304
0.685546875,0.126953125,0.033203125,0.970703125,0.478515625,0.501953125,0.119140625,0.837890625,0.595703125,0.826171875,0.966796875,0.955078125,0.685546875,0.568359375,0.244140625,0.521484375,0.75961304
0.126953125,0.380859375,0.033203125,0.970703125,0.478515625,0.501953125,0.119140625,0.837890625,0.595703125,0.826171875,0.966796875,0.955078125,0.685546875,0.568359375,0.244140625,0.521484375,0.7871337
0.126953125,0.126953125,0.279296875,0.970703125,0.478515625,0.501953125,0.119140625,0.837890625,0.595703125,0.826171875,0.966796875,0.955078125,0.685546875,0.568359375,0.244140625,0.521484375,0.7499186
0.126953125,0.126953125,0.033203125,0.755859375,0.478515625,0.501953125,0.119140625,0.837890625,0.595703125,0.826171875,0.966796875,0.955078125,0.685546875,0.568359375,0.244140625,0.521484375,0.7165761
0.126953125,0.126953125,0.033203125,0.970703125,0.287109375,0.501953125,0.119140625,0.837890625,0.595703125,0.826171875,0.966796875,0.955078125,0.685546875,0.568359375,0.244140625,0.521484375,0.75729036
0.126953125,0.126953125,0.033203125,0.970703125,0.478515625,0.658203125,0.119140625,0.837890625,0.595703125,0.826171875,0.966796875,0.955078125,0.685546875,0.568359375,0.244140625,0.521484375,0.75961304
0.126953125,0.126953125,0.033203125,0.970703125,0.478515625,0.501953125,0.021484375,0.837890625,0.595703125,0.826171875,0.966796875,0.955078125,0.685546875,0.568359375,0.244140625,0.521484375,0.7636087
0.126953125,0.126953125,0.033203125,0.970703125,0.478515625,0.501953125,0.119140625,0.958984375,0.595703125,0.826171875,0.966796875,0.955078125,0.685546875,0.568359375,0.244140625,0.521484375,0.75961185
0.126953125,0.126953125,0.033203125,0.970703125,0.478515625,0.501953125,0.119140625,0.837890625,0.685546875,0.826171875,0.966796875,0.955078125,0.685546875,0.568359375,0.244140625,0.521484375,0.73882425
0.126953125,0.126953125,0.033203125,0.970703125,0.478515625,0.501953125,0.119140625,0.837890625,0.595703125,0.634765625,0.966796875,0.955078125,0.685546875,0.568359375,0.244140625,0.521484375,0.7595978
0.126953125,0.126953125,0.033203125,0.970703125,0.478515625,0.501953125,0.119140625,0.837890625,0.595703125,0.826171875,0.779296875,0.955078125,0.685546875,0.568359375,0.244140625,0.521484375,0.94278693
0.126953125,0.126953125,0.033203125,0.970703125,0.478515625,0.501953125,0.119140625,0.837890625,0.595703125,0.826171875,0.966796875,0.837890625,0.685546875,0.568359375,0.244140625,0.521484375,0.7595227
0.126953125,0.126953125,0.033203125,0.970703125,0.478515625,0.501953125,0.119140625,0.837890625,0.595703125,0.826171875,0.966796875,0.955078125,0.837890625,0.568359375,0.244140625,0.521484375,0.759648
0.126953125,0.126953125,0.033203125,0.970703125,0.478515625,0.501953125,0.119140625,0.837890625,0.595703125,0.826171875,0.966796875,0.955078125,0.685546875,0.544921875,0.244140625,0.521484375,0.75393605
0.126953125,0.126953125,0.033203125,0.970703125,0.478515625,0.501953125,0.119140625,0.837890625,0.595703125,0.826171875,0.966796875,0.955078125,0.685546875,0.568359375,0.322265625,0.521484375,0.75753224
0.126953125,0.126953125,0.033203125,0.970703125,0.478515625,0.501953125,0.119140625,0.837890625,0.595703125,0.826171875,0.966796875,0.955078125,0.685546875,0.568359375,0.244140625,0.837890625,0.75961304
0.685546875,0.380859375,0.279296875,0.755859375,0.287109375,0.658203125,0.021484375,0.958984375,0.685546875,0.634765625,0.779296875,0.837890625,0.837890625,0.544921875,0.322265625,0.837890625,0.8906308
0.626953125,0.626953125,0.533203125,0.470703125,0.978515625,0.001953125,0.619140625,0.337890625,0.095703125,0.326171875,0.466796875,0.455078125,0.185546875,0.068359375,0.744140625,0.021484375,0.88644683
0.185546875,0.626953125,0.533203125,0.470703125,0.978515625,0.001953125,0.619140625,0.337890625,0.095703125,0.326171875,0.466796875,0.455078125,0.185546875,0.068359375,0.744140625,0.021484375,0.88644683
0.626953125,0.880859375,0.533203125,0.470703125,0.978515625,0.001953125,0.619140625,0.337890625,0.095703125,0.326171875,0.466796875,0.455078125,0.185546875,0.068359375,0.744140625,0.021484375,0.94020176
0.626953125,0.626953125,0.779296875,0.470703125,0.978515625,0.001953125,0.619140625,0.337890625,0.095703125,0.326171875,0.466796875,0.455078125,0.185546875,0.068359375,0.744140625,0.021484375,0.8665936
0.626953125,0.626953125,0.533203125,0.255859375,0.978515625,0.001953125,0.619140625,0.337890625,0.095703125,0.326171875,0.466796875,0.455078125,0.185546875,0.068359375,0.744140625,0.021484375,0.8693253
0.626953125,0.626953125,0.533203125,0.470703125,0.787109375,0.001953125,0.619140625,0.337890625,0.095703125,0.326171875,0.466796875,0.455078125,0.185546875,0.068359375,0.744140625,0.021484375,0.88259315
0.626953125,0.626953125,0.533203125,0.470703125,0.978515625,0.158203125,0.619140625,0.337890625,0.095703125,0.326171875,0.466796875,0.455078125,0.185546875,0.068359375,0.744140625,0.021484375,0.88644683
0.626953125,0.626953125,0.533203125,0.470703125,0.978515625,0.001953125,0.521484375,0.337890625,0.095703125,0.326171875,0.466796875,0.455078125,0.185546875,0.068359375,0.744140625,0.021484375,0.8990507
0.626953125,0.626953125,0.533203125,0.470703125,0.978515625,0.001953125,0.619140625,0.458984375,0.095703125,0.326171875,0.466796875,0.455078125,0.185546875,0.068359375,0.744140625,0.021484375,0.8866545
0.626953125,0.626953125,0.533203125,0.470703125,0.978515625,0.001953125,0.619140625,0.337890625,0.185546875,0.326171875,0.466796875,0.455078125,0.185546875,0.068359375,0.744140625,0.021484375,0.89728236
0.626953125,0.626953125,0.533203125,0.470703125,0.978515625,0.001953125,0.619140625,0.337890625,0.095703125,0.134765625,0.466796875,0.455078125,0.185546875,0.068359375,0.744140625,0.021484375,0.5658786
0.626953125,0.626953125,0.533203125,0.470703125,0.978515625,0.001953125,0.619140625,0.337890625,0.095703125,0.326171875,0.279296875,0.455078125,0.185546875,0.068359375,0.744140625,0.021484375,0.9151207
0.626953125,0.626953125,0.533203125,0.470703125,0.978515625,0.001953125,0.619140625,0.337890625,0.095703125,0.326171875,0.466796875,0.337890625,0.185546875,0.068359375,0.744140625,0.021484375,0.8836622
0.626953125,0.626953125,0.533203125,0.470703125,0.978515625,0.001953125,0.619140625,0.337890625,0.095703125,0.326171875,0.466796875,0.455078125,0.337890625,0.068359375,0.744140625,0.021484375,0.88643694
0.626953125,0.626953125,0.533203125,0.470703125,0.978515625,0.001953125,0.619140625,0.337890625,0.095703125,0.326171875,0.466796875,0.455078125,0.185546875,0.044921875,0.744140625,0.021484375,0.88342303
0.626953125,0.626953125,0.533203125,0.470703125,0.978515625,0.001953125,0.619140625,0.337890625,0.095703125,0.326171875,0.466796875,0.455078125,0.185546875,0.068359375,0.822265625,0.021484375,0.88242906
0.626953125,0.626953125,0.533203125,0.470703125,0.978515625,0.001953125,0.619140625,0.337890625,0.095703125,0.326171875,0.466796875,0.455078125,0.185546875,0.068359375,0.744140625,0.337890625,0.88644683
0.185546875,0.880859375,0.779296875,0.255859375,0.787109375,0.158203125,0.521484375,0.458984375,0.185546875,0.134765625,0.279296875,0.337890625,0.337890625,0.044921875,0.822265625,0.337890625,0.6212904
0.876953125,0.376953125,0.283203125,0.720703125,0.728515625,0.251953125,0.369140625,0.087890625,0.345703125,0.076171875,0.216796875,0.205078125,0.935546875,0.818359375,0.994140625,0.771484375,0.14099285
0.435546875,0.376953125,0.283203125,0.720703125,0.728515625,0.251953125,0.369140625,0.087890625,0.345703125,0.076171875,0.216796875,0.205078125,0.935546875,0.818359375,0.994140625,0.771484375,0.14099285
0.876953125,0.130859375,0.283203125,0.720703125,0.728515625,0.251953125,0.369140625,0.087890625,0.345703125,0.076171875,0.216796875,0.205078125,0.935546875,0.818359375,0.994140625,0.771484375,0.11432445
0.876953125,0.376953125,0.529296875,0.720703125,0.728515625,0.251953125,0.369140625,0.087890625,0.345703125,0.076171875,0.216796875,0.205078125,0.935546875,0.818359375,0.994140625,0.771484375,0.12667054
0.876953125,0.376953125,0.283203125,0.505859375,0.728515625,0.251953125,0.369140625,0.087890625,0.345703125,0.076171875,0.216796875,0.205078125,0.935546875,0.818359375,0.994140625,0.771484375,0.090120435
0.876953125,0.376953125,0.283203125,0.720703125,0.037109375,0.251953125,0.369140625,0.087890625,0.345703125,0.076171875,0.216796875,0.205078125,0.935546875,0.818359375,0.994140625,0.771484375,0.13250014
0.876953125,0.376953125,0.283203125,0.720703125,0.728515625,0.408203125,0.369140625,0.087890625,0.345703125,0.076171875,0.216796875,0.205078125,0.935546875,0.818359375,0.994140625,0.771484375,0.14099285
0.876953125,0.376953125,0.283203125,0.720703125,0.728515625,0.251953125,0.271484375,0.087890625,0.345703125,0.076171875,0.216796875,0.205078125,0.935546875,0.818359375,0.994140625,0.771484375,0.14848775
0.876953125,0.376953125,0.283203125,0.720703125,0.728515625,0.251953125,0.369140625,0.708984375,0.345703125,0.076171875,0.216796875,0.205078125,0.935546875,0.818359375,0.994140625,0.771484375,0.14099708
0.876953125,0.376953125,0.283203125,0.720703125,0.728515625,0.251953125,0.369140625,0.087890625,0.935546875,0.076171875,0.216796875,0.205078125,0.935546875,0.818359375,0.994140625,0.771484375,0.13184032
0.876953125,0.376953125,0.283203125,0.720703125,0.728515625,0.251953125,0.369140625,0.087890625,0.345703125,0.384765625,0.216796875,0.205078125,0.935546875,0.818359375,0.994140625,0.771484375,1.1758667
0.876953125,0.376953125,0.283203125,0.720703125,0.728515625,0.251953125,0.369140625,0.087890625,0.345703125,0.076171875,0.529296875,0.205078125,0.935546875,0.818359375,0.994140625,0.771484375,0.08865036
0.876953125,0.376953125,0.283203125,0.720703125,0.728515625,0.251953125,0.369140625,0.087890625,0.345703125,0.076171875,0.216796875,0.087890625,0.935546875,0.818359375,0.994140625,0.771484375,0.13543217
0.876953125,0.376953125,0.283203125,0.720703125,0.728515625,0.251953125,0.369140625,0.087890625,0.345703125,0.076171875,0.216796875,0.205078125,0.587890625,0.818359375,0.994140625,0.771484375,0.14066342
0.876953125,0.376953125,0.283203125,0.720703125,0.728515625,0.251953125,0.369140625,0.087890625,0.345703125,0.076171875,0.216796875,0.205078125,0.935546875,0.294921875,0.994140625,0.771484375,0.012963716
0.876953125,0.376953125,0.283203125,0.720703125,0.728515625,0.251953125,0.369140625,0.087890625,0.345703125,0.076171875,0.216796875,0.205078125,0.935546875,0.818359375,0.072265625,0.771484375,0.17709117
0.876953125,0.376953125,0.283203125,0.720703125,0.728515625,0.251953125,0.369140625,0.087890625,0.345703125,0.076171875,0.216796875,0.205078125,0.935546875,0.818359375,0.994140625,0.587890625,0.14099285
0.435546875,0.130859375,0.529296875,0.505859375,0.037109375,0.408203125,0.271484375,0.708984375,0.935546875,0.384765625,0.529296875,0.087890625,0.587890625,0.294921875,0.072265625,0.587890625,0.92369413
0.376953125,0.876953125,0.783203125,0.220703125,0.228515625,0.751953125,0.869140625,0.587890625,0.845703125,0.576171875,0.716796875,0.705078125,0.435546875,0.318359375,0.494140625,0.271484375,0.79004556
0.935546875,0.876953125,0.783203125,0.220703125,0.228515625,0.751953125,0.869140625,0.587890625,0.845703125,0.576171875,0.716796875,0.705078125,0.435546875,0.318359375,0.494140625,0.271484375,0.79004556
0.376953125,0.630859375,0.783203125,0.220703125,0.228515625,0.751953125,0.869140625,0.587890625,0.845703125,0.576171875,0.716796875,0.705078125,0.435546875,0.318359375,0.494140625,0.271484375,0.73795015
0.376953125,0.876953125,0.029296875,0.220703125,0.228515625,0.751953125,0.869140625,0.587890625,0.845703125,0.576171875,0.716796875,0.705078125,0.435546875,0.318359375,0.494140625,0.271484375,0.83485836
0.376953125,0.876953125,0.783203125,0.005859375,0.228515625,0.751953125,0.869140625,0.587890625,0.845703125,0.576171875,0.716796875,0.705078125,0.435546875,0.318359375,0.494140625,0.271484375,0.7868338
0.376953125,0.876953125,0.783203125,0.220703125,0.537109375,0.751953125,0.869140625,0.587890625,0.845703125,0.576171875,0.716796875,0.705078125,0.435546875,0.318359375,0.494140625,0.271484375,0.79379636
0.376953125,0.876953125,0.783203125,0.220703125,0.228515625,0.908203125,0.869140625,0.587890625,0.845703125,0.576171875,0.716796875,0.705078125,0.435546875,0.318359375,0.494140625,0.271484375,0.79004556
0.376953125,0.876953125,0.783203125,0.220703125,0.228515625,0.751953125,0.771484375,0.587890625,0.845703125,0.576171875,0.716796875,0.705078125,0.435546875,0.318359375,0.494140625,0.271484375,0.80967325
0.376953125,0.876953125,0.783203125,0.220703125,0.228515625,0.751953125,0.869140625,0.208984375,0.845703125,0.576171875,0.716796875,0.705078125,0.435546875,0.318359375,0.494140625,0.271484375,0.7900221
0.376953125,0.876953125,0.783203125,0.220703125,0.228515625,0.751953125,0.869140625,0.587890625,0.435546875,0.576171875,0.716796875,0.705078125,0.435546875,0.318359375,0.494140625,0.271484375,0.83250767
0.376953125,0.876953125,0.783203125,0.220703125,0.228515625,0.751953125,0.869140625,0.587890625,0.845703125,0.884765625,0.716796875,0.705078125,0.435546875,0.318359375,0.494140625,0.271484375,0.79009324
0.376953125,0.876953125,0.783203125,0.220703125,0.228515625,0.751953125,0.869140625,0.587890625,0.845703125,0.576171875,0.029296875,0.705078125,0.435546875,0.318359375,0.494140625,0.271484375,0.9616037
0.376953125,0.876953125,0.783203125,0.220703125,0.228515625,0.751953125,0.869140625,0.587890625,0.845703125,0.576171875,0.716796875,0.587890625,0.435546875,0.318359375,0.494140625,0.271484375,0.7890844
0.376953125,0.876953125,0.783203125,0.220703125,0.228515625,0.751953125,0.869140625,0.587890625,0.845703125,0.576171875,0.716796875,0.705078125,0.087890625,0.318359375,0.494140625,0.271484375,0.790091
0.376953125,0.876953125,0.783203125,0.220703125,0.228515625,0.751953125,0.869140625,0.587890625,0.845703125,0.576171875,0.716796875,0.705078125,0.435546875,0.794921875,0.494140625,0.271484375,0.90641534
0.376953125,0.876953125,0.783203125,0.220703125,0.228515625,0.751953125,0.869140625,0.587890625,0.845703125,0.576171875,0.716796875,0.705078125,0.435546875,0.318359375,0.572265625,0.271484375,0.78707516
0.376953125,0.876953125,0.783203125,0.220703125,0.228515625,0.751953125,0.869140625,0.587890625,0.845703125,0.576171875,0.716796875,0.705078125,0.435546875,0.318359375,0.494140625,0.087890625,0.79004556
0.935546875,0.630859375,0.029296875,0.005859375,0.537109375,0.908203125,0.771484375,0.208984375,0.435546875,0.884765625,0.029296875,0.587890625,0.087890625,0.794921875,0.572265625,0.087890625,1.1294578
0.251953125,0.251953125,0.658203125,0.095703125,0.103515625,0.626953125,0.494140625,0.212890625,0.470703125,0.451171875,0.091796875,0.580078125,0.810546875,0.193359375,0.369140625,0.396484375,0.94118214
0.810546875,0.251953125,0.658203125,0.095703125,0.103515625,0.626953125,0.494140625,0.212890625,0.470703125,0.451171875,0.091796875,0.580078125,0.810546875,0.193359375,0.369140625,0.396484375,0.94118214
0.251953125,0.505859375,0.658203125,0.095703125,0.103515625,0.626953125,0.494140625,0.212890625,0.470703125,0.451171875,0.091796875,0.580078125,0.810546875,0.193359375,0.369140625,0.396484375,0.9744437
0.251953125,0.251953125,0.654296875,0.095703125,0.103515625,0.626953125,0.494140625,0.212890625,0.470703125,0.451171875,0.091796875,0.580078125,0.810546875,0.193359375,0.369140625,0.396484375,0.9414967
0.251953125,0.251953125,0.658203125,0.880859375,0.103515625,0.626953125,0.494140625,0.212890625,0.470703125,0.451171875,0.091796875,0.580078125,0.810546875,0.193359375,0.369140625,0.396484375,1.0568208
0.251953125,0.251953125,0.658203125,0.095703125,0.412109375,0.626953125,0.494140625,0.212890625,0.470703125,0.451171875,0.091796875,0.580078125,0.810546875,0.193359375,0.369140625,0.396484375,0.9444131
0.251953125,0.251953125,0.658203125,0.095703125,0.103515625,0.533203125,0.494140625,0.212890625,0.470703125,0.451171875,0.091796875,0.580078125,0.810546875,0.193359375,0.369140625,0.396484375,0.94118214
0.251953125,0.251953125,0.658203125,0.095703125,0.103515625,0.626953125,0.396484375,0.212890625,0.470703125,0.451171875,0.091796875,0.580078125,0.810546875,0.193359375,0.369140625,0.396484375,0.95101124
0.251953125,0.251953125,0.658203125,0.095703125,0.103515625,0.626953125,0.494140625,0.083984375,0.470703125,0.451171875,0.091796875,0.580078125,0.810546875,0.193359375,0.369140625,0.396484375,0.9411793
0.251953125,0.251953125,0.658203125,0.095703125,0.103515625,0.626953125,0.494140625,0.212890625,0.310546875,0.451171875,0.091796875,0.580078125,0.810546875,0.193359375,0.369140625,0.396484375,0.93091303
0.251953125,0.251953125,0.658203125,0.095703125,0.103515625,0.626953125,0.494140625,0.212890625,0.470703125,0.259765625,0.091796875,0.580078125,0.810546875,0.193359375,0.369140625,0.396484375,0.9146414
0.251953125,0.251953125,0.658203125,0.095703125,0.103515625,0.626953125,0.494140625,0.212890625,0.470703125,0.451171875,0.654296875,0.580078125,0.810546875,0.193359375,0.369140625,0.396484375,0.8190126
0.251953125,0.251953125,0.658203125,0.095703125,0.103515625,0.626953125,0.494140625,0.212890625,0.470703125,0.451171875,0.091796875,0.462890625,0.810546875,0.193359375,0.369140625,0.396484375,0.9394283
0.251953125,0.251953125,0.658203125,0.095703125,0.103515625,0.626953125,0.494140625,0.212890625,0.470703125,0.451171875,0.091796875,0.580078125,0.962890625,0.193359375,0.369140625,0.396484375,0.94118905
0.251953125,0.251953125,0.658203125,0.095703125,0.103515625,0.626953125,0.494140625,0.212890625,0.470703125,0.451171875,0.091796875,0.580078125,0.810546875,0.669921875,0.369140625,0.396484375,1.041875
0.251953125,0.251953125,0.658203125,0.095703125,0.103515625,0.626953125,0.494140625,0.212890625,0.470703125,0.451171875,0.091796875,0.580078125,0.810546875,0.193359375,0.197265625,0.396484375,0.94576544
0.251953125,0.251953125,0.658203125,0.095703125,0.103515625,0.626953125,0.494140625,0.212890625,0.470703125,0.451171875,0.091796875,0.580078125,0.810546875,0.193359375,0.369140625,0.962890625,0.94118214
0.810546875,0.505859375,0.654296875,0.880859375,0.412109375,0.533203125,0.396484375,0.083984375,0.310546875,0.259765625,0.654296875,0.462890625,0.962890625,0.669921875,0.197265625,0.962890625,1.0480038
0.751953125,0.751953125,0.158203125,0.595703125,0.603515625,0.126953125,0.994140625,0.712890625,0.970703125,0.951171875,0.591796875,0.080078125,0.310546875,0.693359375,0.869140625,0.896484375,0.9926775
0.310546875,0.751953125,0.158203125,0.595703125,0.603515625,0.126953125,0.994140625,0.712890625,0.970703125,0.951171875,0.591796875,0.080078125,0.310546875,0.693359375,0.869140625,0.896484375,0.9926775
0.751953125,0.005859375,0.158203125,0.595703125,0.603515625,0.126953125,0.994140625,0.712890625,0.970703125,0.951171875,0.591796875,0.080078125,0.310546875,0.693359375,0.869140625,0.896484375,0.89283735
0.751953125,0.751953125,0.154296875,0.595703125,0.603515625,0.126953125,0.994140625,0.712890625,0.970703125,0.951171875,0.591796875,0.080078125,0.310546875,0.693359375,0.869140625,0.896484375,0.9928308
0.751953125,0.751953125,0.158203125,0.380859375,0.603515625,0.126953125,0.994140625,0.712890625,0.970703125,0.951171875,0.591796875,0.080078125,0.310546875,0.693359375,0.869140625,0.896484375,0.95937407
0.751953125,0.751953125,0.158203125,0.595703125,0.912109375,0.126953125,0.994140625,0.712890625,0.970703125,0.951171875,0.591796875,0.080078125,0.310546875,0.693359375,0.869140625,0.896484375,0.9982212
0.751953125,0.751953125,0.158203125,0.595703125,0.603515625,0.033203125,0.994140625,0.712890625,0.970703125,0.951171875,0.591796875,0.080078125,0.310546875,0.693359375,0.869140625,0.896484375,0.9926775
0.751953125,0.751953125,0.158203125,0.595703125,0.603515625,0.126953125,0.896484375,0.712890625,0.970703125,0.951171875,0.591796875,0.080078125,0.310546875,0.693359375,0.869140625,0.896484375,1.0166303
0.751953125,0.751953125,0.158203125,0.595703125,0.603515625,0.126953125,0.994140625,0.583984375,0.970703125,0.951171875,0.591796875,0.080078125,0.310546875,0.693359375,0.869140625,0.896484375,0.9927018
0.751953125,0.751953125,0.158203125,0.595703125,0.603515625,0.126953125,0.994140625,0.712890625,0.810546875,0.951171875,0.591796875,0.080078125,0.310546875,0.693359375,0.869140625,0.896484375,0.94788086
0.751953125,0.751953125,0.158203125,0.595703125,0.603515625,0.126953125,0.994140625,0.712890625,0.970703125,0.759765625,0.591796875,0.080078125,0.310546875,0.693359375,0.869140625,0.896484375,0.9926756
0.751953125,0.751953125,0.158203125,0.595703125,0.603515625,0.126953125,0.994140625,0.712890625,0.970703125,0.951171875,0.154296875,0.080078125,0.310546875,0.693359375,0.869140625,0.896484375,1.0754472
0.751953125,0.751953125,0.158203125,0.595703125,0.603515625,0.126953125,0.994140625,0.712890625,0.970703125,0.951171875,0.591796875,0.962890625,0.310546875,0.693359375,0.869140625,0.896484375,1.0095526
0.751953125,0.751953125,0.158203125,0.595703125,0.603515625,0.126953125,0.994140625,0.712890625,0.970703125,0.951171875,0.591796875,0.080078125,0.462890625,0.693359375,0.869140625,0.896484375,0.9926083
0.751953125,0.751953125,0.158203125,0.595703125,0.603515625,0.126953125,0.994140625,0.712890625,0.970703125,0.951171875,0.591796875,0.080078125,0.310546875,0.169921875,0.869140625,0.896484375,0.88187736
0.751953125,0.751953125,0.158203125,0.595703125,0.603515625,0.126953125,0.994140625,0.712890625,0.970703125,0.951171875,0.591796875,0.080078125,0.310546875,0.693359375,0.697265625,0.896484375,1.001522
0.751953125,0.751953125,0.158203125,0.595703125,0.603515625,0.126953125,0.994140625,0.712890625,0.970703125,0.951171875,0.591796875,0.080078125,0.310546875,0.693359375,0.869140625,0.462890625,0.9926775
0.310546875,0.005859375,0.154296875,0.380859375,0.912109375,0.033203125,0.896484375,0.583984375,0.810546875,0.759765625,0.154296875,0.962890625,0.462890625,0.169921875,0.697265625,0.462890625,0.8420294
0.501953125,0.001953125,0.908203125,0.345703125,0.853515625,0.376953125,0.244140625,0.962890625,0.720703125,0.701171875,0.841796875,0.330078125,0.560546875,0.443359375,0.619140625,0.146484375,0.6193422
0.060546875,0.001953125,0.908203125,0.345703125,0.853515625,0.376953125,0.244140625,0.962890625,0.720703125,0.701171875,0.841796875,0.330078125,0.560546875,0.443359375,0.619140625,0.146484375,0.6193422
0.501953125,0.755859375,0.908203125,0.345703125,0.853515625,0.376953125,0.244140625,0.962890625,0.720703125,0.701171875,0.841796875,0.330078125,0.560546875,0.443359375,0.619140625,0.146484375,0.7202785
0.501953125,0.001953125,0.404296875,0.345703125,0.853515625,0.376953125,0.244140625,0.962890625,0.720703125,0.701171875,0.841796875,0.330078125,0.560546875,0.443359375,0.619140625,0.146484375,0.6602324
0.501953125,0.001953125,0.908203125,0.630859375,0.853515625,0.376953125,0.244140625,0.962890625,0.720703125,0.701171875,0.841796875,0.330078125,0.560546875,0.443359375,0.619140625,0.146484375,0.66389966
0.501953125,0.001953125,0.908203125,0.345703125,0.162109375,0.376953125,0.244140625,0.962890625,0.720703125,0.701171875,0.841796875,0.330078125,0.560546875,0.443359375,0.619140625,0.146484375,0.6095977
0.501953125,0.001953125,0.908203125,0.345703125,0.853515625,0.283203125,0.244140625,0.962890625,0.720703125,0.701171875,0.841796875,0.330078125,0.560546875,0.443359375,0.619140625,0.146484375,0.6193422
0.501953125,0.001953125,0.908203125,0.345703125,0.853515625,0.376953125,0.146484375,0.962890625,0.720703125,0.701171875,0.841796875,0.330078125,0.560546875,0.443359375,0.619140625,0.146484375,0.62490535
0.501953125,0.001953125,0.908203125,0.345703125,0.853515625,0.376953125,0.244140625,0.333984375,0.720703125,0.701171875,0.841796875,0.330078125,0.560546875,0.443359375,0.619140625,0.146484375,0.6193588
0.501953125,0.001953125,0.908203125,0.345703125,0.853515625,0.376953125,0.244140625,0.962890625,0.060546875,0.701171875,0.841796875,0.330078125,0.560546875,0.443359375,0.619140625,0.146484375,0.62160975
0.501953125,0.001953125,0.908203125,0.345703125,0.853515625,0.376953125,0.244140625,0.962890625,0.720703125,0.509765625,0.841796875,0.330078125,0.560546875,0.443359375,0.619140625,0.146484375,0.6191629
0.501953125,0.001953125,0.908203125,0.345703125,0.853515625,0.376953125,0.244140625,0.962890625,0.720703125,0.701171875,0.904296875,0.330078125,0.560546875,0.443359375,0.619140625,0.146484375,0.55643636
0.501953125,0.001953125,0.908203125,0.345703125,0.853515625,0.376953125,0.244140625,0.962890625,0.720703125,0.701171875,0.841796875,0.712890625,0.560546875,0.443359375,0.619140625,0.146484375,0.6253469
0.501953125,0.001953125,0.908203125,0.345703125,0.853515625,0.376953125,0.244140625,0.962890625,0.720703125,0.701171875,0.841796875,0.330078125,0.712890625,0.443359375,0.619140625,0.146484375,0.6196467
0.501953125,0.001953125,0.908203125,0.345703125,0.853515625,0.376953125,0.244140625,0.962890625,0.720703125,0.701171875,0.841796875,0.330078125,0.560546875,0.419921875,0.619140625,0.146484375,0.61443406
0.501953125,0.001953125,0.908203125,0.345703125,0.853515625,0.376953125,0.244140625,0.962890625,0.720703125,0.701171875,0.841796875,0.330078125,0.560546875,0.443359375,0.447265625,0.146484375,0.6258824
0.501953125,0.001953125,0.908203125,0.345703125,0.853515625,0.376953125,0.244140625,0.962890625,0.720703125,0.701171875,0.841796875,0.330078125,0.560546875,0.443359375,0.619140625,0.712890625,0.6193422
0.060546875,0.755859375,0.404296875,0.630859375,0.162109375,0.283203125,0.146484375,0.333984375,0.060546875,0.509765625,0.904296875,0.712890625,0.712890625,0.419921875,0.447265625,0.712890625,0.7486847
0.001953125,0.501953125,0.408203125,0.845703125,0.353515625,0.876953125,0.744140625,0.462890625,0.220703125,0.201171875,0.341796875,0.830078125,0.060546875,0.943359375,0.119140625,0.646484375,1.1239542
0.560546875,0.501953125,0.408203125,0.845703125,0.353515625,0.876953125,0.744140625,0.462890625,0.220703125,0.201171875,0.341796875,0.830078125,0.060546875,0.943359375,0.119140625,0.646484375,1.1239542
0.001953125,0.255859375,0.408203125,0.845703125,0.353515625,0.876953125,0.744140625,0.462890625,0.220703125,0.201171875,0.341796875,0.830078125,0.060546875,0.943359375,0.119140625,0.646484375,1.0917217
0.001953125,0.501953125,0.904296875,0.845703125,0.353515625,0.876953125,0.744140625,0.462890625,0.220703125,0.201171875,0.341796875,0.830078125,0.060546875,0.943359375,0.119140625,0.646484375,1.0837075
0.001953125,0.501953125,0.408203125,0.130859375,0.353515625,0.876953125,0.744140625,0.462890625,0.220703125,0.201171875,0.341796875,0.830078125,0.060546875,0.943359375,0.119140625,0.646484375,1.0159208
0.001953125,0.501953125,0.408203125,0.845703125,0.662109375,0.876953125,0.744140625,0.462890625,0.220703125,0.201171875,0.341796875,0.830078125,0.060546875,0.943359375,0.119140625,0.646484375,1.1282638
0.001953125,0.501953125,0.408203125,0.845703125,0.353515625,0.783203125,0.744140625,0.462890625,0.220703125,0.201171875,0.341796875,0.830078125,0.060546875,0.943359375,0.119140625,0.646484375,1.1239542
0.001953125,0.501953125,0.408203125,0.845703125,0.353515625,0.876953125,0.646484375,0.462890625,0.220703125,0.201171875,0.341796875,0.830078125,0.060546875,0.943359375,0.119140625,0.646484375,1.1398116
0.001953125,0.501953125,0.408203125,0.845703125,0.353515625,0.876953125,0.744140625,0.833984375,0.220703125,0.201171875,0.341796875,0.830078125,0.060546875,0.943359375,0.119140625,0.646484375,1.1237302
0.001953125,0.501953125,0.408203125,0.845703125,0.353515625,0.876953125,0.744140625,0.462890625,0.560546875,0.201171875,0.341796875,0.830078125,0.060546875,0.943359375,0.119140625,0.646484375,1.1381408
0.001953125,0.501953125,0.408203125,0.845703125,0.353515625,0.876953125,0.744140625,0.462890625,0.220703125,0.009765625,0.341796875,0.830078125,0.060546875,0.943359375,0.119140625,0.646484375,-2.414411
0.001953125,0.501953125,0.408203125,0.845703125,0.353515625,0.876953125,0.744140625,0.462890625,0.220703125,0.201171875,0.404296875,0.830078125,0.060546875,0.943359375,0.119140625,0.646484375,1.1148506
0.001953125,0.501953125,0.408203125,0.845703125,0.353515625,0.876953125,0.744140625,0.462890625,0.220703125,0.201171875,0.341796875,0.212890625,0.060546875,0.943359375,0.119140625,0.646484375,1.1134893
0.001953125,0.501953125,0.408203125,0.845703125,0.353515625,0.876953125,0.744140625,0.462890625,0.220703125,0.201171875,0.341796875,0.830078125,0.212890625,0.943359375,0.119140625,0.646484375,1.1239511
0.001953125,0.501953125,0.408203125,0.845703125,0.353515625,0.876953125,0.744140625,0.462890625,0.220703125,0.201171875,0.341796875,0.830078125,0.060546875,0.919921875,0.119140625,0.646484375,1.1154982
0.001953125,0.501953125,0.408203125,0.845703125,0.353515625,0.876953125,0.744140625,0.462890625,0.220703125,0.201171875,0.341796875,0.830078125,0.060546875,0.943359375,0.947265625,0.646484375,1.0917099
0.001953125,0.501953125,0.408203125,0.845703125,0.353515625,0.876953125,0.744140625,0.462890625,0.220703125,0.201171875,0.341796875,0.830078125,0.060546875,0.943359375,0.119140625,0.212890625,1.1239542
0.560546875,0.255859375,0.904296875,0.130859375,0.662109375,0.783203125,0.646484375,0.833984375,0.560546875,0.009765625,0.404296875,0.212890625,0.212890625,0.919921875,0.947265625,0.212890625,-2.6210663
