S1_Pd_C103,S1_Pd_C301,S1_HX100,S1_T_E110,S1_L_R100,S1_D_R100,S1_F_S220,S1_T_E120,S1_P_V100,S1_Pd_P150,S1_HX150,S1_HX220,S1_T_E220,S1_Rr_D200,S1_Pc_D200,S1_F_S220.1,ST_Pd_C103,ST_Pd_C301,ST_HX100,ST_T_E110,ST_L_R100,ST_D_R100,ST_F_S220,ST_T_E120,ST_P_V100,ST_Pd_P150,ST_HX150,ST_HX220,ST_T_E220,ST_Rr_D200,ST_Pc_D200,ST_F_S220.1
0.007314063535712196,0.018929545028905377,0.007672532396626278,0.05063495722720544,0.0069811509148822925,0.007314063535712196,0.010149783935452681,0.007304863289281892,0.007314063535712196,0.7710714986978273,0.1398517913610738,0.008740783232144955,0.007303500289810735,0.026937166921948082,0.008889009424633191,0.007314063535712196,0.9926859364642878,0.9864917853676184,0.9908711026684434,1.0072284593217888,0.9922644288778327,0.9926859364642878,0.9827840860562058,0.9927401156932663,0.9926859364642878,0.1298687664873498,0.8492513686169001,0.9951274092669964,0.9926913884621724,0.992769760931764,0.9914623036890573,0.9926859364642878
-0.01056177850242907,-0.001369213780131567,-0.006794227058271078,-0.032409047169185475,-0.0123348851890093,-0.01056177850242907,0.0003170734770496309,-0.010601585039228626,-0.01056177850242907,0.7404358942735974,0.1316487900129853,-0.01104872225862364,-0.010518540367629552,-0.0009807568865358982,-0.011788917947215387,-0.01056177850242907,1.010561778502429,0.9906101245708515,1.0091561959616446,0.9715753936248638,1.009390917264842,1.010561778502429,1.0054864450604857,1.0106225177870285,1.010561778502429,0.12884458627366024,0.8472008988740505,1.0126162762250062,1.0105511405486292,1.0058821083098812,1.0049768527574914,1.010561778502429
-0.025824363823010125,-0.014286590823128414,-0.027555283573542314,-0.03302323513570736,-0.026238783863826692,-0.025824363823010125,-0.01663098276006623,-0.025871135638640342,-0.025824363823010125,0.7488869493818245,0.1561774608216578,-0.026512888457752612,-0.02582690182850944,-0.02379649742905819,-0.0260052873578898,-0.025824363823010125,1.0258243638230102,1.0165345385510922,1.0232272590527836,1.0103026473336336,1.025182611003898,1.0258243638230102,1.0202672194961548,1.0258693227775695,1.0258243638230102,0.09711956694729484,0.9273867328154718,1.025609721072211,1.0257536622412435,1.004734625840353,1.025466867619821,1.0258243638230102
0.03331688722135663,0.0387813621799662,0.03469392192003286,0.023859516837995365,0.032022128180777404,0.03331688722135663,0.028438806755763008,0.033258789059279356,0.03331688722135663,0.9586535317890702,0.1774782745332954,0.03368532339204542,0.03333204326363765,0.03934790947475699,0.033154140195910356,0.03331688722135663,0.9666831127786434,0.9585923122076214,0.9651195144166507,0.9623261114809974,0.9658271572479149,0.9666831127786434,0.9590462717597532,0.9666852779275407,0.9666831127786434,0.24590468401276377,0.8553702819619348,0.969023277878464,0.96665388326853,0.9541580872659722,0.9650271347303663,0.9666831127786434
-0.01676887023262805,-0.012161219156234785,-0.01935776854513566,-0.002479682873759795,-0.01728945276892975,-0.01676887023262805,-0.012514996520037977,-0.01675964125792014,-0.01676887023262805,0.7105020236747532,0.04101818399400737,-0.019375201052917266,-0.016819800500460586,0.001826488362175098,-0.015212933459650146,-0.01676887023262805,1.016768870232628,0.9970773145308521,1.0117342936225244,1.012322213492806,1.0167305870782841,1.016768870232628,0.9982794739400268,1.0168854287650502,1.016768870232628,0.09391993701237811,0.7779513753438136,1.0154860427482286,1.0166929875516963,1.015043051962249,1.0181713325743522,1.016768870232628
-0.005564554516771209,0.004540290174015384,-0.0033708450888428306,0.00931854441407344,-0.00467022690721357,-0.005564554516771209,0.003081584602943182,-0.00565351331690658,-0.005564554516771209,0.9210266618407834,0.1062701469075084,-0.005773097277744291,-0.0055353876970546945,-0.006799040161272703,-0.005098614571799883,-0.005564554516771209,1.0055645545167713,0.9935970438018387,1.0060458070420937,1.0084002985637093,1.006094661465119,1.0055645545167713,1.0006291640354905,1.0056072109906067,1.0055645545167713,0.2674183374213872,0.8344592295760687,1.0066677894725484,1.0055266376511398,0.9884819127940548,1.0068285715662357,1.0055645545167713
-0.018679465619309794,-0.010093137484206075,-0.016733832209868092,-0.010936199767096836,-0.019017510034077655,-0.018679465619309794,-0.01089215155547557,-0.018706440880690258,-0.018679465619309794,0.6865706458457141,0.11227859920275549,-0.02051310047517184,-0.018624149260529597,-8.121800399545934e-05,-0.014811759471758699,-0.018679465619309794,1.0186794656193099,0.9999500977461461,1.0173665557457923,1.01358455580845,1.0180696198367083,1.0186794656193099,1.0150664878893514,1.0187620986984753,1.0186794656193099,0.06349741120218333,0.8464028124604768,1.0183106898941086,1.0186972214875603,1.0176516740148136,1.0220261053255117,1.0186794656193099
0.05049612823352163,0.07260389449418676,0.05162717370039527,0.054446442134150314,0.050716300349522146,0.05049612823352163,0.05302597686963083,0.05046629846296671,0.05049612823352163,1.0438505702725462,0.19347732082952399,0.0481765084565613,0.05050926753721843,0.045461289103432306,0.052717025674597844,0.05049612823352163,0.9495038717664783,0.9566417097206887,0.9502446444019252,0.931253734047932,0.9492151622014648,0.9495038717664783,0.9423344284601324,0.9495393833980914,0.9495038717664783,0.36672568141259165,0.8381635429376475,0.9476615283183966,0.9494882466485687,0.9248325208196717,0.9500674413601765,0.9495038717664783
-0.009484377372142885,-0.007481785690829418,-0.007525615211733621,-0.011006931443553176,-0.009484029518802376,-0.009484377372142885,-0.0008983133683457177,-0.009550121653499189,-0.009484377372142885,0.8010379078955985,0.1810206352379755,-0.009115304977862254,-0.009484029518802376,0.01073285877827203,-0.007112365443208279,-0.009484377372142885,1.009484377372143,0.9953514440005805,1.0108810085342887,0.9972322870127156,1.0095911683476793,1.009484377372143,1.005863571950779,1.0094986393591037,1.009484377372143,0.16268377151597968,0.8939407160818105,1.0097223090570515,1.0094822902521,1.0128182037875864,1.0127183698788602,1.009484377372143
-0.04512379436209721,-0.032375333945348,-0.04570157396159976,-0.025414938118402234,-0.04551092038522363,-0.04512379436209721,-0.042264675289440314,-0.04516760703314954,-0.04512379436209721,0.7844523599755668,0.1340217678464619,-0.04519122480113868,-0.04508580056141902,-0.0473822006402476,-0.045754286081459594,-0.04512379436209721,1.0451237943620972,1.0250367115440833,1.0399169322367223,1.0525295049159107,1.0450652633718633,1.0451237943620972,1.0400651422880165,1.0451648687412087,1.0451237943620972,0.16425806282783306,0.9134735635797082,1.0482095070928528,1.0450926462912709,1.0313183532562107,1.041214540330155,1.0451237943620972
-0.0256012420603938,-0.006659798949108787,-0.02454659442728489,-0.038048780169427976,-0.025560092001382487,-0.0256012420603938,-0.021486590901150522,-0.0256335235722044,-0.0256012420603938,1.0670296692254,0.12160883714992238,-0.02744519039436626,-0.025644520570733284,-0.028707007290083852,-0.025215992369994784,-0.0256012420603938,1.0256012420603937,1.0146131120787092,1.0218182745664572,1.0038129952976795,1.0257637138451108,1.0256012420603937,1.0150803071452428,1.0256700619866714,1.0256012420603937,0.42082379115755797,0.8889734681118576,1.0267644407112395,1.0255267462639077,1.0105708282646237,1.0234993963738246,1.0256012420603937
-0.006368334681825373,0.012013639996883414,-0.005233309838556879,-0.008943095940995276,-0.006551779980343949,-0.006368334681825373,-0.009331972491412932,-0.006396504184594143,-0.006368334681825373,0.8116245573281529,0.0647988222887782,-0.008167060492767816,-0.006357341705135121,-0.01371645253821553,-0.0030793734683106757,-0.006368334681825373,1.0063683346818253,0.999746440348035,1.0031188794782913,1.004176953484728,1.005385837390134,1.0063683346818253,0.9901949177262925,1.006454217312218,1.0063683346818253,0.13163897232084998,0.8020999335982614,1.0062611531590955,1.0063068427184643,0.9971380130977512,1.0082409195549054,1.0063683346818253
0.028882049385925104,0.04104580199300308,0.02823248029686096,0.03646637678054293,0.028581596033151392,0.028882049385925104,0.030837392432687995,0.02889679556274835,0.028882049385925104,0.807744142218638,0.13261513621233587,0.027770187653452086,0.028906380577683466,0.05101016232689339,0.02985714032836248,0.028882049385925104,0.9711179506140749,0.9662008379523623,0.9696709820132935,0.9656876709989133,0.9706895741773595,0.9711179506140749,0.9526863355482746,0.9711599772180212,0.9711179506140749,0.11039171983825091,0.8425467722010032,0.9704517920760846,0.9711356460262628,0.9767211291524891,0.9692149564950345,0.9711179506140749
-0.08971224237819264,-0.07541498744593053,-0.08755254773588665,-0.08832939882365615,-0.09009945246440766,-0.08971224237819264,-0.0778559737203748,-0.08979732441507397,-0.08971224237819264,0.6462689076097179,0.0973161329151993,-0.09302314907054599,-0.0896910586873773,-0.08535708391072849,-0.09152605249505456,-0.08971224237819264,1.0897122423781926,1.0802466053199302,1.0877418118587452,1.0735980518664894,1.089036447913821,1.0897122423781926,1.0779927995266247,1.0897344678898677,1.0897122423781926,0.016850330089959065,0.9887250737043568,1.0886224977588719,1.0896556367781451,1.078324445833652,1.08808422364799,1.0897122423781926
0.027237778524151282,0.042029364666657354,0.02848122693502565,0.040985628125695624,0.028515647652281685,0.027237778524151282,0.0348146389101366,0.02719045003792423,0.027237778524151282,0.8058508961160779,0.13063510331732223,0.028706754342880312,0.027267179553474147,0.024794266148110686,0.031104372429246196,0.027237778524151282,0.9727622214758487,0.9601828835153192,0.9719601470539554,0.9765280630731421,0.9744861257317553,0.9727622214758487,0.9607095921991642,0.9728228162801849,0.9727622214758487,0.16860211924631852,0.7943675320188427,0.9746420946068217,0.9727557675913632,0.9500309232196166,0.9740587351591594,0.9727622214758487
-0.03560363178713833,-0.027008122581848253,-0.03106558851442072,-0.03699083270382378,-0.03490668909985609,-0.03560363178713833,-0.021845610217800012,-0.035681382586678655,-0.03560363178713833,0.6497369474985358,0.10835003858711567,-0.03369715403732387,-0.03558111571849317,-0.014952175076655045,-0.035764410589807685,-0.03560363178713833,1.0356036317871384,1.0211465566490823,1.037187848304469,1.0176618432126712,1.0356194633979046,1.0356036317871384,1.0324591220754127,1.035637405890106,1.0356036317871384,0.018761788347344432,0.8930565120760617,1.0386394311049367,1.0356067981092916,1.033597238982711,1.03449823354209,1.0356036317871384
0.0020081002882649606,0.014806661000357454,0.006198869592343904,-0.002044080082140337,0.0016203422743644178,0.0020081002882649606,0.007773545429281474,0.0019495364606495877,0.0020081002882649606,0.8379809132134836,0.12885916965557284,0.003679897503918708,0.0020022802805516314,-0.025261909603020022,0.003745008840211576,0.0020081002882649606,0.9979918997117351,0.991746667684851,0.9978405795111885,0.9859914075573328,0.9978052957144264,0.9979918997117351,0.9910344442409323,0.9980151797425884,0.9979918997117351,0.14631415972258022,0.8650545572782133,0.9994047065841456,0.997956615914973,0.9670491012028574,0.9989194634410469,0.9979918997117351
-0.026201506882647514,-0.018935443895585803,-0.02612881610452791,-0.018327789188171212,-0.026188442641418647,-0.026201506882647514,-0.025099085911257535,-0.026196482174482564,-0.026201506882647514,0.8801737758409319,0.14759075426282517,-0.027162901044874573,-0.026219595832041333,-0.025512786883505067,-0.02785229100510568,-0.026201506882647514,1.0262015068826476,1.0115467780292993,1.0247426666120905,1.0210287373171039,1.026534812524256,1.0262015068826476,1.0094012276428657,1.0262755375829444,1.0262015068826476,0.2512116232950863,0.8918093223807234,1.0267103423294848,1.0261921274274062,1.0155755890359561,1.0255436050935833,1.0262015068826476
-0.042927654455968856,-0.03322120786336664,-0.04173140946278282,-0.02111259628155896,-0.043042717882523146,-0.042927654455968856,-0.0209954596401118,-0.04300263572792766,-0.042927654455968856,0.8980575925468535,0.15271610641113254,-0.046041968760875185,-0.04287513301201615,-0.019385953811613666,-0.04606995716192894,-0.042927654455968856,1.042927654455969,1.028013292052477,1.0436981993244856,1.0524136491982958,1.0423951837643166,1.042927654455969,1.0433685581565193,1.0429590982151773,1.042927654455969,0.2740769480425477,0.932549002487935,1.0421398327966782,1.042936292851356,1.051264397076015,1.0418830996857777,1.042927654455969
0.016217321258884494,0.030716623628926226,0.016542009625557,0.021988706979830176,0.01642233496063356,0.016217321258884494,0.0202172552544732,0.01617565180730948,0.016217321258884494,0.679015618278402,0.12001992539959457,0.014860563915602051,0.016255323798720904,0.022875099553733867,0.018484472780177834,0.016217321258884494,0.9837826787411155,0.977951955721127,0.9809084866492773,0.9764148529914279,0.9835656642373128,0.9837826787411155,0.9773562492414106,0.9838513499973112,0.9837826787411155,0.06844650377342187,0.7611281313288635,0.9843703846861295,0.9837923460538809,0.9741660360288276,0.9848394160330578,0.9837826787411155
-0.033672311888473326,-0.022231938750095145,-0.02747537063244301,-0.03188983030118808,-0.03304336444315488,-0.033672311888473326,-0.01639086764702986,-0.033728318823592944,-0.033672311888473326,0.6640328648221037,0.10325525201161309,-0.03245894425060234,-0.03358708394372608,-0.02039692891931262,-0.03474200956234181,-0.033672311888473326,1.0336723118884734,1.0263548840608885,1.0365123157289489,1.0207277524925968,1.033993395125215,1.0336723118884734,1.0291138343865636,1.0337102296271568,1.0336723118884734,0.04144370897277316,0.8666690238291519,1.037459215588549,1.033735971945162,1.030768647991309,1.0316435389343266,1.0336723118884734
-0.031571306167690855,-0.01082922778173947,-0.027711376747021926,-0.02147706912055773,-0.032118303372980245,-0.031571306167690855,-0.0310674288946684,-0.0316405067041515,-0.031571306167690855,0.8702087037620645,0.10518912287911261,-0.033364956253439534,-0.0314836753376,-0.034367494678645714,-0.02466238024608272,-0.031571306167690855,1.0315713061676908,1.0347931301390871,1.0312068731917574,1.025088015706524,1.031079252101903,1.0315713061676908,1.0142419617758336,1.0316130351344008,1.0315713061676908,0.2330652727241843,0.8727939788019475,1.031027786376294,1.0315747835815834,1.0164873279262174,1.038272630479917,1.0315713061676908
-0.03176880943668542,-0.008075476793683789,-0.034260823139351,-0.010702805081673426,-0.03193463261551755,-0.03176880943668542,-0.030745156393332078,-0.03181869996018686,-0.03176880943668542,0.7112888030810264,0.11464013618542564,-0.031235447437238342,-0.031840953287216284,-0.010840273214774524,-0.02915404351072852,-0.03176880943668542,1.0317688094366855,1.0336499334199305,1.0274692512998236,1.037860119324045,1.0310527548008195,1.0317688094366855,1.016710485530358,1.0318262373774065,1.0317688094366855,0.05586602201903956,0.9090725783875694,1.0311248986513502,1.031722508159479,1.0355260324583624,1.032354215507411,1.0317688094366855
-0.026562372704594887,-0.013349590806001859,-0.026480031676197134,-0.019107556475351905,-0.026899032858676838,-0.026562372704594887,-0.016528579877054347,-0.026626299916515505,-0.026562372704594887,0.8559517455680432,0.14598690032314204,-0.028309600686925267,-0.02650018264517211,-0.013890540093830134,-0.021423180754976477,-0.026562372704594887,1.026562372704595,1.009905859694278,1.026221543384518,1.0241484255935924,1.0257532070710997,1.026562372704595,1.0177188767685763,1.0266280370690133,1.026562372704595,0.25799399308396465,0.8915765904292134,1.0268180815522774,1.0266148347100297,1.0056105764281118,1.0282029395235577,1.026562372704595
0.021563480546622917,0.034623556773662564,0.02175806971406292,0.0432137326517219,0.021235398266129694,0.021563480546622917,0.036441252680765486,0.021500618710317436,0.021563480546622917,0.8952137499563847,0.23560344213380305,0.01844440336544301,0.021561714764704223,0.03055484207660938,0.017887122591903393,0.021563480546622917,0.9784365194533771,0.9698823655264591,0.9773653961414978,0.9823646779097023,0.9779216174458861,0.9784365194533771,0.9775882378196368,0.9784668909023786,0.9784365194533771,0.2305992712196666,0.918757681634531,0.9758429389712003,0.9784315752640047,0.980713671815724,0.9757048548251585,0.9784365194533771
0.02401312820992455,0.0305984060180515,0.02639457664821631,0.04675202343766945,0.02431094921819235,0.02401312820992455,0.04677143032041372,0.023975434072286646,0.02401312820992455,0.8021347043063178,0.13821069046286583,0.023610062183697454,0.024021712023446055,0.04254446197499882,0.021941816686257533,0.02401312820992455,0.9759868717900755,0.9603893362029374,0.9754957283729321,0.9817223520595736,0.9755416331148079,0.9759868717900755,0.9841791887731411,0.9760503173682779,0.9759868717900755,0.1372855915796003,0.8159114387296856,0.9774155169274804,0.9760253123462804,0.9892865578184354,0.9736789455806418,0.9759868717900755
-0.044206988487241416,-0.0247940959845345,-0.04412836725537085,-0.05766190886600265,-0.044264919921251304,-0.044206988487241416,-0.03282759966387022,-0.044248368082962765,-0.044206988487241416,0.7327769907126152,0.08425941472933249,-0.04437492067987723,-0.04420629882731273,-0.025948931535124505,-0.04438354142898584,-0.044206988487241416,1.0442069884872414,1.037873841362089,1.0416349017831952,1.0300668909693276,1.0438156064777102,1.0442069884872414,1.0416876607677399,1.0442631957714297,1.0442069884872414,0.10224566461604234,0.854026711381882,1.0450614771388873,1.0441421604539447,1.0567922476959257,1.0411404156143251,1.0442069884872414
0.04666199330376038,0.06920700897369182,0.04384415730637105,0.04784412771144495,0.04723560282647652,0.04666199330376038,0.047458396090372064,0.04661045157853081,0.04666199330376038,0.7299975310157184,0.22215491716524316,0.0468226039701209,0.046680282303035385,0.05686027182676407,0.04587556633493506,0.04666199330376038,0.9533380066962396,0.949001186177246,0.9488798137275118,0.9502621295454429,0.9539947480338422,0.9533380066962396,0.9410647580736714,0.9533656064587819,0.9533380066962396,0.0643573033362429,0.8602443401683754,0.9552550263475199,0.9533014286976896,0.9428101936590263,0.9514961382056166,0.9533380066962396
0.06333977710507023,0.07205423659615527,0.06761505376104128,0.07045083640018794,0.06366793236331247,0.06333977710507023,0.0738983525614915,0.06332331790716467,0.06333977710507023,0.9180141464477567,0.1901757277651955,0.061759008306223065,0.06335143570358667,0.07331336523593114,0.06042135557643938,0.06333977710507023,0.9366602228949298,0.9264798660903801,0.9348497111253173,0.9274591883657615,0.936361557032935,0.9366602228949298,0.923687631745692,0.9367377182850685,0.9366602228949298,0.26594893694294086,0.8042332884462572,0.9351603784857849,0.9366602228949298,0.9232305461038561,0.9337599750639863,0.9366602228949298
0.023940301992832414,0.02070830959635174,0.025422903115213617,0.06226619733854163,0.0246470120755755,0.023940301992832414,0.03283732782367132,0.023890988387661086,0.023940301992832414,0.856027919852127,0.1890972420978225,0.023583753984219562,0.02393320651007395,0.03356638867710356,0.024870165008329215,0.023940301992832414,0.9760596980071676,0.959720575085113,0.9754026563037338,0.9966628512929215,0.9766890673278434,0.9760596980071676,0.9686488210400891,0.9760934015502702,0.9760596980071676,0.20451428678447314,0.8506470402513038,0.9760916276795807,0.975988743179583,0.9777157836829933,0.9759869693088933,0.9760596980071676
0.06537553367956994,0.07594355587968302,0.06430678856565694,0.09497808262407623,0.06521113902556179,0.06537553367956994,0.07983003255781025,0.06535395013637413,0.06537553367956994,0.7230250156790298,0.14757537876368865,0.06617664285785478,0.06538380737112834,0.07891776813206694,0.06562698195780124,0.06537553367956994,0.9346244663204301,0.9251309448457489,0.9307336729336637,0.942539511336057,0.9349043329305359,0.9346244663204301,0.9404340366973049,0.9346280635776294,0.9346244663204301,0.06027513145778274,0.737851979438503,0.9367536828566977,0.9345935299085161,0.9418218585247959,0.9343981988425939,0.9346244663204301
0.016633808113122452,0.022004525150600016,0.017578023782705163,0.008700827155104821,0.01612279388474372,0.016633808113122452,0.017037257606289026,0.016641000891768856,0.016633808113122452,0.8183288190955963,0.16122467918558944,0.01750184571795005,0.016672060617741975,0.021320230345739693,0.015372783238613961,0.016633808113122452,0.9833661918868776,0.9672801963331591,0.983661749700348,0.9854762915861458,0.9831285032470622,0.9833661918868776,0.9666014595845255,0.9834443316185362,0.9833661918868776,0.19269738362485966,0.8067115483311535,0.9845095167471721,0.9833599799416829,0.9629422969204086,0.982746305145351,0.9833661918868776
-0.0183419155483814,0.005678406517603019,-0.01679699554575116,-0.009719919126892337,-0.01821074962521902,-0.0183419155483814,-0.01064707877900847,-0.018385176077128886,-0.0183419155483814,0.9590757423612006,0.1709180525426526,-0.018274429123535323,-0.0182782360500651,-0.011137480132889978,-0.017492278763780764,-0.0183419155483814,1.0183419155483815,1.012222454193877,1.0184215149212767,1.0132568999572868,1.0181131538723647,1.0183419155483815,1.0130779744103873,1.018348145064521,1.0183419155483815,0.30500590583033627,0.9192188929871504,1.01940024112366,1.0183464146433712,1.0252262230511415,1.0196144672620175,1.0183419155483815
0.036621064287500754,0.041878140720364894,0.03829126060323462,0.04431197908538417,0.035811950169118006,0.036621064287500754,0.05545119245648218,0.03656729176134597,0.036621064287500754,0.7282916548749448,0.18761106972520236,0.03622841657973964,0.03666328835166256,0.03745977133974049,0.03715373709692668,0.036621064287500754,0.9633789357124992,0.9542007955435832,0.9624763512298609,0.9535511945564783,0.9625882269554178,0.9633789357124992,0.9660942678385973,0.9634247686710339,0.9633789357124992,0.04195422000089788,0.8563640299862936,0.9646828292493934,0.9634511135999553,0.9572163876814985,0.9640537989602137,0.9633789357124992
0.0010821274226550995,0.01781370247895331,0.0013328425091973038,0.018951615592228306,0.0011454015150524535,0.0010821274226550995,0.01001432013274826,0.0010692004575416614,0.0010821274226550995,0.816856290620657,0.15656460215745457,0.0003323634460756986,0.0010351821282957722,0.0012120774403743967,0.0013573357062543442,0.0010821274226550995,0.9989178725773449,0.9893447745442592,0.9952891373966859,1.005216026053929,0.9990131238992334,0.9989178725773449,0.9952908383131481,0.9989814868530347,0.9989178725773449,0.22444740401653196,0.8018799675689369,0.9997370339455859,0.9988321463876453,0.998035777299999,0.9978095554105139,0.9989178725773449
0.02494094487149617,0.047566276515566226,0.02468781941905423,0.008194179020020786,0.023910136353067785,0.02494094487149617,0.036407281430653464,0.024915597121043014,0.02494094487149617,0.8779085899642641,0.21809150742873215,0.023515133908506087,0.024939184611048035,0.03460407062758304,0.026995520866560402,0.02494094487149617,0.9750590551285039,0.9656099770429103,0.9728696431831124,0.946974451730585,0.9746042038287055,0.9750590551285039,0.9732980905761887,0.975098484962542,0.9750590551285039,0.2422795290698282,0.873581800553917,0.9736409893114856,0.9750146965652108,0.9730741854471858,0.9769914690484675,0.9750590551285039
-0.04008072465810489,-0.041006259510105246,-0.0396221625465251,-0.06017444831775234,-0.03983645074220752,-0.04008072465810489,-0.04194934697881679,-0.040098642954330896,-0.04008072465810489,0.8190390481817805,0.016796701396926222,-0.03992128838964493,-0.0400675601955715,-0.0467221960062007,-0.03921735532362332,-0.04008072465810489,1.040080724658105,1.0235578614606398,1.0402972069308762,1.0155765403702566,1.0398269430748224,1.040080724658105,1.0271126320241701,1.0401487410478607,1.040080724658105,0.1051208488428681,0.8577079399903156,1.0408983840532344,1.0400832844147085,1.0193675399003583,1.0392978048168828,1.040080724658105
-0.012549906875629166,-0.005312168007311109,-0.013252049785035367,0.003024396870806021,-0.012035048147767334,-0.012549906875629166,0.0009348997383358938,-0.01259413635023743,-0.012549906875629166,0.9081356741687928,0.0675586557519679,-0.010935876595197883,-0.012522263453999,0.022592138414488976,-0.011807335462088847,-0.012549906875629166,1.0125499068756292,0.9969137509732965,1.010088260179463,1.001179130930831,1.0124804527787834,1.0125499068756292,1.0058608899266699,1.012621088686327,1.0125499068756292,0.24999782818102756,0.853454413453079,1.0145426520323937,1.0125312475660289,1.0178132143540126,1.012398559142204,1.0125499068756292
-0.0013809639517142881,0.002444252072179325,0.0019935022123129175,-0.001991112473969051,-0.0014509867636685544,-0.0013809639517142881,0.0048130639821095805,-0.0013936313950828991,-0.0013809639517142881,0.657356704204198,0.11862406080082193,-0.0014661173210255064,-0.0013179786082981389,-0.008131303773476322,0.000727813495732536,-0.0013809639517142881,1.0013809639517144,0.988497470298983,1.0028605917118534,0.9958220675534555,1.0017317817583393,1.0013809639517144,0.9979554761407857,1.0014175587881124,1.0013809639517144,-0.004270475157820641,0.8096222618579618,1.0019003291298274,1.0013661852677842,0.9988566239870916,1.0048251010542688,1.0013809639517144
0.012209229456569593,0.010651753838479567,0.015043923943389579,0.0039030346032797292,0.01275812255348699,0.012209229456569593,0.016290724701518263,0.012167190944165584,0.012209229456569593,0.9723302320169884,0.1461114612060023,0.011792945650812812,0.01225741994639858,0.023539804767282905,0.01471069183286999,0.012209229456569593,0.9877907705434305,0.969592537767301,0.986527906288692,0.9773802576342748,0.9880696601866961,0.9877907705434305,0.973349687091344,0.9878635689429593,0.9877907705434305,0.3087266161848484,0.8415114437679911,0.9875036782635982,0.9878088846991817,0.9853279289142979,0.9892860428342234,0.9877907705434305
0.030702856713495957,0.052137968548994246,0.029512441846444293,0.03994160186820602,0.031016270084797945,0.030702856713495957,0.03649023266960002,0.030695907414797465,0.030702856713495957,0.6931291192251654,0.1032736880919771,0.03301315106580959,0.03067644937844169,0.05705216512363279,0.03502149838967376,0.030702856713495957,0.9692971432865041,0.9733961871238095,0.9655598104464551,0.9651953197297192,0.9691115970112543,0.9692971432865041,0.956579231738394,0.969384704450105,0.9692971432865041,0.02804382163030894,0.7869760375627403,0.972112999119133,0.9692276502995191,0.9696022174993678,0.9713068804701079,0.9692971432865041
0.006134508038647932,0.014129394543793647,0.008883185688181952,0.007594013722534328,0.006386699474240713,0.006134508038647932,0.012981296516564636,0.0060805167782655,0.006134508038647932,0.9005007812657753,0.11274042582911656,0.0054280933544184305,0.006129283077965762,-0.002848244366140222,0.00219349436144252,0.006134508038647932,0.9938654919613521,0.9801433518871228,0.992710078989168,0.9920897019908382,0.9937380029207071,0.9938654919613521,0.9829352225449628,0.9939097299617945,0.9938654919613521,0.22214332750397292,0.8440777124477262,0.9941378865782492,0.9937836342439981,0.9661380189439198,0.9894389052714169,0.9938654919613521
0.011926974660836136,0.0360492875175632,0.01254989856068248,-0.0033348375512812886,0.012597245017051971,0.011926974660836136,0.01320391565575655,0.011884928180925918,0.011926974660836136,0.866682798120387,0.17324518480578607,0.011649609226134275,0.012030500867673901,0.00911410048801892,0.01517374023978569,0.011926974660836136,0.9880730253391639,0.9880147255981119,0.9876059207472201,0.9701919647608745,0.9888807417515568,0.9880730253391639,0.9812162691279227,0.9881041185343916,0.9880730253391639,0.18821047139534097,0.8853290950267877,0.9887291624248217,0.9881620649436796,0.9660675230802698,0.9879391126006263,0.9880730253391639
-0.013702105569506292,-0.008664979916675463,-0.01342415420967383,-0.03385787056790362,-0.013951997706552819,-0.013702105569506292,-0.01661003137563951,-0.0137909047569112,-0.013702105569506292,0.7382830844425988,0.10093863569574019,-0.013106919937941053,-0.013645657015431053,0.008024315687896804,-0.011969696143852173,-0.013702105569506292,1.0137021055695064,0.9996989028568066,1.014176141380337,0.9877975009850254,1.0138681501466984,1.0137021055695064,0.9890383788491706,1.0137268637072585,1.0137021055695064,0.0691375566479212,0.8546020209626969,1.0152661596584447,1.0137611949916085,1.021725722852271,1.01686817622527,1.0137021055695064
-0.06833019510923077,-0.05813389281764561,-0.06920487191554003,-0.038057163138589346,-0.06911307622517318,-0.06833019510923077,-0.05413292704321502,-0.06836998487615786,-0.06833019510923077,0.8809772055343686,0.07191128165655575,-0.06891342932445135,-0.06832565767966892,-0.05820230329411672,-0.06720770484223533,-0.06833019510923077,1.0683301951092308,1.0517619455806217,1.0650416057760121,1.0777994615717887,1.0671808292979075,1.0683301951092308,1.0604518212576695,1.0683975584865721,1.0683301951092308,0.2662854199288309,0.9170488031863964,1.069065258698252,1.0682848208136122,1.0588497595892898,1.066326396408105,1.0683301951092308
-0.05259990287221939,-0.050073742531914135,-0.05296380536680272,-0.04548370496215514,-0.05245145040107638,-0.05259990287221939,-0.04842701322018528,-0.05263974878490148,-0.05259990287221939,0.9569738710417194,0.12481525751022379,-0.053873561603261066,-0.052620354756604884,-0.04866397298410001,-0.050945415949171895,-0.05259990287221939,1.0525999028722195,1.0386545386708805,1.0490331647591278,1.0470443953119863,1.0521954492275614,1.0525999028722195,1.0399063350427515,1.0526633742375537,1.0525999028722195,0.3147875951045055,0.9337719862616044,1.0520357129581366,1.052503637968129,1.045130381028461,1.053116136643605,1.0525999028722195
-0.02180124835585942,-0.01073212958921586,-0.01951434888691277,-0.0399563542562941,-0.022370026621659878,-0.02180124835585942,-0.024501345534774788,-0.021844016170990656,-0.02180124835585942,0.9102276441656746,0.08703341202854073,-0.02199084111112624,-0.02187870187932544,-0.03696597474160609,-0.02199824970902299,-0.02180124835585942,1.0218012483558594,1.0123189165569197,1.0219537981216424,0.9929289320888768,1.0216567806968728,1.0218012483558594,1.0022893587769701,1.021831556256346,1.0218012483558594,0.24842882681101686,0.8538119645559626,1.0237116563498712,1.0217423163271353,0.9910569141021481,1.023406556818305,1.0218012483558594
0.06798273808779771,0.07640883789181312,0.07143643838034454,0.10176192820310462,0.06801449860665532,0.06798273808779771,0.07145727054862748,0.06794073224027639,0.06798273808779771,0.7264776736937726,0.10787429128389203,0.06761322323399216,0.06802713451200726,0.07781688756116648,0.06526055426184195,0.06798273808779771,0.9320172619122022,0.9258823591083547,0.9345143900185112,0.9578146579765446,0.9319062708516784,0.9320172619122022,0.9165959932075405,0.9320855641032939,0.9320172619122022,0.06273834948799106,0.6924418624831232,0.9321620625573165,0.932036386525708,0.9286714790815802,0.9276203083606804,0.9320172619122022
-0.03739323378810698,-0.023647932829098876,-0.03845107999207877,-0.04958914267369774,-0.03735867747877724,-0.03739323378810698,-0.0252794842910247,-0.03743096363604864,-0.03739323378810698,0.8060487015626802,0.16728519683357865,-0.03664851006051084,-0.03729238578332834,-0.03304125450496704,-0.03583643679126183,-0.03739323378810698,1.0373932337881069,1.0337210969987196,1.0331689012802463,1.017104801442132,1.036830459607594,1.0373932337881069,1.0328709412661277,1.0374429525596938,1.0373932337881069,0.18094472674408546,0.9354824461898728,1.0390008074027428,1.037418269481601,1.0205562009902907,1.0368766522251673,1.0373932337881069
0.024665039799711092,0.02818951341711917,0.023024622974640953,0.04262795011372805,0.02453491390810215,0.024665039799711092,0.03451169370411943,0.02460516804639102,0.024665039799711092,0.8936505890771923,0.10361096470495886,0.02644008154987665,0.024692380080128928,0.033376552947530815,0.02484880801365882,0.024665039799711092,0.9753349602002889,0.9590979483475852,0.9732235291771343,0.9799596205448906,0.9750252190487197,0.9753349602002889,0.9688383558458128,0.9753439582672618,0.9753349602002889,0.21483495146178155,0.7863091065043588,0.9777415970360563,0.975282356116447,0.9807445288485318,0.975083360404545,0.9753349602002889
-0.007460707969027113,0.000813776941645385,-0.0029894414291178812,0.0003280137894883333,-0.007512553526395338,-0.007460707969027113,0.00034815760477152857,-0.007469624083988528,-0.007460707969027113,0.7543331450136487,0.10520530204228397,-0.006176787414583458,-0.0074699543104685805,8.684783277681368e-06,-0.0030284081537640625,-0.007460707969027113,1.0074607079690272,0.9968782701892686,1.0080762501278449,0.998898265567749,1.007403578787978,1.0074607079690272,0.9996792511930728,1.0075501993451212,1.0074607079690272,0.09264882024503962,0.8351310286742522,1.0104307649306181,1.0074643404603076,1.0137128859158588,1.012660454123932,1.0074607079690272
-0.030259914185572282,-0.019144419133241473,-0.030831742309706527,-0.023079922411460462,-0.030200320856476327,-0.030259914185572282,-0.030135705617625092,-0.030270292799066522,-0.030259914185572282,0.9637122875351684,0.1969125346800871,-0.03280468325556314,-0.030244513662322767,-0.04199477810772063,-0.029707169318508093,-0.030259914185572282,1.0302599141855724,1.017101171450811,1.0281071888704767,1.0110497701957017,1.0299077109147354,1.0302599141855724,1.0144720342969316,1.0303499737671835,1.0302599141855724,0.3743586596622963,0.9117559009263914,1.03039416657303,1.030260248979556,1.0201280438573084,1.0300463156239812,1.0302599141855724
-0.008018999288331692,0.00296595224734981,-0.0030467169299949275,0.0033899768719862513,-0.008106857190556363,-0.008018999288331692,0.006536578806488355,-0.008044101546110169,-0.008018999288331692,0.5871718151849517,0.11762594216574034,-0.009655395119728646,-0.007984398878961359,-0.0006362217438616859,-0.007173324576956774,-0.008018999288331692,1.0080189992883317,0.9932127378354266,1.01150821311954,1.005388689736787,1.0083948547156094,1.0080189992883317,0.9961123878285404,1.008103804213259,1.0080189992883317,-0.033922802823107334,0.8293465559363254,1.007477604647596,1.00798609497746,1.0059331373548202,1.009913880530907,1.0080189992883317
-0.01803382965840407,0.0001638599464744247,-0.015818506270629487,-0.010626192650378303,-0.01742791172903125,-0.01803382965840407,-0.017378044751754793,-0.018102482140818915,-0.01803382965840407,0.8271731810579581,0.12775296151859067,-0.01918179479967918,-0.017960395411044904,-0.011933322253371414,-0.016444575923696216,-0.01803382965840407,1.0180338296584042,1.0095588344038788,1.0159192648890991,1.012161480752143,1.0187777356618843,1.0180338296584042,0.9992435427550691,1.018070717559403,1.0180338296584042,0.19734326936619728,0.8721128075083295,1.0194106364077287,1.0180457840707648,1.006537442068348,1.01977917386308,1.0180338296584042
0.0304692241011942,0.047114312169034354,0.03133119242914846,0.018064145541809906,0.030783821379645592,0.0304692241011942,0.03221961232199493,0.030417731721537358,0.0304692241011942,0.7882314358188143,0.14339695031409544,0.029988158307687814,0.030474514414172642,0.04146672672078084,0.028697321940947797,0.0304692241011942,0.9695307758988058,0.9622809309931479,0.9697148787904556,0.9459941734577143,0.970545810615603,0.9695307758988058,0.9508291668324791,0.9695586382138256,0.9695307758988058,0.1568448875265258,0.7907368896666337,0.9691953700559726,0.96949621252068,0.9605739233387705,0.9660945412755413,0.9695307758988058
-0.04835919559581103,-0.04067438380996782,-0.047988003613557845,-0.06469270945857826,-0.0485344806985417,-0.04835919559581103,-0.04350632264008909,-0.04842852743157671,-0.04835919559581103,0.6593702285597384,0.11023862313574881,-0.04868309971059326,-0.04828879711641818,-0.016432774095404327,-0.044676075151212635,-0.04835919559581103,1.0483591955958111,1.0390715739862155,1.0446177652995943,1.0264393135097085,1.0480811571569968,1.0483591955958111,1.0338140875479227,1.0483851505907387,1.0483591955958111,-0.021539827918614307,0.9517099054427005,1.0477622307124748,1.048451282495623,1.0660526800832129,1.0487606091475006,1.0483591955958111
-0.014632616585331826,-0.0009711601405836033,-0.010545929248261825,-0.027390308559789783,-0.014844240967850631,-0.014632616585331826,-0.009163623794795286,-0.014726415883959912,-0.014632616585331826,0.855424993462844,0.16274251536107193,-0.01564367428843878,-0.014496360762061553,-0.0064026332116689086,-0.0150598147945222,-0.014632616585331826,1.0146326165853319,1.0060619936534931,1.0160330236578319,0.9874689979433301,1.0145618557109282,1.0146326165853319,1.0060096635184692,1.0146257050580645,1.0146326165853319,0.23625542837728597,0.8716861057999347,1.0153886060202395,1.0147366186146878,1.0144670690512618,1.0135471776840146,1.0146326165853319
-0.027541065042985334,-0.0020471288984338864,-0.0283191061092293,-0.02070018204238871,-0.027414713606261392,-0.027541065042985334,-0.029672147563987037,-0.027548835318505792,-0.027541065042985334,0.7296040411361404,0.09556104516114318,-0.028844782140091483,-0.027504578531845802,-0.01951437043035384,-0.026932280847860878,-0.027541065042985334,1.0275410650429853,1.033783974666573,1.0255160636747411,1.022276196620777,1.0271930918348953,1.0275410650429853,1.0096869989253732,1.0276258623975782,1.0275410650429853,0.08754549747841267,0.8559510842389443,1.0275917407529014,1.027520794759019,1.0206775468919596,1.0272086323859362,1.0275410650429853
-0.06748974079043171,-0.05034492348204867,-0.06392019921230294,-0.06322887044900526,-0.0676339234739724,-0.06748974079043171,-0.05767749707918984,-0.06748191955995662,-0.06748974079043171,0.8263160572067382,0.11282872781264126,-0.0680246449442277,-0.06744145319358553,-0.055041742409086374,-0.06871767397501997,-0.06748974079043171,1.0674897407904318,1.0619553700955622,1.068995157630136,1.0637029050264952,1.0667654268377391,1.0674897407904318,1.0594195911541402,1.067598557910085,1.0674897407904318,0.21752159955261152,0.9368677106795446,1.067321074254969,1.067434652123607,1.0504394583547476,1.0663852470259503,1.0674897407904318
-0.006946237031638452,0.007795744236619673,-0.005278076089933176,-0.004581747566172353,-0.0065466050093061535,-0.006946237031638452,0.0036137364069604673,-0.006999050354455094,-0.006946237031638452,0.8393963436510141,0.16825203789013182,-0.00848186008041534,-0.006904860988922229,0.000464447692250889,-0.006059175042673577,-0.006946237031638452,1.0069462370316384,0.9953057770141411,1.0068237908564457,0.9980288588498145,1.007342505148059,1.0069462370316384,0.9966368745834752,1.0070138515404674,1.0069462370316384,0.22416499494470155,0.878837935408024,1.0067467574110636,1.0069674296388833,0.9929490245322723,1.006671069528046,1.0069462370316384
-0.0023028289207647594,0.005061706806130601,-0.0013041047557192612,0.014997605594579723,-0.0020851492523974485,-0.0023028289207647594,0.007468139715076497,-0.0023548751096474124,-0.0023028289207647594,0.7625352581989289,0.17500200842082844,-0.0034014255023148074,-0.0023446768699339196,0.009896024093764567,-0.004624510941057146,-0.0023028289207647594,1.0023028289207647,0.9903983182041731,1.0027951577345195,0.9947564831962186,1.0020404879957212,1.0023028289207647,0.9903877683010213,1.0023531167924555,1.0023028289207647,0.13360164859760015,0.8948562852800354,1.00195960540489,1.0022230013202489,0.9949098084553593,0.9992208505466595,1.0023028289207647
-0.016725621477083983,0.002468145107677636,-0.01564167452934771,-0.01167305839492915,-0.016853165315666892,-0.016725621477083983,-0.006143347839508235,-0.01677832554261411,-0.016725621477083983,0.8600641317282236,0.22083057533078887,-0.01768518683016916,-0.016699972165192655,0.010760954138624672,-0.01683348913120231,-0.016725621477083983,1.016725621477084,1.0142790987551755,1.01509179544565,0.9992594941603999,1.0167474058241697,1.016725621477084,1.008035072431603,1.0167582979977126,1.016725621477084,0.2581180593747856,0.9526856141723005,1.0154203174541212,1.016754433032907,1.0147847064238278,1.0158461663036047,1.016725621477084
0.011546632649841782,0.03239349895984609,0.010382492544302811,0.03943964853907695,0.011594439030351377,0.011546632649841782,0.016704247731842498,0.011504665216570002,0.011546632649841782,0.6150649632948265,0.20061685328906054,0.009060335929140526,0.011512693769021995,0.018517970717588168,0.007286390771452457,0.011546632649841782,0.9884533673501582,0.9874804527666576,0.9865648328529281,0.9990466773763605,0.9881395239361258,0.9884533673501582,0.982546907284908,0.988499349059656,0.9884533673501582,-0.021666258081376455,0.8845124428988368,0.9870498304078689,0.9883654182073887,0.9772199627330107,0.9822932780142655,0.9884533673501582
0.014697403593273263,0.0153582988624319,0.017344494469531593,0.030307237420055175,0.014602989983393457,0.014697403593273263,0.023942566782284222,0.01465704089759974,0.014697403593273263,0.755174922361488,0.16796649238435962,0.014042124003512683,0.01473460746928538,0.027208084352253394,0.013182223095685461,0.014697403593273263,0.9853025964067267,0.9700132072855964,0.9849098498288252,0.989704236114915,0.9849224851074708,0.9853025964067267,0.9865071596376096,0.9853299728437923,0.9853025964067267,0.07311971338361001,0.867773095224714,0.9858775015851027,0.9853240061844318,0.989940796609558,0.9817524340872686,0.9853025964067267
-0.06256214037634261,-0.03641261063831614,-0.0641174851503487,-0.047483542572717904,-0.06256247834782762,-0.06256214037634261,-0.0548824143225095,-0.06258782620920321,-0.06256214037634261,0.6751092935471058,0.10380094340391575,-0.06423678908455646,-0.06252394959853673,-0.05315200031926937,-0.060405882301992606,-0.06256214037634261,1.0625621403763426,1.0580681335401934,1.0594443534271454,1.0656133469429934,1.0625090788531963,1.0625621403763426,1.054347067490257,1.0625972894107834,1.0625621403763426,0.0327995264778399,0.9451282023951241,1.0620244277436952,1.0625557189181274,1.0600297200391788,1.0617966349627999,1.0625621403763426
-0.015582540704717212,0.0038472655098941923,-0.014729243370915116,-0.0041285446403122065,-0.016555403937838217,-0.015582540704717212,-0.017677029394530423,-0.015613127330124375,-0.015582540704717212,0.8499932377466228,0.24979988161350916,-0.0171813870328189,-0.015541526820648516,-0.009498930426290289,-0.016459125582863398,-0.015582540704717212,1.0155825407047172,1.0117460046678506,1.014347605703903,0.9971318540784238,1.0150622204975068,1.0155825407047172,0.9995940774237003,1.015661787870545,1.0155825407047172,0.2681827079927037,0.9363391982052442,1.0156138224807019,1.0155512589287325,1.0139823040754607,1.015857472758093,1.0155825407047172
0.050157005902255546,0.06785768965815404,0.05307945397214388,0.04525799698206326,0.0501473466908604,0.050157005902255546,0.05509393617088805,0.05014269595944792,0.050157005902255546,0.8666505028829024,0.1596209134092247,0.050885024242593745,0.05022891336486389,0.05583304471690217,0.05441135189896408,0.050157005902255546,0.9498429940977444,0.9453003027534621,0.9507999715230048,0.943131988669536,0.9495997250700148,0.9498429940977444,0.9470461157759931,0.9498905746575799,0.9498429940977444,0.15403630818837843,0.8349148349296815,0.9510174826536807,0.9498819886918952,0.931240426196395,0.9489042618495639,0.9498429940977444
0.024650692332830872,0.03173020889547864,0.025329919735626656,0.02648279552071705,0.024401086026419248,0.024650692332830872,0.029293795702595896,0.024618381985912725,0.024650692332830872,0.9115097103059939,0.18539928401446104,0.023064644863782898,0.02460382457686169,0.03624016523124031,0.02269964446123503,0.024650692332830872,0.9753493076671691,0.9655365487905004,0.9733410953356412,0.960160604145581,0.9752924982659944,0.9753493076671691,0.9694933235823229,0.9753805528378152,0.9753493076671691,0.2187354284736034,0.8901703567219983,0.9735882162307514,0.9752701295642818,0.9719212153650294,0.9741658968289473,0.9753493076671691
-0.04887378664042584,-0.04442950141692557,-0.04973835636725781,-0.04392758800984844,-0.048494963270955475,-0.04887378664042584,-0.03659785184507681,-0.048901895260953954,-0.04887378664042584,0.7091657381217991,0.024652118300996163,-0.049237361542550886,-0.048888483958349035,-0.05022281670930115,-0.04937386288276257,-0.04887378664042584,1.0488737866404259,1.0362368489735883,1.048565877829935,1.034998416222085,1.0491565262939733,1.0488737866404259,1.046161029184752,1.0489548056054774,1.0488737866404259,0.08122148109053484,0.8172278891211494,1.0488934443031481,1.0488363084797216,1.0306044693124716,1.0483704035015564,1.0488737866404259
-0.013818830854201965,-0.012326789869251247,-0.01193630985624461,0.00546779165872654,-0.01344977105773616,-0.013818830854201965,0.0003683755176452687,-0.013825151573836965,-0.013818830854201965,0.645478579020237,0.0665111949870068,-0.013862022438374462,-0.013817075098747798,0.0019489065774859796,-0.013308608319221172,-0.013818830854201965,1.013818830854202,0.9886771150527189,1.014139080649042,1.0169065023958992,1.0139294434478145,1.013818830854202,1.0095354898482174,1.0138866030147329,1.013818830854202,0.004194481756642721,0.8144359437812324,1.0151707625539101,1.0137837157451186,1.0124426697292261,1.014164012376491,1.013818830854202
-0.014315986335504424,-0.005378354668041114,-0.013604672227833632,0.0014819848791113286,-0.013967233525123274,-0.014315986335504424,-0.0009614091761580254,-0.014346435819456483,-0.014315986335504424,0.8147515867344055,0.09194173668041074,-0.014947636095626222,-0.014286599042853017,0.012354220968831087,-0.014642079064804971,-0.014315986335504424,1.0143159863355045,0.9898168980497042,1.0152400927670728,1.0171700943603597,1.014794680548332,1.0143159863355045,1.0139813960757986,1.0143712202831383,1.0143159863355045,0.16141213235140184,0.8432621155333729,1.0173754513451527,1.0143531630310272,1.0285967943090204,1.0129712521488774,1.0143159863355045
-0.03466152632872099,-0.028999601441610273,-0.03530463192423489,-0.037962095885304296,-0.03442074595440484,-0.03466152632872099,-0.029705890539604297,-0.03469772876797987,-0.03466152632872099,0.7414890580589087,0.11404067599202614,-0.03473734653169714,-0.03474417718061391,-0.04715614932727682,-0.036065566213563084,-0.03466152632872099,1.0346615263287209,1.014483789428582,1.0315542641364823,1.025034751277871,1.0353357113768062,1.0346615263287209,1.0300631334779513,1.0347195868445136,1.0346615263287209,0.11177357578125302,0.8658656040895113,1.0374071056608167,1.0345334516615317,1.0113314449534927,1.0321888314208503,1.0346615263287209
0.10376062643134437,0.1034049635489962,0.10476737911924715,0.10084425847694231,0.10389632654154572,0.10376062643134437,0.1034066555703204,0.1037420141967781,0.10376062643134437,0.755357361574678,0.194014735885835,0.10438938155541945,0.1037690865379654,0.11245558561217593,0.10350513121138921,0.10376062643134437,0.8962393735686556,0.8809587289897481,0.8970390228464755,0.8867356281948534,0.8957030028088823,0.8962393735686556,0.8848608685676328,0.896298255910738,0.8962393735686556,0.050534967325164604,0.736204951086836,0.8975046671148972,0.8962018106952583,0.8936245238142272,0.8951547878998394,0.8962393735686556
0.03503964058388221,0.04846081727813506,0.03810022314890411,0.04063865908209812,0.03580110442196454,0.03503964058388221,0.04273661747203221,0.034973033417386216,0.03503964058388221,0.875637143685383,0.19011451256172845,0.034524857558400616,0.035069429718646745,0.04551403590210129,0.035328494778284425,0.03503964058388221,0.9649603594161178,0.9603065602052621,0.9656100303214883,0.9434756990632973,0.9656093609027295,0.9649603594161178,0.9535614967920598,0.9649941650634348,0.9649603594161178,0.24526055356429333,0.8354499204163164,0.9653231843833623,0.964951656972254,0.957436761986485,0.9640516234511096,0.9649603594161178
-0.01584292469170899,0.008082019669440832,-0.014431059834440624,-0.02214334990962981,-0.01579881476873898,-0.01584292469170899,-0.013371032394247993,-0.015870363147729702,-0.01584292469170899,0.7587690013290037,0.11166288579209091,-0.016578900493074714,-0.015800204057651424,0.0051582611532083366,-0.012458616901002239,-0.01584292469170899,1.015842924691709,1.022162799954404,1.017650736889023,0.9945767319867435,1.015437252329276,1.015842924691709,1.0037929273096502,1.0158929390925568,1.015842924691709,0.12506074374603215,0.8415736494151385,1.0145626949588944,1.0158290318025847,1.0203501252458964,1.0188701852319184,1.015842924691709
-0.02728253992421559,-0.015620819965360758,-0.027939747330454227,-0.026760032878925036,-0.0279107795108955,-0.02728253992421559,-0.016972168747775407,-0.027294489149783566,-0.02728253992421559,0.9295397482058311,0.20915678638930982,-0.030739487090805265,-0.027292678661061144,-0.03226971215899506,-0.028385489653914152,-0.02728253992421559,1.0272825399242156,1.0196726937261378,1.0242992166074112,1.0146446044462316,1.0269113897361193,1.0272825399242156,1.01817252277074,1.0273303368264874,1.0272825399242156,0.2776724965639159,0.9833365471649032,1.0255502643146037,1.0272249663828426,1.0073389203535206,1.0255727143747617,1.0272825399242156
0.023152914802415228,0.029206220258891306,0.0209353505419735,0.02177618121176182,0.023480804995332682,0.023152914802415228,0.024761974297010145,0.023087066617431803,0.023152914802415228,0.6880048167470387,0.1531247376886948,0.022642000423543848,0.023118471136423898,0.04376170828722696,0.022564671016563318,0.023152914802415228,0.9768470851975848,0.9679258380228307,0.9747591912091104,0.9544742357212171,0.9765387806186624,0.9768470851975848,0.9627474692191343,0.9768963869155723,0.9768470851975848,0.048027706853415064,0.8139072710296049,0.9760207748967928,0.9768136545805932,0.9825022623971611,0.9764827252406765,0.9768470851975848
-0.01417950371965793,-0.00880100654193868,-0.01712034162927464,-0.004718711330476133,-0.014402832322192985,-0.01417950371965793,-0.014453150186344401,-0.014246364443256387,-0.01417950371965793,0.8764480703320399,0.09635023310412684,-0.01566008964016811,-0.014202594794302758,-0.0314688596992468,-0.016818434444366138,-0.01417950371965793,1.014179503719658,0.9936215544276579,1.0108891979042225,1.0105934942916066,1.0135908536376674,1.014179503719658,1.0020639270321312,1.0141822608628992,1.014179503719658,0.20058341004020197,0.8491937753823601,1.0145255251964251,1.014162960860211,0.9975304942578316,1.0119151998328442,1.014179503719658
0.0469355114855541,0.05968920533340766,0.051054009046527994,0.05084259659058801,0.04784272067668424,0.0469355114855541,0.051598545621894205,0.0468971687938778,0.0469355114855541,0.8158813081987588,0.1631458781357844,0.04914496512242436,0.04682083517833874,0.05683531306212467,0.04772769260165533,0.0469355114855541,0.9530644885144459,0.9429764911576293,0.9554565096465455,0.9421530027061226,0.9539326514782727,0.9530644885144459,0.9424291404397547,0.9531105700980201,0.9530644885144459,0.14081466688271282,0.808625106595118,0.9569388592128202,0.9529628276163317,0.9502141139212984,0.9552904752385527,0.9530644885144459
-0.019362792480596743,-0.006278316038504579,-0.017701659025288724,-0.01623542208928933,-0.019311644680503743,-0.019362792480596743,-0.005169445104462174,-0.019390873625745843,-0.019362792480596743,0.7391513940136428,0.09451193418789966,-0.01955936049664044,-0.01938385333945857,-0.031172585512528016,-0.018786460406346184,-0.019362792480596743,1.0193627924805968,1.0079735480272078,1.0169036864839684,1.013901344048444,1.0194052484976674,1.0193627924805968,1.0094772264900729,1.0194303209486935,1.0193627924805968,0.1326735561506821,0.823753546964136,1.0199414646502765,1.0192635055745338,0.9847731733444998,1.0191538553887136,1.0193627924805968
0.007983764430288177,0.01135531887223311,0.009805935002252023,0.03987713827777365,0.007924673032992186,0.007983764430288177,0.015225247929108393,0.007919098372869922,0.007983764430288177,0.7629540384842962,0.14434255252890912,0.00817999246659185,0.00805066035175534,0.021895886231408833,0.007982277854255574,0.007983764430288177,0.9920162355697119,0.9787266174822439,0.9936481244095025,1.0105021801791456,0.9913996781601895,0.9920162355697119,0.9856901112629672,0.9920311013300379,0.9920162355697119,0.09053385911440037,0.8774309549766275,0.991440187357078,0.992009174333557,0.9769386381590299,0.9895184161909296,0.9920162355697119
-0.012690436575915705,-0.02068744532551033,-0.012948380446917564,0.0011056295928643818,-0.013257987966973495,-0.012690436575915705,-0.011850340717384254,-0.012730868996914545,-0.012690436575915705,0.7575513015689381,0.07363465412795003,-0.011891147512651601,-0.012779163277552049,0.004990511377169583,-0.01113378836746037,-0.012690436575915705,1.0126904365759157,0.9873954647499192,1.0096621231179563,1.0205178537818762,1.0122861123659272,1.0126904365759157,1.0029941430215643,1.0127353614881367,1.0126904365759157,0.05504779646985547,0.8426245607436934,1.0140816113576907,1.012608822985381,1.0249085152029356,1.0143249546322206,1.0126904365759157
0.0028924544861409895,0.013504763089819133,0.0028775560350478156,0.012697054205553494,0.0029896491432726473,0.0028924544861409895,0.0059406066347991535,0.002860883958824502,0.0028924544861409895,0.9985296913910232,0.17675844291855788,0.0018396306088900372,0.0028222189309874556,0.019289264089256894,0.0015359859866101132,0.0028924544861409895,0.997107545513859,0.9956751658587581,0.9962562054513919,0.9742572235122167,0.9975839412238146,0.997107545513859,0.9864317411305219,0.9971426632914357,0.997107545513859,0.3582044971843479,0.8915076788904688,0.9972036759959125,0.9970412119339918,0.9903656416691718,0.9963491434082112,0.997107545513859
-0.03852778447981249,-0.025387602685456933,-0.034955947958782665,-0.05487610196050797,-0.03958560029862641,-0.03852778447981249,-0.029780043594582882,-0.038574385839170645,-0.03852778447981249,0.9584347178940538,0.1124217269767638,-0.0385022062900896,-0.03849905281464431,-0.03767599572342408,-0.03747031904715917,-0.03852778447981249,1.0385277844798124,1.0256437349688465,1.0426753054626876,1.0144681683769055,1.037719443607337,1.0385277844798124,1.0311356876498963,1.0385568665311413,1.0385277844798124,0.3026670924110836,0.9136088112794484,1.0396686418186856,1.038517272894995,1.0222719689455122,1.0362289008801973,1.0385277844798124
-0.0045669113803357055,0.008646335687786407,-0.006449930846551169,-0.006693903155519585,-0.005039498656935471,-0.0045669113803357055,0.012732435574901222,-0.004595880910585174,-0.0045669113803357055,0.7741714079872699,0.16367695133306046,-0.005180856003333481,-0.004550855978028771,0.013227360802536723,-0.004666036038056778,-0.0045669113803357055,1.0045669113803357,0.9981740690182963,1.001574324002517,0.9910667612535984,1.0039561080317023,1.0045669113803357,0.9988005787387517,1.0046297368676238,1.0045669113803357,0.12381989539465221,0.8888818042406292,1.004638462629747,1.0045173490514752,1.0100505293291238,1.0056377369081113,1.0045669113803357
-0.025036195355692084,-0.0073382515632656065,-0.026543322999562004,-0.03889505386993179,-0.024491786128562967,-0.025036195355692084,-0.02050159513969665,-0.025049412640077765,-0.025036195355692084,0.6571375013731818,0.11742541133561171,-0.02752354538751627,-0.02503333756447356,-0.010022431965265739,-0.01766559457921235,-0.025036195355692084,1.0250361953556921,1.018966604031446,1.020522314126031,1.0026871963551152,1.0251240724356618,1.0250361953556921,1.0131817201573456,1.025097280642988,1.0250361953556921,-0.0006672253936046424,0.8940196852706809,1.0238809332556031,1.0250051168761907,1.0252666047726857,1.0292135716693718,1.0250361953556921
0.011670391047944617,0.006766123654291709,0.012902485847460945,0.039148645099302944,0.012301899452058826,0.011670391047944617,0.01605781915312399,0.011658611235101915,0.011670391047944617,0.7493127001599887,0.07668170565020982,0.010382526197001123,0.011672047584125623,0.03511958098794764,0.010007964960518343,0.011670391047944617,0.9883296089520553,0.9652978661296656,0.9865639254426798,1.0133578459917074,0.9884083864504409,0.9883296089520553,0.9816837698534393,0.9884221909186159,0.9883296089520553,0.02947971625418655,0.8328570622200193,0.9871702176849276,0.9883340263818714,0.9892167761067714,0.9844744811397056,0.9883296089520553
-0.003980860603989668,0.001337325873664565,-0.0019007483806932114,0.009344039535396226,-0.0038484929195692005,-0.003980860603989668,0.0052930439492119745,-0.0041067630287597795,-0.003980860603989668,0.8626746052838967,0.18901156355787663,-0.004414033000563591,-0.004012166071770345,0.0009371603289898336,-0.0061314101297926474,-0.003980860603989668,1.0039808606039897,0.9838106116021704,1.0024829620260491,1.0148710800697807,1.0043020819255652,1.0039808606039897,0.9948025738382485,1.0039614648250386,1.0039808606039897,0.24639330418715566,0.8788869335669969,1.0052858222228906,1.0039577217799778,0.991984741461164,1.0010218133450683,1.0039808606039897
0.027678325887392424,0.028491943088103388,0.02594429126718558,0.042630356517280414,0.027239719163644666,0.027678325887392424,0.04119149143378009,0.0276990637939526,0.027678325887392424,0.7813045648692994,0.12902654903763597,0.029238853356045782,0.027679708414496434,0.03205540669869389,0.02741391757875016,0.027678325887392424,0.9723216741126076,0.9533433789240611,0.9692655979491894,0.9757036810407965,0.9719857200263327,0.9723216741126076,0.966064010808074,0.9723959849444482,0.9723216741126076,0.10713759494910557,0.8224564273012768,0.9752211790814964,0.9722822720901433,0.9549775259610032,0.9701587104583811,0.9723216741126076
0.07847599713256653,0.08869177564844491,0.07999794549140157,0.08608036860790322,0.07837646722342606,0.07847599713256653,0.0871064575273154,0.07847420702628703,0.07847599713256653,0.7205198115948531,0.18134230635677834,0.07730168741321135,0.0784956883016411,0.10450951275540582,0.07900264639999686,0.07847599713256653,0.9215240028674334,0.9155980350397606,0.9220914665580365,0.9253276206901254,0.9211953393545164,0.9215240028674334,0.9227473614988471,0.9215866565872162,0.9215240028674334,-0.006298106395104419,0.8006903969158313,0.9213392638993886,0.9215200646336186,0.9279017935200534,0.9197299583541136,0.9215240028674334
-0.06133221668527876,-0.047936649219977735,-0.062139527518412674,-0.0683909371446712,-0.061141068649451534,-0.06133221668527876,-0.059674876329185896,-0.061358644349323054,-0.06133221668527876,0.8386723810042194,0.11102792214322271,-0.06114034460386128,-0.06136660885081585,-0.06686754522277545,-0.06253232225112582,-0.06133221668527876,1.0613322166852788,1.0488837008520309,1.0581102138086456,1.047482672634888,1.0618383245528666,1.0613322166852788,1.0540895886459616,1.061410051586231,1.0613322166852788,0.21253791550331058,0.9107850373315836,1.0635452620318921,1.0612775512432144,1.0448746604187908,1.0616243690809466,1.0613322166852788
-0.017257302458741706,0.0025756869675687415,-0.017448586494979365,0.0025818796162239174,-0.01823333269400473,-0.017257302458741706,-0.003097811308681703,-0.01730615557591032,-0.017257302458741706,0.8893168735598995,0.18733714399114612,-0.018710854712526082,-0.017152715503676513,0.006571321494302879,-0.01476304119485136,-0.017257302458741706,1.0172573024587417,1.0060761312757849,1.0155987047272637,1.0282409969568056,1.0169583351431113,1.0172573024587417,1.0089065157472368,1.0172776005848891,1.0172573024587417,0.26967249994101716,0.9156156399011555,1.0185976668565508,1.0172734721524523,1.0300365210307703,1.017076339503596,1.0172573024587417
0.015576901685038424,0.026621309458335313,0.016207655402050908,0.01337893569306119,0.015267397122911816,0.015576901685038424,0.018933782638996425,0.015550303636730668,0.015576901685038424,0.8898989644984021,0.2143506798436711,0.01417722257149265,0.01562077119328628,0.0167713958544958,0.015465673483024174,0.015576901685038424,0.9844230983149616,0.9743528008822864,0.9839840578032842,0.9729703932286807,0.9844182623061783,0.9844230983149616,0.9763103481518974,0.9844731855487878,0.9844230983149616,0.2773236560708532,0.8517275078827632,0.9834852580402141,0.9843975365542502,0.9726601978081565,0.9834510605495327,0.9844230983149616
-0.0578322410814637,-0.044964265526710415,-0.058222201658547475,-0.06452777013642065,-0.057318925627955465,-0.0578322410814637,-0.06282286828132247,-0.05783296457047499,-0.0578322410814637,0.9194049859009142,-0.014481503014148836,-0.06024616216762328,-0.05784345516113865,-0.050866850625296646,-0.055644772055837,-0.0578322410814637,1.0578322410814638,1.0473159665578993,1.0551802921105906,1.0458382402523454,1.0578720329770845,1.0578322410814638,1.0408863197145903,1.0579002490485248,1.0578322410814638,0.26557668450498473,0.821344664473021,1.0583151699964979,1.0577569982242898,1.041069362434446,1.0578825235677483,1.0578322410814638
0.06638761608896154,0.08176261570535377,0.06813311671074714,0.07479698048327216,0.06686840450011952,0.06638761608896154,0.07239951713656881,0.06635522254352892,0.06638761608896154,0.7804985513656348,0.2113688499966154,0.06559823653447168,0.06639750464493573,0.08464495927948026,0.06630441582490301,0.06638761608896154,0.9336123839110384,0.9275578597773356,0.9339370013347423,0.9273607706272298,0.9346506822883264,0.9336123839110384,0.9305912595685848,0.933621590497635,0.9336123839110384,0.1172848094681137,0.7988115888711381,0.9343001500282765,0.9336307970842317,0.9410741518552724,0.931775499392664,0.9336123839110384
0.02137695491424756,0.030567183921672004,0.0230146547507858,0.023570828848347092,0.021645795226184514,0.02137695491424756,0.02323349418941983,0.02130983045419706,0.02137695491424756,0.7508458600218367,0.1371056885325402,0.021989636848075856,0.02144579173297282,0.044506468477669384,0.02226909378379631,0.02137695491424756,0.9786230450857525,0.9683742359455928,0.9777589888984697,0.9670365413488721,0.9787716778187214,0.9786230450857525,0.9662221435631574,0.9786298945204515,0.9786230450857525,0.0694239460603927,0.8381349749174036,0.9802830055850625,0.9786531825984282,0.9902061241052833,0.9777192621772154,0.9786230450857525
0.01695912435528998,0.02507421404521437,0.01793637144209706,0.032232769668587145,0.016827036406447744,0.01695912435528998,0.03933190269286637,0.016953012316526073,0.01695912435528998,0.9882829664847242,0.13955168142008523,0.016282385841041715,0.016991382337655053,0.015110572186916894,0.014556414005655896,0.01695912435528998,0.98304087564471,0.9740133943904178,0.982566853082798,0.9869868757822309,0.9826106560272727,0.98304087564471,0.9811875696684095,0.9831373100340961,0.98304087564471,0.34406321599528633,0.8222229490350155,0.9830870554931485,0.9830232186438365,0.9628195349520293,0.980308454759534,0.98304087564471
-0.019631931899746043,0.0025357220817904436,-0.01843199152608588,-0.0010528021601205718,-0.019313148093504463,-0.019631931899746043,-0.013167645879713323,-0.019614633553670918,-0.019631931899746043,0.537054968830606,0.16480162184334687,-0.020036501381421403,-0.019601924564717765,-0.024548192459790587,-0.020819869339394895,-0.019631931899746043,1.019631931899746,1.0244634658667695,1.016253105975562,1.0248828625022237,1.0195934519054157,1.019631931899746,1.017462931118408,1.0197445476629698,1.019631931899746,-0.11831964208647161,0.9142045140388684,1.0201265233865062,1.0196298137349205,1.0043956192822707,1.0172641766522794,1.019631931899746
0.04221158206672882,0.0531084248158705,0.04127122079570498,0.04124665653880921,0.041491261181419166,0.04221158206672882,0.051519705552978114,0.04219116951522389,0.04221158206672882,0.8827765807338585,0.16781935281370886,0.04149506691136076,0.04218390403078993,0.05100731591265938,0.041755932400084815,0.04221158206672882,0.9577884179332712,0.9500915021141146,0.9542726154181335,0.9449170932953388,0.9572051033258591,0.9577884179332712,0.9518137679004122,0.9578475797350906,0.9577884179332712,0.19851104301507272,0.8315717303956356,0.958485558463482,0.9577524364865506,0.951630400912317,0.9551133357597773,0.9577884179332712
0.06571164642932534,0.08436711507561785,0.06469646918496394,0.06900308390434487,0.06479294547899757,0.06571164642932534,0.06757117259289835,0.06568408177388715,0.06571164642932534,0.8300080912416209,0.19079316164392707,0.06347673318182447,0.06570475526546579,0.056663185588908004,0.06910318712672563,0.06571164642932534,0.9342883535706746,0.9411015384707564,0.9314165517054179,0.9096832716637518,0.9339075260942261,0.9342883535706746,0.9231239427325423,0.9343188197687906,0.9342883535706746,0.13612872955257482,0.8118922161042872,0.9339314638213172,0.9343075762909144,0.9185768626637467,0.9378246087091254,0.9342883535706746
0.02745212734654044,0.03561835175507423,0.03204426431839593,0.06346817925024834,0.028014291079321938,0.02745212734654044,0.03982617055442347,0.027361952132879754,0.02745212734654044,0.7407906696105359,0.15348451277257985,0.025041729571864322,0.027412407311951804,0.03035813095820088,0.025768498853391518,0.02745212734654044,0.9725478726534595,0.9633049132532392,0.9734782518420222,1.0107141739971954,0.9726305332659818,0.9725478726534595,0.9722304702148999,0.9725317699367344,0.9725478726534595,0.004639692491255065,0.8770916835832322,0.9705031854675185,0.9724684325842823,0.9654476480921289,0.9702008122312356,0.9725478726534595
-0.05871464989977615,-0.040476841645064605,-0.056170196628720206,-0.04634222453749874,-0.05929931099344736,-0.05871464989977615,-0.046920742082024534,-0.05877642669951608,-0.05871464989977615,0.838708728523226,0.13517746767068908,-0.06049423130222897,-0.05868222561261984,-0.05945631280494108,-0.06226016037324754,-0.05871464989977615,1.0587146498997762,1.0589204587961474,1.0580508052837865,1.047291402880464,1.0579709391448961,1.0587146498997762,1.0506730853767245,1.0587631156763677,1.0587146498997762,0.2496122992242844,0.9224933933903872,1.0584293161728007,1.058681884304334,1.0422731471535243,1.0535742058065,1.0587146498997762
-0.016333100476395964,-0.006646368968420292,-0.0144981568630773,-0.04008098395970714,-0.016123078877115803,-0.016333100476395964,-0.014472418921989047,-0.016401734985964644,-0.016333100476395964,0.8190339877663066,0.10696124616768538,-0.016333786821491652,-0.01628608583734142,0.003581202474956581,-0.016257259343322575,-0.016333100476395964,1.016333100476396,1.0039569257109715,1.0176563738208801,0.9928504893725677,1.0164847827425427,1.016333100476396,1.0025234939786296,1.0163646723507975,1.016333100476396,0.1793558466392121,0.8427859386163183,1.0184027741124395,1.0163324141313004,1.0073762969776832,1.017716085844205,1.016333100476396
-0.0464491439034687,-0.03217009904133765,-0.04317838548867856,-0.05276042857647716,-0.04606044026250329,-0.0464491439034687,-0.0371239109989746,-0.04651326339296129,-0.0464491439034687,0.8199436971056957,0.11053762547176743,-0.04620362938152559,-0.04644582165012712,-0.04105945230741584,-0.04940096599746671,-0.0464491439034687,1.0464491439034687,1.0419581218363145,1.0462800412083821,1.0268588126241462,1.0457049591549537,1.0464491439034687,1.0437345306980599,1.046510937815622,1.0464491439034687,0.2068768541209176,0.8866417814412272,1.0466714026520207,1.0464172502713895,1.0310910311559909,1.0427029710354978,1.0464491439034687
0.002403476493990611,0.027975935892244744,0.001973551039364265,0.020326786779032067,0.0025532456072825753,0.002403476493990611,0.017924137803915326,0.0023551979798235537,0.002403476493990611,0.8484745701300808,0.19992673585753354,-2.0316355943821275e-05,0.002380923027518409,0.0013054045951252878,0.004065737452574605,0.002403476493990611,0.9975965235060094,0.9989208348654239,0.9948788307961091,0.9998962722903467,0.9978946521409388,0.9975965235060094,0.9999871909520628,0.9976486783972264,0.9975965235060094,0.2329667020968671,0.8701408937070656,0.9964942228321805,0.997522872342061,0.9925819011950808,0.9974379444448768,0.9975965235060094
-0.005330789963201478,0.006510588984806173,-0.0035141042938321284,0.00420501870244034,-0.005825815485502872,-0.005330789963201478,0.006850044804716502,-0.0053635414794943334,-0.005330789963201478,0.8533290179900949,0.1235256157898753,-0.00683292461150819,-0.005303838194585481,0.001412610776846326,-0.00838111607960173,-0.005330789963201478,1.0053307899632016,0.9905946546011847,1.0040241409277677,1.0133784516072866,1.0040971495161706,1.0053307899632016,1.0037542820799796,1.005408233652769,1.0053307899632016,0.23707233137237638,0.8086330298257542,1.0047733318629668,1.0053430717818113,0.9987412531174045,1.0020672378292697,1.0053307899632016
-0.058605728903412244,-0.03811751734761666,-0.05590439482686207,-0.060157529578763115,-0.05888200565080193,-0.058605728903412244,-0.05143606964357709,-0.05866195608064482,-0.058605728903412244,0.7704112430270784,0.08510642404561643,-0.058989253785152955,-0.05856997952529523,-0.04551763861783718,-0.05453724142489224,-0.058605728903412244,1.0586057289034123,1.0550734820966474,1.0584436419171923,1.0417764488438253,1.0582388639260367,1.0586057289034123,1.0540048186478874,1.0586262067025278,1.0586057289034123,0.16190025969976607,0.8780161834793153,1.0601478113012168,1.0586522378030985,1.0555260761652354,1.0636616627969118,1.0586057289034123
0.05458270320705095,0.058726849077578865,0.05665406640676592,0.05742377460964099,0.05471400428361332,0.05458270320705095,0.0600867023894356,0.05460044659577559,0.05458270320705095,0.8716728513324087,0.12561942456948771,0.05478781678070784,0.05459263950473675,0.0584908620075411,0.05762250056335701,0.05458270320705095,0.9454172967929491,0.9296640065476609,0.9445570973075783,0.931104059976553,0.9451085618291403,0.9454172967929491,0.9399250082471227,0.9455134659598367,0.9454172967929491,0.2036481886714806,0.7486935070606222,0.9468243475188134,0.9453977790653519,0.9357070498795003,0.9480280590098932,0.9454172967929491
-0.02668565996448715,-0.014256083970021668,-0.027985775417447945,-0.026035949491065767,-0.026783238074071014,-0.02668565996448715,-0.02991719693170221,-0.026717607245916743,-0.02668565996448715,0.8051427220176975,0.12150041593444033,-0.026158529820898876,-0.02670093909908391,-0.023260355790340435,-0.027062776786579944,-0.02668565996448715,1.0266856599644871,1.0209799449517738,1.0234197449444293,1.0129754146883658,1.0270749306436455,1.0266856599644871,1.0153631267221688,1.0267193435112119,1.0266856599644871,0.17251987770795518,0.8646514793250085,1.0284420659369966,1.0266116950629165,1.0141914949010444,1.025901562557226,1.0266856599644871
-0.04802291665269322,-0.04339581909497389,-0.04439485944456133,-0.030726551298129758,-0.047471457534393385,-0.04802291665269322,-0.04530396524767508,-0.048115291283761144,-0.04802291665269322,0.8465828580515076,0.14872145276495968,-0.04951938567599359,-0.048015944982423946,-0.03841421210406181,-0.04817594481510386,-0.04802291665269322,1.0480229166526933,1.032152257868197,1.04975049654542,1.060479897089838,1.0488912381847317,1.0480229166526933,1.0357001408682323,1.0480305854899894,1.0480229166526933,0.23224198326456258,0.9169042738138012,1.048024310986747,1.04798736113432,1.0405210508594374,1.0475948560981596,1.0480229166526933
0.02850440827330627,0.04996784121853731,0.029223999352926612,0.03758357958202005,0.02927924354998408,0.02850440827330627,0.04007700516844074,0.028433936509111166,0.02850440827330627,0.8565501164720409,0.2078805454715614,0.02868855559683116,0.02851644867522905,0.04942602313201215,0.031107968124373577,0.02850440827330627,0.9714955917266938,0.9764884631004965,0.9713309215239263,0.9677733368852127,0.9718688441862999,0.9714955917266938,0.9647766933243134,0.9715051532223383,0.9714955917266938,0.19274753855344584,0.8779221916659251,0.9720983200817694,0.9714920504320106,0.9770448004952227,0.9745928080565951,0.9714955917266938
0.020410898498043714,0.02714393875810588,0.020670162927818665,0.014659359293558154,0.020592882184328056,0.020410898498043714,0.023821935185385057,0.020306551687708466,0.020410898498043714,0.7499959614480171,0.0880507802050863,0.01951237630529343,0.020445087214057994,0.023525276847469485,0.02033326162209462,0.020410898498043714,0.9795891015019563,0.9662494480045931,0.979862255097612,0.9606791802214749,0.9796289883373063,0.9795891015019563,0.9628441094365875,0.9795527759911911,0.9795891015019563,0.07125724018278468,0.7975409552426291,0.980708781951424,0.9795609670377362,0.9631963244380263,0.9789391597652265,0.9795891015019563
0.006687406307389281,0.014208375534212456,0.013065371092446015,0.019996413549175408,0.006710266396224609,0.006687406307389281,0.009086009658320049,0.006635544613315102,0.006687406307389281,0.8028524387478172,0.1103473321195771,0.005079352595733987,0.006729714531502427,0.016584118796307896,0.007073639450099612,0.006687406307389281,0.9933125936926107,0.9842726227419833,0.995928538485155,1.0071852556620977,0.9933142996693894,0.9933125936926107,0.979451873560575,0.9933552431120796,0.9933125936926107,0.13651134621415106,0.8145054143622936,0.993382197545184,0.9932849568687949,0.9847990871759074,0.9952481949457871,0.9933125936926107
0.039314475973641586,0.047834959790665016,0.03943316158596142,0.06818231357642085,0.0391073645368455,0.039314475973641586,0.04063044052497256,0.03927110361106578,0.039314475973641586,0.7439102737128488,0.11735278772292042,0.03772785443104299,0.039319183051750584,0.0558185004833973,0.03993681894362463,0.039314475973641586,0.9606855240263584,0.9499873441441917,0.960767561673401,0.9635770148647453,0.9604269709502282,0.9606855240263584,0.9488378084260004,0.9607285601690693,0.9606855240263584,0.10650180996185277,0.7586079710479842,0.9601247092916573,0.9606539193590551,0.9563089500445814,0.9570869628120264,0.9606855240263584
0.030083420688201006,0.040220508111048596,0.028656792115797247,0.004059522390224448,0.030309633363336547,0.030083420688201006,0.029640072893111928,0.030034038788010906,0.030083420688201006,0.8946486575370476,0.15100662257429912,0.02984522564022522,0.030035491196840024,0.030031860174767222,0.03547766707955511,0.030083420688201006,0.969916579311799,0.9562632101136503,0.9678646887384588,0.9425898702941012,0.9701968942158192,0.969916579311799,0.9520777309703319,0.9699013290190932,0.969916579311799,0.1777339519732165,0.8650660966309573,0.97054656164143,0.969796029378982,0.9578314485468933,0.9722633088774507,0.969916579311799
0.05089450093859253,0.06751385071784323,0.05155538736256273,0.05450893302911922,0.04989244697932736,0.05089450093859253,0.05808951647419917,0.050833506349767694,0.05089450093859253,0.7338639822793173,0.2681924155185195,0.047404068836336105,0.05088846850673073,0.06761204530314914,0.05000438210387404,0.05089450093859253,0.9491054990614075,0.944296645462245,0.9485572180321908,0.9449176508089067,0.94801731538056,0.9491054990614075,0.9360623759708921,0.9491202450059585,0.9491054990614075,0.09499793661212286,0.8742607818169889,0.9479683856554587,0.9490619314979611,0.946460612825113,0.9469525911569528,0.9491054990614075
-0.023876515988578387,-0.010151842979086282,-0.022729792352443608,-0.009287918372779038,-0.02383290679239003,-0.023876515988578387,-0.014382265382055408,-0.023930036365718645,-0.023876515988578387,0.6185619384684714,0.09781858007471705,-0.025721977881822084,-0.0238649529441345,-0.005342607608526223,-0.023743375791124535,-0.023876515988578387,1.0238765159885783,1.012356419995487,1.0235477951536738,1.0214697508807589,1.0236974539860475,1.0238765159885783,1.0211291366287119,1.0239300363657187,1.0238765159885783,0.0037553319790795125,0.835159371346951,1.0240007361231755,1.0238547113904841,1.0213306639747337,1.024445087402519,1.0238765159885783
-0.03459923683125453,-0.016704027967249496,-0.031011870392972356,-0.02769364462257704,-0.03523452168428759,-0.03459923683125453,-0.02737124020521323,-0.0346186375347064,-0.03459923683125453,0.5563405464717064,0.11545074202638796,-0.033384752795167456,-0.03457630872717505,-0.030286636823935176,-0.03183939858021031,-0.03459923683125453,1.0345992368312544,1.022188077722999,1.0368571259729895,1.0211884123851336,1.0345442093814639,1.0345992368312544,1.0247076999913027,1.0346923602078235,1.0345992368312544,-0.07247862480557399,0.8925529299976653,1.038388723325499,1.0345724285864846,1.027040370026343,1.0360027895409816,1.0345992368312544
-0.030891174086361585,-0.01265653865837057,-0.02471505683938511,-0.0008843350046304773,-0.030756932610001415,-0.030891174086361585,-0.01833841848987565,-0.030956444378125676,-0.030891174086361585,0.8773977576450347,0.19578010075262225,-0.030985715075978644,-0.03084508114836323,-0.03488511034167878,-0.029731448850738775,-0.030891174086361585,1.0308911740863616,1.0256180746903893,1.031899835605479,1.0389655129113433,1.0311714326071837,1.0308911740863616,1.022320579177091,1.030930201683499,1.0308911740863616,0.27604058627944084,0.9391251812036832,1.0316838380420121,1.030936930579557,1.0190395694591352,1.0302980218988353,1.0308911740863616
0.008416756075937433,0.017748776294801993,0.0066565584800030745,0.023247727899107114,0.008401720414081265,0.008416756075937433,0.00978944365948787,0.008396252900679024,0.008416756075937433,0.7171308789364311,0.1561862156395752,0.009845827391448493,0.008473481527485695,0.014897809775120311,0.010077854991456149,0.008416756075937433,0.9915832439240626,0.9758757613585959,0.9875700890868168,0.9981487023613925,0.991814588084895,0.9915832439240626,0.9759902374204554,0.9916112649302491,0.9915832439240626,0.07398789732471922,0.848299537387377,0.9931828333138061,0.9915664996642682,0.9860234662331575,0.991612290089012,0.9915832439240626
0.06680908326940393,0.07384520363642708,0.06918106327920324,0.044613393377014025,0.06717563708374323,0.06680908326940393,0.0693177501688494,0.06679401002844045,0.06680908326940393,0.7699123980892003,0.18677289721388182,0.06559054876696947,0.06681661988988567,0.07121218249903286,0.06924992058451372,0.06680908326940393,0.9331909167305961,0.9159656280459153,0.9334057104143257,0.8990459150644035,0.9336828525038589,0.9331909167305961,0.9292444681874291,0.9332851244866178,0.9331909167305961,0.11023752242086449,0.7671934248836351,0.9335752843751649,0.9331587148067195,0.9284250319968688,0.9334649756572049,0.9331909167305961
0.011691910664679624,0.023555873695788102,0.011770182381683883,0.02741329234166928,0.01163683056752848,0.011691910664679624,0.017015474528149832,0.011652774806177496,0.011691910664679624,0.6384820364701581,0.09108660938651336,0.011528482218527213,0.01170568068896741,0.026755954866457588,0.013348299638876229,0.011691910664679624,0.9883080893353203,0.9812951609131749,0.9869213029419163,0.9923412569754009,0.9874123130184939,0.9883080893353203,0.9873836858627377,0.988369329706495,0.9883080893353203,-0.04792283759567639,0.8079479488448358,0.9870419718389645,0.9882334413089182,0.988988256061325,0.9907221920144055,0.9883080893353203
0.018437251529299738,0.04503432054536776,0.01873018388089022,0.030158041205706494,0.019406934516545557,0.018437251529299738,0.017529440888392242,0.018400198033752493,0.018437251529299738,0.8480202729884296,0.14964542706848707,0.01801742843352388,0.01856204490581263,0.026921103764503792,0.02307767750467402,0.018437251529299738,0.9815627484707002,0.97924620587644,0.9799991608708623,0.9740695528994668,0.9815201019946931,0.9815627484707002,0.9634407926578676,0.9815945585470663,0.9815627484707002,0.19760376599114848,0.8541826184950778,0.9826261138806505,0.9816193773978574,0.9653728178455055,0.9866048203553556,0.9815627484707002
0.004160257232630528,0.014194789717178042,0.004742431719932734,0.010968720496737867,0.0031533293739592354,0.004160257232630528,0.014502540907786028,0.004129056651094235,0.004160257232630528,0.8218764438018261,0.16279535942916032,0.002263049143986131,0.0041801121481536245,0.009334235486711577,0.007703650549377325,0.004160257232630528,0.9958397427673694,0.9921832473425536,0.9940347182150823,0.9893698767233435,0.9946775211051425,0.9958397427673694,0.9960429010994183,0.9958822890149189,0.9958397427673694,0.1559750433800975,0.8625253306957936,0.9944917358241764,0.9958312335178596,1.001275734995943,0.9960244643921469,0.9958397427673694
0.01584657034014295,0.022545240151543498,0.017091782771070686,0.035771350119301576,0.015258658843090016,0.01584657034014295,0.0180846385934572,0.01583414238130918,0.01584657034014295,0.8436711821519858,0.09526951259380484,0.016698575962413437,0.015791334967548427,0.011326245535438829,0.014059706036710192,0.01584657034014295,0.9841534296598571,0.9751069112921107,0.986603118434424,0.9882701910235424,0.9840036037116944,0.9841534296598571,0.9602375489896655,0.9841910587574371,0.9841534296598571,0.18589596757678273,0.788856341893094,0.9855470871546326,0.9840916350867669,0.967017690975643,0.9829575838431857,0.9841534296598571
0.013946132951238034,0.021013581731981215,0.014268094135711189,0.028468786669543205,0.013696312447103263,0.013946132951238034,0.018987630959144953,0.013945798966606839,0.013946132951238034,0.8239483714832286,0.1719475822775451,0.013107497542304329,0.013964836090585022,0.007702958240287121,0.01971905730146467,0.013946132951238034,0.986053867048762,0.9716454360743259,0.985008829137749,0.9803831419956813,0.9863948653572133,0.986053867048762,0.9729065620417228,0.986157736269064,0.986053867048762,0.21667417920916743,0.8334385878697563,0.9874699618850339,0.9860054392772385,0.9577065874913517,0.9901612100432131,0.986053867048762
-0.057239615859144236,-0.04256451248773507,-0.05759645208347135,-0.04988848578597856,-0.05745838931865718,-0.057239615859144236,-0.046182060777893254,-0.057260885501041324,-0.057239615859144236,0.7632620780209531,0.053488430689467056,-0.05724759197485564,-0.057224992980339985,-0.045543021983395784,-0.05618335024993326,-0.057239615859144236,1.0572396158591442,1.0474373494648557,1.054422337845364,1.0521888355386526,1.0569988131276664,1.0572396158591442,1.0471870513575308,1.0573072229351743,1.0572396158591442,0.07514789470642835,0.9338614497922372,1.0583101245321256,1.0572700010618543,1.0506450773334608,1.0580976180206716,1.0572396158591442
-0.02548608103606588,-0.015952758283830908,-0.025371371136282888,-0.008970955734877039,-0.025265962039185005,-0.02548608103606588,-0.018347542738159275,-0.02550123789970087,-0.02548608103606588,0.7994224330823373,0.10417055313606494,-0.0253255560712044,-0.02552362872097983,-0.015594160669193995,-0.02379023467981465,-0.02548608103606588,1.025486081036066,1.012822521469032,1.0230155122635625,1.0253658595495065,1.0255784001145698,1.025486081036066,1.0209004408381344,1.025569788260232,1.025486081036066,0.17204993823739756,0.8459299515099874,1.0266969077559975,1.0254302762199552,1.0257819843511218,1.025504682641436,1.025486081036066
-0.012886726483998648,-0.005674610128521445,-0.012881502340732489,-0.0037823508069007037,-0.01245722727690232,-0.012886726483998648,-0.01564432782234952,-0.012896055311259645,-0.012886726483998648,0.8971879498453429,0.08830921984203398,-0.013117335093890507,-0.012860792344213074,-0.008718793040330165,-0.010962375996600073,-0.012886726483998648,1.0128867264839987,1.0039383287987045,1.0120790366197414,0.9953655096989383,1.012997366375314,1.0128867264839987,0.997109254090564,1.0129572524180919,1.0128867264839987,0.22829709086705863,0.8650485096184305,1.0138201689397341,1.0129070633274275,0.9921772896942198,1.013311188124374,1.0128867264839987
-0.023032358180973805,-0.01120063888510033,-0.01754823981759457,-0.01042082710756624,-0.022935969429072594,-0.023032358180973805,-0.02021432592052872,-0.023079883190591764,-0.023032358180973805,0.7929780812563502,0.14099786973324221,-0.022175234592018953,-0.02297780482486305,-0.01864867806846671,-0.02204270005815479,-0.023032358180973805,1.0230323581809737,1.0188601978295833,1.0240253631354561,1.01423219900566,1.0233787552581188,1.0230323581809737,1.0102752399302155,1.0230731895272653,1.0230323581809737,0.13801694351104088,0.9105088655144676,1.0241665994316447,1.0230895890024152,1.0157486484322724,1.0240671985312466,1.0230323581809737
-0.023463790271873407,-0.0033850328431616838,-0.021959035235796717,-0.022113846818751927,-0.022926184184018,-0.023463790271873407,-0.013102593168442162,-0.023548479321630084,-0.023463790271873407,0.941695642792527,0.19680395924027533,-0.023911964723185755,-0.023437028532150295,-0.03010747684718543,-0.023279168143403844,-0.023463790271873407,1.0234637902718735,1.009715369934374,1.023992249942355,1.014128685695294,1.0241280911781647,1.0234637902718735,1.0232496963540885,1.0234990209165722,1.0234637902718735,0.30274134525158103,0.9364847486097729,1.0239864910869716,1.0234292371395728,1.017056216767283,1.0245193545880407,1.0234637902718735
0.06555448399608252,0.0728259890157632,0.06638735295366953,0.07633684656297474,0.06563975222835884,0.06555448399608252,0.06284995964952553,0.06550530439323435,0.06555448399608252,0.7403764732933272,0.1543632938673841,0.06459282816484993,0.0655930492961577,0.0815435158832171,0.06427156860092087,0.06555448399608252,0.9344455160039175,0.9203231861644589,0.9348838867084418,0.9353112893001008,0.9346662935015956,0.9344455160039175,0.9226537332433142,0.9344713441406651,0.9344455160039175,0.05982519845935952,0.7636932272948821,0.933823164051328,0.9344561303066905,0.9309438575191092,0.9330323984947405,0.9344455160039175
0.025455062358332645,0.038174549907922,0.028381240701553817,0.023234936179637806,0.025969481838761937,0.025455062358332645,0.022811586176605086,0.02541849391953248,0.025455062358332645,0.9130832386920478,0.23373095716429576,0.02592693586669636,0.025488466220698183,0.03055354661412536,0.023225794069937765,0.025455062358332645,0.9745449376416674,0.9637688516425447,0.9767432634049237,0.9560170458561166,0.9754387546746484,0.9745449376416674,0.9637161087019674,0.9745755285472021,0.9745449376416674,0.27324667015936044,0.8832813662237701,0.9764405189260107,0.9745815060804676,0.9661960817679058,0.9719918276981286,0.9745449376416674
-0.02769535136584433,-0.009979454977103596,-0.027549687723622658,-0.007144343111423239,-0.028592781512800293,-0.02769535136584433,-0.01650802836604373,-0.027731234360635522,-0.02769535136584433,0.8569895821728984,0.1287637431303349,-0.027092090720740918,-0.02769499608866818,-0.0229847312872659,-0.025850041712919044,-0.02769535136584433,1.0276953513658442,1.0313355213126816,1.024260176349646,1.0546228743778132,1.0270455494106652,1.0276953513658442,1.027782038996825,1.02774189267592,1.0276953513658442,0.14960009889033954,0.9207615399478576,1.0290294171622891,1.0276278487023758,1.025762643527586,1.0283536799732511,1.0276953513658442
-0.019626775512148854,-0.02325505771315339,-0.01620887753124545,0.0007267139485995214,-0.019239154424952883,-0.019626775512148854,-0.013959931101257648,-0.019681908354394005,-0.019626775512148854,0.700163259683237,0.12249994174481975,-0.018748032419186256,-0.019648761001387717,-0.018331322838535787,-0.01956995147842379,-0.019626775512148854,1.0196267755121489,1.0027551110702446,1.0185254716204297,1.0231809835263332,1.019666349392779,1.0196267755121489,1.0036416336440148,1.0196849524990579,1.0196267755121489,0.0659933267211732,0.8649104906404147,1.022428741556068,1.0196166283632693,1.006289701263262,1.019837497970546,1.0196267755121489
-0.03955908511014944,-0.01758044150320814,-0.04201071798644003,-0.024049447340535393,-0.039618053206181045,-0.03955908511014944,-0.030401545499102317,-0.03961531050404004,-0.03955908511014944,0.9060378751530677,0.12992482234216654,-0.041654509545877044,-0.039603654019940766,-0.0350877949447765,-0.0413658401455363,-0.03955908511014944,1.0395590851101495,1.0386927340713596,1.0365568547790522,1.0420714002713098,1.0392093905871713,1.0395590851101495,1.028313320656495,1.039584112267186,1.0395590851101495,0.2646864193425177,0.9240275571490725,1.0376460503667986,1.0394874320167158,1.0265998174939022,1.0384020076444131,1.0395590851101495
0.0008606904907036703,0.005240077743629084,0.00016915061167565833,0.011634173096311226,0.0009870892218942103,0.0008606904907036703,-0.008709812283081781,0.0008270815795200586,0.0008606904907036703,0.8500581453097786,0.042872194784470394,-0.0004785515571128601,0.0008395022640879151,0.011158899254464717,0.001847038971092277,0.0008606904907036703,0.9991393095092963,0.9744780402998172,0.9957287356526637,1.006344037187157,0.9988996633599871,0.9991393095092963,0.9767638115745548,0.9992193133304834,0.9991393095092963,0.20177738984865867,0.7536200029707283,1.0003298686565505,0.9991276194532325,0.9929512513947398,0.9982680350182864,0.9991393095092963
-0.023438997897766455,-0.00922492859945041,-0.020749518345682658,-0.010691025930486063,-0.023251970670157034,-0.023438997897766455,-0.017717155542981585,-0.023436896468242756,-0.023438997897766455,0.7334822572475619,0.12348454868133832,-0.023685915866801365,-0.023418333840783394,-0.022877215738430292,-0.02033868887379904,-0.023438997897766455,1.0234389978977665,1.0228772157384303,1.0244813069415224,1.0149334619005852,1.0232320070896819,1.0234389978977665,1.0132915449660664,1.0234939853036367,1.0234389978977665,0.0900740147008845,0.8702241215629538,1.0238463249871106,1.0234386476595125,1.0223749740822656,1.0249660366849895,1.0234389978977665
0.045690519799302734,0.043030550088657284,0.047291079534002696,0.04546025784387311,0.04618623210987896,0.045690519799302734,0.05233258647209605,0.04564918197050898,0.045690519799302734,0.8669122678701756,0.11512713985443578,0.0457366405173784,0.04566387227330346,0.044710027496508944,0.04294138336704433,0.045690519799302734,0.9543094802006973,0.9378372095137616,0.9548967506775274,0.9470063499021527,0.9540918587383699,0.9543094802006973,0.9441885448452039,0.9543436436955681,0.9543094802006973,0.191433856845029,0.7567911847951065,0.9549189569491935,0.9542182636693921,0.9368051303337128,0.9493236597592434,0.9543094802006973
-0.07879356465195227,-0.06941850791747768,-0.07709035369922326,-0.08003046024908808,-0.07839247292936923,-0.07879356465195227,-0.07151843993696946,-0.07885206419908508,-0.07879356465195227,0.6274633989794844,0.052683831324758186,-0.0786506778270589,-0.07877641823296506,-0.04670084757660687,-0.07680928690955065,-0.07879356465195227,1.0787935646519522,1.0566679600725808,1.0751689461597747,1.0553796252184835,1.0787172462772445,1.0787935646519522,1.0569510440880165,1.078834581575804,1.0787935646519522,0.041950280904269555,0.9077136562877945,1.0807630494054237,1.0787622976526228,1.089177906676615,1.077277955695201,1.0787935646519522
-0.0500313323246139,-0.04966649648393357,-0.05215346669567106,-0.058672032186623854,-0.05045420218844803,-0.0500313323246139,-0.050829654008973574,-0.05004654856239203,-0.0500313323246139,0.9714354174533795,0.016204596857600017,-0.05083177720494261,-0.05007379624399473,-0.0459356873003325,-0.049812643139802604,-0.0500313323246139,1.050031332324614,1.0326335106882916,1.0467856734199388,1.0298238146892598,1.0491983317727598,1.050031332324614,1.0433581273939159,1.0500971513996542,1.050031332324614,0.29967335263758366,0.8408434494747824,1.0502011880021371,1.04997329830146,1.040007724154768,1.0472563151930765,1.050031332324614
-0.00983873530352398,-0.004074906904762446,-0.008619616450557905,-0.012480102006456703,-0.00874687383577558,-0.00983873530352398,-0.00356242865426525,-0.009849426303366115,-0.00983873530352398,0.8332524776343792,0.11551220323262466,-0.009780796981798859,-0.009873912141714231,-0.00018821115570228427,-0.009546284727197181,-0.00983873530352398,1.009838735303524,0.9927731405877748,1.0105360643900014,1.002793021536594,1.010806098353756,1.009838735303524,0.9932307843552107,1.0098894313350335,1.009838735303524,0.1867352087478994,0.8426266695790505,1.011261672895416,1.0097549316596002,1.011460318569902,1.0066290212541449,1.009838735303524
0.03514113125872579,0.04567104726689797,0.035626100288766116,0.04298400060116815,0.0352860685080745,0.03514113125872579,0.04424865593200083,0.03512348973195543,0.03514113125872579,0.7763066394795476,0.21387989181175307,0.03255163185866742,0.035133521188354264,0.03156820321929179,0.030358202030218297,0.03514113125872579,0.9648588687412742,0.954782789657077,0.963609087638895,0.9638975784884339,0.9648208183894166,0.9648588687412742,0.9622313189893582,0.9649301266729349,0.9648588687412742,0.10862736694144937,0.8584476006484401,0.9629833323069813,0.9648332712318427,0.9584888939280128,0.9579752141779344,0.9648588687412742
-0.012476629090753437,-0.011474092166388056,-0.010717251294347271,0.0015322043580784108,-0.013300005424072534,-0.012476629090753437,-0.0005906927033326937,-0.012534847619371958,-0.012476629090753437,0.7899164296665565,0.16131295615161195,-0.010938343087553324,-0.012486678717717348,0.004518676260664258,-0.01147062677777981,-0.012476629090753437,1.0124766290907534,1.0014916937414764,1.0128737626252584,1.014577001126211,1.0117502836384653,1.0124766290907534,1.005525406081474,1.012505391816202,1.0124766290907534,0.12812470397641507,0.9221031061151836,1.0122860327173,1.012436084044037,1.0007909921648892,1.0137903579121392,1.0124766290907534
-0.04487923150675776,-0.03571773920759617,-0.043188389140326244,-0.03646001532270717,-0.045517994178520774,-0.04487923150675776,-0.03866658302966246,-0.04489212464027085,-0.04487923150675776,0.8043763696157922,0.07950782662368447,-0.04556846158684345,-0.04481071371151674,-0.028412121383833703,-0.045328649303499904,-0.04487923150675776,1.0448792315067577,1.0269743528095021,1.0459482564626148,1.0549134047571342,1.0447849274444905,1.0448792315067577,1.0386345343835013,1.0449234365359454,1.0448792315067577,0.12442516849819851,0.9110076159888402,1.0458804754178603,1.0448689169999472,1.0392957679451014,1.0410020820717487,1.0448792315067577
-0.02021469421095283,-0.014203508645307299,-0.022387023541817486,-0.014097956038002936,-0.019991900284796974,-0.02021469421095283,-0.01055202599866068,-0.02025790702333918,-0.02021469421095283,0.7015876838574114,0.09119997903598617,-0.01996037618395775,-0.020183170110113606,-0.025188418075945733,-0.018800005910370173,-0.02021469421095283,1.020214694210953,1.0001813052293167,1.017933978645742,1.0211313725589517,1.0207045574857916,1.020214694210953,1.0134182397513685,1.020255781803058,1.020214694210953,0.022649399695712447,0.8745184468098095,1.0220654068725814,1.0202536565827767,0.9981031939975896,1.0206655951139678,1.020214694210953
-0.02970589251477048,-0.021172494876833307,-0.030891885769575265,-0.04510311701902676,-0.02901155795185942,-0.02970589251477048,-0.015204708703432948,-0.029767632692385013,-0.02970589251477048,0.6185863369990062,0.16985258440353482,-0.02896404064238646,-0.02967680028448091,-0.011924074867779159,-0.028820518972957915,-0.02970589251477048,1.0297058925147704,1.022517525657221,1.026162458865501,1.0002031385311148,1.0300123306738207,1.0297058925147704,1.0257057108499548,1.0297252873349636,1.0297058925147704,-0.001288484765232134,0.9119243819524322,1.0324292485168773,1.0296764770374778,1.0319298318969066,1.0324321577399063,1.0297058925147704
0.018882796435661712,0.019189950591437115,0.018707481750662173,0.028760506490091445,0.019026653445328674,0.018882796435661712,0.027801577577987104,0.018834019366044907,0.018882796435661712,0.8343802611325949,0.16409319305597633,0.01804333599841593,0.018847804190067048,0.029534577377488606,0.018673903333172343,0.018882796435661712,0.9811172035643383,0.9685281246618612,0.9767173705020917,0.9861359398794763,0.981189662254711,0.9811172035643383,0.9688586069813664,0.9811670410050337,0.9811172035643383,0.1838446900527807,0.8426825781364454,0.981451927368158,0.9810298996788647,0.9687440869048748,0.9801250496917703,0.9811172035643383
-0.0023068633199641174,0.004441750538936531,-0.0021192287668412757,-0.0026051729415305105,-0.002398848227842698,-0.0023068633199641174,0.006812102667058681,-0.0023589025905567805,-0.0023068633199641174,0.8832413731442826,0.20858044838812048,-0.0012950293332997303,-0.0022918378967648275,-0.00038507504540126117,-0.007401214731996586,-0.0023068633199641174,1.002306863319964,0.9883299214809952,1.0004129270493805,0.9819928576282605,1.0022141454646123,1.002306863319964,0.9976119682807908,1.0023178575320613,1.002306863319964,0.23592122703818463,0.9357541333379964,1.0043294318720832,1.0022819431058776,0.985439543120683,0.996366324050196,1.002306863319964
0.01887555368177192,0.03184450101255666,0.02101434641572338,0.025623481518435933,0.019561409790105674,0.01887555368177192,0.03316054650067641,0.018768071381997306,0.01887555368177192,0.9686934858431105,0.1668373680565142,0.017021396484357132,0.01889620988922046,0.05704752483625348,0.015849594343166174,0.01887555368177192,0.981124446318228,0.9835517257460371,0.9808433118338014,0.9744493403654505,0.9806913661722307,0.981124446318228,0.9806153933414454,0.981130748212026,0.981124446318228,0.28639422120145264,0.8640671191281909,0.979913432393406,0.9811037901107795,1.0047730030051194,0.9815302182577681,0.981124446318228
-0.06467069373508294,-0.052118227098112764,-0.062074219741791746,-0.029880145035429486,-0.06481209995420308,-0.06467069373508294,-0.04587858885643515,-0.06469627475964738,-0.06467069373508294,0.8368731832734827,0.042950453067577665,-0.06730234163715025,-0.0646667855229967,-0.06108686325200572,-0.06444081980601077,-0.06467069373508294,1.064670693735083,1.0528515498022935,1.062042954045102,1.0801187902359453,1.064774439001372,1.064670693735083,1.0562190074525966,1.0647374886325567,1.064670693735083,0.2059860469242062,0.8907477947654742,1.0641754166761546,1.0646280586941421,1.053585938382498,1.0657543343589935,1.064670693735083
-0.09401683993815989,-0.08382426838114058,-0.09219517586684749,-0.08343403288028807,-0.09376188155706425,-0.09401683993815989,-0.0797150987283756,-0.0940954973110511,-0.09401683993815989,0.8501133705618535,0.09464964974941777,-0.09519466628912569,-0.09397513796891153,-0.07925705514744445,-0.09698581672440272,-0.09401683993815989,1.0940168399381598,1.0778558011726196,1.0951021082598185,1.080451155437629,1.0943294351873223,1.0940168399381598,1.085200094325936,1.094072103523424,1.0940168399381598,0.25178217041270456,0.9608417706637301,1.0955842237091775,1.0940507439781992,1.099693054321542,1.0917286562759065,1.0940168399381598
-0.002493120442443607,-0.00667727530162147,-0.004455084436940725,0.023196769395458876,-0.0028717322127248556,-0.002493120442443607,0.00894916499454603,-0.0025143784121205793,-0.002493120442443607,0.8106033282487893,0.13969740704292,-0.003561150160352182,-0.0025129123452463055,0.0032655902397044816,-0.0037696981732176517,-0.002493120442443607,1.0024931204424437,0.983476033982799,0.9999645216010397,1.0220002397548142,1.0025279395307076,1.0024931204424437,0.9996976974299218,1.0025466318833547,1.0024931204424437,0.11666582715191698,0.8885306110710692,1.003584240713622,1.0024458397857483,0.9933811483021124,0.9993788278847672,1.0024931204424437
0.013936467517399157,0.02008403564118807,0.01844389127893204,0.008500673754290458,0.01406909180333856,0.013936467517399157,0.025657138787293813,0.013911240071704162,0.013936467517399157,0.8342454262428654,0.13915073187201848,0.01333821666234642,0.01392637653912116,0.014122790223460763,0.014843574386174905,0.013936467517399157,0.9860635324826008,0.9765866623112354,0.9867828750769896,0.9653445917253829,0.9860307368031973,0.9860635324826008,0.9875177145308767,0.9861179516868858,0.9860635324826008,0.11120418675460297,0.8882527612102105,0.9873375184901981,0.9860339803319296,0.974961294024315,0.9875151917863071,0.9860635324826008
0.038358160424429834,0.04065120862994193,0.03703016947973348,0.0495604008003512,0.03936398459009499,0.038358160424429834,0.04742645175447265,0.03829358276099581,0.038358160424429834,0.5964069409122347,0.13800149510313114,0.03899022783413046,0.03834805889048484,0.05698069902108325,0.037527670026524095,0.038358160424429834,0.9616418395755701,0.9423002882234753,0.9613871366125287,0.9531998433501165,0.961943442517642,0.9616418395755701,0.9561267628106767,0.9616598780290434,0.9616418395755701,-0.039159699104511114,0.7716781645112518,0.9615819519100391,0.961563913456566,0.9655691716657534,0.9568519086402989,0.9616418395755701
0.029754690018936877,0.04886425238847873,0.028985867475737066,0.035747445634628096,0.029903346507272787,0.029754690018936877,0.03428838547598313,0.029685600769952566,0.029754690018936877,0.8087202553314843,0.24127912055857875,0.028894839934421244,0.02982607132831403,0.02266501978667012,0.030061171237180075,0.029754690018936877,0.9702453099810632,0.9682983683959413,0.9686886735371227,0.9588177517367388,0.9707793600525959,0.9702453099810632,0.956207094949289,0.9702793634497568,0.9702453099810632,0.1729730583108674,0.8851637007614794,0.9709915393575335,0.9702541507854355,0.952185838708643,0.9696837551848162,0.9702453099810632
0.03138399712720218,0.04384661978713526,0.03471930924602567,0.013056243876524954,0.03183804044796065,0.03138399712720218,0.022277829061334017,0.03135938867241298,0.03138399712720218,0.7309430985338786,0.20964001846515867,0.030085987786560603,0.03145539630588634,0.03467702429554282,0.027021022072463534,0.03138399712720218,0.9686160028727978,0.9628978298148793,0.9714092357903493,0.9310454777708309,0.9695247827102244,0.9686160028727978,0.9388262552576301,0.9686610606069189,0.9686160028727978,0.05745157151743263,0.8897372403245438,0.9695026004411186,0.9686943340105775,0.9578156640039774,0.9649070581587242,0.9686160028727978
-0.0016192150012815073,0.0030231881283009497,0.004347364678715503,0.004196504742478047,-0.0012410271336036637,-0.0016192150012815073,-0.0032001302505221905,-0.0016306332992077368,-0.0016192150012815073,0.7887719758856712,0.11580240876372577,-0.0030883693344563685,-0.001565237592902968,-0.010096436188936736,-0.0046457559697884575,-0.0016192150012815073,1.0016192150012815,0.9877162262444988,1.0055782503004305,0.9919378823959512,1.0011264981453134,1.0016192150012815,0.9907095503463114,1.0017095233576072,1.0016192150012815,0.12763639504154312,0.8438629728254107,1.0006714962734045,1.0016088347304395,0.976962265652159,0.9967743965902796,1.0016192150012815
-0.0104227834425831,0.00256161919802056,-0.007936490530384985,-0.011021653601098736,-0.010444171662530087,-0.0104227834425831,0.0006275631123225208,-0.010491506247658664,-0.0104227834425831,0.7937402757881475,0.202709776449473,-0.01207318264406618,-0.010331269911334515,-0.005400759273719247,-0.008588655925489836,-0.0104227834425831,1.0104227834425832,0.9974510033580137,1.010114232072856,0.9928111621357436,1.0104974668991193,1.0104227834425832,1.0022538859290602,1.0104420679031911,1.0104227834425832,0.20087164591799433,0.8940964626695989,1.011556008473217,1.010391577679054,1.0015624503596263,1.010608966144089,1.0104227834425832
-0.02943839305237011,-0.000791332873742751,-0.027308468723418487,-0.039811574716521206,-0.030245907295975278,-0.02943839305237011,-0.024849348692369988,-0.029483762972851407,-0.02943839305237011,0.8804958082532637,0.1702022701433218,-0.031081909629184987,-0.02940005722808746,-0.03558162096746224,-0.028961129625291616,-0.02943839305237011,1.02943839305237,1.037172733527597,1.0296508227575694,1.0027081240878752,1.0288060278041113,1.02943839305237,1.0141533020127007,1.029476377171843,1.02943839305237,0.22535643668733074,0.9510068136181682,1.0297218671291757,1.029428545317692,1.0142373594622747,1.0291088456454633,1.02943839305237
-0.01238969815681192,0.00229503144335219,-0.010465946125375046,-0.012569778452912038,-0.012481241758168938,-0.01238969815681192,0.003704936544544203,-0.012466207225099354,-0.01238969815681192,0.9938812891116949,0.13639237520051709,-0.013875110024086729,-0.012484248664782854,0.008984062256377141,-0.008028681264428189,-0.01238969815681192,1.012389698156812,1.0160410850883113,1.011134815796604,0.9973230914166804,1.012175873686489,1.012389698156812,1.015808550976835,1.0124157580141326,1.012389698156812,0.32714508170988466,0.8738478123235434,1.0128063217732068,1.012345262759073,1.0283216258002816,1.0160942071051573,1.012389698156812
-0.02749160578726776,-0.01071588487121714,-0.02377888802087151,-0.020897532217652993,-0.02770908574752947,-0.02749160578726776,-0.017808166810140615,-0.02751223763419772,-0.02749160578726776,0.8585965004856846,0.1052888729679757,-0.0282204849697934,-0.027477738480314838,-0.03702690133889782,-0.026080860975056887,-0.02749160578726776,1.0274916057872678,1.020518717978939,1.0260612438091234,1.0226762680046146,1.0274354601054583,1.0274916057872678,1.0196772092057957,1.0275717655859957,1.0274916057872678,0.2538125661287147,0.8351980572220563,1.0291462122656507,1.0274516950014032,1.0014941257475227,1.030435533585274,1.0274916057872678
0.018766426098018266,0.028035729568107664,0.020752420130550526,0.03457516492108133,0.01864993574920206,0.018766426098018266,0.03497056644792033,0.01873114616380536,0.018766426098018266,0.6284988785535225,0.15611487111411598,0.01796230986161841,0.018808695453160145,0.03803293130351432,0.02172228549183744,0.018766426098018266,0.9812335739019817,0.9673359424586405,0.9835464065703354,0.9674377883064627,0.9811656766701002,0.9812335739019817,0.9720401555734068,0.981286160973733,0.9812335739019817,0.019808104801587567,0.8272386580400484,0.9817501253915896,0.98126452705181,0.9800746613460445,0.9810491863212841,0.9812335739019817
0.02251136252040373,0.03897206561201406,0.02351530284008706,0.02669519186360989,0.023024846545602943,0.02251136252040373,0.017059976895447443,0.022483866722534964,0.02251136252040373,0.7153374167135902,0.16668282906549314,0.022180725551031816,0.022547107057633128,0.03380938586467982,0.02453814652080517,0.02251136252040373,0.9774886374795962,0.9799725391195659,0.9785077004881074,0.9666566679091958,0.977715821509487,0.9774886374795962,0.9498979791081827,0.9775388173107068,0.9774886374795962,0.05578446854953856,0.84099640358178,0.9774298652116518,0.9774999794962171,0.9806592466713384,0.9789342290525467,0.9774886374795962
-0.006404161936484209,-0.002902039227105589,-0.0021501956936890265,-0.007226731722932824,-0.005980810004827892,-0.006404161936484209,0.010311367855944295,-0.006464497128644254,-0.006404161936484209,0.8353984725996815,0.13185996441747522,-0.006856675877684547,-0.006397458026244204,0.005170139092884449,-0.0044680726591707605,-0.006404161936484209,1.0064041619364843,0.9917165649916572,1.0089858377699101,1.0014027097019285,1.0064504189171402,1.0064041619364843,1.0011013689366401,1.0064561172408442,1.0064041619364843,0.18738644232853563,0.8546913212500508,1.0077181283435253,1.0064078490871162,0.9998011455455913,1.0090713126254702,1.0064041619364843
0.0024947502666850985,0.009226082043346844,0.0014062090121810433,0.030336871007681048,0.0022082738539918093,0.0024947502666850985,0.015094874464058708,0.0024940591293806515,0.0024947502666850985,0.7357779531075359,0.14139261434140257,0.0004645344348719794,0.0025676652523042593,0.013112347106252432,0.0040909318713054895,0.0024947502666850985,0.9975052497333149,0.9863803581122834,0.9971779962196592,1.0081805565378035,0.9972654250886718,0.9975052497333149,0.9979206232532876,0.997559504011714,0.9975052497333149,0.06693517549480132,0.8730189807309267,0.9961385257137709,0.9975066320079238,0.98934671942297,0.9958613796546877,0.9975052497333149
-0.03510080217643766,-0.013481021013510614,-0.03177922799472619,-0.0251589129354234,-0.034991336630214656,-0.03510080217643766,-0.03363074033176188,-0.03512128499336895,-0.03510080217643766,0.88694629755742,0.1424539927166924,-0.0359120560404707,-0.03506755957190981,-0.051959839430316464,-0.0331438536997884,-0.03510080217643766,1.0351008021764376,1.0381681879578706,1.0348489642633478,1.0400341390019234,1.035416103243626,1.0351008021764376,1.0276322970258487,1.0351394173231114,1.0351008021764376,0.2441507822644533,0.8989021578031346,1.0351572138689697,1.0350836771983476,1.0113753202761964,1.0354590835807933,1.0351008021764376
0.02858135500912496,0.03795493259962119,0.029747843068159963,0.04948150154761565,0.02825299957766269,0.02858135500912496,0.029779816408860335,0.02857668474587659,0.02858135500912496,0.7911900778394194,0.13487115777672296,0.027540604806776826,0.02857309223568554,0.027705141773527064,0.03067255519133708,0.02858135500912496,0.971418644990875,0.9630172006580778,0.9694535419163689,0.9723070727611225,0.970807918258396,0.971418644990875,0.9592425502003381,0.9715084577456514,0.971418644990875,0.0924686351294346,0.8368105213912804,0.9710410721697953,0.9713794866297926,0.9671234398064518,0.970398372096616,0.971418644990875
-0.014001960898240526,0.006091381290296123,-0.008445312266055625,-0.004534520658250493,-0.013343207650327926,-0.014001960898240526,-0.003604194160679219,-0.014048135191318513,-0.014001960898240526,0.7146810567696686,0.14474047025866751,-0.014326549076988741,-0.01393971111053539,-0.006349683423916213,-0.015106039550505261,-0.014001960898240526,1.0140019608982405,1.0057938817479775,1.0172546833217342,1.013167403304831,1.0144123990589338,1.0140019608982405,1.010552228157614,1.0140498453503215,1.0140019608982405,0.08870948736786777,0.8667610330993579,1.0144808054190493,1.0141038863748126,1.0057979861295845,1.0147722165131414,1.0140019608982405
-0.06004919767871359,-0.04540740967613055,-0.056525338456942235,-0.0670374995595027,-0.05999857054831999,-0.06004919767871359,-0.05066806073223798,-0.06012513837430399,-0.06004919767871359,0.8126008047515645,0.05526077176130904,-0.06166258588271526,-0.060112130014411194,-0.031249743607936337,-0.05441903888619175,-0.06004919767871359,1.0600491976787136,1.0539939819372621,1.059768287420488,1.0534810306647324,1.0597292623408097,1.0600491976787136,1.054268212226894,1.060087519603803,1.0600491976787136,0.16119895211515756,0.8781912716454785,1.0596779320558272,1.0599514591908703,1.0765684084333926,1.0648239689139603,1.0600491976787136
0.02668181647757525,0.047353262911541606,0.027283433820885696,0.013726827022871136,0.026655325795019287,0.02668181647757525,0.01945404287914803,0.026634760659877157,0.02668181647757525,0.6353760062082008,0.17031011455666092,0.02652252382062689,0.02670865572174379,0.0326380373133162,0.026445840265859624,0.02668181647757525,0.9733181835224247,0.9781192711740806,0.9721815241038063,0.9488456727032901,0.9735402172696372,0.9733181835224247,0.9475361267248328,0.9733641936552851,0.9733181835224247,-0.04095463024903534,0.8568400465703016,0.9733777875581757,0.9733052867427594,0.963476197829659,0.9724732701735346,0.9733181835224247
0.11901185794966937,0.12563669367766242,0.11973561704305286,0.14149684664995474,0.1186589137004268,0.11901185794966937,0.11942047597532604,0.11897955341273772,0.11901185794966937,0.6437488852724343,0.22032438441189642,0.11714472444807751,0.11907474869710012,0.13883790832825105,0.12228492613836085,0.11901185794966937,0.8809881420503306,0.8680584229760824,0.8813837007951001,0.9022032875169731,0.8808145910806446,0.8809881420503306,0.8695248427536073,0.8810414101697392,0.8809881420503306,-0.027861514009450694,0.7070790731358181,0.8798506099519929,0.8809891730461902,0.8830831256368765,0.8809214709847483,0.8809881420503306
0.028496901366245643,0.040531177527376325,0.030532417461347737,0.05225977200739273,0.02844865359538544,0.028496901366245643,0.039873590776281685,0.028465523445336562,0.028496901366245643,0.8305857261871933,0.11994059782028753,0.028674709584730444,0.02857855144000906,0.03873251412558795,0.026772465304242196,0.028496901366245643,0.9715030986337544,0.9633529367253695,0.9701609333716433,0.9827293089822264,0.9708873491105385,0.9715030986337544,0.9657960283952906,0.9715540455806068,0.9715030986337544,0.1560196129516177,0.8247877005938622,0.9723762820672243,0.9715479724346243,0.9448146586140841,0.9724353265420532,0.9715030986337544
-0.023210402710464748,-0.022912675690265095,-0.02335819526006026,-0.01334257262370356,-0.022955514110437707,-0.023210402710464748,-0.008600359510595405,-0.0232186134076645,-0.023210402710464748,0.6990589268994959,-0.008990546121000946,-0.022187992415678405,-0.02329143872195794,-0.010555933391475146,-0.02413392765201931,-0.023210402710464748,1.0232104027104647,1.0016548236532758,1.0184057169012715,1.0230765326474254,1.022657787090238,1.0232104027104647,1.022168358139766,1.023267877590863,1.0232104027104647,0.018228562184516073,0.7775499123622731,1.0264928966561913,1.0230804595026077,1.0285730589424062,1.0209806629404803,1.0232104027104647
-0.023318841962387437,-0.010373793709385376,-0.025550841531229107,-0.0053076833376589265,-0.02444342371992747,-0.023318841962387437,-0.012319155376045748,-0.023364498059381584,-0.023318841962387437,0.6618092508519952,0.16999456517362618,-0.024240545875389572,-0.023401915462181296,-0.0068737217924506365,-0.0207322352642604,-0.023318841962387437,1.0233188419623875,1.0123521101528234,1.0203041664450747,1.0435685224555282,1.022480554828104,1.0233188419623875,1.019495744577246,1.0233651846172311,1.0233188419623875,0.06809786130375184,0.8644747582201803,1.023532704732518,1.0232031569647406,1.0224977187743423,1.0248388810412603,1.0233188419623875
-0.014515940454431064,-0.0064947763079937215,-0.01522902567264106,0.01923200133023879,-0.014807024068895691,-0.014515940454431064,-0.009527477602236429,-0.01455215181316829,-0.014515940454431064,0.894350863374363,0.11336934753206768,-0.015295529225706542,-0.014478684537268725,0.000905571947785211,-0.0152325075340581,-0.014515940454431064,1.014515940454431,1.0065797337265696,1.0110124914966043,1.0240760873472006,1.013663928965681,1.014515940454431,0.9999349493982885,1.0145573746052938,1.014515940454431,0.23542890540914774,0.8854099118551177,1.016090438187217,1.0145612046528525,1.0080166979333824,1.0122621315591804,1.014515940454431
-0.03659309522141736,-0.03417779579276409,-0.03764305874450671,-0.025286036995834805,-0.036139725641749505,-0.03659309522141736,-0.020651631123426804,-0.03668160857517265,-0.03659309522141736,0.9343530933639493,0.11414688861269885,-0.036433840880211975,-0.03662550365409154,-0.03964157875941459,-0.041591660364196543,-0.03659309522141736,1.0365930952214173,1.0231198991732249,1.0316673619327124,1.044717505967287,1.0370109200684747,1.0365930952214173,1.0412804697149702,1.036585777188233,1.0365930952214173,0.25664826970685073,0.9193721427166724,1.0380783074800988,1.0365551111444122,1.0137472410527433,1.0298929131243584,1.0365930952214173
-0.051107732114854504,-0.04014032771831615,-0.04987353316385307,-0.057498124339859666,-0.05114441593620465,-0.051107732114854504,-0.04969822682528556,-0.051155350536799406,-0.051107732114854504,0.9401818885065324,0.04034891453061726,-0.05186821594976708,-0.05114371047810176,-0.04128846078076533,-0.05272605300287811,-0.051107732114854504,1.0511077321148545,1.0404038163197447,1.0505673512080427,1.0246639878571733,1.050879163689519,1.0511077321148545,1.0397279874571785,1.0511564087239538,1.0511077321148545,0.30632280909488363,0.8421302310255832,1.0512072017073617,1.0510495318213664,1.0491183402647122,1.0511415941037932,1.0511077321148545
0.0005376759224015538,0.0037723898133365844,-0.002229001761796835,0.00490577511886181,-5.5612050808375e-06,0.0005376759224015538,0.008619626304834045,0.0004918391707089064,0.0005376759224015538,0.8019531721106101,0.16970608623581393,-0.0003983964910717296,0.0005896003676783809,0.03715909192709123,-0.0001072614978988989,0.0005376759224015538,0.9994623240775985,0.9881879155596975,0.9968789934001706,0.9868876558300413,0.9988743244972912,0.9994623240775985,0.9883422564970377,0.9995056541319329,0.9994623240775985,0.21094306959804077,0.8401502477765956,0.9993864069576075,0.999469844169673,1.0088205415149731,0.9951783782924489,0.9994623240775985
0.005915473146171482,0.012634943881667011,0.006185432598261778,0.01920863651303378,0.005565965642198579,0.005915473146171482,0.016926939223966597,0.005872999525709276,0.005915473146171482,0.8798260517772611,0.12518463891747264,0.005353237593951426,0.005907194389640713,0.004835995283746419,0.003304425325554139,0.005915473146171482,0.9940845268538285,0.9857370206492605,0.9939113928585546,0.9950319045576974,0.9932256958502452,0.9940845268538285,0.9952719884970898,0.9941467975007774,0.9940845268538285,0.17806333323710977,0.8763346928788915,0.9925097633833018,0.9940755282054256,0.9709648394308794,0.9913903315219673,0.9940845268538285
0.05590375574767175,0.054159925168012484,0.054561232147280425,0.044638158311180266,0.056608572207058304,0.05590375574767175,0.06710426726231558,0.055872393101392824,0.05590375574767175,0.8620829389766821,0.1517729579999819,0.05471298688733973,0.05580798164505654,0.07756961136956099,0.05334550806302754,0.05590375574767175,0.9440962442523283,0.9206949888696719,0.9398417158065767,0.9157187823267494,0.9439333608313313,0.9440962442523283,0.936058638753276,0.9441586323121304,0.9440962442523283,0.2315075815454486,0.7604072483932093,0.9437728380396241,0.9439289768055074,0.9375947339554319,0.9407401038677278,0.9440962442523283
0.02132897406411221,0.028806877489447928,0.022042324318455327,0.044182896736908533,0.02071165172862297,0.02132897406411221,0.03789956618182655,0.02127951607583032,0.02132897406411221,0.7726467180831026,0.15606914047580248,0.023422093889355837,0.02133763823724188,0.03450357132220827,0.017658613722054264,0.02132897406411221,0.9786710259358878,0.9656213371737445,0.9771093087292642,0.9857460453106937,0.9781129087834514,0.9786710259358878,0.9782100197239464,0.9787129027726812,0.9786710259358878,0.09524052600678057,0.8747706227720566,0.9813774970172695,0.9786298711135218,0.962535086503512,0.975262034816575,0.9786710259358878
0.03643163794761505,0.04415627467101657,0.03348376814173568,0.036106763352969536,0.036202398983366836,0.03643163794761505,0.04209527310807248,0.03634818063719344,0.03643163794761505,0.7682945824182369,0.1500682580125076,0.035560529883471845,0.036444532639354016,0.05385594834576911,0.03950773829912077,0.03643163794761505,0.9635683620523849,0.9435493531276464,0.9601612979462458,0.955579025962453,0.9635253797465884,0.9635683620523849,0.9570615573265521,0.9635834058594137,0.9635683620523849,0.10394230453095599,0.799927918353206,0.9653711115946682,0.9635690784241482,0.9680281344646576,0.9663278260845228,0.9635683620523849
-0.04560767844969503,-0.024991130632826635,-0.04277672674570685,-0.04564093485737771,-0.04551206627760732,-0.04560767844969503,-0.05051958058024427,-0.04563712422733074,-0.04560767844969503,0.6707613246037455,0.11326129883869007,-0.044855598646787745,-0.045509987752127154,-0.029676473486037615,-0.04165051235636941,-0.04560767844969503,1.045607678449695,1.043803864753823,1.045939549684695,1.0222391628970848,1.04538146559327,1.045607678449695,1.0235839688827533,1.0456915123107284,1.045607678449695,0.06914100375183685,0.8928533767030494,1.0464200354915272,1.0456343528600238,1.0427469345471578,1.0471863185518822,1.045607678449695
0.0133426295478631,0.020843337356769163,0.01761049337025163,0.015400958512643493,0.01381450215190412,0.0133426295478631,0.03126276665957567,0.013248255027054897,0.0133426295478631,0.9288602117966357,0.12833901645033288,0.013579254714999,0.01342839325472895,0.026211318768432888,0.014059738132982374,0.0133426295478631,0.9866573704521369,0.9794893844939634,0.9873844675814293,0.9744699688306862,0.9862784946386733,0.9866573704521369,0.9868502526844456,0.9867038688474257,0.9866573704521369,0.28490289988975426,0.8173398360106032,0.9864693102756359,0.9867052465776563,0.9791511517223077,0.9873731013070254,0.9866573704521369
0.0330901616763707,0.05130195681406609,0.034028818612168145,0.0371240904062983,0.034028818612168145,0.0330901616763707,0.046727246541718497,0.03304149819156485,0.0330901616763707,0.9269571575183844,0.16207375625608098,0.03262374616354839,0.03307336934710671,0.044705313018094946,0.03304835220350934,0.0330901616763707,0.9669098383236293,0.9571747424582777,0.9668385565994067,0.9622422561894339,0.9675719358774667,0.9669098383236293,0.9661373911774856,0.9669290295570738,0.9669098383236293,0.254206715395897,0.838367642113144,0.9680767338571782,0.9668951021979486,0.9587473954989402,0.9675613121589528,0.9669098383236293
-0.030142306976427054,-0.016913680165161867,-0.028235241979570738,-0.03571985485856273,-0.03014492554350787,-0.030142306976427054,-0.01834902900645996,-0.030189067102870178,-0.030142306976427054,0.7725420235462174,0.14187136456230187,-0.030174477943419924,-0.0300644981260257,-0.00929140547392132,-0.02629039480054838,-0.030142306976427054,1.030142306976427,1.0124688495859844,1.0284293900245627,1.0251299955027358,1.0302519127128098,1.030142306976427,1.0283553219842767,1.0301512849207042,1.030142306976427,0.08798710843339774,0.9453815350565189,1.0313270215399901,1.030200663614228,1.0408350386104288,1.031651723858011,1.030142306976427
-0.009046436635580404,0.0015670011484445433,-0.010288658721619303,-0.018289563285784235,-0.009000172666839657,-0.009046436635580404,0.007767063466700944,-0.009088212308846304,-0.009046436635580404,0.8066487873864675,0.13886292396357253,-0.008701183137515119,-0.009044365114592013,0.014275437158729644,-0.003773034706131231,-0.009046436635580404,1.0090464366355805,1.0002676759402744,1.0062926947350117,1.0089135140388252,1.009779064558475,1.0090464366355805,1.0079716624961033,1.0090975341532942,1.0090464366355805,0.13046570471542718,0.8759936793116748,1.0122655802515412,1.0089991369063454,1.0170483769602394,1.0128604520287077,1.0090464366355805
0.01578025682035101,0.03419389031795789,0.01811590632178307,0.0043258983038027355,0.016368583410823614,0.01578025682035101,0.014922839676492975,0.01571775153432841,0.01578025682035101,0.7958811869661031,0.11081477686539012,0.014570055604534912,0.015808507797084387,0.009542794294830225,0.024570195093732535,0.01578025682035101,0.984219743179649,0.9766498939639402,0.9850672724816504,0.974391934648525,0.9844054933516709,0.984219743179649,0.9729585507165152,0.9842296310215056,0.984219743179649,0.10687612601993512,0.8302180188106566,0.9844005494307426,0.9841996143587265,0.9564543301088755,0.9878185644782722,0.984219743179649
0.015914630553201255,0.027582212294588168,0.018327462736696453,0.05391041980556864,0.015184817048180923,0.015914630553201255,0.03018440513820406,0.015831743146813904,0.015914630553201255,0.9414148568931006,0.2264880648362075,0.013397683700707312,0.015942259688663706,0.027035357576837477,0.013136554676519521,0.015914630553201255,0.9840853694467987,0.9738575352155466,0.9847363388335482,1.0097808023675539,0.9835860233644164,0.9840853694467987,0.9708334926451138,0.9841001948365591,0.9840853694467987,0.32255659884055987,0.889768935316932,0.982524997174523,0.9840850325061223,0.9812281125111697,0.9812500136551339,0.9840853694467987
-0.01182499582853773,0.0006613015751939045,-0.012168113437581037,-0.028544727814774823,-0.012962943610282386,-0.01182499582853773,-0.0070892653647523785,-0.011834192795378066,-0.01182499582853773,0.7024715830059165,0.0713884526838352,-0.012839138287431709,-0.011769814027495712,-0.004167459745476385,-0.008887626111531936,-0.01182499582853773,1.0118249958285377,1.0019902547107737,1.011874871687172,0.9978643538944014,1.0114320023608603,1.0118249958285377,0.9997203725486801,1.0118716881217271,1.0118249958285377,0.034088022713040456,0.8093350231753649,1.0120474916801752,1.0118349002543658,1.0067571133700186,1.0155939835856063,1.0118249958285377
0.01817871288248113,0.018199568466926188,0.01860961046618493,0.038558507214604895,0.018368887533861476,0.01817871288248113,0.03307419547451921,0.01815997820492879,0.01817871288248113,0.8765977500013564,0.1858979090516991,0.01842721247341121,0.018302785935705113,0.03428594027922522,0.019254366161571092,0.01817871288248113,0.9818212871175189,0.9698028147254523,0.9789619511416534,0.9662117658715992,0.9818877422001574,0.9818212871175189,0.977199477513805,0.9818891561380858,0.9818212871175189,0.20630461210567275,0.9006679662280176,0.984797626456966,0.9819230906483694,0.9868580875032411,0.9813009579598388,0.9818212871175189
0.06789777314245539,0.08022039389159112,0.06965047268194359,0.07783742922249473,0.06764141244042368,0.06789777314245539,0.08114379720791065,0.0678505393140923,0.06789777314245539,0.8632891216358044,0.26774013474733827,0.06678831902128583,0.06802613377525889,0.05873549213074284,0.06774453362295683,0.06789777314245539,0.9321022268575446,0.9258071473965439,0.9342782280344242,0.936098713526067,0.9317185872134353,0.9321022268575446,0.9338794447201526,0.9321357592700467,0.9321022268575446,0.12910046298053424,0.9071894471864075,0.9309062374783053,0.9321952522599696,0.9178927769189126,0.931720750594887,0.9321022268575446
0.012705138168485276,0.019968425363226357,0.013428921263007168,0.010372451303488624,0.013434769320329824,0.012705138168485276,0.02372700620483577,0.012661793743623223,0.012705138168485276,0.763598450424732,0.14922700435581765,0.01273953850567738,0.012731970431495116,0.029987179567055062,0.008291918910110104,0.012705138168485276,0.9872948618315147,0.9724253160802273,0.9877011298137535,0.9729750334685571,0.9877155779553741,0.9872948618315147,0.9795840262499044,0.9873560944317167,0.9872948618315147,0.12352578716704488,0.8334228415779722,0.9882298629963961,0.9872769736561748,0.9889123656862875,0.9815328053518371,0.9872948618315147
-0.03712997737093664,-0.020789034667144355,-0.03929244918941601,-0.03278397497007303,-0.03651071809485961,-0.03712997737093664,-0.013367794649800488,-0.0371984183536274,-0.03712997737093664,0.7447352022837638,0.15200207169038954,-0.03766664680732432,-0.03704047762434102,-0.014264108288500705,-0.0330034467751439,-0.03712997737093664,1.0371299773709366,1.036098756025971,1.0317303786884584,1.0212075775997533,1.0377275197967368,1.0371299773709366,1.0376923121758335,1.0371688044668863,1.0371299773709366,0.14739720239098564,0.9029583407125972,1.0376041286019817,1.0371289902413785,1.044414006379713,1.0405513684191028,1.0371299773709366
0.031187104635040805,0.04054289582439598,0.03194862658256772,0.019236691899572615,0.03065637865602159,0.031187104635040805,0.03859282701332867,0.03114625270112946,0.031187104635040805,1.0551094035584179,0.2479719072966316,0.029957356675760757,0.031261825266297456,0.024718881765744122,0.03216894769622635,0.031187104635040805,0.9688128953649592,0.9568087117079325,0.9667825193333824,0.943903341372058,0.9681348230943965,0.9688128953649592,0.9606414610972048,0.9688561914316687,0.9688128953649592,0.38653666401522,0.9171184391993461,0.9685995574878666,0.9688146411741007,0.9523027783136937,0.96869138704871,0.9688128953649592
-0.008673054281806916,0.008918643048543938,-0.011460969475862434,0.004709158084149469,-0.008452522619467223,-0.008673054281806916,0.007780509494313218,-0.00874217614612234,-0.008673054281806916,0.9352269640501161,0.16275136356534872,-0.009881041148652694,-0.008745833387620512,-0.020926641921427822,-0.005418109348434998,-0.008673054281806916,1.008673054281807,1.000957737617266,1.0051895317547994,1.0173443738739696,1.0082579573717645,1.008673054281807,1.006561728764913,1.008698654972294,1.008673054281807,0.26212619884662036,0.9164370579737922,1.0078487120481192,1.008584914761701,0.9860848336166552,1.00846678586131,1.008673054281807
0.03458235804255065,0.05335911435824035,0.03633255328336854,0.024985974723706453,0.03395731283103282,0.03458235804255065,0.038226567274118314,0.03454357160163823,0.03458235804255065,0.6885155734548063,0.14370509198550044,0.032570955000543814,0.03451027704616474,0.052183164388630215,0.03399060738650632,0.03458235804255065,0.9654176419574494,0.9699292258455274,0.9663595003102252,0.9351453396895667,0.9650699369605973,0.9654176419574494,0.9497987197691424,0.9654457878703239,0.9654176419574494,0.05021449840222414,0.7836328015005829,0.9632727174507086,0.9653150123483094,0.9675522691789921,0.9643305918833819,0.9654176419574494
-0.037466462142171836,-0.031986939684713264,-0.03590215894859137,-0.034591970259649114,-0.036651297073922284,-0.037466462142171836,-0.02347731590088048,-0.037456468875135505,-0.037466462142171836,0.810732064100772,0.09282361206318944,-0.037911162525288714,-0.03747609850681402,-0.03293986907710657,-0.03962322331004926,-0.037466462142171836,1.0374664621421719,1.0303505422075134,1.0365006842635889,1.0342061587715679,1.0371605967903812,1.0374664621421719,1.0347711352615148,1.037570320738871,1.0374664621421719,0.1101027020469646,0.9051823742606677,1.0372994318217075,1.0374168527093843,1.0415376477522955,1.0377095126725913,1.0374664621421719
0.028053521971585227,0.0391275011932635,0.029785369742802475,0.027737361790570125,0.02886870616712628,0.028053521971585227,0.04140023740975552,0.027928263594784754,0.028053521971585227,0.9846075367579347,0.2663535648491352,0.026825721946583787,0.028045818916327445,0.029183526686357417,0.025348409914319376,0.028053521971585227,0.9719464780284148,0.9589460651613987,0.9726698953917544,0.9649189472251946,0.9721400591561973,0.9719464780284148,0.9657167158175441,0.9719287275097773,0.9719464780284148,0.3454191484675132,0.9074873116312853,0.9723443575782516,0.971903943766774,0.9657977653554739,0.9687664558687343,0.9719464780284148
