S1_Current density (A/cm2),S1_Voltage (V),S1_Faradaic efficiency,S1_CO conversion,S1_Crossover rate,S1_Capture energy (MJ/kgCO2),S1_Electricity price (USD/kWh),S1_Membrane cost (USD/m2),ST_Current density (A/cm2),ST_Voltage (V),ST_Faradaic efficiency,ST_CO conversion,ST_Crossover rate,ST_Capture energy (MJ/kgCO2),ST_Electricity price (USD/kWh),ST_Membrane cost (USD/m2)
-0.0012809074422252453,0.2484578150247306,0.34333405144101464,0.3121626107553237,-0.0015217437829626009,0.07541219584349515,-0.0007613471874372029,-0.000749360977821273,1.001520226691609,0.8489752104718347,0.6502001441573848,0.5800445694181924,1.0010117699380254,0.9473813407713293,1.0009506461048259,1.0015338698344765
0.011975351591472208,0.20128783299138375,0.36891693196772074,0.33630354334047946,0.01264831853067726,0.07523885382458471,0.0118587153942761,0.0129359541659122,0.9875550781094327,0.7773122563857536,0.6661955128630894,0.604588581210181,0.9871848222764577,0.9361300375864671,0.987554320107264,0.9883141532299298
-0.006532038854997677,0.2263365807726949,0.40216635438401943,0.3830938527396317,-0.007450514042225411,0.03846252355617599,-0.006757453723775318,-0.008205036886394,1.0068603126054787,0.8319479630156735,0.6935474122890868,0.6853467227917976,1.0075510039127644,0.9149362604422279,1.0064977533489698,1.0068252545068868
-0.0011082024107650877,0.26077086281727097,0.33945810161579,0.4194495566512073,-0.0007209873481728092,0.07016000762298301,-0.00034791974407460247,-0.0010142169826833694,1.0008089398809272,0.8574682491384341,0.6724086296702438,0.7061220614937957,1.0002441387204086,0.9614445740538308,1.000842403881054,0.9995633297820579
-0.025645478133416152,0.22433566174786757,0.35640532309205375,0.30038017555979585,-0.025300280407413746,0.02636072464686559,-0.02485667424624889,-0.02584517025614881,1.0255710093763046,0.8788737147770221,0.6871564773574773,0.6211664678596406,1.025840520343668,0.9385076600133024,1.026202926423521,1.025878725004478
-0.013852171320024403,0.22102844314194778,0.3548400365723924,0.3488265554025399,-0.013195923738719735,0.08111643242695786,-0.013270050677495357,-0.014734033035142006,1.013475395756907,0.8483502193069554,0.6793251672918277,0.6045962643679993,1.0137152818744346,0.9782491126243239,1.013186720678781,1.0123594926737403
0.018689808725744557,0.18871325986234289,0.35853050020642474,0.3343378232160529,0.018012699888842774,0.06590564134990749,0.017255711132286994,0.01647404986239408,0.9826291814434289,0.7641120008658737,0.6296839640438522,0.5851021273148387,0.9829099236055003,0.9153960522556454,0.9815960289708697,0.9811476285448452
0.03021597055999236,0.24050613529898687,0.41298336331747676,0.2605844553891237,0.02936003548830806,0.09395330198628433,0.030393812892007866,0.0301452844538937,0.96961017624074,0.7947056891622336,0.6539456124642902,0.4762868623711205,0.9702566842460894,0.8980277680971337,0.9705484089558201,0.9710526195188792
0.004728221673179003,0.21441205981848438,0.4297020124818065,0.4350334510625043,0.003391793079293551,0.050687682652139784,0.0038385986483599555,0.003149967798072742,0.995946894055061,0.8220185495798878,0.7073789834939815,0.683188806773086,0.9963534337662021,0.920762278370984,0.9971064917008098,0.996101038346078
-0.0004901590148068084,0.23575313173468546,0.2629820460027023,0.42241846204154265,0.0003950639335233263,0.06679118336645927,8.042664794134e-05,-0.0008217240496927289,0.9998291476109483,0.8304687697003341,0.6118904248511858,0.6668977880860555,1.0005018724589632,0.9559423399072094,1.0003391772882002,1.000689817922025
-0.024481778734855537,0.1805684720321262,0.3663471479100418,0.3128479742647472,-0.025928007347159,0.02574749440512518,-0.025183432745184378,-0.02456231021692957,1.0247224058774482,0.8459133552280318,0.6973550150228282,0.6203883102515457,1.0246245568636985,0.9769871034565673,1.0249772050440227,1.0259477575434415
0.016997466848529385,0.16825204950403386,0.3093746240723108,0.41256877105225637,0.016769205595960558,0.08769705635985119,0.015995520142903463,0.01542637922541809,0.9835857079415512,0.7422870716743835,0.5992350460927512,0.6424169016956098,0.9832363852946611,0.9483420629144675,0.9844503891933607,0.9836287429266868
0.0015546224930536856,0.15422916784977134,0.42061816203185787,0.3434344586180879,0.0014815059647717527,0.07506379247343709,0.0025805145357618744,0.001737336869520296,0.9982063134555683,0.7609350165840985,0.7107944388992189,0.6156366413244803,0.9986132297410687,0.9595812433438368,0.9991400315573783,0.9992735702072262
0.004874709585040251,0.1795039528349298,0.2400097815371618,0.3525933610371044,0.0037978911938645753,0.09907826152124043,0.005215143817147492,0.004158813913923929,0.9957858875799372,0.7664983178283102,0.5605198252936747,0.6609290781128199,0.9956843605187808,0.9903569150051049,0.9965023466408688,0.996534791549511
-0.014274340281594917,0.16672743206118573,0.27933529228868315,0.33597125140059564,-0.013103213074721265,0.0400019191830483,-0.012991686016908453,-0.014489983969399505,1.0133871202971774,0.792049564007707,0.6258399812835675,0.5945954738709831,1.0128384268540682,0.9273795898923702,1.0133430477374321,1.0122964155848004
0.011230174816901039,0.23675124706349457,0.41216416276858464,0.32582445477457256,0.012421951629251792,0.1017280674064042,0.011413464634572183,0.011237841702509127,0.9873687068045536,0.8350192627859413,0.6870764907439666,0.5925022477878221,0.988165490169726,0.960192861951676,0.9878255927903866,0.9880911659839496
0.015447780996565616,0.18362276876689715,0.3680149686541602,0.37418647313160786,0.015429068526207894,0.08050924831033295,0.014113160417403972,0.014072822024356457,0.9843355926875174,0.7776924834149902,0.6435606247102015,0.6206420128813663,0.9846608675974869,0.9358734216322512,0.9847140087956612,0.9849502634632945
0.03856403083098338,0.23459115389773946,0.31284444886278484,0.43559907004966575,0.039443745825417716,0.0945539320053354,0.03869694172823716,0.037365363594029,0.9612400898253552,0.7555777367224192,0.5489517560124552,0.65619386222457,0.9617337687301988,0.9058283726176115,0.9613578223308206,0.9602257989598534
-0.004317407821342179,0.17927488496953808,0.36469106783019356,0.3112684598419347,-0.0029885510903149347,0.04132724938309221,-0.005535570288006111,-0.004227470639316052,1.004810169502845,0.7990812125426591,0.6572885342133064,0.5889449086053804,1.0037531053912958,0.9290446253452859,1.003374522580162,1.0039225703876251
-0.013385552532356395,0.20316991618054137,0.3912137055292003,0.4736636871726829,-0.013023749082531713,0.0582408420708499,-0.013399125952133457,-0.014259168804212002,1.0127320358716598,0.831310776652522,0.6992822839364572,0.7203014714033391,1.0126413415953375,0.9504316533078111,1.0136845199200049,1.0128810924300382
-0.00694660157040522,0.18560345440621012,0.37434458846267027,0.40482753514896197,-0.006495755780139936,0.06488891511677918,-0.0074115101220560775,-0.007601501310625861,1.0065787990482702,0.7938513009239377,0.6793800530817042,0.7021567666705517,1.007283729337004,0.9388438588030529,1.0072627406730068,1.0079772301384138
-0.014763995934841154,0.18788129252362704,0.3482443001700764,0.2650018615789598,-0.014683506778094262,0.026002113638075648,-0.015273743876816192,-0.013903142570600628,1.015460748056438,0.8250977474234101,0.6475816140983462,0.5192651279548399,1.0148416032124155,0.924398619874996,1.0147899366321569,1.0166132613393313
-0.007289156720635054,0.14754254347827686,0.376142577886653,0.36811859588332724,-0.007787507325625946,0.03976330122411856,-0.00705220783340809,-0.008591930465688527,1.0072778740188604,0.7732841909446295,0.6772763863416427,0.6549390977328677,1.006972144024908,0.955493897871715,1.0075885206078985,1.0069197456064443
-0.008561173620612558,0.12452410052231258,0.35771596602938366,0.3336853033244945,-0.009239311905743184,0.07502964046372912,-0.008446817726182502,-0.008581505770543283,1.0086850883886331,0.7616948807564228,0.6631102109260953,0.5976578126098382,1.008596389339735,0.9544301387384705,1.0086760386027973,1.0090078417555066
-0.022970033717463804,0.22457619247726326,0.33281073487969487,0.32680787874438244,-0.022277024950027428,0.038483395492212885,-0.022035773079233684,-0.023072559865864997,1.0221462031549662,0.866475167863657,0.6480729486592569,0.632654991083453,1.0225015825909085,0.9626951735633034,1.02270895060642,1.022325250154704
0.00012546457548751514,0.19016936088787864,0.39010649322119745,0.3490437793829438,0.00026279941359232426,0.08320999923652772,0.0017732793926782799,0.0012840477152036348,1.0000257520023632,0.7956218259929018,0.6751559294914362,0.6169015852712296,0.9993365808805482,0.9460456858004687,1.000867504596085,1.0009445272734507
0.02392332270001859,0.23854692358658783,0.4180603371890681,0.34015685228105935,0.023619758326410435,0.09506517501696388,0.024570859049746183,0.023029007549500876,0.9753613019913213,0.7853241057948793,0.6948616189508126,0.5903300302907002,0.9743338171156962,0.9357224309774441,0.9764613481847538,0.9759985840728354
-0.005161388865366722,0.24882514855005874,0.3921152540679134,0.26175304399834254,-0.0049152454644548075,0.06557172533249178,-0.004200883926433651,-0.005357330647150386,1.0054873973905376,0.8725031924523462,0.6615696853471006,0.5145411358596006,1.0053317957535193,0.9386417089566462,1.00630386930347,1.0049774635203166
-0.030210549843071425,0.16972385498717787,0.3773624509285051,0.3158327391402517,-0.031183322259184285,0.0338385633514211,-0.03037308177846357,-0.03121703439271928,1.029372903889921,0.8245061696856374,0.7303938820331293,0.6060788590505282,1.0299086371510475,0.9567075490099288,1.029533792004041,1.0291916927484797
0.0253011232514952,0.2466307846886139,0.45074882313587794,0.3564531806294729,0.024522713726693478,0.03654956196700978,0.02457844141597139,0.02385122217174948,0.9745183676520868,0.7913746177404664,0.743020824866854,0.6170779610339148,0.9750266481431781,0.8677255872722099,0.9752552649275492,0.9749876779061879
-0.00558577682196178,0.18568818450598032,0.39715608427494875,0.32631348611559297,-0.006298408888960872,0.04954495062419961,-0.0050741272533453416,-0.004775579592843944,1.0063629108884804,0.7888113629520854,0.7275761957615257,0.607369255301021,1.0062783168794625,0.9536961902037964,1.0068837338063876,1.007691045106551
0.007049485227509877,0.21497242979632067,0.38288370654520937,0.3303785235002745,0.007285499603536048,0.09011866313412692,0.006847225335733982,0.006721714175558782,0.9932587599007787,0.7825145491223877,0.667152681474112,0.601886925438767,0.9926617048195456,0.9344177285908716,0.993275012364678,0.9921671177394249
0.00402278635760834,0.12836076962012904,0.360817972498464,0.4090526055616677,0.00533941182456702,0.09179634527981102,0.004704880811657306,0.004074004883000271,0.9963186154711692,0.7337280312369954,0.6849524638335556,0.6268248231632545,0.9954028529908922,0.9675072770340208,0.9968352763505817,0.9959471506512072
-0.004823363745530048,0.17490811164711573,0.39584277610178653,0.37737166444990894,-0.004902197868956521,0.024702737418286116,-0.0054601273116715735,-0.007062012447944363,1.0063179046620325,0.8090761764440904,0.6999546258997478,0.6501890556982755,1.0058023565138574,0.9242767526541376,1.0070263175189407,1.0056603725908515
0.007267996458702372,0.15115003435828053,0.31535667808173734,0.4292342197861185,0.006827489553218522,0.08873445200053538,0.00610826695769637,0.006350269708822966,0.9939825658034553,0.7543473936163065,0.6001748474962705,0.6784040689774122,0.9929567663028417,0.9383992342961204,0.9933871840300554,0.9928855662764668
0.017444351796971142,0.20356223487405234,0.5073059081972081,0.3936813630362069,0.01789051618709841,0.12234618839733047,0.017699008852439725,0.017743633481227025,0.9823917063928276,0.7683784571359862,0.8147990618555505,0.6257900883165041,0.9818735780001469,0.9724773418580037,0.9826583492218137,0.9832975569688367
0.003502455631482337,0.15220017313052409,0.32175041336861127,0.341973878463655,0.0032497050232781224,0.03323633421158622,0.0034453847024484914,0.003626437303922396,0.9973054749192638,0.7536658365740858,0.6359098175802849,0.613476868079214,0.9962236554553804,0.9038789958360827,0.9968602031800722,0.9973513756732328
-0.014476856555749177,0.1943913803629486,0.25680721502017034,0.3649886174328592,-0.015012151097968524,0.033963617710771006,-0.015539254088722119,-0.01374307147510948,1.0143141979099717,0.822685356196079,0.5801250834976728,0.6204176527227165,1.0146310772131766,0.9315231476751142,1.0149050376628328,1.0166553159465455
-0.008922118120407878,0.22761072191926485,0.3238978003716592,0.3355111713625067,-0.008328734879214261,0.04995397410597242,-0.008702519986144198,-0.009497281898064936,1.0082617567553456,0.8478094049646281,0.6326923485978683,0.6396621262484881,1.0096025928300094,0.9776861988356126,1.0079530903627785,1.0089936707027458
0.01001125767863162,0.19861400182547262,0.23040980449240164,0.351740100873048,0.009816793660310458,0.05247286908977884,0.008541069271332122,0.009559978017526269,0.9900543456372123,0.7996101246806886,0.5215434556846621,0.6176718846307894,0.9902864772518326,0.8993858307814733,0.9897531521989624,0.9907843832244531
0.009239016486419829,0.1616638322397038,0.40043493947208497,0.3715812571408096,0.00915090706612354,0.09277048387417916,0.009028810964521088,0.008931616748454786,0.9886944716628356,0.746183938932776,0.6792006487266229,0.6147307110280249,0.9893650458072917,0.940296706327782,0.9908305906877695,0.9903244588240907
0.009027490873345678,0.14830602201055273,0.46420489906282775,0.41996574966597333,0.008958953663262251,0.08465575702075137,0.009049234815158298,0.008841226846699593,0.9915911224048704,0.7478068865077887,0.7549100809841909,0.6687099810736168,0.9913538156387237,0.9354043829262954,0.991354159586714,0.9913253958576321
0.031597961431974735,0.2695056684477459,0.31221978530358213,0.2934439142203522,0.03180369880562903,0.07355602659330603,0.03207419399251426,0.03177856450818366,0.9680254022484283,0.8356212836359519,0.5282830922195896,0.5203384276814464,0.9680670959777784,0.9042594003758926,0.9675448490766286,0.9688821373286199
-0.022823825139501097,0.241357626446326,0.3351253110091804,0.28788024025879055,-0.023066165761861896,0.07539054162270946,-0.023378199043659297,-0.02373677469495598,1.0221418360436103,0.8714888693780524,0.6821048833952645,0.6038449238093577,1.0233154225998309,0.9933071911924722,1.0219082418568675,1.022578847977364
0.03179039797428456,0.2745485670197262,0.36448568841430456,0.3477728058177572,0.03159598617723217,0.09504681132099148,0.032491020354847015,0.031495904476003464,0.9677866192766753,0.8277062981367401,0.6240547617716199,0.5841458467642751,0.9679677071954553,0.9103616717294599,0.9693456750181033,0.9689296599794772
-0.01671949703914938,0.1689433553717841,0.35014585465523124,0.34631137291638675,-0.01618325860480626,0.02981313745924925,-0.015035213305781595,-0.015946636450500807,1.0154214793622427,0.8064315100840292,0.6642810727321453,0.6698033024246453,1.0156724607262622,0.9539400727397176,1.0174071169339027,1.016537209765903
0.012898377151249677,0.2524441241699323,0.36054771927612994,0.31151273470465973,0.013880535924463686,0.10017861830030687,0.012972600659208168,0.012102977352591119,0.987038147638354,0.8317645987712885,0.6588217822809284,0.5960641101419077,0.9865370778492719,0.9614564381875649,0.9864949367749359,0.9873160956975946
0.0402336009102781,0.17233323286863536,0.35065758379705597,0.4125554707483782,0.040387679925653446,0.07673898981810894,0.039434648655132874,0.040240029478612195,0.9603598499925221,0.7058221680446697,0.5922668280045713,0.6581273788968902,0.9602009655189138,0.8819187811647685,0.9596914395796683,0.9603000278920341
0.031489984260253956,0.24130769276396305,0.327251115037716,0.4147584895211685,0.03171279622172561,0.09752379327766193,0.03267921135432305,0.032536962085028986,0.9678673191305953,0.7885594730870609,0.5772345622732373,0.6184735380554609,0.9675742827523292,0.9062562287242153,0.9692242383602124,0.9695178086549635
-0.0016621288774599247,0.2063359778545441,0.2978487336590066,0.3866596204047743,-0.0020139228845292797,0.04735083936184491,-0.003636165413892396,-0.002502104181250078,1.0024116250528639,0.8293217992009692,0.6131664873418015,0.6516124958033201,1.0024039807186889,0.928792437514395,1.0019160332011796,1.002636467077389
-0.016416618768217966,0.19142031226068684,0.27417037179331677,0.3212950930908471,-0.016121547345438372,0.060378138801057656,-0.01663214017496772,-0.017483518041258604,1.0157123133626844,0.7965425867105416,0.6251486976043865,0.605588882445021,1.0166178013055418,0.9565093220544826,1.0152616860030939,1.0149267659965298
0.0024915450460461083,0.15173049856968304,0.3257817434329994,0.40506515161689777,0.0020307045748124363,0.05393901338773346,0.0024706212719935107,0.0016683889969900667,0.9976456013871038,0.7466532121501854,0.6117786459472396,0.6622144869195876,0.9972934583253726,0.925710770564932,0.9971865194429481,0.9973151997703156
-0.03551393191954109,0.1344441521698647,0.2694200265914763,0.3396401072002707,-0.03519694651937933,0.019637372196551116,-0.035137241860667,-0.03567656224656048,1.034436978571709,0.7903976549832641,0.6291511910289429,0.604564598333085,1.0344508801837746,0.9306114036535102,1.0354768026310845,1.0354720278953176
-0.003427596456153564,0.20117883648106702,0.2575192494164011,0.36568896723410604,-0.003811744283580134,0.018783699566002326,-0.004318573472417795,-0.0036834206750935325,1.0041598447738234,0.8370687802510697,0.5709817152951879,0.6645462462233775,1.0044658385758711,0.9101691444970248,1.0035084168524202,1.0047893914738573
0.014103902826081774,0.28692499028541485,0.43232763377340444,0.3998398394206371,0.013539372407014161,0.06016877040209246,0.013709641885940479,0.013758824095534224,0.9865419939632625,0.8708586323536012,0.7254436768302267,0.6524402473405584,0.9861574468754366,0.8992761305717684,0.9862135341210357,0.9859980052265032
0.01068811198372262,0.20154367035809312,0.44704026867462415,0.4959681542135326,0.010655602934414176,0.04377522428667653,0.010986808592896422,0.011116558726199054,0.989370842653127,0.7848072208771604,0.7514911606053694,0.7387780789671009,0.9884675888375941,0.9063670143365488,0.9887396586773612,0.9899530968442649
0.027260934787025088,0.2244931246136397,0.32573484818323456,0.3483817508089079,0.02752896168112247,0.10661254371031673,0.026579270583759657,0.02676773315818551,0.9718945713139986,0.7955673093320366,0.5957377157351086,0.5865000874113883,0.9723714028595979,0.9352568767593421,0.9723994093395539,0.9717919111277782
0.006740473156626423,0.23153942347133236,0.37290026652097735,0.35623975262522434,0.007036311556659294,0.07697637021644453,0.005973853821910031,0.006483004294710485,0.9932215490241951,0.8099802946023397,0.6652916622093457,0.6545114809870114,0.9930489482143395,0.9401000649330638,0.9935777171575446,0.993165753071558
-0.002839509403159255,0.18716759644382347,0.33182588591621376,0.37217316057599975,-0.004486295232395551,0.029286738581421324,-0.0041244049693632415,-0.004022127093904412,1.0043963879956002,0.7844599748967138,0.6822966623170096,0.6155142275091622,1.004002062393085,0.9132691369482506,1.0042484880424916,1.004643077258863
0.01695448397744079,0.18956028771927377,0.31531242900874534,0.31197533641568415,0.016543822918204557,0.09968248472903744,0.017062653854767924,0.017458982526867166,0.9835551989545266,0.7506383775144274,0.5998689141465612,0.561780821716659,0.9830787048142955,0.9521386588579005,0.984190095063484,0.9842732071911173
0.0077100296300645094,0.21775125855375346,0.324666673579535,0.4117885459271278,0.007126034931972694,0.07584413481529273,0.007227479223527775,0.007976583281061333,0.9928163365577507,0.8220939746309144,0.6003658100859578,0.6619932755086373,0.9922901476960625,0.9267913354712534,0.9920415530683665,0.9935662651642987
0.014942654755465126,0.24469797517691266,0.2784749379074206,0.33164486962991857,0.014360576946108644,0.06696868824088205,0.015447771298071794,0.015196929085254583,0.9850597759801963,0.834695597831355,0.5605485887292486,0.5907496457906241,0.9847735973852078,0.9527813174460458,0.9860371327548481,0.9849900762353104
-0.023380236866865706,0.2136240535494429,0.33336511291349347,0.4079799075988605,-0.022923762595780616,0.019420909320550312,-0.0235902778689893,-0.023265108439711052,1.0232283171024068,0.8339343881388048,0.682916155941294,0.6867603791543677,1.0229759661896722,0.9215535128141665,1.022380624498812,1.0234862973846113
-0.02034710715675209,0.19274548477191492,0.4280152260854894,0.40204726720521944,-0.019986450300543038,0.04821645775487349,-0.02051365056685397,-0.02055863845380146,1.0200285641086546,0.834214169772067,0.7717933539719927,0.6869789885081093,1.0214079944405385,0.9698048302879694,1.020749749270651,1.0215980828180709
-0.011684493772511533,0.16334545369181552,0.3156467025556514,0.3253332636835982,-0.012799876165414751,0.040972598372402774,-0.012445721738941927,-0.012492914372461998,1.0111509683883007,0.7879311162120902,0.6111587261581408,0.6172499311378032,1.012444195711087,0.9395308707547574,1.0130643843480844,1.0126910878062374
-0.01587134540401516,0.22671606596639643,0.3425960384471148,0.3544688477155267,-0.016375644669467112,0.03473300109264425,-0.016275533218924318,-0.016934156214199685,1.0170627288736287,0.8339559472359779,0.6942685856750133,0.6700870993391005,1.015850210278289,0.9503739987506015,1.0164760807926072,1.0157723806677939
-0.0024739860892851297,0.1932219595071451,0.35579040392449524,0.38568977532586357,-0.0023440141207059055,0.04134491865193983,-0.0024248596779820573,-0.002952700079357995,1.002547240489038,0.8183453352198761,0.6211323807942667,0.6955543436292901,1.0022266679994531,0.923623741837223,1.0027482420709972,1.0027978502552217
0.013885889733254475,0.19351836628083235,0.3544168591523928,0.42446465317100723,0.014662966650251066,0.09188036714365987,0.01504632422563679,0.014334471291241942,0.9845716887032063,0.8106263588667995,0.606254965972804,0.6862064643181632,0.9859870726862615,0.9345429635927148,0.9856867715667574,0.9867621372412104
0.008548689412584444,0.1670880766048985,0.3861308923091667,0.37422974077341803,0.007823291182196886,0.08872656134398024,0.005986611294050176,0.007017108911464935,0.9918009207318806,0.7644894803661291,0.6706566338875858,0.6505887536929297,0.9929575227760407,0.9521644942401697,0.9914676185540054,0.9920782915693889
-0.012144562130396167,0.22965503605656637,0.3800390065149595,0.35601245892791955,-0.013029994562536,0.04143531655525714,-0.01304723776403578,-0.013952194804026609,1.013468799218243,0.8529503371287,0.6959648814068655,0.6723919333123138,1.0129460632369478,0.9401234512794532,1.0124065225271626,1.012405205000663
0.016708378548662084,0.1511512372009368,0.37317558332363276,0.3575502691612313,0.016414470008191087,0.09804311060360202,0.017663387393705803,0.017306410451463732,0.9833936741509903,0.7312043094688606,0.6413054044447752,0.6119084610457997,0.982329001059678,0.9601095292307181,0.983232293579835,0.9840918358007835
-0.013643898176157899,0.17339281424998038,0.3717407874340661,0.31420267015120007,-0.014095030282372337,0.029618370780967882,-0.014532614741923135,-0.01363394591792142,1.0146413128630223,0.8032758214240038,0.6998902176847499,0.6004401470908658,1.0141207978907059,0.9294690798014896,1.013692394573421,1.0146089335156756
-0.011895962104785713,0.18897275602485322,0.3411978869018998,0.4292506940711693,-0.011426785381587494,0.07047192590686208,-0.01228837821318215,-0.01234851389426469,1.0116378977389953,0.8027882442358486,0.6722699125832304,0.6986278660134094,1.0115394155019755,0.9570561850244159,1.011412233963443,1.0109201070531086
0.017595374178002963,0.1468120280115076,0.3244321531353963,0.44989791086832603,0.01616270477826462,0.04943588365320579,0.01547791403058455,0.015322223436909912,0.9849925338454956,0.7258972053039836,0.6117996746451565,0.7211444374581631,0.984055388942105,0.8819559641599182,0.9853537039525743,0.9843595451559123
-0.01842230110856784,0.21665859884690306,0.2758978796950921,0.4206380014816539,-0.0186011225060698,0.040726431141678995,-0.01843193308969605,-0.019844013654064782,1.0184776423666566,0.8664323139227096,0.584440857698864,0.7069969805779338,1.0187885266518264,0.9489459037475716,1.0189322294609295,1.0178732617818824
0.0004113638352702668,0.18581991617785756,0.3955214524763068,0.38333889773130614,0.00026310523184646365,0.09085082868417728,2.85266431812556e-05,-0.00021432586984330824,0.9990206471592358,0.7758394425074027,0.6939047747941833,0.6769835869769025,0.9995078198200787,0.9735074083000113,1.000326899181197,1.000436758870739
-0.0028010312063275968,0.21266391401946455,0.3633082922629381,0.34694264093387506,-0.0037218017400818958,0.06326580623263499,-0.004356816037853867,-0.004460856548206825,1.0033426604552296,0.8412365014798634,0.6406685193386853,0.6093918457712948,1.0044709225922335,0.9467853393062023,1.0027161991383753,1.0024995473475498
0.018796406859297714,0.22823990104308967,0.3661841095670819,0.40367044626772475,0.017853403590473084,0.010663204613293412,0.017173544561067403,0.01803135168279562,0.9817834982772354,0.81119634393264,0.6613414757893099,0.6619999587917658,0.9817615403469673,0.863916197499693,0.9821497461991827,0.9828884697888154
-0.02955289270340355,0.2618737177068186,0.32429853974607886,0.28836289428153644,-0.029258018437876405,0.029425545936801877,-0.028971217282984695,-0.030653489016053595,1.028046431115636,0.9079515174332254,0.6863332997753228,0.6035078880109499,1.0296963499893774,0.96902167206225,1.0303066584083176,1.0285080444554826
0.013458807341435777,0.23091019181041658,0.3628070020389784,0.35285810690984654,0.012667815111831258,0.11392582074068215,0.013057885144864794,0.011323822177626017,0.9865533415944095,0.8316773332379881,0.6424999426139484,0.5931995691845222,0.9870051992374995,0.9703922194109666,0.9875068040178299,0.986483254056658
-0.016874440761416823,0.231227342048569,0.3150970865160863,0.23543672494917262,-0.017380316271945473,0.03639834722101453,-0.017533436600289276,-0.0174744956509454,1.0175458747543662,0.8735663369089988,0.6137270884436229,0.5173338720093538,1.0172900717154068,0.9481276432166212,1.0179469278722266,1.017629139286241
-0.0280568381984911,0.22328426025804346,0.3407967386199908,0.34472936516793984,-0.028544604177829867,0.028573087554799023,-0.02947474037200231,-0.02941938381555303,1.0295788008456397,0.8689202178081133,0.6764620584931852,0.6505050331034785,1.0288371419349134,0.9717858136764144,1.0292625886822002,1.0296171507485743
-0.026086714983327923,0.178984315620651,0.2855964407352673,0.3699522347698749,-0.02616759504648217,0.03077546413978695,-0.026143492782707875,-0.02568675232031781,1.0264482901780523,0.8339658803350395,0.6528068138819081,0.6635245285529237,1.0268137545653104,0.9722383256860665,1.0273439618812463,1.0277390417914907
-0.01832718932176717,0.18773621545071412,0.3950801495635235,0.3927971525797547,-0.01861271819745303,0.01707738463317077,-0.018377717535775183,-0.017183264609904495,1.0188694338768296,0.8166367245575827,0.7298735879326549,0.7046824520950257,1.0182171615629816,0.9358640302701524,1.0183838951739301,1.019889761895429
-0.01596870292279129,0.15996367850025706,0.38231794571038624,0.44133338633366426,-0.01594948460744359,0.055004101671944944,-0.015439443058692838,-0.017352734168098172,1.0160881996802162,0.786209023214223,0.7125551682413351,0.7273209419606396,1.0158391747090505,0.9501313532422347,1.0171990684546213,1.0149826558182868
0.01875879374721325,0.23993444961893526,0.4073127314417501,0.38574391860288,0.018689970432085375,0.07148076493176511,0.01788348519079098,0.01874187069183249,0.9811635374648682,0.8117139082815699,0.7075281944021266,0.6326221640243237,0.982001822047931,0.9250412200416211,0.9816079766102479,0.9825837300691764
-0.021746026351638057,0.24952609166520576,0.30383483438697423,0.3368401258798889,-0.022007327856801182,0.03426572827231476,-0.020881163226910512,-0.021719825182601266,1.0217575580662028,0.8887292328875313,0.6159654635221095,0.6235496960841698,1.0214863821265037,0.9522502807103873,1.0216658845685858,1.0219034452778455
0.03791451781617722,0.25936500689108055,0.3342141223748797,0.4569906765991651,0.038524551589553035,0.10822721268227237,0.037027603261003614,0.03690566699759739,0.9620973150917141,0.8163932194573709,0.5774034857877179,0.6615087841003042,0.9619134624403328,0.8967222651629172,0.9615782830801836,0.9616413792001187
0.012855807798111678,0.2575285784031246,0.3306114103403399,0.4463683142160138,0.012773256863431563,0.09651959129307139,0.01268646167824082,0.01352316503277362,0.986273719513087,0.8302172355383617,0.6356854124834596,0.6916574725722442,0.9868026541013263,0.9385945570963793,0.986922305023084,0.9878802057500488
0.021018936552891908,0.16899769710755025,0.34908241727849254,0.28535989161337344,0.01991966374537483,0.08621689290060257,0.019530394753596005,0.018648717391126373,0.9806390862877111,0.766329604812976,0.5655833321874166,0.5629803619989749,0.9800786890861549,0.9425568654389086,0.9806856498733008,0.9803139364100044
-0.028379142341081937,0.1916443475575342,0.36453488310051896,0.29525691957156025,-0.028901616531452297,0.02559811275611514,-0.028065685903419985,-0.029209805219595323,1.0279256172803388,0.8532357657577074,0.6784982000459143,0.5798472734938016,1.0281612431608163,0.9476945425251752,1.0280175678991885,1.0288480143691456
0.016417482673350012,0.21159317874732134,0.2581170389321322,0.41016992864689455,0.016376484740545226,0.09328880127836482,0.01641362272131718,0.015787365469541632,0.9835821625705718,0.7781664650734362,0.5396967252078395,0.664271027328079,0.9846857044098778,0.9286047157182553,0.9835368688853316,0.9837640940293141
0.015888324621361215,0.15736762196382914,0.3145953717141748,0.3872070040748254,0.015541472154547148,0.11585536839527452,0.014491731094703024,0.015931732290474305,0.9840366148992513,0.7424795898003289,0.6030030568186163,0.6309048388582223,0.9838487222695986,0.9583795812406882,0.9837894848894078,0.9850524340032835
-0.030435505643015497,0.12271906186400386,0.3267271442877195,0.43335563331053173,-0.030711606908012317,0.02590162745049171,-0.030879505029937995,-0.029575426962892604,1.030018769217877,0.7856500460546716,0.6781268995271876,0.7347021762953226,1.03046491533151,0.9468371214810118,1.0302430018962498,1.0326996541614368
-0.001279064814283661,0.19853608230336325,0.3888198450729677,0.3877925177396149,-0.001089896807568506,0.03371743510315784,-0.0022838837766274815,-0.0018797460856475182,1.0020578277386918,0.8200217524252681,0.691647040657777,0.6563555206938894,1.0017322211621702,0.9064481416127873,1.00249722877048,1.002701212784099
0.015489962429574849,0.22736371721556725,0.29049133138362243,0.3953027386815357,0.015102556394273756,0.03507002045810103,0.015145139671432682,0.01594222073681402,0.9851802288999207,0.8241789316158554,0.5632402205213557,0.6663284678697494,0.9845558346626649,0.8899085156928985,0.9840651003207602,0.9855144851076123
-0.02971058137034683,0.2024537924164575,0.2944767115724232,0.2712308944348769,-0.03011097287082685,0.031443985561428585,-0.028404615478587962,-0.029356466972956498,1.0303412197106026,0.8576642843105957,0.6481796409206577,0.5921097162490399,1.0298553441151181,0.9838058644109758,1.030489360278105,1.0300720256352665
0.022721231420335067,0.22083650761739712,0.33413350552956955,0.4055466911907656,0.023448911221983417,0.09755407737705671,0.02299895511302122,0.022821572188800168,0.9759828899092343,0.7782761562988996,0.6220157919313487,0.6711703146139205,0.9766325035023874,0.9354435819106722,0.9770370543087692,0.9770596503725594
-0.008397517567789432,0.21960181679230054,0.45015919304083074,0.32093929639159385,-0.007681760740228021,0.08279259566645097,-0.009280195679191637,-0.007307968042358187,1.0085116253118556,0.8337847361375506,0.7428167419773075,0.6419712111796457,1.0081244765362618,0.9628997307780276,1.0076150983340622,1.0088719243668263
0.01287263864234302,0.2402525362526107,0.3468305100176602,0.2421314418882678,0.012839500401263608,0.0934339510923427,0.012977817703630911,0.013098810643186569,0.9856775749879577,0.8374076663928655,0.6121737061641277,0.5014214398484627,0.9867638929219419,0.9428474750769309,0.9870269824007241,0.9877785024634793
-0.03270361519678198,0.2259381600592656,0.3792795133240045,0.35781488265121864,-0.03305039919596472,0.027328007442436943,-0.03381399792499734,-0.032223489598895,1.0334074306190144,0.900390611325483,0.7142393212857097,0.6665262148178026,1.0318970423775586,0.9648480805140028,1.032351632931174,1.0345556049304332
0.010149371752450273,0.16935380654406149,0.4368041667641219,0.299544742867982,0.010402320619313175,0.0676265005719236,0.009196307701420573,0.00987702631224079,0.9896728382726602,0.7587836155942831,0.7148323424189436,0.5658500022252835,0.9890956622748416,0.9305696432247097,0.9896406754943171,0.9900629448366793
0.0008654163042711956,0.2516336103171057,0.226414066863072,0.3877989663058546,0.0009561801635604732,0.07823427154057742,0.0008065389559845364,-0.0004243035519945495,0.998289993381473,0.8388737585744316,0.55509708801919,0.6445724701453496,0.9986650002068523,0.9409728449529956,0.9987082992237001,0.9984535728766792
0.0064962074568096625,0.17452808433553474,0.42637836561479436,0.42937631193255904,0.007155990384734431,0.036684322350970966,0.006134680764663914,0.005942341655803299,0.9922436861749487,0.7748246936982595,0.7196415537991544,0.7141551444072363,0.9929941284481204,0.9036347128279402,0.9927658963285108,0.9921335586073209
0.011633927858085145,0.2304077111133947,0.3260352140341743,0.3775419698346353,0.012513275483497755,0.09816182616800496,0.011522214596479556,0.012255791158504368,0.9882419835493064,0.8021130161724164,0.6265037728951401,0.6154888316316554,0.987186829461789,0.9413896792283538,0.9873683268479017,0.9881060758635875
-0.00814034978833517,0.1518391462502552,0.4471385810813387,0.3575131919859867,-0.009059494715656053,0.10018402603426006,-0.008715064889781392,-0.008484859323457689,1.0077684626200825,0.7773713913485556,0.7633721068188847,0.6396805557630844,1.0082656763871372,1.0038089014339415,1.0093645148117996,1.0082625169506827
-0.01289785356003754,0.25010708146916133,0.38902640111051007,0.4121383493524977,-0.012937606900816832,0.08153938580382826,-0.012937397149325052,-0.013080333722641205,1.0123998305750286,0.8889554514772923,0.6746820894623794,0.6683271599960374,1.0124744245374175,0.9726423833285367,1.0124285927932508,1.0111818204135143
0.0082883164368989,0.19577426452173458,0.41757804138585364,0.3698335163435185,0.0077413704647987976,0.08091712540102226,0.008762692153547325,0.007857098846332426,0.9918645368883221,0.7848143643502143,0.7153375414141725,0.6344529575748702,0.9925326175013587,0.9440498993168659,0.9931373965073982,0.9922044815723465
-0.002389138070684405,0.1856739408783214,0.3319958423646863,0.289402972021646,-0.0031608061390376993,0.013839375457945127,-0.002621154413859259,-0.004028144330193627,1.003887304595808,0.8051368184247962,0.658748989175413,0.5966826602237688,1.002935594974314,0.9147658422140074,1.0039844819617656,1.0027085727185208
-0.0024761587088406576,0.2059230295063664,0.33465261916890204,0.40228756914710134,-0.0031527690073180886,0.07189892775867296,-0.0031551178755325716,-0.004195748717606665,1.0028138774693531,0.8278896757501157,0.6291251978617081,0.6523532383304184,1.0030232531157273,0.9619472003350549,1.0032068007960453,1.0031627572802555
0.017689513880778593,0.2275864163871668,0.29600707934623127,0.41089066611823366,0.017150093048051453,0.06802460969630472,0.016830042831924654,0.018366176640999567,0.9824873558017698,0.8014130735626871,0.5549100533253536,0.6384207040078014,0.982333320508118,0.8990411431961471,0.9818718284503785,0.9835593609443826
-0.015536542518855317,0.21050695381880738,0.37584274689129227,0.41839095309433894,-0.01616976661687018,0.04461959766669888,-0.016470928875797146,-0.01497889387099223,1.0155673662139955,0.8523245162291095,0.7066962326738866,0.714694512958089,1.0154160532375796,0.9535026423635563,1.015863804721831,1.0162058295482956
0.018917279749080636,0.21524415959646082,0.39356351438288406,0.37618648057464643,0.018772464592560344,0.0744911388613037,0.018750363724412487,0.019056352791358602,0.9809429706340317,0.7968031582533824,0.6641879707238366,0.5758817515369228,0.980949864135244,0.9196167746220029,0.9806695970820266,0.9815313114815829
-0.021669277497889328,0.21514115162812558,0.3664093433904911,0.33224839772248976,-0.022446029585288955,0.03571395887303826,-0.02205710244764685,-0.0237392002966265,1.022474343957168,0.863775461072194,0.6941605221321315,0.6215624595870887,1.021655594989151,0.9581734772103062,1.0221337308090983,1.0215825592625203
-0.018943743828552514,0.20432817501264344,0.3168698491845644,0.35974164489794974,-0.019034862747919247,0.04623117620957548,-0.01858501118702349,-0.01994788958433598,1.0185580547564335,0.8156939376305302,0.6914794889814464,0.6586206071368406,1.0183900217443935,0.9693157953085101,1.0195432604675565,1.0186659456428298
0.01215385905074378,0.19226903909709805,0.347115268299947,0.39202365341886264,0.011648327113620842,0.04045627068910633,0.010762330019272326,0.0114958061162266,0.9884265962780524,0.8000091880777158,0.6249746298767611,0.6375038749113511,0.9883476156562482,0.9149126799391485,0.9887296491176194,0.989026630234778
0.0067748847987541,0.1957421479588549,0.32697828974662085,0.4110070866955424,0.007905627972305705,0.0979112905567987,0.006720332904298795,0.006706504889153432,0.9930037393779088,0.7832976257247364,0.605506745087219,0.6591523638372125,0.9922589622985843,0.929444961382594,0.9921578485914224,0.9927444345820678
-0.00026299924713024957,0.2520740404317465,0.266980345064816,0.21518541092749993,-0.00034557315108092566,0.0800469889972158,-0.0009782489524358434,-0.0008974083685230332,1.0007919489162815,0.8616662898438792,0.5815711333374568,0.45781811127504635,1.0002938899448814,0.938447545789628,1.000116236279704,1.000494994047997
0.0073387894709300095,0.18294765499713775,0.28660141690674384,0.4072271903369491,0.006853571070756351,0.09508928925517393,0.006874569116558622,0.005713666381084186,0.9922975820281353,0.7708574641285844,0.5867883210419989,0.6391255951351938,0.9934466258334588,0.9464871581089033,0.9932609407859984,0.992175148359778
-0.004869232307678575,0.15571675581163094,0.3931736984481067,0.3056935840819626,-0.004786073476419652,0.06685472480619663,-0.006138813268046997,-0.004861430837895081,1.0047860870445857,0.7701820599763032,0.7174104929238394,0.5492464433198974,1.0045197486910435,0.9526261847842552,1.004757927874159,1.006345787975276
-0.02417878325613717,0.1500584221152668,0.3356602420230024,0.39717202868904483,-0.024451515159080797,0.01909634060392096,-0.02500060749980847,-0.024074192706717464,1.023036971923997,0.7654903519229063,0.708061205430212,0.7035183920493231,1.0246577652005382,0.9381945723656563,1.0241374462862303,1.0254223105514928
0.02453480994541703,0.2171285648357863,0.3886229134851768,0.40350809034867025,0.024177078216188655,0.06333595736314274,0.024810826301899527,0.024597867792486253,0.9754505299848447,0.7945846934999069,0.6439503763085757,0.6132084223940245,0.9755899142183705,0.8791145416923757,0.9753225588063423,0.9750257548375533
-0.013547802952748187,0.16894604860542414,0.3701766063980052,0.37033591066877447,-0.012267422697735337,0.04348054547211195,-0.014095594096527433,-0.012688702821981339,1.0129297825094,0.8186954979497452,0.6847710255138799,0.6624339104863178,1.0133964197622938,0.938448854145059,1.012983508258756,1.0139433735551033
-0.018892151275686924,0.1289017720200437,0.3485323615556518,0.3468474361750197,-0.018439756006254512,0.0002595242801281069,-0.01855736801095139,-0.017897742137826373,1.0187201041584166,0.7989113698760962,0.6390497045044636,0.6510438316828127,1.0185801714185112,0.9191984948076742,1.0186199670552132,1.0201774326210005
-0.001826684945549394,0.21281523362865487,0.3391305673281128,0.33900578344862387,-0.0024089693994841814,0.03624045451683396,-0.0020668846096938056,-0.0027036909715549193,1.0014840096984328,0.8340815086723297,0.6253258035991576,0.6260165691469765,1.0022438942833507,0.9238276301401368,1.0026978559234478,1.0019875644918401
0.016397826100032133,0.22016838182697673,0.4126244847260592,0.3470034439479813,0.017138703089640328,0.05142870828797776,0.0177663568628021,0.015964954929183376,0.9830652014167873,0.8081389991265215,0.6870198486026386,0.609321507060056,0.9832078315827729,0.887508867895277,0.9833701910048658,0.9826628156036744
-0.006711898674724946,0.22408038558059917,0.3850635412799834,0.3594965619236652,-0.006249221478198385,0.07042509128069886,-0.007256703658490006,-0.006293300265434609,1.0054222730900075,0.8549963147040517,0.6793087751997755,0.6353252930705462,1.0070903982582045,0.9751101821781998,1.0055201914615504,1.0059517061051748
-0.006892774829995114,0.18650618676981734,0.3191462003326194,0.4323047912230085,-0.007636762798034524,0.05636868372965255,-0.007642395282838239,-0.006741469084971133,1.007147058813282,0.8003630047358613,0.6547575329150397,0.6899865608115863,1.0071705926513634,0.9677584900948479,1.0070287148966488,1.0073660718479946
-0.016545162310068,0.19630463628922143,0.3086916177711499,0.3078512347645385,-0.017226143106616593,0.0587147999726482,-0.016986014824919418,-0.01605747148807268,1.0159229976333555,0.8315576331458381,0.6387110068786284,0.6256695217886554,1.016426744809676,0.9862042384992648,1.0174059814925298,1.0168189515781476
0.028036533250544022,0.23215655358529055,0.3646092144183384,0.4292710104436611,0.02833897312986454,0.09486938674215659,0.027959641466910226,0.028182372065254018,0.9724126483171002,0.7760277305298946,0.6152671202778794,0.6828768625835423,0.9727256301473174,0.9143866664661602,0.9725914646722432,0.9729579236028549
0.00802474498875884,0.1575496077073164,0.36452253584111904,0.30061350380673724,0.007974591156447598,0.05055139727988813,0.007429887084023904,0.006637147479100022,0.9917385975147555,0.7436639540952161,0.6618978268688691,0.5557842361093803,0.9919032820638609,0.9245317522464683,0.9914043547759809,0.9907632273138217
0.005171461659635191,0.198296306353598,0.3710484099601197,0.3840435976965481,0.004735674051754043,0.07789958514057571,0.00324491579190187,0.003698880638496438,0.9957764598204509,0.8089244942552339,0.65011204171216,0.6646760864129995,0.9953087359130002,0.9425748792931029,0.9949788961015177,0.9955638569325934
0.02425664142943998,0.2107257639616661,0.2711214750995493,0.35817948549803624,0.0241746040141366,0.0902157774262542,0.024131103151766815,0.02405715138821616,0.9753318374286744,0.7757300037018926,0.5114865249169087,0.5600349362720891,0.9762753065728774,0.9169605207147649,0.9752738893840793,0.977417982001809
-0.013238321679354088,0.11802263606482717,0.3333767746554746,0.42884688001873605,-0.013877041623039914,0.06482281025643347,-0.01346620089832447,-0.01329696863138918,1.0135598056941755,0.7604387585008118,0.6440331815001371,0.7219678246773755,1.0134915222600258,0.9801700769654711,1.0135594149242775,1.0138525760597452
-0.03402869825530858,0.11697950867371182,0.30574102232140576,0.3785157396112009,-0.033301821900685945,0.07193977070891891,-0.033997137750358584,-0.03681234435283372,1.0346540190226279,0.7733932879118278,0.6595897312761835,0.6673060932878009,1.0338440201488037,1.0030960717617992,1.033846809406102,1.0318115449873968
0.011658914559043386,0.22013887482258868,0.34271712335905824,0.3932992340246918,0.011251686993352246,0.06015609004437719,0.0106380948756949,0.01132306240480457,0.9884725449566372,0.8106640839419277,0.6312434047088193,0.6713459306198613,0.9892840098544902,0.9170449248364346,0.9884562707848676,0.9887140544627177
0.0627003461493637,0.3083357623137338,0.38888481895644506,0.31056832794523115,0.061947301813258374,0.10733870495954549,0.061907077429788425,0.06023528806074396,0.9379354478865056,0.8007785452350278,0.6203249020957624,0.49393480157286196,0.9377360394311387,0.8684333385892894,0.9376428732351008,0.9365459842196799
0.026742727268035463,0.21281392588003717,0.34019474151484025,0.42226757478201693,0.02579486777530814,0.1142124585824591,0.02535338632297382,0.0256519680343218,0.9737873325703301,0.76899931864761,0.6319955849335035,0.6373288114298531,0.9742403542408793,0.946237897305191,0.9738935307258949,0.9746092719933512
-0.015386441298239864,0.22889259820495084,0.4151819624050283,0.29097424249506676,-0.015680817848538326,0.01984409017419047,-0.015237474884556235,-0.017443304430643795,1.0156102050539413,0.8593263437622582,0.7680093876808913,0.6050830298164253,1.0159109650954905,0.936694554762955,1.0162233234879268,1.0141578774889817
-0.004733508070860673,0.19089163490303074,0.29844098994543106,0.393249509000376,-0.005447290805788473,0.036154284795976856,-0.004365823896778359,-0.005205633512709616,1.004242172747575,0.8003825466448299,0.6169742897629524,0.6523977743021072,1.0047304349430728,0.9329197110122082,1.0057908499347292,1.0048186489513504
0.0038218986332584437,0.1700942721348331,0.272975465364532,0.3871168542385737,0.0035605000282389367,0.08541130606849005,0.0035796234854754455,0.0017978059162224883,0.9969135644462588,0.7746168027044387,0.569068158117101,0.7046880701666647,0.9966762301644119,0.9593219132677414,0.9965637107545305,0.9961333247933212
0.017759136140804446,0.15716611259435176,0.42875895468213665,0.46489112959405,0.017292565766646582,0.08070822938894269,0.01701355524107488,0.016783872652245492,0.9826321277751807,0.7467829913587256,0.7158601758502184,0.7130861529732082,0.9830404759193787,0.9482317145615907,0.9823089644276228,0.9830008074467583
0.01851667789968448,0.22179688264265296,0.44945984548640205,0.45579366843695107,0.018858238472332842,0.11394741967010544,0.01852781498382346,0.018805169470580318,0.9803832697447992,0.7884314505537621,0.7151140178483502,0.6986132786707644,0.9811373208821924,0.9479704354348304,0.9816513157795526,0.9817760862681082
-0.016616069146180305,0.21545681124252106,0.3509523224424467,0.32493415780345647,-0.016122530864414564,0.05967562123417217,-0.016112516651756156,-0.01607358464598416,1.015359312272273,0.8362814755601722,0.6872627788142849,0.6287553385728015,1.0158172373502636,0.9870357461169762,1.0165059567988177,1.0163480699041367
-0.0391072662433344,0.090619615695625,0.3131520753502691,0.3738781025510791,-0.039251053330081685,0.03855921625945827,-0.03936045984382812,-0.03864958250835133,1.0390860016459815,0.7714719205556593,0.6954582636649657,0.7056262117754428,1.0397335701577426,1.011484478198579,1.039309619349003,1.0402786669913868
-0.007051325421581602,0.21240821860230172,0.3121143454550289,0.23925103494322894,-0.007657518106817785,0.03592532158416545,-0.007840725752010828,-0.0077536305312917225,1.0072142325760456,0.8448067671110232,0.6219223974205805,0.5267312696483921,1.0079299901268224,0.9207894288517415,1.0080783335799415,1.0083416556380795
0.010303758281135104,0.19503438514032959,0.3797293374751278,0.2846437973585119,0.010168114831562994,0.08177414266054309,0.009585431053805866,0.010637729006879664,0.9899651830218799,0.8017879850296109,0.6781536023035502,0.5567613258955877,0.9898126663826678,0.9591698521417119,0.990260127856012,0.9919574946105157
0.017400937902522354,0.25618144999273285,0.3380684647573224,0.47571741966381403,0.017710886290427552,0.10801454352993976,0.016923317691280793,0.017690754161470753,0.9827224376557553,0.8385247528260046,0.5914644615454892,0.7123596108917187,0.9826028538213745,0.9541698186511525,0.983352343091067,0.9839095662738242
0.012867775491717144,0.1922857669734235,0.4078631796489956,0.4161298568963095,0.012383668373425359,0.06935933759161189,0.011716183644688167,0.012075653150561678,0.9890918998973395,0.7837159068997962,0.7040487003358438,0.6780695245498352,0.9875652614642589,0.9103577771553761,0.987558300410292,0.9875519769934248
0.004238031310532603,0.23373151644286272,0.285684103767136,0.3149621434534184,0.003036231572799288,0.07167857219341149,0.0037439891327144107,0.002214942456123057,0.9954636909986516,0.8287068933771795,0.6001212622529575,0.5600340931354983,0.9971004373209456,0.949353789718496,0.9981397333549047,0.9972525796946743
-0.0243880719255889,0.213651912581253,0.33509100345706644,0.2658024425857986,-0.025084009751905577,0.09316552796202622,-0.024662652108468325,-0.024100881863795245,1.0248876957978308,0.8776729864472244,0.6743825201464406,0.5691171691229062,1.025903130578317,1.008460528114596,1.0256354221748472,1.026472308347597
0.005435147722186216,0.2795962985789081,0.3281951892600336,0.4395100115687341,0.00482484587338681,0.07857314749980833,0.004704063304551082,0.004491309085106673,0.9949468269843261,0.8551905209538956,0.6383047385382479,0.6980575245079421,0.9952407389350733,0.9480408523911465,0.996326141230815,0.9959156563893605
-0.002123941855287887,0.16153799218328835,0.388999706224595,0.3486124642743258,-0.0028883932478051193,0.07843109563794834,-0.003086755558026156,-0.001447536786938068,1.0029279024809425,0.7905202270415341,0.6681607137782105,0.6208306330605297,1.0025313279742472,0.9502290273895202,1.0028794529495337,1.0030353395917408
0.020398190173171567,0.20420907013990458,0.34093387361341015,0.4135012556449618,0.020350530373467828,0.09026817559530448,0.02037104845426103,0.01912467552765375,0.9798778100845863,0.7828378032950607,0.6229501360358205,0.6648267577993341,0.9796017469810768,0.9158853090746996,0.9806470687401959,0.9796754291978593
0.016101878076573466,0.2606011810335362,0.40948876123114114,0.37460124433708303,0.015781105544973296,0.12104852810827693,0.016289693165738455,0.017510038714650674,0.9840024277687194,0.8265763447062247,0.692752418513357,0.618138909781393,0.9845873256338709,0.9662938221259149,0.9855308527827421,0.9855236110646716
0.016579269111653725,0.1350219897574832,0.26827851345743864,0.4155792260360275,0.016999140784137945,0.07038258401958837,0.016846199064430353,0.017597787606481362,0.9823470764870245,0.7275021205693809,0.5381193312600847,0.6569476166590758,0.9830447533865763,0.9146767007740718,0.9827364253003776,0.9841296964954116
0.0022024362230475838,0.18824300871545177,0.4300281932275837,0.307117595214246,0.0013337543815787741,0.06146761566406188,0.0007025578921941578,1.4521605296448912e-06,0.9995449204149628,0.8001074208072642,0.7033611309275014,0.5847522350846748,0.9989593419134448,0.9463714761094423,0.9990629560664547,0.9988329882386089
0.03409492068665978,0.22673883339720707,0.3087351112886557,0.3725690320396889,0.033229503657069615,0.0826203430464839,0.03316710210737258,0.03266289575514726,0.9661405044511712,0.7678714058152712,0.5954533258632609,0.5783478145396057,0.9665641429436488,0.9055354772770439,0.9670898212285293,0.9665524342314138
-0.011598613130212428,0.19156577464260027,0.3546251221755489,0.3388644385366444,-0.01236284130135693,0.04204126624979306,-0.011994501060681988,-0.01268868656869249,1.012683099874051,0.8066504307417867,0.6954512982402499,0.6258619353448098,1.012843779895432,0.9390838740359684,1.0125936605690482,1.0127538094077966
-0.0022532875382528317,0.12067112494468182,0.33300435452724,0.2993339293188205,-0.0014659778584115088,0.042484778412621715,-0.002963195665511169,-0.003253309763509115,1.001619007351253,0.7343084539603262,0.6722000663658563,0.5574340327214846,1.0026553576736503,0.9360662145758452,1.0026945281056436,1.0026247946913618
0.04694888484854865,0.29157283237442494,0.3239129550691009,0.2847575059166774,0.0482875138567216,0.1203838762644161,0.04831067312868796,0.04795296460998014,0.9508091601951747,0.8014408236940098,0.580899653887062,0.44799590375447484,0.9518295913084422,0.8960773518151993,0.9522432351747141,0.9521981357949403
0.02795615143589776,0.21613560861155998,0.3120613873004128,0.43482870561245035,0.028344865291976728,0.0991603847385896,0.027724996726242637,0.028304908759628235,0.9707546293247302,0.7833792348752785,0.5737832917432635,0.6641562958094653,0.971946569926573,0.9151115577318022,0.9720298458829861,0.9729591112772563
-0.0320578972460063,0.1905695497618658,0.2883704193710176,0.38385219170945767,-0.03344914835954968,0.021706465510129544,-0.03304391741144151,-0.03454793387185076,1.0328072655578955,0.8501834906440471,0.6532096385465425,0.7014566880687281,1.0332736070413668,0.9581821481746173,1.0339710193389926,1.0329894716347132
0.04062242616866335,0.23652820979069591,0.38632702312909073,0.3607321328478884,0.040280994300938996,0.1190135033882788,0.039795056023577115,0.04099911357492911,0.9606648947102124,0.7788212326627508,0.634992510241492,0.5600119769091236,0.9595512238107031,0.9097687397200052,0.9601085023934514,0.9609611686379733
-0.004270983518886876,0.21215638164861808,0.3549939487264092,0.26448363151968907,-0.004868939761192384,0.07471050385135017,-0.005059982067041548,-0.005290920414080818,1.0047949049088218,0.8457316798963753,0.6610391030531808,0.5416049361143198,1.0053271282724883,0.9548339633869127,1.0044835259511657,1.005273997015344
-0.04590673327497001,0.1618648889433632,0.28635670381201567,0.27883804708503473,-0.04591515161776105,0.02519332405484217,-0.0452741655393168,-0.047163290414216186,1.045858073512296,0.8426683814347316,0.6273135018315478,0.6024739199246769,1.0463923659067162,0.9806715646139563,1.0463891094518762,1.0458648697812623
0.013064026387318805,0.15664404225785586,0.3977092303351788,0.3700060006226624,0.013240870378304882,0.056445805301992336,0.01392829673090249,0.014206999802264003,0.9855387819762608,0.7502144344814091,0.6766761632249627,0.6244503822323983,0.9869024578774006,0.8968871620082761,0.9874265680440585,0.9878461341077948
-0.0026381227793949094,0.2085855131358952,0.396537233447796,0.3421758626378312,-0.002031741487940519,0.0425188737370648,-0.0014302210911716431,-0.000659234403177688,1.0015960645196391,0.8086533524702868,0.7077303329051229,0.5894104631205721,1.001942147586603,0.9327302097418955,1.0032368765295558,1.004300658265966
0.005602485822905402,0.1911406507426453,0.3223338307129651,0.33681985672651865,0.0051506322678353126,0.06771143120024599,0.004648584945931253,0.004708066900811783,0.9961840014309494,0.794335775390099,0.6330356477036476,0.5859097757808431,0.9958604325282399,0.9543821272490418,0.9963805741035947,0.9956826177647604
0.024070437236685623,0.20908578226304436,0.4185350121488643,0.3892116353159258,0.023478454615297534,0.08036485887595698,0.023723801673215382,0.02287710065900915,0.9769110316451843,0.7940450568122768,0.7144667868258621,0.6429360305617695,0.9770571073908043,0.9263565964172846,0.9772724130477024,0.9766523985082188
-0.035743397383239756,0.22787478390000565,0.23250252702518934,0.39050605365373775,-0.03542836811306475,0.02013527614919477,-0.03555311527687427,-0.03520280449369835,1.0350416856706208,0.875548170477529,0.6188200817866902,0.7328261992167069,1.0347192273558516,0.9796484535762977,1.0356789952240422,1.0355396584574061
0.004661944672302453,0.21504916413438172,0.3601013398959385,0.29227931396966794,0.004977134885173168,0.05932818784845328,0.004478048147496408,0.0027108581345830236,0.9948158971577775,0.8055485488291938,0.6472906099621638,0.55439200170577,0.9957415096698052,0.903705381982565,0.9959833786744052,0.9938948672990762
-0.013869293902909838,0.15811958775791302,0.3077460255568713,0.3346820850141887,-0.013521900137140651,0.07116199241804586,-0.013454517085835461,-0.013405290058909062,1.0131494999395436,0.8016097404631923,0.6273441007932722,0.6179071720441947,1.0135706129631235,0.9620031000971871,1.0140256216539238,1.0144234027389853
0.020035909447652236,0.1691094952082296,0.3930686559356524,0.3361672630374828,0.019687150826410305,0.12325122909396169,0.020060791890720152,0.020271065286494114,0.980775607080599,0.7389116703242304,0.6500540735680145,0.6139300028640379,0.9797715234078156,0.9675937906383572,0.9811857692258242,0.9813229898026119
-0.0028902426423244817,0.18285674132206997,0.32499951366612495,0.37695720365698565,-0.002726836660923748,0.04483467712408821,-0.00254620605099254,-0.0033394160008720533,1.0024100185062839,0.8001226449115609,0.6076267731288241,0.6635219136001154,1.002948692452133,0.9182712229303549,1.0032178768626436,1.0038682508941723
0.016371591010853972,0.16821568592211372,0.28710552328879047,0.34776438859812103,0.015908497342623246,0.12701881547155663,0.01472494789179606,0.016432135861853683,0.9828407705897532,0.7635699515238799,0.5532281724955588,0.5735938644275527,0.9842125541774392,0.962589163612338,0.9828395501031731,0.984532583488508
0.01886666320560353,0.2335326011941677,0.3939336823555189,0.39877592392363936,0.019787718181366105,0.12630892597295135,0.02095563619888838,0.019487479236213134,0.9806112564635411,0.8168518610403319,0.655996910759574,0.6356991344744471,0.9807697367530922,0.9540539093055173,0.9825358762554941,0.9815477606514651
-0.007848719758437343,0.20738060227272107,0.37692567835187335,0.40782728753488035,-0.007569700335999465,0.0017232632506847686,-0.006749800000114086,-0.007707645245711888,1.0082162348623966,0.8366857533852723,0.6793553138155799,0.6537830751061597,1.0065188377265837,0.8787545322668495,1.0080750766728415,1.0078229202614402
-0.0011484763814298203,0.2385653435236171,0.3143001880194244,0.4573147344590698,-0.0023210095660105893,0.02597289804506078,-0.0008927519398460709,-0.001191019558492037,1.0013576171964744,0.8525087848791283,0.6357043437872896,0.7103594341030965,1.0012615145190558,0.9094659435614822,1.0018491697646783,1.0013062826914623
-0.011209690038071901,0.19823669095234264,0.26665574768704153,0.26520479739496305,-0.010454728439985047,0.05614364914020615,-0.011108465953431302,-0.011398969430683706,1.0124748379576882,0.8222911100874746,0.6019905190825623,0.5198391080010761,1.0111540210663037,0.9561453328966703,1.0110814479832044,1.0110338970377306
-0.01750480246603716,0.18262356862786114,0.2821930095359019,0.37541656191760564,-0.017649436775315545,0.037014352483548216,-0.01873451877527995,-0.019063650039671077,1.0171669131553982,0.7955855240407972,0.6352024455954047,0.6790274086621235,1.0182994114661843,0.9580455720517207,1.0185650841246237,1.0182287300301702
-0.018019113262869046,0.19878630693347488,0.3973977380208971,0.33379867062432994,-0.017940711074648823,0.021942058721432997,-0.017541656529931116,-0.019601509503074474,1.0172339744538421,0.8285593705547769,0.7472414245939423,0.6295706773303287,1.0173530952369139,0.9284054296042443,1.0182068713009698,1.0172252833101738
0.000772165520144135,0.20363060749497142,0.29268676269614413,0.41207008320718697,0.0012746989186018945,0.07993437037880233,0.0015550936687928785,0.002022258514040692,0.9981116384111524,0.8066226354789681,0.591875369145042,0.6661558928529501,0.9984489638468292,0.9400119185153945,0.9987662986238454,0.9996691873433536
-0.004733848295502195,0.24242806746078197,0.3090412566639997,0.34412597774474646,-0.005044909425948127,0.029362424593393922,-0.005702404028533595,-0.004920347213031847,1.0053666866105122,0.8653437755289871,0.6150667808348049,0.646807358428522,1.0055132909679687,0.9492533714182949,1.0047089505434594,1.0066459575858222
0.028296350881795454,0.2099554346620223,0.3840517439270056,0.4544655922778497,0.027690316220797966,0.12478720122674285,0.026989621861661133,0.026648622311482698,0.9717615954908838,0.7859804406904747,0.6539874427457832,0.7045614498123758,0.9714395302143775,0.9525693366891034,0.9707710468252868,0.9712818949813757
-0.016126886717803803,0.25527339523537584,0.2757208002644694,0.3043229684088037,-0.016526064447054917,0.014090675652445159,-0.016597049635703204,-0.016404550670888623,1.0162069310831865,0.902013705821319,0.5900228157469112,0.626582299325495,1.0167997177279609,0.9373284268800915,1.0155589088675427,1.0168812015809883
-0.02822280187602533,0.20733491643890803,0.3154554114091818,0.39385782024299826,-0.02817569544466465,0.043832417961659854,-0.02829842134095612,-0.030198153150446282,1.0279429550744241,0.8542241887829174,0.6432500573757249,0.6962483145731686,1.0280679474475372,0.982253345122855,1.0286460104097124,1.0270256016373929
0.010486193751163643,0.25444167361339076,0.3888652452867664,0.3593505899330678,0.009250336130522686,0.07955311673948232,0.00934796432588972,0.00936037299199487,0.9906017049583695,0.8521765285541609,0.6870953645321464,0.6244408513269346,0.9903748059674118,0.9546341494983481,0.9903045778647392,0.99141462846511
-0.026130318501989838,0.1880111730545693,0.3933997453251754,0.27983449808067634,-0.026372345847318103,0.048583763829079835,-0.0272192646748774,-0.025386693235144732,1.0253063287181028,0.8501911298341538,0.7067449295513974,0.5618411851139593,1.0264529556673145,0.9741934321700169,1.0246174998562714,1.0267035643858924
0.0014055534356463262,0.20027938808039772,0.2876332342871979,0.33995735636701496,0.001946791047943861,0.06434628097630217,0.002732756005066269,0.0009434796055665328,0.9970886088565993,0.80337016530345,0.5968038936163083,0.6151328552868578,0.9986212494834841,0.933419072876233,0.9987627179043945,0.9984026608305128
0.00813197508694599,0.21303686155478405,0.4098551040215559,0.33156429099479,0.007714009209933225,0.06984870423916381,0.00799028014275551,0.007456937712844939,0.9921253096642241,0.8035681155310779,0.6913348161057808,0.5833171332119311,0.9928835172052874,0.9105048396435296,0.992245759809261,0.9924756549727234
-0.0014802870791614622,0.15733155618924388,0.38710569776124604,0.3235674768376999,-0.002185343596063051,0.030489123534401197,-0.0019705824163527654,-0.0022617511370695577,1.0003074287523706,0.7563586128192178,0.7045540675054245,0.5866311431092084,1.0019770640830856,0.916087843916632,1.0013540927838138,1.0013643016474003
0.013834536285048894,0.24736631231083583,0.38239156489100096,0.31012585138492943,0.0135328441877902,0.06588394027815236,0.01208637494104178,0.012893025674606498,0.9872081594086244,0.8182342162095247,0.6867406643606826,0.5970044615062331,0.9874126264926834,0.9282588476318535,0.986576328023926,0.9881146115818104
-0.0481478353448688,0.16877883402346516,0.3568419218515072,0.4252116846869209,-0.048134137762307336,-0.0021353004563626388,-0.04856071663991454,-0.049777244537215215,1.0469452354331854,0.8800258975890416,0.6735740453268364,0.7630132033165042,1.0483718595861609,0.9631701637662514,1.0477986946857343,1.0479732322580677
-0.022305273614625837,0.10274688899032977,0.4309111427930633,0.3456272758413903,-0.022159647340261285,0.04363214576795459,-0.022875639289114378,-0.022448415247435377,1.0222763290652936,0.7474156613546211,0.744076451052746,0.6645851194481813,1.0219002990507602,0.966269627725888,1.023112590410621,1.0233251304458537
-0.017766316008194206,0.170450468048126,0.4056409385301984,0.39675577393289346,-0.018795340383555258,0.06740495320561908,-0.019266397562654577,-0.018808721195221444,1.0194365095646385,0.8209659065498877,0.7237584630818495,0.6974818965374425,1.019108439841672,0.9769553346120099,1.0188007484030477,1.0199036311404388
0.007422502791020779,0.25763211167647243,0.350480546444546,0.4615900692370334,0.0076252602541165915,0.05594780209350262,0.0077470172773327056,0.006128154409903567,0.9921833486478803,0.8589158343530426,0.6294953928815334,0.7387471040744877,0.992365766812498,0.9237686918887622,0.9929340109546978,0.9908961296923958
0.0011932638944169287,0.23553783719216195,0.405798950509195,0.3173526564513803,0.000554092821750026,0.011277478217145837,0.0003957441020031874,0.0007899005226886912,0.9990756453580635,0.8539882329405,0.6653057723659432,0.5915120275053805,0.9998949533113065,0.9011338320847477,0.9998916786071232,1.00074301117414
0.023711523066073895,0.18397067704767905,0.41444308845497213,0.42343029487859113,0.024357120512695705,0.1156938366675512,0.024805146048128623,0.023429185344850164,0.9754171050532132,0.7666193969259739,0.6781210992063915,0.6684530679072047,0.9761260600715015,0.9275196788219829,0.9768052467014022,0.975391310604426
-0.01689693471809685,0.2198491923404891,0.3646692438121299,0.3423030557847738,-0.017433668526818207,0.08699017580187679,-0.017559036025471,-0.018268492738038846,1.0169087437713622,0.8631386628971323,0.6660765386574474,0.6251401297228969,1.0175386092424399,0.9912231032126192,1.0170799240041248,1.0163878691809947
0.012264321946242362,0.18123053095427571,0.3195051292834934,0.4466712221179426,0.011941322904969692,0.07315893922822475,0.012015889254857118,0.010523619789204465,0.9885641701179932,0.7790510718714613,0.6191249932415844,0.6908732304623917,0.9879179301932924,0.9390694148576029,0.9875192436657866,0.9868532179155197
0.0028747772425827614,0.2026920360476639,0.32004080466809803,0.32921743307709,0.0022787027496678483,0.04539380597419953,0.002351688500959927,0.002301170643467152,0.9978199005904123,0.7945472472844628,0.6120117116802278,0.6240131925488386,0.9982323121582742,0.9222355665455935,0.9983457733828556,0.9987187925220711
-0.048374200894865146,0.08942183143782433,0.30815929907897105,0.19824550430590998,-0.04840341514218012,0.004673261445773469,-0.04888589231830395,-0.04686432828898089,1.0484980080996422,0.7583585326445421,0.6938295873619547,0.5674261485899419,1.048969321474559,0.9865032318733363,1.0483359830868213,1.05131536602483
0.008605869404479546,0.16475362108206484,0.37720423291211497,0.3724393906539717,0.008601468036920957,0.06645303049180354,0.00858177295675905,0.007487061204269656,0.9913911430151111,0.7702036792099205,0.6718343472448935,0.6340261878178255,0.9915191308247746,0.9410430245606022,0.992072897434665,0.991701067629294
0.015556049441397136,0.1912253013824607,0.303848804845281,0.3308003162654394,0.01648610700336975,0.06647045493165349,0.015284461362469361,0.015060064199292818,0.9837182153148034,0.7709437619471344,0.5725047201282032,0.5955271456111263,0.9838074065131378,0.9057265837700218,0.9835338214880499,0.9834508635269724
0.017997825970623212,0.2343685365894875,0.3498506767931931,0.4410739954177718,0.016654778911217385,0.05670620141324457,0.017384134281233542,0.01793251821334158,0.9820085466173182,0.8118644297950155,0.6599933343652105,0.6618135452604728,0.9825420216122992,0.9206485481147716,0.9832798382604498,0.9842079522864918
-0.0016629804304244353,0.18005921999952157,0.3161266234156281,0.33755303378567186,-0.0031507035324286285,0.03055458083713241,-0.0018220290067174508,-0.0027211346110127274,1.0021874873164642,0.7966316859823479,0.6137011040515385,0.6187601941453731,1.0021291299657167,0.9295163021759407,1.0035721395738528,1.0031731937878876
-0.01636607160434622,0.1474025971403201,0.38005721774077705,0.38981466681488247,-0.018072302600808915,0.06785382433341636,-0.01818348203160944,-0.017997292837613692,1.0172507303415457,0.7874995722259268,0.7172974934132103,0.6985005904568098,1.0175152806489205,1.0041640994755527,1.0174978472025038,1.0164767615610335
-0.005904271365545492,0.27667560605398145,0.34463809740626306,0.38111119703821683,-0.005495568455012725,0.0722066007005915,-0.005613617005695488,-0.005996893637229659,1.0054896717086361,0.8931935359498426,0.6758053458753812,0.6252881234712588,1.0056005286660639,0.9563251755713318,1.006383892937564,1.006273642550185
-0.011901512285337186,0.21427375062079895,0.2712179843202956,0.3010698018024401,-0.012484511058484358,0.10476709271420569,-0.012992978211091055,-0.012462168075430399,1.013234233359598,0.843882369734741,0.5976276999021983,0.5507519578175698,1.0126437645751916,0.9918519353338772,1.0129379989369638,1.013611250579465
0.009410883377704956,0.2129874126860413,0.3203720483202097,0.3326778778761802,0.00926126834814878,0.04389245300862093,0.009419114699592578,0.00781563909193986,0.9900178521076672,0.8027985670585476,0.6091749325032896,0.5949955858360515,0.9909175683282545,0.9091066478140974,0.9907462801056204,0.9894185512071466
-0.017965399896904516,0.16851651241001073,0.390200692738701,0.30415102999743515,-0.018687434908306638,0.014491077666808372,-0.018796979277047102,-0.01927208020016507,1.0186089359077837,0.8103437708502509,0.7046264798728481,0.645517080830915,1.0180353759379783,0.9306458945099391,1.0179494524909933,1.018655529330531
-0.02431706365801917,0.11147846631939362,0.4000038552668118,0.45604398802146245,-0.024286801426517415,0.015811453801380083,-0.024796961235669792,-0.025255593445127088,1.024508898758906,0.7843628622697456,0.732526209267622,0.7439446898208038,1.0242157786545596,0.9383555070436862,1.0249154122365216,1.0246588611804188
0.02116895976946785,0.18465461759761873,0.37641401947923026,0.3561796572433528,0.02053906068178555,0.08333537274407862,0.021535459264507503,0.01951744736739384,0.979267907609717,0.7586830983916364,0.6659769359099895,0.5814634157861605,0.9795476389541908,0.9122315211020127,0.9792721266457741,0.9775793302321133
0.022997098843205284,0.2659773458381288,0.34048627868063963,0.45170577676849133,0.02215961119625629,0.09233470200195,0.0221090580092084,0.021779889637315406,0.9773557317311553,0.8329492899631643,0.6264925000303245,0.699256216471658,0.9769564842042868,0.9311773710219036,0.9773247757916503,0.9772714405701642
-0.015280310173484019,0.18955075217682144,0.2741757431362645,0.42829107281070766,-0.01568781790566867,0.04756545599848902,-0.015606864119954555,-0.015431032110086113,1.0151616914943373,0.8425846264134025,0.5850258986450306,0.7300983288004852,1.0159955946132424,0.9606920757731786,1.0165315589399175,1.016261984952103
0.018772477060775297,0.21788955513522898,0.25845124740728437,0.36414765160182766,0.01767365484279676,0.08355440755222143,0.01749484661559147,0.018292786364390023,0.9812876795562064,0.7788663579623138,0.5538530106112101,0.6011228990498405,0.9809123830819191,0.9432177681218656,0.980639243068237,0.9821571180798604
-0.014326041003161824,0.11266590304236657,0.3233001024875921,0.2849377819761903,-0.014576315980271993,0.019230271555528092,-0.015333853741429237,-0.016651877300556294,1.0147539426222218,0.7200159077067168,0.6458753160943491,0.5954475179440522,1.014543986045267,0.9313892338549052,1.0143374510146945,1.0136951693816059
0.005785008724183927,0.20539036023173893,0.4177045168033408,0.33590140363561294,0.005240256955759103,0.06268894404540398,0.0046884347818407215,0.005200995368843233,0.9956319724242438,0.7946969187660045,0.7188294785085492,0.5893999186112497,0.994687346694639,0.9292393717535034,0.9947036278720128,0.9949035655034827
0.013522617037937834,0.24418759526310876,0.26708078936351104,0.38794301631418865,0.012583668277652952,0.05808341127281365,0.012177232965504334,0.010605234222219203,0.9874234073442576,0.829762577143643,0.53201417653095,0.6480430240565679,0.9871810587107384,0.9006194671006394,0.9872096524920503,0.9870053381994343
-0.0411701739037214,0.15619973958553246,0.36008004636187413,0.23565807560780805,-0.04066778926322429,0.019932463614349128,-0.0412507007665278,-0.04176518067429556,1.0402897383710754,0.8364284211782738,0.725387684583708,0.5750189529881047,1.0411475960175518,0.9681607884448782,1.0405808023160892,1.0401880590096197
0.009603170022440823,0.18066883908211567,0.33615859157196126,0.32185449275100514,0.009387872963977415,0.08529335512555006,0.00923028458294734,0.009229527463695106,0.9900736307563056,0.7670881122860824,0.6273801090600547,0.5941967279917595,0.990293286271022,0.9403593517402781,0.9912504993106955,0.9905708796840063
0.005569488593420857,0.15671316202808783,0.35414077880683253,0.4328414553235727,0.005429420935707881,0.07102926367334904,0.0056410753077562655,0.006096785411626603,0.9946119116783083,0.755437691188947,0.6523835750868678,0.6339917494877187,0.9945478071164214,0.9306340344009234,0.9957600738496567,0.9956224137951911
-0.053216778765963806,0.20918828102554202,0.322428104809401,0.3591765427765119,-0.0537953731371428,0.05026870104760631,-0.05353969450194755,-0.053716040597098204,1.054131316178925,0.9043184483684145,0.7214771225364691,0.7290726612131253,1.054193086410421,1.0501877575807335,1.054001752413806,1.053269150945418
0.02622096595918023,0.14947003791651564,0.37311095083517437,0.3791707389427432,0.025886546225684287,0.08286365181979596,0.025232829206107626,0.025742063251144476,0.9745268651023624,0.7187803021871922,0.6289929930301578,0.6064332387914004,0.9748089128893405,0.9175409797382961,0.9739357832845315,0.9748820889580175
0.01656216892076416,0.24650845262445595,0.3932803057179468,0.3967346809693592,0.015933341827868583,0.027154830944520605,0.016126550677688423,0.015837283937306545,0.9842806275002572,0.8291720282870229,0.7014249701203368,0.6608607017972545,0.9839438751135072,0.9025260297156135,0.9846325581638794,0.9848623279812202
-0.020675024571677914,0.19887015820924656,0.3303482438648514,0.2556491034147971,-0.02154750473020579,0.010482061853253823,-0.022234311072847273,-0.02275902683742063,1.021030517300336,0.8026650510607493,0.690827257811865,0.5613742776907671,1.0212408807053468,0.9343378962802095,1.0220195462087225,1.0210593991525845
-0.029049733864092035,0.23165366939306709,0.36769199876381453,0.3255969606778929,-0.029747538187353463,0.03809086135935044,-0.029663208599422248,-0.030499271059778975,1.029290243688283,0.8804929373582117,0.7281694446496135,0.6418518162959826,1.0292904223982484,0.964584383845784,1.029699750444071,1.0288900683495974
0.04346573220356903,0.20307257380980503,0.3846926309755188,0.46788178599345276,0.04207761317163163,0.1488748481560586,0.04124005807407273,0.042492726561618545,0.9574648439914337,0.7290449766071823,0.6201686063961809,0.6865766289154398,0.9578156699527226,0.9499289441079566,0.9569909544630869,0.9588984955101043
0.004140011907614928,0.2344915325532575,0.33658844283350603,0.30522688078077753,0.004084794671584966,0.08859178026030848,0.004138965082714329,0.004254731080754472,0.9962467990562183,0.831419659714572,0.6333578827962799,0.567542264261611,0.9964463018590503,0.9600361381334057,0.9960439636577533,0.9962083361324904
0.00646957724592921,0.2025467182986288,0.27225521481378767,0.39960385194623765,0.0055323950606315725,0.05518726005005268,0.006441289854995517,0.006142730942311297,0.9940928717213001,0.7832523215486746,0.5694345371131952,0.6575193752919622,0.9940060795965107,0.9246527826007738,0.9958311837494567,0.9943983426002845
-0.0020290524134705355,0.13093923769836824,0.37283505111006715,0.3994235272847068,-0.0027046858439753936,0.06615823486436063,-0.0025739193864903662,-0.0032708512608791485,1.0021826700433363,0.7539702806538486,0.6603619990898768,0.6731609434016008,1.0023109817429336,0.9554674251131556,1.00318958885791,1.0031585397296445
0.01903695722133463,0.28417111129999334,0.40954994942817047,0.4169260390041739,0.01973961596990355,0.09304987003693067,0.020928370152442904,0.01926934876015014,0.9801811257911307,0.8440474380148777,0.6877139577175306,0.653169876565286,0.9796400610214199,0.9331700149310032,0.9801073414852255,0.9797666605851441
-0.043582415100907185,0.16363375261043156,0.34726799404689257,0.26272105322545664,-0.04374099990078311,-0.008373069610612177,-0.04453159729881865,-0.04419543881713143,1.0440655737745648,0.8506038283244606,0.7111787041704408,0.5594520915728733,1.0437483629237603,0.944816106306689,1.044530179250916,1.044612408763657
0.02192843768025997,0.21257437833032208,0.41591905049447747,0.3940028913710452,0.02193937088304513,0.06495553542442098,0.02135583631610353,0.022669305975856105,0.978056819743558,0.796773773400147,0.6796916198920193,0.6301314741364087,0.9776845341822467,0.8950089055352074,0.9774512504551869,0.9789727541927754
0.037574068273401665,0.2092516853355248,0.3765760594492863,0.438841157705749,0.03820414792753528,0.0856758876847577,0.03807635150373882,0.037834623499628184,0.9624840457463162,0.7734177366411081,0.6165782025947475,0.6691789447616139,0.9623660359003418,0.898864845307564,0.9625604210269629,0.9634940305910563
-0.025584450217588504,0.18755746755553318,0.31282942555795357,0.39401901474817774,-0.025530280808848626,0.037468113197833226,-0.025478756726668456,-0.026143431130058292,1.0254960503051689,0.8236627218307709,0.6585051815329983,0.7055963276698729,1.024974343686272,0.9455524486683646,1.0250721646431658,1.0244115470119233
-0.013370828669039294,0.215936334677864,0.35224437170269424,0.42496047162496,-0.014337162673541893,0.06433541261047146,-0.015167776069299626,-0.014365755407881155,1.0140532093975063,0.8435870597141836,0.6839268620094778,0.7260361974366021,1.0137353217646021,0.9862279016521291,1.0129996909338181,1.0139052820135284
-0.004246860925471561,0.23844220761043386,0.35434891358854287,0.3603953822917053,-0.003946080729700183,0.08054588392859971,-0.004518129419043533,-0.005298162592484972,1.003649492981523,0.8493832807210919,0.6484302509794934,0.6639523185581084,1.0039926007565843,0.9654584272620356,1.0047348825485085,1.0034901669513612
0.03759520689921553,0.2331445359019638,0.5035181721534399,0.41414733194647807,0.03654428636246215,0.07972808441591385,0.03656746755936759,0.03566599474139999,0.9631119475891364,0.791971441356609,0.7645139693802858,0.6026995048271512,0.9627769759609522,0.8837558932260541,0.9634178600761618,0.9629715182210388
-0.015150849103655826,0.22181495365617876,0.38965510204961545,0.40159722500935424,-0.015801194369500934,0.05564040735763683,-0.015569159007023582,-0.016373386491185297,1.0146766257164705,0.8371875362771903,0.7343770998878271,0.6772207925916309,1.015960795436422,0.9791383283541909,1.01500075740783,1.0158075169284522
-0.009276036609972898,0.15034107722870402,0.3166719869969079,0.39005932910675645,-0.009556998549042387,0.11161485922787324,-0.010598190263520263,-0.010342335452961805,1.0091593932902678,0.775207288553073,0.6214299699890059,0.6686860930085117,1.0098159569344456,1.0019645596699993,1.0091603836471021,1.010613547163726
-0.021369781912525913,0.16762085150383974,0.3078043769037258,0.28364471775910227,-0.021899090017168128,0.007326660174712092,-0.02313023344305696,-0.022661424241834382,1.021902789211696,0.7941618238471566,0.6438946348908201,0.5715078462881028,1.0225267947629793,0.9421764749288328,1.0214335074411396,1.0218739871015265
-0.01968877319595868,0.19340126854395231,0.26549915607540536,0.3146181019214272,-0.018763235907097848,0.0390327491642462,-0.01913582540574822,-0.020239971397700448,1.0198347584685057,0.8446330753414057,0.5858729327120238,0.6262602193220529,1.0189233523138876,0.9536899662975503,1.0199687080669682,1.0186285591589122
-0.049654737972714844,0.1737098284049525,0.32967537864719865,0.37585798340466675,-0.04944561954252826,0.032841424544142794,-0.05006299821156371,-0.04807140729215038,1.0490580523735116,0.8650943009377017,0.7030545858312327,0.710701747039839,1.0499165817967706,1.0142903640051444,1.0484520771699986,1.0510898151992967
0.00557977805162939,0.226152558748665,0.30246231625109793,0.37597508680425074,0.004944725411366848,0.09684594331192349,0.005228433762159811,0.005693491552801442,0.9943467931925523,0.8275524936246811,0.6023380468978053,0.5972309443114718,0.9949615175547495,0.9498531438169044,0.9940711588073311,0.9943442524485471
-0.059466472834429185,0.12134340357749393,0.3494467536878953,0.2908295128281341,-0.05870789888875924,0.000781982402415646,-0.06008810178858061,-0.05957791885853418,1.0596888067537946,0.8220089973221825,0.7307159271640655,0.6077292513515322,1.05999764414763,0.97310632519707,1.0594726430727133,1.0606674788588464
0.012402375229586074,0.19051541627432741,0.3558789732018079,0.3632537420993498,0.012469872817867602,0.08577240039497504,0.012435020606862563,0.012451705399523836,0.9871458158669499,0.782660564609569,0.6237037276594068,0.6215748384427986,0.9872004810015742,0.9303366483806365,0.987210789716331,0.9881059265591082
-0.006717950852387892,0.2262815868532828,0.3869082811070176,0.43458454242672406,-0.008412263613742548,0.02987221538698664,-0.008333687811873226,-0.008422354039836056,1.0079931784331462,0.8464343651621611,0.7371826968850679,0.7187013943558311,1.0079878434960714,0.9276595529048444,1.007746528374645,1.008315791594856
-0.006098295893315853,0.14331737146467796,0.38114414448543654,0.33510331353738193,-0.005375374498196004,0.07613343454014829,-0.004857739491267726,-0.005978103909312602,1.004952439620811,0.7450788441566574,0.7011267279208131,0.5789917247357581,1.0049168832583488,0.9741562980106407,1.0062339263725026,1.0056839286930919
0.035197049178782795,0.23711080722702893,0.40907459275379,0.38417486144537427,0.03545504450780817,0.09535971889953652,0.035722871905197504,0.03571832958874727,0.9639066909567915,0.7843208309261769,0.6624574769572911,0.5915475862466817,0.9647438869400758,0.8965160286903248,0.9645953341186015,0.9649468235306032
-0.0064244320572437365,0.18584850560416025,0.30467985983577134,0.3162303516493445,-0.006241847110249536,0.019616792505578347,-0.005391142253300897,-0.006507506586935067,1.0068682986557074,0.8178302646422667,0.5982826108694086,0.63160715749557,1.005541949178726,0.9187379672229465,1.0077224631706814,1.0056544467515582
0.00586280309294914,0.21867276962075347,0.3439752709732012,0.3380409318197685,0.005050210102154484,0.08949861316184689,0.004043481860193062,0.004472066020968923,0.9951307490324587,0.8241505324338358,0.6200497660057454,0.5993991658199118,0.9961537596671158,0.9560827336273354,0.9952486880798054,0.9958144782107516
-0.003958758950247767,0.2662712510232187,0.34109153112367563,0.356918453549331,-0.004078961572579043,0.02347243418409717,-0.004168876413852788,-0.0050968956814264246,1.00361693950893,0.8645545233852275,0.6199947206578891,0.6467382370451625,1.0043540085508085,0.9188378130916269,1.004428631622194,1.0035067947917626
-0.0214399511517745,0.1470224985337811,0.36123527510215114,0.4117118683317938,-0.021119190748122397,0.045362479811003005,-0.022474412903812822,-0.021912984126638578,1.0220107967439214,0.7866220521957479,0.7164709741314021,0.6906742775343866,1.0222287717908045,0.9549690448858155,1.0226921441037886,1.0228636243037763
-0.00241030294311115,0.1721881611106727,0.37028256734956577,0.36645938666377564,-0.0007678807096792346,0.02580001441516366,-0.0012560287967729872,0.00040640258707618204,1.0006231808044264,0.7872164654333398,0.6662933873984949,0.6509308195079931,1.0001086137492508,0.9119284130153178,1.0011844390660132,1.0025661504819388
-0.007285496208482232,0.23644901644247848,0.34385329860406805,0.4006611868961313,-0.0070099754711014485,0.06298488581694416,-0.008316422718547455,-0.008766092773978773,1.0070515791786616,0.8529433212094152,0.6480405268289324,0.6986013734449211,1.006782505215093,0.9667309377099562,1.0070901014217217,1.0068371369444622
-0.033138733713271945,0.11743172081405628,0.3626409651803481,0.2824052089961986,-0.03286837237804874,-0.016513640747277358,-0.03408705860191604,-0.03344045860388062,1.0338997256889562,0.7763690344780585,0.6855608109143314,0.6014423874608681,1.0329726454196533,0.9308201790729261,1.0325022011996994,1.0331214840913023
0.005153144277125573,0.17961053442856315,0.323250422696162,0.4464178280440305,0.005632318918952444,0.029492520856399224,0.0048709922112615735,0.004565176242610264,0.9958931978395881,0.7700459052209095,0.6033150680258937,0.7116382950448059,0.9945155748464668,0.8944802955848639,0.9948350638176894,0.9945227366514742
-0.01629994493997379,0.11690754891818507,0.3325132449320829,0.4155405659850741,-0.015762295438739818,0.044057540663345204,-0.01633496192283294,-0.015433022516126304,1.0159497688929244,0.7561006195623603,0.6657970096726807,0.7029960914714308,1.0162301920510957,0.952609753967864,1.0164054485642395,1.0178485492565486
-0.004751233917985978,0.19568007324949238,0.37372323765282867,0.3446150815689076,-0.005126016518671059,0.05414979381133371,-0.005691003559778957,-0.0044823660575559815,1.0045639379865152,0.8132075085981334,0.6710784334398598,0.6194140807537823,1.0049409266640386,0.9418937268254597,1.0042486473515775,1.005723635801364
0.005927323653241191,0.185321523138023,0.30991422012617104,0.22771247833005406,0.005050994869473089,0.08591093963222647,0.00480749222782564,0.005576986146752387,0.9943239680999063,0.7918662927643383,0.5748097638871525,0.45951880156757063,0.9951794948175952,0.947468498621156,0.995150027581946,0.9960890398893069
0.009326612504499428,0.1747457474910164,0.37218897882957047,0.37069287908079324,0.009141965042625745,0.07843035139525988,0.008641154551155309,0.008242509250653828,0.9912091413487764,0.7574996840274733,0.6374129587647728,0.6161705679634955,0.9912000703236379,0.9299748761601023,0.9916066613136729,0.9907250345790524
0.046434100004052896,0.1937375627493853,0.3455898401134241,0.37942193543707636,0.04530187050333311,0.09466050345076699,0.04464974002500038,0.04578277958522957,0.9547145834738792,0.7063663095727822,0.5728416351506864,0.5578384741382169,0.9547165634505452,0.8797564341819755,0.9536788359077736,0.9546702204273566
0.011828069724832618,0.22963211963562524,0.35708374806721127,0.34611366445336395,0.011833495670491507,0.03636876105285524,0.01208432966559829,0.010536086014410905,0.987681524746501,0.8163099507800061,0.6374120548043465,0.5817287865089286,0.9880654258980884,0.8866752991750357,0.9885288352910394,0.987659875641193
0.03346764962079556,0.15882284033103675,0.4010381075768241,0.3604506966935548,0.03257972319119457,0.11913819014495694,0.032684356471613676,0.03282952875971821,0.9669149879868166,0.7211601193743744,0.6320526983779697,0.5484846192492163,0.9672590945128219,0.880698335498953,0.9677268646487144,0.9672909553169772
0.003977764285582245,0.12499246170313505,0.34147491098436267,0.414124008209166,0.0035711214865132776,0.022250551255312934,0.0036241804963460453,0.00329950136080334,0.9949647065417679,0.711725929351112,0.6524915799819364,0.6816568699054211,0.9960976300803059,0.9092934342494309,0.9974202793777528,0.996940546830774
-0.007129857359286448,0.10833762729082652,0.46924881761589415,0.3296151578444167,-0.0072561589908855416,0.0421904453104304,-0.006991772484542738,-0.007140648001420829,1.006908436097468,0.7112470918182485,0.7754761481970318,0.6363338147128319,1.006749078166841,0.9383597442953355,1.0073597948429474,1.006356231519553
0.027390725128495167,0.23680450523572927,0.2670879959822331,0.3601519593252899,0.027410952447357192,0.11133595397145632,0.026337827801597193,0.027189563675842496,0.973113504295169,0.7940698989296826,0.5502680508643468,0.577096375220582,0.9728789429805923,0.9261262910224932,0.9721446055274954,0.9734195979398126
-0.01921756030330358,0.20118269399726665,0.3584834714246533,0.30605092747713913,-0.018990925360014867,0.019978934165310686,-0.018715111917886378,-0.018338397486373274,1.0199796133163672,0.8291453624015882,0.6932244409708648,0.6192590565948342,1.0186217967190294,0.95795211886916,1.0199903102680161,1.0195543142096177
0.00888648138893707,0.2544577111764971,0.33787685896362185,0.3681869383160847,0.010372485902578051,0.07059934161562008,0.009870634695888617,0.010543955111092268,0.9896021031475665,0.8504464160798773,0.6052916004557352,0.6233086521601987,0.9902369063971692,0.936439857537699,0.9894855220232636,0.9900511811645769
0.012015545011730983,0.23308441093640067,0.44902047206515305,0.28149433745457997,0.011634358463032445,0.03352485361763157,0.010920602007872728,0.011126927132628667,0.988279099990954,0.8310425097655578,0.7388135233982658,0.534854956374457,0.9882404607552641,0.9009776297063491,0.988304386086665,0.9889987194595478
0.034467576476129025,0.2210795351065501,0.4350063203203861,0.32339882719088076,0.03523488907135038,0.07510405020561643,0.03493107743099843,0.03467159366590669,0.9649596187610112,0.7698982130744508,0.6937460992341392,0.5590798440592055,0.9646016274231758,0.9136949754587088,0.965622096844652,0.965242636993142
-0.0354549495638879,0.2095728577909703,0.19322120124244588,0.3205018314549294,-0.03551756586714165,0.059666739867049214,-0.036531302966148455,-0.037414510615929986,1.0353289024750056,0.8471143965118824,0.5434672456481834,0.6631368197574579,1.0360362382143202,1.006514867381909,1.036776789496417,1.0362864449134357
-0.0013749954442272287,0.23528235551828874,0.3966118093489651,0.41941790211161323,-0.001439962111644029,0.043205247961268345,-0.00153379392102124,-0.0014332457540765702,1.001129606175544,0.8432445178102721,0.7027160176976033,0.6778386646970551,1.0020639339685027,0.9072367703753922,1.001709020583583,1.0013327514594539
-0.012868284600161645,0.17534528238067887,0.38728871172044377,0.3287596586092611,-0.01327997996018826,0.04121673521291995,-0.014493698267172256,-0.015434664650221709,1.0139866925474874,0.8444928034865901,0.6850982798255019,0.6479040360736321,1.0143288690137953,0.957653728051404,1.014158176088158,1.013538890684299
-0.004595852556594429,0.2613598391240393,0.30201217627233395,0.3679306872317184,-0.004329769915607587,0.024630637606088072,-0.005407419903723552,-0.004566677841903999,1.0027834373018132,0.8723495976056336,0.6093798421350445,0.6582286758439959,1.0046434311169428,0.9197661207341862,1.0034605911086225,1.0052337971313414
-0.010666903015415494,0.24020666842628546,0.3487499099187787,0.34193986611275795,-0.009790148288300042,0.03816318270116178,-0.010081893443668138,-0.010708184771632033,1.0090583955005732,0.8619361073156677,0.6699615655444849,0.6166006294125643,1.0096140973585863,0.9507537578848584,1.0106325400486666,1.009279638559619
-0.0182605116484155,0.14922242132096272,0.4101248635313296,0.29721477275155994,-0.017966857685518877,0.040326519266410954,-0.016755136084143314,-0.0178301806717018,1.0174003699549017,0.7848628992349325,0.7317403638388322,0.5897162284526765,1.017685135960538,0.9577279770873374,1.018399951518209,1.0166035673918246
-0.013428630587384955,0.14422826713785156,0.39890007082814827,0.27399477674734407,-0.013496383677476608,0.04823471920444659,-0.013299271259151589,-0.01357546981098786,1.013268125441829,0.7849666698068295,0.689315556073828,0.5884588274382481,1.0139920539100866,0.9537179972228432,1.014503196644131,1.01367746945966
0.016928805881946545,0.2197104884149916,0.41913461204057056,0.3590893108131499,0.016887150507123798,0.041635519388831206,0.016552537106162002,0.017402895666594285,0.9819032015579032,0.7949957175336622,0.6920255456134004,0.6108410464612056,0.9824771829443174,0.9057094032626406,0.9834082059811959,0.9841817979710432
0.010929400940947841,0.22939765053487962,0.3577569303724079,0.4583932577583276,0.009611580969126012,0.10423600711582408,0.009111289601960336,0.00990647557548536,0.9901011820456719,0.8288067421801284,0.6513593691165884,0.7082794547720006,0.9894206151469834,0.9801171540174589,0.9892820706332295,0.9906714471461188
-0.0057551110029636435,0.13157760163898816,0.3337415226258471,0.3215908466149339,-0.005983261496209283,0.029169514478498634,-0.006449150715105547,-0.00692159175756325,1.0066412643597433,0.7656115327245814,0.6421979719106792,0.6155236703003124,1.0066110501715173,0.92830506757729,1.0057788323421482,1.0056510435661785
0.0006420479725607096,0.15299507465821038,0.3238087099524588,0.3890390410354924,0.0008396287680478677,0.0794689181565482,0.001050934957029134,0.0006627396356801799,0.9982039742944417,0.7327111773787114,0.6438976191247778,0.6716177381758119,0.9985688116454676,0.9387765983793003,0.9986126944221779,0.9975259738992512
0.0042957178676035655,0.20679067995481265,0.3415590586256354,0.45555825658796806,0.004910662211003105,0.04156972418868385,0.005307688324413226,0.004766377939139196,0.9959781264841778,0.802325310628219,0.6436459736098735,0.7214535952706158,0.995561924373799,0.918942578274264,0.9955295288727667,0.99535315815795
0.010620096387100096,0.15875460721940882,0.35441423529524796,0.27092417729900903,0.010734840488341136,0.04318114966703048,0.010677344102040007,0.010891695219113791,0.9882857585332738,0.7550908170532208,0.6041576976177656,0.5509309370977538,0.9894555794432898,0.902734299344565,0.9894952159209843,0.9895885982715972
-0.03050321770225478,0.18419717796672644,0.32328323913153406,0.33258692116266625,-0.0310047760008258,0.06933315013037351,-0.03176537314399571,-0.031081219714497614,1.0313304479761551,0.8386136013332273,0.6613355351213916,0.6324642780152796,1.0304720350325107,1.008378265391988,1.0303148228623022,1.0303060570572469
-0.020523538159680943,0.19432738944985684,0.30191924869097564,0.2857648432266025,-0.02129165882375159,0.0449672227333826,-0.019874782514655544,-0.021478548711693544,1.0206331945293388,0.8545795124788884,0.6273104670638254,0.5935466430736349,1.0212218531354944,0.9534668401377763,1.0217081783040374,1.0201118420568787
-0.025021230197615287,0.11897790356540405,0.3328824105780965,0.38962466927900874,-0.024592576344494434,0.05817555460712452,-0.025587771657921084,-0.02477454015769748,1.0244590823251698,0.7585727793884903,0.6498082132703762,0.6664607785335013,1.024751843615596,0.9717732653141247,1.0256608067451782,1.025833098958629
-0.01715251218731051,0.1737198502008614,0.3116491338808754,0.38628679134055444,-0.017199587589433272,0.078894614145811,-0.017444627519932667,-0.01743576339693369,1.015956227687952,0.785420972677968,0.6369700643637468,0.7063001090253007,1.016733251885913,0.980732536123153,1.0168598391954602,1.0167617540623906
-0.007199178711353235,0.1763435012534748,0.3600543670192444,0.2819530805333202,-0.007378549961282726,0.04483892748345362,-0.0058412420813575405,-0.0070222145513354215,1.0065279623459882,0.7951803942186529,0.6749657152294666,0.5829674666488207,1.0067042034953166,0.9360434842245039,1.0079570526308992,1.0079952427040777
0.006038899832833743,0.15167704655230982,0.37087534953079626,0.3162480473619036,0.005539682311661379,0.07829659870549564,0.005896006759056602,0.005471866022992632,0.9941554566232358,0.7346504759886452,0.682474702427152,0.5764333117269698,0.9939286435304752,0.9466878892429723,0.9947418278958478,0.99404298099799
0.020550479011886048,0.21882031413198516,0.36787699467552176,0.3675493958590183,0.02138180595167356,0.08036808328069556,0.020061822431125288,0.02180299383975152,0.9795049348594507,0.7697038156817813,0.6306147690109412,0.6136111883775954,0.9793560650232669,0.9166913839589315,0.9780360910938607,0.9808308604922273
0.023758930678340333,0.15741577156154962,0.32225219686932904,0.3435416913661133,0.02233660666852762,0.06460524928589713,0.022133616318627817,0.023663005838467772,0.9774135479864056,0.7414937314713983,0.5854181990514058,0.5903717574894609,0.9783732050649601,0.9156156924123287,0.9777268681771608,0.9801051673113625
0.004717780085364442,0.22279508397111736,0.3859376732404312,0.3523858207732808,0.004755730240945842,0.0596960573242237,0.004617118134575854,0.0036310971912607765,0.9957747211981844,0.8241966025310516,0.6735686730934642,0.6154227274404688,0.9956749502036633,0.9238197070419097,0.9955848815753382,0.9955998866129143
-0.019601313773234645,0.15623799849133058,0.3622676674382274,0.4419960311693877,-0.018760704193911043,0.07900229462275814,-0.01923917435048862,-0.019167676467631456,1.019472532317612,0.8076770826206678,0.6696788887904773,0.7289339496261396,1.019063754665662,1.0019153255706357,1.0198214990509387,1.0199088916567853
-0.001246303665697659,0.21137972109546493,0.2922411614760332,0.43459418876410105,-0.00079819784319695,0.0543851953149211,-0.0011621726411885553,0.00046464977247616184,1.0005641372840457,0.8125967035889686,0.5932701472291582,0.6960875452872792,1.0010330362662005,0.9237976676968741,1.0011471943552488,1.0022212369765875
-0.00011606878777726469,0.15545260514232082,0.36222417321417755,0.37123678758562323,0.0001662408397011478,0.043604647424372305,0.0005754101127224909,-0.0007675616838303859,0.9995393736186295,0.7583762934420479,0.6839088590248705,0.6599167348723488,0.9995153075865448,0.9359350994521355,0.999130495807541,0.999465450683972
-0.013246528698775115,0.23988324713576825,0.2966206353766298,0.3560159561537775,-0.012460540539492474,0.08412723891630075,-0.012630025253736129,-0.01333644940604633,1.0126294706996668,0.8844843693903089,0.6062498038482761,0.6177028871213925,1.013013234805668,0.9688214179540255,1.0137409185163464,1.0127111975009608
0.012971184378469277,0.20593290224301805,0.3662920576171155,0.3785994740098307,0.013466082323586329,0.09121154345386974,0.013775338133802637,0.01275371808635173,0.9861825751162908,0.8038028720123316,0.6532517128121944,0.626026982593863,0.987351304008491,0.9515472406753644,0.9879969087867275,0.9868923778450995
0.005372617694488823,0.27092880531388974,0.2618971369827087,0.2757745469337559,0.00443668300001263,0.0600081609113949,0.004488038428533131,0.005564760530876784,0.9949641278298138,0.869789452834063,0.5358594536171724,0.5513504672632034,0.9962050404847576,0.928625489923822,0.9959737361606753,0.9963213701128408
-0.008329497288960297,0.2340887013507959,0.33518103704109076,0.30434090117705453,-0.008060648556961134,0.07742211510145941,-0.008529441334585362,-0.008504351883715506,1.0091937940062665,0.8495696506521273,0.6300679418274217,0.5718448312616584,1.0084772407566738,0.9545534517810397,1.008378963686892,1.0092757724927472
-0.005804150262448166,0.17931185477435452,0.31001457005047783,0.2884818864816572,-0.006149827905808819,0.04488451497173419,-0.005210553508271812,-0.006785536066018311,1.007000338089361,0.7979965841310476,0.6194019299632372,0.5787822945437412,1.0062696822884256,0.9088089039062134,1.007543750224149,1.0064842782218844
-0.004838122179043385,0.16498620324042024,0.3809432352463104,0.4538616541321075,-0.005956023520608734,0.07119209365719736,-0.005427850715308289,-0.005913663158976191,1.0055679025915358,0.7686055840410345,0.7140674322750569,0.7211985592493014,1.0052480395554713,0.9700904571820302,1.005452761222111,1.0049345836189274
0.019578724553789412,0.19004988513996926,0.42589781045676534,0.3883132692292746,0.020460668759880965,0.06470745774437027,0.020975020394025722,0.020281153518255785,0.9787260002332534,0.7738214659882842,0.6897448092840137,0.612093668966051,0.9794120040754385,0.8892917538013746,0.9805030859969543,0.9797036861929641
0.00027079045792755533,0.20978098667161915,0.3607695829317227,0.36121271515486864,0.0013742883926572114,0.027333944975044294,0.0009800750860427352,-0.000650936924949508,0.9979035463201559,0.8061782853341959,0.6860464129738129,0.641233630851291,0.9984066579389886,0.9242813769114931,0.9989599506689084,0.9975087234041683
-0.011208848598086345,0.2265558583051822,0.33081959629645674,0.36275489790150683,-0.011898111446812803,0.06985637026282016,-0.011544078487331445,-0.01115500346945456,1.0111058107238071,0.8471938900226669,0.6489522229814941,0.6332483500999142,1.0114655917359923,0.9611380070097879,1.0128867672296789,1.012595190367803
-0.004801092430070134,0.18665594310682293,0.35450799981145253,0.31809428047058985,-0.004582766811924978,0.04843264553065069,-0.0028061443272353495,-0.003974473651194287,1.0046759481312486,0.8096635451265796,0.6709994423161164,0.5976843719074467,1.004972061105427,0.9517661888548833,1.0063704465637202,1.0048147855366816
-0.00249872697741022,0.17402025558410225,0.39054818713824635,0.4418937995021599,-0.003332472262408059,0.1124150516224281,-0.00329709302877712,-0.003745057105587165,1.003068953741493,0.7797621959367241,0.7066282157197633,0.7005690020915478,1.0033065445608187,0.9748635046455904,1.0033428079108506,1.0029721042636255
-0.01526963876938632,0.13171009624389607,0.31255837207887244,0.41154356011054344,-0.014026738681868961,0.060706079740755765,-0.015294879634422354,-0.013685520516139624,1.0133725778420348,0.7485391498777427,0.6114102053585115,0.6918678529048126,1.0143745680761715,0.9682498955587999,1.0141840943884968,1.0154762063481722
0.025846025834116885,0.24113229108140252,0.3222707140230325,0.3363840788451117,0.025816855650418365,0.053377477970230514,0.026204333879584752,0.02523254427379343,0.9736105919539216,0.8100455430134138,0.5601124189659936,0.6260998944529308,0.9732672138931666,0.8973903979052384,0.9745488846440117,0.9738382396976915
0.004608840502301852,0.2630587854613125,0.30972352821017224,0.37981059874982276,0.0032513938195547236,0.056174784204450684,0.003217179603175639,0.003643207688520515,0.9965554183343738,0.8585019929902228,0.6104716216120019,0.650928077659626,0.9965282339385643,0.9134599186453315,0.9966080359217012,0.9965543237104673
-0.034614243069296814,0.07692146069981197,0.36026839503756103,0.39985451139380424,-0.03494072318356942,0.050610247171486815,-0.035929438255433516,-0.035560018698063994,1.0344213046946702,0.7500792151097223,0.7078608779873623,0.6834654768280746,1.0344982875580437,0.9953281984580701,1.0353726832343337,1.0348891592851432
-0.026107201570722022,0.18824838199175695,0.36059909571457416,0.2886937016284929,-0.02627896913865179,-0.01218013732001482,-0.026103131254525614,-0.02530877054181228,1.0267253761193877,0.8202613869506176,0.7234088876432467,0.6141528066144704,1.0262477343554635,0.9394528781614925,1.0267429191622146,1.0265751493679942
0.00515157260299288,0.28827831953988875,0.43712559066498957,0.3677256721226699,0.004119000442992642,0.0825220084827604,0.005768396064113359,0.006859434861101918,0.9959847099407572,0.8736137578027646,0.7204242210332126,0.6704334292246099,0.9959898638904118,0.959390425736234,0.99567407325816,0.9975992175073962
0.018064784895295723,0.1942359982058815,0.3253290050531485,0.37654367934071153,0.01707432633815822,0.11872213632139157,0.017256479655242754,0.01743321708343009,0.9831524790316811,0.7662446135418579,0.6158805502513484,0.6345622021507875,0.9825743840013285,0.9725562142686656,0.9828439725465339,0.982934959934452
-0.014434945362417526,0.16666318519627998,0.3339119212897721,0.3114960847304734,-0.01513153738827624,0.027567874244263702,-0.015241200115062487,-0.015024527592601648,1.0148926912373037,0.7870565367287843,0.6533147263592027,0.6308585487954582,1.014506880440617,0.9449152355708141,1.014695116724701,1.0140997292408798
0.020945797124984237,0.2223623121686462,0.34794917871729,0.41725415114276426,0.020544665409058936,0.06618885506850901,0.019990145500879485,0.02058287916170972,0.9785822241298383,0.7887346892988987,0.6433512720525281,0.6649282930109318,0.9793796967659812,0.9104055196786949,0.9788093159499086,0.9797249884557283
0.008103619615701215,0.21248442244511007,0.31228002108995623,0.3833076783709446,0.008921361882709297,0.09492903441074704,0.008460697517854542,0.009098284994889495,0.9913369715219635,0.7952396113328298,0.5939478084782251,0.6289361279070927,0.9912996348379375,0.9485070081582584,0.9917442556359221,0.9929942335944651
0.010285286225456708,0.1916020131691382,0.2615175991142309,0.3620001263531673,0.01000690539333985,0.09369108768344782,0.009240674249470057,0.01071292764278833,0.9903594867021648,0.7793283768992914,0.5491497946153798,0.627345725816129,0.9907790670857951,0.9273332850458745,0.990372392720492,0.9924226596913589
0.010197468052486862,0.21514468452245208,0.3542101869305884,0.36007128696108576,0.009939463727205305,0.056581878521498624,0.010253419884948873,0.011028983727373372,0.990251290989789,0.786507159291072,0.6500373459815636,0.6257739788380781,0.9894830392499475,0.9205517031363368,0.9900619870560828,0.9904324189063762
0.0012319582955181182,0.20870202359589246,0.32857155460458076,0.4036943595802256,-0.000588441273601014,0.09764820553199935,-0.00019768351333771672,1.4856344639122302e-05,1.0004261807088213,0.810049051450376,0.6093682379543016,0.7016292833280368,1.0002163191848745,0.9879516466064531,1.0010851625350439,1.0012200163625087
0.006863238043693622,0.2105223621397026,0.34709968939175684,0.3357163400100099,0.0064467301695686355,0.05065027094541037,0.00547699323113162,0.006453341710954644,0.9935897026415228,0.8131673683826794,0.6299662196220123,0.6005296809212962,0.9932039124673749,0.9290458577430009,0.9934518876224275,0.9942940988453864
-0.0007676262495620326,0.24012960237461578,0.33311921737474154,0.42557279253273256,-0.00022840989445142482,0.04603684094009152,0.0010168105578220454,0.00034374610206222686,1.0006191575743208,0.8654408071412651,0.6560015328773297,0.7104975674761824,1.0007151460759631,0.9439636121853339,1.0006458546761945,1.001102554013134
0.02577061647940493,0.25079064306154447,0.3483658520536239,0.33596149127919156,0.025342970581950786,0.09338794440770715,0.0251492240108658,0.02392726087879872,0.974801604963623,0.8156021821640489,0.6073132739224314,0.6194763726092258,0.9746819855766665,0.9295577323870496,0.975448878487957,0.9736165027978628
-0.009086092298627706,0.1489686486942677,0.36687277786470907,0.44742137329110016,-0.00915359038727704,0.046297227039267544,-0.009996780484366453,-0.010541166609110725,1.009117373519819,0.775492927187236,0.6853553522945661,0.7597274582716271,1.0091164681144675,0.9772436278009335,1.0099024004303547,1.0084156064458798
0.0035839460456663008,0.2051714109530842,0.3703996491025233,0.377843728782496,0.00514168861751088,0.08246046640783296,0.005241557145651077,0.005036515545801913,0.9933932927668262,0.7899103213996284,0.6896818798887665,0.6420602091440273,0.9941104327948045,0.9608348760393838,0.9943043803356832,0.9941529270244847
-0.009965490592599144,0.20622156398118235,0.34607108327932073,0.29414212530930745,-0.00981613924109349,0.03988133538961342,-0.010108539748118837,-0.011076996217647178,1.0088520566112773,0.8221260878936298,0.6807605587994349,0.5724656323871915,1.010846046339338,0.9324176465026307,1.009507125113942,1.0099849300369108
0.011789569169427444,0.2040604506990313,0.39040558788498,0.4429391746277214,0.011615600970839277,0.04044231894994352,0.0117992754321365,0.011998855150320112,0.9876039403110021,0.8027928098998196,0.677233158546203,0.6596908994856259,0.9869287096525372,0.9043584308667689,0.9874857360299564,0.9876504303971736
0.014222260671706505,0.12055536122349701,0.31285814827670344,0.30586416081288287,0.014061625320047805,0.10113563656529516,0.013687660774176741,0.013338358834966231,0.9856930811651394,0.7186881252237719,0.5915157285982621,0.5215719851659831,0.9853628457144653,0.9306098933729596,0.9857400040085137,0.985626860192292
0.025451329078192534,0.18271851748942314,0.34961552912454524,0.42942800885055704,0.024804552453088144,0.10711114961234339,0.024334337498222922,0.023450233315409127,0.9761144859914991,0.7489113691171027,0.6004486509180429,0.6600027137243831,0.9753863545872024,0.938037533344136,0.9755778737491542,0.974470799601574
0.009590534559517631,0.20311289604638877,0.31626002564155187,0.44501276277985163,0.009033153157399677,0.08662237031960641,0.010557428137324222,0.007622802126087343,0.9900236752625855,0.7902487213768407,0.5973209608077139,0.7356685251502202,0.9903330588529253,0.9377353430823322,0.9914491153728575,0.9892991492745011
-0.019743763764541254,0.16013186037564883,0.28390181081132376,0.3467497774845837,-0.019695898613874423,0.04673841495488496,-0.01940977037189698,-0.020446545385891912,1.0191028870521226,0.7999145762359605,0.5905200541134923,0.6805327135568251,1.0200150878846728,0.9548184805518534,1.0208095975085831,1.0199919715485106
0.021666377909581563,0.2250051866009327,0.3473850965462696,0.3803029359228013,0.021365043074749106,0.04634315685166598,0.02188846677308964,0.021846476329239327,0.9774957955384204,0.790081455720528,0.6298400109867144,0.636504351089868,0.9784619518026887,0.8933121035118247,0.9788355730099403,0.978981967390915
0.006827672174652941,0.1480872518323662,0.3760167477039743,0.4086773413741512,0.0068127616322921965,0.10555273795663091,0.007305705998475785,0.008443088522727927,0.9921240103512278,0.7579231895502807,0.6660477393321266,0.6391217286232398,0.9928174576268471,0.9476336260684732,0.9934311118613508,0.9947724389282784
0.009249451835496254,0.22655087416664504,0.32923105787820145,0.35449495561760613,0.008310839875970335,0.07607906160080817,0.008184228296193153,0.00729485387137083,0.9919868828309756,0.8191452570900731,0.5979707511821255,0.6277174526208746,0.9913932765831267,0.9301734238392535,0.9921905890259343,0.9916034631212891
-0.018810574401716587,0.16819884570543603,0.3084711583832792,0.4100270286635427,-0.01948473873408934,0.053219772060085255,-0.019675796714562446,-0.020032941955643542,1.0194635137706223,0.8049741953011416,0.6428844092064765,0.6511882196388237,1.0191003379143941,0.9636541681933807,1.018931913793251,1.0189354312174599
-0.0005002351206782842,0.15122700791566096,0.3538548643259104,0.3444970100413795,-0.0009802776521886415,0.05185317271539499,-0.0010516055971016953,-0.00017852716219048012,1.0006975865206122,0.7553962716453122,0.6626888540064434,0.6236442511126732,1.0007427922221714,0.927763114777915,1.0007565798269396,1.002304260803479
0.007312162374325527,0.25195614246011266,0.33145931559835345,0.4416585148949711,0.0070471545511385505,0.05246678841852964,0.006640682901557067,0.007534980240224523,0.9931188523357015,0.8555909778394175,0.6370963560758736,0.7045124827110736,0.9936768816965793,0.9092765060449272,0.9932101457142102,0.9943323560006315
0.03646744594604308,0.26642883171356296,0.37009124021775947,0.3670369328234315,0.035778220849606066,0.10387783442979792,0.03549318774985967,0.036207153981886286,0.9642660999884949,0.8175037200202172,0.6342341571594782,0.5921890582194058,0.9645498754896047,0.9087423528909161,0.963676643315128,0.9654758763744727
-0.009241816042315793,0.11276237445561749,0.288572063300035,0.35181853731215823,-0.008208200845611049,0.08031061357767683,-0.009150263670442816,-0.00975594503694857,1.007862711285957,0.7364647121936261,0.6066852273915002,0.6531629993154018,1.008594619010567,0.9747234137682337,1.0093933524458836,1.0085253007744286
-0.005225124198795439,0.1903269472386432,0.3678547904512049,0.3953452963408488,-0.0051102999151256675,0.07945258121862753,-0.0050337648915626245,-0.005671635366223366,1.0055525913905992,0.8037946283311215,0.6566478911991704,0.6836800788404633,1.006011351252164,0.9538437689554718,1.0054859457446426,1.0051291340819941
0.032531278080516424,0.18466783458341432,0.39277444559056357,0.3048898475144394,0.03301035241275381,0.1118285158592791,0.03219431330883204,0.03231268746315429,0.9672181626930837,0.7348698008467001,0.6667398547944101,0.4772771518379376,0.9675241926454402,0.911900457461982,0.9678574588329604,0.9682033208751646
0.0033705460712057144,0.23061862616633583,0.3312339516900136,0.3430827278582381,0.0029199217758276524,0.0949125912608244,0.0029193320136066316,0.0026256945147111184,0.9960997393439992,0.821047395624521,0.6620952363806367,0.6467678793392299,0.9971043064578871,0.9676077490475887,0.9971144920108276,0.9976663028742766
0.009684639289824087,0.22697866319979484,0.2797057921951969,0.4821294289208935,0.010444580250213536,0.07952683299222327,0.009334685001428871,0.009334527191587588,0.9902627754042231,0.8117534183228969,0.570956165698354,0.7139498791457104,0.9905208116457649,0.9226201845170355,0.9899193997276512,0.9908206292584526
0.01863857275246095,0.28631542058298554,0.34733218415448724,0.37207207978495255,0.0179670555255994,0.05359665744242362,0.016894315881362337,0.01722026318156329,0.9823979324912044,0.8821017561372052,0.6112445055996045,0.6465515999512426,0.9822261222149693,0.918817354927266,0.9822774041215101,0.9821639721175253
0.003665181288412256,0.1624861868537698,0.4022354622281751,0.3692639511441168,0.003308385395368692,0.03602271539067866,0.002886203426390894,0.003959515603811841,0.996435307144442,0.7556437451539655,0.6581742508256017,0.6606911127948563,0.9968112146294805,0.9079392698797176,0.9964602182733489,0.9978888872626323
0.008834419149594505,0.14671134912170303,0.40351167349455086,0.34797205992011815,0.00869941686112715,0.08811303593197836,0.00876836349315524,0.007671925008954891,0.9918684642357958,0.7566583400194005,0.6725017836431195,0.6053939139422253,0.9912582893954316,0.9538024301117205,0.9912772218443904,0.9914065803874832
0.016865097865437374,0.1534847409816545,0.408820507028273,0.40509367682570874,0.017099590835359307,0.11653419579548469,0.01733670454003968,0.016315751604637347,0.9829570295011862,0.7441664606631828,0.6796434852895157,0.6407646663493636,0.9826284400605336,0.9470169315816265,0.984052154678176,0.9834268791812003
0.012308598311108013,0.1875643240975214,0.4195502807158005,0.44797934779018145,0.011416335632847135,0.0923472667822904,0.011595145986623583,0.011018934521158033,0.9888504830513348,0.7665237828448528,0.7034639175403216,0.6751230884457857,0.9884429796483851,0.9546721023334042,0.988948884324465,0.9884187593973093
0.004464387727554269,0.1981079303970667,0.4210072675266126,0.350374846701077,0.005605127872540286,0.06735716670038651,0.004269251880407483,0.0041424198163630245,0.995638945731269,0.8083816475336407,0.6929233823386951,0.6103646654646103,0.9945156052330675,0.9607823324624187,0.9948359319340705,0.9938577213263223
0.006434024228987626,0.17951297460898974,0.3040557117785122,0.4306759066594974,0.005612462076220261,0.056762509395714984,0.005780708305020063,0.006486516002604688,0.9945718733802817,0.7781737306501918,0.6120009179752641,0.6769384985844855,0.9937520509326271,0.9194484867183095,0.9936443838900356,0.9945112418599795
-0.037613586939425514,0.16792470978810506,0.33268937694799944,0.4171548821841096,-0.03731614513167448,0.03932604277589894,-0.03759232463505699,-0.03725724061002334,1.0376089699408988,0.8611241641457219,0.6747395978272328,0.732189140064044,1.0384323083249098,0.9947072260247521,1.0377612218255048,1.0392917278740845
0.0017118534901523258,0.21219397879855229,0.3997730916144226,0.4245493941075766,0.0026652509227576096,0.03166025712101194,0.0021277089198769622,0.0011018162797391956,0.9984625268732895,0.8280725670393889,0.6814813328020941,0.7028057553019114,0.9975365122027156,0.924783417036568,0.9991276727953214,0.9982439366193763
0.0006243815800465616,0.2225825303858889,0.3544029865830722,0.376935628218788,0.0011614262837250989,0.08352205538514304,0.0005731581713529454,0.0006076733830365448,0.99884372450474,0.8557903089507967,0.6444239394196769,0.6002432430362659,0.9988827386970583,0.9464009253435325,0.9985143827819626,0.9990730230496001
0.010945020258762934,0.24312728822874205,0.3801225518168777,0.38230333271329564,0.00959573492327621,0.04422754253793606,0.010005698383856274,0.010240829022427747,0.9886779675736305,0.8431831179440656,0.6648329589502155,0.6288573027052433,0.9893216763817212,0.9008242978470075,0.9900544467353009,0.9902869265818137
0.0381600263724957,0.27723615097845755,0.4475748392194147,0.4129398110232021,0.03949465728054293,0.10552978620974116,0.03729560272795621,0.03833486905714007,0.9606386335628411,0.8259460003193198,0.6875834482327917,0.5985869227287328,0.9615467440155964,0.9025590301866734,0.9602214895631037,0.9608727095358008
-0.005066122186102986,0.22735507383301065,0.45057871642759234,0.30933952159375927,-0.005373739052927644,0.07656289868620302,-0.0055892140555835355,-0.005482719753575437,1.0045561171212027,0.8522069898605971,0.7454865854282304,0.5855972163160356,1.005339891666975,0.9501315379397659,1.0057147973940619,1.0053682506083177
0.014342715690449141,0.1727339150574829,0.420637643441262,0.30195695596668864,0.015780827851644356,0.09560199685564219,0.01507127682152392,0.015020504554361724,0.9842483979908154,0.7554607913149451,0.7009210479105095,0.5258978752903785,0.984887595719624,0.9299504403804116,0.9854372324124464,0.9853455736909329
-0.007586438421926086,0.18429705223907364,0.39852123461189365,0.3461895682944506,-0.007425217477643955,0.04427140897202596,-0.007329328857386104,-0.007157653790527535,1.0079600061895477,0.8134936271392543,0.7096668335005134,0.6322944646678896,1.0079165796896334,0.9370105841548606,1.0088935538805368,1.0075209069862165
-0.030094803051456103,0.16151781487316494,0.3505099089072011,0.3691550155715559,-0.02972887237574448,-0.0005348047999163933,-0.03094769925097901,-0.030265041393224907,1.0294852892126831,0.8325522201037453,0.7100411210969375,0.683495064532009,1.0299319047005395,0.9396010545196638,1.029761544161353,1.0297733345178495
-0.0345881746901993,0.12287878309436547,0.3671756475325747,0.402115114232883,-0.03520864959601877,0.02767843681124686,-0.035373831007584594,-0.0359371526257816,1.035021929546745,0.8008357274361821,0.7063707091258868,0.7061617955755681,1.0349276163064562,0.9795589107061197,1.034877673466518,1.0354851810680257
0.0021670271045665167,0.2147525209533757,0.29981896054486695,0.34520109166035184,0.0009619689606390015,0.07351223149894612,0.0013461701841130855,0.003095056725325348,0.9983670145536216,0.8143197114472974,0.5916017609409803,0.6043128372657618,0.9980769948067656,0.935224217278427,0.9983862134779985,0.9999461086159465
-0.017073729484499086,0.20867938682993645,0.37047340631962977,0.36977282367871733,-0.01800924836928388,0.05163157222671875,-0.0180966100555762,-0.018519036464423967,1.0179476333231396,0.8567583811289372,0.678245502240767,0.6631469830458738,1.0183540878946926,0.9628960616470877,1.0181234121866216,1.0177728182775492
-0.007220530733303856,0.1258952967652597,0.3357650024199299,0.3598757421787887,-0.005948645592782771,0.02961190399656669,-0.006598513543251107,-0.005801526302272252,1.0060096859403047,0.7661212122364707,0.6031289552228805,0.6745929257495527,1.006747187347677,0.9279362608235316,1.0059077599569908,1.0074448890642547
-0.020416895375110038,0.17020862849909474,0.4813844422674902,0.24271726770229868,-0.021325236656636992,0.0278077167208494,-0.02117323748088588,-0.020517003702972228,1.0205517682496505,0.8136203533184743,0.8078671180040207,0.5529021601299372,1.020925722229792,0.9353601090102208,1.0214085156830566,1.0222621097507822
-0.014965776409435685,0.17066726088631912,0.30900673507875726,0.3538096508844632,-0.014345875977638239,0.031748281280872565,-0.015254173849035324,-0.014839476723934911,1.0148993231248664,0.8266785574466803,0.63850970273371,0.6081935812274561,1.014808037606597,0.9482049277114397,1.0143217721472242,1.014351689959435
-0.03178533715339311,0.15733613201993643,0.3503580351870533,0.44573381632323467,-0.03203552968466992,0.0253589429027414,-0.03266227101697181,-0.032331623972760945,1.0318421061532406,0.8175468096683699,0.6935216797187858,0.737307797751451,1.0324700831018077,0.96875902895397,1.0318805248128995,1.0321786869886858
-0.019757189642203413,0.20349887668198952,0.34589936785488357,0.30323817972205114,-0.020113600897976494,0.035660104258179684,-0.020426097780942,-0.020896371879872505,1.0199263540317376,0.817160831208,0.6815996345290749,0.6170628710172672,1.0204966814033727,0.9557182838521994,1.020544768619573,1.01941909923369
-0.0048624415756613,0.23304550635451413,0.3914115998743997,0.37248705511036484,-0.004492862668022843,0.05710456349257997,-0.004601602319653615,-0.0053065095595718585,1.0051529070126803,0.8264180374205571,0.7064784656779866,0.6393906200273393,1.0047087892576,0.9308449991155774,1.0041856510391924,1.00518972888029
-0.009941529688591187,0.2003459035011676,0.36233416022023496,0.3919971412095191,-0.010411334584668011,0.018982012569000457,-0.01168707160493437,-0.010828484534411481,1.009934667797654,0.8174275062603376,0.672465080495319,0.6906852208037828,1.0099851272771605,0.9112007307569537,1.0090996021336793,1.0102343659622144
-0.0430786657317653,0.13143270324297823,0.35085835523906805,0.43229400492042325,-0.04294033001868686,0.008425911315277063,-0.043048569295237496,-0.043499399822929836,1.0437525298131933,0.81573656403217,0.7393889236750769,0.7504091708183944,1.0430523026933625,0.9717462788565879,1.043203097513839,1.0428715324936602
-0.01822737062682156,0.16744178580736643,0.3127843290135556,0.3896043687511834,-0.01809702330125777,0.04797918434704924,-0.018701591848814175,-0.01954689262561424,1.0194873932048012,0.8032588253957219,0.6308957867488802,0.6922183296388692,1.0188506432417626,0.9656392424439858,1.0191769858906539,1.0178802067271397
-0.008092687289934406,0.19804931044926374,0.40824279147174664,0.2811852056612485,-0.007723768227082052,0.03318382153916486,-0.00819562197387865,-0.007658406051267546,1.0079862727459548,0.8323111102826432,0.7135513093587873,0.5647470184246247,1.007507277219578,0.9133636544833537,1.007662124849971,1.0078593323594605
-0.00321299717535702,0.15486216314629261,0.29941182088076773,0.2765647817208019,-0.003861587996108832,0.06984190150838965,-0.004678354719529327,-0.003954558951185809,1.0037828448351225,0.783744845561191,0.59010063213184,0.5453465477528326,1.0035134584739067,0.9613113341180011,1.0039575502774936,1.0040130134587026
-0.0009850151796783606,0.21970853392388415,0.44242773319679374,0.3839835719723381,-0.002322204761607783,0.07756244467811468,-0.002670311089844085,-0.003834633024754719,1.003193971310544,0.8434556121483653,0.7207178043878744,0.6348694082322162,1.002174533803274,0.9577574517207263,1.0023523912028434,1.00149805940969
0.02116227622122003,0.2849823396733041,0.37085276402556355,0.33532745769375616,0.02145394293882993,0.05387511359608441,0.02051297766500879,0.0208262536593483,0.9794753215943113,0.8453212972852107,0.628064239421305,0.5952967322376452,0.9785455068062225,0.8927438093962532,0.9799587636990726,0.979258432288024
-0.01980850348524056,0.18785609681834495,0.38308377734335175,0.40956931463644136,-0.020070908164406275,0.07347052049817157,-0.019823397169356795,-0.020052399652991028,1.0194391945664474,0.839890982507242,0.694607102482707,0.6980002677855784,1.0190402279720212,0.9964755209679034,1.0206154999392851,1.0199738938541147
0.020324802653711862,0.23079342980913084,0.37526349883554977,0.43591721439866804,0.019830146198686883,0.08161374491641299,0.02025248399795781,0.02015426305468056,0.9795957178568158,0.7803279902207223,0.6450012563462209,0.6858560620147578,0.9802487447081923,0.9241463240125756,0.9799701654595562,0.9794131471136299
-0.015663310364027433,0.22465181722690483,0.22965802302692742,0.3273315104618645,-0.016486202039328962,0.01445386370562328,-0.01581173280345374,-0.016479234369771504,1.0156789860982132,0.8679914313902356,0.5605070224829123,0.6543126179835839,1.0170762846795716,0.9294291297159804,1.0164271101395608,1.0161494341828798
-0.03308485790314559,0.12508662061413608,0.2904541481016457,0.3485472697535218,-0.03315551689822944,0.05786666990875768,-0.03309190613789165,-0.033329644753509365,1.0326553354338832,0.7933071389358661,0.6071170273293165,0.6276627571428532,1.0327887700517193,0.9932975050762551,1.033836116573475,1.0338236302703303
0.008125228783307941,0.22069436905119233,0.3525132221456372,0.3417990162205241,0.009868000618270645,0.034028735043959805,0.006929777602839443,0.008996589482137256,0.9912222678842294,0.8186450097853554,0.6693718794133862,0.6147232020068059,0.9912114434804364,0.9075729419969091,0.9905487896917428,0.9926756879833737
0.0019863786535954733,0.17773701109009882,0.37211422648650166,0.2836415297150759,0.0019217298898526907,0.05138305038977221,0.0011146542418936656,0.0025119104031057645,0.9978145313103604,0.780918674966435,0.6622967644790237,0.5830164201729643,0.9983749196406869,0.9102240969657254,0.9978082333341489,0.9995652991504121
0.011857423983470523,0.20095109360106703,0.3354504444890075,0.337750808167852,0.012972239811654414,0.03818600524310173,0.012087008567773073,0.011561410045032732,0.9873484113205774,0.7623050359024424,0.6251898096155536,0.5820969848313071,0.9882135340461969,0.8907803989372569,0.9872377976066108,0.9874891425931737
-0.003517509568601858,0.1214744844811318,0.43003325991526103,0.3616371896663493,-0.004824130220718905,0.08813554551507231,-0.004299194330472398,-0.004129146240225865,1.003319630094769,0.7554440502252342,0.6861627683550546,0.6961005502218724,1.0041653573846325,0.9826125018769619,1.003772610759642,1.0040513073545312
0.0007523115037197153,0.12577810141590617,0.338622357713162,0.360135956563082,0.0014193626859686662,0.07268546952040002,0.0018330285174519615,-5.5311123755906984e-05,0.9990281195373882,0.7357819925811537,0.6651148572475571,0.6493677853225758,0.9994393107354482,0.9605728970266111,0.9996635262392968,0.9981303558964166
0.014274104845907284,0.23212755128708282,0.4012183513826529,0.38821724137018015,0.013960834732046179,0.06557066743983966,0.013617536699825107,0.014076072734103055,0.9860474592789389,0.8126237661186491,0.6977824128768889,0.6116105096935479,0.9862645197116942,0.919586012188476,0.9869729189887885,0.9871800393080945
-0.03745042377936529,0.1786080220070916,0.2929915278124372,0.36843124615582423,-0.03770579607317499,0.045378662055275014,-0.036761907697374134,-0.03716627497521204,1.0365468439163088,0.83473789892444,0.6523412692286539,0.7051212218679634,1.03737151758643,1.0008312090522509,1.036668907375675,1.0378145539575288
0.0040154460898503925,0.2825476614688026,0.4054994947823312,0.41400533970635595,0.005185565835270765,0.07111955349003048,0.0047158482814016155,0.005141788105726759,0.9949997515676986,0.8674243308740688,0.7101856376484106,0.660015691747621,0.9952289746628344,0.9396986762235691,0.9959720805325626,0.9972863162389952
0.004351947019076341,0.24973332259554612,0.34559580100321585,0.36101467376990287,0.004667840255311856,0.07540076089254169,0.004452272241540487,0.00307148952046181,0.9964981723520006,0.8558581536818408,0.6316240402675724,0.6085755458348965,0.9954002688130472,0.9453761468416285,0.9953078305223746,0.9956316110173649
0.02466262228602045,0.2740763417960789,0.36845073881076174,0.3698928430831276,0.024519620140672903,0.026669885832891222,0.023809382081251666,0.02428605249404608,0.9760079555690839,0.850336209248566,0.6428768246080079,0.6072960359285648,0.9758474206686503,0.8604021693452782,0.9756147493782322,0.9771225917018908
-0.027571148962651986,0.19748111522025474,0.41960179785453505,0.28529524285989666,-0.026777686107457323,0.049285138808475494,-0.026624839629453816,-0.028003604775730696,1.0270301784292502,0.8417581089621745,0.7402008911583304,0.6283424533375026,1.0270372944502177,0.9808948807424471,1.0267142296916043,1.0264936759208543
0.007327596787844879,0.156085732648815,0.39966365883068516,0.3961028952268729,0.006704122894039624,0.07558998718597665,0.006230042072118486,0.007537733307904868,0.9926856787087699,0.7478878762943308,0.6805039043835248,0.6821398952962057,0.9936517452334792,0.9436598867386343,0.9932260070826275,0.9943854692143731
0.035389851751128056,0.20564054262697742,0.3731681817278781,0.34492514981567923,0.03523841315454385,0.09168534286135836,0.035067274890041175,0.03513932222640379,0.965742993256042,0.7683349686612968,0.605340107156343,0.5897948147215464,0.9653412908728657,0.9147657953914214,0.9649219531511937,0.9654339389568578
-0.007078432354108829,0.1673266475315823,0.34017710068989027,0.40874779256050736,-0.007513190010066051,0.029011888672730808,-0.007084448165154932,-0.00647149909612899,1.0074915421904027,0.8051772756346771,0.6313319925915124,0.6797644058350912,1.0080149517329973,0.9071903749892993,1.0076845410255661,1.0083661923209228
-0.03603690791460987,0.18920309541528224,0.3241120526898249,0.3731653173372521,-0.03670378688254486,0.017570409007853866,-0.035756673215985094,-0.03677462123960074,1.034564893712758,0.8721314206924733,0.7111717684818015,0.6820754396418727,1.036118226921756,0.9666303831915234,1.0358007111296141,1.0362028926773341
-0.03906525732720014,0.19175503675070074,0.305175673420237,0.3801122802257762,-0.038920114366912055,0.004619831377671834,-0.04002787899367225,-0.039137062984953126,1.0393999578830444,0.8599109259047716,0.6489021351760207,0.6894024648213527,1.0392895410779002,0.9682567432335043,1.038723962157147,1.0403870380127642
-0.02274884160661189,0.16423280284491315,0.39499079773320517,0.38482033570688085,-0.023240617397921715,0.046633368828210675,-0.022228067580098116,-0.02360626478840896,1.0232791660587846,0.8160559101167052,0.7586056136890889,0.6849495458593112,1.0231077050948407,0.995997986898046,1.0236630310711872,1.022484496572752
0.011569430596294367,0.25016134949500896,0.3607107478322997,0.3625325032061094,0.011299368535755284,0.02762492083365779,0.012096096691942594,0.011956033935292622,0.9879240155810829,0.8430531222294461,0.644826251041217,0.6226329934286434,0.9881486760234263,0.9077828176415889,0.9890548321701815,0.9883288987100548
-0.026644059704677776,0.1316009953684082,0.2676043808021715,0.33768428076503637,-0.026619739332363338,0.06665002154721171,-0.02642521525501279,-0.026901395819794068,1.0269997044293113,0.7604918958693845,0.6212752295819155,0.6395624222388616,1.0271315083422543,1.0046463063192799,1.027250600768716,1.0261765238169462
0.02471188751599655,0.21693759530654824,0.3102818139652764,0.33179525202984556,0.023324586769504732,0.10039026097331598,0.024151323193490882,0.022746081102901237,0.9754805272734549,0.7751398063425372,0.5828905674769466,0.5361627204180783,0.9756534528239903,0.9375800470439034,0.9774545761367676,0.9758046766847297
-0.01908642955960957,0.1610682524554579,0.27670389787383814,0.3575756439612106,-0.018179853603702837,0.048112338291378495,-0.018187573035166524,-0.019181550974396094,1.0179471027320175,0.7905067170394594,0.6166256067594081,0.6670436748132988,1.0184829368810417,0.9594095882840664,1.0192826337080678,1.0185207682995687
8.307478601979105e-06,0.208251877256091,0.26455592006512696,0.38097733532969996,-6.581812847178911e-06,0.03870084098515163,-0.0009073757439113856,-0.0009725107448685277,1.0001117251991711,0.8154440685403296,0.5767989326979395,0.641884611583879,0.9997561959125849,0.9126082670075533,0.9998362668617834,0.9994993925561175
-0.009911854873821258,0.16882807067128142,0.34586734543360376,0.37652101830342605,-0.010872075738439194,0.06544796621620545,-0.010700920915210717,-0.010849377986645592,1.0093303255921329,0.786695539824193,0.6642827715629476,0.6674311630820766,1.0108448594075383,0.9684070890920765,1.0103605573197987,1.0103067917509483
-0.032586329787360764,0.19627135761059494,0.3897303715472643,0.33377033844951515,-0.03323107979958887,0.02961870457198441,-0.032697655899484514,-0.033142692338027864,1.032564307458388,0.8551862514800679,0.7306030321408343,0.6896141447362005,1.0331086712139297,0.964364935500201,1.0331549482333606,1.0328516744412006
0.02088274687865089,0.22762493336093537,0.38423010550244746,0.3893514879431866,0.021060040664507087,0.07019634511050059,0.020373592460276348,0.020378712885412646,0.9790148611619224,0.804443384706355,0.6528815009954382,0.6254097904439923,0.9793648617756804,0.9058775686319481,0.979635550577136,0.9797446784273846
-0.010597646313924734,0.23040362382619195,0.36998134029760027,0.3387950394150235,-0.010193549210078364,0.07246920452266545,-0.00968382110455326,-0.009937000745590905,1.0097833099678393,0.8527091383678254,0.6628099729913165,0.6633321343225826,1.0096324105194285,0.9912250514654423,1.0098996776506108,1.01047885899325
-0.0018614508724707688,0.14975806876872355,0.39988477329056404,0.35325504577361533,-0.003326303799597458,0.08403074700248285,-0.0034837616559352394,-0.0034296474078269173,1.0030716584578294,0.7573421979664716,0.6785248280976433,0.6508711553399917,1.0033195121808494,0.9734608818504715,1.0024750811343384,1.00292445281197
0.010259078101392078,0.1786086235003997,0.32756729138785096,0.31842459831995573,0.009882711605591114,0.03965660251780876,0.010336628535091702,0.009977526600227302,0.9904829351981896,0.7708352797998941,0.619864754584182,0.6175108121143421,0.9899429433063195,0.9034679982507461,0.9901487430896229,0.9902976436262096
0.012982968622659992,0.2156325010960163,0.3439392241207246,0.37832930746241594,0.012837610852939703,0.07371975623392878,0.013081355284122331,0.01253480096658337,0.9880708702204596,0.8019104290289238,0.6392740086842572,0.6370955273959787,0.9869922371674289,0.9289648194893251,0.9883008190077561,0.9880576413793298
0.012967970264407993,0.19807221685113632,0.4247464576534907,0.3109792895696484,0.012314345781004777,0.07556770680597019,0.01205847345975412,0.012171056995726117,0.98732562477334,0.7873883766843848,0.7371176615083062,0.556143096060181,0.9879797588126288,0.946515789318034,0.988462196457292,0.9877746588535523
0.003880483693036735,0.17337616892968746,0.37672893856749773,0.3749504828126235,0.004160666074530053,0.033326031098025004,0.00487606926395237,0.003501470687542701,0.9964949310172855,0.7872824214912372,0.6842088524338492,0.611926851860845,0.995803835151018,0.8900718604177541,0.9969586703171618,0.9969519328729626
-0.05572166370889704,0.17225848548823325,0.33719659897520726,0.44475075482321724,-0.05646347830434547,-0.028338353779246542,-0.05683475138806589,-0.05619927285509297,1.0554603497052808,0.8965378909873836,0.6526339664110624,0.813419918309596,1.0553176023406416,0.9724686395075683,1.0565865959759002,1.0558977463450179
-0.036260382695291644,0.13831054842909576,0.26969928324082876,0.29040058124647555,-0.03699878408235375,0.008415384955087618,-0.03751468832561923,-0.036572787026265006,1.037657307537631,0.8033837754249004,0.6101249997427427,0.6409913588986991,1.0365832374849788,0.9761817640977132,1.0366632472185644,1.0386393407878813
-0.0076707443252884665,0.13779352544331566,0.40153756727550527,0.309121719237335,-0.007971451744734308,0.08647261094113448,-0.008483911303907738,-0.007512448443065867,1.0074387507365363,0.7718165449608227,0.699856471443564,0.5750888782895276,1.007442252598832,0.9813813112496813,1.0080132154480608,1.0084116168314958
0.00021755314266672608,0.1888591862239607,0.3610065013265746,0.3773435512488279,-8.641855444468272e-05,0.08332829134545383,-0.0005217808769166325,-0.001234725257814444,0.9998722179580493,0.7953617726064858,0.6635594555213935,0.6760637005262573,1.0001837388184018,0.9398338514674079,1.000025233272258,0.9994247396396191
-0.007961438188348165,0.1661750331889447,0.42374697104341325,0.31170648478205615,-0.008263343757898412,0.028669843929276743,-0.0076415619241425,-0.008260941585363142,1.008550031378624,0.7870295905071678,0.7437511475428693,0.6302124682541036,1.008451537098511,0.9368572814979388,1.0089791797106977,1.0093146806691484
-0.017849178501162636,0.19502511159584313,0.336970791235273,0.4275487514813087,-0.01952343644347551,0.06034482247551164,-0.01873532957265531,-0.018400549927977395,1.018206649650701,0.8403302663013779,0.6838251768564215,0.6909651043042998,1.0179758190605388,0.9885799821480992,1.0184509604061078,1.0187898533365964
-0.001995879119949286,0.16362539596568812,0.31275815954904346,0.37835357983849593,-0.0019421454108674101,0.09463902055486395,-0.0010427855322647488,-0.0022643406597859157,1.0018766211226253,0.7684193572750413,0.6289808004175015,0.647964814528845,1.0030132834631658,0.9713618114495717,1.0032228244028434,1.003226422539045
-0.00889248026411659,0.2438713555949267,0.31946395751861895,0.28139266274951846,-0.009085346709958829,-0.002501198313261154,-0.008534324511029453,-0.00807403018964436,1.0094651908490444,0.8783463620979647,0.638264686956688,0.5620299166838414,1.00779021573517,0.8994811226215347,1.0087606779693035,1.0104575696478977
-0.015274612403850136,0.23065793827899822,0.34538007578280044,0.3540769609885585,-0.015912534349353736,0.006288826799449284,-0.015203477710218983,-0.015968257999865648,1.015534444540354,0.8765657000241519,0.6707323231115021,0.6328784862231076,1.0153881392506017,0.9086254774910564,1.0162243485531972,1.0161565036971831
0.002146401059825075,0.19926443797894303,0.3957929148512651,0.38048239757548696,0.0012342296276437233,0.08366290894146339,0.0013399954160176007,0.0015886740444494413,0.9991170108157986,0.8011158894294118,0.6808301383281412,0.6878700116996141,0.9988463096593686,0.9778689673374283,0.9979261080008813,0.9996681715227459
0.03859053560904407,0.20199518452947432,0.3962290994067125,0.35959060176427365,0.04060219450905223,0.15765089276314592,0.040453501089708695,0.037883985170107416,0.9601572853987976,0.7367707873354412,0.6494320294916487,0.5852080344148669,0.9609889469554888,0.9553531063518508,0.961897974167001,0.9596777740336531
-0.014664635790980238,0.20475600958949666,0.3207892881744234,0.3699289311776578,-0.016238153903881145,0.08852639188559804,-0.016039229450343907,-0.015241544768991725,1.0149287506379965,0.8615644093421021,0.6585237661365428,0.6958817316052559,1.0148791571446536,1.011834068777389,1.0152129878640712,1.0161148063665981
0.04208492056482053,0.24497134912974514,0.4250551877577154,0.38398773158148586,0.041982094658669644,0.11374414496478721,0.042005022445216346,0.041900247105343236,0.957700404860077,0.7767854287591838,0.6206914492324553,0.6168960497294559,0.9584365284999039,0.8917005916241032,0.9585951034088994,0.9582543485269296
0.026191092768578332,0.2148958509966102,0.3136391741155188,0.3568701603020853,0.026618523151237562,0.10172729648086094,0.027012299755447392,0.027011753200991223,0.9730533286241518,0.7794825352444122,0.5786386594108224,0.5998317668474393,0.9736674635617664,0.9360004201503861,0.9742511226616765,0.9743635217026985
0.022281089538483737,0.2327632114405367,0.29806198935741446,0.513758053149606,0.0224134353104192,0.09040320523679189,0.020941363837821726,0.021660975591964417,0.9778914242588292,0.7861261860814015,0.6036223610749656,0.7236211709507172,0.9774185330918751,0.9078977983404349,0.9775152463347887,0.9778491846138871
0.00513491296211981,0.2557806626307267,0.30086403879182366,0.3615870287979126,0.005414024343258416,0.0712202860529618,0.004474641453996419,0.004268288707880299,0.9959774978663798,0.85448380506642,0.5762178122621645,0.615633504536104,0.996033156491083,0.9375309484468247,0.9947518936433906,0.9944090789203012
0.022901258607250022,0.1507043579561914,0.3576901506945908,0.3544597788427783,0.021755787935234933,0.07262316152729854,0.021999540353013484,0.021819497061427183,0.9772257309776717,0.7358961327504897,0.6227263675609993,0.6131605319291082,0.9774379776888963,0.9042423591978193,0.9778749250405911,0.9778397871030742
-0.003778340252580818,0.23057004253111205,0.32246085779014233,0.358716329344469,-0.004611421540178642,0.017072638788698746,-0.005486497484343869,-0.005309364284282817,1.0044333131219674,0.8496743140665606,0.6435015469060947,0.6078140587440732,1.004110252240066,0.9090007347400647,1.0039022425213933,1.0047069528412877
0.014274226957090142,0.20705530927608645,0.4304740565057479,0.32091219278985644,0.014077373060479443,0.05379063996210016,0.01463850594100065,0.012959671780720688,0.9847028260835948,0.7778647348670453,0.7221725286605742,0.5504393780253807,0.9863775903572373,0.8878799870099527,0.9874760321563463,0.9861738614585477
0.012751631086859849,0.182147556667086,0.4722291474398867,0.2987059205153608,0.013952787279269217,0.025142884754199818,0.012538569781475394,0.01274692400206585,0.986620400484079,0.759140809936843,0.7437625789414815,0.5691455535738327,0.9864210654083985,0.8749490841188658,0.9875394414496985,0.9875528334632708
-0.015240311615638692,0.1877697626054543,0.2840144716057493,0.36371018511385034,-0.015581587259747412,-0.012954799524437767,-0.016339525291791786,-0.015565169048736699,1.0155954968809717,0.8280669207265998,0.5975391771619728,0.6525432641867094,1.0161441483604898,0.9052135035993335,1.0151969838688684,1.0161839721005412
-0.028416994714303388,0.16339089129422527,0.2342385485517536,0.3633216755459055,-0.028134654334262994,-0.0030640084039996567,-0.029268659193785608,-0.02931274937623868,1.0283106474503254,0.8083952605652671,0.5964176884431,0.6776640292490665,1.0279856670389862,0.9352891383207625,1.0286896817170603,1.0282005857300804
0.004742955249002422,0.2289752463613894,0.3657030903755828,0.38987522238473515,0.004593953936280884,0.053924542874517006,0.003427765824922756,0.004095727892601555,0.9953969269887101,0.8240338894220671,0.6681909702881412,0.6482410468984047,0.9958227925674027,0.9197296403052801,0.9957984170627785,0.9970548112680653
0.018883987888328426,0.22866245589594653,0.34501655288253097,0.32607544199069666,0.018786333809080274,0.083424309214478,0.018205174283286975,0.01774629488207714,0.9815328247643368,0.8062705142604878,0.6190049546319311,0.5532983751545147,0.9818767687249601,0.9112854330055753,0.9817135479473623,0.9812836794485412
-0.03241974628285097,0.19444713469998587,0.28235771825504474,0.3416406344448119,-0.03310310343966382,0.049329906388941205,-0.0332796953399603,-0.033479341870687886,1.0325553458924461,0.8404636179646205,0.6293509565389132,0.6792314807686113,1.0323555811393306,0.9889409482122864,1.0332315674097974,1.0328201959092456
0.001673055715022596,0.2423555902729857,0.3537927981943684,0.24575220051020125,0.0011241299286932171,0.012511959024378532,0.001303225820290112,6.804891486830298e-05,0.9993980329275883,0.8620669836206902,0.656419763980403,0.5302113342428003,0.9993524108214028,0.915271153635212,0.9991194730620283,0.9994549252208673
0.007489833286421598,0.1814434264101435,0.2967554965812554,0.3955159044717841,0.007530911820235298,0.04259496505262139,0.006760134310297618,0.006882431701688666,0.9921970081917376,0.7724606338282074,0.582012129092575,0.6783314510736853,0.9926135273184225,0.9146370443914975,0.993106517675566,0.9936321697262035
-0.003369689571092705,0.21544007601954057,0.32145945034866363,0.40340626757751846,-0.002383624013500989,0.060034936983752805,-0.0032638012326847332,-0.002217982831433775,1.0036904014245407,0.8354591838436957,0.6331880672426677,0.6654500692454699,1.0035333323625397,0.9457358388446243,1.002892669257991,1.0043851378978603
-0.009590545813957166,0.11617280219767238,0.3241391302092403,0.32170499261523555,-0.010082462000927423,0.0635908721529559,-0.011369573393389206,-0.01005431157124913,1.0092738025458485,0.7466594860322491,0.6218013810694683,0.6305782964533033,1.0092506514092003,0.9704656093190418,1.009773901183114,1.0090448564429757
-0.0026689815248212203,0.18037006356865223,0.24764645276400096,0.33766594599075994,-0.003060343842673135,0.039397792350764835,-0.003491991950293085,-0.0029080295803718126,1.0030799625101459,0.7901436023839032,0.5477535882195554,0.6446261139286029,1.0027979664227398,0.916040171779924,1.0020669442995669,1.0032413915724718
-0.029502441284068155,0.2240321424656173,0.24833913502881705,0.3451049162338845,-0.030255172507676332,0.0596969967184001,-0.02988669374675125,-0.029740179969295212,1.0295032234654347,0.8694454999335834,0.5955506520990115,0.672876009950089,1.0303863494813859,0.9886555850162239,1.0301013715056704,1.0300162214845152
-0.006765148587963525,0.15557454969280882,0.3972110175737884,0.39173888615345587,-0.007233432819534061,0.04820331777645455,-0.007682954793114023,-0.007198116705290536,1.0083518362577826,0.7914069015842624,0.6956317819004583,0.6858282458308161,1.0076274354318022,0.9491415924589807,1.0073378551013423,1.0075344850981558
0.00378537895970702,0.20749812415626737,0.2518322221171721,0.41571684370503337,0.0030312388335287785,0.07634617964063536,0.004403334551591773,0.0033250647632724235,0.9970821603875666,0.8137811616418745,0.585545089333378,0.6213194757943041,0.9968515782298377,0.9259836072766265,0.997015842734833,0.9982140988438228
-0.03856818574396208,0.1624417454424519,0.37389826367167706,0.3186609354988865,-0.03790369314896767,-0.0068071313536868915,-0.038220341085317154,-0.03786549811447634,1.0385919731084696,0.8291294318514146,0.7279397537040797,0.6560990077042768,1.0380290593559762,0.9499778316377471,1.0378086806858913,1.0392569262148796
-0.026027710679441513,0.11040940526428296,0.40183070520678155,0.29498963434207987,-0.025424907735446773,0.014995382683929952,-0.025812045589304018,-0.025614679223799567,1.0256879002628727,0.7643950680244501,0.7412085006310742,0.598355635687939,1.0259137271453926,0.9422085592382091,1.0264179019773192,1.0272272283214572
0.02336871853141236,0.23902271482173643,0.38466222861129984,0.43135665304190385,0.02328441495058091,0.06640382060708178,0.022535695017726603,0.022439955490151146,0.9772399613977296,0.7997641894827702,0.6438245998966733,0.674563196414073,0.9772526605596917,0.8951131447099638,0.976755056925675,0.9769963379097513
0.0248492904870696,0.2362405923898906,0.3559961261462007,0.4249326855338336,0.024020103470320835,0.045945005447944165,0.024008258326501677,0.024205089869067754,0.9751004093277338,0.7980761430385821,0.6194713299989103,0.6785101712547859,0.9755329827501035,0.8926040865551504,0.9755201855426165,0.9754217696138103
0.03634919856624625,0.23280931899599858,0.4245011054859854,0.3486029906006539,0.037645286546335276,0.09527095926428415,0.03618339371546593,0.03764029412176478,0.9635263713236115,0.7686206873683661,0.6750199826816914,0.5691305162580832,0.9632197511217413,0.8936766650237838,0.9641796349775034,0.9648645673022838
-0.024475696363013333,0.20365351702845216,0.3392449389366355,0.30104850140190226,-0.02439522402839478,0.03294315083085728,-0.023430438233800154,-0.022659810904387085,1.024111200532912,0.8615201148628464,0.6942685359606933,0.6029892397595547,1.0244074542639923,0.9655393940950925,1.0237018585902768,1.026027541863262
-0.011364775449837255,0.23575989048595344,0.286947303613286,0.3691195140766716,-0.012230979209666065,0.03877265358747723,-0.011659397795037808,-0.01191841609728697,1.0103640010885775,0.8477004111543744,0.6197010976731749,0.6446873246849203,1.0124154469101168,0.9346128344604798,1.0133332063097,1.0123651347574882
-0.02189100035387052,0.19964104138993607,0.32696350083264936,0.3523945193134439,-0.02181100905682767,0.06368858718059602,-0.02187967153600774,-0.02126354322246831,1.0214110018998197,0.8506525510416969,0.6574004537000663,0.6784161464905447,1.0219948330836703,0.98420362797627,1.0225162679000157,1.0221374048762881
0.0023261206231096378,0.23598708898466203,0.3035980914843426,0.41885415697744566,0.0024792396282222726,0.07590984430794086,0.0014808405382727686,0.0007053658706615858,0.9986817965740333,0.843603309104999,0.6053222710987222,0.7138267991845954,0.9988587226339269,0.9587352977748912,0.9988505171538379,0.9987877792709922
-0.016135848249070203,0.150343107802286,0.4235680919634618,0.2694996293193987,-0.016009615289136712,0.018534731130403565,-0.016911721139904783,-0.01573938226051374,1.01637098099211,0.804549176021381,0.7173261667857114,0.5741935649163215,1.016435506095465,0.9150543387744331,1.0165189170772966,1.0171188538781841
0.02626893242726742,0.1979416356849521,0.3868275464323732,0.30567091155587583,0.02552083588940681,0.11167770758436968,0.02534609801301876,0.025473385012361294,0.9739695670147344,0.7582039094695167,0.6670689147694462,0.5388651204778923,0.9738213285071006,0.9415294503332304,0.9736100400657711,0.9742393108069601
0.011583320532517748,0.16517566897859684,0.2935607838807477,0.4353177950918998,0.011683656204016499,0.0792089538810413,0.012014524185592889,0.011875969938080457,0.9870032404797698,0.7606196390972934,0.583027572572848,0.6741390487127255,0.9875087748445962,0.9271666347750029,0.9887595549677682,0.9892440204530837
0.0308735477276022,0.24292812974035566,0.36449487943276176,0.34686681723741836,0.03222640243333478,0.08442238383303319,0.0314448216034911,0.030084836569848342,0.9683301762237276,0.7905798403013432,0.606860527504151,0.5591249671125667,0.9686557605596768,0.8930477612336801,0.9694801575205726,0.9685640208713249
-0.0009042471354048396,0.13617217210055618,0.3287287105846115,0.3375765481783085,-0.00128711706269935,0.04230826914404189,-0.0012103959602976632,-0.0019313822377277161,1.0015226059859166,0.7330634793823962,0.6256936107857862,0.6347530139823521,1.0011607279588137,0.9150829891842166,1.0019472440689137,1.001701520114992
-0.010237752621771084,0.22063658001528447,0.313069985208063,0.3218917247086077,-0.009439122777512018,0.04047528361359144,-0.009697638499571335,-0.01013245648395774,1.0090694528958986,0.8387062756099775,0.625834195235462,0.60651149195901,1.0095822347196837,0.9395956132702509,1.009603329083742,1.0095162797476656
-0.012477809770588233,0.18975720342815175,0.3164271476524441,0.349083687522396,-0.013204607505878945,0.04561910719698748,-0.013761802956044872,-0.011335199721205712,1.012449792727791,0.8164892197418467,0.667530960105104,0.6557646330661708,1.012277330590625,0.9731695945917817,1.012139750823168,1.0141454224855497
-0.02322449758273783,0.1614225360091539,0.35687791606684516,0.3359166538826057,-0.02258357080076326,0.03552249094360189,-0.022417456778242553,-0.021641067275131813,1.0219590711911342,0.807375914043232,0.6974943110611229,0.6479043610710072,1.0213785202817873,0.948815390678718,1.0214077919231763,1.023264182262692
-0.01235203866572644,0.1947645742325858,0.360555353102139,0.3627862592191084,-0.011867825166843352,0.06604805756149061,-0.013084445039575938,-0.012392456919582868,1.011855622726346,0.8330030427027453,0.6525314021318629,0.653143327576126,1.012680015352849,0.9535231185939245,1.0126685015926,1.0129666669571262
0.0031676893761346707,0.18816984645052845,0.3830010999686022,0.33974766765485487,0.0021068618251576516,0.07536264273379437,0.0023276203907651306,-1.343815337821619e-06,0.9977498717151229,0.7963544370304797,0.6451312431928704,0.6095113695342846,0.9978728808069965,0.9451189842179596,0.9974760298597138,0.9963066633295592
-0.01972943414050407,0.14830897391702488,0.39260395247415963,0.4196244141937726,-0.019855495962342908,0.04583656613173421,-0.019649192079805946,-0.01936646151331054,1.0197885689937314,0.8018840650398497,0.7277600177454386,0.6770628617583996,1.0199216834294453,0.9649845465903989,1.0199860432568828,1.0214789809933953
0.011856220893882422,0.14841444412993698,0.3994561715818931,0.4180263710907195,0.011856381074112247,0.07616761385184605,0.010983422010463121,0.00977534381166634,0.9884180511139851,0.7421720720415406,0.6578450952310346,0.6915989267052376,0.9889392917076081,0.9303142856866254,0.9891514120829623,0.9890289858611426
-0.024374153841785668,0.18961613663098545,0.32186551169532374,0.28146126140788225,-0.024755604500848218,0.04218164550061706,-0.024493174028126827,-0.025426562396598844,1.025283746997218,0.8372573978642623,0.669866747372104,0.579620410242091,1.0244594764531438,0.9636360534501146,1.0249928484708937,1.0251613544289417
0.011420291820905003,0.28368712862529527,0.3065677880204798,0.4172464540875344,0.011286323435296538,0.0727549929344935,0.01074864439464346,0.011842835666921467,0.9879777005469502,0.8679701279412368,0.6108758679164171,0.6730080371314046,0.9883665901980782,0.9210641044037361,0.9883496308417066,0.9894982391220757
-0.01016650760631781,0.2259476627232023,0.3574697064502309,0.38626438618209363,-0.010697936132258643,0.058787395609077475,-0.011535113111028818,-0.011793785381504645,1.0097153769125722,0.8566926271940811,0.6982685359934789,0.6535001968277877,1.0112237013263425,0.9624531050033409,1.0102142168054031,1.0102351677837247
0.02234269216670057,0.24324208916820245,0.3895815918224693,0.40998379453931516,0.022328449001744737,0.09135081931709045,0.02267696451344285,0.02107672785544301,0.9781932366354029,0.8084879717865003,0.672779668938304,0.6363091310002715,0.9775135317114593,0.9333478346929058,0.9780825533177164,0.9771584234798434
0.0013897701580472847,0.15899981279588113,0.34791525225175945,0.32416340397740645,0.0008095916048750142,0.05951256320825706,0.00030918570464523513,0.0017520824390466483,0.9981641904649975,0.7765935024692867,0.6329712832401855,0.6202364924024488,0.9993418981245672,0.9432511994545096,0.997725800178604,0.9992897688988972
0.002431372754186094,0.21431739918456813,0.38057856237748544,0.36101112302612026,0.002977750335894864,0.07566589114946368,0.002561617640870175,0.0010471664996244026,0.9976378090144526,0.8099223404631859,0.7107142345986015,0.6228357230799899,0.9974771604473077,0.9296762512556724,0.9978465911301624,0.9965379479147207
0.01694792099155886,0.17514233112668467,0.3936053761494912,0.3585618658122992,0.01578071812120643,0.08923712212672229,0.016076659634640746,0.014197967142057698,0.9842863869579085,0.7701507698493103,0.6866523466275212,0.6206692754440325,0.9836006219833862,0.9328017448020705,0.9840877356444045,0.983227107721556
0.0008956977312800255,0.18981599400964805,0.40699588814197096,0.3460387101468204,0.0008232668523118669,0.06733871564074181,0.0007101117043970379,0.0024344501991207094,0.9988842359806467,0.7914815194958184,0.6923919816254097,0.5885059475474718,0.9981516201819598,0.9362795399107952,0.9980851213874061,0.9999761642306972
0.009440435612654776,0.10713947050465794,0.3204152225931613,0.3965441432919581,0.008101258012697189,0.05526613303478036,0.008794831984272626,0.008565112134506116,0.9915541159007563,0.7104703615760282,0.6004325215410939,0.6489255529593891,0.9909699537598472,0.9337459298263477,0.9909600554153815,0.9919095526746283
-0.01958196903009018,0.27813119476730414,0.34363904067281703,0.30347557080062626,-0.019058815260656024,0.0697904936898781,-0.01795835569366262,-0.021792034991136185,1.0193637920150063,0.9276423281249654,0.6429094323741217,0.5912458931489584,1.01882207932375,0.974709055105408,1.0193863793007574,1.0172390364105426
0.026164639305240836,0.23772230941863323,0.3629370646446492,0.4140190574652372,0.026274886232383592,0.08637611972612637,0.0267321629673605,0.026125985968733324,0.9740020361117427,0.8022483153630802,0.6180912035059327,0.6419065905713683,0.9747585749235642,0.9035141466761851,0.9737941723010913,0.9744294699954297
-0.037751909464660456,0.16730062031296866,0.2918763782724687,0.30058281265694986,-0.03779624952337231,0.05035719758406602,-0.03806972104698118,-0.03856386551545613,1.0378343000857364,0.8191663790509683,0.6785481621631797,0.6272835120036926,1.0377793337350782,0.9777279451186194,1.0371206902181505,1.0375711588536436
0.00400649725219232,0.15609544643344436,0.3872440769359632,0.36156092300734083,0.003570254851204364,0.04981586969898476,0.00353654351970189,0.002765405142615373,0.9962145535006591,0.7530282547643264,0.6808836343108722,0.6131219834364902,0.99597282679181,0.9083007756614132,0.996362896789916,0.9958653054963466
-0.005734869662928622,0.21021168747353416,0.40133459655173537,0.41154130093917035,-0.006070100441517815,0.034648985611480894,-0.00463465448980885,-0.005940515643008741,1.005439847392534,0.8128099765212315,0.7141884665584904,0.6549514765438922,1.005407360560181,0.8985826477674937,1.0060894325170275,1.005407346934852
-0.01364647514150911,0.20499362489590067,0.3284582824581559,0.36046097922840686,-0.013150202560650012,0.04442953021563424,-0.014031270999878734,-0.013805346235241996,1.013672458464265,0.8247141055658616,0.6623016185627806,0.670918070639867,1.013494777936467,0.9491436963233696,1.0141096357392032,1.0147009129053077
-0.009501315699774804,0.18887878600222452,0.3901585615244112,0.3980123817573755,-0.009442650365848265,0.06253726244659119,-0.010504574152926854,-0.009365616163259672,1.0096671956143153,0.7970054513344662,0.7130215193422242,0.6684873798232205,1.0093084140104736,0.9393306402258226,1.0094969240978988,1.0106807542922607
-0.008502234502409646,0.2301440831751746,0.4132848332610972,0.3519803217712455,-0.008325345144665102,0.03748605927678679,-0.008708486304360425,-0.007685114460052971,1.007899220967368,0.8593794401897047,0.7115755911183441,0.6893583249033005,1.0075223047330824,0.9512557437582234,1.0075234186126483,1.0088670395091157
0.05041749760659791,0.21760829014283237,0.4129182637193679,0.37575888369538846,0.04967301610860959,0.11872537726583335,0.05069607076541139,0.05218419014441932,0.9493771864756236,0.7464522772494344,0.6637285034024873,0.5865744554951722,0.9492727281860751,0.9103237989923815,0.9486832082175753,0.9507838220787932
0.022385512678805786,0.23740018488230794,0.29915683591381514,0.44853424601871394,0.02120329265503549,0.10964186354793974,0.022347975265656565,0.023370370829458174,0.977957476921562,0.8030802034875996,0.5926756902309583,0.6684022134011968,0.977798174054266,0.9255974257641019,0.9783108346407808,0.97935186036086
0.007798819847119467,0.221843495390758,0.2952291711127034,0.3196861422844861,0.008601682810670754,0.03631818765480943,0.00892001734169657,0.009650463747695603,0.992796176791422,0.8313671013682198,0.5614151416276565,0.562053347461962,0.9912998334802476,0.8921293911631838,0.9921564542042383,0.9930605626240535
0.025128141698666097,0.19005008488800487,0.364530057727933,0.32465237338673,0.026188102798537546,0.06145944088302284,0.02495410878424716,0.024937081448823707,0.9731994772297763,0.7471679036375306,0.6193528285739116,0.5819994021342345,0.973677840715149,0.8858093384685898,0.9743881526011444,0.9736595037049071
0.006907623104021877,0.1561607090552205,0.36213075701144176,0.353222441586171,0.006876716059250746,0.09852782301822748,0.005942188798569094,0.006530991410748958,0.9923820777448622,0.750113944272071,0.6332612946367928,0.6051500528284237,0.9936343512567052,0.9607045872302998,0.9932402718557658,0.9939144196611454
-0.030646142775217385,0.20204749780393982,0.3401072356261049,0.3421644778523454,-0.031391491165158915,0.015495942264474379,-0.030687624301326072,-0.03190346400484682,1.0300528189099776,0.8641865315332719,0.6795914179695303,0.666887531057722,1.0304040106250678,0.93980157492004,1.030937042445311,1.029311858644869
0.033994893744076264,0.24371485594315315,0.35679520715475316,0.31163807495260404,0.03430864275215584,0.08471162166722486,0.03397077769028634,0.03214980242872927,0.9659690294629708,0.7959183919348374,0.6230652731938966,0.5638705151378218,0.9670028458783291,0.8954727382668004,0.9670054660328682,0.9652994788893369
-0.012572674427291899,0.2091697450210859,0.26146492025642293,0.32450683259395274,-0.012114974470931171,0.04130615088688177,-0.014012775467424797,-0.014090198068529096,1.0128737014755615,0.8361837051191535,0.5769467279295721,0.6326289113800636,1.012382647681372,0.9436425086620157,1.0127962781877287,1.0129929402341338
-0.0039020960447380183,0.23438150885363151,0.33834278764640663,0.35639216309358557,-0.004529112497799416,0.06674418902045749,-0.005246026696400673,-0.004555365083805393,1.0035201201004973,0.8468433610138928,0.6179681229779703,0.614712288755444,1.0044493247681245,0.9464091626674858,1.0033768091494246,1.0048990429178284
0.007863586322093155,0.23223511191402707,0.3472177058827824,0.4406525467570555,0.007230159568247195,0.022272756936204192,0.007008885332103284,0.008101202241655952,0.9932745694780241,0.8156868273907673,0.6475725390369939,0.6817430771104763,0.992047073751752,0.8919683940115679,0.9928677000414434,0.9936192091225068
0.03825913489369649,0.2125296473033193,0.3642836983295389,0.34972265180308126,0.03831878397980779,0.10258357258871506,0.03869243867466941,0.037095682795475954,0.9613549126619291,0.7350483632051701,0.6337036389555271,0.5439398768644977,0.9619666675793377,0.9065228046655687,0.9624519786652111,0.961442520710748
-0.020452358583437892,0.1486000052769586,0.2783152773114928,0.3837918697454706,-0.020919317642107752,0.04706746390123984,-0.02213270414693749,-0.02305691674378368,1.0199625581205745,0.7753250578355184,0.6093850847264838,0.6701027067012688,1.0210909322032822,0.9536369698100068,1.0215872469189629,1.021242234901912
-0.003402243362040703,0.1423413133864826,0.33425105560049645,0.3233471698888723,-0.004895328660848854,0.0727128897194593,-0.004254738290485426,-0.004631392778894912,1.0044142024887661,0.7416303366475301,0.6103660030232865,0.5792717235755521,1.0036696208665226,0.9488631019216444,1.0046286770862507,1.0045191092378774
-0.0005939649392930179,0.21507621578996577,0.3336602650821473,0.2869762653090986,-0.0003163897982685202,0.07972259626211436,-0.0006134261883570715,-0.00019868681900266937,1.0005849179248067,0.8182180167702073,0.6222837856365149,0.5740325971233835,1.0018192308962184,0.9620142558491416,1.0023710539151889,1.0024161966231029
-0.0028422514490880537,0.2397202388861127,0.2806390518018845,0.34417734773160163,-0.003026942399855909,0.07756737371313853,-0.002232797539920138,-0.0017446118869609817,1.0024861126190874,0.8230436906036742,0.6155135559779498,0.6185043910151138,1.0022631210956454,0.9680554430183061,1.0035827455037336,1.0040117529715307
-0.007196171281400186,0.18881191868640065,0.4114651987438308,0.35580507952780827,-0.007705858966834877,0.05493906800260178,-0.007596107890003328,-0.006575147986832233,1.007000887176622,0.8212051460279892,0.7163148434019406,0.6548099714160178,1.0071952207925463,0.953310328202291,1.0068392609817587,1.0077031855198233
-0.005292433862284393,0.20021881231459343,0.3326095025781725,0.2985743951156164,-0.005315297015467031,0.04195132457846752,-0.004880400490467915,-0.0028634269234632,1.003949564517348,0.8139517836320936,0.6457757380972728,0.5682871255168275,1.0043125352580462,0.9283145816390662,1.0043303319711037,1.0073550337526551
-0.002761771511003672,0.18803160141743644,0.36963272321730256,0.40329117869387443,-0.003517244183366038,0.06879520324495332,-0.00316325531488019,-0.0034559705748179927,1.00202599522315,0.7845850224584577,0.6534525519853134,0.6724326728746279,1.0022801893812268,0.9483605493536619,1.0024683085610457,1.0030823967254212
-0.019942216242769283,0.18302836679808673,0.33737103568340077,0.40974615303555334,-0.020440530009896228,0.04753362236055854,-0.019136837700932864,-0.01977683287086524,1.0198538593987774,0.8189143662872181,0.6893271712797326,0.7072369281099711,1.0200410607308485,0.9586781965197698,1.020652830985629,1.020780505677165
-0.03414031951262024,0.14367064146302472,0.32085707376293415,0.3109950735152284,-0.03475555224918351,0.03657160984655969,-0.035380927216207954,-0.033919515041842214,1.0340219237966077,0.8111509948981986,0.6752676842872163,0.6088645100149647,1.0347182027034076,0.9678946083461237,1.0340868698486398,1.0348136093549016
0.014608930361172171,0.19929956627154227,0.3625075491998866,0.3665154846051697,0.013742201893894987,0.06928168672238336,0.014802419136879104,0.013264778695920156,0.9861579527636242,0.7923809370373687,0.6406263682283309,0.6187317089828098,0.986714023752003,0.937583350577481,0.987700465772686,0.9860799701969861
-0.0024065673249580857,0.11102118135505512,0.3752293448574536,0.4196837411701018,-0.002548066248754496,0.04564194164977046,-0.002716399810649174,-0.0027759449254476515,1.003037885034066,0.738636759604459,0.6836963010858559,0.6931051209024612,1.0021314016860652,0.9425673449455453,1.003912233415635,1.0030822060457936
-0.007883141385387515,0.182824826702749,0.33182176207745717,0.2987260953859153,-0.009411097533501275,0.09267893372696537,-0.007618782114093219,-0.007987774361302035,1.0090003299064232,0.8096651582665771,0.6712339357419589,0.5918001506195341,1.0094503559182726,0.9909728331587055,1.0099146765884734,1.0097216837128438
-0.01099143687923012,0.14044112431679362,0.37652651920637453,0.371546916550055,-0.011321026516309106,0.11240371358513375,-0.012021408168394821,-0.012100366930612996,1.010707115433077,0.7868734092303309,0.6717723546069201,0.6146307366093567,1.0106773928341757,0.9999632162881343,1.0104684062409959,1.0109943394961551
0.010336948001101402,0.285359292220056,0.3704373199342344,0.49505043734822185,0.009492179414819044,0.0609663873516753,0.008962656376969564,0.009685681865663525,0.9903741177026145,0.8546540735159417,0.642998147924708,0.7582750399084711,0.989712882500054,0.9049616768614861,0.9902519059683478,0.9917344935362992
-0.003457153797794614,0.1636536632168056,0.3017486604507844,0.27793161929199167,-0.003638651401794871,0.04303732893230252,-0.004571383982119999,-0.0036691866899732496,1.0031791957926464,0.7832681675797015,0.6054136633145655,0.548155637640207,1.0037202935229241,0.9192927339472194,1.002672510909005,1.0041277176805783
0.021408009970347072,0.19009060896943195,0.349364981129219,0.4330437574115023,0.020985723541202216,0.0909809381039411,0.020033541490787322,0.019513385372328544,0.9795784902637116,0.7722052141388527,0.6267762510984753,0.692398447097039,0.9789626339289247,0.9337170353117851,0.9796170676080458,0.9793903977312982
-0.019384772055877752,0.19246388753342708,0.28777529639758703,0.27907792936645937,-0.01925567953245249,0.04078101743885998,-0.020279029252825573,-0.02020783393792495,1.019787049272729,0.8370543744407468,0.6055217199106219,0.5814943046082705,1.0205382685174444,0.9582451193898804,1.019337925377326,1.0199783718213906
0.009025287839513363,0.220620593205877,0.4249954460784577,0.30063799322826096,0.007586494240438161,0.06827540304508284,0.008586459595020626,0.007259302844005654,0.991324740859988,0.7966915863800622,0.7275420728397237,0.5774712567599689,0.9920235738343843,0.939747559590141,0.9923457962027779,0.9919099204717003
-0.005190310986811279,0.21115595357785544,0.3770233235589548,0.29276932849385706,-0.005083279993490761,0.04569124394662007,-0.005255693342889784,-0.0047898276462041405,1.0048912914372063,0.8220480266087182,0.6840995833343091,0.5749831412715518,1.0052162710670363,0.9363373235009566,1.005940871011226,1.0064691096611575
0.02138669847473812,0.17661388544237094,0.37019655031053333,0.31113425201954625,0.020231309617340612,0.0906140856344513,0.021501065334138574,0.021528775718222436,0.9786922546373434,0.7672231764171071,0.6133751565585226,0.5615100814611743,0.9783202396784255,0.918057357189748,0.9797218489587108,0.9801866071121378
0.006535414563014133,0.17586377768220685,0.3403247010743265,0.31890924871814136,0.007679319156966338,0.05122442140046489,0.0067334859965887724,0.0058844828258706496,0.9933500568243944,0.7755008342811184,0.6638264756031719,0.5353824911639213,0.9939737673788501,0.9190286826884329,0.9934339803796961,0.9923512964137237
-0.026774343978518474,0.19530916108370466,0.3038636688894965,0.2816135766323808,-0.026176907921129963,0.013120123736987805,-0.02782666464751591,-0.02780092852116363,1.0270541764565122,0.8239481109843199,0.6701487226315563,0.5896650945471613,1.027502959708237,0.9424806163192716,1.0272639525517626,1.027513380978222
-0.008665752580879333,0.20342754734128762,0.49109353245519255,0.2111450002759425,-0.007894686572033245,0.06965368145422797,-0.009012770810726404,-0.010182214953329945,1.0078207864583575,0.8016397788589923,0.8034500407971754,0.5140860866528308,1.0086271741718906,0.9486511512981167,1.008738200368892,1.0079727100672362
0.0103628355812069,0.20472450129715639,0.3752561385131745,0.35756521966814087,0.009498894215643741,0.12498324925314223,0.009782185820439954,0.008787124599427699,0.9915707498660934,0.7939616771631987,0.6584233594816162,0.5870549319619369,0.990514968441224,0.957923275017173,0.9904246972657342,0.9900882663533734
-0.004019770562873745,0.19196337078682424,0.3204192654773549,0.24777568722851276,-0.0030871546296643965,0.03287886691906308,-0.003272550179318716,-0.003069261033615866,1.003797185166745,0.7976330629834841,0.6716169060180455,0.5473216050794495,1.003168654240303,0.928925016532582,1.0044708015096346,1.0040508153489796
-0.01783956228662905,0.16064877122447135,0.3057126879876385,0.37210077091451516,-0.017523297542591732,0.020462689035213796,-0.01760478120216006,-0.018654152614863518,1.0174847406393674,0.8171424376862865,0.6097429730338157,0.6776568230507942,1.0173395146191209,0.9429512737852043,1.018344386477515,1.017377313475669
0.012905312442506443,0.22812046250384907,0.32832152419536226,0.42730374687872347,0.012044416843609372,0.08821941284785942,0.011890726582906854,0.012481776066682373,0.9874494907669462,0.8062173543396247,0.628610541500205,0.6553616986295088,0.9876117259733501,0.9339462726282395,0.9876533174547975,0.9891250199415562
-0.005462263378252808,0.16661068838444051,0.318891171801177,0.3731435788191769,-0.004736216334596269,0.06765846925804443,-0.005466042525841482,-0.0052177628086378484,1.0056751551178664,0.7965656650341406,0.6118914515941223,0.6690612905861704,1.0056305757504207,0.9538692316842018,1.0051698316101656,1.005430949883181
0.0058192058293142866,0.15373602120481145,0.3224716150551709,0.4005351597805169,0.00565434938687265,0.09879774541756771,0.004833309938545548,0.005055517742391689,0.9944345227695772,0.7456496734185252,0.6461218279335305,0.6001080902456527,0.9944105594331138,0.952573570716992,0.9951779724826463,0.9947744224890913
-0.0013899760037574985,0.19289640526526405,0.3651075764520478,0.36636653068687414,-0.0014126687114325946,0.053878105787405095,-0.0011935337343075996,-0.0015111473043975126,1.0006920882181622,0.8122657701731385,0.6646848308727398,0.6697882824201068,1.0014760234657218,0.9481612321895903,1.0013678090416611,1.0012775200756767
0.028368318545037827,0.22004014031940106,0.28193048910716073,0.36639940653424874,0.0296607365868609,0.06491181852330584,0.029707379757085726,0.029254113485517562,0.9697881131804854,0.7640073938021467,0.5590429446583745,0.5786761622206861,0.9701668232483353,0.8734188633830844,0.9701783704065401,0.9704202033472011
0.011669731302390757,0.21786646211499444,0.3554949326046563,0.38740772848108634,0.010176658484329608,0.07897512061828925,0.01050994250942218,0.009781674483138172,0.9896398913380343,0.8028623573156599,0.6418391719098868,0.6596501418561327,0.9895823678183265,0.9265330179551728,0.9898810437082105,0.9899967629313249
0.0028971521074342738,0.24234938558306973,0.3369249719589135,0.42243592067135116,0.0013743735839554813,0.08976764372197721,0.0017006519486768299,0.001611591516468548,0.9971831916881405,0.8276206309499082,0.620544119980531,0.6768707782454662,0.997543875300714,0.9383548570945219,0.9983043436591945,0.9974333453073935
-0.021046858707145257,0.15717724947401593,0.3270089131622484,0.28473514482537626,-0.021744696580888952,0.04767100273030217,-0.022265118570482797,-0.023531582131571225,1.021472596038639,0.8182961520088017,0.6595105916142077,0.5901005603569117,1.022286888224791,0.9778025558346213,1.0231592364213578,1.0209507744829989
-0.005783175589716563,0.20547185270210405,0.3121435137035889,0.36657626923168124,-0.004662537373609682,0.028817485512437575,-0.006054008342960569,-0.005559941415320474,1.0046281833395945,0.8363299869713172,0.6072742091327075,0.6621287548966375,1.0055954446305482,0.9402725905904326,1.0051540902031857,1.0053320024053383
-0.0055905061341721095,0.1827035636588403,0.3580383514924298,0.36156933434853533,-0.005205792438530612,0.048095177097738355,-0.005186494661082974,-0.005474301737327242,1.004545287828931,0.795152945402621,0.6896099010709502,0.639333597155736,1.0041580871903921,0.9461032924252069,1.0048029168710628,1.0057061692921823
-0.011594494481306705,0.18861286949902387,0.3863893226097573,0.3654897097046305,-0.011682093026054679,0.057392500356879185,-0.01170081020857652,-0.012876023709633899,1.0116904528155977,0.8053225775982157,0.7054698663080492,0.6641945701401901,1.0117317860408237,0.967695823461212,1.0123220177593957,1.0109618950807264
-0.005322855763851829,0.17602100326303904,0.37653998531041594,0.5302956657372844,-0.0058560253783709595,0.005886814755532603,-0.005544628451222143,-0.006078042848576249,1.0059475090266832,0.7859392797881616,0.7178955416103114,0.8228604191966815,1.0059002879791281,0.909233316453536,1.005548042263742,1.0056427506470575
-0.010432690710115398,0.2139956833286233,0.36950109890038,0.345550008329166,-0.011341136957804856,0.08483375031714709,-0.010584697839271184,-0.010122986935850444,1.0109365938694863,0.8420119061651159,0.7397966173409598,0.5972502018039176,1.010879155621398,0.9774352213282209,1.0112632870776463,1.0115284379954037
0.0008384600433234684,0.19680520333632048,0.28354630241689255,0.38702425919645383,0.00040364614977534986,0.07437262834463192,0.0003094679065426269,2.363971072752585e-05,0.998805221786062,0.8066232585741402,0.593126811000328,0.653553402001978,0.9997197974812987,0.9487598063692171,0.9993005594556352,1.0002851866163478
-0.0001982039206492463,0.1659897449187361,0.37723664379952754,0.3928868447038078,0.0010393535229823176,0.049559460300424574,0.0008492761684937308,0.0008887891125821542,0.9995438470948699,0.7745644273008412,0.6846953358413013,0.6695751068118614,0.999364910533939,0.9482287493672691,1.0001842513794748,1.0005272290369835
0.007322242017425412,0.24761978590025646,0.37537730410390535,0.3380765531417622,0.006859211330738098,0.019352492445680047,0.007324983646372029,0.004777482927302852,0.991858036910141,0.8345528231017515,0.6744984841755077,0.5832345138980422,0.9927192521712708,0.8952644896238847,0.9932169618641694,0.9916659146817755
-0.013591421907530604,0.19608816358593728,0.38675320059050616,0.39584871810106204,-0.013944487168204343,0.0541352649710848,-0.013082319505296872,-0.014492563244077529,1.0128572530871007,0.8265807326589509,0.6894378355426841,0.7025704044000876,1.014310822592362,0.9559572355715169,1.014321700809461,1.0128929478968758
-0.0012993794290016667,0.2359776815090429,0.30761557409141443,0.36176837517354965,-0.0007807217593930482,0.05870701535346849,-0.0012908490528279442,-0.000752891425508498,1.0014149766325946,0.8125431061859012,0.6364833353845479,0.6427411638199931,1.0010481824960815,0.9390319896281586,1.0002754745369995,1.001203583270791
0.038483901620716056,0.2374653755719479,0.3574310199795121,0.43287358964166217,0.03835481937675287,0.11021088413191941,0.03879812084622706,0.03810013406994682,0.9605810436383276,0.7884614704767524,0.5842922917732203,0.681168432897943,0.9608389737653403,0.8997662315026784,0.9615664498668004,0.9611591641168434
0.006906821326806104,0.19218991011887326,0.3735901949307011,0.3496211371415158,0.006858672229318536,0.0704274482340878,0.004587261598468591,0.005871243624586963,0.9936210726468651,0.7693690940049702,0.719591839117892,0.6215522217517957,0.9942812960138091,0.9343812226287129,0.9928586539457426,0.9937115370868344
0.008731734148797129,0.22703912397629727,0.2987499409189962,0.3707355813277298,0.009450114582582455,0.03023182084642527,0.00919837632977464,0.008443582752463454,0.990040869421026,0.8003594426567537,0.6103559660998863,0.6422274897579179,0.9907335353738645,0.9045105771726805,0.9901634703517458,0.9897036847693915
-0.0025126964812623564,0.10721852734043277,0.3616268055379918,0.328245808573468,-0.002426396643703704,0.0396541943058996,-0.0028094197305584814,-0.003921328543835355,1.0028763189253795,0.7363531594010635,0.6662139101222502,0.5877099232602181,1.0028795549171539,0.9131206565701949,1.0025775720201058,1.0019168054655743
-0.020945031829702122,0.16251390512325184,0.3416193616670933,0.40947669960166866,-0.020273529636933685,0.05284165185998232,-0.02097610028085331,-0.019979742067355106,1.019763169203488,0.8202470986220262,0.6723403930588051,0.6600376630225211,1.0204929801939182,0.9667203341047674,1.0207649327605444,1.021243574398057
0.021155327161839006,0.19608955566080905,0.3347112988997745,0.3873704497558147,0.021715362814047824,0.061062071145875384,0.021659637557784273,0.021638920952195013,0.9787928899564732,0.7823426542644762,0.5959471388858366,0.6060622594908319,0.9787723919621923,0.8973990613319773,0.9793219973581285,0.9804520623474005
0.022891872806086087,0.18314650180919623,0.2880264374892751,0.42045860785764333,0.022018117238066074,0.06088677399836052,0.02177250016412659,0.02273259759812594,0.9780593398615557,0.7551821298461013,0.5614540859158779,0.6697199559671575,0.9774269171447763,0.9041210671202302,0.977858517734804,0.9788244492420188
-0.009107023882243454,0.19144996024886,0.31715900819536796,0.27703944994580465,-0.008831533098166453,0.01729783632200982,-0.009929942436540449,-0.009856812868569303,1.0088610450061026,0.8241810222269579,0.6321551637577683,0.5576375669914693,1.0091592209688298,0.9145379893295764,1.009404207464002,1.0084180280045227
-0.038831261284937815,0.15081070178535957,0.37157466027830527,0.38235319882295343,-0.03917964806172138,0.006975047348580308,-0.03964005724417585,-0.039333636908908926,1.0388005155656987,0.8214292737816574,0.7066807136419244,0.6980274446771495,1.0387790236437466,0.9716116703533952,1.0384565891763125,1.038967382945871
0.006707932340869844,0.23716918995422137,0.42065342913567133,0.36930022666245865,0.0073238984210048765,0.04441126652402676,0.006509082520950329,0.006320323910718901,0.9932518926259074,0.8400714064181445,0.6947757780837429,0.6088788783846724,0.9932848290927953,0.8866727398200596,0.993046871646206,0.993814064152752
0.02345267330899987,0.21374423963887842,0.33803924041450295,0.3747782063650869,0.02308930278170049,0.09877465259329009,0.022574546924357192,0.023415175446826135,0.976557128090691,0.7540358454656974,0.625975894425471,0.6171972818250047,0.9766854755876861,0.9217185952759727,0.9770304885195461,0.9779945193179073
0.009441274843326132,0.17569070481159063,0.3350290272816031,0.4286064870435004,0.010079037872609699,0.08320279421417376,0.010542570921418462,0.010648252331497132,0.9890427472052282,0.7677933788444187,0.6342394251685785,0.6737713468928537,0.9891472872995908,0.9325639730403309,0.9899590866585264,0.9896549529426195
-0.043041781149572765,0.15533714745801855,0.39579351125452567,0.3374695276026719,-0.041399861557316384,-0.013877599157438122,-0.04367124201852918,-0.04293880606300161,1.0429994677552932,0.8361901069745086,0.7438662859749441,0.6581347202740597,1.0425207130964398,0.9524405544447837,1.0415567310647729,1.0424660252272613
-0.018936321330570754,0.18263244881317006,0.3797349684429827,0.25393711415177306,-0.019665130219653642,0.04093734338918144,-0.019336693265480112,-0.019324780195194728,1.0192529105708552,0.8238805308081291,0.7250911386922447,0.5641147759013379,1.0196445666316811,0.9421866225945245,1.0200423880843632,1.0198229764491096
-0.02155644201364052,0.1403178608848094,0.31965325220210944,0.30957175180727325,-0.021627548502005486,0.0533325447987498,-0.023540870447460862,-0.02316845009117177,1.0226126996965468,0.7819945301161816,0.6561673279243035,0.5868804369327287,1.021772923255753,0.9645503583054752,1.0216823400274169,1.0219039665939473
0.001017740402716335,0.15234890212822366,0.35579184937590036,0.4201280035590123,0.001185598072614997,0.048330561421326725,0.0013980204349519482,0.0014345005303850618,0.9985584873618549,0.7629211116293241,0.6559607458720158,0.6952219355266835,0.9987855017481954,0.9161824685484342,0.9998516729936808,1.000153016577073
0.001854595279746835,0.22344873398815487,0.38522624706445024,0.303764514221201,0.001532597081873708,0.08470632173361294,0.002450312304563146,0.002224683247247621,0.9988693440812592,0.8228348269435735,0.6788976842131405,0.5648152180471078,0.9979639003089548,0.9423546861638822,0.9996607734586518,0.9990256473768163
-0.0005665547279381532,0.15402305752199555,0.3766380843434815,0.36838786361184506,-0.0009224080077349236,0.06013654773860909,-0.0018867318443752921,-0.0015788744696493663,1.001704244979012,0.7604553774395804,0.6973790464059675,0.645633053000284,1.0006125992930326,0.9378916886513385,1.0003933276359425,1.001929157208035
-0.003629507863342874,0.24872627368731715,0.3097500193187272,0.3768643541615805,-0.002498884298433477,0.05467197062043328,-0.0035476300055929887,-0.004183621371873011,1.0019961556132118,0.861560087191245,0.6089926294646983,0.6543555011145339,1.0029843874974116,0.9289304586255557,1.0028473181055606,1.0019873078496395
-0.031638273576111216,0.22986085769447165,0.3903857361348345,0.32094014876224536,-0.03151815164520364,0.04686530945188313,-0.033151355153994644,-0.03148042403229734,1.030442221322814,0.8630527926020686,0.7499975641584444,0.6442219508502469,1.0319455833757782,0.9890173493116386,1.030746658566145,1.0319191142899444
-0.0012874593979219013,0.17832426542003177,0.32339172690271656,0.3332380176580112,-0.0017181139699085088,0.09278062104674571,-0.0005494490482859845,-0.0013100012002096816,1.0009934327768968,0.7691716290225551,0.616936231942499,0.5789025804635913,1.002017605935907,0.9465660795155539,1.0018643346984237,1.001976993327471
0.028803457248312403,0.24641032525137926,0.46084370001360286,0.3449697503424763,0.028430383661117678,0.0981055714060878,0.02809963823869727,0.028326609462220043,0.9712796418278706,0.8137038391637201,0.7228412060320251,0.5800117453220857,0.9713459387304635,0.9240523338433897,0.97237913479687,0.9732133607454643
0.011372688450273163,0.25288504820690455,0.332773209451678,0.3775167965591354,0.011060729012945067,0.08281425314298216,0.0114196531099874,0.012915954206315597,0.9878182803064486,0.8339601696404544,0.635280268788442,0.6304425782726499,0.9894328954246758,0.9475565486713642,0.9888061260355506,0.9908503631096794
0.014250761840873925,0.24851375774331863,0.2873135701549104,0.26872339670677353,0.014542891573456533,0.06883796096937156,0.014838998295593906,0.014280405588622546,0.9852430707900569,0.8174317544968213,0.5923265417450287,0.5513648305668024,0.9851009290744396,0.9089474570037337,0.9848038871173106,0.9845643761710792
-0.012894269701464177,0.21440440212446849,0.3072759904714199,0.34139253749637344,-0.013134871678633898,0.039869354999005534,-0.012474504218707284,-0.012184424136214341,1.0125385698186198,0.8705066816884685,0.6055818516813741,0.6158891598109881,1.0125198935991697,0.9315355288134272,1.0129002823518964,1.0127427302406171
0.014632266662613155,0.24512259518895038,0.4604927109093542,0.27945395826238073,0.014854453720776638,0.06745556405800748,0.014455337788445632,0.015807609556692928,0.985107167014102,0.8289592089744011,0.7558070055761993,0.5255410428865392,0.985443140034901,0.9145277638637974,0.9859013276981637,0.9868832964102523
0.021189974028278314,0.21444235868905875,0.3244955910869068,0.49891219981165896,0.020940525919267122,0.08306322830224548,0.02152424996990099,0.020568440049851557,0.9790877723230702,0.7473224276274495,0.6150233328012165,0.7492515525429309,0.9794580621542822,0.9109527303991914,0.9796356169794036,0.9792606713176675
0.007708145876690925,0.20016709269482097,0.4160874274635749,0.3251715153478012,0.008384003663401819,0.06271316275754822,0.007520713284889124,0.008126999637563094,0.9923128302570691,0.7923986811711925,0.7164558580811133,0.5725552349705197,0.9918382183802228,0.9310029097064141,0.9911147815615325,0.9930491957444999
0.0281358797418953,0.2226961068658707,0.40689850184214454,0.47389766026472585,0.029300595252902857,0.06499874993412424,0.029417855136366966,0.029164604352349813,0.9698304563732473,0.7898041674568368,0.673836060199351,0.6818412841816239,0.9709892721934882,0.8964339217205516,0.9710654715856611,0.9723502597534874
-0.040301471210417446,0.14369055633902755,0.3008706680744587,0.2985536459040731,-0.040423317291702524,0.04520930620415502,-0.03937587873327,-0.040381248943876534,1.0400892496831418,0.8068595048862099,0.6769178513605776,0.6484580285751314,1.0404295477854726,1.0241467903881776,1.040399256918779,1.0415066416436949
0.003174093681730804,0.2544731594893662,0.2967855394964692,0.42063905919335015,0.0033594539779851656,0.0836885331353792,0.0028624867965773137,0.0024551364061462253,0.9964052605510549,0.8639516763441591,0.5868611168811095,0.6955944100748699,0.9962612413553102,0.967743123308297,0.9978076689402956,0.997121918831464
0.003244247837059346,0.1857998160741101,0.37883528292570295,0.4514221850268433,0.002817860574978074,0.0771270591508611,0.002445526952873955,0.0025202122079104124,0.997947946787878,0.7844222711298237,0.6945658444538559,0.7086463569663872,0.997472816410908,0.942020749460772,0.9977858401092716,0.9989322838156047
-0.03345289347482813,0.14643806943458357,0.4392024368589185,0.44917174078084576,-0.0328381792927023,0.02893352736950685,-0.033730080014643324,-0.03351538677881928,1.033523795513856,0.8229852106552142,0.7837342228115126,0.7418609710946449,1.0335482193850642,0.9789727039665012,1.0328503259432655,1.0338810171953587
-0.01267519654229729,0.22580937689696634,0.3570615956998636,0.4826210509509992,-0.01208720367675387,0.026255492890874234,-0.012408396725404645,-0.01214839762959215,1.0126129281820533,0.8570765819039168,0.6841686109651216,0.7414241025763522,1.0134675724970257,0.9293140120080835,1.013917442880339,1.0135758334609883
-0.014450542219814951,0.17110735233450217,0.3165754751969031,0.3940077205508203,-0.015123042961805219,0.03748340900381664,-0.01496673725151802,-0.014975414810082906,1.0143758754337318,0.8194774448578781,0.6510466337365473,0.6481272187667417,1.014620612294703,0.9348997814770932,1.015640887238516,1.0154907594973905
-0.004460321105518636,0.1645253655401235,0.46960286493014,0.37638415234745515,-0.003914795144383531,0.04759044517568319,-0.003672578322901173,-0.0036126222103423588,1.0029487217700983,0.7765257587949096,0.754068923542704,0.6476716144535963,1.0034291854793222,0.9335811185713769,1.0041777580331377,1.0039740167422995
0.027636181542562255,0.21221465585008498,0.34067276532038276,0.47961329852931744,0.027984532601188744,0.14824531714323141,0.028147659742596257,0.0282368922291475,0.9721612676302805,0.7743007902721708,0.6227584247361398,0.7148263350575794,0.9723145315123454,0.9859163912464064,0.9730776568858255,0.9721997794485396
0.001802495921805473,0.17078592703636553,0.3839260040875513,0.35691613708980396,0.0018415838205913617,0.055618176712087054,0.001515258657867255,6.42645849959896e-05,0.9983069159194398,0.769080109248595,0.7033094473648462,0.6276649564111805,0.9984885552780552,0.9318331296870571,0.9981628919315816,0.9969443338471494
-0.031371880009777746,0.15445822418101288,0.3057317292665485,0.2934779787646871,-0.03224296124435211,0.015479356729964514,-0.032240064050684136,-0.032869597202769635,1.032417434903056,0.8063100700307426,0.6256181508444952,0.6119623019074403,1.0325942164443211,0.9528551838768771,1.031365617695334,1.031852434045793
0.0030580104586530707,0.22767932072437508,0.39210074296252456,0.36481615388638766,0.003435459646903577,0.07921821621585176,0.0034714768894190027,0.0015473955449828644,0.9968955927090537,0.8267804081750664,0.6576156801427678,0.6547791053396779,0.9967583838440408,0.9446438414150753,0.9967649006136956,0.9948138802434644
0.011830066395620085,0.2128408759023408,0.3204214311666398,0.3294593271093019,0.012652444819352699,0.03702647072869669,0.011418419121409758,0.01057166021507108,0.9889468695197198,0.7863067288494975,0.6085021070125102,0.5531363961552264,0.9883908703546238,0.9008093775128304,0.9889532241099623,0.9889167312666451
-0.021484421247175183,0.17309887914880945,0.33586782799384796,0.42392711847884423,-0.02215026677000935,0.029724350207834184,-0.02263373382994802,-0.022960845411863544,1.0224763813753395,0.8311423235963713,0.6590275083395593,0.743472428705873,1.0223513318789834,0.9480561065713443,1.0229063569419587,1.0220727461552432
-0.008147268603307788,0.2036239613152888,0.3537640304909937,0.28657533533972857,-0.0073184072188850055,0.0652083451879827,-0.006529234942551132,-0.008173041252096752,1.0076834940486334,0.8012774258889734,0.6763090185015419,0.5652708219330966,1.0083973221945743,0.948128915185018,1.008775686545283,1.0079089260880914
0.005560699127062867,0.2059038934748375,0.39194416120997194,0.40957512524828005,0.004310660626650147,0.06491002391231943,0.0041370685043429405,0.002994092165073534,0.9952428306340071,0.8147304988570183,0.6989011956738582,0.6576312270571083,0.9958801649446908,0.9250626991813212,0.9962655684573507,0.9956447464343346
-0.0022589333461942324,0.13818681379416323,0.34186288147979815,0.37667999819574144,-0.0008112268260163834,0.05958442917886059,-0.0015219187607684289,-0.002381271995797171,1.0014828547037968,0.7679523408702628,0.6521220750551182,0.6063850036366971,1.0003924546256897,0.9349210993336846,1.0015188466670972,0.9998463608073521
-0.01701204961491729,0.2633974421200711,0.42555379291534445,0.37866215186358726,-0.016949467451283565,0.05446625018458528,-0.016810431074498526,-0.0158146360875394,1.0163977784577678,0.8989234575940703,0.7593582814359274,0.6379560582948522,1.016565761772943,0.9560660361388257,1.0165773394986368,1.017103135975886
-0.003144941754927552,0.1794876911876042,0.3285467194689727,0.35387307666527545,-0.0043823191727051704,0.04693737721297192,-0.0045539567726048235,-0.005980359814613833,1.0035542666709398,0.7984449267959529,0.6202711595525425,0.6602021038441706,1.0050611903043432,0.9533462882426874,1.004404918513297,1.0037737622271308
-0.024279238281326533,0.13102612574879982,0.36609018449803366,0.3375679619321271,-0.02416829136294758,0.05464939677658371,-0.024483437566118985,-0.024305618056641165,1.0231537146135727,0.7826908727118228,0.6730723011679389,0.6744225838091669,1.024121302761653,0.9862520300590539,1.0246337227461138,1.0245680422917725
0.016867608796853402,0.2222808422356149,0.36206038339563296,0.3794198915232042,0.016447368945634307,0.07124867807308673,0.01639090532103129,0.015823511036255743,0.9833118710073527,0.8242663078789703,0.634008096791294,0.6316210929899992,0.9839558638601108,0.9214360085287545,0.9834118322107899,0.9841590169658342
0.011735632896588835,0.19983719434685696,0.32452368800644704,0.37655582146865535,0.012024569799677379,0.08023048413888934,0.012317694792669451,0.011348478773175595,0.9877180433183864,0.7783918437728203,0.6185761089130455,0.6331221870614585,0.9884155593846261,0.9265987626098575,0.989004735359306,0.9888591277518133
0.011595670537107475,0.20058419825642695,0.37963728954452314,0.411404733975399,0.011959842183757303,0.06972562462974898,0.011792998266886685,0.010928047095139467,0.9889525124965401,0.7810068654959237,0.6550086078768285,0.6400279129097886,0.9881016751962161,0.9193737638093288,0.9885334893314991,0.9880414493707793
0.019926843714791566,0.13417109927219179,0.4090468556259065,0.39046920604929297,0.01956488335903856,0.0928830206784199,0.019390442416251635,0.019831389550697746,0.9801241703502367,0.7235355924650062,0.6911410636286344,0.6323195447353831,0.9801067719735629,0.9437668978404822,0.9810436119972246,0.9817232958266167
0.009003760466663457,0.18814042153297644,0.38949442365164844,0.2723197027410478,0.00923562712008389,0.0934269548302538,0.00985822113336022,0.009517848747568036,0.9894534376105326,0.7694433210613912,0.6885730457635131,0.5111021210273486,0.9908968827462109,0.9468725427002495,0.9903966655420491,0.9906230027826354
-0.016515924321619482,0.20411509875828596,0.3427157490012514,0.3955631874505268,-0.01707573210539345,0.015885400201186752,-0.01701825552617883,-0.016864916109501433,1.016353969748425,0.8257238891544192,0.6827274068583506,0.6995052536086869,1.0173649735534989,0.9501013307572342,1.0180313702661874,1.0176008571416615
0.017719652953033876,0.20941496648814453,0.3365153368035559,0.3945114338146127,0.017723958409000668,0.08776367172645629,0.017870993602373007,0.016106352518888582,0.9827078300318037,0.7981312507883808,0.5993507306426298,0.671635458550374,0.9822581445245422,0.9370564557623309,0.9831809038697941,0.9818778729795095
-0.02004628248042676,0.16499858080595922,0.41310002051307804,0.3584951213992025,-0.01925268660208108,0.06654691863738887,-0.019995353875903923,-0.020600448418634135,1.0193922126453727,0.82229296007257,0.7621811116462511,0.6244223613530058,1.0191561615529008,0.9763823262918312,1.0198572966196855,1.0196835946172556
0.017974367408897237,0.20955218403992845,0.28242225117445,0.45470002988333064,0.017168991397415713,0.1036297768071661,0.01807789414068,0.018342771616358992,0.9825347191891325,0.7792040550275867,0.57470469448342,0.7109344977911984,0.9830927389711013,0.936190579040828,0.983441762798539,0.9842446079651919
0.004092671360666144,0.20164355819000382,0.3199660113899221,0.3451788319743486,0.0025272736568383693,0.04641573014763528,0.002971777130300008,0.0018041107740288246,0.9965396720998242,0.8081658705706452,0.6202974798589403,0.605194279086612,0.9969963129394773,0.9096304788285811,0.9969826195698399,0.9967911717548121
-0.007642389748522837,0.2728238906948779,0.3497518500917646,0.37718312326157705,-0.007235739095078195,0.0824277390452819,-0.007917564348991058,-0.007271871385416912,1.0078537049100964,0.8850180639109673,0.6417920310269151,0.6382141575487253,1.007748482101057,0.9521693692586158,1.0074907750797901,1.0078909646356013
0.0009985436194172611,0.2319047431584838,0.3302761308955399,0.3512468196191516,0.0012727657771292597,0.03656205115804182,0.0007157298385913932,0.001316127202718741,0.9998513973324951,0.8498339936174548,0.6363919375020112,0.6205884281776586,0.9988944423397818,0.938992907642826,0.9995194893125324,0.9997735877680574
0.031564111053128036,0.19390501611063873,0.31004282538556016,0.4284798046796275,0.03157926411379079,0.11023837158449303,0.03177994836458263,0.03043982246788662,0.9691563315186625,0.7522582627574365,0.5910721179425948,0.6192026934947574,0.9687194788867488,0.9131728097906917,0.9692224464605472,0.968459712705055
-0.0038205109227379378,0.1691810263494461,0.35990039924460054,0.42184780940412775,-0.0041552865826070375,0.05974098251147492,-0.0058691536249884015,-0.0046520221670285165,1.005068066467893,0.8019054381181363,0.6383603957678128,0.6696878267667854,1.004683781073022,0.9399200995240675,1.005049452584835,1.005305230838816
-0.004621911948158039,0.2050757671718487,0.3060547028155555,0.4311967261019955,-0.004525005120255099,0.029935404759150547,-0.0047415010581007755,-0.00346234361151022,1.0044602827720384,0.8275412910278113,0.6139469072641661,0.6842031117007223,1.004410160907003,0.8956449872916088,1.0039452225842385,1.005440509619513
-0.008816836899542083,0.2034264305519104,0.30940361420386975,0.39444350246707577,-0.00992389737992524,0.04101920510622393,-0.009702084068003734,-0.010744705108915446,1.0093393225576013,0.8061584751998799,0.6382978973153897,0.6601651483198905,1.009123881578259,0.9375942547536853,1.0110866308540545,1.009232442452027
-0.028434428692293404,0.22032568015395632,0.20930435994488858,0.37428843156755204,-0.027673773918797627,0.033660064581887805,-0.028465482920248437,-0.0285445701359784,1.0275262099073519,0.8753578136625955,0.516996129675026,0.7348851133287916,1.0268534124640163,0.9742260498927093,1.027209027916407,1.0266475817863214
0.0020845780486833097,0.2056562736046694,0.35336205687576105,0.31540543281137884,0.0012737011478732136,0.05371799404687153,0.0004421079550897712,0.002560726050417807,0.9982320425278188,0.8140811932197767,0.6360262878936438,0.6059282256481267,0.9989092724403982,0.9357536994126189,0.9999765873934356,1.0014314227308987
-0.01084954854477632,0.20870239124051515,0.42016218570002073,0.33897405265278563,-0.011995029032533237,0.027283658677417843,-0.011380095883896808,-0.011089283199867994,1.0115094190290157,0.8498798924860809,0.7303396755999163,0.6344795208594626,1.0114931620013146,0.942402993064606,1.0123300656180692,1.0126278669865025
-0.00043620235581170156,0.18817182335747326,0.35176117787096617,0.3673079507487133,-0.00046169973922224785,0.07029744110847434,-0.0016591264999069877,-0.0006417652962964137,1.0010116555164779,0.8067807042020733,0.6292626836657973,0.6536322634837568,1.000899231521966,0.9624940799334774,1.001122231163718,1.000808167481749
0.0010982904009414736,0.19823689712683207,0.2675783706932161,0.36240015740172365,0.00217191751363217,0.08561493206229615,0.0013196574605071677,0.001789148138503589,0.9975766834212751,0.8008089704127137,0.5773234242799534,0.6169319812688883,0.9982672922273388,0.9610006377544329,0.9986791555190181,0.9989555429515274
0.00029168452828527773,0.17556578706906034,0.310573596823909,0.3129517734304186,0.0012435496988036762,0.07046535082905889,0.001823843654675901,0.001061412918760847,0.9990579795975761,0.7766632877193875,0.5945620951317183,0.5766562901112237,0.998145493138953,0.9394624408325718,1.0000260691478013,0.9991050291173591
-0.003045228995438848,0.1857588477114302,0.3177194901574822,0.42428434894113043,-0.0023160947192921552,0.05050376007948616,-0.002029229541825005,-0.0027375602598529894,1.0025348435619656,0.786558037831782,0.6359805712236721,0.6938647155374,1.0019838299045514,0.9314805574377902,1.0024045930270462,1.0022262666210437
0.01682146245387599,0.19151944865523332,0.3103624609827712,0.3540966652288802,0.015489326294957946,0.03117856458538278,0.015336196326149843,0.015510744265715836,0.9849336395400626,0.7645480771558932,0.5954960885072642,0.6068818771160149,0.9843645119170196,0.8866747924255646,0.9841825563357901,0.9841313334507237
-0.007698701365999406,0.17493527537970507,0.3137318199972312,0.40149222336049567,-0.008051462682533775,0.015331958163667088,-0.008201511449405783,-0.007649968584087221,1.0076213621860952,0.7882403954938091,0.6264598096298468,0.7013628545384756,1.0083213781638156,0.9065935124126623,1.0080811733033275,1.0080692124151953
-0.018923804697409802,0.1943365127954639,0.3267789043582611,0.3797813191004185,-0.017999359922909484,0.011450445829886231,-0.01863566170713647,-0.018594719691554108,1.0178830600885103,0.8336090584105013,0.6313813611669419,0.6872004037808443,1.0178173472515861,0.9236480761496609,1.0179413638048678,1.0184541127838607
0.013219414482301123,0.16943466551977562,0.24302553928304965,0.38174311030581,0.013551565584945214,0.10649125973255225,0.014035549435607558,0.013505252131343282,0.9853547093889234,0.7498822732958519,0.5443356413985911,0.6296868891599339,0.9861353792360015,0.9735722558916783,0.9865686350546959,0.9857931568256977
-0.0017847913668180978,0.10854056450508387,0.3994394679012588,0.26909281491782716,-0.002304905473237158,0.05846312197641026,-0.002394555054443025,-0.0023491028021211183,1.0039628622239176,0.7414347430501307,0.6767507078311386,0.5679454204209663,1.0026740108529941,0.9361993843857206,1.003914575846026,1.004124407598615
0.002378955908490802,0.16360477328279477,0.3466944639951817,0.3562306756478496,0.000620946196435964,0.05342149081429281,0.0007544743944790181,0.00030013176956826044,0.9989664933486924,0.7879539519286124,0.6324755164521552,0.6087069452426804,0.998450171089964,0.925781439580228,0.9992091162581425,0.9990344221811125
0.00041085654814383205,0.20747539794135955,0.35423821422643487,0.349895439902321,-0.0006427322876652386,0.05895212609913013,0.00039517787027381105,-0.0008310081371698783,1.0001282207173439,0.8094783119856783,0.6563913507537437,0.6455552868476171,1.001197827316611,0.9350242362277732,1.0011430761149043,1.0012255747225989
-0.012454986399536795,0.16970241793540042,0.30949625452613483,0.26528099640828073,-0.012863089872494828,0.06854501484574911,-0.01192896909603879,-0.0124720530744233,1.0128096894299388,0.7875573319433249,0.6315727687607533,0.578616615657213,1.0120358989075424,0.9706846329965483,1.0125346018241037,1.0116866617622013
-0.009537802730280083,0.13703687009162138,0.39410136553243535,0.4304262833972735,-0.009474039079503463,0.04965965596926704,-0.010358444824548606,-0.009396622548657634,1.0091612173337154,0.7505050302018732,0.7351541235098489,0.7115509991281191,1.009554874586284,0.9594509799705874,1.0088003568654238,1.0102309754758407
0.022847195319098818,0.21064648639085176,0.37745158412238244,0.4387776996113932,0.02180855203911627,0.05557393053140469,0.021834162789152994,0.02154031831175308,0.9769112781344421,0.7616131879067929,0.6520448336775543,0.6578035547004268,0.9774028547889475,0.8943004731389338,0.977898770971653,0.9784431598654423
-0.011210680932119027,0.2049757131313192,0.39489255113401256,0.42378309466855024,-0.011497261489127861,0.02629950659120422,-0.012321320807569048,-0.01257541711395216,1.012032090952661,0.8356939499639459,0.7133300977071015,0.6925718234194471,1.0118580009811173,0.9181888413617122,1.0116166433298532,1.0111645521727315
-0.00952301655861174,0.20226710524456634,0.33433504647018913,0.39953998877502617,-0.010369158351479571,0.03527865988177505,-0.010432399113273092,-0.011056893530583057,1.0098329550656526,0.8428163456869585,0.6570090336594507,0.6630965709618994,1.0108457545746121,0.9329747915923667,1.0100721623195499,1.0099220414086125
-0.0007210891710212466,0.2524504034936982,0.30433468077861753,0.32595223517678973,-0.0008066569414417939,0.03332784986314912,0.0005176310973654088,-0.0007845093116506015,1.0009167256881952,0.8527346169784638,0.6083447806838599,0.6015193927892559,1.0007452003785582,0.9340713065650817,1.0013135738352938,1.0012680131837024
-0.011172017229989522,0.17214791984357514,0.32730260567878844,0.3562371824251341,-0.011719259007069266,0.01165915281255174,-0.012445001217166622,-0.01164297246974609,1.0111197900404039,0.7952316450618895,0.6546706906263559,0.6663266269198513,1.012425513906331,0.9115646902971939,1.0121583029947407,1.0124287416769053
0.01594322107769035,0.1854871276357415,0.2475582878673341,0.38870293712921333,0.016051205012713333,0.09072675277853312,0.01668917246033667,0.017947820086383567,0.9831873696239204,0.7759049230598775,0.5305751157066656,0.6370980373330704,0.9833894627249542,0.9497715960768095,0.9839089014749174,0.9862019093200761
-0.04236393629919514,0.16792491396455458,0.36089801565726437,0.295115603366521,-0.04263108974244134,-0.006985208751381628,-0.042564287735007346,-0.04313048336770272,1.0419861937352308,0.8336329923836077,0.7153099277575102,0.641386088276187,1.0422505741025978,0.9558876666438327,1.0428797057939738,1.0426041373103507
0.025063885086192318,0.25312886700813225,0.2959345156471807,0.30726288958464965,0.024093454311566946,0.05714532023976808,0.023320430569481656,0.02379377618826081,0.9757123232509395,0.8218035976778879,0.583214453516317,0.5472812725054308,0.9765612978178808,0.8852538729263731,0.976683493977983,0.9766974890681168
-0.0019034651085742952,0.10873933513199194,0.306483796565668,0.3571726902241212,-0.0018264313138462492,0.046488855167586336,-0.002742924414712977,-0.002918167004976486,1.0014476785746806,0.6995645109814315,0.606091484406402,0.6096980057475909,1.0019210981391822,0.9228692621412696,1.0015520756385348,1.00136529948659
-0.021304072860965143,0.1686646356085273,0.3199697844990476,0.35679995838945117,-0.0208804444976613,0.06063166610889027,-0.020704656733520097,-0.021667498615688507,1.020894884957455,0.8369192882601932,0.6526836162314891,0.6319538259114019,1.0216743731104323,0.9957044547496601,1.021340633438148,1.020447789662628
-0.013233246322020463,0.20372698835806638,0.2906290623308677,0.4002305243504774,-0.013083520366042416,0.03095082255496585,-0.01306800083852994,-0.013339969743343527,1.0128901571258582,0.8341033763532931,0.6199350002176611,0.731620178882473,1.0130354611278318,0.9502539767342187,1.0137558642584072,1.013559982219215
-0.014804097325170655,0.20923691151590043,0.2920819101970334,0.3654051940782463,-0.015649386174700342,0.05064134696396203,-0.01552379096380824,-0.01614270271654576,1.0161445083708878,0.8249551571928051,0.6407678937013782,0.6666394889383386,1.0150863013486178,0.9602738012233776,1.0157012945749757,1.0154323681001327
0.019741612141187165,0.145845804579474,0.3720567616081128,0.364801100525897,0.019302845498886844,0.062062481718640976,0.01810273654023538,0.019077415561627196,0.9806393430712103,0.7305475802782473,0.6394663102423732,0.6151733302034268,0.9798732625410865,0.9170664422595428,0.9797967004891927,0.9804318409519732
-0.019273080985939352,0.19386821257888365,0.3383126540410674,0.3197304475551263,-0.019037070760102866,0.059335404926816195,-0.01945957305904485,-0.020486431718081503,1.0197297908313543,0.8584131751272636,0.6467413677904224,0.595037550135395,1.019952100721369,0.9784549451428187,1.0204274506152806,1.0194495777014658
-0.023799492316240706,0.10440091564874909,0.2545383135980738,0.2898096757839801,-0.024311676172989478,0.05047946119914996,-0.02418086367055791,-0.025527203630137097,1.0244135167943655,0.7803344216003589,0.6036935399290786,0.6065449684241102,1.024113997605173,0.9864253780787133,1.025719773473212,1.024674630920934
-0.01734833934889667,0.18587563379030106,0.3468642046415583,0.39707244845575135,-0.01798059689027758,0.021613680983346723,-0.017138054125201474,-0.01807981866976454,1.017886208015384,0.8343400254513111,0.6446324177679896,0.70543842741309,1.0172708786682458,0.9356125164141655,1.0171971509474687,1.0169955512697513
-0.005470425116615296,0.18849201483830566,0.2757275392289657,0.3595648230701412,-0.004724409866569649,0.0341324286131613,-0.004208987868078143,-0.004790329675324693,1.004302079358938,0.7837452764481515,0.5989618560991632,0.6462243841105966,1.0042821357637552,0.9247455929549906,1.0053847014404642,1.0055439064754492
-0.01325931873799335,0.14796203395112578,0.36306908269717203,0.4198491590245771,-0.013297640808673532,0.013343763012985994,-0.013660371570359903,-0.014521321241702223,1.012763758937192,0.7671705887143166,0.7168028251938428,0.6950396429254423,1.0126314952303634,0.9272499298032851,1.0122625964395215,1.0114613688738492
-0.01872497516062072,0.17696348640173706,0.36313019436877564,0.35781560418420844,-0.01902904009726984,0.0499819583395889,-0.019449985019726397,-0.021110638233400966,1.0192332004881313,0.8317005418693564,0.7087817887314731,0.6594555123160535,1.0191148591056363,0.9637200524709992,1.018948163691014,1.0168564058547442
0.00803494027694168,0.19476450863782147,0.35863835198869576,0.3693408030544857,0.007849344194938476,0.0835453915969287,0.007288275238007055,0.008019920679568148,0.9918587663329959,0.8025568517942335,0.6324146802904427,0.6324339648057677,0.992163266413996,0.9319734671184946,0.9923442332898578,0.9928789625213855
0.006360624238750643,0.15543098959062734,0.33585864664447085,0.4017886968575682,0.0057418409964619475,0.09253241159101269,0.0058092478906482635,0.006064447665619143,0.9944465821631324,0.7766925278283106,0.6272079392864808,0.6619446525559298,0.9945596465996405,0.950957816632116,0.99399308334667,0.9948949838232494
0.02228876039080645,0.18850776548316858,0.3840165909862056,0.38403899438485134,0.02290814330912334,0.08247618045340031,0.021923441119931664,0.021893697415465596,0.9782515233711332,0.7552793488632498,0.6605531198882821,0.6349944307884614,0.9781368784465176,0.9186996097884682,0.9782087153548373,0.9782070592301952
-0.050650006723380714,0.14532813717545373,0.3344869581453546,0.2911644605637711,-0.050392490980442996,-0.034727857838237154,-0.04977859346861966,-0.05101091097281084,1.0501791287186504,0.8373893258563969,0.7105333153292658,0.5969188850133211,1.0500146878047572,0.9565564413906902,1.0503612016872175,1.0492585213388883
0.004985849431615916,0.17386235470907022,0.32045161186671006,0.3909998087850067,0.004822157664706841,0.05549339947747884,0.004075754963092818,0.0037934069702188523,0.9957103047037803,0.7244881592914798,0.6314661525947721,0.6679779462037989,0.9958193141653268,0.8946881408253081,0.996496467554511,0.9966645665274187
-0.025295956678803338,0.18848378617839753,0.2489510924925379,0.3061097985638832,-0.02546786811100911,0.03105317276744419,-0.025549261601788914,-0.02650723444939051,1.0258866104005666,0.845168978637308,0.5721371762418843,0.6259490031215633,1.0263948680565325,0.961453447994727,1.0270465620951947,1.0262447360182667
-0.0037182741953020425,0.12028407021516992,0.31022809125327094,0.317356509090705,-0.00393385582825143,0.07251117404405848,-0.0030424611930565263,-0.0033456710749027565,1.0044047152379472,0.7413243710334647,0.6210204561831991,0.6008054317392064,1.0039980215959636,0.9566987795129496,1.004352932724139,1.0049896250377086
-0.002790502195801116,0.21131309310743848,0.2633470300378903,0.370908865874665,-0.0025973017518989574,0.08368711138701555,-0.0038771439435259544,-0.0022834173995072158,1.0027366216572933,0.8294309931883137,0.5683077299925784,0.6103367655329857,1.0029848111976116,0.9660024397528579,1.0039242912488158,1.004162178284196
0.02293958605503945,0.16724944079114745,0.43708339022699305,0.32320891757511405,0.023968928733216602,0.06367182776984694,0.02365842792272179,0.02374203429250854,0.9770250401859861,0.7455905787428061,0.6939134709884945,0.5971671490283637,0.9768477455712212,0.8902643292998613,0.9766577686178316,0.9773874185681644
-0.007441973237181199,0.1472403298311818,0.37792759348055893,0.34051563114559136,-0.008538808995524465,0.07118426694715078,-0.008085700208672098,-0.0076922300983776086,1.0081813657934433,0.7769942056813621,0.6944646178081639,0.5888276739098588,1.0078205462167327,0.9703419183754001,1.0091914395230444,1.0096676181771498
-0.003268292086832749,0.13561886902654882,0.3239592047664853,0.28322117855965534,-0.0032560857307716096,0.05367097334251929,-0.0029368155746393875,-0.0029634778696094595,1.0026263333345298,0.7689461273622977,0.6199036349730547,0.5493913306119588,1.002575411498228,0.9260611276556723,1.004089580676426,1.0037990195563713
0.0014720840788314629,0.19733330323790696,0.5018650505884157,0.3164105337605086,0.002133590835157534,0.08157321669298123,0.0016372486999228603,0.0020649308392090603,0.9979104676043044,0.8405602741776046,0.7578821764444746,0.5911873871614476,0.9980613599035478,0.9607512175228089,0.9977374722766369,0.9998631556926543
-0.0049933409763909704,0.16123915036570022,0.28709880504117935,0.2857718667688856,-0.005735763478448172,0.07233602884130885,-0.005231050474899679,-0.005905802001071758,1.0055297101939602,0.7752990335431014,0.5974165370000304,0.594499137427625,1.0053018617288159,0.9525038332357348,1.0055687990092095,1.0051944493664602
0.0034504845060381994,0.2797838129287898,0.3363899573505824,0.42136127589200933,0.004608690550810607,0.05976071223919826,0.003497872746950322,0.002539471199563482,0.9966944053795105,0.8680344544986252,0.6198154977955834,0.7031053849745219,0.9964095951135755,0.9553755035169992,0.9968356109386728,0.9953764394474863
-0.0003452060988134027,0.12524797393197823,0.3864152383963468,0.3576936305051328,-0.0006391058538702385,0.06343789945514647,-0.0002385316978076785,-0.0007947641992434705,1.000604745179201,0.7333377507931584,0.6964555885365927,0.6261949548004399,0.9991949269147865,0.9518723023127396,1.0001987410728812,1.0000029387688434
0.018541604681153272,0.19361062154027428,0.402288096651318,0.4528918055863969,0.018493079143203157,0.11781493647100581,0.0179900872401699,0.01938076371890839,0.9821416931804016,0.7652298804280709,0.6886885984043017,0.6295596103390597,0.9817002711750719,0.9374821884193066,0.9815675913446971,0.9820439375112878
0.005867583490657213,0.24191993651500435,0.3377181285833486,0.3763327911296823,0.0062470517954433275,0.0920271618095415,0.005771176174015692,0.005981495014755641,0.9938947281359362,0.8106423738734249,0.6512594603175763,0.6373514057640453,0.9940568037352414,0.9597222106462621,0.9942243719357596,0.9944846792715079
-0.006189512963015187,0.18202172320877538,0.37031695601476006,0.34693064658677036,-0.006617915881072654,0.021954125797725092,-0.007165675511008463,-0.006732428851542349,1.0069907393854287,0.7841611655037592,0.6928529116523321,0.623887276480631,1.0073316746677592,0.923976975444575,1.0075618740290737,1.0076477487909752
0.03615172484541278,0.24283119029897082,0.3439860809641546,0.4780513381612956,0.03531362349152221,0.13143149636249718,0.036481332138531795,0.0347164623979303,0.9642100971743653,0.7895215413869788,0.5851444655407423,0.7163671125378752,0.964297032492961,0.9319290135341642,0.9649155378282568,0.9630581633575812
0.0002200232428649693,0.18526007840219877,0.3758744247196771,0.39022933740182336,0.00029083490310552825,0.0687105701969264,4.734234428833692e-06,-0.0013715037724115714,0.9998088154470707,0.7899057970496308,0.6718112514936664,0.6355353974210928,1.0003952113750607,0.9368162124057021,1.000756297151216,1.0000691592224076
0.0077288920093532025,0.1475799380480493,0.35759986356024426,0.3375484095923665,0.008824187275295402,0.08229904763104098,0.008041783764165884,0.007150725460959933,0.9899448450784673,0.7324544457657547,0.6248265108437111,0.6226784426825711,0.9909848924543351,0.9536404121407016,0.9918012306081267,0.9911311825003359
0.0004911918622921145,0.24725781041384684,0.40181759759043906,0.3273999866373495,0.001336251975716618,0.07458164753325897,0.0015391596374088707,0.0015704620941142313,0.9979637053789834,0.8272790571444706,0.7262738037826856,0.6230844331682368,0.9979575729892765,0.9443252517683084,0.9990275281592771,0.9997150223191759
-0.043921026311417456,0.1541402402119148,0.24265130059777812,0.30066291999558975,-0.04215237755244568,0.005222528928131947,-0.04277639591923834,-0.04421142911689266,1.043066498254944,0.8080233205480021,0.6241937679049916,0.6376864092297101,1.0431929838888296,0.9537795122991721,1.0433609059539783,1.0419262743770816
-0.015001843249684073,0.2003183790239232,0.3733541481983178,0.2528882640014644,-0.014151105165497651,0.038380557360409,-0.01422990679553683,-0.015527884645890378,1.0140862585436827,0.8323844887559921,0.6765587205212307,0.5869624160346971,1.0150447752260041,0.9437884985165743,1.016188459551944,1.0143808643591754
-0.017932707140622322,0.17651933044621917,0.29005573215164765,0.31383258445285206,-0.01644949849427448,0.05791651747180022,-0.016885447033368882,-0.018007508989377224,1.0167545406833416,0.8270211834556677,0.6308431533650907,0.6229844893005723,1.0166125221049778,0.9738421144700665,1.0177925209449812,1.0172681803572294
-0.01977439965465175,0.13430324729099705,0.32990981940021974,0.3715392467146299,-0.02005887029175237,0.03218094139073322,-0.019639640834439375,-0.021964208760699915,1.0197837964435523,0.7631981700388378,0.6442225381431061,0.6688376117200024,1.0201172629256114,0.9440014518088881,1.0201461932730347,1.0191417903385602
0.0003093590084267508,0.2060974369247005,0.38185978761461675,0.3474673907093711,0.0007661233632345731,0.05598361526370007,0.00041547107404163864,5.60484040690058e-05,0.9997812286464831,0.8183777322126995,0.6831166994638863,0.6329885145396023,0.9992603157245553,0.9590290552302597,0.9986225611577345,0.9996416002692526
0.015148757511582706,0.13642179232023552,0.39622711601678773,0.4055283478724921,0.014982125649232852,0.11565698671843072,0.015749826831970334,0.01460771997576154,0.985450191075224,0.7184654443252048,0.6309715911909269,0.6259991365959074,0.9849417423254413,0.932559404915767,0.986067160860751,0.9850006296246834
0.001759174908554335,0.19343353153605625,0.3115179151727282,0.2930094489546563,0.0024485160328923173,0.07642022396006165,0.0024696318054774928,0.0029048870054590964,0.9976568458936317,0.7955487710132159,0.6156030708169629,0.5651060176316722,0.997386456514904,0.9556178361815539,0.9981041817923599,0.9980844154705889
-0.0037500984233686478,0.20215599128723719,0.3000827342183525,0.33766060538220466,-0.0043623243843803105,0.051191720154374655,-0.004969887796348165,-0.004385812269893355,1.0045337676999606,0.833762123903501,0.6006363747715942,0.6454573123084122,1.0041849128074813,0.9560881755696893,1.0041349895831058,1.003859789903004
-0.02264946830825835,0.1945334613532899,0.3063099941382894,0.41365066368664377,-0.022309132223399242,0.007574313486817968,-0.021492609310520744,-0.022288152714985375,1.022176427832197,0.8347405882554851,0.6455722697803589,0.7110543689874704,1.021866294444935,0.9372273987608449,1.022743387696808,1.022608814264107
-0.007019204003800663,0.2649016833279805,0.4120429918687955,0.403851333678185,-0.007497644862435432,0.050696457295752013,-0.007763674771085714,-0.006890520027401325,1.006311222176288,0.8888816720676402,0.7042893045973438,0.6744274980793217,1.0067744246607018,0.9132634186175035,1.0067664310311224,1.007175512895045
0.020436399435929446,0.18103171548743394,0.3953031465464791,0.38819614129600866,0.019819386359947393,0.08615428136592988,0.02002882270518853,0.019680224922377205,0.9797799769050559,0.7729918041876152,0.6841962441213811,0.6335213615974905,0.9798683658684909,0.9211454252969039,0.9803533057433451,0.9808322362015232
0.029602522634661215,0.20643884478064392,0.34468259426749714,0.38023943399763127,0.02939311907494315,0.06331727403760687,0.029164895307710912,0.029941169835392988,0.9706650110983835,0.7709379730027368,0.5639779263361577,0.6197863639541884,0.9707887434499267,0.8876357324484128,0.9711527993841235,0.9717595299173194
-0.0008879508793649421,0.2231020147427249,0.32457574443836495,0.33169025290614557,-0.0013518094945776592,0.05546161393742544,-0.0018916866906532692,-0.0011780621941596553,1.0000898730247474,0.8190088563073261,0.6583570060902959,0.5585690870816895,1.0012414459205878,0.9294098750638519,1.0005346621450428,1.0010523294836506
0.02163517676706929,0.2503193028909671,0.39160568471201757,0.40515416245573244,0.021322968130885012,0.09295178746302415,0.019139935276324713,0.0197519930419855,0.9798562406267911,0.8388714603886064,0.6568692017617073,0.6576672434091385,0.9798381805026954,0.927688365580272,0.9796356925330931,0.9802868277046507
-0.02351625920307039,0.14475176963796746,0.25877153428182487,0.34014380789353504,-0.023934421634994204,0.053888929377145595,-0.02401641588340545,-0.023512559318014367,1.023854334572462,0.7888856497013598,0.592130422312233,0.6459633099449947,1.023707588007586,0.9935299123363973,1.0241198582751052,1.0246260232318476
-0.01871679738125575,0.17317373320798465,0.2906067718731712,0.4155949027029094,-0.01873098749359246,0.053513660959927864,-0.019064129610821292,-0.01955443541938588,1.018886797798721,0.8344251513178385,0.6148244825803975,0.7246065819478849,1.0187640136516525,0.9767936583862521,1.018966558069087,1.0185988209917791
-0.0036786299275162948,0.18556287142954425,0.4077170264057299,0.2678450830599108,-0.003024657734567222,0.03863814427708493,-0.0033733908290259768,-0.0031589972759697954,1.0035566869689847,0.8142808196786369,0.6985450905862307,0.5481885249897795,1.0027069696746393,0.9169089161724313,1.0037915506762107,1.0041057076330013
0.0067446032381147086,0.1975303878227215,0.4243959244570383,0.19385364961085785,0.007358005096453587,0.05506739739546878,0.0078219060817455,0.007384465090221366,0.9928544996296966,0.8190685793579154,0.6987429128190903,0.4590499116341603,0.9926600308953377,0.9156600621874115,0.9940757741957226,0.9942448288446405
-0.016765031445122626,0.1313029734964433,0.3478878734356308,0.38522927078200075,-0.017161697914084187,0.03453424430341629,-0.017438275400648212,-0.016426134658061548,1.0161325034840698,0.7652422093995312,0.7034781303320482,0.6758741775805992,1.0169530666987212,0.9617189850155133,1.017469568248066,1.0174218875463947
-0.00619882284357046,0.1801510063267798,0.2827233446091986,0.36129606734832526,-0.005691956534056267,0.0840395871631984,-0.005531996280375443,-0.0056155419567109535,1.006792047413215,0.7861314092887914,0.6281529162198893,0.6206161945419322,1.0051608892678412,0.9896764652764777,1.0060115488288095,1.0063214128059073
0.013174732056946558,0.2241530722852092,0.37867584199647464,0.3786814166770834,0.012908551600878584,0.07366563524320269,0.012412623677817137,0.013787373883849671,0.9869724661338138,0.8158329510302391,0.6554461511261869,0.6231887154451525,0.9872728682601069,0.9237052844230063,0.987470768199132,0.9883112110246244
0.011568757545964668,0.21177317983146132,0.3450949297383212,0.394334240183401,0.01142732153186497,0.06902506675460725,0.01177410992398157,0.01238481027039312,0.9871670134358501,0.8187872440816343,0.6252919457219569,0.64622813707776,0.9887126246819675,0.9177791635036654,0.9880608878186966,0.9898951500528482
-0.005493898045482922,0.1806049964734345,0.323285970329636,0.4166508611605766,-0.005251343473603242,0.0007770523878032113,-0.007184646576027375,-0.006319114674477751,1.0056871474874145,0.8008374261868096,0.6125758778386305,0.6596451017782614,1.0058743817803302,0.8946168617819938,1.0049862102525442,1.0055510128319407
-0.03515014491130639,0.18215646041745032,0.35326893857284614,0.29500406829122183,-0.03524584903936492,0.0388192029540349,-0.035419446230408366,-0.03612763934728833,1.035306739312247,0.8395240642201012,0.7108220405425363,0.6277018558862981,1.0354504014499977,0.979858949533123,1.0348078917384795,1.036066010516922
0.044181365782730846,0.25876382153017713,0.41126404302672687,0.3968837718922753,0.0436718251848629,0.13905737852324773,0.04335034296412969,0.04376214505028889,0.9555993655639462,0.7921667133107567,0.6618413781024521,0.5765808216334318,0.9564691896609829,0.923000158785878,0.9564667276522939,0.956999779880639
-0.003613210022818858,0.20015596105030733,0.32512023313111676,0.3780198157826834,-0.003431948346655093,0.06841474570460702,-0.004257271563765528,-0.003480199941957804,1.0040572115280797,0.7928212447827253,0.6612515195091374,0.644265903914178,1.0037673170371662,0.9495098936713517,1.0038042886765903,1.0042758614207459
0.031161116444312215,0.23850760596080547,0.37002169904544513,0.3321246145962707,0.03113514465245695,0.0580548802143005,0.031204342884713132,0.029695237721311822,0.9688756691306015,0.78649270482854,0.6150053613751598,0.5838522901404045,0.9684531801776585,0.876030597940351,0.9691483087933006,0.9677919790039609
-0.002159546264182419,0.17788551858821725,0.332746890555166,0.37603868052261646,-0.0014118249045985392,0.09197379238352683,-0.0020236701949448758,-0.001175854712629436,1.002561801249384,0.7879406512243485,0.6591590699147927,0.6458492473078147,1.0016582548249817,0.9706845462732057,1.0017011925048132,1.0026244343975081
0.005767861104352975,0.16325980249366873,0.349341668562773,0.3627706193038126,0.005067139005641095,0.06742172556892101,0.005239465337021855,0.005175858731699076,0.9945675724729279,0.7534917177521457,0.6522366733744971,0.6453991648413069,0.9941340405207533,0.9411918449048217,0.9943981853860329,0.9956777724990544
0.010191184106897401,0.15896679370132505,0.382723897393835,0.36159128734448637,0.010148407470999614,0.07136056214001348,0.010242592991258223,0.011535280791062563,0.9899054635453558,0.7430843501188752,0.6624139757123364,0.6075989604566171,0.9903521824892252,0.9195424986406894,0.9904692737142113,0.9911926702402499
-0.029756763230602997,0.1051599039712867,0.3031432473696774,0.3490453991511098,-0.02960540685714904,0.039736256650053654,-0.03097951524366803,-0.030293116514597148,1.0301285048945041,0.7726410839961211,0.6384384763970437,0.6171616905059809,1.0301334644408828,0.9661404234427874,1.0296701931341352,1.0312462943688325
0.006594288602963023,0.17056158239347888,0.32634241510284456,0.4153558735416593,0.0066743961106929366,0.08757733775806595,0.005972412708337698,0.004594251336793979,0.9932509111985166,0.7779768374712186,0.6176026782561462,0.6774813255603045,0.9941414033582471,0.946049844661297,0.9934839013193887,0.9927617332918819
-0.024558810292851438,0.17026617038534186,0.26496022798762797,0.4449204387183977,-0.024315047257748048,0.004456615737404654,-0.023931664718077828,-0.02447148044002763,1.0241123760282007,0.8255748180356325,0.6040985356293063,0.7283070420568598,1.0245944535509652,0.9527782904680359,1.0251406982622333,1.0252213327187172
0.004943450385750562,0.15482909866971434,0.4769019827553205,0.3873343981496766,0.004008594053146053,0.0776664880147894,0.00459783517097791,0.0039027333086162986,0.993876656215584,0.7522983509524716,0.7267106602003648,0.6648080103657749,0.9949382723536141,0.9523468289528498,0.9955924111358909,0.9953248019493446
0.0023827087876829994,0.17614891095861845,0.351797635134176,0.37620778765404106,0.0030313234210831664,0.08747625068750024,0.0014583240528251305,0.0022486382994484693,0.9969318604200713,0.7794280818784648,0.643854970429529,0.6797833282269492,0.9981719194314761,0.9710931155105044,0.9970766258310105,0.9974673376225346
-0.01808234788623662,0.17241270055332578,0.4037080469805601,0.3573039178505279,-0.018532407850369234,0.0419641814903845,-0.01951505258912602,-0.018117734788468072,1.0180520380354792,0.8100046127414158,0.7248128710156598,0.6727919594256861,1.018867927460008,0.9682014321140259,1.0183294593553132,1.0196334861601966
0.020361720149077077,0.25846473910566087,0.36788359215860866,0.4082628075225322,0.01930715972141636,0.10229028982215957,0.01960297219558203,0.020097512426423346,0.9804311408410025,0.8476812381898556,0.6458683807988319,0.6285219140700639,0.9794995652399243,0.9372886724069432,0.980013442021098,0.980929120181272
0.013924379405894955,0.196963720382042,0.39016467524765286,0.3159918306475842,0.013792488054042224,0.08365466131873311,0.0128168677795445,0.012107870501494393,0.9860676652638375,0.7782043505744851,0.6575913437991798,0.5790561149078681,0.9864276857158181,0.934424439656871,0.985864098387793,0.9860530090221906
-0.0005598824718646932,0.16318710267575487,0.30010785517821476,0.5379678648404116,2.6343371342348708e-05,0.03437025010516574,0.00018582707559768808,-0.0007782997160839247,1.0000586512595682,0.7598210830857648,0.6407119266791464,0.797369520758072,1.000697629823477,0.9214150078316831,1.0000078196010365,1.0006989365656542
0.025466244039815396,0.18104636454063489,0.41958352144305505,0.4007979019582009,0.02558701218263345,0.10663180125094013,0.024529034062968493,0.02561488986535443,0.9735462037915085,0.7518455674071599,0.6866238854172573,0.6011718159782938,0.9747327497610649,0.9367510359372686,0.9740859714119285,0.9762165306521733
-0.02430174412718827,0.20039227477645805,0.3180567920212826,0.32890224072839397,-0.024614688023343587,0.08151274129979888,-0.023978752735669566,-0.024732239717080818,1.024831251266352,0.864008292939177,0.6646694818845684,0.5964956644346917,1.0250539182293394,0.9957944770918666,1.0249897534380117,1.0245938845089269
0.016479014491390657,0.20239708443836435,0.46449714954837507,0.34894026982812676,0.016143465924060543,0.048581804233847205,0.01608056347107987,0.016232102927738367,0.9842779042247024,0.7708980220335342,0.7568091710519272,0.5826650329423912,0.9845788534766077,0.8979159390145964,0.9840653024108114,0.9833793899620245
0.010775876685477838,0.17295638931450932,0.3728807343291517,0.36269743381222086,0.010583633548094573,0.09167823483334124,0.010743567736246167,0.010960777774893384,0.9882437833797999,0.7514067013768695,0.6666936018332918,0.6349240635432591,0.9892350496956284,0.9575861018185835,0.989344259069921,0.9898837788982304
-0.01981313655309935,0.12133511054435904,0.15326047452118272,0.32992596618041065,-0.019763990765090084,0.03220870995384528,-0.02057709235815039,-0.020171510869658335,1.0186122402532143,0.7687437016991218,0.4536553715113849,0.6367356718740469,1.0201588290672476,0.938498524018052,1.0199398507256112,1.0203758997622094
-0.007524617657758809,0.1858202825642222,0.3307361335780985,0.39941392385710456,-0.006978278455470252,0.05919781837855786,-0.007170295627806908,-0.0071277506740841205,1.0068647648257698,0.8162554155679621,0.6358116250794914,0.6654314515156304,1.0070975552988484,0.9492562870893422,1.0072679303503986,1.006452705292818
0.011224021423470162,0.24184971042621517,0.2608646490908544,0.3979552233348361,0.011044146032470892,0.049926240996804455,0.011056137788563491,0.011016857166435348,0.988983082909895,0.7995010875124844,0.5722449760467023,0.6341221628395468,0.9892754057784486,0.8962287248138915,0.989910134584443,0.9899350677434118
0.015168475488051475,0.20113865877968443,0.37344308070075594,0.44293426188125673,0.016256186275498522,0.0874021771843341,0.015378191603112082,0.015210192926497782,0.9845962856627416,0.7728484024652635,0.661121957588132,0.7006778773886169,0.9841536342734268,0.9384202731299729,0.9845518863067303,0.9847240197094568
0.011222370683763817,0.2110987737955255,0.31049037089183396,0.4117815565014557,0.010861701244449021,0.09246109996549544,0.010006753918132898,0.01027790916242625,0.9873871048091108,0.801808070500249,0.5712210926623174,0.6797312910670998,0.9890240916354529,0.943371190103433,0.9889646734957127,0.9883947207258847
0.030432413792623313,0.26006755164505124,0.24668694285916515,0.4820314446479461,0.029956621813161013,0.08135340328232367,0.029533288282320345,0.031176921256028164,0.9700760527003198,0.8105431528558918,0.5055030842815025,0.6986430851011678,0.9699613341791373,0.8848678518683143,0.9697940987493526,0.9715125514892422
-0.009484070915638958,0.13169868825277092,0.30575590423602717,0.35606497689011135,-0.00932967736574779,0.09167239098330195,-0.009948089847615353,-0.009064480974508666,1.0091130212138941,0.7660104116694351,0.5955211591817258,0.6404647237953249,1.0094082347487536,0.9669946015324735,1.0095401936603774,1.0098515875866443
0.02053082325052432,0.27152560104286827,0.3346455914569734,0.398072312972079,0.021233524505377372,0.08078248605162629,0.021724175457503336,0.01978514175821152,0.9787431157419726,0.8200875035961437,0.6307415233919763,0.6375741357611063,0.978278591532493,0.916476095128749,0.9789727604521362,0.977590321383905
0.017650373755791995,0.2493468056743041,0.35392230585649936,0.31875560377460554,0.01768277629799884,0.07739600425226215,0.016754986687700476,0.016886305679799322,0.9824169364388391,0.8506640017218196,0.5866551637910504,0.5696709693287738,0.982246745319312,0.9059754029773182,0.9821492532633914,0.9826935098900014
0.01292010217469135,0.19518709762821898,0.38992010326837157,0.46457216885339875,0.012840819229690723,0.11103847992843587,0.01219099580429567,0.013740172782089242,0.9876035957522314,0.776645858177561,0.6414428627046487,0.7346099406886828,0.9869903576244601,0.960554612045167,0.9867880641266991,0.9883515134370338
0.0062921375687523245,0.19604769934769736,0.3721375022291583,0.3427857931981609,0.0049544810185157195,0.047417438491920115,0.006744614643351276,0.005916957559622162,0.9939668149193142,0.762056510367688,0.650359069835627,0.5952673070786144,0.994017945740078,0.9165020741146941,0.9949123710218953,0.9950753426967229
-0.0022958791391221793,0.11283120320923849,0.3177701032284728,0.3094914675772582,-0.002657291530289782,0.08245308421155709,-0.0018913121585579155,-0.0026643158516523086,1.001577858991344,0.7223808593935426,0.6030067034597673,0.5773250447509223,1.0024871033518603,0.9751293699456112,1.0036876958940781,1.002840881538568
0.02305339743695512,0.20925021846617947,0.32320506277778904,0.3356312176949431,0.023210056423811194,0.026787380418619857,0.023035684245253717,0.022950709631306042,0.9767988458449619,0.7612185305835284,0.5782821529694383,0.6084553928899301,0.976624733977632,0.8686809843200306,0.9764459890066869,0.9764135468470566
0.006915204184777307,0.161758509306153,0.3079500403106559,0.3926051749487164,0.006624215531272816,0.06047503512883457,0.007481161854272075,0.006081529285951609,0.993641418442151,0.763885614379263,0.5894474283112692,0.663204369878225,0.9930883110462609,0.9247941815316537,0.9946128564168099,0.9942381049059307
-0.00910129026396921,0.18246720611820919,0.27521062272098806,0.323739225891834,-0.009383483642422788,0.05466510630941606,-0.010446353945607749,-0.008680225239450211,1.0086965938058137,0.7806657515855999,0.5959406985136984,0.6596288464447375,1.009732706781461,0.9545158931532661,1.0096158135102213,1.0103593493424974
0.008932791661178389,0.21124913738774426,0.3797351034664195,0.42102138375486237,0.008491673506952516,0.05679233224989411,0.008866116424322048,0.007861134806081128,0.9915254328573164,0.7892575131085295,0.6756111662924885,0.650176985235615,0.9916304656047698,0.8994818377472497,0.9932558909694097,0.99183549463705
-0.004295932503359697,0.1883352749383202,0.3653875771369743,0.3965622052718356,-0.0037317395480645924,0.0447641430256188,-0.0031808760268060873,-0.0029739157125760114,1.0036332708508529,0.8194607546195878,0.6671453217991565,0.675575550621446,1.0033637472440502,0.960121664868857,1.0041375994046597,1.0045647990480986
0.017047620238201323,0.24131339190305165,0.3894688314453383,0.48627013061463403,0.016379796345352294,0.06912594986230139,0.0168019540392839,0.01743186063448808,0.9827833955977119,0.8112424502242662,0.6645105347813245,0.7018932467941857,0.983455359039871,0.903455459011301,0.9827898562542636,0.9842525868384302
0.018453165418358244,0.17269205591160286,0.38917341696994645,0.37115755522933835,0.018293781116963337,0.06614681586223815,0.01914813128051184,0.017288072515738627,0.9818477146878629,0.7392079135386584,0.6995013998865598,0.6150341442661605,0.9818483782124462,0.9154013664456754,0.9833494566732951,0.9820249425727264
-0.009629050541821066,0.2131650949039055,0.34250511639389625,0.3232000133599074,-0.009484844853334144,0.03047299808245971,-0.01031013025520104,-0.01200634719282753,1.0094848894141606,0.8505793764723631,0.6529658369071991,0.6083222430210089,1.008970141060759,0.9164857527981686,1.010395091562016,1.0080095934725772
0.025123620998089565,0.154465279161652,0.40659761283388096,0.3775353597449578,0.024574956476142645,0.09391905498073748,0.024335025799032305,0.02512247360232976,0.9766685518654823,0.7161907401657067,0.6557178452569479,0.6170405289032332,0.9762860806477422,0.9378399032141734,0.9758012504107751,0.976830107013394
-0.02204129765866089,0.13835391688734172,0.38745295775502264,0.30715336231639456,-0.02274820705153407,0.028139957947937385,-0.023345173274730555,-0.02245382849715757,1.0223590761431547,0.7881821537322788,0.7054400009603582,0.595836708451734,1.0233001350113735,0.9594436612481597,1.023587427062258,1.0238238587500637
-0.03564172105027117,0.10287974805667192,0.35813274354042135,0.35543063442026,-0.0350539816525403,0.04124766219744323,-0.03703617809127388,-0.036494734629074675,1.0353413500174173,0.7631676537438505,0.7194403462055604,0.7048721000546231,1.0357935631733606,1.009757833314451,1.035308227710833,1.0347060901917573
-0.013751124633018664,0.1887348867347548,0.4213841849260954,0.31091787653520936,-0.014402476777993166,0.029448216332708353,-0.013515340994222356,-0.013447109164861418,1.013845586147567,0.8146851057638462,0.7376194926463077,0.602146875343055,1.0136466701399258,0.9347233086199458,1.0144878695301807,1.0139428217265336
-0.011095458503015573,0.21517112833843363,0.2793266584191177,0.3849627476410199,-0.012214081556933033,0.042964854787932084,-0.011209156719520013,-0.01219936448324413,1.0114135861035372,0.8255897878380285,0.6352207574681725,0.6792751752398019,1.011098773551745,0.9442806263488708,1.0123817354314928,1.0122335876707895
-0.022548795912512364,0.21246854660443928,0.3639348977880821,0.38620934999298784,-0.022470629241422107,0.03400093079482522,-0.022162740771816025,-0.02330602402030148,1.0224852479221205,0.8432312505344028,0.7165830299856648,0.6987841502861094,1.0229652276059782,0.954436636580884,1.023852094696706,1.0234985129396834
-0.04113544631130894,0.13237136593886434,0.3663577026890002,0.34308167233516246,-0.04155575974632848,0.04063745199168036,-0.04259899047065286,-0.04142245773415012,1.042152232129132,0.8049137821953658,0.7321548836160146,0.6998667414132063,1.0415867651974757,0.9976767947295403,1.0409933580539084,1.0428566131086
0.01378793405198905,0.19659333936292,0.4116277795452111,0.4185954916702642,0.012444381460095915,0.04389220859375959,0.013599969966111158,0.014015597419091676,0.9872900081740323,0.78101085331993,0.6986294946260456,0.6661893722040106,0.9873970801542593,0.9180345752304597,0.9870870311233532,0.987467638527536
0.03633506278203768,0.17335534459286095,0.39556593022285585,0.328026629758484,0.036627380463970155,0.09641105480410367,0.03619695723303527,0.03606058673858455,0.9626405972350053,0.7280256553069337,0.6309917055657337,0.5068005171676782,0.9632769844543919,0.8932598089834075,0.9633691381824324,0.9640925525819886
-0.012993267846061697,0.211236795212308,0.4114470580014157,0.406132874033171,-0.01317115601471289,0.008512863251388279,-0.01381383645968127,-0.014368925625921236,1.0125646838731548,0.8489466780248354,0.7348842489755048,0.6771403781936296,1.0143080990221682,0.908713796601881,1.0128961825617673,1.0129472613711927
0.0023266957352112115,0.25557147818590503,0.32005453653567173,0.42111141260428436,0.0019692822962643556,0.07763485811856166,0.002792105471537724,0.001798393913316788,0.9971659519180486,0.846475915760798,0.6383858002251994,0.6562276960463131,0.9978889489740034,0.9327121235946836,0.9986465800035077,0.9980602674489657
0.011269148077103703,0.23675194371976885,0.3782980820315204,0.40622245702833926,0.010122191443810472,0.07570628588115628,0.009133634338720543,0.008295821769753749,0.9901038907773377,0.836092355653492,0.6723271968781037,0.6579145838636845,0.990430524769513,0.9418717760223104,0.9901206756047882,0.9892631023831088
-0.029949374470315322,0.10396469305389489,0.3748850281074648,0.32266221185322597,-0.030432735861434013,0.008784121342642788,-0.030167602165279535,-0.03148078654889134,1.0307197613441401,0.7688897152605,0.704227953356856,0.6410491225386552,1.0309500543835302,0.9452393156905124,1.0317738090350204,1.0304928099751434
0.049091256333140876,0.2412092365771312,0.41946385406391357,0.4157705163638164,0.04896004555641723,0.12096588521744814,0.04879213339977849,0.04812221878584266,0.950463194926833,0.7801064798541533,0.6726872261730472,0.6159465929526287,0.9509686521884885,0.9148163937965212,0.951479102256304,0.9520943572838414
0.012158538999480011,0.23121994679294006,0.4434791403236472,0.3396803051534663,0.011563328169894213,0.07820380596455936,0.011726990666643873,0.012494843131166432,0.9876284961848871,0.829432714640076,0.7166383348566085,0.6267025130291155,0.988028945411212,0.9489971588592413,0.9889335659905596,0.9893597072744261
0.01428479559922439,0.19112417308938554,0.3878372572145028,0.3918456586235607,0.012963453083560056,0.02286616285375429,0.013568086059391646,0.013255689536982893,0.987019442558287,0.7573753170988619,0.6882474058100811,0.6582777196893621,0.9865560457557515,0.8818727708253045,0.986635045895712,0.9867167130898793
0.04478357835405369,0.2772572764178941,0.4352648633513362,0.25905050367686394,0.045035970302757314,0.15654446171211464,0.044633756875239995,0.04373553032651007,0.955047217777552,0.8132256044714354,0.6560691988477256,0.47726185462208826,0.9546963784334718,0.9344229123259244,0.9546919313165242,0.9544096694804101
-0.030720316515112544,0.15597335308430585,0.37650570483049817,0.3319604085945919,-0.030555480288816023,0.004023797034779931,-0.030790140622519554,-0.031233482232801344,1.0305711743487658,0.8126530443947795,0.7266257870709164,0.635008905433503,1.0304463230473104,0.9425101456818936,1.030465336101799,1.0315049133049783
0.03200726745520117,0.20720415940627468,0.40501806949712654,0.38528461616158083,0.03220401602584291,0.11794602213704361,0.031696090730305125,0.03174080803495009,0.967916315727821,0.7599904717405311,0.6690955741559808,0.6052094911955357,0.9678206478564494,0.9304010589672638,0.9680422497595733,0.9686608585655734
-0.0036886089887364797,0.22948217932567444,0.34896051068455386,0.39177776315107105,-0.004095102923568495,0.070605568561473,-0.0036284725804854243,-0.0041180013672614275,1.002907373470752,0.8353712573726558,0.6890740856134865,0.6439279058698257,1.003764078967161,0.9390829918789877,1.003819358490255,1.0043423979546673
-0.0028403575316229635,0.15942529553608642,0.4133493690308856,0.35144915348322303,-0.0040387700196079885,0.027219392772268928,-0.004093239995222001,-0.0035757734118244066,1.002905910003171,0.7564744148165392,0.6947675477388846,0.6542061126874383,1.0028976381337904,0.9043219762750402,1.0040700266499833,1.0048352194360235
-0.003596336981243518,0.18856095195733666,0.3687700119613755,0.35851566735459234,-0.0035963295220551137,0.04722761348568016,-0.0026575756482384457,-0.0028153214020485984,1.0025627872665985,0.8130498199250215,0.6806137708898203,0.6410435343031785,1.0027150868405865,0.948334968310769,1.0032328439041676,1.0047871055943964
0.010620236430862346,0.23033876818451374,0.3104901957371395,0.4135398286907583,0.011643005040057627,0.08438938037445332,0.010162662425243302,0.011881567268992496,0.9883136978574749,0.8073536271243952,0.5983633748307442,0.6162677897850728,0.9895551620275894,0.9148454938112159,0.9889271737248463,0.9908830204646335
-0.035143160112577516,0.13670837917660508,0.2734463819480511,0.3543885123448909,-0.035532419229096564,0.002184150263562001,-0.03519792125698562,-0.035366689432069456,1.0348052053835217,0.8113474188262683,0.6294793489913368,0.6539420870983642,1.0356563719538765,0.9547880030286039,1.034948141187982,1.0359265992590367
-0.028231399179905057,0.1869676451362987,0.31761136948697616,0.3214001358949106,-0.02899795312549491,0.015881267958539173,-0.02861292739452091,-0.02980766423652937,1.0295478165261551,0.8233824649963206,0.6777726793077932,0.6314653165027808,1.0294622234429271,0.9576592821297474,1.0293506080991217,1.0284532068016197
-0.02854761008053446,0.1839411098309312,0.30198175094582047,0.27107863082049816,-0.02893581761256702,0.015659475353807233,-0.029312050913387774,-0.029056509264689275,1.028138785155046,0.8283803682907456,0.6639393338346129,0.6149895012800519,1.0281276276976956,0.9612194881169048,1.0283874115359029,1.029144495748009
0.007405210335775041,0.22890823483451933,0.4090081885315727,0.355017551375765,0.0076650043743788435,0.04330113146288259,0.007104925848467224,0.0063552050774683295,0.9917455016506466,0.8378371325073335,0.6991230009561943,0.6108349360770199,0.9919171013861708,0.9084179570662079,0.9931889388688794,0.9920638571582234
-0.021801859850886243,0.21824223951217867,0.40323935724538523,0.3027088223917919,-0.02219354274250861,0.07442735134361683,-0.02234936803121919,-0.023563531001191206,1.0226445186317143,0.863043768490461,0.7342978287822142,0.6099696823861508,1.0226845829668056,0.9781180427620539,1.0229050110012408,1.0218994398273424
0.00786207178194889,0.2363188327284569,0.42769604305631825,0.34936743879418475,0.008033453128446316,0.09447840672298058,0.007940841597480533,0.008659621924722475,0.9906934900811047,0.7998252706618708,0.7002724160051285,0.6436210196354016,0.9917635394136144,0.9544361754882532,0.991896049016988,0.9922837478179222
0.021024723924522048,0.18205543559317758,0.3398409367047226,0.3959339135576852,0.0209963895783594,0.09813594346957409,0.021121192959375364,0.02024503131326704,0.9777900694112552,0.7643458224814076,0.5892588162236033,0.6407622699345451,0.9779173258237923,0.941160732877765,0.9786168109116635,0.9785656505724712
-0.008910281541081104,0.16161928237846626,0.42659903425066026,0.4316321634627699,-0.008987595425084509,0.017096975797975443,-0.008823956174320184,-0.009901200526420113,1.0090555723558932,0.8004367609195363,0.7240638588211757,0.6534812807029997,1.0092911831989388,0.8961811848303474,1.009642248819753,1.0099418541930387
0.0029592364043948627,0.20634300306989525,0.28761605960242576,0.3393079284492946,0.0028564368608029553,0.08422901192167243,0.001977863275482327,0.003182865574171611,0.9973469164546855,0.8152132333408013,0.5848879734287873,0.5928152641422095,0.9973623009529322,0.9609848362210126,0.9964047270727384,0.9983177835271072
0.007742416952666631,0.11048659843473434,0.3307840226728766,0.31766901856062507,0.007433708776479299,0.03848027828753677,0.007344592104113176,0.007766768724814216,0.991841301788736,0.7121862626320941,0.6057652351876199,0.5819099338848004,0.9923618494821735,0.9117205773105431,0.9924408876255059,0.9932471103829448
0.002112583230882473,0.1808720541500322,0.3772124071586178,0.3660126357880647,0.001984558431461052,0.006430147814533531,0.0030513242781411674,0.002084548544428173,0.9977674800405798,0.7817064615742642,0.696848683323116,0.6507666287982741,0.9981477141172608,0.8875909320437199,0.9978952544501113,0.9978221285811657
-0.005258477027560305,0.20974120540553903,0.31093960029850276,0.3923560726195381,-0.005925930596585309,0.07736566944297128,-0.00659240061589761,-0.006703894495176773,1.005604182443023,0.8213877558606918,0.6184479087485684,0.655410173259416,1.006334979346692,0.932646684355534,1.006771769482578,1.0061846665573306
-0.008416126097903856,0.195194085104305,0.2681765171863523,0.3375371801754352,-0.008964215310944877,0.05617003107003542,-0.010077635394199156,-0.00927555604569821,1.0088930900998603,0.8388941224648716,0.5767879892014063,0.5781458928677515,1.0086806449047088,0.9550586109614985,1.0088831905294984,1.0093127520695453
-0.022351549895045893,0.22090819326134972,0.37229943652141834,0.34406075543445147,-0.022503283813340453,0.03632554854359072,-0.022904186461392896,-0.024418640517953685,1.022370855632198,0.8855228548757325,0.6754405213152168,0.6422840217959078,1.0231064563038708,0.9543230131896892,1.022210836456797,1.02253247215965
0.007816265987820753,0.17371634418596685,0.28207681822236835,0.3491973249315594,0.00775580783561051,0.05695341512518521,0.007214687444997493,0.006066090556591218,0.9913814215638452,0.7782159123944083,0.5629908351961608,0.6160674815225986,0.9919151178529318,0.9186743073073955,0.9916530466794607,0.9918069758003998
-0.027634462635134728,0.13734125628935717,0.32997618513899246,0.32435200708113177,-0.02794483318570017,0.05728585922621057,-0.02937030174865043,-0.0296609491286386,1.028467177756522,0.7888941293362184,0.6790636857351282,0.6495261280124248,1.0282622808865596,1.0039120328284357,1.0284078856823005,1.0275064624361556
-0.014873894067261959,0.1462178465461833,0.36062893469543145,0.24400056991648258,-0.014932890330858284,0.052043254345640735,-0.015394810798654979,-0.01556562326400284,1.0143899507971077,0.7875755313402408,0.6495383664802121,0.5215576178431992,1.0150259859875783,0.9575290864184832,1.014969227556452,1.0146926101774933
-0.004952677382972524,0.20118825886500435,0.42439817383693806,0.2887039299022886,-0.0061640198808240315,0.0008591703093729935,-0.006108034353310335,-0.005488103265405821,1.0056374921981748,0.8217184745192071,0.7703847773154942,0.5581986825079617,1.0052192066339423,0.9098135972610579,1.0049872678562388,1.0068622004927907
0.004869508544105387,0.24974714194555947,0.33787370647784265,0.36364087658250416,0.00529140053027628,0.018273739554765002,0.00518137818206793,0.004912031344807212,0.9941089832806936,0.8575065201723335,0.6457409252087538,0.6131996693496866,0.994018713659007,0.8926198659057349,0.9940155239926713,0.9951093347884328
0.01958547197803216,0.15983687187786014,0.29977419512455855,0.28038068051724263,0.019274319503779502,0.05620505989090778,0.01921182136977721,0.01899497443713332,0.980650052244894,0.7386667274308312,0.5646534031849944,0.5771709417530158,0.9806370896708418,0.9089959128046959,0.9802192147834407,0.9815238148528617
0.020244735860733623,0.22968780824004956,0.44260558848022574,0.3347369706890094,0.019649154035577807,0.06914741650429135,0.019888741517397973,0.02037923230360728,0.9794844611582992,0.8086498775072309,0.7235675924653544,0.5821143052451186,0.9795197527187738,0.9111092581483439,0.9805434856210552,0.9810197834944044
-0.0006353088644430828,0.2046947013915028,0.3970004867765027,0.3616010222004698,-0.0014150182670949136,0.04895047632432467,-0.0011123861663429532,-0.002507414714152924,1.0013955034749162,0.8232741188727128,0.6785171290562202,0.6699132310968914,1.0022021895179798,0.9220926496276162,1.0022614050384713,1.0010827263595437
-0.009083586316485029,0.12602730466704196,0.4016880393783369,0.3727763720700779,-0.009563910562098637,0.08314879840511322,-0.010556137226524402,-0.010039037173395906,1.0093381072068122,0.7489692528599481,0.7150080083347192,0.6366669040889765,1.0089275569257543,0.9810643735901015,1.0096118403633756,1.0087014374852579
-0.018693246262048737,0.22111800927283845,0.3392024088657512,0.37518750943263734,-0.01833680443012709,0.042810368031306494,-0.018527468919679494,-0.01804054397730948,1.0181009223164779,0.8673980797082792,0.6643478199328656,0.6515270021348578,1.018450088714779,0.9557996448583077,1.0188441041122793,1.0194565805677158
0.007200791299964431,0.20322591493636818,0.3667703255982305,0.3977129399365498,0.008165944574449371,0.07410094162090908,0.008437773951766491,0.007768976528887892,0.9920114064476555,0.8038553452226342,0.6464762056682924,0.6328926871727346,0.9917522866032064,0.9349936756127223,0.992594400888528,0.9921447224160482
0.016535365107047947,0.20011931003954883,0.3716048855200732,0.3692446600789227,0.01650494800108296,0.10190540820279538,0.01687084803000642,0.01586218374674223,0.9827195251368457,0.7791849697558907,0.6459765832410207,0.6306529947156939,0.9837506592650264,0.945131862416598,0.9839152757533224,0.9835110014392758
0.008610768541946342,0.2036813565925622,0.35378258839323,0.39098768083737445,0.008968194649409572,0.1177873662966499,0.00853414129094119,0.008985064003320819,0.9903271774854958,0.7947953481373066,0.6202574408134633,0.6838220932343628,0.9915474905240319,0.9819393126006751,0.9916354273343724,0.9914195542519161
0.0015380924365782274,0.16801981645399572,0.3387758915644562,0.32935554295634506,0.0021441975722218715,0.08808287361392748,0.0010063991181638592,0.0006663453414206639,0.9989883483183033,0.7748984707449301,0.6476973893106135,0.5784761687701753,0.9989298821429972,0.945930547928623,0.9982862772437251,0.9980225212293644
-0.008406409624326818,0.23417468309207917,0.2237261264622498,0.352046995571608,-0.008721653375107281,0.07126899605245267,-0.00903143314103775,-0.008217079785215704,1.0078061740797712,0.8869675745182799,0.5220441630479987,0.6623267742581206,1.00862619223871,0.9893371314227278,1.0079134767897628,1.0093729968231098
-0.010432412874886863,0.15847674378324947,0.38344960333935735,0.4044303998009457,-0.011084022721633995,0.023998332623535214,-0.01083930157928028,-0.010374874518604728,1.0113021778525915,0.779865828219677,0.7100387066586967,0.6831164888774465,1.0109430030024098,0.9273588701557824,1.0107874514270887,1.0113196394169228
-0.016148251417776194,0.2353257756434917,0.2910502091293212,0.3686453688482867,-0.01730231655132468,0.056536741627726594,-0.01725077918836941,-0.01797075551206836,1.0154200250960728,0.842749723635964,0.6112762350321921,0.6562483966807391,1.0168521051917339,0.9566790488186169,1.0168877098405182,1.0167118234144668
-0.018604418447377702,0.12573314681186515,0.28721813196991264,0.39324893837868435,-0.019619477817016145,0.030522890056183,-0.019524622427298813,-0.021134964771577953,1.0192728245179892,0.7481314967616677,0.6510182452058311,0.684689776449648,1.019094586227387,0.9410105906359137,1.0192846167604936,1.0176857492598466
-0.007781634962986693,0.14122066474159561,0.3894448748453546,0.30906717363043634,-0.007332649365720022,0.043485336487733034,-0.006935418899915079,-0.00761540690425742,1.0078733368732642,0.7641655445706611,0.7071422681979587,0.5609693120447306,1.008280953527088,0.9359947493725325,1.0093320918583346,1.0072600572611587
0.025452692598949868,0.21652649432516186,0.3885394959245063,0.4145570678245804,0.026903863614177893,0.05084257609046603,0.026299044825702507,0.025638287624759098,0.9731081197575346,0.7766430863543063,0.6202591112289584,0.6708004051079239,0.9738474416846333,0.8753592505234452,0.9736681686324794,0.9733542387257423
-0.025940006926428488,0.16392163330855322,0.3118070795447347,0.3186012633382163,-0.027258105584630144,0.04091343178615631,-0.028340712690165897,-0.028660593355660458,1.0264313359174626,0.805704455439014,0.6520492760821557,0.6434358919587191,1.0273678966357038,0.9898259689940414,1.0272748029726064,1.0263283931400247
-0.005465041506657692,0.22438811366837844,0.32557295679906534,0.33457998823137647,-0.004580378424995759,0.020503166165491464,-0.004700429779880861,-0.00521978271504837,1.003389302637614,0.8327255850280195,0.6562041323044169,0.628576329058476,1.0042746701260874,0.9186628340808504,1.0052490640213931,1.0059086530041326
-0.016930000459860643,0.18005455357254949,0.5009113681675204,0.3868832442122655,-0.01758470689389887,0.05296793799216889,-0.01723719360742003,-0.018058310904619436,1.0172619439712052,0.8070086833755615,0.7896326408238605,0.7120548869837718,1.0181294895219122,0.9512745843201057,1.0172828826182216,1.0174259904096552
0.01017444541382288,0.23087120560283098,0.38525233619005,0.3909936391337223,0.009701897269206936,0.05199757536471744,0.009463272049338233,0.011021345447338179,0.9902099476885852,0.8148634770714219,0.6871545265293648,0.6369096686040628,0.9900715158307014,0.9098182538452031,0.9904968642818593,0.9914449934918511
-0.008043933021161881,0.23866847318851683,0.30961470500324617,0.24730925028374953,-0.008138214428046787,0.05167669898072129,-0.007461294221300411,-0.007002634576220962,1.0078441563008436,0.8440346335878617,0.6288667199934526,0.5558413448704336,1.007920564738679,0.948656974822244,1.0076268295959139,1.008752014423483
-0.02539645058831918,0.17413916345413955,0.28797583841317564,0.32664227965520404,-0.025574990403537758,0.03766664474852759,-0.02576647931264864,-0.024680918171945586,1.024596824476129,0.820873311155499,0.6367187552543434,0.6273336525314462,1.0252143985868467,0.9557738340677244,1.0249128547525563,1.0257164973851554
-0.006398134869992542,0.21489725014238478,0.3479533282748589,0.3880035986277675,-0.006746678166469559,0.05755351941160493,-0.0066747392181034666,-0.007159594875137422,1.0057484528262457,0.8409296469143728,0.6820208703060425,0.6849372223563703,1.0065692605548529,0.9615802018439772,1.006182650145074,1.0073873499363457
-0.01674085787217933,0.21446189888891037,0.28706275343051135,0.354959106652199,-0.016785338485811756,0.05801343453758125,-0.017728216744601823,-0.017129307305868494,1.0167520776005232,0.85866511289434,0.6235160927567266,0.6385977447573292,1.0169654905248686,0.9836739123836049,1.0174160324226356,1.0180501362622472
-6.837192573996721e-05,0.1899864938882972,0.2714954431191984,0.4861555378614245,-0.00017821496134956546,0.07363148126788734,-0.0013781503164882023,3.0001694723582565e-05,1.000547326484595,0.8091386315083381,0.5706436574367844,0.7459732176162848,1.001098996570331,0.949957307471759,1.0003382026973449,1.001420934441516
-0.0015003214819749046,0.20187373847562678,0.35587540960020925,0.3690715409492886,-0.002248925311560934,0.08175531194043932,-0.0016570205007902556,-0.00019581906226712962,1.000929920136595,0.8038619522745745,0.6612056520764535,0.6456322343981173,1.0015582089763369,0.9636351488344438,1.0014039282482272,1.0031397140333254
-0.02434830917997455,0.14779183268697954,0.33496895956384504,0.3195137106444363,-0.024358550564706524,0.04120950987725885,-0.02514124140295136,-0.024420151940630734,1.0236353370086964,0.7551336540459082,0.700516265020886,0.627344018337133,1.024080768725622,0.9704930184050788,1.0250178258360503,1.0246442979615205
-0.015087767169931484,0.1420638631801725,0.33357562896522575,0.4592831466566887,-0.01520054995686472,0.053570282291932385,-0.016969094018155998,-0.01722431708875332,1.017001022862593,0.7924754467575649,0.6747185015513919,0.7377589790730616,1.016280732769551,0.9698256130513241,1.0167588519944966,1.0169412323918001
0.009367718663515491,0.16570047387650585,0.3987173859902174,0.3629746390346731,0.009648883793417053,0.08554180374905998,0.009229611436494081,0.00852502882522058,0.9899179687971756,0.7583539782847095,0.6870234947057379,0.6422290144774236,0.9899788537851526,0.9354424062175952,0.9898848135746473,0.9896576943693468
-0.01043808656656877,0.16622772605219702,0.3392066887638806,0.30020253832527233,-0.009182002822291237,0.06114114235417221,-0.009666085367593535,-0.010758652772107979,1.0098053697435716,0.7880529792295651,0.6560153947824757,0.5409023447107157,1.0089504034920669,0.929582011970385,1.009627084256747,1.0082689163136764
-0.007741377624121109,0.14688836350938533,0.37027431603616345,0.4232882584341032,-0.0071724334477143836,0.04485315151291541,-0.00751761300240539,-0.0075496568874822674,1.0069256007437117,0.754705295325067,0.6876287114248292,0.6808972734856649,1.0069849841679537,0.9236917761421024,1.0080440474064536,1.007532789044249
-0.013264342101641458,0.21159900147721228,0.38177961916710157,0.44031029178748654,-0.01261715949467453,0.011246846859572907,-0.012715194378293632,-0.014882829971438336,1.0135834034926017,0.8437003719750822,0.718376423187378,0.7203133048366892,1.0131631242715011,0.9146805312119454,1.014820707257337,1.0121467345191364
0.003571926585798734,0.16861887137177953,0.3148549320322384,0.3220741154118512,0.002257476537673097,0.05690262973986106,0.001324576641157716,0.0013707482372047508,0.998315006129163,0.7632404627665562,0.6305046965728747,0.629928118924544,0.9978681306710973,0.9310233924406617,0.9977867902924373,0.9983805416423915
0.0037023489996722498,0.21976285192699013,0.28034763735162055,0.36211559234266005,0.002916995841465155,0.06077088925188065,0.00170684606797636,0.0007164664627163485,0.9978292324152483,0.8369463076862219,0.5830752621136845,0.6223333632202674,0.9969137908860177,0.9431609641203114,0.9969243132903182,0.9961967701566963
-0.016027581736144377,0.19592881455563793,0.2748301168571652,0.29269121813908866,-0.015238026944209946,0.059977905782017754,-0.015338081962273703,-0.01486037216318536,1.0148866854400924,0.8147150545196881,0.6334325403798874,0.5686133901524231,1.0142631554392754,0.9631089290389949,1.015353077205772,1.0172449213873616
-0.0065779255925326255,0.20907728467394968,0.41269611964582237,0.4243167198293021,-0.0053421163304624465,0.07801186679776,-0.0053133076647564415,-0.00585323061420959,1.0066592348691383,0.8290538139848406,0.714133431242965,0.6788002359956375,1.0062682550139077,0.9676981520718698,1.0067998959437694,1.0074771854737523
-0.008860601028360648,0.1809333700287084,0.3518131818876202,0.44639945738940867,-0.008671388746029036,0.05485581177146914,-0.008798049953967275,-0.009884863980540037,1.008076596229765,0.8048987343151931,0.6297783163661131,0.7132089205913659,1.0078165817665126,0.9477385032246103,1.0087617833730949,1.0088365951291103
0.028097626598848152,0.18283742440656378,0.3243853214481946,0.4391691708236755,0.02823007849459756,0.07132240511709086,0.02713175853338699,0.027800305588525632,0.9714505012001421,0.7536318284935989,0.5884640936329382,0.7048232794751079,0.9718264031774707,0.9245401682594436,0.9709955229193359,0.9716483508971462
-0.023408216702783653,0.16276383909147235,0.3495177051267789,0.3694792481571386,-0.02331102600680433,0.08047917323647477,-0.022907923615432844,-0.023206870125001274,1.0223425069258443,0.8297586312291116,0.6605419251828872,0.6833470551654299,1.0234155194758634,1.0006293035224434,1.0230602555324213,1.0234183834437527
-0.0030613341637992304,0.18118804053874696,0.4441802728078809,0.354709953135465,-0.0036427568706186232,0.07211778654072638,-0.004277664597395733,-0.003393392824447464,1.0036503910062984,0.7941813411842973,0.7464575843212259,0.6163304024401932,1.003026101140642,0.9507397722043537,1.0026805174117714,1.003134222531581
-0.009826919000697393,0.22183449125639465,0.3733536808027461,0.3429778873385843,-0.009225741906977848,0.06946947476376031,-0.009420603346088276,-0.01124447597096449,1.0088892711718231,0.8451396311809133,0.6777539133466176,0.6553601661255795,1.0099826818647497,0.9574902733888758,1.0099618790440834,1.0090514126605186
-0.018815986427715897,0.1608018716054235,0.3870029891097927,0.3326969113313784,-0.019320040610670625,-0.02783614904401862,-0.019219079229794288,-0.02006162263930644,1.0183933042179951,0.8028833836857934,0.7065724685628345,0.6424057656542752,1.019368711914709,0.9063384238535495,1.0202626408350925,1.0197667592391102
0.025109506595983426,0.2702998820891874,0.36390388643266736,0.37159873183484965,0.024597914825538893,0.07379157539573986,0.024269238158979318,0.02530805483496986,0.9751177648538174,0.8268665401320416,0.6173080807971483,0.6312969719882924,0.9748256469830978,0.89589051094566,0.9749742416688502,0.9745376026196839
-0.01909826105507319,0.19343160860358294,0.3305893562057739,0.43218980640206023,-0.0191025872946729,0.032450083920909215,-0.019647630609267434,-0.01905452120654411,1.019943009635406,0.8346724662864224,0.6650231416293089,0.7416439903281601,1.0193320092079394,0.9490843796921714,1.0206333915140406,1.0196604594247425
-0.0026910589479630497,0.166723663480415,0.3059646045754985,0.29986132350790023,-0.0022660614892071377,0.02325745833150488,-0.0029463383357453735,-0.0038799961354447745,1.0034284768856983,0.7954933762611318,0.5880816946130352,0.6200493124652571,1.0035450469226908,0.9270054561916468,1.0034746249701259,1.003250659431642
-0.003272332069706218,0.15758414535136486,0.3711787326618421,0.2799871093983067,-0.004065485697455716,0.0916459517308849,-0.003227952574019566,-0.004722654604124909,1.004249797777143,0.7793574548383781,0.6767929440763465,0.5728282022207593,1.0039327957851578,0.985623226985093,1.0040810643373477,1.0031954802213603
-0.03020103915097513,0.1272711002863878,0.38296208262337594,0.2890444376821608,-0.030532981908618,0.04878414975215652,-0.030527830145393824,-0.030287604117328046,1.0305247610869819,0.7747420608886398,0.7363049364411787,0.5879348430304847,1.0312325143049421,0.9864593635728174,1.0312464609457224,1.0311126390773961
0.00566702834039033,0.16832684234642592,0.3450158073531846,0.39923520520925454,0.004729053847964464,0.037481656254927345,0.004341296587451802,0.004292044540396796,0.9940318448169398,0.7727032982843514,0.6461573872409834,0.640653082504571,0.9945197813156149,0.8938345216405916,0.9950229602888697,0.9945281527528014
-0.0286666518390097,0.1977024871586207,0.4303445532890033,0.24139126970824257,-0.028646380661383027,0.0010267671095740738,-0.028887361770678306,-0.028303278833496388,1.0285434564650497,0.8486845183727253,0.7904077543569943,0.5863857816885669,1.0279332144972404,0.9502441718785883,1.028661948198558,1.0289230286206739
-0.03429443322015265,0.15827120763607438,0.3331523517777712,0.31010047906261795,-0.03362911521174328,-0.007737655263376144,-0.034013584728866494,-0.034359721621608955,1.0334449131949637,0.8184437864583545,0.6681975829811511,0.6556473984648026,1.0339027761161463,0.9245015362024287,1.0333966576160325,1.033450837904352
0.018486893118572847,0.20919067986421394,0.37015255332782565,0.37318072510436145,0.01847899735369256,0.0793252699614671,0.017233714700984008,0.017918650888550547,0.9808199072060497,0.7918829231075621,0.6273613669446382,0.6106504342775702,0.9819986550165775,0.9055269403566636,0.9807462811313179,0.9809953966512968
-0.04630760261897755,0.17937751031597376,0.3185487045172803,0.4219597174808693,-0.04601122852580944,0.034563785169987274,-0.045483345598554284,-0.04462675428578224,1.04530888081237,0.8675236123856358,0.6780838028922984,0.7583749829510795,1.0454282600384042,0.9913709061352856,1.046191328372127,1.0471270455632558
-0.024757834501487587,0.21422222806845578,0.29546084775985637,0.421317601952528,-0.024638454619859158,0.08936502882926398,-0.024112697434431004,-0.02532995209245463,1.024384524023919,0.8578932206622224,0.6555205419082059,0.7086070563061335,1.0240578915536114,1.0063635555583732,1.0252466934126445,1.024438001656379
-0.0055109130725257095,0.18834964955321665,0.3818242561478102,0.3207377397856434,-0.005079444893129533,0.05620696544822963,-0.006915760069962264,-0.007367662851447672,1.0066303782548445,0.7988872839991663,0.6915347683084361,0.6223934302410907,1.005770902282179,0.9652151853272168,1.006589423935372,1.0053686861661904
0.021226320629426317,0.2867357198783138,0.394462168480026,0.3277282298476615,0.02138071210686369,0.06899596082091879,0.021446608072816075,0.02099992697841619,0.978568064552228,0.8671461832336997,0.6505751023604194,0.5997806041380955,0.9781345675361851,0.9038287450958461,0.9790886414435963,0.9792505909546623
-0.0058615153713003,0.20931208681315533,0.31119776428240203,0.4284413474802447,-0.005686546505369668,0.04907104009035144,-0.006359630634479987,-0.005954436581293546,1.0054601242199308,0.8359141119794555,0.618993657757039,0.6894836053727633,1.0056694613469022,0.936350585654411,1.0058102984510022,1.006606556475832
0.021334502747429925,0.22200838547465468,0.37844554156270865,0.4105092405455276,0.021681917703424463,0.1352634299022798,0.02162384940373453,0.022251129664789634,0.9789332204262012,0.7881640344515453,0.6529442004652128,0.6479037706499422,0.9783809618964978,0.9567840775380655,0.9788641947513731,0.9795620049704706
-0.03004564741937091,0.1359413896406199,0.20191820281303924,0.38219796451476845,-0.029852886093314504,0.037473260369188646,-0.02939988526145057,-0.02936852165075986,1.0303414977085608,0.7957800450008053,0.5780891818360964,0.6965513976627793,1.0303147767116587,0.984984125044878,1.029867844168463,1.0301352696079422
0.007026603857325907,0.20669002975618725,0.36012614052455155,0.39369438257207257,0.00672659294542722,0.025022384664572638,0.007077441077612309,0.007984256441033387,0.9919036726719139,0.8000158346437828,0.6611300639476168,0.6224788557241958,0.9918749678585189,0.892951345300481,0.992970634455905,0.9938185895164003
-0.016369934259675274,0.15579254782614754,0.3206767351930749,0.4649413156171672,-0.017165189051041838,0.07488860574523103,-0.01732587944520582,-0.016915180535015242,1.0163540184617295,0.8001966172010835,0.6586456001862213,0.7408591481681797,1.0172372379455847,1.0016505652287322,1.0166352663903109,1.0175371212718367
0.0032679483331997878,0.2364828630634323,0.2965745343300734,0.43294988652661875,0.0029782085511820943,0.02940122850303149,0.0025828868610714467,0.0033231759032799533,0.9965398786492369,0.8408552819928721,0.6041121250029485,0.6905617340063672,0.9970315247602357,0.8920551016108988,0.9970900530064798,0.9972210421895044
0.015439273383253583,0.2543588183538935,0.30906587916421524,0.3591519078821182,0.015640865278886706,0.08292047254864553,0.01543578613114677,0.01529391930294818,0.9837258381376607,0.8282378352545806,0.597746648025238,0.5952285006290712,0.9837287511669226,0.9234642457934986,0.9840348127694063,0.9840740675504769
0.010096662898356265,0.22249051548720258,0.4040209949697992,0.2572875203910817,0.010804445000115145,0.09211510528952689,0.010340706260210702,0.010767968342961714,0.9887766042693081,0.803889832135889,0.6966528540307508,0.5077324592589438,0.9897532384916529,0.9406383123423445,0.9894364803696315,0.9913120443400548
0.012093763929271459,0.22747296063695505,0.38092480561619274,0.33209189483031054,0.011888516345496569,0.06668531840059355,0.012780120905403357,0.012277873246450556,0.9872110656862273,0.8034924529730187,0.6691455611833321,0.5634120641270002,0.987491261715498,0.9204384776725234,0.9885253985514335,0.9887462779242238
0.013195974675681812,0.13676791140577058,0.43946209596832436,0.405540753746015,0.012939280520861993,0.08888745379387096,0.013345016294450618,0.011633548003911233,0.9871070787252435,0.7227183300309097,0.710685310136539,0.6625364605858068,0.987146773316787,0.9598221144598508,0.9880530605200145,0.9867300103996289
0.011784007358081532,0.22606222983709282,0.33049194787411307,0.43977507300950563,0.01148634386787401,0.03282550725705143,0.011264532064962538,0.011428269525262406,0.9878248837498778,0.8481338556428556,0.6156285553244764,0.6961788974086258,0.9872762314698493,0.895962010456296,0.9881793186433433,0.9881317707676145
0.008124631953634264,0.19686081855925278,0.3598459158226362,0.3407788583245819,0.007838418042838427,0.06641279001569893,0.008593007542415676,0.006870089092465381,0.9908843168355184,0.7976147330359326,0.6454189613362986,0.6316523373911536,0.9918070894934596,0.9322372715774058,0.9924124711928637,0.991448000242154
0.024080797407648902,0.21959000684629001,0.3481993098027175,0.36513863254268636,0.02438894012890736,0.12247064735922802,0.02373121118163408,0.024166012251201158,0.9755544074109848,0.7696055668599859,0.6140972326376171,0.5859349029026977,0.9757033390804044,0.9494769238817414,0.9757823630993057,0.9757731726115736
-0.021765682673507373,0.14035607391413818,0.35858598872975117,0.3757469008160202,-0.02245810740088797,0.0352154962557806,-0.023037353376300272,-0.022667377780535333,1.0221567100034812,0.7659226961135506,0.6996586747438709,0.6766358890211956,1.0223932084243639,0.9430668934099434,1.0223489345134746,1.0221177215925372
-0.003085247316227805,0.18925387869065602,0.37698503063959116,0.3889763702315538,-0.0035596802051733926,0.08693691398114765,-0.0025536136694725366,-0.00283720564681505,1.0029093264131523,0.7991813430467752,0.6637477687906193,0.6716704170514279,1.0027411834060427,0.9584939867150877,1.0033737602738384,1.0025391643040706
-0.028004459386734536,0.13129461813961119,0.28001000540263526,0.35583206901679915,-0.028429003279539757,0.02752191030679518,-0.029767053389150033,-0.029410484674681145,1.0280867161583798,0.7855433520001829,0.6195771931421135,0.63391355105818,1.0286603085087591,0.9508165647423935,1.0281000556173159,1.0285339054296507
-0.021773320584798528,0.16709181229967593,0.31242094741053905,0.3545670809668913,-0.021629951873599295,0.018212040703251893,-0.021584270656913856,-0.021063987185614103,1.0213710289797908,0.8254769551005636,0.6359068025030723,0.6817289367038968,1.021033220002453,0.9444085440949818,1.021278796998686,1.0222962077744506
-0.02745435244725354,0.17025587751714813,0.30224694707108346,0.3625557686947689,-0.026048459486061645,0.013199481294841857,-0.026983260127529517,-0.026925287298362105,1.0266303250298596,0.8279338336192962,0.6519407577633511,0.6709341362133459,1.0271369332095674,0.9383597886136729,1.026115789711565,1.0264619178905392
0.0014873357752727713,0.23964588401235878,0.31715212127876835,0.3370164082097905,0.0011136596631932244,0.0708317282747271,1.1598475698799922e-05,-0.0008759718099505085,0.9986888381705732,0.8370403288210341,0.6286114533900309,0.587798269126826,0.9984148359164112,0.9406629986370895,0.999091287707991,0.9987145184350225
-0.016175737753245642,0.20920248265317606,0.2913124291441556,0.338872838289764,-0.017128000548231864,0.06107637100466868,-0.017014717194986862,-0.017060237464486688,1.0174930272859468,0.8562229413511837,0.5926441115427936,0.6212223839586134,1.0172284374877125,0.9766043879903659,1.0176411212109768,1.0178394580983388
0.0034830305769731674,0.19044472629220977,0.3709484037047114,0.41845290451162864,0.003292420063160346,0.0602996965435387,0.002946942513632305,0.002722606112637291,0.9970443359670298,0.7970486274255215,0.6715565179614802,0.6830590266697039,0.9964136489207788,0.9148383560025563,0.9972954009188467,0.9971925562507847
0.0027561743496933985,0.18459590992524594,0.27265804518707143,0.38259755994714056,0.0017936529616255582,0.029071505924261175,0.0019526534778448786,0.0023759919831611697,0.9986404330434673,0.7770184973570224,0.6049781582082793,0.6366451553162346,0.9976082021428994,0.9097002186920682,0.9985555838324938,0.9995867519247971
-0.0030372387116786173,0.2679669713461416,0.3425544759514838,0.38779361908647864,-0.002728338383686871,0.05824724241611302,-0.0024155927985464246,-0.004076448683357,1.0022633246284296,0.8489747076317449,0.6686407592674508,0.6705170423283677,1.0024703445275904,0.959763736095865,1.0024654068749392,1.001618109232321
0.031205854424659646,0.2534599886423771,0.4347462914225396,0.3202057997612038,0.03098024301348908,0.07539412794930664,0.03139411654837252,0.0308295724719137,0.9682918233419405,0.8126137750245493,0.7032272792366214,0.5303708778945101,0.9691508775482659,0.9120415333190004,0.9699570345444789,0.9686855438093368
0.00032152719871514346,0.2200876533473807,0.410796833306006,0.43444000974124575,1.716253868766511e-05,0.06093156386034568,-0.0007408784318089168,-0.0003962584862894887,1.0001329623217972,0.8216686024428227,0.7203437675963698,0.7042923877208447,1.0002478122756242,0.916697253767952,0.9998017405168326,1.0001228911386828
-0.0022672862447098243,0.16355649509720535,0.38585833525867996,0.3134196697461252,-0.0008940247823569086,0.030212700811190304,-0.0024499152455309324,-0.002562482598119987,1.0024986145819728,0.7670323754683886,0.6882516388654867,0.6414241845038561,1.002493513747846,0.9378831328812189,1.0020037337967398,1.0019474970040865
0.02477211073301973,0.09650157860352572,0.4525211017309243,0.41097926788590333,0.025169473987069323,0.09234332428085232,0.024286418629724776,0.02557060411581181,0.9754411546836705,0.6728608539176195,0.7050606353895851,0.6427349984133837,0.9740338697042662,0.9128873926957682,0.9739684329577717,0.9753934020787113
-0.0036737046492708904,0.17317494246230258,0.33390850906361075,0.3980492197041219,-0.002958964215377222,0.037957790242246096,-0.003528626886896767,-0.0029410947679961016,1.003437920839579,0.7772851003090605,0.6362061685345697,0.6559838852915794,1.0028668645506704,0.9057888774211437,1.003645855668149,1.0034918934985084
-0.015190771420140043,0.2070145096299945,0.25415874721380527,0.3370716786790795,-0.014362408149007081,0.02715812600244535,-0.014896999552124736,-0.01489983429931182,1.0151337150594268,0.8510708438780425,0.5605794215039419,0.5778644129345479,1.0148706189866679,0.9197452589918833,1.015303397340363,1.0152749694220065
0.009017606140430321,0.23202456992919862,0.3566060939086073,0.41003150496879875,0.008153041856661793,0.09534416310804368,0.008460478515165832,0.008893333718647827,0.9911870093162154,0.8398721398749727,0.6174446744196302,0.7048523021356246,0.991381817049712,0.9773161924523284,0.990795791817029,0.9924138291432304
-0.013572868834061539,0.16824969499228792,0.4111079619506869,0.39609423917478015,-0.013255095543760791,0.047627724824085664,-0.01363686228231391,-0.013708631016237982,1.0134570377064407,0.8074980056790458,0.6888148596865005,0.6921055551693003,1.0137919267550186,0.9607104905673544,1.0148791554294234,1.0139165924399822
0.017155431352806443,0.22624749898147664,0.36410510359198534,0.2795374026417882,0.01746971295235198,0.0648098786756112,0.01670968875448474,0.016088963609409403,0.9826776763631071,0.7901989422590717,0.6769916676608685,0.541218460793722,0.9824013918063175,0.9190377492709738,0.9815012133324165,0.9832694249803217
0.0013588225157067952,0.1939760365631927,0.44548393296859795,0.313226469503222,-0.0001380668453500262,0.03779683588485738,-0.00020574330320391438,-4.946535476605007e-05,0.9999762508979559,0.8050846824145654,0.7337110807467014,0.6043835412976738,1.000033922226451,0.9439942606231755,1.000289987075783,0.9998886274803812
0.01651634884630259,0.1876792802909233,0.39538576227604727,0.4284476840338918,0.01603784119781576,0.06756409840206985,0.01570924325527316,0.015813868951468413,0.9839484298950244,0.7522871071901841,0.6760733388379025,0.6785537473713833,0.9840544366877841,0.9162167393520694,0.9842912588282494,0.9856520130208014
-0.027961063288504066,0.21414931573831067,0.29408793596355615,0.39993609041217026,-0.027898138178396502,0.05466091992250008,-0.028313453002570346,-0.027831518896150743,1.0286276991241479,0.8735509410733908,0.6508814579209488,0.7235708456278752,1.0274882082547807,0.9858563283172771,1.028424213194703,1.0282697787254758
0.0015489241476807115,0.16264096863448457,0.23947774893178794,0.33707994966625543,0.0020899044532473304,0.02211062021759908,0.0025437980446066893,0.0020125852761622245,0.998162630371824,0.7752525897612547,0.5483735636738724,0.603849342243512,0.9972769228648789,0.8997918115539004,0.9988926732513144,0.9978686696538088
-0.006384581437561762,0.1957607768964487,0.33491766027325165,0.37481798346452405,-0.006624400872680408,0.01768991212772082,-0.0067787248143920025,-0.008799717333916806,1.006615255971929,0.8134666352392498,0.6472447863510942,0.6699980713200431,1.0065897282660676,0.9240618633293862,1.0074798262844784,1.0058620033392596
-0.04289178727527598,0.1659479598592595,0.38823992097704835,0.3235327867234575,-0.042859838958628015,0.02941100085668269,-0.044400754330441404,-0.04232839504911562,1.0433954840785122,0.863886739687945,0.726172008945243,0.6413539435581264,1.0434030506153669,0.9737623630643212,1.043130189199379,1.045539810594514
-0.0033794011761665347,0.2443355762687719,0.34354556536542336,0.3005154376913869,-0.004644218886577322,0.04948181755269795,-0.0033046742363158454,-0.004375141807049559,1.0033201646932692,0.8557658180320837,0.6570899398685419,0.5926210430422896,1.003491085792489,0.9429308378055457,1.0037124752101798,1.0029893892134625
0.003071680019700274,0.18627680549253903,0.3230052748460904,0.3829980965084324,0.0018282795715876073,0.05481747995209272,0.0008522083380639751,0.0024873874550572247,0.9979756337909026,0.7814579889083075,0.6288707718820028,0.6544116803450291,0.9973990361267252,0.9439401267542259,0.9973202598103212,0.9990475851458569
-0.005622521876605844,0.14258552622600135,0.37954391011303973,0.36298415495098457,-0.005431977256056819,0.09448395101997632,-0.005836921273755819,-0.0054827615042550605,1.0063637608847997,0.7471387768655862,0.6974591068537341,0.63794114253157,1.005126557705714,0.9663672378729514,1.0056257809638587,1.0058565284561949
0.01054883915070865,0.13846323503759775,0.33169179251453373,0.45745404490145014,0.010245581494673748,0.0399464023126985,0.009669294579153033,0.008909933985983436,0.9900738882538838,0.732527590345704,0.6103458386625258,0.7417035317099543,0.9898864026937201,0.9032747717609819,0.990276990644521,0.9895796127702129
-0.0105742229462751,0.1416878209402967,0.3373534730165004,0.39026404691281086,-0.01189567902193208,0.05948559994434665,-0.010824331796719724,-0.011522529411182873,1.010579722989106,0.7767095664001039,0.6628809141814541,0.6775936549041222,1.0125027396255615,0.9628101096759485,1.0120859013426702,1.011257453921046
0.015600747306119064,0.23330027018843208,0.31775100548486157,0.4219692336235947,0.016286018811277524,0.08394230472868508,0.015873385332100223,0.016231974784045592,0.9837086775601962,0.8305139953915134,0.5762653585381026,0.6791650903875948,0.9838228773425506,0.9263771175080628,0.9842253810503642,0.9845540907731972
-0.021372683793801098,0.19519836474481406,0.32592027543917457,0.3058311525734338,-0.021053143122378933,0.019632825243964102,-0.0209919112492033,-0.021644676423087282,1.02213892826734,0.8329846664934126,0.632091922345215,0.6170515153980591,1.0208099093898413,0.9334269123182919,1.0211706570826127,1.0210820265162173
-0.03952241344993989,0.18474424377625945,0.26566812211978186,0.3567286509420055,-0.03930459350733573,0.005091520801510584,-0.03904030270893245,-0.04043170734369952,1.0389647082605014,0.8625012451088895,0.6221751576234144,0.6479236214739779,1.0395763063552086,0.9325638661191565,1.0409346887659559,1.039956008145935
0.0017235719032661911,0.22916346910247284,0.24371604196203864,0.4465511895268322,0.0019697697443913976,0.05596588103379939,0.0022369592213037776,0.0035558860161564844,0.9973636692393418,0.8290578045009579,0.5337392087508654,0.7248412307630825,0.9982287110485041,0.9431026651871988,0.9981875155332626,0.9990003216036758
0.0202583275635715,0.20816031755463116,0.3702640854374155,0.3654963467958805,0.02005579042830518,0.10689798082960303,0.02106533959316055,0.018379539642933387,0.9800469364316966,0.764813816436577,0.6497032559414258,0.6229579939777328,0.9796038343769392,0.9281393976621521,0.9798742995777793,0.9785934430507649
0.007348204856637208,0.1958071256066382,0.26444057743263527,0.3423727374157595,0.00726986047790723,0.059536930363803704,0.00675517038108133,0.007295477330382506,0.992576684886688,0.8052150897872926,0.5596478487935264,0.5937486089846793,0.9934754209546401,0.9286922880506587,0.9928393816890695,0.9944093312590722
-0.006802990296485743,0.17678471405434568,0.43002883648899337,0.3139604279162843,-0.0063126269171703995,0.08411710707515571,-0.006220575670427801,-0.006274843858282369,1.0060127474201972,0.8182852336317461,0.7381790590121449,0.601538628087358,1.0065479303833194,0.9667622464621897,1.0066910842888737,1.0065643395644799
0.013509887825683058,0.16668116292102017,0.32713982214766685,0.3745617151245173,0.01295557596968605,0.041862908320213096,0.013292234012497567,0.014805805216197851,0.9870065164850984,0.7234043762409816,0.6318568576739096,0.6504942051073263,0.9866780784391864,0.8883105741364299,0.9869144920898375,0.9892769504953098
-0.004487603278797828,0.14799246686738238,0.22580806326813924,0.47275617545618465,-0.0052544927968081745,0.05855215696063028,-0.005237430423579705,-0.006871645803849447,1.0047377872872814,0.7660330053422342,0.5355873615920806,0.7435587289202882,1.0051669667332181,0.9333758520669696,1.0051870664695552,1.0037185770046548
-0.03732018937767687,0.15112750882498238,0.3410156474391807,0.3245651004710609,-0.037408405004002374,0.019812919972869013,-0.03889501001955158,-0.03821326967400003,1.0371980885372911,0.8345328328649521,0.7016690372172099,0.624298982280912,1.0378279616685242,0.9618318607786961,1.0367521436950726,1.0374398528707642
0.0006603761130899246,0.23879171181288583,0.34737522513716,0.30688235641820816,-0.00023479305298649566,0.03925907592134661,-6.147729355931883e-05,-0.00013695561154933517,0.9994275403577962,0.8402978243792794,0.6528624108663448,0.6008867542176028,1.0000779224741125,0.9208400876429413,0.9999686308519399,1.0006401229090314
-0.006778849071152828,0.1666632111647915,0.3485354639936812,0.3444944607389004,-0.006728981970531214,0.055182495732447365,-0.006993212926372491,-0.007629144327908802,1.0073659711536769,0.8034333466285059,0.6402758875794705,0.6005875093286059,1.0070358522151683,0.948251063913373,1.0060322969901951,1.006912912706787
0.025976762295712028,0.1729885200130476,0.39894687989641003,0.47209523321480085,0.02574615746551459,0.06826541084808845,0.02373537455724725,0.026194133452151814,0.9738702492346066,0.7167984435439352,0.6528691951162323,0.7163256019645227,0.9747465788171302,0.8733377910635737,0.9741523462017093,0.9764102181162153
-0.01044183029797097,0.21854616418071002,0.30389314158302405,0.3295033244643367,-0.010768595177750882,0.06852608672613449,-0.01018443095083996,-0.011342274787026168,1.0099645193104785,0.8189038008035943,0.6173643439501229,0.5792005516092746,1.0109579118084342,0.9405178383366934,1.0108456322718888,1.0096151708034518
-0.017079121654046334,0.21286949700008986,0.3136239278331423,0.2630790770158427,-0.01804674279518142,0.047940274170726827,-0.016900622286053626,-0.01845874538147279,1.0161411459259813,0.8453438469900263,0.6170317573594423,0.590864471345475,1.0174405029512885,0.9765207630870497,1.0172408990277828,1.0176106612690652
-0.018108295584733577,0.15561496108736458,0.4516773099241101,0.2974286439744901,-0.020149852492714407,0.04200194908509086,-0.01951658143296101,-0.02023278522527428,1.019262752812605,0.7807487973323952,0.7819198302678577,0.6020877224952461,1.0192561443110433,0.9452167868233734,1.0195674438832325,1.0191307141163597
0.0137143740123625,0.23446296742926126,0.3296710229119162,0.43786798569516977,0.01289631442306173,0.07897894100651043,0.0124616097910255,0.012779630866271565,0.9874169016704203,0.8079806276725723,0.6128573091648036,0.7166657426323291,0.9862123022120299,0.9349720589989438,0.9860981707779856,0.9871198332324101
0.021263316223389953,0.20860154279987242,0.38038693758012365,0.4106477575925463,0.019893721821198283,0.10133167848171636,0.02013608243474857,0.018889707568353,0.9797247912588835,0.7799510725071992,0.6237321634572136,0.680141940874631,0.9791873888357497,0.9388777467927717,0.9801490468552361,0.9789172345148549
0.026047606749541298,0.265623709648535,0.37141730636778775,0.40837897403343043,0.026359114311306983,0.06694343730723094,0.025641108737390766,0.026559891476618008,0.9732672533241052,0.840292662829381,0.6288620025259117,0.6118995792728019,0.9727526617248613,0.9021033802418252,0.9741059372159574,0.9746215055623473
-0.006492280034376963,0.1402529262806597,0.3253012207710215,0.30346454236784076,-0.005459954410737097,0.05735145856772985,-0.005551828109052909,-0.00634491019942558,1.0055549830203807,0.758489038409132,0.6365855125875391,0.602942877547658,1.0059186374506424,0.9497565135100614,1.005904881067165,1.0050636219302143
-0.014234861566560172,0.18531145578287045,0.33897064369482555,0.33690894565746154,-0.014889570183247736,0.034667806630602815,-0.015192611022506037,-0.015624691720933285,1.0158101019348147,0.8069836385368486,0.6655255350943396,0.6360292735446056,1.0144410325478133,0.958997916011798,1.014855374730677,1.0147207997067649
0.0036426548355380593,0.13437915929962024,0.38085002795213485,0.348104306960434,0.0040483931332008175,0.09395965941900247,0.004277508003171953,0.0028945224286093633,0.9960633307813066,0.7362044909911896,0.6733330217232115,0.6060976983304298,0.9959736839125317,0.9543394584979312,0.9961838118158811,0.9962346175027985
-0.0066340236535818945,0.21633915589096894,0.39771133314995366,0.35455376435260827,-0.006699792738760515,0.07037719706422166,-0.008439734986838877,-0.006905297760335645,1.0067460501417946,0.8362970738431421,0.6990764327538659,0.6595450869956958,1.006728027839617,0.9799781928365245,1.0070660727746195,1.0075698486477271
-0.00304856280795429,0.19456055201153097,0.35225121926108954,0.3113987360857938,-0.0015484527225122747,0.07790233333809536,-0.002796764177493016,-0.00272299015711728,1.0021594028281253,0.7924212697067002,0.688281731322077,0.5721113182920845,1.0019637150067642,0.9437530576539415,1.001004713718931,1.0030076082806016
-0.011352090717100218,0.1639331688796242,0.3437423222008129,0.42226186060699666,-0.011901918636735141,0.03894787265637041,-0.011491082161559911,-0.0117886284827762,1.0116304568401235,0.7813621502486356,0.6621916528005685,0.6724188561200868,1.0108244780564322,0.9273733629685165,1.0129826590867086,1.0121611411032925
0.009108009417672026,0.20792952096068917,0.35783000169698265,0.38936143843524335,0.008864668596146246,0.0874756383198556,0.008507103093890503,0.00802681266093323,0.9902540345955018,0.7877691844060926,0.6614074226356874,0.647253623052624,0.9910386674248925,0.9441487684880078,0.9911356417118804,0.9911463388405898
0.013143256448953897,0.24795489801956905,0.3575428844992361,0.4592770549862258,0.014223319175407204,0.08752104705069826,0.013205256470012312,0.014408741730945238,0.9870585548862689,0.801903395204397,0.6299071446695936,0.7069649458610158,0.987008548582408,0.9286127024804198,0.986193614400681,0.9873530720333664
0.017468890327434428,0.13620347769377028,0.3584112467217781,0.3297646707058517,0.017492967722735037,0.05495062880835216,0.01696050893142046,0.016238669806825087,0.9824089629447509,0.7176293828621372,0.6480239209698736,0.5583480483862169,0.9820828845102803,0.9050427528142118,0.9833214343563529,0.9821158781458897
-0.006676477643680421,0.23728306140010852,0.3760156620032461,0.38422250312096656,-0.007758684462087264,0.06523934105923569,-0.007430176820360871,-0.005726986332357788,1.0069643279204488,0.8666903051990973,0.6972965206596866,0.6335222618979595,1.0071583201149505,0.9643668357978814,1.0065451318244818,1.008093559876519
0.02059820618894517,0.2518693589706536,0.37066754361222437,0.39395499068947143,0.020263316132009844,0.07363564128571673,0.019156652634461833,0.019258581779004,0.9792541663417699,0.8103149202196125,0.6550595977100035,0.6221931633945956,0.9798141642070588,0.9033598056178661,0.9791563756137656,0.9789382079404132
-0.006681212750308247,0.16028800361722711,0.2905640821378679,0.2977292870743192,-0.007294733424918924,0.06604420685035287,-0.008393777462836167,-0.008585198264239088,1.008360799183786,0.7961765715925238,0.6191391883124431,0.6198934098572524,1.007160240249068,0.9859055725304011,1.0080469165189812,1.0082441626517227
0.03278763337147895,0.2762803270863594,0.481249913114665,0.35535817128045616,0.032431179438219875,0.10390559629299237,0.032859857554392594,0.032154535553165206,0.966608641445555,0.8347739505918359,0.7208923037857884,0.5804361024388291,0.9666496203854621,0.9207491285559489,0.9677642897950959,0.9673611629454298
0.0064930089444870855,0.2558520741692564,0.35230749596675176,0.374186394720318,0.006457541592229298,0.08348951018136153,0.005739101560379329,0.006792097536372535,0.9925381056462321,0.8593608909925917,0.6468268430459628,0.5988065378953178,0.9939183892703971,0.9578031796325597,0.9938933976094638,0.9945616765647993
0.010231772704003694,0.1583352187834804,0.2755817343621715,0.3519964942417991,0.011286755151055964,0.07647641741647848,0.010156551472191364,0.0109703431944472,0.9888097702732762,0.7308612577363337,0.5923337343195025,0.6250673637800322,0.9895935391201066,0.9425508069035637,0.9897888037863645,0.9905079768446597
0.018903287736400366,0.21374093288469054,0.3413856856958817,0.3682458626628678,0.01886041236931357,0.1095931273063506,0.018303102661795034,0.01833636850934865,0.9814586747267776,0.7788116211378713,0.6288210590813472,0.6105978626263286,0.9814990051111976,0.9427456663216189,0.9821023198543579,0.9818981762888934
0.021859566601839353,0.2184953163321051,0.34191811705346903,0.4020060519814026,0.02126150658515772,0.07819732638176319,0.021143866455012733,0.020750816576488983,0.978769099583438,0.7779704999133206,0.6252573517495372,0.6396420979528525,0.9780638416325715,0.9093775330194102,0.9783707809835543,0.9785726147654731
-0.005307908471580197,0.23619945436331805,0.34774326999184907,0.33948137003233314,-0.004691962241605319,0.09136636453557347,-0.00518439646902834,-0.006701221333788706,1.0053292143928179,0.8472386375707952,0.6801349744087988,0.5927300460726834,1.0047938168192825,0.9775978518127819,1.0052242934206805,1.0046685268526157
0.036194250034997835,0.21649492903516263,0.2957987260338503,0.3430426011672543,0.037918785859193324,0.1305356854281922,0.03777362890218333,0.03658343381971867,0.9620805453877082,0.7707767104195831,0.5214420772849389,0.5792939762199062,0.9621762032132313,0.9358584116917144,0.9638599990967172,0.9619826406599501
0.011671291243153682,0.25838896284250784,0.35660969414427013,0.2784713722525922,0.011301440843185984,0.0785999399289756,0.010685027883328431,0.010529113332021254,0.988593562661045,0.8640562602550694,0.6259373911587821,0.5432794595732219,0.9882959470510884,0.9536951493333802,0.9885099170448476,0.9885046502030047
-0.016434188782907564,0.24181695002198872,0.3715231984430602,0.3917556008478635,-0.015679039770222978,0.049263961232860115,-0.015863011300531322,-0.015977479100742854,1.0159693300745671,0.8838564922692617,0.7070695186341345,0.6875590541019936,1.0159729509791384,0.9559452915973338,1.0170818532697052,1.0173524031212837
0.008139546443150908,0.20350651707208775,0.30562355883935016,0.31267778907283095,0.007805120270927611,0.06480411575507482,0.007610626229059533,0.00659332562846615,0.9916195931121987,0.7709881965990841,0.6121986168615151,0.5626706855469732,0.9918375140974593,0.9211006299575966,0.992062935535874,0.9910528863599266
0.02901359937697189,0.25458143491499446,0.3700536162789296,0.3791354826009765,0.02874553327377134,0.07260965003681819,0.028359438868646763,0.027750299065054686,0.9714694697962788,0.81107306929984,0.6589323881774044,0.6025353720562538,0.9712443262126086,0.9067859472879631,0.9721220496516021,0.9713350019230533
0.001423201700890123,0.20361452901540236,0.3515199809562774,0.3866059195447264,0.001183452410907811,0.044595821559205405,0.0006493174690687333,0.000920029211365799,0.9995704391454738,0.8267764578341897,0.616566885140639,0.6013921996866864,0.9996724188017304,0.916090768290424,0.9987421479654752,0.9997566987524514
0.009182678271783686,0.1965545048098544,0.27836867764215284,0.3920421488368031,0.008769239889260245,0.07073273048874969,0.00913591426262103,0.008913731869796469,0.9917681035637725,0.8003754204695586,0.5635460858253509,0.6427412249102715,0.9913139263824804,0.9468096539320494,0.9919136285162347,0.9917027077098095
0.017628996814248423,0.18254785338546922,0.37193268857402306,0.32216789696248316,0.01827113016985135,0.057241981212472606,0.01942896075282114,0.01797843125576343,0.9820082049673061,0.7523491092589923,0.6373177117410075,0.5847352989215242,0.9820107777778161,0.8801031177631365,0.9818656316331376,0.9822059842595192
-0.0031767811143021186,0.20110688230457766,0.39331072206011697,0.3467561262701603,-0.003556873849290717,0.03828978256544977,-0.0038266606670716804,-0.004564382285045333,1.0027112458802787,0.8117405479621252,0.6947056916318166,0.6403496856222828,1.0035577575667205,0.9406845178379719,1.002629575087216,1.0024104755127077
-0.03137615329328525,0.19759102848917637,0.31162531441474306,0.42156199157337315,-0.03098718095227553,-0.004487660787819821,-0.03113006286220338,-0.03112115354920173,1.030376892225062,0.8486198525780217,0.6294347455551803,0.7239116922120552,1.0311682896970986,0.9064181102122261,1.0316704197048012,1.0321913498603896
0.025146191445298668,0.23690217119725243,0.38606249469715626,0.3457494983500303,0.025143464890535688,0.10616124922666381,0.02553189666854913,0.025277986606741604,0.9750893460518055,0.7924105070907399,0.6625035113720513,0.5896959968857536,0.975264550970384,0.9232445886224485,0.9756846339661757,0.9762838642944014
-0.006276365387643655,0.252089134505516,0.3268648302725857,0.35537567355651306,-0.00596809464181653,0.05967913171318229,-0.0069958889462578,-0.006549282920915259,1.006278834220856,0.8668991161425266,0.6340601366707147,0.6370399645577058,1.0059663744037965,0.9621611986512527,1.0057081225583886,1.0061147220945952
-0.022274875591447838,0.16070203518089485,0.39340233797414553,0.3821046606189867,-0.021170839465507723,0.01778136671807438,-0.021104684196959735,-0.02178515114476419,1.021424526465581,0.7896752298541617,0.7187940187984474,0.6533600293968624,1.0218874932773685,0.9340949793132488,1.0227508032911063,1.0213390154877446
0.02036880145936256,0.21964701276700915,0.4039413896238248,0.4195576550560465,0.020153910365497286,0.0868832470904328,0.01943965746640389,0.018650517964508662,0.9797389586117908,0.7983295259178784,0.6711941461449021,0.6708511595288758,0.9809418799549439,0.9266805397115898,0.979524043289146,0.9790854431545009
0.023484467366931362,0.2345248123538751,0.3322055714001787,0.4282812410825482,0.02261630954654483,0.05762565025576361,0.022924192309504394,0.022808181929063066,0.9762959640463216,0.7975199916112606,0.6148582410709131,0.6754664906191974,0.9778503186904519,0.9023301482522368,0.9776502107387776,0.9776847966215358
-0.022362644172018154,0.19195590776584662,0.31299629755000113,0.4122422910534463,-0.022874178689517702,0.05351443222706311,-0.02287428545434135,-0.023134601836021583,1.0220052637913681,0.8453159921342469,0.6663692373531565,0.744991046012737,1.0231194768027767,0.9836222492618305,1.023222890904155,1.0227364645111179
0.01888843706887941,0.18594130998500152,0.34009605500135687,0.31276692413790363,0.01924158647483335,0.09252536511304774,0.020046095105830657,0.01881109600728596,0.9807783745019313,0.7678983587513358,0.6034368484690001,0.5462128695248067,0.9808569028357887,0.9253195624298735,0.981787755140084,0.9812791331970337
-0.01686336452982469,0.25298494118812775,0.2841568813060088,0.3263604253093621,-0.016155856959147893,0.043620720921325726,-0.015333915851722882,-0.018424022896847195,1.0168386332850186,0.8537630991382308,0.6314759665203131,0.6319504338452209,1.0165996567567346,0.9668295652983612,1.0168267085632718,1.0143115376525929
0.010617605352506722,0.2454651231661898,0.36460843025325973,0.38533236052919734,0.01076821734325577,0.09599194973984451,0.011650248063432837,0.010526027555769552,0.9886220572274171,0.824511563289035,0.6598614125609874,0.6458365457880718,0.9893598715123615,0.9717475634638332,0.9902583678300615,0.9896654689885555
-0.019940745357515405,0.22667669405093158,0.3945075463814101,0.4195789468817586,-0.018961186860584588,0.06423643716529356,-0.01975438569455459,-0.018896530092665204,1.018685606920267,0.8730148437708733,0.7401497277940705,0.6902865673253465,1.0194747225091088,0.9782907367829693,1.0186353947928544,1.0203968992581267
-0.01153698996188669,0.2316812522541845,0.3595533221296173,0.36303905890836236,-0.011082118745140715,0.061004031915144245,-0.010866815192455541,-0.011190320674549954,1.0105751266052427,0.8551179237988464,0.6869592668129638,0.6532373782221397,1.011728476583465,0.9727295583058647,1.011861195210632,1.0110832705954391
-0.005104359301865914,0.2111852334953779,0.3434900540650981,0.34702825179809516,-0.00451226563663474,0.007804804829714898,-0.004207558260657596,-0.004187805829488404,1.0033945476587922,0.8305050907836431,0.6204765189550527,0.6261111403793698,1.0048097428675764,0.8964406815475707,1.0053872283735243,1.0058802940514695
0.0041423035910217116,0.19375786491617566,0.2820928959360071,0.3593217575793799,0.004048925617139921,0.03897696649791645,0.0043376838905100825,0.003977049645624863,0.9950779656690457,0.7933818305070889,0.5936039956976853,0.6270332790502058,0.9957614834043729,0.9234773552594577,0.9950288078772366,0.9950781731612924
-0.04158351789441078,0.1404441710921039,0.28125660967842414,0.2864836801297865,-0.0425536334703533,0.01571434530444777,-0.04085980461359861,-0.041627161560224626,1.0406680472652345,0.7994854093763188,0.6523547280516604,0.6065979699268963,1.041856846225704,0.9544391177913156,1.0424552156901234,1.0425951753026117
-0.007380469391347827,0.2054812632885499,0.2822899482419911,0.33889909867124435,-0.0079091309663227,0.004146443067142466,-0.008370315283774486,-0.008594449453851521,1.0075991498101642,0.8331753461035699,0.6163567496923992,0.6225618645078088,1.0070966851265473,0.9158551431964231,1.0079479382677896,1.0085716448173543
-0.004265099482032158,0.22859358790130904,0.30546031633857745,0.41283690814530394,-0.003986906812730089,0.0666183208125873,-0.004554596251844865,-0.005425384187831007,1.0040108079486214,0.8402355434790435,0.6123339433199045,0.6549724899424441,1.0039999714481662,0.9487327243816678,1.0040144026536049,1.0036752149717652
-0.009509071282830458,0.1376297225860724,0.3148339353848438,0.3822051239105347,-0.011063238808601735,0.012528901631969017,-0.010915848028588412,-0.011267902112918353,1.0105912515349595,0.7753460587068836,0.6357030228377886,0.652292491535061,1.0109778896093768,0.9274326088836001,1.011673201107642,1.011057269632371
-0.004107828168773035,0.1753329167296837,0.3639532249372808,0.28172799320220904,-0.003508372752590567,0.05551661921169895,-0.003511729708038787,-0.004595019711929529,1.0035400210395597,0.7919052173874738,0.6550758695298169,0.5641943605802079,1.0042837659589638,0.9396981420585295,1.0046551748731152,1.003600570072492
0.020296757133279303,0.165378778291638,0.3500345463150522,0.40935843757047624,0.019967482192339098,0.10460575769261067,0.020041282236402076,0.0211920533039282,0.9801762583108516,0.7330089331249039,0.6209309220488604,0.63840975758086,0.9803324736691592,0.9219769740482587,0.9805177852500251,0.9810843078326931
0.013173851561310065,0.18580367788334495,0.3548698065084689,0.30870540195962276,0.012375373456171462,0.06829642227364405,0.012433471959273414,0.012317626181378181,0.9868039765568825,0.7623022004663629,0.6345219420927735,0.5473678191941524,0.9867840594521067,0.9055200854808216,0.9864153842034172,0.9870649121242195
0.010555752404327651,0.2333444307854953,0.3053559525932854,0.36784289531406056,0.007989376932974452,0.09906640778976795,0.008282490024337574,0.008695738536894317,0.9906926391775905,0.8154424189574802,0.5844503487385835,0.6270979052495798,0.991287358044622,0.9344311633263381,0.9903793936789644,0.9903241326937704
0.03340296944534353,0.2604895515990871,0.39959712591567614,0.48948903995076704,0.03425034210134597,0.06179229951798169,0.034787873841714625,0.033936431292943665,0.9661920789512166,0.8049463280636245,0.6431137763387691,0.7090207403253683,0.9666888271152199,0.8806382779921382,0.9658163438888163,0.9666500303786226
-0.009557123855952195,0.10571804928288174,0.4037185899456296,0.34364143224004984,-0.01058676329277505,0.04399941646862245,-0.009876599853166239,-0.00982685249165511,1.0106092504043067,0.7323653983396541,0.7056004219974269,0.6272559324094422,1.0100678136646177,0.9748581349647888,1.0102098398133978,1.0096140362853023
0.0014426372107293254,0.23023580746198055,0.28097359017107393,0.3943921921020693,0.0006728886867497074,0.06312697758490066,0.0012894665702139667,0.0012217872315714025,0.9983043954255201,0.8307204980135418,0.5947575874301302,0.6551336166689498,0.998568811158023,0.9400422251584571,1.0001931814524294,0.999425119609644
0.01699097125053922,0.22253298141078848,0.36056904310160615,0.46354459555401356,0.016197249004788646,0.09402541189667726,0.01696269311823053,0.01564890064182333,0.9838953824783798,0.7849095229023805,0.6555256901596564,0.6967835511451597,0.983671424089377,0.9246274771051008,0.9848372856643115,0.9840079089087836
0.017698686581370006,0.19062013548772855,0.31083027299324595,0.4477226124786718,0.017350999174713024,0.0732606493855569,0.016975055514978906,0.017250870953326992,0.9825013592870615,0.7855161192252609,0.5551292474838553,0.6998256011101687,0.983740911264211,0.9069140664365456,0.9830389019452572,0.9834252327833085
0.013621965637391148,0.20585062696443582,0.3618047746514743,0.3504129063839228,0.013001061122911856,0.03930958296561404,0.01295530275642123,0.013598824193729396,0.9862627347157902,0.7864745421131254,0.6460458942854033,0.656316596983963,0.9869273092765126,0.918106138943572,0.9865776195586139,0.9878578592036276
0.005960611497674378,0.17714690026592253,0.34448197667616043,0.39897458079768894,0.004882692272076968,0.05342931975580468,0.004721057315280706,0.004608642009149213,0.9945727826950577,0.7876318954356794,0.6144705366068948,0.6642136310382137,0.9950839635976376,0.9410564647772525,0.9944049614470776,0.9947716109560298
0.014153658331357628,0.21705992980972907,0.2800688995712314,0.34786328691834023,0.013949963905217168,0.08085098663566112,0.0136226564679484,0.014366112494805645,0.985951688371724,0.8074386901205612,0.5338195577856087,0.5981463398022361,0.986472507568577,0.9253715703817644,0.9867494107800419,0.9873179620778004
-0.040867507386078944,0.14508670549507435,0.251726877022587,0.38455234280662054,-0.04063595995694843,0.0741767484189485,-0.041397315711749746,-0.04029344546919285,1.0396835828490374,0.7938741882036425,0.5884693939481542,0.7019266126612496,1.0404784478123223,1.0140962952314323,1.0388800758838506,1.0410863993087085
0.007025278533239603,0.23599322203155026,0.36064058999337617,0.42797971525414336,0.007755154701549395,0.09387062774292657,0.007740881667018433,0.007728061388486045,0.9928626538130343,0.8213878692203456,0.6525798579113807,0.6745770581316053,0.9920797941734807,0.9504446542796515,0.9922097141547708,0.9924566226529957
0.018900034084094647,0.22390058398198412,0.3331171957893442,0.4489201060135984,0.018900114647346554,0.10174498210598787,0.01853835310588619,0.018027501438030346,0.9807394006302186,0.8161860238876593,0.6006396160521361,0.7101748590847026,0.981031107382301,0.9563003359785613,0.9807599300631549,0.9803620109377248
-0.01789984914748113,0.1976331703460829,0.3720622497969965,0.41811902907574694,-0.017487953787691454,0.025200555547418214,-0.018626798620658733,-0.0176547960617577,1.018370294621262,0.8330930331182559,0.6745902436087892,0.6897439024372986,1.017326703173858,0.9193453468568902,1.0183679157042294,1.0188036342521065
-0.008633689124312116,0.14918536364518103,0.30570135711388813,0.3474454320707279,-0.008821142482185589,0.07020979744008506,-0.00884824480054658,-0.010455558684570637,1.0087945965651497,0.7692057649353768,0.6202759492160299,0.6366191115030626,1.0090929420249828,0.977655458767553,1.008724719586782,1.00793587735571
0.035789190116610005,0.22809851844272266,0.33856461227923496,0.39756072174165646,0.03589835161770851,0.0860371135495002,0.03550898153098086,0.03472479395049593,0.9633416560480635,0.7991102700932302,0.5632149961158861,0.5995248120877309,0.9639694819227067,0.9061021922089133,0.9641106050016646,0.9642206848893256
0.007300125900646975,0.2687932209316511,0.3910236528100937,0.3444068485443513,0.007816432494801852,0.030650061666826763,0.007206375303585582,0.006970017012323043,0.9922565640082017,0.8673851030707663,0.6885712882776739,0.606585688594083,0.9920970282891054,0.9241970431211058,0.9921613329298028,0.9920837140447991
-0.04283610519271452,0.10502383025772638,0.26276078227050265,0.4320127667191896,-0.04311803628142837,0.04225924339108366,-0.04240700182881604,-0.04327870498123147,1.042853884480196,0.7940877765528908,0.613557535265167,0.756242785743106,1.0425052365031044,1.013855710281696,1.0435034927870488,1.0430260056390632
0.00896581445826464,0.19087198225991406,0.3748387465137197,0.335667106147414,0.00938646280132025,0.055258499118588704,0.009451539802824708,0.009101473950184485,0.9895335086452313,0.7700869732839863,0.6898322223972901,0.5824843847781785,0.9900442807882339,0.9357482951966096,0.9911900881100293,0.9910759541263984
0.023835275861253714,0.22468940810779384,0.3407266683859601,0.4107844186361825,0.022699986173623867,0.09033337030705184,0.023185777710278205,0.023356655809907534,0.9764892479845896,0.793714276032465,0.617694744845751,0.664609239182772,0.9764049123014409,0.9345382664883407,0.9775478221523021,0.9772296110314224
0.014220702992286704,0.2153369672874982,0.2845696216004278,0.315356213218376,0.01544046043614891,0.06209835285591278,0.015397881329831258,0.015862138701827084,0.984675269674655,0.7866692747284134,0.5809560014814596,0.5296926465649523,0.9849116410474551,0.9179743421719871,0.9854437655997094,0.9853918341312669
0.017668751603106724,0.2315626625143783,0.4553351600474527,0.3635212881011472,0.017016572331606087,0.07796625347183277,0.018053698740618122,0.017765356579089533,0.9825598349668686,0.8023359611464943,0.757838594356064,0.6010326072209763,0.9821431132062844,0.9308127751716322,0.983627410958679,0.9832824443299604
0.017766971157632892,0.25704445038133417,0.3434567498714903,0.24883642948940712,0.01733748654233876,0.06836644566214027,0.016445580628204674,0.01722757511288586,0.9825574161544115,0.8397419995225766,0.6057939516434396,0.44922610180443334,0.9823353401047238,0.89540469362734,0.9817999165727483,0.983109049630927
-0.0005516864721317678,0.17964564647112402,0.3471398438231447,0.32529467139328977,0.0008538438776532111,0.024590538513562066,0.001191651935411597,-0.0004185692233694708,0.9989058251894345,0.7881296831515247,0.6435369956236128,0.5886578292280156,0.9988340453920368,0.9059888973651866,1.0006119083583054,0.9988389435494431
-0.0026698760900763395,0.1855332323546809,0.42851238940685676,0.2866584003745319,-0.0032318903882431476,0.04402242755171319,-0.0032613633090208534,-0.0029929729007082155,1.003140059118376,0.8277211996645394,0.7346790838373951,0.5388326044447072,1.0035671528825154,0.9405336099249866,1.0032742449176193,1.0041989979138444
0.0030354866530974698,0.16697387715296486,0.3699238463586185,0.4285591549217113,0.004514932956668576,0.0419260610490851,0.0034351770150558474,0.004901266896168576,0.9959239935942936,0.7884629692950565,0.6865456735449856,0.7000724086138068,0.9965230037973426,0.9253273740761134,0.9961879310639324,0.9982148854866644
0.013242109114330823,0.201330030600481,0.44961521432422485,0.3825646278943115,0.01284007472012264,0.09174500456917546,0.013105265263894203,0.011871315324163405,0.9874974813789578,0.7937525181441331,0.708463644204246,0.6668423322386027,0.9869251514380954,0.9264194512107093,0.9872100984429399,0.9864822642512338
-0.0042452658843938045,0.2388886764108921,0.34211291052755527,0.3125967138262084,-0.003461432862226771,0.03243151011262865,-0.0043527369655348685,-0.005261613460000943,1.003934935246501,0.8566577163435659,0.6712842337071546,0.5710481582061416,1.0036297606932125,0.9261521758796786,1.0039769576518665,1.0031573167247214
-0.017420237859049278,0.13748029367367587,0.3932464888258347,0.3906566882907892,-0.017651037137996935,0.06683399591165003,-0.017052201451143636,-0.01820130761032047,1.0171303298135,0.7998191519686813,0.7131019734888364,0.6925276614365177,1.016826168972729,0.9839508509906588,1.018378921126291,1.0175306692224233
0.003762895435944232,0.27753334024501963,0.4165714656125732,0.34079769015406064,0.002719405001839603,0.06440683310134594,0.003235218585697087,0.0020925376565230705,0.9964315813516367,0.8850472464648838,0.7202939258838919,0.620516550651167,0.9973271587884975,0.9378544071949602,0.9968137829803835,0.996346214733448
0.02721533058545876,0.2585104035052163,0.34192382060314014,0.3624824001964755,0.026875567546706475,0.09826108885056584,0.027004413524650658,0.025912253655557944,0.9720140995481378,0.8277564262485378,0.6265085227213179,0.5858499336392232,0.9732317114762645,0.923093923748011,0.9733077624028659,0.9725481888172304
-0.026640237594495346,0.1965678598258841,0.26951865455373325,0.3363583603379092,-0.025975745363924697,0.016537469386179202,-0.02550298444986382,-0.02625779027089338,1.0258357191983414,0.839974420785558,0.6422107237776693,0.6431491707701539,1.0262721220627915,0.9534603074796895,1.0271570299580532,1.0253271191919318
0.015982168710397704,0.2411726962333152,0.3809328320052684,0.38579454254632706,0.016401740657082328,0.10308052738905471,0.01509474983851998,0.014717628708385833,0.98416641183032,0.8474056319713615,0.6309531837818203,0.6141209967563472,0.984777017402939,0.9350714753599473,0.9829719815178884,0.9844562256512779
-0.005017038095192346,0.17919089877889094,0.3750436886947187,0.38375349928900393,-0.005035132252686818,0.09201971915165609,-0.00409693841471262,-0.0051903304249584685,1.0060580991296726,0.7943860283928901,0.6826274525458056,0.6831141587407921,1.0054757386183304,0.9814600489203982,1.0063023652759753,1.0065925929937962
0.008034388444917252,0.19821390921950993,0.3616275012688345,0.40103504388978434,0.007870925459322612,0.10486928206456997,0.007829268149791114,0.007439632213440982,0.9912220640807715,0.7650109302294733,0.6742560622985039,0.6445109626520287,0.9918003390480388,0.9523934023584635,0.9919759399690351,0.9916781414974943
-0.022229009625326455,0.14107322014448068,0.2848334376375712,0.44193693508656745,-0.022157495849381568,0.0653466896732801,-0.022117769873500226,-0.02249566080602,1.021647664826276,0.8149438521517769,0.6080766150158845,0.7139426557238622,1.0221339851273823,0.9889973242889517,1.0225333502646565,1.022350092779898
-0.02379058515483385,0.1914613957612458,0.3141114472210371,0.37908072588196057,-0.02422075327009198,0.03508306517844574,-0.02351853375143422,-0.024418652002731904,1.0237832039036314,0.8447522020182194,0.6524063900433863,0.7165217911475892,1.0239513381747893,0.9747803170871103,1.0247510463556726,1.024244454063531
0.0010258019402074707,0.2128234269735804,0.30895228963366794,0.40994089884382695,0.0014540537772582453,0.06311916922754995,0.0005327119710871329,0.000913450723690102,0.9988652889069686,0.8037459735292498,0.6011290000680669,0.7361645645072877,0.9989899884039737,0.9392204720578488,0.9982672617685023,0.9986973380412687
-0.01429728148533271,0.15132658850324393,0.33428222180707373,0.3619753489074032,-0.013726393033104576,0.047491343699930556,-0.014470693136345917,-0.01324062726732825,1.0129444005038446,0.7887943862749615,0.6667484969399058,0.64443236923654,1.0140764128752802,0.9498794240598957,1.0141946640539563,1.0151890169875464
-0.009433388347589406,0.14547167465187566,0.29025539259039806,0.3478902016772308,-0.00985914289588448,0.08055338383845073,-0.009796441723449931,-0.010780720145181978,1.0096207354718316,0.760335992725079,0.5840449137753472,0.616535529326127,1.0092699533653,0.974460161923888,1.0088087409670536,1.0094528933117324
0.0155664919562802,0.1479977755554634,0.35863284992953764,0.36621742257063616,0.014882356944255928,0.09623148181454215,0.015499188257176316,0.015711394622210828,0.9850678433633963,0.7435093635298449,0.6482684699901009,0.6067327003640586,0.9849696902260563,0.9327790508081726,0.9854966444979182,0.9863224111102414
0.02874538400893245,0.23024200035565878,0.40324609660757904,0.43255329764929445,0.029584816031967793,0.08039030807264674,0.029024980200832686,0.027930758657801973,0.971494217598798,0.8000163484603273,0.6258116555834635,0.6412984337418423,0.9706213605035043,0.8767459580456268,0.9712790912216985,0.970849912944511
-0.01190081235427543,0.14113396074299797,0.29127025943830154,0.3553823715602729,-0.012155274023528005,0.0733600562723934,-0.012909116128912374,-0.011286332757126184,1.011499475677468,0.7622044305150404,0.6167771178323467,0.6624137100258831,1.0118299642344837,0.9984322212984641,1.0125619872433684,1.0138667104802095
-0.026284799219118495,0.19453173264971424,0.3687210181332414,0.3519765814944836,-0.027435572912638723,0.0455641483388546,-0.027275935136455036,-0.02900773339559521,1.0268974516787657,0.8436007077592191,0.7206831827604927,0.651345588647646,1.0271209784666102,0.9740550185361755,1.0278999429715252,1.0261265566681854
0.01841174484377761,0.2418433005168099,0.3223109769694999,0.3535770015778659,0.01855474538326961,0.07164089989654418,0.018541118044264848,0.018426059362909714,0.9801087407206266,0.8042226163048084,0.5879256052985935,0.6022084163016963,0.9820190957398675,0.8956666163112453,0.9827005836556034,0.9820218719937885
0.024381254441080493,0.21363588766806216,0.39801204118297157,0.44689178014583764,0.02411533282542053,0.07185706875822165,0.022623265755124522,0.024544176182003462,0.9768948758709394,0.7912340453001754,0.6508291743048311,0.6878013663074168,0.9765306763576282,0.8931021559929054,0.9757959834447973,0.9771576707489952
-0.009597766635636395,0.21048423426282076,0.2691417861322634,0.3346917078109704,-0.009549514860990465,0.043110296972387635,-0.010380339218458308,-0.008387499332854579,1.009761990530453,0.839346911699032,0.5897643004258559,0.6133789965422779,1.010196846107737,0.9446228783852835,1.009489196118475,1.0123235337710539
-0.01199461399290876,0.23185586401636138,0.3101833623786443,0.3115609467285313,-0.011970764345860276,0.07288867829798996,-0.012800641570875385,-0.011211551946151244,1.0116812642920336,0.8529031236612723,0.620989636398527,0.6091138788000896,1.011320982464715,0.9828552800313176,1.0128556101750497,1.0136927459426455
-0.00290005524597753,0.1297583904387182,0.40795267668478735,0.3348171237334474,-0.0028725209198171443,0.0628110865663263,-0.0027547654954855074,-0.004784688391693942,1.002699145117598,0.7558850011474865,0.7167489954193018,0.5862437958284723,1.0033168194065638,0.9410644995157988,1.003721501221084,1.0023411009704415
-0.02099821975304612,0.1326736793624037,0.3525358785714191,0.35559299245673487,-0.022093976072312622,0.04243782613856213,-0.022052952362070145,-0.021682355424228122,1.0223472768542887,0.7761142292921666,0.6949961045895785,0.6755417889390738,1.022387724668878,0.9704217943801481,1.0224874720317878,1.0236870211338174
-0.020931163241605186,0.21737258595458153,0.3475738404939517,0.4041580641585905,-0.02108855558572727,0.06384326623893241,-0.02111270630919274,-0.020302718464628482,1.0210537607397023,0.8543408727079651,0.691435564823245,0.720761294874888,1.0209865040640305,0.9741264502312922,1.0197880991245873,1.0214674146850904
0.022310275780040936,0.20659806063086775,0.3808642913183748,0.3543369227824369,0.022432179828474938,0.07790618239495306,0.021937149167034962,0.02219953977276441,0.9778140245052592,0.7486261485535404,0.6205782400231858,0.5823538128532045,0.9771309821107848,0.9041478759983881,0.9784993947887196,0.9784496654698781
0.011291633633323393,0.18338943135551578,0.42517007345583796,0.44164677490741533,0.011675711065040284,0.05520842227775735,0.011439738205833284,0.011201927260929978,0.9875653757217173,0.7897515922830778,0.7284186194088467,0.7015152039437236,0.9891048832959916,0.9231867881443669,0.9890986428644959,0.9877934997850505
-0.025530409737534447,0.1271356378178057,0.30611765879160585,0.41089921656082906,-0.024794173544464414,0.03218898912326335,-0.02426837833802328,-0.025661808297646086,1.0249079452141627,0.7693283098045839,0.6485389952012137,0.7039403888747638,1.0248394668034748,0.9651514797544392,1.0263891287389826,1.0243699703775588
-0.02030070135341371,0.14609101816178477,0.34083022286792003,0.32461831547519765,-0.020490816226583993,0.05321871094657096,-0.02055261440120988,-0.019921072042874594,1.0196338755670626,0.7778662847489942,0.6891835748471188,0.6344721052367615,1.019824637139563,0.9552459502083507,1.0199905181211666,1.0221352568516018
-0.018514008918137776,0.17777438498444764,0.3201133768814853,0.3741172397294987,-0.01870344421293584,0.049497877495053945,-0.01821256537602442,-0.017578651295044635,1.0167539075892404,0.8071031482824513,0.6485508957459625,0.6542647223907971,1.0184763864699422,0.9623982230122258,1.017840415914797,1.0187557651865975
-0.0008147522706907003,0.1133450765575005,0.39401835600838114,0.3886709955366142,-0.0023877793483951886,0.07533995083985685,-0.0016129112880086663,-0.0018520481475705198,1.0020575492414086,0.7754651445548664,0.6804180664378965,0.640756625171025,1.0014855409138004,0.9602376059354342,1.0023370327682621,1.0017877425734358
0.00880036222207137,0.16285937319126972,0.40362725785509607,0.43539860594253865,0.009014330314759735,0.11482526435490896,0.008761371613387995,0.00840989301272299,0.9898016199225881,0.7570573046544554,0.7178528451558523,0.6734701642428926,0.9910824583474931,0.971999957932825,0.9918244088831824,0.9911304469291536
-0.003036960694188471,0.11887358385865733,0.3975767791403449,0.42662959827608715,-0.0033106131049287684,0.058455802999653916,-0.005314313698740856,-0.004140154509838771,1.003916111815806,0.7417423590545829,0.6754055895249051,0.6800469175393127,1.00293262054112,0.9467433789546018,1.00317959750718,1.0031164881317365
0.029712726928395362,0.25591149752419895,0.40595249644685566,0.2821355807433377,0.028549599983055875,0.10303728003455198,0.027857166274435255,0.02788801916792837,0.9718297121678109,0.8186050134103187,0.6533366567083722,0.531010794415041,0.9709001977123938,0.9222443639501325,0.9712570341032284,0.9718716591999035
-0.0013023066620911421,0.22787834996494497,0.3372463738988261,0.37340753758454026,-0.0018397107717666962,0.09231272082970284,-0.002377396871438161,-0.0027546496792079547,1.002173545158584,0.8340645138938527,0.6362669729244567,0.6752899595936771,1.0027338353006776,0.9939987663063987,1.002511050898723,1.002306174311375
0.011858806812630247,0.1218722318402651,0.3162534603618727,0.34933289625663083,0.011499366436798985,0.1343411644295197,0.011458109890985316,0.011606594296206432,0.9884884022371471,0.6821669906493624,0.598548727262182,0.573699586000926,0.9884702623160248,0.9840068950606612,0.9877630944392879,0.9877622475619262
0.02416778350032306,0.18102962354997681,0.37632433604009463,0.3377224111375944,0.024112289714098373,0.03681812840411444,0.023140929568649597,0.02420637600235394,0.9763397589962123,0.7368581723623784,0.6578903129953262,0.5840826550197565,0.9756684277389144,0.8679148828960384,0.9755209935123493,0.9766889811674517
0.00631825253197909,0.16235229518562067,0.3463391819722512,0.3779284680435773,0.00661000132100508,0.057597039195771506,0.005855116421464975,0.006284837156574382,0.9936181254924661,0.7430131732558266,0.6582987974127281,0.6177728009756893,0.9938914863317598,0.9403292562057143,0.9936370138801779,0.9940950880272622
0.006562704104876875,0.16978464326604323,0.25252882287671835,0.42216941473188213,0.006749847867620043,0.07889818778683697,0.00720466088253578,0.006661042755278248,0.9933392249222563,0.7793279588540856,0.5512419093367711,0.6690239823382438,0.994413010737798,0.9594412437603554,0.9943012033807397,0.9941700449269391
0.0032104503561730608,0.21270567513239322,0.2942545151052011,0.40318676448862034,0.0026490217431041855,0.05281495590824066,0.0024522833600214215,0.0018713415164274948,0.9980870837057727,0.7997370988337318,0.5894136985925034,0.6681516522288463,0.997679175649044,0.9272830161622511,0.9984492000354841,0.997316100783268
-0.06029889857199269,0.14618777910154562,0.24045725950828128,0.25938919948851535,-0.060958394175579945,0.0022815600394823256,-0.0620205369588721,-0.06275194288412803,1.0609884708519497,0.8423638179716704,0.6006377737047057,0.6415262075214188,1.061929380198172,0.9963597690231601,1.0608757750720095,1.0599490191317
0.010934369309899772,0.16454980938208233,0.35311430760185614,0.3351892098100863,0.009894159726486213,0.10297930330877893,0.010482348598782686,0.012095269993017415,0.9884887470884945,0.7447427168173608,0.6493346952064425,0.6220305441952756,0.9892996445420146,0.9630371023178514,0.9892872325562251,0.9915593205056137
-0.03045245576582391,0.2207576743862889,0.4151366007481815,0.4240643260038317,-0.030322782471265478,0.07423395827611305,-0.030438769077212702,-0.029401739492682065,1.0307168965851394,0.8778467810639675,0.7585112018247935,0.7152732177375575,1.0304401363411682,0.9990534628188038,1.0301564340117937,1.0313767488398087
-0.03502607470215091,0.20654673997476033,0.3056293583560655,0.27833413672069207,-0.03479360373835546,0.008777317057119897,-0.03436467795691708,-0.034224543797044454,1.0344921393168927,0.8740440009496185,0.6360127482987914,0.6185319885676104,1.0341057476766278,0.9506233165848772,1.0341393501719567,1.0343162596237807
-0.00954014304502724,0.18795822663136544,0.2582213947594163,0.45133443916340976,-0.010492855083318557,0.024704935755735243,-0.010907790230535971,-0.011618750041452276,1.0104737352271587,0.8264941766353232,0.5853117398744372,0.7125299876370048,1.009645675712852,0.9297980409921001,1.0099120823548418,1.0095267602765705
-0.01511791174285726,0.15726039635480818,0.27027348144149316,0.35197099199511167,-0.015217886238202834,0.050801123178519196,-0.0160118427438286,-0.015371380386785219,1.0147170856536516,0.8059125905613681,0.5731746848401913,0.6324628506296223,1.0141691369740553,0.9497510429688061,1.014906377337539,1.01501850180997
-0.0036477747029606605,0.233348837888142,0.4063096600917211,0.4599131400401868,-0.003098806994255739,0.11353773437991942,-0.003475469029862687,-0.0032936452451225746,1.0029344776954108,0.8395951554277259,0.7093159847772428,0.7250987182530637,1.0034151373545075,0.9861279473369222,1.0036490617197775,1.0029611883602605
