Current density (A/cm2),Voltage (V),Faradaic efficiency,CO conversion,Crossover rate,Capture energy (MJ/kgCO2),Electricity price (USD/kWh),Membrane cost (USD/m2)
-0.0004043455845319714,-0.04014822936301256,0.05383734762412701,-0.0916525048912905,-0.0005722573172333093,0.038900358380238996,-0.0006112200271953857,0.0002468292496299873
-0.00025823397764014,0.05836176528583367,-0.005328660270603858,-0.07096500420842594,-0.00033866910704647855,-0.026288093483397394,-0.000936330211421679,0.0003044966451436412
6.048264620075799e-05,0.09392190684963833,-0.060887279722146026,-0.02692374634241318,0.00015968121909170225,-0.002634190798413025,-0.00040510608846783117,-0.00013223734687839737
0.0006531171645127446,-0.05167409032309429,-0.05771547192023436,0.012604707827097597,0.0,-0.04729688481744786,0.0002335080798972211,0.0
-3.3846670497592046e-05,0.01589962031859131,-0.05044944688770805,-0.07161942782694201,-4.434616481370611e-05,-0.010988756705460541,9.432843179073486e-05,-5.336892750698516e-05
0.000880132029162732,0.02122023559287253,-0.00600850321050809,0.10535415261490035,0.0010602761045717278,0.05199319001963088,-0.000883835246774517,0.0
0.0003736482512725237,-0.08610326877932652,0.03930610151500976,-0.015027884537657691,0.00039029855993653125,-0.0352104648058709,-0.0006213334206784265,-0.00010286472379603118
0.000781656049570603,0.056190621607453285,-0.059357661581583954,0.1400835415433796,-0.0004710633155465254,-0.05386877212956598,-0.0001717931920187703,6.109494425900197e-05
-0.00016823117935741488,-0.03236215300391375,-0.07868614773774196,-0.061366737776174914,0.0,-0.024778037720575928,6.176923692319258e-05,0.0
-0.0005381662653950772,0.000164409539116242,-0.09200355247568506,-0.05658640665807963,0.00016826089128151945,0.03680436081048033,-0.00023857845754422384,0.0
0.0003092780625640901,-0.005560776025328969,-0.020720518902179852,-0.03320369175301167,0.00013861549847046795,-0.02422123021929643,0.0,-0.00012963626366357457
-0.00015346039813154966,0.07385526407035581,-0.052472961014707484,0.04771227349716898,0.001230595664541862,0.053477348378477764,0.0002126667350564764,8.21170571622451e-05
-9.308151475492799e-05,0.06371380504317754,0.10829853668736336,-0.050348792099877304,-0.0003894786468525597,-0.02211212545416407,-0.0013910970758205707,0.0
0.0009137398538747043,-0.06753930734254325,0.11968221486426527,0.06508270527647146,0.00015997002114401384,-0.052881116849490074,0.0008761030426699043,-6.275153578963466e-05
0.0003250447874230125,-0.046653397171414375,-0.08357941676364598,0.00449240303788781,0.0002996541646571296,-0.036471194860016216,9.286762736629428e-05,0.0
-0.00015885596189458648,0.08058804118466793,0.04315907351731387,0.0013960297535495789,-0.00011156319696903338,0.01873763342243261,-0.00033484300965078904,-0.00021646999469911916
-0.0005934848382031609,-0.07791052728743643,-0.06226972342391816,0.012406972634732307,-0.0005994242215272936,-0.04375021581595952,-5.255886771719317e-05,-1.8841959048110368e-05
0.000573800964767882,0.015736608108923394,-0.013503215001399204,-0.056482091914202164,0.00017827959612171099,0.0012703021079600722,-0.0006517026973198182,-0.0001170193636260905
-0.0002281394194270872,0.09009840079103641,0.015300643145548498,-0.026930762392763305,-0.0004629485627903976,-0.0062363229377475175,-0.0007789459591030261,0.00016057026951715736
-0.0010426831945182765,-0.08184717090153208,-0.0035314271487526597,0.025163262253815304,-0.0005337361542762771,0.025472488527323853,-0.00012053933446912764,-2.8229179699669482e-05
0.0003125904005420179,0.0600133376929523,0.14276771030745175,-0.04694456937088709,-0.0003660921198903605,-0.016081945881936507,0.0014981086968597808,0.00018825242751163707
-6.140079457588044e-05,-0.007431853675190822,-0.06350401975833682,-0.021461135044814308,-0.0006210492718418774,0.0215898986813411,0.0001638836390383318,-8.802833581895818e-05
0.000791708294948888,0.03987761410642145,-0.021570093281125732,0.07199097380494801,-0.001410538932280628,-0.01728818813207434,0.0002780823613278277,0.0
-0.0005917509795288492,-0.008943946151286058,-0.09516741664994219,0.019980475415054075,-0.00011049305845723939,-0.046385797024577555,0.0001338426923664926,0.0
-0.0005751734687494682,-0.0038350876236475403,-0.10489669080017794,0.10428738376545806,-0.0008246482498038531,0.06994792610245616,-0.0007036709731909407,-0.00013607497896758747
0.0001489584846102693,0.050357012192450236,-0.03256288854323928,0.021167447108969024,-0.0002194227585038003,-0.011159483820180576,-0.00011749407090120428,0.0
0.0,0.08524973170715257,-0.09209683429317728,-0.010958745023425497,0.00015928784061883207,0.011523982799083751,3.6334662092391175e-05,-7.503103867553388e-05
-0.00030661367271475306,-0.06955569036532709,0.11626416176038601,-0.05663379775379086,-0.00021193684017634096,0.023838680937073708,-0.0010147042892441126,0.0001023042787117387
5.546706430156756e-05,-0.050286748203797825,0.0246003183339941,-0.026652234551267303,0.0001962829663340357,-0.0353744137234052,0.0012430388640763668,0.0002726523648677938
0.00044310267351919627,-0.05825209406672775,0.12446036132667991,-0.046933422008274925,-0.00011787710841887344,0.029663000897306942,-0.0008350080973152911,0.0
0.0002257946383852725,0.05705560415773938,0.11491681504219457,-0.004062638617394254,0.0016810741004562833,0.030924132693003044,0.0002738178230054577,-0.0001162673439891182
-0.0006362674141080818,0.07799869845703188,-0.08863381317985346,0.02678962049606205,0.0008386085686381055,0.01934619314184977,0.0005395868474232339,-5.908377029666817e-05
-0.0008055034917418106,0.0396282179751671,-0.040014035244211696,0.015512590017106621,-0.00026833676781423096,0.002160087843154032,-0.00015335339062918021,0.0
-0.00014048132132412836,0.03616490731013191,-0.014359850248772149,-0.03774765454668288,-0.0004045915477876846,0.012762162957641675,-0.001270431353057574,-0.0002986395129724274
0.00012041552326926691,-0.05033744122203386,0.08108588673895058,-0.07740508443273918,-0.00027016054145569146,0.013628736702600397,0.0011659292073828958,0.0002504460639734574
0.0004129968364700193,-0.0048658127744305914,-0.06597722247662756,-0.07277490072066987,7.859227189283002e-05,0.03327040648071882,-0.00029666898941130835,0.0
-0.00013155829826493048,0.016042122680091364,0.12515310595892357,-0.01458372102737451,0.000513538323641656,-0.015267015664819847,-0.00046342431630096636,0.00028534917507837975
0.00010130698221624823,0.09725383850496919,0.04228747587832807,-0.08939777207921684,0.0002795573290325004,0.040170122245453244,0.0005003064112110075,0.000312726180666407
-0.0003352829773299959,-0.028789913676017475,-0.05483439084918279,0.05872978014996733,0.0002000942526142191,0.009342000472667675,-0.0005129269294813956,0.0
0.0005995445776947883,-0.0652016694917479,-0.013048893771939404,-0.04002781786076814,-0.00016710792173420586,-0.019289326467414887,-0.0003946201442332215,0.0
-0.000754035520464177,-0.024363493783299238,0.057454228618060696,0.1298328897866801,-0.000488350443879848,0.006874707517413351,0.0013521652915775794,0.0
0.0007314963123700773,-0.0640113176276858,-0.053818037039944894,-0.060596074005875,5.467816352175414e-05,-0.0012159653470437588,0.00013716270629008794,0.0
-0.00031358595082897644,0.08180014492908191,-0.09026694698251012,-0.029342379353812884,0.0002777740202267341,0.024633764721161647,0.0,6.960630306658208e-05
0.00015761451039707257,-0.09158722911614904,0.03877855945428355,-0.02738334399116906,0.0007352928966914323,-0.0012681953367991129,0.0008978595891353661,6.0407230179734817e-05
0.00023851107987954689,0.031528785245983036,-0.0535879455842858,-0.055282251778448796,-0.00012895932114144392,-0.00014340946796699574,-0.00010883417511017845,0.0
0.00045455015604814534,-0.03542684752550779,0.05073348761747784,0.10913350353953286,0.0013152716602537484,-0.04391924961775934,-0.0006611688613621422,6.575638904729453e-05
0.0,0.002419795663445313,0.10213076448377983,-0.009532361945686858,0.0003358106722539765,-0.002014071491206701,-0.001180820679306412,-6.664826734688323e-05
-0.0007602584875224819,0.0018681425913753126,-0.10123159825188358,0.08834314142038927,0.0005226273786550755,-0.010224150852320034,0.0003490361273610347,8.809631010238406e-05
-0.00022357195411939958,0.0802108782862664,-0.010170501333619103,-0.09391419526140293,-0.0004564073574124629,0.033857241218354685,0.0010815771350549258,4.093614430398032e-05
-0.0006664018521625697,0.016083063224225997,0.023029413001174698,0.13925031765902843,0.0011936026452394205,0.0718281091742312,0.00025127710971565214,3.664682841147959e-05
-0.00035889698199618547,-0.061022972150758394,-0.02748562329480626,-0.046103230057013445,0.00036277134895716504,0.039568483831206966,-4.213038008781228e-05,5.2785601027033335e-05
-0.0001699438806308208,0.0571507600460257,-0.02660856270952046,-0.04808378762235473,0.0004421084980432786,-0.037145341417260606,0.0009545540160769765,-0.00010415496797489682
-0.00011072328057604164,0.04901454867344765,0.12981066687789167,-0.013448111663912847,-0.00018004494870928005,-0.037488614758720944,0.0,-0.0002653643066408288
-0.000525739650909777,-0.09445364586062817,0.0209686642895108,-0.024829514355472575,0.0001452972319699714,-0.0020760777385679923,-0.0003987304481050843,0.00013894576058408326
0.0006171166733590714,0.061450420265374395,-0.11586930090265771,0.12212580872153382,-0.00010899387277465977,-0.029501473141508507,0.0009206077217016437,0.0
0.00017290045010923707,-0.054404241828672456,-0.006493448956158188,-0.044548943901271204,0.0,-0.0006344434813349628,-0.0005112713063528153,0.0001152925403885563
0.00015590246020589658,0.043569227901717175,0.1373537008967523,-0.007922473076485076,0.0011571756732949414,0.011415270855291188,0.0006458976050663043,-0.00026035940011556735
0.0005628236092011354,0.05352246513260483,-0.10632532948853289,-0.002534492858506974,-0.00017574724392753984,-0.04328234149418978,-0.00025774898843109064,-6.812180864872175e-05
0.0004596184073243298,0.018628397456576785,-0.06897276516840042,-0.020371183286315726,-0.00015420154676987219,-0.035806047678559286,0.0004943932315058716,-9.391488189969266e-05
-6.493199858580032e-05,-0.008517009355921073,-0.07234561183132304,-0.005161356964098205,-0.0003305618379018677,-0.01968486970861001,-3.419939959917184e-05,-3.736344493621114e-05
-9.244400417198403e-05,0.07794999340635433,0.01621521943105552,-0.00608238905528665,0.00023003830728412356,-0.03169933447493704,0.0006338950152168059,4.019948667455253e-05
-0.0005651904308748605,0.025277921035022872,-0.03305562336914876,-0.008368629999056647,6.524650516857161e-05,0.058012469695807305,-0.00020403606144219128,0.0
5.14437501864945e-05,0.05863805739929025,-0.011243301207220774,-0.07087631717498595,0.000347701343861819,-0.014503015618234326,-0.00015594719628007753,0.0
-0.0002927572419602828,-0.03170067161507598,0.032603413120379336,-0.02134765015570121,-0.00026626317504647166,0.01843888533786399,-0.00020671993164794253,0.0001312139698187798
0.0007017671469158761,-0.05970200128842015,-0.09013678571708894,0.04905146711020989,0.0006719197145940499,-0.04498590502104223,0.0,0.0002178367479431509
2.385332269128765e-05,0.08721570140169908,-0.0532763475103126,-0.0982158938704534,0.0002447855064332255,0.0281419170975346,0.0005228504800420715,8.113924977370047e-05
0.00019605409775816452,-0.04845680060883533,-0.08394013431396063,-0.07268181289445026,-7.762686513885684e-05,-0.02474584724867569,0.00016220383778506485,-3.875456094459828e-05
0.0002477879531194701,0.10423006941403541,0.07738901740243186,0.11348960976473148,0.001120954106990359,0.035762323764728036,0.0014139850569943847,5.437936245134001e-05
-0.00036070429017082145,-0.007775389630031741,0.0252808719805288,-0.012243266722006504,0.0009878164693901258,0.03982136816539115,-0.0005723895595356195,0.00015555060550479644
-0.0008164878202918188,0.009579045725590847,0.07896222870282685,0.09180759249219819,-0.0006816022371484709,0.0705104713904105,-0.0013573859409531897,0.0
0.00014178908781761757,0.021934522164596747,0.021111609800353114,-0.07814833458886708,0.00016496588978821516,-0.020947812866382223,-0.00045765493929456736,-0.00027428906355493973
0.0,-0.05324110233871217,0.014619694901775969,-0.08275739733031658,-7.464518321426139e-05,-0.009651334511674953,0.0,0.0
0.0003261260459608499,0.08758848731054554,-0.04697222734670297,0.03533250492127355,0.00023318994043898956,-0.05159767601009511,4.720143019663198e-05,0.00023179493729013145
-0.00018791372721087968,0.005900037730930438,0.10646522354542663,-0.07134112872803013,0.0,0.010833467034256784,0.000523792353463797,0.00019641919790485082
0.0003836359337349298,0.08533195943690772,0.004875520694856922,0.06935353561607299,-0.00019232030662907906,0.06511104524076607,0.0011149635511631957,4.18897784320467e-05
-0.00038883547335709763,0.022555390800215454,0.008757603678548036,0.15352468685152287,-0.0013619382798216561,-0.017884610574458885,-0.0001535608394689643,-8.446434315559359e-05
0.0001458377037698924,0.04535307764573236,0.06426840952899293,-0.03954710519839149,0.0005527863528074635,-0.02061178235799691,-0.0013500742151418364,-0.00037017994299175493
0.00034504289131518273,-0.005788257415683698,-0.061583195488412144,0.01837006198741924,0.0008592264005459906,0.05841940536446602,-0.0006069190170718223,-5.2784629942816824e-05
0.0006107129843969661,-0.017773425108346303,-0.0420377034023027,-0.06599333921516018,0.0,-0.013743926535029349,-0.00026416929940937476,0.0
0.00035610296565499993,0.00589077516025662,-0.10257206323837828,-0.05783126888756955,6.789663169106484e-05,-0.017389461647797637,4.938139981009989e-05,3.8897862568582076e-05
-0.00015469647757750322,-0.023660658700261024,-0.1060461184380895,0.050020808577091125,-0.0009901885782066953,-0.020409901288813485,0.0006516773013581093,-6.027736675172368e-05
-0.00015550476967654547,-0.006081678279996591,0.11587677458321076,-0.018050102080730525,-0.0002851156452187594,-0.017532979632052553,0.0003795131607524763,0.00037449887075713753
0.0003535329435202101,0.05246915442109935,-0.10132967298016662,0.18053398804531506,0.0007852008467288829,0.05338457360734635,0.00017538365166523573,8.058235861732599e-05
-0.0006684613774351173,-0.07687779001490423,0.05251914851346033,0.0073904198688448264,-0.00035430694820255595,0.018101296415176677,0.0008594025475630645,0.0
-0.000620866378797535,0.050821131698635336,0.06032318931249115,0.018322700482636494,-0.0007748608830992747,0.0005456352238211661,-0.00031601970073637757,-0.00017444107446942803
0.00043368192413515284,-0.047996338484400304,-0.07869565138674092,-0.07329476159656724,0.0,-0.010178216443034188,-6.557273037604221e-05,0.00012817456956756845
0.00012017621518160933,-0.011622367013967988,0.060122399035956,0.14547763019711343,-0.0018719175970357627,-0.024623793890758163,-0.0006823036618696205,8.650412119889928e-05
-0.00035220456722970874,0.0319515779794851,-0.04330507079489392,-0.05836707305220464,-6.638620918870963e-05,0.011136008087289656,0.0005093908679620461,0.0
-0.0006810424010229173,0.05607978982950383,0.11030917059974715,0.12853569650931293,0.0004194848467226265,-0.061563381586600234,0.0014641813819151733,-6.454668943467468e-05
0.0007844181569811827,-0.047832998037987934,-0.06451009829556147,-0.05161176896410892,0.0,-0.007683782436475045,8.855369059963547e-05,4.649554667168765e-05
-0.00033637047489610026,0.08025911328173399,-0.027176209843706375,-0.05169318017169705,0.0005121967848134221,-0.039278864313496725,0.000979673375824956,-0.0003373312381986192
0.0001478052286866538,0.047096560224554405,-0.10735478488489744,-0.07941212177325237,-0.0001202130040827971,-0.01644185256145921,-0.0001816697672136769,0.0
-0.00019728529778096333,-0.09825986362691878,0.12143384875853323,-0.05242564385138467,-0.0004066722829478686,0.010108584049407662,0.0008201304247565927,-7.538013104915753e-05
0.0006477011923752792,-0.007138120993522165,-0.08676216565815072,-0.04367038604653793,0.0,-0.02880964922864007,-0.0001013380798752258,-2.2666495655021546e-05
0.00020531331137432267,-0.06608410680160207,-0.06645874440881525,-0.06254899899731131,-5.2611241587118896e-05,-0.02556691717742448,0.00013777652866227456,-3.7388858618953025e-05
-0.0005813610251882151,0.06379328347560231,0.007354985411383711,0.022017519799414832,-0.0010380450409328786,0.014177730375496824,0.0004092036038912137,0.0
0.00037943972110070895,0.07153521435609987,-0.10993893727130365,-0.07620765236165851,-0.00010524032128436274,0.023525611033378913,0.00035115910509351286,4.3102940471356765e-05
-4.696471973990313e-05,-0.01568401932632535,-0.1019705181562768,-0.0010034912624650497,-0.000693682844773065,0.045848926607307675,-0.0004979536286312406,0.0
0.0008981950873590514,-0.036410497241510006,0.039123840050352354,0.04849823330228141,-0.0011212928293539326,0.05784237316008404,0.0013244005866986119,-8.042961633242252e-05
-0.00035081502480442716,-0.02248525372964924,0.05147598510348942,-0.009774025788276686,0.0004261119728440649,-0.038292845130215726,0.0013422563938715552,0.00010142080972610004
-0.000432807379847581,-0.07283801289712885,-0.02564421465598723,-0.04834468142577066,0.0005070283747517503,0.030348340418004837,0.0,9.265608309104445e-05
-0.00028855981571605907,-0.09850927080199423,0.07837358129610085,-0.03443820835590373,0.0,0.04362540173950203,0.00043987545461434416,-0.00021766074292677365
-0.0002819730891706002,0.0359258138036671,0.07374336612664235,-0.0005680619485671951,-0.00021403643167908811,-0.043372666830093214,0.00067554101523093,6.485586229819373e-05
-0.00010495685803076082,0.02167831150537581,0.09905633008878145,-0.010212196444494098,0.0002766161731935912,-0.0217068106899696,-0.0006315566592200519,0.0
-0.0004593628771321079,-0.05749178784505713,0.12716031691225804,0.04935690380952402,0.0009091923843382943,0.06591299237237914,-0.001108554944711379,0.0
6.9372761143216e-05,-0.028012871380578428,-0.0927701146178188,-0.0625257788854073,0.0,-0.0261354143147365,9.563937030977134e-05,0.0
0.0002073796735352517,-0.04494463905209915,-0.0846465278887855,-0.017967542926415846,-0.0007111647318195596,0.025818580720561826,-0.00017186549342426347,-3.1357089753852874e-05
-0.0007692288049940957,-0.04774180654709475,-0.0621582822347718,0.15920858649286734,-0.0008255184134186807,-0.03097782154682219,0.0007810953416343205,0.0
0.00042735858956099656,0.016803431224791443,-0.02326920041771964,-0.03768714815005476,0.0001678759295141861,-0.008085499819726285,-4.692593328437661e-05,-0.00013706211170420038
-0.0004975204810263034,0.09300792609419317,-0.03411370622701024,0.13039236204972002,0.0013051773757273794,0.06999309236026727,0.0009549646832500905,0.0
0.0005293243931672937,0.05108015498572237,0.14081406203971802,0.10715765831048286,-0.0020792069839712904,0.06312676194800843,0.0006559836486392614,5.422913640912297e-05
0.0003799465477666552,-0.10250868043343918,0.08882565989505392,0.004012542178469855,8.081220331826455e-05,-0.03358383958096967,-0.0008585987251005176,0.0001945193770158509
0.0002131573622934282,-0.017697711572716376,0.07203247347669442,-0.08896811819159138,0.0004826258362729418,0.018841664806258304,-0.0012066571619875066,-8.401845036852193e-05
-0.0003975941405340553,-0.060443023432648776,0.12020435109011228,-0.044670964816183885,-7.594938419219072e-05,0.026435567156794314,0.0007478570172186565,-0.000317617222389004
-0.00022753601165912795,0.06216056744953975,-0.08529762051276767,0.0036913296849370304,0.0009009306737368839,0.014533167773089177,-0.000138987864966837,0.0
0.0009067938070171762,0.025087641656685384,-0.04185121326828923,0.1440650743637346,0.00014276321905050542,-0.06310926447010828,-0.00016206557890675877,0.0
0.00010008959604926315,-0.0766137067566339,-0.03270744106025311,-0.0006835961828985971,0.0003069261708461976,-0.027030779454920464,0.0,-7.195268140935103e-05
-0.0005812930369160466,-0.04585637931254849,-0.017873126431511788,0.16691451344437513,0.0006889444847111301,0.04022474324535195,0.00019153309601122048,0.0
-0.0009181652434430217,0.01896972388921379,-0.07791139354374389,0.03912853566783873,-5.629833865971115e-05,-0.004662296489130272,0.0,-6.0632977090397556e-05
0.0005151787444392244,0.06539697392372452,-0.09356820518831273,0.17466326593729156,0.0006291001144857767,0.013441231111850438,0.0004929108192991971,0.0
-5.9610966598372395e-05,0.041106911604946984,-0.10351714768595846,0.10080245588556136,0.00038675099563508647,0.008409602264744152,5.410043229589919e-05,0.0
0.0002814225651436385,0.057921276842300744,-0.06671584957228502,-0.07035510941294261,7.46005018004009e-05,-0.03743986888492195,0.0003971516331145458,0.0
0.00025814433920778456,-0.02497695417656004,-0.002321306922785964,-0.08018953269349977,-0.0001182827110548278,0.041870210221950095,-3.985298872460907e-05,0.00010622060612860095
0.0005537831715684364,0.10317371564744603,0.13924156249612546,0.1601027565700696,0.001067443794835439,0.03782590245145337,0.0,5.251692344099279e-05
-0.001283239345826135,-0.09198842950171274,-0.0379982624747986,0.14451941675937305,-0.00035090698585737333,0.03318991031806428,-8.744734980106568e-05,5.127125121260484e-05
0.000253702003544255,-0.027503626495838106,-0.06918455226251384,-0.058686232683710815,4.353648558236278e-05,0.0021421338237732047,0.0003388890924686528,0.0
0.00022912869432581418,-0.0014430438335723572,0.13458443501605263,0.026182705072370735,-0.000642508292851531,0.0423887010709452,-0.0006846776638078009,0.0
6.119025252785976e-05,-0.055866035264997,0.10875963101336146,-0.04895244793337553,-0.0005813955039508491,0.003913762687395081,-0.0012173140491414324,0.0
0.0005435965288819548,-0.08782654889851439,-0.01425381569386454,-0.05132137604468117,0.00018473443904292044,-0.007151383096468643,0.0002249134209239891,-6.156031230603043e-05
9.281550716014331e-05,0.01537934287777239,-0.04898629404582084,-0.08531072897521032,0.00013199632382226076,0.02557809718006721,-0.0005079886732690149,0.0
-0.00042433110100773816,-0.0770595619621213,0.019087872800252856,0.1445214316395841,0.00018766293202818885,0.019232757424307217,0.000373405744172069,3.0497438753149253e-05
-0.0003805370697618493,-0.07208541404474544,0.08051141937078425,0.004824823823916109,-0.00182876555973594,0.0374110724018888,-0.0005560474796784015,0.0
-0.0001399472289906889,-0.05220698198453631,0.03532980288990973,0.015688290105116236,-0.00033757811073062806,-0.03294017428320482,0.0008597819733817721,0.0
0.0005614866289182325,-0.02283126061061376,-0.05335493845225085,-0.04382572225364081,-6.527078191187474e-05,-0.031363338071452466,-0.0003747937354935254,0.0
-0.0005179869047498047,-0.061153459652551555,0.01289568510575281,0.05383436131547715,0.00039351148774757766,0.024843941848730042,0.00023316772181545322,3.710006428462795e-05
-0.0002619375700337809,0.06401741426643971,0.05457612499719923,-0.04422813487188,-0.0004914993137194415,-0.03259738525972405,-0.0007220302807620965,0.0
0.0002585884086966967,-0.05191837293011553,-0.08286066575290058,-0.08890444995416939,-3.776290832788187e-05,0.027706720384126825,0.00019633127202546,-6.221104076328032e-05
0.0,-0.08704079450991148,0.11527227933972273,0.010415453291379603,-0.0009002482892656887,-0.030031720151959696,0.0006708124746694025,0.0
4.574191444330078e-05,-0.011906518580247688,0.016044401605204452,-0.0428653198453084,-0.00017523055663446447,-0.03637995869508077,0.0004511929182783039,0.0
-0.00024845583652534364,0.009793207409588145,0.0825829751926434,-0.0012050582783211315,-0.0003254897370922471,0.004995578012993089,0.0007335831731472522,0.0002388906072159556
0.00020900527061274777,-0.01915748410407422,0.03197202284068553,0.10121156905894811,0.0008041076114523317,-0.036708823261563675,0.001784992455527127,-5.520327476427056e-05
0.0003127138299628529,-0.022278314479020234,-0.10371044587580595,0.03833715841166821,-0.0006986334728029403,0.003146345977305543,-0.00023173225201029068,0.00010981286731864826
-0.0003186769042768322,-0.052427208329547226,0.056025833238193594,-0.08082219450582334,0.0005002761214310637,-0.018659403784835698,0.0011624644108358248,-0.0001489708507118187
0.0008247372976587124,-0.024083119896444252,-0.006226231044699176,0.057095941250230445,0.00034681444285407777,0.0017581696829053709,-0.0003907714547659892,5.157371950050352e-05
-0.00013252078196042093,0.10507732614513496,0.03184989604949469,0.018170860354230517,-0.0009954170657984211,-0.030700789723050657,-0.0004884694276769061,4.762226826597604e-05
0.0003398563673993379,-0.06934699621284394,-0.0890031982630597,-0.016273779387058422,0.00018518887773754286,-0.025893479556984397,-2.7217261461626174e-05,0.0
-0.00030076888832204166,-0.08469236280362279,0.1132973534157238,0.006009670693158933,0.0008918992648992334,0.0473219962100497,-0.0013347932959128345,0.00010888711206227808
-0.0006525356247411625,-0.06027429691864886,-0.05628165020591628,0.007127490692310457,0.0009322612095562639,0.010582409513151151,-0.0004555800830673834,0.0
0.0,-0.07907190737707236,-0.048076538636770375,-0.027576203322106287,0.0,-0.03150754269614625,-5.461318250038483e-05,0.0
0.0003456278211956654,0.06360513822516393,0.0726095008412114,-0.051621663353184584,-0.00015499463639076505,0.04349073136271102,-0.00019102749855269354,-0.0003106671876973069
0.0,0.004771808461469598,-0.02032375715623287,0.0004261773367076433,-0.00015322014657865717,-0.03058819023278769,-5.242872372353269e-05,0.0
-0.0003243080952894431,-0.043824069470621965,0.11779469663027003,-0.04703545738985622,0.0004074232521175766,-0.017713956941892327,0.00026303303219692224,0.00019195994713127294
0.0007625189003740742,0.01694164150999239,0.07119676447753154,0.004783236373055325,9.802593530254595e-05,0.035657158523345514,-0.0015293418241295411,5.6975288125205026e-05
-0.00036010010205517933,-0.08332414494214961,-0.08880340062441944,0.10195903195694468,-0.0004149789537705397,0.01215468693482225,0.00018301159078031127,0.00013190130103576253
-0.0002497835646249913,0.012138214115526997,-0.08327733089820406,-0.08035549967352712,0.000162086739943057,0.020972629084515165,0.0001552588080161067,-7.429105931042179e-05
-0.00022361258119823408,0.06180108731398911,0.061267265477272015,-0.04006505694980023,0.0001082065595030407,-0.014984227249416565,-0.001462901450726336,-0.00029226010667481245
0.0005219702269618166,0.03438234424813291,-0.1131882160244691,-0.05180642391788288,0.00015019696204104238,0.02527660064513248,0.0003301054286876048,8.231081345258517e-05
-0.0012616695928153426,-0.024800367128989365,-0.10390809553132324,0.08378423373014897,0.0012545636844907952,0.05632784616858228,-0.0006955726960580586,0.0
0.00038600165683212484,0.021684462203025126,0.024888104947748978,-0.06120640290691395,-0.0003863939421102516,-0.02660091881459225,-0.0009274390546315046,0.0002143189034175194
-0.00013481067878567984,0.008448357379675685,-0.08989538914277868,-0.07165809545615591,-0.0001798625771775074,0.008339732633729785,0.00020782373100949306,5.770978405217342e-05
-0.00014771474690929897,0.037984621386890606,0.023151507156029368,-0.04168802465260872,-0.0001154749838455163,-0.03505725565694024,-0.0012453912127682396,-0.00035689948430605916
-0.0005573773524673654,-0.08220330633802359,-0.0760767560416472,0.0955591081969413,-0.0008200310589014155,-0.003562284409835088,-0.0004682460051771713,-0.00011431967714314872
0.0006139306325605371,-0.02766615219287571,-0.09998401186944171,0.07828241538150174,-0.0005063590035334577,-0.02848680857732964,0.0007289195301912546,-3.4229540407243464e-05
0.0,0.08966959354985764,0.026193835954571136,-0.04946488873755806,-0.0005244395364400804,-0.01050601713177396,-0.0005099453762700198,0.0
-0.00014661722842620605,-0.10229463858384984,0.09262814616810292,-0.013716572631539874,-1.976567100418075e-05,-0.0035815064792447658,-0.0007702214828690613,0.0
0.0001363146435779308,0.005589119497833823,0.04130077837885471,-0.03354997410561399,-8.783909323354516e-05,0.023642225171664994,0.0006493852264487874,0.00029455481486625416
-0.00016497435663920436,-0.053749644777336805,0.0478089677226329,-0.060376415308937184,-0.00020912797667915975,-0.018292988436769204,-0.000358548487793687,0.0002844598590564934
0.00022697387743183522,0.06355396810708265,-0.049674827291069784,-0.0936673460377947,0.00012359801466100846,0.016543237074758244,-0.00044160842656601023,-4.9243192700443306e-05
-0.0007157961258488741,0.05538795764626626,0.02002459288475162,0.03775303908347166,-0.0009233040948494686,0.007893756314792713,-9.547563196194102e-05,-9.409321923641023e-05
-0.00014211943120033446,0.08072278774763923,-0.09260266203830708,-0.06463351672124405,-0.00013806182806755073,0.023841527476385124,-0.00036996734081442054,-4.541852760998888e-05
0.0001751605326087563,-0.01139097380053826,0.08332689419441905,-0.05542312899239089,0.0004737133701771224,0.009825560916690217,0.001170470659096683,0.0003601934128107555
-0.00030312603248921637,0.011167738332880109,0.064724952658415,0.0966603613500056,-0.0009469831577911805,-0.06395594207503266,0.0010653054876783817,6.461658107330404e-05
0.0002843716291498997,0.08804810691016929,-0.0729743508026288,-0.046308832314907955,0.0,-0.022182963825937266,-0.000490223506388592,-5.3704326526488044e-05
-0.00011864246582385385,0.06027164323789356,0.045763700031909105,-0.01066322868151926,-0.0004664877554499978,-0.0198213914185399,-0.0009982214924509404,-0.00019240280775372352
-0.00038461387756886974,0.08364666078878388,-0.04141857355589143,-0.014143404076726441,0.0010405765552090767,0.022516126238560343,6.928122874740039e-05,-0.00025920342956054176
0.0002543154744183798,0.04305897874548153,-0.06780248837670368,0.008857290643721984,0.00046256037123718806,-0.006461771066555542,-4.839254676811469e-05,-8.418038449788845e-05
-0.00017611521072026246,-0.045122203671115586,-0.0822372274203526,0.0863140017278965,0.0014034467456280088,0.0025314228822166463,0.00068265575835945,-5.799649371930615e-05
0.0001529506647524387,0.0033847045023693624,0.05264014185956604,-0.03290901988300723,-0.0006646987279678049,-0.02178302981700797,-0.0011314480626485096,0.0001281197336791508
0.000788752452723716,0.03154909502910763,0.02899251385738,0.1461809451426861,0.001692195949578791,0.016637586101186416,-0.0016165853712753662,5.610537832348439e-05
0.00018674261275363773,0.06482892516529432,0.011367515770810273,-0.03878815532055425,-0.0006042923664826411,0.009677209089057932,-0.0003340143954037949,-0.0001025063222833203
0.0009311683768478278,-0.06038458652031072,-0.10336409189494643,0.06723943134956396,-0.0005232173982932106,0.008221550752402327,-0.000512284952758265,-0.00027058478259033014
0.00030247893610025803,0.05403854997799081,-0.09079933857924631,-0.05154471258631571,8.796456993796716e-05,-0.020274187824013887,-0.0003050687689108858,-3.1169448642967557e-05
-0.00018336238379675727,-0.004809505649038378,-0.07468502777816818,-0.05966175076346653,-3.6855426894411014e-05,-0.023606211604983385,0.0002087499172321454,-4.4930002803975454e-05
0.0,0.006770655809898262,0.023300012745132485,-0.04844301364994941,-0.0004336356799369637,0.023593574691192255,-0.0011182050213033097,-0.0002324478176651836
0.0,-0.03389862115672807,-0.034193443822487304,-0.08657515296174735,0.0001474726292163553,0.028901531891173317,0.0005417716801241687,0.0
-0.0004289688326334296,0.07317578125155426,-0.11624850453800194,-0.015721928473464025,-0.00030076082443313717,0.003297567940076365,0.0,-8.756159066423963e-05
0.0003704088785105558,0.01631975479948279,0.08973084951922157,-0.09048452225074285,-0.000712717795251516,0.033945048100771175,-0.001406557897710806,0.0002281319541544355
0.00010575697427622766,-0.05855391678018955,-0.058721918417338856,-0.05221002977770428,-5.0013303693988974e-05,-0.023476514703115858,-6.31166972706901e-05,-6.944801659045991e-05
0.0003562294963641046,0.054439394131685616,0.08506377106907416,-0.08916847776818533,-0.0005621462753183296,0.029252578443554576,-0.0011026644194771936,-0.0003478359013868726
0.00045301156236879147,0.019698366332704578,-0.05412007648073128,-0.051887435049368186,-0.00011048630883217503,0.022554075894580083,-0.00048179581428977984,0.0
-0.00035567688830321086,-0.051411354682206714,-0.04660731951712842,-0.06415267010796669,-3.274697265917559e-05,0.02466547021808507,-0.0004600168826352402,0.0
0.0008827084386324403,0.051842748568405705,-0.004620346759944519,-0.0021954601840356853,0.0014034959873491012,0.05047830226439219,0.0001663788268220559,-6.60369650699183e-05
0.0,0.01807717904179676,0.063956490520687,0.00531288225209649,-0.0003015148274532269,-0.026331290057451478,3.2004558518303194e-05,8.774685683387715e-05
0.0003113754364960874,-0.03335960970333394,0.10754914348314051,-0.03607351738805444,0.0003762291145323978,-0.03519815863529834,0.0007862739271376211,6.224554400310455e-05
0.0002493370499168304,0.08143853786757933,0.06279371192878812,-0.07970195079858675,-4.764274492184695e-05,-0.0015999345701300657,0.0010569496910482652,-0.0003074295558610341
-0.0005376915717589856,-0.01644112006018155,-0.08587916056977242,0.017096650468996125,0.0007120171649588877,-0.008994799755282794,-7.07279078772105e-05,0.0
-9.25488552253051e-05,0.06632424768625815,0.05097404586885378,-0.06579774095127323,-0.00032875913183389886,-0.029537137974942413,0.0009972813600885504,-0.00016923316050339443
-0.0011353867999452873,-0.034052461246745214,-0.08145584496165557,0.15399920325270808,0.0005083926923436179,-0.014974027213562634,0.0,-3.564928494919489e-05
-3.4499095855247686e-05,0.09165481735264541,0.03248705460274838,-0.06698912903477539,0.00022844579354204132,-0.007111967165285654,-5.8545401401914667e-05,-0.00016947430653056517
5.159143939165167e-05,-0.025279573379901752,0.11659714092874783,0.1403385868844493,-0.0011372331444454492,-0.03579662245846401,0.0010526600890023074,-8.89656983496504e-05
-0.00017609870955099123,-0.07898332132727864,0.04705383226472899,-0.07176414565857069,-0.0002910989305748932,0.017281119672054375,0.0011671607438889576,-7.45463200940294e-05
-0.0006640910131353138,0.022499371228313837,0.11066694216893691,-0.00168712872849026,-0.000494157394541029,0.025811853239021357,0.0006194683426829016,0.00019203893177716092
0.00021476990564053833,-0.0743463532536724,-0.002174391131298911,-0.029747645074050644,-0.00016404342874925583,-0.037609831489894906,0.0005913657924872333,0.0
-0.00020162676722244684,-0.05467960174885469,0.057577228708688956,-0.02743241170900361,0.0006400829528152469,-0.020780850879319867,-0.0009414282829571107,6.567054676884232e-05
-0.00017707491968214779,0.010799428611675373,0.048839425784401945,-0.0867151548549571,0.0001965100297796055,0.012270411032617022,-0.00012052297290001857,-8.829927794290655e-05
0.0006550165498516194,0.10188287920091933,-0.007426224831499823,0.09437626514007488,-0.0009483388955862093,0.04466147536792396,0.0007807358789911658,0.0
-0.00023523287695934156,-0.06552565202608097,-0.08639299763718498,0.15061096471748045,0.0013952545847002956,-0.04854583940741639,0.0,-2.6011611298518145e-05
-0.00027072370740454277,-0.0036637034254569456,0.12173602477399419,-0.059394607689922156,-0.00011719040118376295,-0.011748947971237298,0.0002334375526989631,0.0002691379127503098
-6.119657362266273e-05,0.08791340322156106,0.13697177111781902,-0.03319712196527945,0.0,-0.020116809699051812,-0.0005193239641920064,0.00022496394833865433
0.0006362236352988707,0.06429899748486745,-0.07299981326285022,-0.0748538784710671,0.0,-0.005725655769330311,-0.0005150157427621831,4.658410202038055e-05
-0.0005711849611257472,-0.04881123011284108,-0.06683554935784848,0.10966552251499204,-0.0009040984995541835,0.0495325357906899,0.0,-5.0543477592430996e-05
0.0001733621999329505,0.01890540520158279,-0.004633063415425513,-0.027833457509157222,-6.533324994255352e-05,-0.030791791678695543,-0.0009635377638936381,-0.00019379134520331297
0.0003511819769131896,-0.09691855267028275,0.05829930017969098,-0.050483371979261546,-0.0004407326812336489,-0.0247438231103322,-0.00047987168330860587,0.0002627639182915531
-0.0003462175698785462,-0.00925235114550535,0.053321560531556865,-0.0824684216309955,-0.0006868712497744224,0.03470177807672175,-0.0005812413360064545,0.0002838809998895976
-0.00021267368833323172,-0.03849823460208355,0.08249561390117922,-0.03148813454180996,0.0005688802712059865,-0.0349377738927033,-0.0005948695325694844,0.0001434227751387386
-0.0007164679004173763,-0.07166441669661774,-0.0766644143303069,-0.06075959751951297,-2.21276384664848e-05,-0.02737965760361657,-3.770386688767577e-05,0.0
0.0004321167969222743,0.07644346541633103,0.13400563366371865,0.12664379996814765,-0.000205825519251579,0.018909975459648034,-0.0013234057165076509,0.0
0.000679265839972222,0.06456933417869627,-0.0846759918364179,0.052938115095149306,0.0012472982486801648,0.051164875709061655,0.00029481974766328023,0.0
0.00014029888528008244,0.026365736690175792,0.06114926636144943,-0.060685591003024675,-0.0001648321088964129,-0.005335013839652361,0.0008848151894855641,0.0003459679405643324
-0.0001436265803987232,-0.033203339814220585,0.049358299091048524,-0.03381310999917607,-0.0002871295968328521,-0.008824329479330317,0.00016769398204861605,-0.00027157889985588064
-0.00026214787280913753,-0.007499905869008368,-0.026603748427057747,-0.023927769784757316,7.702913370419284e-05,-0.03320472532045823,8.960414249847621e-05,-6.174910651494971e-05
0.00022083462040273282,-0.012425095939280538,-0.021004796755515125,0.02282026339070472,0.00046036341912703883,-0.04878765750661764,0.00022419757536176402,4.126298338553297e-05
-0.0001273361830853581,0.03320754337632335,0.12384137727895585,-0.022849464201954738,0.0,0.007106915913141994,-0.0008378909399699883,0.0001793817525852875
-0.0006066047205770461,-0.08053778861523139,-0.07716520779146833,0.07143594063259907,0.0001261769176823234,0.06398388205015358,-0.0004672271702277655,-7.916995551804709e-05
-0.0003525729250473006,-0.0190920997119008,-0.0737819520365925,-0.06698017917028663,0.00017071854674619025,0.02414681784544129,0.00043445874192544077,0.0
0.00023433324985514155,-0.048523951561204634,0.05843315514009266,-0.016740246254086984,-0.0007035022295378593,-0.0005850083447087073,-0.0007874319096763866,-0.00020817402397819347
-0.0003365293443446833,0.021070899041060364,-0.05427593017678856,0.019405512198657087,0.0006205109393035108,-0.010205337533425026,0.0,0.0
-0.0002522188950603199,-0.01544951243399064,-0.026486661497879444,-0.04920953175881684,-6.707902435706958e-05,-0.034349077356558844,0.0005418813159512168,0.0
-0.0004331939858929751,-0.09132361692198908,0.0016485439767293995,-0.0476064146312412,-0.0002733451451677867,0.02367820324332578,0.0003000811612630689,-9.333844109508938e-05
9.845266818872699e-05,0.024677188506219534,-0.027260663601679645,-0.059978925549905235,0.00013587491868462126,-0.03629383202469323,0.0,-4.843486933060748e-05
0.0,0.07346666395070817,0.13089674517619931,0.08899266879571677,-0.0003816073068475642,-0.009589914021033255,0.0007995249012769284,0.00010929622361099955
0.0010275226797108782,-0.05108347034327512,-0.09697215793230589,0.0583621297355705,0.0001645701332671612,0.061286937058012796,-0.0003593339527820209,-9.978026670165799e-05
-0.00027305373465378793,0.03117262128459733,-0.10850888146998773,0.06975546726662221,-0.001060910781207846,0.06939974053635814,-0.0004325702714792063,-0.00012753126059130565
-0.0002679415507930369,-0.057462252064400865,0.0752164496708994,-0.026286345577921283,-0.0005299211794978397,0.05082156673606177,0.00029775040084217917,0.0003039818294692087
-0.0008568580751656542,0.025553811347738892,-0.10919167357828717,0.1525468349082545,-0.00023745525183671947,-0.0464723827429538,-0.00042938237410672695,-0.00011282465456710286
0.0006580538186559108,-0.064915982130385,0.06917581828981327,0.11006237439200482,-0.0015863787655168338,-0.039281204134786786,-0.0013123557449216563,-5.409139276824071e-05
0.0006077720925585291,-0.010540362808975948,-0.0791440564394369,-0.05435688933532124,-6.0614966407627764e-05,-0.03424364315885464,0.00011039696396414334,-5.323680761522368e-05
0.0006644797667590597,0.0160482520768435,-0.06931873495008929,0.057572198168080034,-0.000596931176067541,0.014025154309606169,0.0003779703172808796,0.0
-0.000566147550726519,-0.036888473154532364,-0.050449801538508,0.0923074947180831,0.0005456377092206838,-0.038246005481385674,-0.0005746980842673909,0.0
0.0002122561854788373,0.023464537985731605,-0.07502049883298278,0.08733319159402769,0.00044776956994850206,0.059349714559909665,-0.0003538381336757766,5.431443174735984e-05
-6.619196475543543e-05,0.033113485544200835,-0.06775419306139886,0.1526684853180139,-0.000938641269398293,-0.04490003065865578,-0.0007655734078119993,0.0
-0.00016004556751707922,0.06379990741355601,-0.07635269485046518,0.08026183601010803,0.0014792530538653655,0.006099098154063785,9.66031285509376e-05,-7.42218631851338e-05
-0.000950839380518181,-0.07329877078211236,0.009423237676182514,0.053545761402270575,-0.00011821331026265513,0.053317734996879786,0.0004062693296451875,-6.049191901726092e-05
-0.00039351430031945857,-0.09040280418082322,0.012101455438111598,0.1601606915170573,-0.001541021250953856,-0.023076018060385402,-0.00032055133159978466,-5.784183704854451e-05
0.00023963240940623313,-0.08493183866092066,0.0077870332789267555,-0.04979370309930567,7.082423090471794e-05,-0.006421611113584913,-0.0003029757327202929,4.1044554071917316e-05
-0.0005329567937801278,-0.04351000870205287,-0.04378095892278878,-0.04278790658524097,-3.344552483389163e-05,-0.027675615539957045,0.0003655462986238495,0.0
0.0003233070497193688,0.08232020625837819,-0.028364301260265457,-0.054444589101510094,0.00010183344250781073,-0.03796960019752352,-0.0004303299547966757,-0.00013455417882011456
-0.000956510578284689,-0.04887039396216704,-0.041918920961999194,0.07448001698868836,-0.0014184032675811403,0.054994444019550795,-0.0005746857011158374,0.0
0.0004333509399708779,0.08791243935889445,0.09727417897244403,0.1518350465293569,0.0,-0.0573207532461739,0.0010414532934764028,0.0
-0.0003573050550456072,0.1046246753880965,0.0635308539616626,-0.06724819111080439,-0.0005624791358842734,-0.011915831433782668,0.001058936490615721,4.6513149549370914e-05
0.0008086514529551549,-0.04166571147296869,0.09317207608184183,0.11626163101936741,-0.0012991122289731205,-0.0677523352231719,-0.0011416722905427837,7.311578028797172e-05
0.0,-0.012632850210192531,0.03424107821547624,0.02364389656523561,0.0003994860134368477,-0.03224049323841657,0.00012191231420770546,-8.464594656339142e-05
-0.0002960970253858547,0.03298564471385038,-0.0029247824666738375,-0.06763854016296568,0.00019833352519968428,-0.036540585805538,0.0003368305396888007,-0.00029758787652013147
0.0,-0.011290041187429167,-0.06714234337544966,0.02696673366143021,0.00037978168653166056,-0.033856077362463224,0.0,0.0
0.00018542652897124423,0.09197554370919098,0.0368357582890231,0.029599015409019654,0.0,-0.05484991728320191,0.001440899004472946,0.00030110465264051515
6.658944088214226e-05,0.08585076769680297,-0.04940888987126499,0.051413150779463124,-6.574749053711235e-05,-0.06337666307584346,0.00027462947895327513,0.0
-3.173015309511362e-05,0.0005500713430783481,-0.0577029040489375,0.029919688219386984,-0.00025303532500023677,-0.055950946883906026,-6.14255693765512e-05,0.0
-0.0003983947135538341,0.03152200204620747,-0.03595533658463828,0.1357970809485656,-0.001437672440598851,-0.01813446965629723,-0.0003111256529718387,0.0
0.0,0.009637138832145422,-0.10372392577067895,0.002582279497558283,-0.0007114985894704634,-0.018645903109980672,0.0,0.0
-0.0005273539963028525,-0.04638717811337786,-0.05406635785732787,-0.024898017429333643,-3.448419905136002e-05,0.028940445892526357,8.923930231156016e-05,-4.274643572542917e-05
-0.0002320830330725917,-0.02751070955500978,-0.07549129226073074,0.08434131381813657,0.0008065878996690031,-0.06515853259953977,0.0,6.449907713544645e-05
-0.00012410634051266808,-0.09098260695003134,0.11841307232526455,0.011292682438242396,0.0007194443755026387,-0.00986870061383617,-7.68634946376745e-05,0.0
-0.00033711165127847865,0.07602827029238535,-0.029045733050673136,-0.05415810877142378,9.014559692951951e-05,0.04390819955932943,-0.0011583182338594676,0.0
-0.00038457540015252517,-0.07850742837607481,-0.08835969961381536,-0.04647898857767131,-2.5610524775537824e-05,-0.003123588497283859,-9.786945083530578e-05,0.00013368031966144635
-0.0009360447000514698,-0.06913953429333296,0.019010789179025475,0.051106608705843944,-0.0013224956757956375,-0.009719173591222662,-0.0007818506042727661,0.0
-0.00048412448044686377,-0.040616463520165236,-0.03151191209741695,-0.05762896833005188,-0.00012034206360819129,-0.006592996693139888,0.000587359547806992,9.807666551997496e-05
-0.00033253572685468247,0.09882101665986982,0.039998591003854,-0.017116428423387068,0.0002686138477355739,-0.007970788633603065,-0.0013438208976499196,0.00012391869654615473
-0.0005484496473407957,-0.030123959556194922,0.03304680564688883,0.06093751556175806,-0.0018391026611633587,0.05583915767742171,-0.00025649543247655053,-5.211601485707873e-05
0.0011159353472990645,-0.06393787019578545,-0.06060110075421802,0.1261818770626658,-3.628751811534693e-05,-0.01412798333262312,-0.0002459935130269812,-0.0001447241958153348
0.0007819743868944278,0.038563108989341864,-0.07588094643738563,0.007801873721967977,-0.0006687374797098855,0.053561128545569166,0.0006122853951453704,0.0
-0.0005559663823714306,0.06858252836633416,-0.05741326779323297,-0.02558898223533961,-0.00019880598180024509,0.023126057258985824,0.0,0.0
0.0,0.0833291574746641,0.058764278861745345,0.03211683353361502,-0.0005562962835601401,-0.053060824948620806,-0.0004307661301068878,0.00029742775914815
-0.00052847498623114,-0.07092845792600838,-0.002548279119387315,-0.07874141582593557,-3.645964922080469e-05,0.011037459976072755,-0.0003240585458878755,-3.925971105543928e-05
-0.00010570893604814821,-0.07377361333061787,0.1077807342078844,-0.07805825856095384,-0.00045453351610051895,0.03463061609789902,0.00042354877020373536,-0.0003068687306184152
-0.0009820307399732752,-0.02626660956018594,-0.03057603010558271,0.10209779309122269,-0.0005965114142750619,-0.019154744289440008,-0.0007354372484441878,7.873792473923197e-05
0.0003552081334533658,0.07613036351562727,0.017312373626429522,-0.011805381128149656,0.0003347670718365468,-0.028174884811379072,-0.0008207597413578153,-0.00033237170703699637
0.0,0.028183972411006574,-0.05873823127275539,-0.04501443737836599,0.0001865954771734744,0.03246850315625547,9.110772291905794e-05,0.0
-0.0003507278733899886,0.06131272350148038,0.06519895185820294,0.0029905816194953794,0.000756912848502129,-0.029721645224797984,0.0009087987640366211,8.077974546992495e-05
-0.0004653617418126319,0.08441314196706985,-0.09242279660234906,0.07116549732664579,-0.0011935292836774373,-0.057294608420033866,0.00045548520655578663,-8.061620716554377e-05
0.0006220434051799261,0.09237895758246091,-0.09141526388478761,0.1158383667969568,-0.0009614685227943571,0.042234820435630586,0.0,-0.00013059661023828717
-3.7118577320399785e-05,-0.0789309489176359,-0.020871813660321478,-0.023855909577576086,-2.612239916083281e-05,-0.004907595694878572,-0.000314408877015726,-3.8054431959559205e-05
0.00024643455796456,0.053999912654497606,-0.10975746285878257,-0.00776796294005168,0.0001845446718894022,-0.04114977861610279,-0.0001116237862465917,6.894579031523074e-05
-0.0003514147017355793,0.07078499693116568,-0.03301295415642178,-0.0215854726905945,-0.00022259866107180435,0.03681978841627413,-0.00033635821692532285,-5.086592833451753e-05
0.000488631428308973,0.021616762496381715,-0.09597125022278202,-0.03682460941668028,-0.00016234751786162183,-0.006284472157850129,0.00041272021869711136,-8.74926407691129e-05
0.00010686631335166119,-0.05269712004435257,-0.04818710181971543,-0.01876035585318714,-4.788740114724408e-05,-0.029788986221365124,0.0003654332843757275,-9.198023038335334e-05
0.00040950856703461425,-0.03184611398969382,-0.052180028404190976,-0.0662314493273848,-4.90667090928137e-05,-0.025214407800576166,0.00022196844060564923,-3.1741318275851915e-05
-0.001230539382324801,-0.00848344337939332,-0.06122653981082022,0.09103204268443839,0.0013571232379902792,-0.017987567714562093,-0.00014984669862291993,9.54419609564658e-05
0.00021788853922916502,0.03568914258662282,-0.0313898177452886,-0.07880530788354385,0.00017489765464626764,-0.011053615250353794,0.0005575167402518431,-5.5668600762573406e-05
-0.00015703061798866096,0.010078207692727313,0.07337140839406835,-0.0898282554279886,0.00020841075640237904,0.012585416890399482,-0.0008740584882837262,0.0002528698782788152
-0.00025314520958218416,0.02741473766486314,0.06185992847845127,-0.041713873276976066,-0.00033675121471146864,0.015518065762383635,-0.00046504526714473724,-0.00021018858891276582
-0.0002464295663093086,0.08912114898558264,-0.06554670509426862,-0.07123936935901994,-0.0001159818620155703,-0.036390514849382494,0.0005289263880154524,0.00011464026914637104
-0.0007590476266897663,0.06767331950683446,-0.08457270129734738,0.1113289813174338,0.0014242015482581253,0.03956086801796245,-0.0005613670884019341,-0.0001322955685317262
-8.896046818346152e-05,-0.10126684888182237,0.12369800273499343,-0.019540770563201245,-0.0008555222112629765,0.01062598433248356,0.00046855097358291554,-0.0002916345317624254
0.00016241413695859477,-0.08030297003814987,0.0500280691341935,-0.02577926182833451,-0.00034559333022591237,-0.006562063081685358,0.0010647796246218222,4.4438882814898384e-05
-0.0005683360381011674,0.08201812132034904,-0.0804687768759127,0.050420203999782066,0.0005920203916174416,-0.06173248869970646,0.00010588951124301804,0.0
0.00021851894608220304,0.011170196004092739,0.06723458605149332,-0.033631727827631415,0.00031973397218088614,-0.029834079878610975,0.0,0.00036654052710732084
-0.0005089080094438018,0.012194006354348166,0.039262624162289525,0.14250009731628682,0.0009539038448486272,0.047614861194454274,0.0016385912432517469,3.3489472865133596e-05
0.0004999046234651733,0.04697569614673996,-0.08725692498405059,-0.06728631423157765,9.413270649938354e-05,-0.012716697210957301,0.0003890111373423908,0.0
-0.0003922400017479634,-0.055136571098798624,0.12357949557800395,-0.04530807855944622,0.0005588006547134523,-0.007181981419036552,0.00022312162774887692,-0.00033786777456195884
-5.175679860780491e-05,0.08429126276608231,0.13965473801272954,0.0976508298898933,-0.00021962433667939478,-0.02945949563675914,0.0017651636299147208,-5.676441750856614e-05
-0.0003395176155873604,-0.0689160633276573,0.10106796283988569,-0.07424260143881195,-0.00032759556097605383,-0.028720850161679003,0.0005252583542916106,-0.00025215383108048717
-0.00023406706827810202,-0.03229059108061338,0.08244062644831947,-0.08049571695908497,-0.0005387671772501527,0.02054500417828703,0.00040953135619338477,-8.0634109728462e-05
0.00024119033625851857,0.041945690682552265,0.07236042330113747,-0.025303516000233582,-0.00023629838230274664,0.002778892168612342,0.0,-8.817919737964808e-05
-0.0003174226290268603,0.02363069155870566,0.11077024694086166,-0.007371205544147723,0.0003757647630269062,-0.01611939475564623,-0.0012655772503844891,-0.0002913117606912303
5.879760745111651e-05,-0.06156637414617134,-0.0737920886496223,0.013764387091055447,0.0,-0.049447031081992304,5.8963624444413317e-05,0.0
0.00024687690870419765,-0.027470665282781317,0.10766695855000573,0.13471514277630145,-0.0005324914633174334,0.015711361152665977,0.0003883353863235177,3.273411468016074e-05
9.451522215809158e-05,0.08795068512195763,-0.01194577964464495,0.05142283848107821,-0.0006888984883238977,-0.06083448519468524,-8.023595910022774e-05,0.00026988491818830915
0.0006301092358529338,0.015761226085692498,-0.058471869435149246,-0.07418874630246344,0.0,-0.01747334190794031,-0.00015951356855759796,-5.8673432888789456e-05
0.0007409261169814602,-0.07471265057497212,-0.052634554544647785,0.11497255482713724,0.0004860772575391852,-0.05679781476810717,0.00038923961293702014,0.0
0.00026001877173863105,-0.02738376663117068,-0.022869151097246562,-0.0770775878056613,0.0001637740973998487,0.0007557184391760252,0.0,4.556600527941268e-05
-0.00017868984494120557,0.044071032558899575,0.10971962192479526,-0.07983706048746067,-4.3072486438575086e-05,0.03965635300370866,0.0007483675071787912,-0.00019646782557491944
-0.00022312244349390747,0.06742775985055587,-0.07869015812569476,-0.06804220380999634,0.0,0.03464345024835968,-0.0003614860554644881,0.0
0.0008102321311604801,0.0017953773261388723,0.0720726186973506,0.09136461669186788,-0.0017619312342135455,-0.015823410331903084,0.0005073906427309205,0.0
-0.0010365319188275757,0.002864133495906548,-0.009483830641425047,0.09196091048374724,0.0018063837822981353,-0.001203735344015236,-0.00022188754523175957,-5.006813090620288e-05
-3.9918674588426684e-05,0.015739641087837576,-0.08816587354075858,0.03031677384170841,0.00015681973911366723,-0.005949067520306957,0.00040446708070988646,-4.3944124087605586e-05
0.00025114740675739666,0.08832339545901977,0.019383869376447222,-0.06157068150769173,0.0002031792774768587,-0.03257058914186749,0.0003612407048159314,0.0
0.0005062369923858027,-0.02334708541471065,-0.05091429927979616,-0.016552848125015188,-9.10260525510897e-05,-0.025480955212309045,0.0002857462771764152,-7.354588758842762e-05
0.0,-0.004423277443349074,0.13107975152997317,-0.07943921366915792,0.00016812824455991054,-0.006039378503599128,0.00040772124130303023,0.00017119068619241614
-0.00010454036712657586,-0.04754277306936652,0.06574490346714423,-0.01922288256661658,0.0006409856739713602,-0.031647491977573876,0.0012239916481087008,0.00012729349274577135
0.0002540014913409803,0.042222168240227335,0.013082298866375784,-0.07773027456220581,2.355738016600155e-05,0.013451795742474444,0.0012292536139601503,-0.0002885128347595916
0.00023704170056749652,-0.10168817863657216,0.05151053467970959,-0.02016188431238455,-0.0005576322110981575,-0.005780169807937976,-0.0010813276035665043,5.21179215242501e-05
-6.083280239601446e-05,-0.09438299814972316,0.100859656342524,-0.06523580978969641,0.0005203585838374369,0.03595906336760518,-0.0003889035265686971,-0.0002571401354620149
0.0005317976195734637,-0.007917693303408838,-0.05140160070186077,-0.017155148639229973,-8.425664074447537e-05,-0.010943098404608333,-0.0003392197252357146,5.63550158902415e-05
9.917181371669036e-05,0.05753031180039148,0.014114676759338094,-0.07556828033387016,0.000532793809321874,-0.02297192871146562,-0.0009002787023382763,-8.262804508447213e-05
-0.00016939923165460192,0.012923178317555148,-0.09022007953797959,-0.08940000537389135,-8.069664414761535e-05,0.037515462491383406,-0.00046090664576248707,0.0
0.0,0.03139920606109226,-0.016207474344174546,-0.015582671279967366,7.91341847232261e-05,-0.0090524395229943,0.00034581693870429684,-0.00011810530274369781
0.00020571024761902707,0.06293595921872058,-0.04937958724967851,-0.040930069621852694,5.625279720890275e-05,-0.024364378450186935,-8.86449763461509e-05,0.0
-0.0007518516520942375,-0.04594392404851263,0.12110544452695128,0.020656307857990004,-0.000780700391966668,0.02752830471967761,-0.0007989181883563598,0.0
-0.0002977864635695219,0.004263739793338378,-0.047075345235597824,-0.021046648518705805,0.0004927181487581512,0.05183315795460057,0.00021975724746696804,0.0
-0.00039693195118961324,0.050974697849769955,0.11916696444203524,-0.0902835692567887,0.00035565239775740154,0.014216403980992005,-0.001245534251534151,8.216826496669494e-05
0.000286460450068724,0.05843643498907685,0.0011793610552453069,-0.08606960134080804,0.00040074120998558874,0.006561580659547164,-0.0003848441991248002,-0.00012493663562616192
-0.0002916287618337997,-0.07685834460889468,-0.04022703079166306,0.05711460032310165,-0.0008357937830618601,-0.021932849815142923,-0.0004530711668676371,0.00012226549785243623
-0.00017648166369710274,-0.02846937147324188,0.008376851198883414,-0.03862044747838419,-0.00014554803434670138,0.02647114706037373,0.0,0.00030258612611873674
0.00016890748456251103,-0.034250924401723046,-0.005800303321067971,-0.04484622636640275,-0.0002731263113510449,0.00035426019789903853,0.0006514775066240511,0.0
-0.0004884271577933163,-0.07395968810798113,-0.08457638835915597,-0.04511208843220336,-5.8462888510996125e-05,-0.025397961439877978,0.0,0.0
-0.00013956994972457948,-0.0518564696207918,-0.09941795931129295,-0.06723239672469743,0.00011836066625481312,0.038439235277787226,-0.00012038764966418444,-7.618264923811377e-05
0.0,0.08016849727338318,-0.07681587616420894,-0.0455179267028583,-0.0001477814643228752,0.024474071894733277,0.00020224668693819445,8.32235911004918e-05
-0.00016081275192758143,0.06327706040665562,0.05363442731598525,-0.031589219174239215,0.00017891602203397465,0.03673482338642008,0.0,-0.00012362500318073566
-0.00019835402039598466,0.023590193805539145,-0.0007106217984635861,-0.07950978077625043,-0.00010156911812676248,-0.026851853484754825,0.0010424931574512263,-9.695770426669525e-05
-0.0002693492106691247,0.08712693070991288,-0.10410024979520174,-0.04150738161223226,5.408693596466174e-05,-0.018910029093302572,0.00018449258844316122,0.0
-0.00035954333225167836,-0.0034255040631611536,0.06762628268815206,0.1517771880999526,-0.0002777468367453906,-0.016185630167464566,0.0007982966408045082,0.0
-0.00035394634148788983,-0.01235814291785997,0.08813950352552855,-0.018764018636634485,-0.0002404477497256793,-0.031393345184636656,0.0008261721068086796,0.00015049370381918503
-0.00020104086865027737,0.03579658861222897,0.02174961106955747,0.04513561316759089,0.0008661505597383515,0.060551966996517256,-0.0014199156332787499,-8.719430047054999e-05
0.00039742451920370413,-0.016969162543147526,-0.043432839392232504,-0.07625750363528669,-0.00011670308215452295,0.009479471024981107,0.0003575860828062136,-7.589985340289429e-05
0.00028321144475530036,0.10070789954657038,0.07762647950193259,-0.04670439865923412,-0.00022161968148179352,0.02504970277438643,-9.60824577723729e-05,-0.00033170330771057846
-8.385316516367252e-05,-0.06041012149266163,0.06426433427549072,-0.024272848955097782,-2.3556555637030407e-05,-0.013202248849569085,-0.0003768890055263213,0.0003131336416282259
-0.0004068456937121426,-0.07375300257162927,-0.033692719724942824,-0.040351519278945334,-0.00017740414415347522,0.026367478099547873,9.350035389232847e-05,0.0
0.0002943655265581702,-0.08020103743965737,-0.06714144129921026,0.005883884569058694,-0.0005012206432887942,-0.023884471846151622,-0.00010618018484421867,8.202860484335384e-05
0.000944199650992554,0.018848488231694254,-0.10943419089036874,0.003883860261393198,6.816136906431791e-05,0.03824784388388806,-0.0006089165700500124,0.0
-0.0008244527949616943,0.05153229632069425,0.1324572668593558,0.0670698030335922,0.0009229578866950583,0.019685380640173392,0.0014188880357228922,-0.00010025229054472229
0.0004386764095931558,-0.036279270493393204,0.02843173768555599,0.16448103303681588,-0.0010306209974526072,0.01902714915119955,0.0004674796501151649,4.589050483821966e-05
-0.00042512408130717473,-0.0003060581804099072,0.053308465169464074,0.0677530837366835,0.0011147789671756244,0.06480107880337176,-0.0007741364944423905,0.0
0.0002904507096094289,0.030990594568024988,0.08273656598899742,-0.031612309475540785,-0.0003800319805357226,0.01714741377050549,-0.0007285458560262347,6.618682710779478e-05
0.00011845128263399635,0.07723216802339593,-0.1137526565626047,-0.08297575892967093,0.0001233741728971682,-0.003189310681027593,0.0003999713723615686,-5.284375518356532e-05
-0.0007436333785444185,-0.07748295040160344,-0.07388804523320018,-0.07383322440095953,8.412201318514446e-05,0.01671779109617262,-0.0001621171250657979,-2.5260995107745376e-05
9.895527427609963e-05,0.07542906867819539,0.04023272842188148,-0.003768154231425473,-0.00015223613274769864,-0.0056709381720531265,-0.0004733011899642376,-0.00032582761677604197
-0.0001898224853809377,-0.00528824861274306,-0.09531273609679938,-0.03201655302814043,0.00012696217403040944,-0.0022938047604253342,-0.00012888128087104706,0.0
-0.00024962900305013015,0.00023934540277392323,-0.07017887485821055,-0.05366665656031217,0.00011428894624942338,0.007157808291211347,6.543667826523769e-05,7.764060623266567e-05
0.00027958100816623325,-0.03342155043197741,0.09734486237869652,-0.07492506514843039,-0.0006831603257108376,-0.006335994316323562,-0.0005625421643718644,0.00014395651717971636
0.0007780273503311101,-0.05258840489856149,-0.05724501274030396,-0.07839521134612,-8.664042817107761e-05,0.01257922232759596,-2.8463844932651045e-05,-2.831111370488193e-05
-0.0005532256293830167,-0.003781247524903909,-0.08383785115185341,-0.012302773797039262,0.0002981109625592735,-0.018263355466735492,0.00019047312495111475,-6.883248382094642e-05
0.0002641233755669234,0.09329365365423635,0.03789924641398087,-0.05495191771596648,-0.0006627446164873932,0.027779383962860945,-0.00013101614868513324,-3.949382431116255e-05
0.0008005098414810816,-0.05327883043586922,0.010857393134990867,0.1210584294431396,-0.0014278200060871824,-0.01669644995779503,0.00040020355674868363,0.0
0.0,-0.03753013649412398,-0.07952825931831357,-0.01421883508818235,-0.00020755383731566472,-0.020696151479229253,-7.345669377093456e-05,-2.785057260801249e-05
-0.00046947088983260803,-0.03265119898823468,-0.038070826020086775,-0.08096046185303134,0.0,-0.01141494695053766,-0.0002880799013643687,0.0
0.0009449608451226446,-0.05918095279440141,-0.09458402196024428,0.12000441894759623,-0.0009072882955762331,-0.008429855867436876,-8.596432358894124e-05,0.0
0.00023681603560618314,0.04020684262993906,0.0537664475347375,-0.008230321544537306,-0.0005037471865425802,-0.032253097850560596,0.0001640966202395705,-0.0002560248590156376
-0.0002659445957197415,0.06109561837334634,0.07650740257725507,0.10699347712887956,-0.000815324315333516,-0.034726781032281905,-0.0017545569640393457,0.0
-0.00033276922252931123,-0.09184972524900621,0.04778093025361322,-0.03519183105206143,5.2058961389975233e-05,0.03402327014971263,0.0002147582557891626,-0.00016850677708749482
0.0003447579361089949,-0.0031551055755702074,0.02434875482067792,-0.06644271516631323,-0.00018164358783680917,-0.008850619423175419,0.0005345576678622197,-0.0002866378333834948
-0.0009875703956769605,0.034729337873204466,0.03310399227683444,0.1270127269802239,-0.0014271317993528123,-0.008738668660210185,-0.001690275420034147,9.983448824868457e-05
-0.0002186849328527284,0.07876375165872963,-0.07267899349212935,-0.013611090452071888,-0.0005479822517121599,0.0076391888188708885,8.291772243296702e-05,0.0
0.0002462680776254064,0.0745687485430972,-0.0611316568737531,-0.037840914901016286,-5.4503402258713335e-05,0.006233616782028028,0.00038387763241957046,0.0
-0.00038445878767233454,0.06608227213375285,0.13402536863065947,0.01909634560703896,0.0005605032519063117,-0.00796447264980437,-0.00024085915473942565,-0.00029392728644059605
-0.0001257867658754521,-0.0651934459061002,-0.06786203315240219,0.10654136476757364,-0.0010974589844338985,-0.06647193092157021,0.00012573884457744988,0.0
0.0,-0.06553576413479033,0.027548119824653775,-0.06895619212610003,0.0003049373505651739,-0.0082619703675535,0.0006518992875306953,-0.00020305325569155985
-7.590850703587115e-05,0.07539176547358954,0.14181260455811967,-0.05480881919433212,0.000649747289079019,-0.018457923285899697,0.0008375803634686918,0.00016153536966924845
-0.00044666240984240346,0.07544670620167701,-0.09017898838768555,-0.061958779829395676,-0.00012772184939876207,0.03905850963699901,-0.00012025674375862524,-4.713292469472191e-05
0.0006933410679792177,0.009080198797750919,0.030944420811729524,0.07332931931895503,-0.0013830418891142096,0.01033092009718023,-7.181020928628823e-05,3.509586075769678e-05
-0.00012649553382176767,0.019465730721570002,-0.10831972695259745,-0.009376154548500323,-0.00023494283754634692,-0.037924737294681904,0.000262216771524371,6.55214729790854e-05
0.0,-0.058038228955238885,0.016838756290816683,0.0189184853872251,-0.0009274802790375093,-0.013477361539968669,0.00035824410080420853,4.567491606601026e-05
-0.00042544105876523165,-0.02757276059507987,-0.05621331249480882,-0.08432807078271637,-0.00012538549614695064,0.027926906827339976,0.0005005525483656353,-4.3577676359929374e-05
0.00044447507584742627,-0.06789454720181042,0.07611974764396397,-0.015338648780289461,0.0013692790057425919,0.03773514114406465,-0.0009565033382184645,5.4457800006582624e-05
0.00016087482571370645,-0.07211234885823505,0.029177959717613604,-0.005547148323493397,-0.00010652148288061689,-0.020628779125824795,-0.0011498239356530632,8.573400450551105e-05
-0.0005923020909823765,0.06134795434175123,-0.11558472539477808,0.0019403667730842323,0.00028589340015936046,-0.03171425053246255,0.0002471843008310798,0.0
-5.219233534551239e-05,-0.006768001686897741,-0.06874436765181421,0.033009445908491454,0.0008339707950441936,-0.04227692437412746,-2.307997715220167e-05,-5.83445999308492e-05
0.0001151887290368969,-0.007137954891370002,-0.08716391889542656,0.1293708222663992,-0.001243618574071105,0.021769100272362455,-0.00045946922793743873,-6.714481832454516e-05
-0.00027921510816060843,-0.07359561089172346,0.017985641266686028,-0.03091490851547162,0.00018600340239979807,-0.012163844069239536,-0.000596730822028672,0.0
0.0007026053863038374,0.008491093169553774,-0.044276547602223416,0.07110172701542287,0.0005490174305458129,-0.037908795459309745,0.0009358805219212424,-7.550570762502532e-05
0.0010643044713091233,0.026332863464271116,-0.03499091386613313,0.08539458330075153,0.0010956641595361864,0.014046539084161137,-0.00035873135905372034,-6.505755122981904e-05
-0.00016131923524166127,-0.012915193122598775,0.07546318553873582,0.11095723045286494,-0.0004995682925176396,-0.015754011035314788,0.0011209467302439474,0.00011268558188867739
-0.0005421127259566768,-0.08177122465172791,-0.01735991558425246,0.021402436597920387,-0.0007250967437570133,-0.0398725558600501,-3.528148822716515e-05,-6.133027837353135e-05
0.00036772998460530296,-0.057968813258200844,-0.09992167128563316,0.022339734195657192,0.0011280186265460053,0.005121493775421137,-0.00033512298346653546,8.228075641331101e-05
8.351597822905954e-05,-0.03267080771665506,-0.07311301564883756,-0.015480953072200461,0.0,-0.008556571105570633,0.0,0.0
-0.0004535476788472897,0.003403071682860341,-0.023822987888394976,-0.06550106085614547,5.37478445093581e-05,0.008304478518346745,0.0,-8.546234048658916e-05
-0.00029751919265291575,-0.02660711780220722,-0.07853974855854437,-0.06356870143325129,-4.342551620465181e-05,-0.01251021000042246,-0.00013094551553673642,-5.658173194561522e-06
0.0001620199022230595,-0.0588051791898645,0.07255938280082581,0.01371632003937965,0.0014672534619052948,-0.0069406577265193605,-0.0009419735063314149,-0.0002695508844351549
-0.00023173179052474397,0.028084972478407872,0.005284674826751468,-0.07378861285703688,0.00040862952394945,-0.014300320674434902,3.769711317562485e-05,8.554225085746334e-05
0.00032637623394732307,-0.07474643493796375,0.09823947173320244,0.10302621891127726,-0.0010307105471612996,0.024632890318223872,0.0003638677977826702,0.0
-0.00029996061034002184,-0.07462535365663409,0.09142109119207824,-0.06686412446444456,-0.0005264250833899057,0.033915030182152646,-0.00048511922035831325,-6.774589478205154e-05
-3.487344889422396e-05,-0.07373946274492639,0.08533918339790732,-0.028941486704798333,-3.4291983683544004e-05,0.01567739112171645,-0.0010830464460069562,-0.00013312070897470113
-0.0009712400692008007,-0.0772005813154515,0.0052583181840360396,0.1727879068578017,0.001010862699491837,0.03614818227470874,-0.00018370204253445507,-8.673702444667031e-05
-0.0006873932198252901,0.03402487708061014,0.02205436044825324,0.17287576673973853,-0.001877454713398942,0.035215621972546844,0.00018092645015266518,-5.9137686999388706e-05
-0.0001402171229582666,0.02611325290799025,-0.1066326010559961,-0.04283089904550519,0.0,0.007696435610986579,-0.00042457144939147997,0.0
-0.000369917578814945,0.09402534396545813,0.10925830259088302,-0.06595185653460972,-0.0004212380247783586,-0.03128930553628985,-0.0012188175806802479,-0.0003127778913427498
-0.00030420696707913824,-0.014903155399933681,-0.09348225258814206,-0.07257511348563657,0.00013062744294820017,0.023222460042949682,0.0,0.0
0.0005651888379395399,-0.05091052519800816,-0.008885929738143833,-0.02443911219895046,0.0002238761100412917,-0.016435674023180007,-0.0004428674807498693,7.069455334746122e-05
0.000361458468514992,-0.007652802783523389,0.11784858174790445,0.010274329085629764,0.0014364112948130868,-0.006056245071750526,-0.00045909111340008046,-5.051729917003589e-05
0.0009109168680550616,0.007452404881326803,0.03714938396291257,0.09842605279425035,0.00046112519164702746,0.029908780645792766,0.0007222541293600038,-7.15764900597049e-05
0.00043817416054703725,0.08105877758494927,-0.05734719019649594,-0.015357130051199949,-0.00041898482161545884,0.012017866913303423,-6.293302682221225e-05,-0.00011053307309293719
-0.0004243419482290783,0.030964597211568606,0.0005038036607757527,0.11459620839637245,-0.0008952824282066546,0.037988196587689864,-0.00011713297163426506,0.0
0.0005299395816397018,-0.0866490585789921,0.009119254053630458,-0.0631322107307007,-0.00017523195109092542,-0.005624936217427421,0.00030261402857757877,0.00010513996119135283
0.0009087064474503169,-0.029691904157349965,-0.03526486712086552,0.12113259914922066,3.692890560786702e-05,0.06811927060047147,0.000774849618797281,-5.6767145398789465e-05
-0.00030184960602599434,0.042002910626930276,0.052893752994352186,0.008361621409909545,0.0010354609691170145,-0.01433843930308828,-0.0004564842007068623,-6.639109653126807e-05
0.0011388376170007825,-0.047060588707569975,-0.06052915621899735,0.16183244911994207,-0.0010110872047782765,0.04310370514752015,0.0005084315469607895,-4.1297499421222295e-05
-0.000398137968477811,-0.05608626070553128,-0.08935925708807878,0.09891178000068498,0.0006791253190251909,-0.052978665525252704,-0.0006786601362197562,6.892047447826233e-05
-0.0012728589399248777,0.03967944283585902,-0.07402438059574733,0.14610115312866642,0.0014581935480680436,0.013756791772079361,0.00011646244435698655,-8.962821934405119e-05
0.0002904688729104543,-0.0714151632824769,-0.0971787393656077,0.08339471869578846,0.0008918439543300797,0.016289634935458142,0.0007497437624932038,0.0
-9.073249528300443e-05,0.08230398194578055,-0.07048444329697169,-0.06395118145544268,-4.451421242213094e-05,-0.03872789926348514,-0.000463709349202839,0.0
-0.00021052529570209932,-0.010038166709173705,-0.001255687285266704,-0.03283206306750886,0.00047462042391089253,-0.023942717666542587,-0.0010042035545754864,0.00012860063818324885
0.0007404965918782925,0.00853411159973919,-0.07906739773339633,0.062468737085927935,-0.0007649396756136635,-0.036920370649285744,0.0007999078964341471,9.005993064277462e-05
-0.00019035838257751986,0.0506674778018067,0.007278200932126859,-0.005693394621734588,0.0005831832602371906,-0.0353943350327959,-0.0002471875782293787,0.0
-0.00020432583065842225,0.09607705430132775,0.05430495049569464,-0.07886080773125156,0.0006159169785233349,0.02800845843622118,0.0,0.00012271137035605934
-0.00022046898997432976,0.004420217872365201,-0.048429233253079955,0.05562638549486078,-0.0010811915952034263,-0.01014527221598624,-0.00044273900261268854,0.0
-0.0005962728528313106,0.012369391318354536,-0.08956446239720915,0.10142049966829692,5.681805492329349e-05,-0.031194608754521378,-0.0003274190987368051,7.59263583823444e-05
-0.00030242741048183865,0.06411788644858543,0.05562201315639146,0.13168798990960526,0.0005729778299797995,-0.016839651330850417,-0.0002950681472294092,-7.745896475114256e-05
-0.0002486933015244836,0.03842227169964624,0.07271165460656316,-0.023362739727167903,6.0272083458094705e-05,-0.031005087554776645,0.0013540118537131612,0.0002837703368153186
-0.00013489561521590353,-0.09583387480999787,0.03898508764086987,-0.0431542760818169,0.00022757616418603053,-0.032243206047261955,-0.0008032634568381253,-7.715750130823928e-05
0.0004495333129260232,-0.023629920653667244,-0.09424362385662885,0.160660530802101,-9.041327208132027e-05,-0.02081722709426038,-0.0004459196333184145,0.0
0.0,0.057431698508278436,0.03887439732367802,-0.05583728390935021,-0.0002782738634685449,-0.0067697895494398174,-0.0006065930094499007,-0.00017313476739330008
-6.025353464732784e-05,0.0827260466290132,-0.008980334002062376,-0.09213439021653856,-0.00023010776652801626,0.00852302300406936,0.0003206973231267849,-0.00011642369415683292
0.00035932908639784474,0.08625306005181418,0.12449656146642864,-0.019063446935435407,0.0,-0.033087540577574084,-0.0011548444877687394,-0.00028087571085561036
-0.0002646748928071407,0.03519174568102559,-0.04875481899562906,0.05705823820944102,-0.0008955501054171658,-0.002114615797929387,-0.00041620026679503315,-2.383885898672028e-05
-0.0010001112645357962,0.031247670995284225,-0.043536201440244886,0.07436165107837811,-0.00026267100615331995,0.023019768762607546,0.0009034855766060355,0.0
-0.000586050044348438,0.00323233431132219,-0.07536218477853121,-0.08463038199760817,4.11467245082231e-05,0.024097030580361743,0.0002927890663177712,-7.266138967246961e-05
0.0005892619245567632,0.02907992386976047,-0.045449571499705556,-0.0001603309795060918,0.000281996121373834,-0.03212276646872711,0.0003423100977916515,-0.00010449220972869044
0.00011214794216351381,-0.03518642943899161,-0.08505022554595904,0.10403253694635498,-0.0011338789875535566,-0.028175898440208024,-0.00030378192206990625,-0.00013840211829169654
-0.00033168210465092955,-0.06130196596363237,0.07788817867381473,-0.010355256664870511,-0.0004602292291435246,-0.007968777016734003,-0.0009475096799808177,0.0002535006278462748
-0.0004538767444070612,0.06054136899603503,-0.04815672399272767,-0.04579738020726865,-1.585363547357277e-05,-0.0005500778564129329,-0.00042351738656468504,-0.00011650148142609394
-6.660186789061995e-05,-0.05004358132497061,0.09113822483176376,0.07200461239760661,-0.0019811446012671812,-0.043984684242736306,0.0004952376042001918,-0.00013598482471876506
0.0003205336297509298,0.005612972513751474,0.12440227121287932,-0.027273234543003025,0.000529233547280581,-0.011328916794105767,-0.0011605555483297767,-0.00032791361289999924
-4.0837003503248204e-05,-0.08842238054928026,0.043197644308921916,0.0016986176883657012,-0.0009863304948057848,-0.012318256087452061,7.542723684778111e-05,0.0002368054593771326
0.0005033245007589666,0.04434384501333578,-0.09323114425024649,0.013406402743235584,-0.0003033484249117493,-0.04378831265155899,-0.0001621403101251315,-5.1892404939954395e-05
0.0002065959250826447,-0.07866117962396219,-0.07357857805760776,-0.04595643377760898,8.9994272833821e-05,-0.02161446037514041,-5.101410621485977e-05,-5.154590701958255e-05
0.00032372041355958355,-0.0449636155165783,-0.016058605858541762,0.005496249385347838,-7.748455752047169e-05,-0.04527472102952517,-3.305531656559724e-05,7.753422862949086e-05
-0.00023348037278431155,-0.08044770467269591,-0.0571645160099414,-0.016875998606835363,0.0008427175787904816,0.05226815610380114,0.0,0.0
-0.00028544448259251476,0.0716769305813787,0.044059636827988566,-0.05252927004452689,-0.00029620886696925247,0.01942130720938848,-0.00016451254263269433,-0.00021492504028976754
0.0003831469519128124,0.0795362131691229,0.08606034299403274,-0.0548166394828825,-0.0006400073289068176,0.02813177860692031,0.0011202600185892188,-0.00035813454090061203
-8.537208134455671e-05,0.051933859181953125,0.013344268549559484,-0.06074436024240712,-9.767005317899917e-05,0.003174685637758544,0.0008028803246287071,-8.503312838078689e-05
0.000531745390139094,-0.07103630693394938,0.017575141117987053,-0.09410331532046624,-0.0001244530054431688,0.029624489140658957,-0.0004118426691878047,9.065609677468e-05
0.00013878929321706722,-0.03627631768305934,0.12741134936432813,-0.08680805420203427,-0.0006082223778316305,0.002469433193275365,-0.000741180889682371,0.00020778005549134234
-0.0003801433085801384,0.06282501867900736,0.0944816584517479,-0.053309282741452094,0.0,-0.0010097277910273315,0.0,-0.0002489804611764401
0.0003982183144777731,-0.025554107660956227,0.11879979773094554,-0.05961593448391895,-0.00010831095301898352,0.036683003130139204,-0.0013436320154510699,-0.00012267381715585523
0.0,0.018721704680051066,0.07802288338996624,-0.002943524233635027,0.0009031266695559685,-0.013129238170309686,-0.0010473431298103132,5.798816386731742e-05
0.00013886015733594747,0.07562061041620143,0.09917432736459994,-0.09742179739186015,9.799237700726213e-05,0.039724067815141595,-8.981140605619775e-05,0.00010970018463818995
-0.0003371086669898739,0.07517963372375581,-0.0780870022538628,-0.004455058653710326,-0.00043126810832487897,0.012655128836229318,-6.37265264928433e-05,0.0
9.982659221798723e-05,0.0856612995245055,-0.05730656537662775,0.05915250374555033,-0.0005223063858088076,-0.06456052450612142,0.0,0.0
-0.0008735837993058417,-0.013898017439187027,0.010755652410261052,0.09002568286766578,0.0017781519850193729,0.05387319137417303,-0.0006758507505232603,0.0
-0.00015417519487387343,0.03459777492847831,0.08259400275016368,-0.02912600210002931,-0.0001925943498305248,0.016694235930539595,0.00022183756533881053,-0.0002508516660972459
-0.0003313762213063642,0.08021662478185736,-0.014478555540712488,-0.0331466632877979,0.0005517547527636292,-0.022368292850191783,0.0007553123880413009,0.000248749138843065
-0.0010766168547599404,0.08842935360308442,-0.05154342641108421,0.05839925325512087,-0.0008722421055446422,0.05393403109605422,-0.0007685744983343809,6.552867380427152e-05
-0.0002984214659572675,-0.0025300613856890993,-0.016913752513076256,0.013844180704645517,0.0010829753848130316,0.012376089466032688,-8.552164329057692e-05,0.0
-7.294062182251759e-05,-0.05926914665975461,0.0057025271725231535,-0.08293290643385842,0.00016119151702911113,0.020950470035131223,0.0,0.0
0.0,0.0884596936420372,0.019427547993395536,0.0796236178505725,0.00047133145325565617,0.06443587768635659,0.0009939975559720077,4.366565349755991e-05
-0.00042802743997733027,0.08578629099330488,0.04717301597992711,0.08871182343629963,0.0016359393013622948,-0.015353663728391014,-0.0003139108315097801,0.00012180344438064705
-8.766304258413566e-05,-0.041248763348799594,0.0642142179209977,-0.0778863134579081,0.00035414776124275706,0.027976392033200917,-0.0007956556243855448,5.567754851835277e-05
-0.00021858963175927845,0.014828815063419279,0.10264097049862836,0.007120777090733422,-0.001241120304452639,-0.006770475614172582,0.0007771401693617948,-0.0001695261947098764
0.0008462788470519879,-0.08660575500050152,-0.05340375355635006,0.14733344541161283,-0.0007434103693739958,-0.03039984311456711,0.0007686057532901957,6.334804951498713e-05
0.00039768159448312895,0.03335212793778045,-0.06503628816061896,-0.06138619852381511,0.0,-0.009650463648835749,0.0005130151898672791,-4.583143674923018e-05
0.0004957733847038976,-0.008174532785645162,0.133596785772522,0.1010028483921213,0.0011364249337831513,0.012799777236739016,-0.0009579321130940288,0.0
0.0,-0.0016620751819439502,-0.006497643161205468,-0.08716568331089009,9.675745364151611e-05,0.0034169363367466386,-0.00036450080810104384,-0.00010684482436826866
0.00019315616953089731,-0.08565669483719957,0.06632412699684384,-0.02076420327345392,-0.0007776626738066008,0.03439884228387887,0.00016291263711452463,0.00031897532898197804
0.0,-0.009632131501090725,0.04049288887509668,-0.041858726660874965,-0.00010838340898454229,0.010426987321130354,0.0007701324319538104,0.0001109435111178885
-0.0001588172265667652,0.01789505801993787,0.04069873120560067,-0.08290907211447146,-0.00019285856184296776,0.02743972303511369,6.694377184120496e-05,-0.000309293847110404
0.00027821527944511923,0.02134479798481105,0.057049153017757696,-0.05288958831612145,-0.0003292820878811886,0.008345495490637298,-0.0005163724401520254,0.00022438337783973843
0.0002195711328136405,0.019936557803243556,-0.10802029775461099,-0.011704137505658208,6.689660840637768e-05,-0.01660175304943362,0.00015059996915325424,8.391097346440949e-05
0.0,-0.06546269143452174,-0.03111932868451227,-0.06044709617992449,0.00020508088703247163,0.0010092420298178524,0.0003855714621856637,0.0
0.00021519505466097077,0.0517032005701405,-0.11074825197176376,-0.004094003728885428,-0.0002477133207526929,-0.02115748252314497,-0.00011556860594276819,-4.610737747955118e-05
0.00016371963467038623,0.09174489513205747,0.009360147534610803,-0.07550060453739896,-0.00045864402612066745,-0.02374964791665643,-0.0009623132671652806,0.00020277508830065976
0.0008427833960311907,0.027928152469944477,-0.057754522690649616,0.11515734520532013,0.0009834293091067522,0.02003184391348477,0.0005237977616793478,9.984780104162205e-05
-0.0006175508872658164,0.06774876756434392,0.06675282735623214,0.015603810724271486,-0.0015518496463109816,0.05263618149972854,-0.00039187481114832945,0.0
-0.00018695166597364202,0.039369238947471484,-0.07975371119935837,-0.0696264557751731,-1.728954293508944e-05,-0.01702751682534694,-0.000354546706536483,0.0
0.0002790664984647167,-0.04293505790539705,-0.0009616917568576535,-0.047421131907232725,-3.921193938977163e-05,-0.0370282465840614,-0.0005162883472558749,0.0001051719089334511
0.00034760861597010723,-0.04832829777596821,-0.07024068611126673,-0.05684235603324321,-9.255648567766443e-05,-0.021326377937355454,0.00015893712125905624,-6.539539473817005e-05
0.0002727938261248749,0.03615504424258674,-0.045962779114891265,0.00837256371894755,-0.00016855005720391427,-0.0341935289012551,-0.00015103080810234808,-7.277978362937171e-05
0.0004392486973256203,-0.06800394831499273,0.002076823085317454,0.050277215800427724,0.0004391477864598009,0.0647025174928485,0.0006488643758080254,0.0
9.800351641817708e-05,0.062444405657619696,0.055513600177552795,0.1111264575981831,-0.000306578542911328,0.06545311958637327,0.0005047985864660316,5.5045856119484426e-05
0.000455818675697923,0.08507532026984828,0.061458927364405676,0.06184321252487347,0.0007166817880515595,0.039870317744747794,-0.0004839566244823068,0.0001087877362584694
-0.000740350629074557,-0.013679908952317328,-0.10596096559847344,0.165174515758016,0.0007561349364379813,-0.0019689851381868013,-0.0005638976289222876,0.0
0.0003304220372472408,0.09209735351291021,-0.020719368048988385,0.09403004849528751,0.00014979593861352836,0.030676674900948327,-0.00033138449125745106,0.0
0.00033478017025891235,0.02385689341611269,0.09578113456351695,-0.01730138108111859,0.0002133162436359205,-0.005416005902500115,-0.0012297701119892946,0.00010448847255990767
-0.0002782227619798828,0.004120061972876972,0.02415121205072855,-0.07279799019420637,0.0003790266252323696,-0.015024547202253078,0.0011661409491396967,-0.0001922109275010464
0.00019707332699586642,0.07551757202573402,0.0345868303312983,0.15661919087855874,-0.00048684388159426535,-0.03021655378653614,-0.0016204907583903501,-0.00010399426565418923
0.0003016626358719354,-0.08770696048993654,-0.0698670686271285,0.1631787954715808,0.0,-0.01853414627299564,0.0,-6.11550659839373e-05
0.0006099367200703436,-0.0013110155898859751,-0.10865257889619949,0.09147529167228306,0.0003292088098336561,0.0028949382322801167,-0.0006916832224425841,-8.098214315186564e-05
0.0,-0.021403210365694956,0.03188986418874848,-0.08471689329906851,-0.0005186590946462591,0.03503652165543225,-0.0008016528101866162,-0.00031732294615262335
-0.0003964678565403665,-0.08766413693878382,0.01895946231482866,-0.056171523527838954,0.0002435550012431917,-0.01922480480649537,-0.00035845158132521233,0.0001311850640565715
-0.00046703121401242575,0.02044415884089601,0.11009396063233082,0.04791238089677974,-0.0009365938517953499,-0.05862799426200647,-0.0006736785093456658,6.64269331537709e-05
0.00016648313272835114,-0.0689636481000694,-0.059082593992777085,-0.03323296078429948,-5.372758870878791e-05,-0.02948144554017988,-4.4885678229371e-05,0.0
-0.00017286141724080772,0.03534441107367589,-0.010216281110623792,-0.06612950949887866,-0.00037186709845890667,-0.038486278553293486,-0.0010573176285733582,-0.00018794548624977996
0.00018094411325144137,0.06798712801445794,-0.0261637485136669,-0.03472302647169452,0.0,-0.003279274381160512,-0.0005776295262379491,0.00027671267986903594
-0.000392556945421646,-0.01748874260134392,-0.06068175014357874,-0.014849308808577417,8.748977910250089e-05,-0.033390024607807635,0.0001224632631715393,-6.210911709975907e-05
0.0007357822855516977,0.0898939003800396,-0.013683248364407704,0.1837034880774415,-0.0015220824385361574,0.06570864707355431,0.0010207435925454933,3.193581023924752e-05
-5.00118379666431e-05,-0.010060442504995066,0.007300903682891761,-0.08992547122312883,0.000672952763407583,0.024745633487809567,0.0002320488390072207,-0.00012588706717934947
-0.0001960596708761708,0.004984994779194747,-0.052345862446934115,-0.015637817948114502,-0.0001315441915370752,-0.00976203148560914,-0.0003341542348820673,0.0
0.00023986345838308677,0.07757270522584667,0.01158602397025602,-0.06438188021624737,-0.00022314924165849957,-0.03000128044315046,0.0002096594669989761,0.00012052471284901712
-4.990802890893209e-05,-0.016085854614802164,0.07384276359888813,-0.01992441612365069,0.00011906241556828326,0.023858342610158068,-0.0001283650284814269,0.0001375748915863863
-0.0002353171781956021,-0.0543806251387629,0.011149830967304916,-0.05360181972725089,0.00028028202302637266,-0.025164399454460692,0.00014772257660251205,-4.2143522983997816e-05
0.0,0.06561263959149556,-0.098505547670148,-0.05526086061923948,-0.00014654018339532726,0.00022029420183201353,0.0005521731699729976,0.0
-6.364729482553155e-05,0.08084398306743772,0.07244049934653388,-0.015373811500721616,0.000307342405045474,-0.021732040245839326,-0.0009924548300989501,-4.4236161685001774e-05
-0.0004022005030296662,-0.07824706027376517,0.02053169895142251,-0.006306481044684611,-0.0006735629931137278,-0.01003324350139631,-6.810445347720222e-05,7.409699879298848e-05
0.0,0.00938298640749172,0.02779943414241369,-0.03378236206876587,0.0005963378048531238,-0.03528476460979109,-0.0007111286915973586,-0.00029604879680321383
-0.00035667291685882117,-0.06029349404844853,0.09711845374715733,-0.05719949209040709,0.00011542633718206186,-0.031716302501725885,-0.0005411504309631,-0.0003094061840484916
0.0009685389631796139,-0.06321979842437245,0.013152780184310278,0.07231080714153368,-0.0008534950376969805,0.049989426737060826,4.0150001895222776e-05,0.0
0.0006877509653728833,-0.04425104640788555,0.05464070705065951,0.13194290476552714,0.00012871808543132857,0.025867319378081958,-0.000686065511718134,0.0
0.00013802510777690817,-0.07344553860291915,-0.08053138809299497,-0.02954614541010182,0.00010643170397492407,0.022660608478541035,0.0002612540088710187,0.0
-0.00018316077280739542,0.07823535151224996,0.047170163106599126,-0.04127661099490788,-0.0006039311964244452,0.04537510469875127,-0.0009146883093786805,-0.000158537464073627
0.00027749563023010416,0.061065525023672615,-0.06295687902643154,-0.03227997383693775,7.981021843268821e-05,-0.03853650320713301,0.0005384215818985382,0.00013084541364302257
0.000831952529285549,-0.027674363395576333,-0.09213799919663553,0.05972020449880308,0.00026002043966277013,0.01736984723471027,-0.0005460617360290595,-0.00012516602165979496
-5.712658739459872e-05,-0.059405626311349914,-0.0666686683452845,-0.057507842279255546,-5.383417850815473e-05,-0.010834713051810566,7.874679882069469e-05,-5.472685875521192e-05
-0.00013805585315836434,-0.05646943828717096,0.09687647034988991,-0.060840354844093926,-4.2448333207288635e-05,-0.04007240818170127,-0.0007953047198779118,0.00017950403753140762
0.0002447274691100773,-0.03394540536865875,0.0893801895755968,-0.0921201429898452,-0.00040800943640783904,0.01979272653290749,-0.001306737629205136,-0.00019099893293783463
-0.00012249416714756923,-0.0413076350441936,0.01065809893293777,-0.04325899193931266,-4.7742918945409274e-05,-0.03826006440545351,-0.0005262195865524335,0.0001528961761223931
0.0006017668928089151,0.0853270358454101,0.06874976064862867,0.051668872464073985,0.00046373435042432973,0.02872729037374722,-0.0009304555735028931,3.0155124877334627e-05
-0.000494083644518891,0.079030880235857,0.016201870973613405,0.1844498175980776,-0.00010756611761986168,0.06267044469276087,0.0016630851947800971,0.0
-8.116682368769501e-05,0.08631717191687824,0.11650484544502852,-0.062178083823125146,0.00028003701831348253,-0.035162683555976244,0.0005043316349420326,-0.0001476501482737262
0.0,0.07425853176774087,0.09725585784917244,-0.00720492662629981,-0.00045758860224828925,0.035774101782567666,-0.000892916857034089,-0.0002664558816045104
0.0005155285418874805,0.0,-0.08297099895366368,-0.000277636912433268,0.0,-0.02867875179640511,0.0,0.0
-8.220762332337983e-05,0.004193424622967133,0.009221221240333796,0.10941386573118743,-0.0014587038587565732,-0.03693207552107023,-0.0006538478983491723,0.0
-0.0009379190514515192,-0.0818595875846401,0.015317104250153445,0.053018760505526015,-0.0007651012405686626,-0.05610352538200904,0.0007392763975405947,0.0
0.0004739596979951882,-0.030743502786025643,-0.002645041079322548,-0.000850694249093933,3.627972754528461e-05,0.015159814537215262,8.909283317058711e-05,0.0
0.00032513376301057634,-0.030454657466173842,0.00897133479160419,-0.07856029055096107,-7.597405312170791e-05,0.023119832913582335,0.0007996114898653668,-0.0002634538589560862
0.0,0.020708633386673527,0.0495376648279659,-0.07409996435842439,0.00033614363534617363,-0.017186979764192385,-0.0011827788132088757,-0.0001557427049362209
0.0,0.04788699450843048,-0.05535490719831619,-0.05774303162111597,5.566508595888919e-05,0.025408141989671718,-0.0002224661727142225,0.0
-0.00016633479719254515,0.031887478982746124,0.0005909239457988044,-0.037467568345676744,0.000432963345578945,0.04608376755482988,0.0006265617605320677,-0.00012308081530097714
5.5505768694494306e-05,0.026108818395883054,0.09031804227100267,-0.04547935236505692,0.000667828980811219,0.012501342388047666,0.0005240803671512626,-0.0003153174030522966
-0.0002928630670754054,-0.06948313910317358,0.010277935029165401,-0.03500760995656529,-2.6922278222580236e-05,-0.03058118965264436,5.785320546211614e-05,0.0
0.0002755044821786622,0.05179876805471446,-0.09118379823914499,-0.04859979445660033,4.776385009451489e-05,-0.016323869178898637,-0.0005078500627618752,9.373655335784805e-05
-0.00022403738407186623,0.020303875866079187,-0.017413200536068554,0.0030926069638971456,0.0004214426449442668,0.02651911280905061,2.5619953779379423e-05,5.357280849493956e-05
0.0002323760827255898,-0.023218780740065576,0.09739594522399495,0.08622551196022836,-0.00011061733320893508,0.048317983855945615,-0.0015123890858250919,5.8479320680315805e-05
0.0004823525026335036,-0.057772593395893766,-0.009515451910023507,-0.09395096917666095,-0.00022856228653074292,0.031070718918146167,0.0002783649958716891,-4.3634850415502635e-05
0.00036457546113662515,-0.06602110222705082,0.06643363628534489,-0.06997033638492552,-0.00029816668789825316,0.0039974380024402146,8.769487845573798e-05,0.00015885134277271668
0.0003999090199967216,-0.012079915231257293,-0.07829546697913065,-0.029524604049241215,-0.0006531302517347563,0.044692791961090876,-7.300691234036535e-05,6.606846786123832e-05
0.00048684828682524217,-0.041241710439736116,-0.08118206581062468,-0.07263876834513151,0.0,0.0056487791332378075,0.0,0.0
0.0007000153195289831,-0.0655742231331347,-0.0602807706851803,-0.05463447937125814,0.0001101414249497501,0.026835320774493503,0.000387092209392876,0.0
-0.00015883468262461154,0.029965927256892566,0.015408762944739944,0.16485332788466375,-0.001322368114102078,-0.03715078980848477,0.0005406028322008315,0.00010222597909664843
0.000400996387897962,0.0073364788030429885,0.06702695510190683,-0.0367055977820306,-0.0002065795153902497,0.003586411225403805,0.0006228925546020211,-0.00033015749431718514
4.985397899218147e-05,-0.0887536257820522,-0.015519455587789934,0.062319515366684945,0.0002675835950349576,-0.03146208159984761,-0.0003051714366319333,0.0
-1.9962607823390503e-05,-0.034349188607876356,-0.04085840136983072,-0.047606682305408335,-1.544933087552016e-05,-0.023985765942448816,0.0,-1.1202719854913612e-05
-0.0003092813425582055,0.05072474398547679,0.06695026724301949,-0.02482165798504187,-0.0004640307665904821,-0.029827494259975013,0.00033832765061975016,0.00019657518543472752
-0.0003959787531369801,-0.030626660770258704,0.028907319392013037,-0.060138437483439285,-3.396540488116717e-05,0.021564779478892546,-0.0010363184549894793,-0.00020394613864144196
0.0005339936506855097,-0.06714574272969544,-0.04780489972272747,-0.07457706931207488,0.0,-0.01409890935443521,-0.00011735020645273209,0.0
0.0,-0.041000553542893885,0.018944607855679006,-0.05256618091744479,0.0004092003658493664,-0.030606916926461083,0.00040557004738370764,0.00028660530920025795
0.00037306955044933,0.014186377786199028,0.11927587008681038,0.12948037939571647,0.0010377022427189863,0.004237572630884438,-0.0010161083523926862,0.0
-0.00026813294899934924,0.01480817217050328,-0.08697902701661758,-0.042654862898847415,8.592165301867617e-05,-0.03146102439997907,0.00034381670492360965,-4.1104956288506855e-05
0.0008488883393143578,-0.015079490019739019,0.028070124731628027,0.1705492556387291,0.00048198033032370607,-0.009697722790792073,0.00046300645961857515,-6.814334424140589e-05
-0.000867446882581982,0.07649361647532178,0.06691614993622914,0.033450114077251944,-0.0017815142325606664,0.007137824385621024,0.0012658443660506775,-5.471035123269519e-05
-0.0007077008399953668,-0.07650471620214093,-0.07931296892998584,0.010896736677782935,0.0004229963802094778,-0.03017259873303004,-0.00013398105655459958,0.0
-0.00024365376654346987,-0.08021768443231515,0.014539126563765178,-0.06713011759227239,-1.711687650463034e-05,-0.0012228917141784501,0.0,0.0
8.73820808107717e-05,0.04978456860596698,0.13636992027493225,-0.021232157782899046,0.00042228271556752267,0.0003355608330768588,0.0003847403119543766,0.00014461259125519966
0.0006081520575340057,0.040417677107233395,-0.046244030564859,-0.09101820430007297,8.122739324261707e-05,0.04101425301753648,0.0003869146717832226,5.642528626175619e-05
-0.0009512909874322838,-0.02089667696093793,-0.10519121402300798,0.09751287280115666,0.0011425646782091373,0.017471086947591155,-8.150424853757034e-05,0.0
0.0,0.04229735458369052,-0.0817832332536744,0.01902677812503581,7.667825312539022e-05,-0.0495583188063612,0.0001826499658409064,-9.767986084643909e-05
0.00027091564172810326,0.027838421274084955,0.0643781795466201,-0.08172964095449349,0.0003630827586693554,-0.007097459885528249,-0.0006746607811757815,6.28891116113534e-05
-0.000739567522498202,-0.013375559835511032,0.13482666382806865,0.09803063146092615,0.0014575022165043447,0.02869995888511299,-0.0006063514344126211,-7.485247807612061e-05
0.0007940419545343431,-0.038722618531644735,-0.05288049868138557,0.025620639742480727,-0.0012766320454431139,0.06243173730307836,9.088345229045242e-05,-0.00010024017610136517
0.00042150578959252203,-0.03390363172224942,-0.028909758141209715,-0.06592936346778364,-5.196116924828133e-05,-0.0187089574052272,-0.0002375425617798996,-1.4850504247682084e-05
0.0006743551946820883,0.011568579670036133,-0.02078252700534134,-0.02626413950808245,-0.000245635378677041,0.0031859241903966873,-0.0004542294593124949,-0.00012138646758433347
0.00022386956226909448,0.07736758563401953,-0.06409576151772135,-0.027992362582678492,0.0,-0.015931857793880573,0.0,9.485008923804453e-05
-0.0005439344915648463,0.07810512457042777,-0.09133221626304705,-0.07917907105688334,-0.00014730782868689417,-0.021057910434686553,0.0004031360677407361,-6.959979290931118e-05
0.00019411588417032625,-0.01862633609501396,0.11610689737782368,-0.0692213396400958,-0.0004607077090673725,-0.0330546076396597,-3.1111961582676664e-05,-0.0002392498149177192
0.00036300010989208376,-0.05950100610197809,-0.07551288937272667,-0.007270584643704221,0.00044678271861315857,0.04741086469705557,-0.0003500716673598437,0.0
-0.0008748959701020637,-0.06573729830501374,0.06873239036592896,0.14342798756566905,-0.0015657400461447767,-0.008471645321958274,6.815055283390659e-05,-7.968739712522033e-05
0.0004007003115062761,0.04834543694002935,0.09286654803674639,-0.058444827192046425,-0.0007053829289561917,0.03808161880614298,0.0011843196697914513,-0.0002195836876392604
0.0004214634410672113,0.09781617362074804,0.007454729132649919,-0.007920935400514013,-0.00026022796665441886,-0.011978467746489866,0.00015415156549548892,-0.00031357619487021044
-0.00010936085024894002,0.03383600555729065,0.03800070012339361,-0.025973443835473065,0.0006084065280797085,-0.03613029038832122,0.0012704238819971263,-0.00031291174543784207
0.0,-0.02368742137333588,0.05469638219413776,-0.062342657051593815,-0.00046964105823620516,0.005554239373348344,-0.00042538749422894726,0.00021744538493678744
-0.0003375984965506637,0.06182394525070687,-0.09350858565846604,0.1262266009820164,0.0007556522073081901,0.011501380180699782,0.00033640718626978035,6.161732679317578e-05
0.0008219959708465089,0.04493335041934237,-0.10945382049452788,0.0025940082970445162,-0.0001596500443506809,0.046515811766759785,0.000750098871524636,-6.837875444355539e-05
-0.0001922887639745352,0.040531950889333083,-0.11426635765010323,-0.04741870663857588,0.00023859224241138156,0.021356518393446933,0.0,0.0
-0.00014681293560620022,-0.008979513531260667,-0.0859665106690164,-0.0066977153303330724,-0.0003614235512407717,-0.01895667667878669,0.00013298793399674214,-6.502751963539136e-05
0.0009849488816891653,-0.06585946037303664,0.004558052526852908,0.09495773948262,0.0013574371663615753,0.045215443183501014,0.00011752669885383618,9.344410348564869e-05
0.0011854378029381532,-0.07418885231982755,-0.04810689046191911,0.13790606122125637,-0.00038410797732529867,0.05748158805226058,0.0005810204353394227,0.0
0.00045012041912867565,0.09671772441770289,0.010506201053588531,0.020028963941897213,-0.000562441063855906,0.038645900826470236,-7.873867398584048e-05,2.842964508700807e-05
8.555321848738781e-05,-0.058723351330952855,0.12190082642438649,-0.09527937816029565,-0.00017872973434655514,0.03278677529289922,-0.0008990997594580397,0.00026115292011260504
0.0,-0.05089516253780713,0.12358463467354473,-0.07747973391460057,0.0004586908220349436,-0.025163523331885054,0.00011385621163953127,0.00013002467622597565
-0.0002232031264747665,0.043719783378188506,-0.10598010160980384,-0.05563125738006598,0.00013113907318570983,-0.037000983481721,-0.00010042731695514554,0.0
0.00028193679705258815,0.09244789508105858,0.09593816462417798,0.0643818469975455,0.0019421074281525082,0.014259605256116935,-0.0012305531542223626,-9.272210371302769e-05
0.0004941344642400504,-0.032154340374004095,-0.09697089230287717,-0.07281444393940943,-3.4073349800933794e-05,0.019663732354337295,6.906048889378066e-05,-8.189631144083943e-05
0.0005738173279503839,0.015068286536777708,-0.09019728752567172,0.1426418567260868,-0.0009133433039524117,-0.002188234739090103,0.000425985770698657,7.971629736282237e-05
0.00018810025574795414,0.06794734446038878,0.03306104664636858,-0.013786692179172335,-0.0006316394546227696,-0.029612939096640666,0.00040233730309765966,0.00022128639185493997
-0.0006388687393657552,0.07197120251929714,-0.08374515148487198,-0.021420293671291703,-0.00015102001551544312,0.005858383308776334,0.00011662976951753307,0.0
-0.00010574954811994573,0.025630239640460507,0.07183564730062421,-0.04887156342841749,-0.00030804724221746455,-0.03436012662075101,0.0014600690263891624,-0.0003239634408915628
-0.00031494950811908036,0.02386907259558686,0.06733519641272928,-0.05792278361862728,0.0005755351399366733,-0.03786162303366295,-0.0006139206592608652,-0.00029145209860287173
0.00010578694816912315,-0.02996013113556474,0.10948273318156225,-0.03301498120203105,0.0003166998747171084,-0.010653081069201736,0.0008716255144902654,-0.00023638630747533756
0.0003670658832992091,-0.07431802269081511,0.10769126298677738,-0.05510143257797444,-0.0006186370840305489,0.04265560836445229,0.00030734899092492863,-0.00010414111065954954
5.89015186073516e-05,-0.08358106884951402,0.11028640229320358,-0.05419936243816646,0.00026514935209132,-0.013050600213623503,0.0006216516026540739,-0.00023476545433750274
-0.0002892359522371363,-0.00038451445742725875,0.020431268427438108,-0.06642467396133996,0.0,-0.016815636319314008,0.0001006598533382641,-0.00011221126720341579
-0.0006513831346219842,-0.004802202597998004,0.052608430892563694,0.12042463338607708,0.0012675474985509292,0.0019928548863111482,-0.001061155700948732,6.684621046421091e-05
0.0007117741659062871,-0.00843577286505011,-0.05329006487807919,0.01759780321588459,-0.00015794593715986538,-0.04852541021039042,0.000132976497973324,-6.801648446740083e-05
-0.0005968399784122416,-0.038824010032296886,-0.09215013159831832,-0.0536985935908993,-3.537112517223294e-05,-0.03182729269176504,-0.00013508374021513355,-1.6195931416967957e-05
0.0007676606311912457,-0.05529958289759351,-0.042306134610569056,-0.06425482991840846,-2.1660727074727298e-05,-0.031658732968811984,-1.563302881277262e-05,-5.771080976547602e-05
-0.0001340104638430234,-0.07983967056950347,-0.03229019982961943,0.048046598389230644,0.0006540655925720055,-0.055853381965493304,-0.00020219598442248346,0.0
0.0,0.014854605145349146,-0.06529904694894845,-0.08227846338561869,0.00019248584991971948,0.008339740319632617,0.0003778689173389224,-5.15247695363763e-05
0.00023677909894308455,-0.031318779590256446,0.13107974353853521,-0.10028969083193622,-0.0002268695720775843,0.03443943590503669,0.0012436069690801499,-0.0003095350617276443
-0.00031243815704003875,0.04841869995879281,0.06125577108342913,-0.0762145416775385,0.000571493469535423,-0.03644712846586308,0.0012378154471855943,-0.00021683105662661704
0.0001702182385016626,-0.012868658764829207,-0.06203600599633396,-0.01683619448705149,0.00013328316520364036,-0.03518560267046756,0.0,-9.711302705348778e-05
0.0004678149282337554,-0.033177689566679346,-0.05416285818789457,-0.05347378623448689,-4.68679538521144e-05,-0.011699030413878962,0.0,0.0
0.00039080344390971796,-0.07639183139914829,0.08565872062970586,-0.0332812320145212,0.00036103754184571243,-0.002533381041206298,0.0,0.00016186660189700455
-0.0005692516653966913,-0.07784905568791295,-0.09144790092420048,0.17107368296133343,-0.0004821493529494162,0.03694312921586786,0.00045248168527146324,0.00011416531594044682
-0.00022206740346534528,0.07812839203913595,-0.0521211194265357,-0.041185587961824185,-8.93592475772198e-05,-0.022403738966085975,-0.00025336191277835796,0.0
-0.0004967377345905828,0.06141088799635939,-0.10838166744459705,-0.05725211259385906,0.0,-0.020417498275746234,-0.0004323864424375934,0.0
-4.367493468629413e-05,-0.04467849489512904,-0.061118703343704686,0.00793869092278654,0.0003608621122466395,-0.038866269370998276,-9.866311863160774e-05,-5.232036486452335e-05
-0.00013200994677458992,-0.0348837737478673,0.07090769118248522,-0.013604651767746704,-0.0006031150889615756,-0.033885754457484776,0.0013275456891936863,-0.00023594189011786376
-0.0001056324677963516,0.0022525234577105836,-0.07859223447308135,-0.05118219166280323,-0.000145733098779423,-0.003659970054524853,-0.00031015320151229873,0.0
0.00016667742592076096,0.03799571747649789,0.1206034578949032,-0.057683850364117176,0.0006594638167128145,0.016221508558256596,-0.0012310367891712585,0.00032421473621882177
0.0,-0.00556410799735156,-0.09263744320119158,-0.011159931955573204,-1.0519699744193645e-05,-0.03993532569642928,-0.00019890976438373246,-5.96674565073721e-05
-0.00021583208427064515,-0.011603754946468392,0.10547795330046998,-0.0063951704620630245,0.0005811722119337324,-0.03215637806597691,-0.001269269202993081,-0.0003584159333151524
-0.000931400909230189,0.04268722753420921,0.0861192096243466,0.12433960738173977,0.0010773193698556548,0.05644664255031405,-0.0007060844313942494,0.0
0.00012010707163528922,-0.07400213359147734,0.040276331460854804,-0.023475188025399107,0.00043253202671610205,-0.025553569232729213,-0.0008892027066119717,-0.00030437983799986494
0.00014563485179380775,0.10313171528231184,0.11087221659912794,-0.05985717021707702,0.0004369883133060885,-0.026163820140474737,0.0005122663233708885,0.0
0.0,0.0746801057234971,-0.0438908320141729,-0.06138756792459148,-2.8230884190551253e-05,-0.025396819873703628,0.000518048667827816,-0.00015913757660646985
0.00033903999987815317,-0.004719968495422224,0.08105680789163794,-0.044062625575779134,-0.00011001693593149994,-0.024781221673617737,-0.0002464000558524712,-0.0001520568942854994
0.0008660663023019229,0.07248353019650311,0.03746278436370333,0.11070628356382835,-0.00014175047429126897,0.041044417920445234,0.0006637408548716667,4.683233965518606e-05
-0.00027620963924055564,-0.015909181735761946,-0.07634298989503051,-0.06484114116391594,0.00018767641492665842,0.026060117294775826,-0.00020609003239343077,-4.269165427858712e-05
-0.0006191493313888638,0.008030457487569849,-0.09432505703504089,0.08244714304171755,0.00021509760855931148,-0.04959195714051214,0.00042853245924164056,0.0
-0.000563892295519072,-0.06655598180423744,-0.04509029031413658,-0.019153036689820435,-0.0001763489889192348,-0.01081672320296996,-0.00023027958469963854,-1.810032700724773e-05
0.0012949169165031367,-0.07835955563110587,-0.06912738109640873,0.1579363280670113,0.0014833772708217586,0.033492008345246294,0.0008089468537628752,0.00013653588438508613
0.0002664605277253624,-0.07848577241389637,-0.05989918624112222,-0.0734833357483832,0.00011557133698816835,-0.0030963972573523108,-7.741535052559552e-05,-7.448092476977125e-05
-0.0008898460666659864,0.09432712568125702,-0.03140723660418924,0.08000473955504203,0.001381359618356952,0.06346559131287845,0.0013425959332420512,5.000702932714263e-05
-0.00011545024337354659,-0.08417363028058869,0.04380738983958362,-0.06972919789185239,-0.000547251381495469,-0.007214403887287339,-0.000780682689703969,-0.00015452139609202766
-0.00030355093565076485,0.04441354578067462,0.0869070367275885,0.11944704710067627,0.0004714296130567754,0.0,-0.0005987725593271034,0.0
-0.0008637920897913769,0.030058333693513073,0.02239050893115397,0.03254805832439367,0.000495298620493069,0.03667470473221247,0.00015755856828107354,0.00011564153481666284
-0.0008327427916953363,-0.001180468552017219,-0.03964058545424006,0.0035909122519323694,-0.00011582394921337777,0.043102623722725955,-0.0003228164838243343,-3.589752154332503e-05
-0.0002591818388803431,-0.04810061067230523,-0.04667261818229253,-0.030361444501264562,0.00016610913240443215,-0.00546979587354748,0.00054634293662602,0.00013450736111142447
-8.443164524848215e-05,0.09606873701703526,-0.030792639445963704,0.08693156881605847,-0.0007289675861903861,-0.01972315395936691,-0.0009941210813359247,4.9548631161272505e-05
0.00010544531953909919,0.06422185640064253,0.12185043051853232,-0.05861270606185741,0.0,0.01994372053633888,-0.0009150373757076412,-0.0002577245671997111
-0.0001940448476591192,-0.05507129084997243,0.07622314304295856,-0.0541259660355428,0.0003023742194851367,0.02407300369552252,0.0008354714139342374,0.00011193016034125036
0.0006797945666719827,-0.01230442313391145,-0.07370385416397165,-0.06266391598998504,0.0,-0.018269060396613437,-0.00019638843829944408,0.0
-0.0002479565976483241,-0.006451908280337037,0.11098498209105573,0.0016976693529354846,-0.0003000483663698668,-0.03292729546962879,0.0,0.0001640132527158944
0.0005279565869830696,0.08812902043507362,-0.1047155379383302,-0.03810108060930408,0.00013996737304650613,0.008158943660742586,-0.0003133457822151899,-6.447204225404346e-05
-0.0005580525451254816,0.07802580449904753,-0.10898381183185829,-0.07234625267205075,-2.524259306589911e-05,-0.02997486110845196,-0.0005100208845229315,5.679864128180223e-05
0.0010361829898762316,-0.07528943543427608,-0.04931269967237561,0.15257524593959193,-0.0010730005231346755,-0.03401879989995103,0.0002799906277301565,-7.065996247022747e-05
-0.0009286753270756812,0.06430883270266897,0.11030514915400656,0.09423231238176234,-0.00031687212393775,0.06427445953345086,-0.00024038277198213973,9.902336251249588e-05
0.00027747957090026865,-0.025726611993651765,0.007112958663203665,0.052966615497331525,0.0010980966738971414,0.05356634376525115,0.001262781579415136,0.0
0.00022276355660683726,0.06330314232834107,-0.0694280827108462,-0.08116264305048788,0.00017857498003839172,0.023099102223130438,0.00042814708468042487,-0.00010003279009178356
0.0,0.05264105033993521,0.007038294765786258,0.06532159514976621,-0.0012726726457300316,0.062250552266306367,5.658991712015447e-05,-9.173237831158754e-05
-5.9808859514537405e-05,0.06489316191703227,0.08662829571036439,-0.05943875061702991,0.0003770370250643271,0.03163167127818196,0.001015713202780608,2.643211371500324e-05
9.550924004418318e-05,0.10288120868810595,0.12105098824304328,-0.029590298882953312,-0.00017433209464816818,-0.02570134118015771,0.0004943021993298966,-6.238169645966796e-05
0.0002746397802962055,-0.031061214168814005,0.1363620515735306,-0.041770878248148555,-0.0005061328029578164,-0.028550135402737858,0.001431013401816581,0.00020734578198454423
-0.00024531961419050095,0.03640220380538194,0.11096472402501699,-0.00016788672699523388,-0.0005175295418745274,-0.03571064644492525,-0.000695383199742873,0.0003384084445323091
-0.0002696702297069059,-0.09691419461761891,0.07765046503083431,-0.06362255626715316,0.0004688106901502727,0.0060616546773384185,0.0012668046308389133,0.0002431215715835907
-0.00020875719388417646,0.04753274252348553,0.02128546541682592,-0.07864791601059787,-0.0005690719771688892,-0.02331219023009577,0.000978751424201176,0.0002217504885415192
-0.0009227290343728767,-0.019591038977136682,0.03649768482058997,0.08893323531535122,0.0006275121293609211,0.05726920072776484,0.0,0.0
-0.00038450814291755294,-0.09901959172523091,0.06113679882797493,-0.028306433268850257,-0.0004402000894099986,-0.020380343963302912,-0.00022109626596522535,-3.834237687583286e-05
-5.5948914693126905e-05,-0.031370838518586554,0.031051433332566745,0.15041501438929464,-0.0008527693725458165,-0.05552197898075083,-0.0005632825709438072,0.0
-0.0005496625568234012,0.02925596043222272,-0.10501871317100286,-0.04406623439020866,0.0,0.014111629472844696,-0.00016296965797316099,0.0
-0.0002865595872505945,-0.0646511776333396,0.05681986795988777,-0.05985634472586991,-0.0006000128916239481,-0.0014219685569434796,0.00024001994543472864,8.018926010799898e-05
0.000479343103243008,-0.025880765440094627,-0.09161216467838539,0.12721189816411513,0.0006239605969045817,-0.009669668124714367,0.0005560092189026973,0.0
-0.00018288821510630305,-0.023852384257189985,0.11803981647757823,-0.03679035104170769,0.0005190658182892783,-0.002180409228966361,-0.0005308997999087901,-6.840732732307786e-05
-4.726065132105994e-05,0.040687965055737144,-0.014572435938019643,-0.06537838892295748,-0.0004907677763658,-0.007778200319740269,0.0008294655230571143,0.0
-0.0006836109567719998,0.04383618690103404,-0.06110856293485729,0.12201548865339212,-0.00021053965736966945,0.050897133725028555,0.0,-0.00010704662929900133
-0.00035759842820276067,0.006645729594298896,0.10072132604184995,0.1193990487708437,-0.0006552449414108737,0.04965802671569629,-0.000557394482087042,-6.472297677312389e-05
0.0003499698994836459,-0.01233619612245536,-0.018884570389243863,-0.030051617393187405,-8.456085960048766e-05,-0.03648330412346468,-0.000597611835655258,-8.504569798928251e-05
-0.0006021930873705927,-0.06231961738386033,-0.04878343661037828,-0.035787284558883255,0.0,-0.0243707535329313,-1.3262692870247283e-05,-4.3002049091221376e-05
-0.00029542994435991556,0.05195956183338074,0.03503297340797877,0.019828725101926577,-0.0005679459436095133,-0.017686511398982984,-0.00017314929219619524,-0.00021769830548949574
0.00026939400000609685,-0.012407535897663448,-0.033581660396306216,-0.06166542440720758,-8.248839278750253e-05,0.04066557168759957,-0.00018282956210521713,0.0
-0.0001702611330756285,-0.07380426223639,-0.03224429005923589,-0.061532315167834244,0.0,0.021197100256199,0.0001237222114597314,0.0
0.00010390543281540987,0.027186458287481473,0.10346832637402834,-0.10267094546485178,0.0002121790814694631,0.040727296196946955,0.0011309104645606247,0.00013604619411401202
6.530598276665092e-05,-0.02382587084735992,0.03145933367237439,-0.012044079465651152,-0.0004030128445138546,-0.015228846699821792,0.001220267982579551,0.00013644520058166007
0.0004310321225174659,-0.08085650482351257,0.00034645069210513253,-0.03982081303069219,0.00019901274875297858,-0.020295669107313917,0.00027525505649797944,-0.0001253932015826964
0.0011971190932734519,-0.08247086173107035,-0.09366343053745944,0.02192321436429036,0.0008346748294479797,0.03800957691486001,-0.00011890077898710216,7.99965054124227e-05
7.605859333778217e-05,0.0007504644628508417,-0.016625821404160038,-0.03461077009327345,0.0007709552574230976,0.04261314770949669,2.406212379893729e-05,0.00012069041711865449
0.0003060839441796845,0.09250678184098256,-0.08036855624069858,-0.056589268140693795,-7.306125982324899e-05,0.03148445865216027,0.0005856369322904174,-0.00011402268831264228
0.0009687597784335654,-0.09157887216959683,-0.02023953983567963,0.15527669813837885,-0.0010576819956867527,0.06441941032071273,-0.00061580646439377,0.0
0.00030035810422939836,0.01043160336245043,0.09103196215992601,-0.02460049233186429,0.0004802573617930574,-0.02724748923491913,0.0006591488491395414,4.588997535426992e-05
-0.0004305580220026862,0.01044392349406928,0.055984086535630355,0.12798285702398646,-0.0018017308173863004,-0.06505147430419599,0.0014099270958981595,4.359269252279807e-05
0.0002020749602500158,0.011980269400075938,-0.04323468418698231,0.0011925067410147835,0.00048017884834503717,-0.005715772349574602,0.0,-4.74016691608542e-05
0.00028693990292442175,0.013476994338048309,0.008120444479961844,-0.028923420652026275,0.00016262628491315714,0.043436827082172356,-0.00036657079558802264,0.0002929378665872697
5.632583890621823e-05,0.014806422460478514,0.03390898256598173,-0.05832888561462063,-0.00029225835554774125,0.031151372484651947,-0.0009742856664974317,-9.736185493000014e-05
0.00040781600192788605,0.003074080315812905,0.1384091370144257,-0.00526914230600717,0.0004822154556768084,-0.01706900076078168,-0.000270386682786678,-0.0001810212949946155
-0.00029252005493622375,-0.05972092457523161,-0.01479832785459984,0.1804602792528472,-4.44054323035767e-05,0.03697032517426852,-0.00014546547841256624,6.122720125315007e-05
-5.651496904982012e-05,-0.059369713949888187,-0.04340296986320358,-0.08665497139071007,0.0,0.03937108689005017,-0.000383595751558232,0.0
0.0,-0.054039437526482575,0.03765261150780423,-0.08887290097920221,0.000276865308786442,0.008713670817797389,0.0,-0.0002867414950257541
0.00014234199997863878,0.0361359508625071,0.08598211663079064,-0.03356000875158679,-0.0005433359716450517,-0.03621430385349005,-0.0006839763485374231,0.0002584650291675741
0.0006495498899912652,-0.05091882702550541,-0.04807323470411954,-0.04413897920338054,-6.54883244734783e-05,0.011420982703198456,0.00020784144770139725,0.0
-0.0004676134546687533,0.02420680291676329,-0.09759712345946181,-0.054717941211160415,0.00011445353525750214,0.035573022360518784,-0.00031634939938759423,8.006199762997102e-05
0.00045665611491130476,-0.08952310856680562,0.03341820990143886,-0.05809832985313223,5.1104472899410336e-05,0.00027031377249738447,-0.0007168804300939155,9.127734439983508e-05
0.00031830621125606556,-0.007429770630019986,0.059530064481435746,-0.07212633695930758,-0.00024479023630244516,-0.03876902426555773,-0.0011406908473408802,-0.0001832162283894702
-7.482643174286374e-05,-0.07831545794229545,-0.0026235290632938123,-0.056044811252947156,0.0,-0.006275758680925668,0.0004438658223234849,-9.598095286037175e-05
0.00012342655151065945,-0.039280408546629356,0.12488916734571905,-0.00242778328570527,-0.0007818706533787989,-0.021251628369767957,-0.000525915664124654,-0.00017122437262139022
0.0009664790937865064,0.08691236636223737,-0.08224697522959144,0.0662829870437567,-0.0006028038120478932,-0.05177445923806628,-0.0007248051572865179,0.0
-0.00013577503232387045,0.08887964360706102,0.019932244043066438,0.11481261770837863,-0.00037043913367555784,0.05751293269080511,0.0014092508053544798,0.0
-0.0008593139336627015,0.07159079719945934,-0.06969011223656262,0.03234722220820636,-0.0009409932868957659,0.03510620206058131,0.0001367951513231759,7.054542515938511e-05
-0.00012569985508711258,0.08474607963442837,-0.023928818665246366,-0.09747744020656678,-4.4324501012246546e-05,0.03158118023831609,-0.0004367770094110393,8.619862130778998e-05
-0.00038421409037836383,-0.017333325029776633,0.10867741620791398,-0.05308507110335785,-0.0002382126162285892,-0.025645802999820548,0.0008828043964254707,-8.14265271022619e-05
-0.00042804467612672176,-0.015072822094358078,0.10856735546844332,-0.0867923275510134,-0.00034157624189283704,0.027264158188860778,-0.0012148323241543762,-0.00024162652030060988
0.00021469793881749577,-0.0053698327788599415,-0.013237016678917884,-0.04375828918578332,-0.00019812392674865506,-0.017088849982688333,-0.00026308873835648096,-0.0001129315966015068
8.819324381205751e-05,0.020902484386451887,-0.02835041008100087,-0.046323376281785685,0.00017163892391003395,-0.03446352968095993,-0.00018392438926278747,5.1978082307516105e-05
6.824814410788527e-05,0.03935067556648889,-0.03495522814565016,-0.0831807161420099,-0.00011256949387321979,0.012019028281719347,0.0006676445871313944,0.0
-0.00032380438743983517,-0.05687185393243736,-0.03617206129810944,-0.00890152818036474,0.00041186674064474724,0.017122207105105404,-4.092800068218605e-05,8.60414728312952e-05
-0.00014491840636787767,0.06915454387975703,0.07991121646089888,0.16618419892766634,0.0015071043105211988,0.0476958756010306,0.0008938141851304867,5.133664487350028e-05
-0.00026315369841958727,0.0002360722903093082,-0.0842062136352202,0.014877434558356505,-0.0004895034117622486,-0.01951368576592883,0.0,0.0
0.00018600180722741033,0.05678848927705451,0.06636493918852411,0.10033441506104697,-0.0006265599700779959,-0.04277592257469899,-0.000925587415720927,-8.902898271484494e-05
-0.00014485112200116057,0.05125788226363005,0.06648407021295334,-0.011107410528874814,-0.00037001910542556885,-0.024804525930407464,0.0002975092428999389,0.0
-0.00040551069010144516,0.012422820289428146,0.04082293900332778,0.021425214198155934,-0.00035945104101197333,0.007448347714358572,0.0012181227068836123,3.851689632462796e-05
-0.0003760124292082908,0.05052303694800527,0.1398216890022991,-0.014366001591082643,-0.00034988757053690294,-0.022768243081732687,-0.0003980812855511352,-0.00032936864648674957
-9.533140014708899e-05,0.09459341542611456,-0.05007896037764904,-0.0024322398695034403,-0.00020326735066908362,-0.02757797652494628,0.0007219720562835384,9.739756512994885e-05
-0.0006043707736886868,-0.08080716024114616,0.05228332353098836,0.12318277574469927,-0.0011374546340757073,-0.04287124677146848,0.0017356131895217065,0.00011563464402530865
0.00038098429638599556,-0.08088587227492172,-0.05931241045244651,-0.002380376909253663,0.0002161850898331538,-0.040806899684670786,-0.00011852933238252049,-2.551855971477668e-05
-0.0006851383692960167,0.07466043086334917,-0.10057911724533775,0.16928517209618302,-0.0009628232141594784,-0.0201421219547883,0.0005788459195776419,-9.126298425969626e-05
0.0003988988734988692,0.055737735961605715,0.06950533023650897,-0.059098406055836716,0.00042480099409383337,0.007057728032928738,-9.487308954168883e-05,-0.00014127693348998179
-0.00033916791268183644,0.009808665088699963,-0.09683535314618345,-0.08071609153777863,0.0,0.014618512331869612,-0.00030650875694901436,0.0
0.00048576410068893036,-0.07048484932699711,0.036992041093919036,0.1362016938687273,0.0005100878509929268,-0.04860292215510281,6.436851567757917e-05,0.0
-0.00032133330097905503,0.1044468721072491,0.09238754963971908,-0.05616286527647626,0.00026723007229534357,0.0012559860377680645,-0.0015164341846873825,-0.00027583271134996884
-0.00011661789398206834,-0.008969912181490361,0.10371373754510871,-0.04439285971903456,-0.0005914434561768595,0.032381685401248195,-0.0013081964097453004,-0.00017408446599539567
-0.00021686056215454704,-0.060483270671230376,0.09071010648131482,0.161416506479755,-0.00040577666841965274,0.031627451736894116,0.00010138624215293684,-6.0510278919956306e-05
-0.0007740975858195012,-0.06693824040940788,-0.09783647343542341,0.09282759062796335,0.0004897076418549631,0.01174929346668013,0.0005727591207559569,-6.884968240293554e-05
-0.0002079806585730245,-0.017647244896314335,0.11682056998876422,-0.05476006950039552,0.00021507975078421455,0.022143279363778173,0.0002178712343788842,-0.00011868664210441804
0.0002921071262606817,0.09875199166369635,0.03568906004118147,-0.06329201897914839,-0.00021278442478352778,-0.015120817411232671,0.0011640977964833263,-0.00013297172275176378
-0.0003434381857960166,0.0024863390875778804,-0.022478022353468272,-0.005511426083481372,0.0002557190107940937,-0.03931662256797438,0.00010861636960320453,9.370868612672278e-05
-0.0008011462711288262,-0.010644753351465225,-0.09604769756893299,0.11953862865693868,-0.001065331221612711,-0.06398015889461513,0.0,-7.26552861802926e-05
0.0004211997373514172,-0.04774525491811591,-0.0517191960183191,-0.046911205054754254,-4.612743437234234e-05,-0.013116648656253718,-0.000218261391297859,-1.7248934053581966e-05
0.0003241481872026433,0.08120078416073455,0.13666514906969748,-0.046866098726894,0.00020711878485027532,0.0039251245992299845,0.0012458043317936378,-0.00026157120447295457
-0.0007248078487981145,-0.03515936742211012,0.009819314747207165,0.031881936044469816,0.0013351237870096583,0.047273016865627605,-0.0011799957772670104,-5.2051094368843476e-05
-0.0004016591221572388,-0.02627941071489055,-0.015623397787452102,-0.029758841425802242,6.674072983660351e-05,-0.0072220884656214596,0.0005397478210206445,0.00015318907166615977
-7.13855277414497e-05,-0.030626020795142563,0.04824254959462866,-0.052930529360735806,-0.00041051250191501094,0.02621522873933588,-0.0001650475697592091,0.00013311036182987675
0.0002626248790359128,0.006994948234752369,0.04883157918749868,-0.012155474781109985,-0.0006132560301531885,-0.040207604958902916,-0.0012284066884066995,0.00028410949584998054
-0.00024354721416081082,0.09164482916833391,-0.006999468401338437,0.16196579310777706,0.0006041583864200965,0.007816394249742262,0.0002576448279179119,0.0
-0.0003700139447118997,0.09857834716807688,0.1419698009348083,-0.04273998261617458,0.0003614596701707345,-0.0025179469483285304,-0.0010161384788731104,5.504034840808636e-05
-0.00014986904894101483,0.042339176942226255,0.12723197479533163,-0.0146343483059079,-0.0006376940677087832,0.03899978036656192,-0.0005171376926633358,0.00021821921607634973
0.00019456875201754396,-0.034991193467710305,0.07508399883703279,-0.07056656927993592,0.0005486642458597648,-0.005194997351200692,0.0011537216831237357,-0.00012416669484138776
-0.00014674090855514675,0.027408097773482066,0.07816532736312268,-0.03465592101372589,-6.031377709236896e-05,-0.018999222471267084,0.0007199871315037837,0.00032877150438254186
0.00010319536469615163,-0.09095633277232135,0.04289016140672513,0.07560352137780352,-0.0012708061491307743,0.018689415130439542,0.00028020505475352165,-5.7474428823194035e-05
-0.00031610669144120374,-0.09885477076208875,0.0704195707632496,0.16889925498439923,-0.0019466705390813904,-0.004364776376180319,0.0003393819870864679,4.803196932681719e-05
0.00028242089041299125,0.032487106126329116,0.12109774401484326,0.04897641310347936,0.00022598439195783816,-0.0032976390606069116,-0.0003459625108870087,-0.00011485810823708142
