S1_Current density (A/cm2),S1_Voltage (V),S1_Faradaic efficiency,S1_CO conversion,S1_Crossover rate,S1_Capture energy (MJ/kgCO2),S1_Electricity price (USD/kWh),S1_Membrane cost (USD/m2),ST_Current density (A/cm2),ST_Voltage (V),ST_Faradaic efficiency,ST_CO conversion,ST_Crossover rate,ST_Capture energy (MJ/kgCO2),ST_Electricity price (USD/kWh),ST_Membrane cost (USD/m2)
0.5104126780360625,-0.015409261587534225,0.27256432658796537,0.005491794852807316,-0.01482934540579625,-0.01628310834927529,0.06599478621378375,-0.013656997041705556,0.2866859631556693,1.0043776568931604,0.6951095504673044,1.0202082889636102,1.0165178980242366,1.016251647416529,0.994029477834006,1.0140087815693042
0.6207779915000544,0.00767962477007064,0.33173229170569135,0.01943974434483849,0.0030889703840955456,0.004038976381684416,0.05094136611497329,0.004789263655272155,0.3418660505692548,0.9928648690345699,0.6597091944640014,0.9911775744789443,0.9950726363507704,0.9952496818004054,0.9711853533096343,0.994878208426134
0.5740099240513796,0.0017557947826436291,0.2246573581418128,0.009566821878011002,0.013483948204626534,0.012154537202613853,0.048924154903222265,0.010125571866644941,0.3628783607260283,0.9855017170954526,0.6129524227770593,0.9739574694179024,0.9912977728297697,0.9892465020613443,0.9505706695782038,0.9933537027871822
0.5643830626842535,-0.010747162423870972,0.3412458660301466,-0.013093929171965238,-0.003163970944491314,-0.00037775248853390953,0.04761433423959588,-0.005093399253260188,0.33336733699594834,0.9897338072247304,0.6630341195447231,0.9803632816849198,1.001588184994281,1.0054063489884701,0.9829363510717093,1.0031059119680799
0.5920630953445928,0.012082520560455084,0.27256732716771853,0.04149507505303419,0.01722898834416323,0.021550182435174602,0.044075283959804444,0.018541670554968283,0.4361793802411478,0.9734435072247948,0.6265925070962299,0.990322095796859,0.9804221992124602,0.9859907176044463,0.9237077685664912,0.98388967267077
0.6120961270407186,-0.016787370094185607,0.3189667609573302,0.0059426586525682355,-0.0019104194009097245,-0.0010069823982046867,0.040072129285220914,-0.002427617138543946,0.37791095813791065,0.9919918733897976,0.6816067302417169,0.9902559854050836,1.0007556876458443,0.997716363323139,0.963508986368816,1.0000837711703021
0.6492685177315085,0.016408032350497457,0.32109133762957986,0.027429970608571455,0.017271895601447665,0.01709913772186004,0.046052157692936184,0.011023677264033927,0.42325321038970465,0.9881592254192164,0.6824552291045771,0.9747937753364346,0.986307964181929,0.9848238040648725,0.9619515828820165,0.9825832086025023
0.6405811525059415,0.018371064853199507,0.30180273685648384,0.05370651129146991,0.02155070515589237,0.022815681237693577,0.029245898092145,0.026371270500584236,0.3867764887903995,0.979521227906856,0.6464283209317009,0.9889856110312035,0.9790914799466653,0.9723155825547999,0.9001254357806104,0.9802795433176106
0.6039141762031457,0.008973028322108908,0.18507842617612769,0.008346713363641992,0.010922392924347808,0.017808594830278628,0.03203193659036242,0.01100323118436658,0.39744607631061435,0.9853188090946977,0.5589975535034605,0.9620552705156546,0.9883355513508952,0.9854270787616265,0.9308436205477113,0.9835747690862608
0.47708001937173755,-0.018845574637879715,0.43409066800334656,-0.021142404414947115,-0.020020049476816824,-0.019080591922692146,0.02818887808940689,-0.016382235801298255,0.2320691756096963,1.0120622966580606,0.7693106090317249,1.0005867649144653,1.0182107307948407,1.0175474277781233,0.9621197444428706,1.016899709778676
0.5985694820256642,-0.006636502740952883,0.29138616763616854,0.017989552287396276,0.002274284507145418,-0.0003019920083051655,0.05365375169510397,-0.0004482055102944872,0.37204386724023,0.9942245253307582,0.6551353259220563,0.9956505158786222,1.0030105983233606,1.0011939302495818,0.978209121749206,1.0044560912542002
0.678398196575686,0.024416987447301756,0.35059189359691784,0.008068459971717132,0.01764784318682709,0.015850555431979305,0.033856445770544856,0.016310674958982953,0.440928156463275,0.9874163530003517,0.7614799075802763,0.9613132957978842,0.9828754849230147,0.9807344000006468,0.9114747124388475,0.9821771915351238
0.5439447762998854,0.008972724738620074,0.23669976958084235,0.015007322116920846,0.002061404309754233,-0.0015684993291579183,-0.016892983111770326,0.0007611572655159317,0.32664037109287936,1.0060002088600468,0.5744787927195938,0.9991644076646753,1.000257145407443,0.9962863662918157,0.9022548100202218,0.9995116790992945
0.4570815927485435,0.0015591373429608409,0.45531754086390336,0.0009986916097592365,-0.00863942835520283,-0.012761975690763464,-0.0013764915576928384,-0.009911058442837292,0.24771563704992117,1.0039591305299946,0.8625844527900958,1.0071478409148769,1.0141101063114344,1.0035866049245523,0.9199499973586789,1.0127564228588428
0.2799410558675412,0.01752648051796459,0.3931754833779959,0.023873838140973266,0.009698287080442073,0.0050906884771200036,0.07112822755170815,0.003819461154135016,0.06485969688363846,0.9963468594491914,0.77646931261499,1.0007864233337185,0.9938242579118542,0.9894920708323622,0.9644547170534096,0.9903488988099947
0.5820601447581557,0.0030922523156205434,0.2515875590779874,0.023987351849614705,0.017122335087369524,0.012956764759405257,0.07186356654924222,0.012174946023756761,0.3208282949707085,0.9726669075990872,0.6067939130667759,0.9874215391697357,0.9855675208219626,0.9822815584888493,0.9607716172863131,0.9857974930667587
0.563997535507902,0.021499389436661256,0.35219852315704775,0.021210220099132274,0.01582243164885493,0.015131218549535167,0.07740326114170185,0.010510952131200187,0.3155718422655496,0.9918423352595995,0.6913887015713046,0.9776825757999061,0.9888817844019882,0.9867394310517218,0.9784238411502297,0.9857725865544097
0.47164107118947207,0.03041171359475008,0.4485010067432035,0.023266433045492932,0.023742106117175338,0.026709304531383805,0.07565376700276942,0.021548799673450796,0.2582590361699487,0.9773492464496165,0.7520522043978471,0.9586313700843097,0.9739358198635477,0.9763578621053619,0.9244403484187699,0.9763497991243603
0.7261407616236918,0.01474802838858135,0.32874362812248453,0.031544033695661215,0.009616036542916236,0.011924879305566322,0.07646616309548164,0.012025326985894615,0.4794264461280161,0.9927851207356421,0.6306045047926888,0.9954438011558648,0.9885976687691578,0.9870635291201274,0.9826827593827414,0.9890344036393569
0.6885630337877277,0.006091929661259034,0.22718593045587196,0.011258119336578986,0.007294306994434461,0.01470798234910349,0.037389109211550746,0.00923246609178791,0.4820076861199475,0.9909610737888571,0.6124557235799162,0.9723820704605322,0.9936467389705139,0.9908925554784846,0.9517115628176448,0.9876489096898009
0.728106008431175,-0.003013199170886449,0.2679818758418266,-0.0008872647912142973,-0.0021576846603155214,0.0012615464427690917,0.05402617735680515,0.0017641428508450422,0.5421921199369955,1.0076714686269603,0.6182491703954578,0.9844561778687506,0.9997246482231981,1.0014978362428937,0.9594543811990894,1.000551451159875
0.499453397220697,-0.013859952980393964,0.3065133825318541,0.016820846125511404,-0.00907726356340917,-0.0066407603965992195,0.030506806670063343,-0.005981221509769402,0.2931521797910912,1.0104203043671052,0.6975263865719792,1.013305090768309,1.0054893312801576,1.0076642583093396,0.9764760303246438,1.0149367004720375
0.5671230736080454,-0.024520040876413837,0.2737174634231145,-0.028398327434886756,-0.034655149041430126,-0.03066799241507642,0.004875501277239558,-0.035329177702665276,0.3508501781135731,1.0387777318925613,0.6541224336651863,1.0171135132029587,1.0367559329996838,1.0300827656604876,0.9663338906898253,1.0320203899867808
0.5608276855905839,0.019918744379866266,0.29278233251427244,0.028516427906529918,0.0045792239995576765,0.007491709334267494,0.03501859609509542,0.00823336458230051,0.36787596759336727,1.0050243903886014,0.6809813270110535,0.9959417372587855,0.992708652184619,0.985014208054634,0.9427721312130856,0.9969192648535576
0.7051478498587909,-0.007009873823028085,0.3272298733726621,0.010419386985144814,-0.0025029239706508403,-0.004191882597519586,0.023960806736784693,-0.0032554925605625747,0.49027456484366827,0.9897301753685155,0.6862420692931392,0.9985068291051216,1.0016145301306725,1.0032906411746676,0.957142466795621,0.9992613979779492
0.6962186283860816,-0.011720483709491922,0.2879306712524402,-0.005509228223903022,-0.01637625078647408,-0.015610748050261376,-0.03816372773793275,-0.012595905369628358,0.49307880003761506,1.0157549651586708,0.6271650078849669,1.0113155669803768,1.0162806914704825,1.015413899828128,0.9218687535329332,1.0199682636412473
0.640285907774313,-0.004903695899180658,0.20496091429457416,0.004707828116257521,-0.006995797186524761,-0.008883267225873575,0.015358720716426078,-0.006354237614746567,0.4359951868910209,1.0082794615433277,0.5276603792564367,1.0037117663583572,1.0117425139890979,1.0085331414011585,0.9139176332575715,1.0071039567003466
0.5648603263512393,-0.0471065508434953,0.22933208241948452,0.00012906320563907644,-0.030322462151752244,-0.03298766039131234,-0.018974566371815358,-0.03193680494870708,0.3849051207860753,1.014244141542888,0.6504935025412824,1.0470678157904463,1.029559774598793,1.0326703805512973,0.9473880363350363,1.0327862990439742
0.7096990531451572,0.0058692573912757385,0.24580054849207825,0.013689613701989336,0.00523156523584996,-0.002424044645247638,0.07722580985295092,0.0011188993784540596,0.5247159700588159,0.997579459840485,0.5968393165011017,0.988220592578657,0.9970875249507671,0.9938395674041337,0.9563544207595145,0.9967699038385626
0.47293956432036843,0.012628229241382636,0.1332744238908349,0.025288558122954462,0.012946073337379613,0.01390358563642928,0.05872940699313384,0.009792157580918039,0.28297116885964113,0.9815386463298126,0.5393677926059851,0.9825227337520243,0.9907033260758003,0.9897311778395815,0.9260400177208751,0.9867864164248445
0.6948104517686812,0.013972230203152053,0.19544281844697575,0.023522240752376525,0.007590468732575942,0.009565625973157764,0.01628102403880131,0.009963415627922764,0.47647859846140905,0.9938106222633736,0.6090651182054743,0.9902950623128832,0.995509010602444,0.9924771896632244,0.9220083173328051,0.995702116118332
0.4838632242173512,0.008400125111774561,0.2684612607916616,0.02311330877327397,0.01364882440599546,0.009997987539072812,0.056892079839187544,0.010958380508693397,0.2984015377881567,0.9860301628615327,0.7042707535013844,0.9874988694629546,0.9878077967020686,0.9868395070468687,0.9582798947502447,0.9875525492900513
0.5903812355474711,0.022360516751590686,0.2603497381916668,0.004419446765123674,0.010866317423706797,0.007560174733613579,-0.017617664768767128,0.011382253163803358,0.33355254178605265,1.0012755655828205,0.6486631428994851,0.9688029604987367,0.9905775829220208,0.9845815887660396,0.9000474642440812,0.9880418414406067
0.5887384142440378,-0.043582175983591605,0.2530951620564054,-0.042822847299581634,-0.054862813416104765,-0.053683543199674034,-0.07710583816157697,-0.05812438637612108,0.3898929886575563,1.0548612542885616,0.7083027018511774,1.045363512189284,1.0521783649855982,1.0548610047115912,0.9659133497278085,1.055325688652956
0.6970254719447118,0.028662095152403637,0.3817255693338745,0.015493152074500938,0.01562671541757487,0.014899830639110009,0.09903053776726951,0.012732655658627285,0.4704516546441886,0.9925723352658222,0.7019909514321957,0.9679170847345212,0.985066166939059,0.9827625551329047,0.9784079939794369,0.9829184714014004
0.645933000433705,0.03145950019409225,0.10913991309009789,0.029288406801929207,0.03604122856410256,0.030235108538755464,0.07960481664960818,0.032510911551362896,0.42202544689919075,0.9738966181198081,0.45990593209342545,0.9510180006570766,0.9689446630783033,0.9628652323564828,0.9241581518426867,0.9689182467524082
0.7504435456615126,0.030479758555358824,0.31265545559673624,0.023420556362927274,0.021088273939640516,0.02217996590930817,0.05554393747345385,0.02103661033642375,0.5450371471830306,0.9924916815859216,0.7469865048455983,0.9696422103263145,0.9783395207415289,0.9867751433852354,0.9318681904024412,0.9836675094643972
0.8095198719227367,0.0355245198040812,0.45848337150208124,0.048470026537973984,0.03844783686681658,0.037619094686644525,0.08558921849821455,0.04130544640897873,0.5792358575955971,0.9595156671377421,0.8144796222859613,0.9566993153474712,0.9610138301391359,0.9612930820878991,0.9276083854451063,0.9684203539194945
0.4592383881878312,-0.013109870566360066,0.3182843351272695,0.0027136693017488617,-0.004383243251812546,-0.00697494505002395,0.04122875569757159,-0.004149505784253739,0.263680324367743,0.9995414734777301,0.7333153353495498,0.998456525807227,1.009311983943982,1.0041512878514927,0.965843899456224,1.0037006548878593
0.7707963888180608,0.003227025633271839,0.48969312983894503,0.01212756448509375,-0.004277208464058689,0.00039584553655418495,0.0730509606303404,0.00027186091718660294,0.5584610538086483,0.9954331272069623,0.8942277435285932,0.9992018608996858,1.0006399591145,1.002829187370948,0.9977836765683382,1.0056102312849682
0.55440320040014,-0.006390004023752778,0.23739944348857173,-0.0018887807803119674,-0.010828547125494274,-0.012804207297296056,0.03236601626560418,-0.012220977054134925,0.3607070532589409,1.022025351595786,0.666266067175951,1.0023887599117582,1.009568408170234,1.0076405447280685,0.9833012557051006,1.0119017127581245
0.47774955589373247,0.006634035862277753,0.19847133751071333,-0.012456672378333988,-0.0027611598283052577,-0.005457640636989981,0.03165212276389077,-0.005672316758268714,0.2513977744845989,1.0151399714716034,0.525708466881622,0.9802175694104833,1.0040256854262626,1.000091718334992,0.9552682215356363,1.004528383147335
0.7100284847732589,0.015199169931427779,0.41164854831613656,0.043536876636220155,0.027160405497481655,0.028404829977551036,0.08322065434760874,0.02713700224251088,0.4896044799732706,0.9646518606162295,0.768056936415165,0.9692886204003578,0.973644194328359,0.9733215892876926,0.9390676814158672,0.9729537679603347
0.4749535592632105,-0.024223978262256626,0.28347622376493953,-0.0025882566827027803,-0.021313919776381043,-0.0223811769505106,0.06056258727569826,-0.019625733567934008,0.28605230659415415,1.011730309338416,0.7175800146143627,1.0162245058341068,1.014809129948109,1.0156351937455739,0.9917128175551186,1.0197496515699398
0.4505190618489043,-0.03501255024973398,0.28195799785803694,-0.020979877956577946,-0.028193766493790243,-0.02999407711860377,-0.04118464542982755,-0.02859447590172703,0.22222786195748145,1.0149907097599438,0.7213830305184353,1.017955194479112,1.0266549301370127,1.025649643648736,0.9347452110617103,1.02624908304444
0.6590839834554366,0.0010977797436884952,0.33926908818085244,0.009701609541567848,-0.001002063719440835,0.000994467280754573,0.0059907721350594715,-0.0025697837449576294,0.4603853746000294,1.0063312095597081,0.7102321041090227,0.9987690013282832,0.9999982314201381,0.9977109036696019,0.9114661021148616,1.0028442960385986
0.643701636613956,0.007988322147187204,0.26834909666199164,0.027828105614548394,0.008807594740033292,0.010482866246798913,0.06768518518175766,0.007464482027366363,0.42952995219519907,0.9817564184734099,0.6508480791082131,0.9949401111581857,0.9890588366476523,0.9861526968012578,0.9619532827545154,0.9875395929369835
0.5275733242045394,0.023436604997113565,0.3545997449371646,0.017140775365377732,0.009997823921584924,0.012871038779005072,0.06634314403459256,0.009262523025522352,0.36291573429411994,1.0052226521046959,0.7457352245090068,0.9816489471111736,0.9901297187814371,0.9885461087509068,0.9453776721379777,0.9857126125443086
0.5401807230478047,0.0070383587268269595,0.36957216180048214,0.02005268938756546,0.012863381202502387,0.009871636506991731,-0.0010377230841188696,0.014239160518139497,0.3025498850841143,0.9866374161404581,0.7755713442282365,0.9781947499234387,0.9868263912067472,0.985747089975843,0.8929274318907883,0.9882912181087361
0.6150502566398287,-0.03213544703032238,0.3748215887302515,-0.03321324194992616,-0.03422525457808459,-0.039474301650593784,0.049359779151369916,-0.033013959114276306,0.36122194634498017,1.0337456182098401,0.7779769332602615,1.0179507933667606,1.0330463269394812,1.031391596558737,1.0260206478794094,1.0366843303030373
0.4845603586803178,-0.018767945487267325,0.3550779981114682,-0.010034341470976444,-0.024116979873897045,-0.02276994642974198,0.04991804278868512,-0.02775547968463273,0.2564640939888594,1.0214516590848608,0.7637513124230499,1.0201948157843905,1.0226595053663443,1.0216031578752565,1.012941176640024,1.0221102136858478
0.47775693122249563,0.014935180070248341,0.37250733399120817,0.007807206816253803,0.0020393411544039793,0.002701190341670157,0.06110664516775862,0.0026938505652915707,0.2405968002165111,1.0056475033449583,0.7056323181828219,0.9843883509368645,1.000960218777938,0.9968350955028602,0.946946737801707,0.9942803617096226
0.582120120004466,0.03007981914431026,0.3605851600617367,0.03263999039928151,0.025471822230927046,0.02696984367128375,0.055726290271420786,0.025266958120039547,0.3872134740493892,0.9791368353965899,0.754935718439697,0.968699764484471,0.9773785947948691,0.9789673853201382,0.9276014441800953,0.9775530330749915
0.6544326395966257,0.005854442134683016,0.47363223776240004,0.01908257537313144,0.0038596359767109527,0.01416256606934553,0.049978889462376934,0.008912082358868492,0.4451479410825293,0.9860178464702002,0.8055532933649189,0.9853138915423989,0.9932741775962151,0.9969733169463098,0.9424131958360634,0.9934929175863576
0.5635943109410373,-0.013913798507068956,0.1783492609881939,-0.006506503786602031,-0.010251192934981312,-0.007449466783382066,0.05804270660074801,-0.010004375918695014,0.36308316890493164,0.9976587428006685,0.5528551214610915,0.9991082634151556,1.0103967624685708,1.0129661121853304,0.9567401281552081,1.0110384702695403
0.6251796368226559,-0.019591176961514006,0.1543268973205955,-0.029646593563773062,-0.01756275940564268,-0.015879218039335938,0.03620167574348836,-0.01773536513284155,0.38609326152190904,1.014622580547518,0.5465439398018063,0.9872645867252097,1.018963620906536,1.0196033335328358,0.9864291225597099,1.017844101452625
0.5391946396954017,0.04827678992052174,0.41153297441980724,0.048422352373882815,0.04280023707159084,0.0503986551670337,0.13959868098311845,0.04368715672333834,0.3391432066778004,0.9469106960536282,0.7313112462798168,0.9444482023051264,0.9543759740995712,0.9525018750546018,0.9521426045358742,0.9545434520618712
0.7488606481301089,-0.008171663109606346,0.2928849878634086,-0.017433833876227278,-0.012172353312558629,-0.015542825354884705,0.04774822784781978,-0.01667008978859506,0.5522228581198588,1.0070613984396544,0.6841700779975929,0.9956831134836462,1.016140235620057,1.0053686946268745,0.9827716560326236,1.0151617646558477
0.6244157954086954,0.00017446037295840616,0.2834364607190605,0.005015438389319736,-0.005034371393406429,-0.004375178932025868,0.02945977503934969,-0.006186153543596139,0.40327718690978176,1.0073998336227767,0.6670303075439443,1.0006748888466148,1.009923954064947,1.0067175200721128,0.9494097261753168,1.0056364814534062
0.6257824875994256,0.035508008526084316,0.36525213291382885,0.048831158541676745,0.02914151181849316,0.032345102377948666,0.04729590592700318,0.03329000880000193,0.43462408406510566,0.9742729942863861,0.731276260368301,0.9712442284092057,0.965982071555852,0.9639653349022332,0.8759178819123926,0.9665806034667465
0.579118582434374,-0.008274405216526943,0.3609293713080867,-0.00869640270547587,-0.005592552518189511,-0.0010838962712547012,0.06086967034052543,-0.0035618452178201206,0.34228489252645367,1.0024111211888247,0.7218734096187969,0.9831697560602637,1.0040015222210767,1.0071950943692596,0.984699609785438,1.0082212678337015
0.8110786118343173,-0.03777080217829148,0.41443291261898235,-0.005059986947161778,-0.02484399745583857,-0.028247304135819325,0.008030365944412095,-0.025313319058271486,0.655104322025096,1.012645203057175,0.852793279972953,1.0202597565922553,1.0218418137522958,1.0232527364279287,0.9366576293821199,1.0247949237078862
0.4780867014008494,-0.020098825708729746,0.2987473117608984,-0.019711973644138344,-0.01292189463125685,-0.016855988416788415,0.05382148882266062,-0.011946621137021803,0.26110310993262065,1.0095358606936558,0.6832506294379141,0.9910177698940714,1.0166119423502782,1.0112804484570597,0.99955825139768,1.0141391345485198
0.7132829131500397,-0.006002944895004628,0.10873812185090781,-0.008539419704533237,-0.008027188283096068,-0.0068478842411258635,0.04184938657598668,-0.00436522086576952,0.530978939503904,0.9967674180607753,0.5651746094448712,0.9829092534055665,1.0053022716559932,1.0046620423868373,0.9565826409994509,1.0096390184988504
0.6664891328800353,-0.011811278288543352,0.323185641028212,-4.042761042763125e-05,-0.014609002825114594,-0.017811463161059304,-0.00102861883035378,-0.016963143217613334,0.459151212972279,1.0201535829148292,0.7300155949768519,1.0190555020273862,1.0190422335635243,1.0170372894947917,0.9361343264428874,1.0204111595808878
0.6892244505549866,-0.02246819269687679,0.2967126109606622,0.00012324035545980107,-0.02079630704063724,-0.02037233651208759,0.007448547559860628,-0.023143527698897375,0.4864577436065749,1.0115625920961948,0.6919176857921212,1.01922410016195,1.018195438199034,1.0190735165942282,0.939886930125118,1.0188973304937465
0.5418769148154216,-0.010432445756385697,0.3039161371578962,-0.01494225228130328,-0.01246260948028034,-0.011983534122218937,0.014992927195043628,-0.010430744683556141,0.3784169371943529,1.0166882269303195,0.7411656128214434,0.9911128494570891,1.0139953080120419,1.0128947671061987,0.9576556776972462,1.01344225518324
0.7029232067517716,-0.0101893117114509,0.33225562184153656,0.001221390789644618,-0.008728208634203928,-0.0050224264820439716,0.015037368816630384,-0.006136978909369283,0.47168443044752006,0.9975581397924892,0.7370754999635701,0.99307868439577,1.0089318876344442,1.0058196230020597,0.9606471978056526,1.0045039707118413
0.6153587991468582,0.04100434863085382,0.2501548775951824,0.039214247554551496,0.030683135701810235,0.03385277826335302,0.13281933530502132,0.026757172799697623,0.41791574185499203,0.9752832655460166,0.6706375608193904,0.9573028412459189,0.9684654486052318,0.9677048127654252,1.002930731922296,0.9671461122347896
0.6294716910894418,-0.026790042779956787,0.23690412094756166,-0.013250643868128973,-0.01683447439550117,-0.012881040237859341,0.05703647946067646,-0.017928425710732693,0.42763929210851004,1.0048463079603591,0.6157988169066324,1.005241465740368,1.0179004657560822,1.0215730857696528,0.9985203208549618,1.0159565298144029
0.6495325487910704,-0.007281659306738404,0.27567374709136094,-0.01955924733159544,-0.023241961729884464,-0.0241104284046696,0.019095415010658385,-0.018429682636767992,0.4271581280597515,1.035072791111528,0.658146643421502,1.0018308252139863,1.0205500089869244,1.0204044784288944,0.9692805766866588,1.022592115804366
0.8098238343146049,0.009052452117376627,0.27098730340857125,0.021813510302463868,0.0032537150800570442,0.004448405407481448,0.08519796051015344,0.0053591240858503345,0.6163653813617238,0.9928902888034401,0.641479514478688,0.9977399164770295,0.9942889672072892,0.9961585355007156,0.9900985870430162,0.9975477657682564
0.5427215553336773,0.0037754598103216758,0.28131385623423033,-0.0008943680866270946,0.009721643707756588,0.007009456551195309,0.060611977360259105,0.009320388108665787,0.2933684007422688,0.9929227226459979,0.6563470992272278,0.9654538064038786,0.9899975704602978,0.9873128566680746,0.9670550660351857,0.9893769845995644
0.5545453386526181,-0.010914792451675885,0.28236109002844245,-0.035074554210220585,-0.029208586516157185,-0.022946928810855912,-0.004915323214924058,-0.02921036200741874,0.37191700822889673,1.0367109224851125,0.7888365932647967,1.0059281908764868,1.0277579426263959,1.0276016430121124,0.9610979248895424,1.0290533860729554
0.6038491983675552,-0.03483258320042663,0.3865354976849657,-0.03585156854734117,-0.028086538928625546,-0.024107283429893676,0.005755379423369878,-0.028698087163359427,0.40427967189102776,1.0169518215567563,0.8329434983053278,0.9996868966916294,1.028218231433747,1.0239235479214057,0.9710032447256781,1.0267394368315386
0.5307280451304321,0.03225772825433435,0.20952715913645575,0.03567813547098252,0.030341966715781234,0.029451446172428748,0.053079417511286094,0.03076010248808469,0.3017167725807809,0.9778834214113996,0.6229507888139664,0.9550650136528434,0.9696043594202955,0.9641313175673956,0.9366665544689878,0.9705117592431574
0.6430468071363569,0.004402746989017512,0.32088001623406676,0.031406715138201396,0.014224805715610479,0.012393355871465889,0.13624059200851316,0.010470855651008047,0.508001753640811,0.982977157459387,0.6849388221650646,0.980358120108193,0.982740710247788,0.9873385496087703,1.0014006894668013,0.9873564143951262
0.6135510013100174,-0.0041128053279474806,0.3223684677723008,-0.014601567214064304,-0.012912905184409242,-0.002888979266997246,0.0400101298225052,-0.0064648714666275435,0.3737206143276318,1.0030984589860916,0.7009800935878303,0.987444703231225,1.0093112902295982,1.0141945322175208,0.9662900041254311,1.0104063774786023
0.5458177435643309,-0.025200682207897892,0.24581716511696283,0.003907491518744144,-0.008787519394736548,-0.004911235866538118,0.010333359267748839,-0.012013596805578125,0.32471834936874067,0.985034219303431,0.7274949183729222,0.9961932735538876,1.0082859973247196,1.0054973347628273,0.9505151135031346,1.000805797662614
0.7477982013496427,0.013960176656432616,0.2891957225457665,0.03503368629650939,0.017906257547305928,0.016451051999727195,0.08264651654538231,0.017655920810297168,0.49808922032382896,0.9755167378947276,0.6922674158294262,0.9827692693797365,0.9880088080830708,0.9826858775669001,0.9625318094752546,0.9798448029094163
0.6541119205858097,-0.023430763691259574,0.4076799470523909,0.017345498208699243,-0.012596795174688254,-0.011338535914153033,0.026244963610013848,-0.013967818307239898,0.41359143170854984,0.999402440521792,0.7388183659659984,1.0206811394704123,1.011021952559055,1.0195952781017896,0.984245761688334,1.0144225234934514
0.7739186477580378,-0.006184399685419704,0.28544164244901504,0.009777119738125601,0.001734324760924395,0.007666792683909442,0.027008326705261945,0.0037864219644441945,0.5814324151495169,0.9897963141212825,0.6816281030900102,0.9860575936238598,0.993091062988811,0.9946838364787953,0.939059764986471,0.9983652035171872
0.7541870764297293,0.0027035450111843207,0.36533933613215835,0.016629791038056858,0.007153997882382077,0.008808162344833273,0.04693870735954635,0.01132962598601297,0.49011469462249135,0.9845000426747057,0.7412209702701299,0.9792916090727786,0.9883531758638872,0.9890877905974368,0.9387918374639165,0.9967876520147785
0.5561680013687106,0.004220176220122424,0.19640901079007825,0.01013696298741023,0.006777312997866934,0.006547797384463146,0.05234734342408368,0.01144962335079322,0.35020964189827386,0.9898802063444395,0.5950583664726183,0.9848720156001181,0.9927141770191589,0.9960026693250517,0.9588176189322837,0.9964979199576327
0.5392845148160784,0.01460734893204112,0.2606070154056383,0.008135966305797122,0.01279221407795033,0.009043591404735101,0.031123998972122105,0.007823023114887724,0.35482581579842776,0.9970449480489921,0.6306541088341221,0.9733028167239154,0.9906459673862295,0.9880756263359464,0.9040901276397325,0.9849444606362953
0.6602665784235744,-0.005118893030976371,0.2271432165164813,0.007215180473506879,-0.007623234714448126,-0.0021151095122696213,0.0401679415717969,-0.0018459492241019167,0.42737696477778453,0.9944907227488302,0.5948447870650333,1.000243875642272,1.003472653103464,1.0069465818239547,0.9679671601623121,1.0033140261260014
0.5290445967633354,-0.028871722326263814,0.39565128068800065,0.008615654649085352,-0.004638593032029743,-0.010696814608752877,0.010900402651089684,-0.008088281231629493,0.3077485590642761,0.9935775601673579,0.7733646706627803,1.0114201169250199,1.0091085461541094,1.012156897150308,0.9608993985987836,1.007317303760135
0.5837477913582135,-0.008522344397911347,0.3681663170279387,-0.006726038718476445,-0.005765765025639709,-0.0053064224200979285,0.07896680092994997,-0.00434157954067874,0.33690589913978664,1.0022445806008284,0.7612484024527437,0.9885821691274619,1.0006663806329166,1.0063195946811831,1.0182275837091548,1.0043486710943743
0.5158975308378368,0.013898594979225631,0.3442702971068774,0.008124576067295207,0.026456598381859583,0.0209063719657837,0.09566985554931555,0.02491749112043928,0.3106429911576565,0.9742195004134602,0.7216008081652582,0.94995188079832,0.9725282039908483,0.9802266747291,0.9542122288623545,0.9791139420896621
0.6578914209214727,0.02983925374873538,0.3686693419882908,0.057131827121971165,0.02838440290875322,0.027014279118775474,0.08628118456856873,0.02703458624849891,0.5296565914630167,0.9722739465298791,0.7727052425929202,0.984210896743104,0.9723494644885402,0.965223560764052,0.9238599801095163,0.971682590020083
0.6696712900191013,-0.02961221860134518,0.315017763611539,-0.0028158777641019844,-0.024507563099730255,-0.026916159630572787,0.030126856159557014,-0.028072557851819606,0.5141663143777668,1.0164503382671377,0.7156471630337193,1.0359861582426912,1.028935448803702,1.0260673802948512,0.9744334067115012,1.0253347490810245
0.6507904676319288,0.024363756519119602,0.46259037350446314,0.01943174278531155,0.02295266576499328,0.0248455618362076,0.10470391351131463,0.02533928250272108,0.44478626355131845,0.9737308187491915,0.8397809478655104,0.9575510584709829,0.97509575260939,0.9774340854722864,0.9581174318789831,0.9763034903625395
0.7148729494847501,0.018396468261798176,0.38221694153418767,0.014500231286419477,0.005658104184841751,0.0038345900485511632,0.06106251344271036,0.003130181768028781,0.48997063008616193,1.002879608026639,0.7449171897624725,0.987448032273128,0.9954318310372396,0.9937843330267078,0.9492667425448701,0.9937179974640304
0.6111141341965485,0.013125879703628144,0.30561721494637645,0.0013593303511398487,-0.002007130454871094,-0.0012293259937108784,0.05758268847296334,1.1869351085731335e-05,0.36380502177966734,1.0073956245592857,0.6733070062669064,0.9844279956037537,0.9988898905156355,1.0027510536381639,0.9772056681989789,1.0038241137622919
0.4488435748866757,0.016719388142956346,0.28104174712937086,0.029914844325109175,0.02170068336918957,0.025598386525422748,0.055303966627104,0.021618321959582052,0.23789786170022342,0.9768778532275841,0.6719880047394022,0.9681894354203379,0.9809220409809031,0.9794235728426374,0.9432606810278449,0.9797118947042778
0.6425861563063272,-0.014136937544235536,0.37348619840538305,0.00533495187590887,-0.0032740583611101702,3.293714480176692e-05,0.06253483206088539,-0.004440354966714673,0.42304908796276197,0.992888606596927,0.7703415534835472,0.993883280001961,1.0042928966474072,1.0018954075640887,0.9840812159692377,1.003000827706795
0.5695158849859471,0.015011245035655409,0.3366977006007191,0.03915287456122349,0.01626239747626065,0.008523098063928206,0.03951771609825726,0.01708736082961139,0.38961123742788883,0.9745225420284328,0.729351241256675,0.9884315136789944,0.9825663286592077,0.9790419268126657,0.9016331183163239,0.9850350224580587
0.5392628844599927,0.020260496085150553,0.34153796670654135,0.029403281463639536,0.025377149594339368,0.027276542301234954,0.036340395990789275,0.02547878891007989,0.286615142184644,0.9647122562029311,0.6738102693281485,0.9627026078436739,0.9759674745219538,0.9716276232545977,0.9079045710099896,0.9756081173024262
0.6039146364607696,0.0022858541584672557,0.209504360290082,0.009706987998917175,0.0071160261291017815,0.00397992694602219,0.07512305538030861,0.00754193397064497,0.3754346173199429,0.9840842415729295,0.5545451864407283,0.9851712794880744,0.996356958419914,0.9908359832094713,0.9738888562633489,0.9946290293755697
0.48807882724993823,-0.02882211278072392,0.35491645627457064,0.005823955706140971,-0.025630955167610065,-0.027310647753727,0.0018842036021965204,-0.02417098135308508,0.30722963558882044,1.0173727836686075,0.7633286418049721,1.0428279154468776,1.024696767285113,1.027240867079598,0.9472273016806985,1.0276036649351044
0.6811973405356095,0.029871831706108073,0.2635118896966287,0.04142022097510674,0.03530828085193329,0.036516885360468744,0.10967481259303515,0.036341791369203576,0.46824742883495374,0.9509588596684305,0.6654130245972418,0.9532076326808149,0.9665493005365143,0.9641492411260104,0.95647858072985,0.9659976322401516
0.6484982129704354,-0.010633037902167313,0.214925619747842,0.012304692653533567,-0.01945770330485048,-0.016321224076022534,0.052684379426418515,-0.0194299821882685,0.433670384030891,1.0271768743570968,0.582399548984002,1.0284834670185243,1.014500666980788,1.0150902626989713,0.9993800034039425,1.0169874061531246
0.5396428504421894,-0.017841635980440813,0.49276950701521854,0.0014934193559718021,-0.0076577486390142545,-0.009452607342160668,0.037601356136744174,-0.011970439222188864,0.30176606465476274,0.9975727931973204,0.8833038834939536,1.0029583248023148,1.0081011673662832,1.0058506578290247,0.9786012861692858,1.005327836096837
0.6904623971273068,0.0050958220046851445,0.20235378492825606,-0.002048542294258372,-0.002319756943368587,0.006185155590032803,0.0750431380959621,-0.0017793148439165342,0.4797408388663107,1.0072898809823074,0.5978307129715322,0.9837805630344346,1.0017347452592344,1.0025487490324068,0.9896306736953636,1.0001123146480293
0.6476006623330348,-0.004923075077537315,0.3246723801983945,0.0042087408409987835,0.002015637673363683,0.0011503236315608828,0.09351809106664441,-0.0014378588712422747,0.42805817371092136,0.9937541159764148,0.740761460315633,0.9921744349906636,1.0023939341503005,0.9997960455337846,1.016107088329947,1.0032768154711498
0.599227386895773,0.007810013512396143,0.12706595582694036,0.013600472848559905,0.0077392248350405595,0.0006352851084475137,0.026346842552535294,0.0008320455933641817,0.3674242781945646,0.9966692479736705,0.6196492122097794,0.9872814690663261,0.9951796409117365,0.9938945098436621,0.9412416548821624,1.0005072010632803
0.58699553018177,-0.026185740233612576,0.27331523346912967,-0.0127071176881096,-0.011762713174384452,-0.01595625625348394,0.04552597192047418,-0.017557793202618136,0.39265841767472365,0.9906079649052503,0.6332173684752426,0.9983753794598618,1.010630534254548,1.0088016816857088,0.9857591484287787,1.0156614063990794
0.5009372068810183,0.009233789956484781,0.22040156435414612,0.02007760049914565,0.008700259367788798,0.011633782236815013,0.011191074217693405,0.009223967616121645,0.2638246892718792,0.9861799646317003,0.6265839855174434,0.9793347712718757,0.9890701299712289,0.9906567292557711,0.9050718180190485,0.9919241853925813
0.5955017562431715,0.01282524753216537,0.36825516459607904,0.02425990053401223,0.008044734960253883,0.012610027481597657,0.0026768872407417384,0.007994567316883184,0.36688944381938204,0.9956893712149041,0.7530378168392199,0.9899685382148784,0.9913822259050127,0.9952040895678926,0.920788665538129,0.9896901994411859
0.5141260483495549,-0.012972095836070103,0.3389354337318555,-0.0099104255550493,-0.006209952408793028,-0.008140839564977216,0.02951869663881112,-0.009356140541311028,0.3311785798338782,1.0069663111490397,0.7304533748112787,0.9864565321123571,1.0071756996932268,1.0050995312474107,0.9580580507737788,1.0027862645960013
0.7286642279684415,-0.013166567909759267,0.4188737065355717,-0.0026415597786223597,-0.0031434005899725623,-0.0028433567082912304,0.07790646523852457,-0.001134563076035229,0.5229893185258443,1.0077799621676196,0.8223949920263998,0.9868431567049443,1.004866835427809,1.0036204645294535,1.003703477045192,1.0054010458164562
0.7287585084412463,-0.03711952814006009,0.207255454151145,-0.036434061876200186,-0.02987065150769049,-0.030437944613278957,0.031898561031202956,-0.02994860480235987,0.5177022905209165,1.0157830895107025,0.5953995192730345,1.0084898642320297,1.0274655368636454,1.0307833392136498,0.9970809436280634,1.030289519440303
0.6521609364388888,-0.020575466543688768,0.24403420136074894,0.002209885422854727,-0.014595485685159131,-0.01490645499042023,0.02463719298078015,-0.014929561515396596,0.40688385588508924,1.013619620409067,0.6532398868548628,1.0114657609193838,1.0129679745502993,1.0097543589403808,0.9959491478846628,1.015962178536673
0.7529425683319206,-0.015219838287200234,0.21297123799302026,-0.0037195543532994014,-0.013976519174460772,-0.006419979308351169,0.052985516692452723,-0.011423513841436377,0.58847074028851,0.9944221209896543,0.6202246730661181,1.0002572086035815,1.0145180376173772,1.0123213247090799,0.9788988801588085,1.0117998872955147
0.5711765750579131,-0.016358055775430067,0.3097612169125054,-0.006804215326976367,-0.0164872539137858,-0.019691633061929354,0.008023543174779905,-0.021391060058815345,0.3389771623660486,1.0119946331564338,0.7124331966871517,1.0108652788709147,1.017224844113232,1.016037591972823,0.9548306686071738,1.0166642135338657
0.6147043078736968,-0.007718716543917541,0.33810750265554507,0.004472187142769505,-0.006113507337712584,-0.0029259961538736106,0.06488892770173808,-0.0036125174301062887,0.3813756810321304,1.0055323420623614,0.7026419842380408,0.9922353298959024,1.0074558901424664,1.0019964936560908,0.9904974396161523,1.0055565343825155
0.5840161867881972,-0.01666105926237294,0.35453001854048816,-0.015592710460679655,-0.020777167680390358,-0.021885752866065623,0.05883208714133408,-0.023778893804626812,0.3693051501211172,1.0232474483797587,0.756297729864286,1.0133714945550456,1.0221072088610936,1.0220557002364306,1.0026242079746146,1.0205547159776212
0.4602285341237906,-0.011813393358020452,0.396063764032986,0.029435302776414866,-0.006326819895226449,-0.0067970941394269345,0.030265898963935785,-0.006695670761847037,0.23445258636268473,0.9974279391987768,0.8124999029138472,1.025936506262568,1.0074324970959883,0.9991445509566208,0.9394657302166882,1.0093083203923654
0.5326693863694436,0.022366942782087236,0.3912678474178858,0.026648348651576687,0.01413333646404771,0.015055412906623562,0.031760221801071124,0.012930352070839547,0.321594300036379,0.994848211359145,0.7937659680372002,0.976520914545482,0.9820262635763294,0.9851970179455942,0.9459883930069968,0.9824687035512337
0.5072433351106191,0.027764500609955636,0.22381663322370568,0.03389297811939027,0.017865239692040544,0.01567575014374109,0.10385053852806919,0.018294180891852523,0.28136975689014143,0.9985365076790865,0.6074921524754493,0.9790678832756282,0.9831122376850978,0.9828885548109088,0.9915438081573617,0.9845169963172944
0.4606408720691618,-0.018424668518380014,0.24821736349940438,-0.0332528372899183,-0.031818884945805384,-0.02959773918256046,0.05435750865433365,-0.028709207219618126,0.275807835272748,1.0390670504261255,0.7119806922265693,1.0061700378753795,1.026583782082633,1.0294199296161142,1.0050435776772157,1.029604739510917
0.589190273968567,0.01384361867514064,0.2856799613117301,0.018041102369053735,0.010158227435835268,0.012903273329778664,0.023966289211340742,0.007044393047612402,0.36000792806437676,0.9955216040734649,0.6788841095113934,0.9870024478684308,0.9900798752785706,0.9898971185196908,0.9394445273575807,0.9895136654555249
0.7212865144225831,0.0059156489259590325,0.266069305149019,0.007312112952720168,-0.003673774528569861,-0.00041498416818494717,0.0651945227042574,0.00036428070408225493,0.4953596077248308,0.9980286607119966,0.6164916838332153,0.9921667753182596,1.0004574270773972,1.0003021423705978,0.9775955393027983,0.9994302085140732
0.8202093867913969,0.006545419993500414,0.3571807571056784,0.004573700495785106,0.0007027509673905347,-0.0015823282851974527,0.0609979436045102,-0.00045181862433414655,0.6282013042543797,1.0071627374099297,0.7065763917067118,0.9859063339901809,0.9987836390514814,1.002825141707682,0.9743132853656467,1.0029094406544763
0.609840389074623,-0.03603558714974453,0.3474687963758328,-0.020382578536656926,-0.03691099890615666,-0.02795973842542009,-0.0011163279515966787,-0.034023627975654155,0.4243436513305159,1.0329387673840074,0.7444657959015847,1.0229328756129157,1.0306711768272157,1.036643115250973,0.9674614962621937,1.0328876383266823
0.596089187400591,-0.012491466548187691,0.22394880579561058,0.009882644279045893,-0.005534019422606177,-0.008340584901660824,-0.005230200907753136,-0.010401829922377644,0.383434017161166,0.9962403786451077,0.6215491228472467,1.0113151869315673,1.0115337273304494,1.006284334871796,0.926479085575885,1.0051226276179621
0.628649229246365,-0.016026728136809654,0.2790624774533506,0.005821423061168162,-0.008533445670490797,-0.004181876689390986,0.10066703718353547,-0.007776816878839836,0.4242957780335248,0.9943496662351908,0.6605987835449751,0.9980917482032634,1.0084521013032663,1.002460082649552,1.0102585999350884,1.0060539534652995
0.7546199706670977,-0.005500302815804778,0.3372497847500727,-0.019691064196645635,-0.0054092374312420454,-0.008802170231475198,0.049759331450498594,-0.00936044501342356,0.5202158606506289,1.0103652263453937,0.7084723880262084,0.9787168219406345,1.0027922139987415,1.0052394074552817,0.9739285695053788,1.0062048365931733
0.8624506745472191,0.024081354376014857,0.3652771977159105,0.02859683880006991,0.018364832077441932,0.016405859692012525,0.05302283833372988,0.01657074604387371,0.6644807536162548,0.9818008779132021,0.7183137341604436,0.9806528071749774,0.9814544877867802,0.9839302404018178,0.9453402178274096,0.9843571407784987
0.5059800334608728,0.020321782522215504,0.34390283896525736,0.013674461170346097,0.016783322937839122,0.017143953878177784,0.06418852303202832,0.016252520097903997,0.2841891404628827,0.9774313905696672,0.7100204619821762,0.9702702714739068,0.9807233212581249,0.9823166745169429,0.9422457556498891,0.9852223028202645
0.622210706837051,0.0013086262581671671,0.3132668798961494,0.004010037477804876,-0.011612143043105792,-0.013705513238587355,0.07556735645296112,-0.018158570350670575,0.4062057909199128,1.0326252388770059,0.6612204560816055,1.0138031044822582,1.0188066878262028,1.0155246521709707,0.9980549563835266,1.0100976557848886
0.6943436888154365,-0.0031827715960711864,0.31471994077890836,0.0035772371332336507,-5.70221899416004e-05,0.0040880024201393585,0.09080831747266607,-0.003115274714234539,0.4834287254536893,1.000436691560353,0.6920514336096454,0.9852301205661297,0.9972421710001635,1.0005727446765396,1.0047296818109726,1.0024046967504143
0.570048893529683,-0.015662804619739484,0.4205119870124326,0.0058034299038895835,-0.012062058973886135,-0.014222766707640784,0.08064155185172726,-0.010634833692468622,0.3618041418955431,1.021541813730407,0.8343466774420814,1.0111382828515185,1.007730636336716,1.0113936570222484,1.001011711198031,1.0129388017696468
0.5916956984285984,0.017168295786231646,0.3176325353363675,0.00011588338160559371,0.0031293369072999252,0.004054131609617145,0.04678403365099842,0.004624209269900951,0.40333638254938575,1.003506463827294,0.7066567062668507,0.9706340369598152,0.9954735396074312,0.9913878267027172,0.9648376859175947,0.9994800267218348
0.7236903000836338,0.008989732071444304,0.3650077323385797,0.001959348515645386,-0.009150234886587161,-0.01116877586385896,0.030676414078016072,-0.014114538327585593,0.5173939467889486,1.0225427892421695,0.7360789847595721,0.9964296440691474,1.0074548254907563,1.004716880010761,0.9850618225409284,1.0041791686521084
0.8039276266854386,0.015565520870930416,0.33717099153586094,0.01690922881805475,0.021255444166645158,0.018881528950208788,0.05932008069844621,0.0181539307289355,0.5654392869802605,0.9753523698691987,0.650187597896281,0.9652066466238003,0.9810227807094596,0.984645684436322,0.9583646171695979,0.9836079647673706
0.780611209279243,-0.006904560071397706,0.3071594135483338,0.02707226601056065,0.0027475905765887874,0.004496276527868514,0.0639895347373859,-5.240257608021221e-05,0.5215925720222748,0.9846056253725465,0.7084762191308822,1.0058259550087219,0.9985725227908699,0.9964327690597087,0.9732530414819757,0.9942688717724117
0.47016289125723515,0.025143896699002712,0.35291619707300326,0.0196722182035197,0.018445023242372818,0.016655665174118504,0.06282237912175226,0.01523904488251575,0.18720155442051312,0.9852608829357424,0.7101903340387208,0.966686181129327,0.9801691981283689,0.977098741282862,0.9500081049793764,0.9812226690768276
0.7476110690223406,-0.03206250045228221,0.14384732515190166,-0.00029296133313365814,-0.024001695177632922,-0.024884132236898428,0.0031369668056458683,-0.029301608024758893,0.5460639075537816,1.0085151063268603,0.556766718573953,1.0298812591821769,1.0211809184234404,1.022841579924642,0.9643510881694293,1.0210429578995874
0.41931174370705876,0.007005955053245889,0.35005381675122554,0.01975296510145914,0.00719213574228242,0.0051374849347058755,0.008223534926569735,0.0008575470113426287,0.22230384662321345,0.9946703957280336,0.7810485731749395,0.9919216598808777,0.9919669398968947,0.9980846787720111,0.9037238124016703,0.9963044739896754
0.4942634275657899,0.01781822506714254,0.42284384184515716,0.0073630672691982705,0.0050119559965672925,0.007662050884858621,0.04656608754105925,0.004897679749454911,0.2893531029792783,1.0010792603763046,0.8000505810182807,0.9764410374736882,0.9937500301105836,0.9905936864084433,0.9490779313185652,0.9904101070839845
0.541155716625555,0.02734992365948707,0.19012277834910649,0.00807231711859794,0.01672338442659239,0.01945910701934301,0.09247517462407191,0.018073202660417922,0.34068042310270463,0.9943266047067565,0.587097537796732,0.9490010383978555,0.982982166024648,0.9823909972855518,0.9743166217757441,0.9821684906376142
0.5368182475476373,-0.017138118608911346,0.18007400238306068,-0.022835163710467534,-0.01903308620683688,-0.01682859646378962,0.017286992727366886,-0.017769103189938042,0.3044100170181424,1.0142857661587268,0.5860418075608258,0.9973950733985258,1.0149149002202276,1.013953887884761,0.9701380124268076,1.016691398273851
0.8001723519146429,0.00830235650960166,0.2981923475487698,0.034600713156273805,0.01115525997527648,0.007959099828368104,0.0236955400868907,0.013394717633369888,0.6027169823587142,0.9773788435761197,0.7118930777039181,0.9915495659954333,0.9854602400894541,0.9833105803794226,0.9407443208852302,0.9911097585376888
0.6211502515979753,-0.0006645392105006694,0.3093277291948552,-0.01612345287733477,-0.013827665752421666,-0.017389192903030003,0.011136314826050018,-0.01827467147785873,0.40463098821501664,1.0327475756042537,0.6980405330656952,1.0024504701023147,1.015263368477614,1.0189874923657687,0.9497123520695014,1.0213172478647186
0.6359531901315231,-0.0185772341944905,0.36342709039172333,0.020537326488915385,-0.009040302981715497,-0.010111976485707467,0.029468650932435125,-0.011724637706187022,0.4486918278140032,1.0039043949503268,0.744533638029784,1.019656595470071,1.0074690281431669,1.0130356066271935,0.9791990001783196,1.0121794312172714
0.5779624016328042,0.021758678922129134,0.308586449926471,0.04171863742512455,0.02248948628574694,0.015511662813056172,0.08287820859625511,0.024484088754634974,0.39639490633434915,0.9766260446496883,0.6827070929304928,0.9802168471063957,0.9847304951162484,0.9758315287967544,0.9612394491439011,0.9863030031155163
0.4844118728617275,0.0013567718953455133,0.36843192491798504,0.001554657145493957,0.013772041705540302,0.01198456194446092,0.06347302628363007,0.014370648010187921,0.31867080693362115,0.9755556666109888,0.7415240301847321,0.9518420787777027,0.9842125381698033,0.984348320364995,0.9422053670643619,0.9881317132054735
0.6257766452404463,0.021590111448053208,0.2052207376343731,0.00620138853196749,0.01059333143374915,0.012094438631666453,0.08237828111124994,0.008571349583689816,0.41648228164191436,0.9901491675428662,0.6124629760864179,0.9702396587341053,0.9924526458632852,0.996466339328107,1.001347824712016,0.9891951195245406
0.5706456090133295,0.019166394445724756,0.338592834836668,0.049343620550673165,0.02403126463766155,0.024277899821929367,0.013167051069498455,0.02328141240473237,0.3784934013903186,0.9677945905079106,0.774031214526942,0.9754988663447021,0.9776195388679236,0.9800043669398362,0.8963384463390147,0.9753616428142051
0.6624141413613281,-0.03745319271414087,0.23683457235900235,-0.009543273890784023,-0.03223732918419198,-0.03894890047061903,-0.008115066939205124,-0.029526098262947838,0.47385793178187374,1.0204820999507733,0.6567950486073674,1.0362303149192538,1.0316502130133909,1.0279717351939033,0.9677824609792122,1.0359651342929759
0.5644498012307321,0.012897619279551999,0.3425582750893322,0.011839162215374071,0.024860424643872735,0.025898660420565413,0.05997792230408278,0.024719688397022245,0.35859314941443887,0.9675024879557251,0.7269330717715727,0.942410211442704,0.9753932271665724,0.9745619318806817,0.9313188083607643,0.9788256411130317
0.5618898235509776,0.007881759625834154,0.2816275870728756,0.010352843731452326,0.006247275404790161,0.006563332994880979,0.06517233910288137,0.004215431463149394,0.38279253273671243,0.9989792466335279,0.6733553063208938,0.9878777785974321,0.9956826622601704,0.9903192178518812,0.9515312804574407,0.9962409155004868
0.6753203428351283,-0.0032751828008867824,0.3797722622907712,-0.014123225737752194,-0.009196097787817126,-0.011435229836065652,0.004566137247006941,-0.015333204645156967,0.45387888053556336,1.0153595497614687,0.7394457301427854,0.9895142239695262,1.0118609718289524,1.0146723180835702,0.945168412782555,1.011009034148447
0.6722159746260672,-0.02864059956312534,0.19326635907100007,-0.01798274575717668,-0.019314171531687237,-0.019224975638719954,-0.019009731670586182,-0.017638068071182515,0.46475939854046955,1.01688488795098,0.6187982958141268,1.015603021519833,1.0201844521691303,1.0169097948332402,0.937760638065778,1.026271957589036
0.6019856165417424,0.008920293428315684,0.37520373680336644,-0.003676277561956012,-0.00799289309780643,-0.0066827152226998955,0.05994279322486824,-0.005892692992801628,0.4397281376877452,1.0173280187814255,0.8268159587031313,0.9918589100857148,1.0061381280314812,1.0056440641169595,0.9607153284606238,1.0071688398039182
0.618434534454156,-0.003936376409683059,0.1788993463057355,0.019425675241188888,-0.0018000861782082004,0.000465602880919546,0.039204124187357886,0.00047417737986634313,0.4076980363098701,1.0066745597107192,0.5975250946044481,0.9961726795694589,1.0011927596871726,0.999075958543761,0.9502850639821305,0.9933182351566086
0.87304272570803,0.01587360987163919,0.3520560447553237,0.027679894783333242,0.01875347208081288,0.019556602872420947,0.055514759405281174,0.019550904707493873,0.6027264343748661,0.9917185953494595,0.704935470694368,0.9781785428453438,0.984760541316753,0.9844641925969241,0.9465784590393799,0.97850691605929
0.5636634356455944,0.011922202893199854,0.2936615681476967,0.024827150202750586,0.011593349169970468,0.0111615755933573,0.06209991836094941,0.011846184052996464,0.35256377711257303,0.9873755883942732,0.6432710539611577,0.9856257273743185,0.9889965720970482,0.9854052285344632,0.9369257041212676,0.9891588512104504
0.5620516351941963,0.044903051762679,0.30394769761700474,0.055406212916032795,0.02641576057194102,0.0269010070705706,0.07782493666165226,0.02682065150445794,0.30053020670397224,0.9865514817963422,0.67381060506256,0.9848754140775424,0.971291022369757,0.9700646097773817,0.9563956850264728,0.9730710407976413
0.613291611514131,-0.013055375510142795,0.33983900185586513,0.013775775472034945,-0.005162024323900392,-0.0027030067060638606,0.0013780284860814354,-0.0025195670715137887,0.37335854418443937,0.9968550459153579,0.7727168658661556,1.0027261420180915,1.0017535741069248,1.0016150537865407,0.9300579001498613,1.0039564771481406
0.5199473370461464,0.021965554810577912,0.36083136602188637,0.02481453205025501,0.021388880772704587,0.019405979965122905,0.0688548806122736,0.020026909557462558,0.29497171043591475,0.9772412298943818,0.8164523072856658,0.9600700695514698,0.9782686372197551,0.9762143277202668,0.9325165974684636,0.9820392438644624
0.7498158409205948,0.00393959426944677,0.37065531589831774,-0.00015955758172004714,-0.004321331810526472,-0.0036424403433468074,0.021824644557059677,-0.006499351977003807,0.5905317077664743,0.9927252506218015,0.8266875731712573,0.9892700442606405,1.003872680787399,1.0046397735364598,0.9297783001307068,1.0047473765638322
0.6870178882378735,-0.01860152400938098,0.29449064230769967,0.006493648015058572,-0.01652118745581257,-0.017353374363517072,0.007179398653973984,-0.015543365417544714,0.43583876075510875,1.0125407276882727,0.6848469940528392,1.023716606554096,1.0179529336870115,1.0168027072477226,0.9693382378646607,1.0166891504974476
0.6568809038866543,0.006814441936063938,0.2486732986037079,0.04902619479524039,0.013834115706626031,0.010126245673669319,0.052408162531834786,0.011053724642716074,0.4607530157250439,0.9795785273050874,0.7093754088599493,1.0032905287494425,0.9858004663407091,0.986411372675352,0.9607071817161326,0.9867918809920403
0.4685854206801145,-0.015218477728190589,0.3595781629996264,-0.006394462912500071,-0.01805523905489135,-0.02144200172887077,-0.0023683803095241943,-0.02210869887528331,0.30834318225635104,1.0147208081275814,0.7543930574514979,1.020945288007035,1.0222085809160937,1.0198307523790409,0.9454940853061273,1.0180929549040325
0.5058017909248058,0.021055057756519977,0.27982478110962555,0.019453135525628718,0.007846817957378916,0.008097938999033615,0.006413553568722128,0.012770555817654754,0.26857533209647877,0.998448371674527,0.6266263165393849,0.9823456591647525,0.9893085896984889,0.9912175996493471,0.9099245315330404,0.9921241479640657
0.624046978600436,-0.002609027556003799,0.26562951814702485,0.010597131173643979,-0.00522621813551373,6.850482968561704e-05,-0.0172693293409325,-0.00041297801094513514,0.34924084254627574,1.0062748867855498,0.6078574553755749,1.0043448513993394,1.0023353756850677,1.0075327460023504,0.9099684538017447,1.0073621648287487
0.42956206050772994,0.011705027340179301,0.3136599439714008,0.025459133431804507,0.010806426368339549,0.007883089104915385,0.029238564842679667,0.008941020132130951,0.1863352263919713,0.9982879815660067,0.6881975271990048,0.9971304532025089,0.9948795893641351,0.9939919169987809,0.9257803089761382,0.990607144911975
0.7199431967157851,-0.004026216312382264,0.15131313627439974,0.0005643990275086701,-0.017072569062451602,-0.014005400118099143,0.0103883565364087,-0.013178395598252884,0.4933117749682385,1.0034688445857713,0.6296416735922528,1.0061732741716807,1.010570180433572,1.0145347051356801,0.9370260219507323,1.0096004340443436
0.6143879428088745,0.04081047247297843,0.4704334144872642,0.05886912946950422,0.05218222786969217,0.04720209307057122,0.09419723409575552,0.05071478026006743,0.40845884557570156,0.943167786234179,0.8426923168384921,0.9406720675203352,0.9536237991184395,0.9506875228697553,0.9169596711660709,0.949229043041178
0.7143441689559488,-0.00930599159615581,0.3097466466851596,0.02023165126454183,-0.00350066971513906,0.0008331964422288306,0.035283967887632314,-0.005196307147269842,0.47785979279354673,1.0003455294286692,0.6708049933158409,1.006870962100299,0.9978322741840455,1.0047670477987847,0.9591749964440952,0.9984898401248008
0.47862321325892576,-0.00985089755368543,0.3742830340459251,-0.005102478969811026,-0.017916926173387443,-0.01578648551023247,0.040579445478404856,-0.013823988550502668,0.29220761919033156,1.0183248703098142,0.742292306817361,1.0043236583445796,1.0115833420417477,1.013784798984647,0.9574716691404683,1.0128380872281257
0.648088479148345,0.03301274260056137,0.2423768685093704,0.019596420310360407,0.017209322128478192,0.012670317139779784,-7.604854975982295e-05,0.018457516589521383,0.4221281101267421,0.9893258010947289,0.6505923734522743,0.9776502246219794,0.9849036028303572,0.9833442358230862,0.9101491829645696,0.9874603374251258
0.6852830914766214,0.004567929586802514,0.35684831508061976,0.008545998174180504,-0.003009249654799706,-0.0030596126189027877,0.02031960916264674,-0.004037767651090981,0.4927564822401225,1.002319022848395,0.7251413037074927,0.9984822864207156,1.0028926026333924,1.001507908450724,0.932484587559153,0.9988096590928001
0.6962118129531646,-3.804270865471693e-06,0.40697539262176996,0.01009370774725471,-0.0065928029606905775,-0.005256155867455645,0.09972957138602932,-0.007873191829715392,0.5109019234184129,1.0190222683925252,0.81432462483358,1.004007138142484,1.009193950010476,1.0057841549353717,1.0134144787839041,1.0157256768012262
0.7519400543223252,0.03186757025743285,0.29200669558105,0.04461945453925651,0.03819849529961908,0.041379783167170114,0.0014221662676321706,0.03873239317699796,0.5135288441396874,0.9517329221805483,0.6298206988551476,0.9459793656251945,0.9575173899228069,0.9540108184020588,0.8398070814474972,0.9624407861965132
0.49662413224484847,-0.04655673266519876,0.25230206434827923,-0.03893358226488158,-0.03724579973878152,-0.03666490649330778,-0.03402278548937597,-0.03603491200937796,0.2758948989533535,1.035165010293585,0.6686592934744928,1.0265896797386582,1.0376211819461727,1.043502871140056,0.9686325314570718,1.0387158385145754
0.5001464564136715,0.005056238234726387,0.30049441167107505,0.0002109240827371693,0.009951014710586207,0.013415507293690607,0.018475258954323278,0.00676545891686246,0.29216828550016993,0.9811426908164854,0.7260543800567738,0.9643613298922578,0.9926689940777217,0.9931996546058721,0.9091349351784374,0.9911470371387076
0.6227831551622952,-0.0072765830114201345,0.4049829016234035,0.015623958260953613,-0.005099228165889682,-0.009351180619570857,0.004186229381990943,-0.010125877594996266,0.3633099483398584,1.0009774795609436,0.7868323111388877,1.0159154095638463,1.0040683083952056,1.0082100031389343,0.9405038585267504,1.0102871069716397
0.5303371380886577,0.025127432615981417,0.35534928952915285,0.020717906020772718,0.01409371839199044,0.011364023846619768,0.044218015909959635,0.015425117067429642,0.2994723594322203,0.9759034785489245,0.7495345875408506,0.9740305467660588,0.9845798556158111,0.9798588910909588,0.9430852231203879,0.9820041797901891
0.4687881128230242,0.004415064641140777,0.19264045900386711,0.022575483103425303,-0.0004637341619693651,-0.0003038586228652142,0.03231854813334271,0.0010695445949526652,0.28097962592815373,0.9786312175825423,0.5617295837593561,0.9993161195608914,0.9982615781553175,0.9943720364126856,0.9471133143559395,0.9924130740830484
0.5135951601671798,0.02372651585444208,0.4142224411147872,0.026743608046759255,0.025312575112024074,0.023675967383997323,0.04996746246792266,0.02552474162867413,0.28473213906907247,0.9702940246561764,0.7785221580820396,0.9589877981236503,0.9749313710135163,0.9761467442639687,0.9260465016034348,0.9761571701972265
0.5360379753057206,-0.008795824041005835,0.3533875329517133,0.02403743244456777,-0.0002108506583813933,0.0013534533884558306,0.06634005079140387,0.002339729816509729,0.33626352840504814,0.9900459528148888,0.7566847120883697,1.0032371845839345,1.0003825231363288,0.9986933650841263,0.9749943331322876,1.001486668619249
0.474709366367796,-0.0017245883146444407,0.26857004280363184,-0.004486138842367395,-0.00030322909183943864,-0.00011177609943902884,0.0989443753351697,-0.00408298469283467,0.2513731173605298,0.998536146117958,0.6579357801084778,0.9727670120992161,1.003002462419115,0.9985432019191084,1.025102005944699,0.9968895584232489
0.4214946394143111,-0.01657215093147909,0.40948463112817624,0.010089374659294312,-0.0022269807913586365,-0.00545529343054682,0.05883339614376845,-0.002907917980209624,0.23407898818033535,0.9831770259827759,0.8000925472137196,0.9968051651401415,1.0027534644046252,0.9962067881148061,0.9779013205803508,0.9995526754120464
0.5034344673277134,0.012372297091870125,0.32781105085411777,0.008811855525756265,0.015000324885406405,0.010988847080052877,0.028904468713817598,0.0046185033342038325,0.29840060329419016,0.9844691657512614,0.722923791359869,0.9696825526977657,0.9892786665777065,0.9813823184303936,0.9139247982050378,0.9863667460032717
0.6261539141496276,-0.01979291264058814,0.20852825282259999,0.007484493885083137,-0.0059662644533343395,-0.009346604851569816,0.025901184362812666,-0.009423444523943926,0.4111437315715162,1.00275451841289,0.6370472696899365,0.9965385906728036,1.0092436254173272,1.0072232375247905,0.9612874510346616,1.0094978983205891
0.6255622637539222,0.005484935076376417,0.23687130560151795,0.036301042565280044,0.005938461613858744,0.001958098791644586,0.09470365781262864,0.009501863087381011,0.44703952278275005,0.9865132718055234,0.5903641133085138,1.0044239580945862,0.991535431136603,0.9856440158716322,0.9953276778982872,0.9943721646506424
0.7511064468333276,0.0007821862453663371,0.362460490155517,0.010000292344506142,-0.0031408665649402864,-0.005701403023383479,0.0030295914602768326,-0.0026243736203296255,0.5543480808945622,0.999591992206572,0.8067019397511153,0.9975812024396346,1.0002683290493974,0.9988293239038732,0.924637202662724,1.003139294819942
0.4666006229626776,-0.00901497638141842,0.2327521747173908,0.008031809492941522,-0.0010457231056300788,-0.004477868229045327,0.023249074393420253,-0.004311989375489454,0.2766609742588072,1.0027814710686838,0.6539068166762252,1.0000789281485662,1.0032908764074957,1.0036051448447243,0.9457243883606744,1.00557397059669
0.4632800723628406,-0.01141699397374298,0.20709440835524454,0.00026062467064386855,-0.021976485883143052,-0.017863120374801346,0.035522324458868534,-0.024834760608193365,0.2614712073493567,1.0397568265007409,0.660143768274718,1.0250229040614158,1.02475380169238,1.0239378362075222,0.9909503071535017,1.0231074358001877
0.6831761479485731,-0.016951467002849073,0.2295981175544982,0.009588427044951726,-0.011601324114899652,-0.003602874263640402,0.05671973801725928,-0.006052571631937198,0.4199847667082538,1.001962215184664,0.6272043122009823,1.00702902346586,1.0124861379585404,1.0110325439420458,1.0068488370112099,1.008244324094582
0.599011587828825,-0.015767282420782604,0.27353964271419556,-0.018867118769533883,-0.013129262662052204,-0.009249985074278511,0.04215889540083077,-0.017262591397518377,0.4162643967251538,1.0079087510902338,0.6741562331418208,0.9826116486433807,1.0118084576166817,1.0099928408353567,0.9898872854226787,1.0087825235816512
0.5608211441033095,-0.016412047461350207,0.09968303141378976,-0.0354634743613506,-0.04377761246060407,-0.04475281383691652,0.008587557484566667,-0.04476379840175263,0.38736794361460236,1.0522428051203676,0.5549494152600016,1.0246615633988925,1.0431238264125875,1.0428114082721065,1.0219793985783023,1.0417701212432167
0.6914876794943183,-0.02087439184450219,0.17082219279835148,-0.02342289743290117,-0.023039879156478565,-0.01980715292579139,0.023037312814055633,-0.021336060443662506,0.47843005751152456,1.018346439700533,0.6443948229937616,0.9978568112647891,1.0233650712776186,1.020138986616321,0.9952371759893995,1.0224758303075012
0.576873595152995,-0.013855911555916806,0.2804512167701846,-0.014912463349013142,0.001288619514081927,0.0007264671577190399,0.011253549895392652,-0.004950109061700453,0.3846601992209244,0.9900486113730783,0.719658419289867,0.969082799400283,0.9988411498513813,0.9957928513870052,0.9464158649943598,0.9946506958360348
0.43389561634841445,-0.024971547647346985,0.1946960637924661,0.0013118508654948345,-0.013647714232390648,-0.007217779998871347,0.04667640997044413,-0.009960865615734501,0.26319109353689885,1.0072233821887153,0.6602353476038488,1.0032835490028353,1.0110255110585042,1.0152396259625962,0.9875867034936371,1.013597951681648
0.7925383956356632,0.028880317907402617,0.28256036674520685,0.02272446974172164,0.020126285928168883,0.016785830659533405,0.03626964213687135,0.01754902713342126,0.5504973456152177,0.9826545224977762,0.6145463225311394,0.968155271234359,0.9790456285256725,0.9743708779205821,0.9015510478166209,0.9774340968308456
0.6947937235200322,-0.034392700967934994,0.25974919891160286,-0.015667531176289894,-0.02506494987740087,-0.027897068958876763,0.03574771917515754,-0.02725964897097476,0.4680814817596485,1.020904081299543,0.6535169150799869,1.0180267120032,1.0296821447293478,1.0287079867856341,0.9962384456236176,1.0224395213492663
0.5365117796710239,0.005416260930139692,0.31566248374606837,-0.008930812774207925,-0.004378863499893324,-0.007884178652069494,0.021424798213552275,-0.0046044819451257,0.3188755826057684,1.0077798851122408,0.7508464324314155,0.9858579519807594,1.0041385832480492,1.0035255392684275,0.9431759804412746,1.0011283809384046
0.5514694125547113,0.020247829646294013,0.33880977084016073,0.026041409382223633,0.015073068822126823,0.018327475123288646,0.04489301891106247,0.01586645963952803,0.4053421569336595,0.9820846586236432,0.7507403320388472,0.9785732665513072,0.9818995683385561,0.9867652803791531,0.9076262315866712,0.9864750358968819
0.6123951194511508,-0.007349019509307566,0.26552171228664395,-0.003926262075744399,-0.02594598120922485,-0.028515410846811085,0.03577356455290124,-0.022730795649661382,0.4148919091213842,1.0354393281450367,0.6856024592197005,1.0346724932803357,1.0263667650893855,1.0264410763951834,1.0008121780829793,1.030463225048606
0.5299373541208856,0.03905244263088801,0.2775093106418786,0.03861522776745384,0.0281306988410235,0.029351193418065604,0.0695191631137463,0.029163906616153933,0.29859429314997243,0.978771413598534,0.6123611284053849,0.9586959701296116,0.9708450610164135,0.9665982170661345,0.9153589356705378,0.9669311732995061
0.5274494348940929,0.00911823896949247,0.40883837631255804,0.008071120304371873,0.0038744828975797183,0.006039542139811344,0.055259561928081506,0.0029693140311834805,0.27844565028281,0.9986456483710657,0.7525652687833254,0.9899338410242638,0.9930117627041168,0.9941264792607456,0.9626805757505398,0.998119538975968
0.6219178768287189,0.0350479089990356,0.31678136472559726,0.039532410402699385,0.039304747517447176,0.0405748319215278,0.050262733887300175,0.04168561716207571,0.36987138121879437,0.9520037449496757,0.6489105754975353,0.9381666733573921,0.9613970559460975,0.9628566127641794,0.899781314727587,0.961019007048872
0.6635828844019505,0.004426102710672493,0.3430932726961442,0.011321723602833423,0.0010649610552708902,0.00019085138130938656,-0.00873844507313869,-0.0020183453335574243,0.43859789244947023,1.003766613280323,0.7156625360519494,0.9882180128111974,1.002059365039497,0.9979563569488669,0.9256778242863587,1.0021877176793892
0.6204784672740377,-0.004213540790932863,0.21565320897240844,-0.012933136907609388,-0.01243325205156531,-0.01836328879808674,0.02704639698158773,-0.01859907959388643,0.4381515354108714,1.019341794081078,0.6301577575831725,0.9969238293294241,1.0172241589992783,1.0152833748759749,0.9712261411914674,1.0154594147139107
0.7664103810987677,-0.023026641884715073,0.30124170944319073,-0.004514104353769419,-0.010485978894643123,-0.01013803363205208,0.0065256652834090115,-0.012320302013507088,0.5005289183988406,0.9950115322710263,0.6748792146468348,0.9959226350667936,1.011069276294984,1.0059641185071992,0.9448189355268048,1.010593445562252
0.49000465956093825,-0.0035265563486709516,0.3715231165900403,0.025401801613276796,0.004275037708424158,-0.0017040535586064875,0.04344434460284533,0.003502898082864418,0.2903408455042763,0.9918912410026295,0.8176327431869084,1.002186156872818,1.0015264369509187,0.9954213050323611,0.9633151668217199,0.9996059025324583
0.6044473825786413,0.024060814813524026,0.3501299735081951,0.036657248631489225,0.01953591354300295,0.020853970560964746,0.04368315072878164,0.016764233480130095,0.3938487424517385,0.9749845642281575,0.7576528634717472,0.9829985609168668,0.9835176446721755,0.9802509220868554,0.935163699078411,0.9796034059580354
0.4636102906485954,-0.0020502970916339716,0.21488127894139375,0.00743474409263161,-0.003948731441394338,-0.002389455332117496,0.058181597106492275,-0.007834530786224368,0.29806047636036825,1.0036433272430219,0.5968638658289774,0.9994061437221495,1.0056814338471203,1.004027317243738,0.9649323592403843,1.002079183572607
0.5994841573182708,0.013780250668161947,0.1594731042801895,-0.01904476035288153,-0.0039619537325891125,-0.004585313041946364,0.020384727398376053,-0.00490221886957582,0.4312985951981888,1.0048495432119786,0.6113110959576674,0.969829769765968,1.0024244506206044,1.0004802088753497,0.9610498872261584,1.0014106782919856
0.634849342594021,0.027419140453673402,0.2997356261790228,0.025959480882736,0.015820078434768275,0.012625674859745141,0.017776929289731867,0.01020821437773034,0.37454414382536483,0.9933221680437914,0.6721823756168468,0.9777043384012425,0.9838451819962751,0.9845255853001479,0.9161680000440064,0.9822305312852455
0.6458725187482788,-0.011248816586464618,0.36263735325980667,-0.006027644782562738,0.00027109471850119505,-0.0034055667528900364,0.051484109301167785,-0.000762110185263093,0.4152020616162023,0.9934696787748315,0.7067504199434764,0.9757835505146185,0.9993245248144534,0.9990122695877023,0.9777222483670299,0.9989606726635184
0.6720057400328385,-0.0026790615054660197,0.4090307000354422,-0.0028496596089071595,0.0004087242532165605,0.003595230765947115,0.041189601651353464,0.00039825437377704985,0.49393773580860034,0.9987801778664503,0.8043219280600333,0.9716471363612309,0.9997615184866996,0.9979440716161889,0.9377541336067886,0.9980108084259304
0.5533110778460651,-0.018322072039216604,0.4292239083861776,-0.00560280531621903,-0.016175585119617163,-0.013600454009006281,0.09680062142218283,-0.013590420612084736,0.3568196108112366,1.0171014786223416,0.8419236761678929,1.0090125152205052,1.0134008954156037,1.0154196631010801,1.0255559821920017,1.016189912084561
0.6047156102184595,0.026317799899958236,0.3175664845763216,0.0394988406934991,0.009591050173129095,0.0069296451897844025,0.08706244157674099,0.006133941498144254,0.38543520959801425,1.0031752139183483,0.6914351159422,1.004764419645415,0.9877991201395891,0.9879111014917782,0.9610012840528669,0.9883958762358408
0.645112911833991,-0.013306895798228467,0.22577171813167407,0.0052243545241513825,-0.01575885859323566,-0.010640796507945572,0.03538935335270075,-0.016078428508128444,0.3874262686740815,1.0148299427287142,0.5819989435267803,1.0153842759651455,1.015679449970865,1.0141280796831065,0.9970229272802779,1.0146166783954604
0.8294000322414715,0.010520163136772447,0.455679119661061,0.022660994604884157,0.012084159021951098,0.01749169581540809,0.07919312232512268,0.011723270378390735,0.5974333227320855,0.9779109622183937,0.7802455573810492,0.9762703089166156,0.9865624921735122,0.9868562571691094,0.9582231383945078,0.9845588877446962
0.42738187823973117,-0.006438813825954241,0.28376519601306305,0.022787353589381918,-0.005883162852352415,-0.007108603479987217,0.03875796540538504,-0.012702785950031497,0.18136535427359357,1.007481440865774,0.6662228715220079,1.017851150050286,1.0108579954038495,1.0046674944381595,0.9896588894987205,1.0072650747114396
0.5964172038777154,0.028851343184551483,0.30266720046513945,0.03015696293050404,0.013028539358211915,0.014468314438825151,0.022027741801495172,0.015354221959701968,0.3658446003813285,0.9872335435780869,0.7364669474407032,0.9846239444308537,0.9810639042662915,0.9847427229158462,0.9285882052970174,0.9824441898845766
0.6674446539547494,-0.015720605483379384,0.26894909356944724,-0.005713258239668764,-0.015797297218000925,-0.021598007328876394,-0.0003418706331066109,-0.017049345637151308,0.443028735095062,1.037942937335189,0.7139536846535739,1.0124134937775842,1.0200673510415281,1.0220557274972106,0.9480292221329526,1.0187960088069754
0.4641232266920711,0.010893084313819263,0.2690118511757318,0.0204310335159495,0.023971636875230226,0.02357535287594914,0.0464218263568828,0.020863829310912827,0.24919979068295495,0.9658379639046007,0.647225442913437,0.9583962970475426,0.9738407116487829,0.9702173383707817,0.9283162100732804,0.981604317492008
0.5279064704967622,0.012839909237605118,0.26327313306765,0.005947358539955946,-0.0015119401427298197,-0.0006363489267191306,0.10604730777241696,0.0031832215992217048,0.32395495018963216,1.020073903383409,0.6728241614483244,0.9887635502335272,1.0006791299554412,0.9972326364816847,1.0122870677236022,0.9976303215925368
0.5262117025175338,0.0036645570809607374,0.24402746306373801,-0.002135749723672679,0.00915370118186539,0.009103907187972955,0.04013795436455039,0.007923266015966797,0.28067994802162255,0.9819240793159285,0.6191300996882843,0.9645167467678268,0.9893642948214416,0.9907603944066216,0.9493995372081361,0.9909518003057883
0.7330575633726705,-0.00046691091656824823,0.3170982913262946,0.010384363252906943,-0.008184694728298263,-0.006026109437646611,0.03865594122098652,-0.010157378673290227,0.5258874617471974,1.006898169536898,0.7101233632915729,1.0091456964654857,1.0091216839749364,1.0083138440583996,0.9689084697981919,1.0049639081800115
0.6544826035714111,-0.019543880042182528,0.22315407419739125,-0.0022222149105629906,-0.014334828438557273,-0.015484002585083161,0.034513496570116264,-0.016277729574586192,0.463204333090819,1.0041750439496087,0.6633172163475609,1.0072857806129196,1.0092113541227843,1.012672686208391,0.9888081880475224,1.0114910496126492
0.5988029919359124,0.003174836607186995,0.3260168323903985,-0.011393626213149695,-0.006208107648053602,-0.0038206573389650967,0.06873334575413424,-0.0017621415153579768,0.40185087496184524,1.0066194847127452,0.7346533235388295,0.9797953606045564,1.0019425194304645,0.9921387078610271,0.9881213953889862,1.005809820608806
0.4281604454042838,-0.04320251723597808,0.34965641720194884,-0.026393269406469282,-0.04356827169006379,-0.045529225503026405,0.005597351658265073,-0.04064381171719409,0.22545059383681676,1.025033574312075,0.7111173494938339,1.04136603172157,1.043802290485665,1.039371391559704,0.9965950686198755,1.0425000885519355
0.5682664357828124,-0.007697189626031536,0.38756242474180175,-0.015206416811766332,-0.010462626910389176,-0.0028378279642741226,-0.04811827767801605,-0.008834903657566635,0.37121090688029956,1.0115292116339558,0.8362031866503563,0.9874336647408448,1.0078410054199491,1.0073302102592687,0.9045817951215104,1.0097697162772263
0.47949323974860286,0.03988745311210599,0.26127161199042637,0.04247641951791508,0.03074418560334972,0.029973672860864466,0.07981347788294277,0.028928894160607982,0.2823177564364584,0.9794162150888538,0.643195338477935,0.9551141859724014,0.9680848857573181,0.9661336988255526,0.9317656172168706,0.9695308298943246
0.5213463949075137,-0.010140475585945684,0.26670817585767664,0.0004303907904018768,0.003021953839715347,0.0044588443313912955,0.02483936740771531,0.003780537931214588,0.2514854119796056,0.9787356931816469,0.621001729796876,0.9831769039039155,0.9959178963562549,0.9940571739662468,0.9337631782563869,0.9951965365382865
0.6011997153371041,0.010441150591850799,0.20706413726050896,0.028108237615561096,0.002024232907837073,0.0061954261963924895,0.028110801557967014,0.001006576587822588,0.4143500084399985,0.989588488730148,0.6425217203323357,1.0037601450106535,1.000786513549602,1.0003069194754755,0.9465470152782074,0.9976299535760357
0.5261460062421404,-0.004859099657372935,0.2742546267323123,-0.007814893822741161,-0.00842260624613176,-0.005512744104477108,0.07518865919591346,-0.0077529621951074,0.2916874437668995,1.0089445679598479,0.6280056076661704,0.9958925759225187,1.0071664168437628,1.00791533209048,1.0259924943386354,1.0090288764426725
0.3932090061065047,0.007708789263098544,0.3193159982889781,0.009313215339532334,0.0026058172544660427,0.0058901577275908374,0.019523896432631256,0.00893810882225375,0.1912631815640471,0.9992194208898213,0.7066001764025698,0.9773581075417032,0.9943847113923019,0.9916224722022046,0.9083366811541609,0.9958149955406502
0.6426015949914959,-0.014576342821466371,0.3363640966389307,-0.019836174461041554,-0.02110059314308874,-0.01662665307836886,0.028806825247997447,-0.020889873471888507,0.4244034291324027,1.017923786905377,0.7218805193147158,1.0016591551386884,1.0224264878906801,1.0185090896754023,0.966492325162917,1.0164912695902324
0.7529034210079206,0.015831736827477072,0.2670146912660881,0.007628883979118462,0.01668589912000754,0.012809385827771485,0.11226892793094091,0.015207873252473044,0.5383322560453199,0.9770506775576532,0.6375114108067708,0.9595257477370321,0.9848944353077047,0.985905575132357,0.9915591555497748,0.9847298947707432
0.6731930690392318,0.0043627267009898486,0.31732009015996104,0.015592787198286613,0.013981933978649816,0.01062749218404011,0.038695746418057744,0.007014448996111029,0.43484793061028815,0.974622195409916,0.6784223483032237,0.9771938425479643,0.9886890380870644,0.9862434211338462,0.9354647167039855,0.9876568864717461
0.5626526811612668,0.011497326119576094,0.105549341547726,0.017256102318420504,0.014271160394122247,0.016508444201921046,0.030604747674955975,0.01522445730712863,0.32896902056638766,0.977199158705822,0.48788836032303806,0.9672433716847247,0.9863646418823542,0.985127361887189,0.9268704689190939,0.9825373581670053
0.6271722468803773,-0.008685046298031638,0.21925386282646694,0.0009450015406419724,-0.003548679807065389,-0.007964553503877926,0.0628327704233666,-0.0038200198810611,0.4201938451310355,0.9951758122650234,0.5860974817306283,0.9845348275189807,1.000579270923838,1.0049059210650888,0.9949918417518591,1.0029497002085668
0.839476858550096,-0.00682662109938267,0.3215368267438819,-0.02029410438193009,-0.023891071367725954,-0.025670783576380533,0.06361136227784599,-0.024299967497137205,0.6432585696253721,1.0334092653428963,0.7327133305357105,1.0078538002265094,1.0242988835649436,1.0205200810825013,1.0121243212876867,1.0258690220166524
0.5488521537922342,0.0009621669565521353,0.32823973315512367,0.013328157144726568,-0.0005207263100128576,0.0012353794341210642,0.08720333671298032,-0.0020503351656146495,0.3854715004849405,1.0056814976535788,0.7594070745920501,1.0039014187393236,1.0027996942503927,1.0054708214708061,1.008007162098783,1.005116719759378
0.5717948420554781,-0.001063599779221301,0.417770266912388,0.011470605131774267,0.0016207820363603384,0.0017112771236236785,0.014204997546200977,0.0021210612075568333,0.2977235371286405,0.9882270595068086,0.7166969282283664,0.9972413628301277,0.9964242778273046,0.9969460167181046,0.9352324962035382,0.9959991879965912
0.806418187218845,-0.015444560875295138,0.2206283323727013,-0.012922652142293834,-0.013690150033156824,-0.01074563641336553,0.08464755217914227,-0.012582361978895012,0.6387797464559968,1.0073709711484582,0.6938628248466788,0.9951181018371964,1.0150344329456245,1.012139386160588,1.016397287569149,1.0149717885047274
0.5824706084662474,-0.004709042511109171,0.40875680632002526,0.02361795214397063,0.005396690639832427,0.004979193443889667,0.056024459713077665,0.003869116073444685,0.36631955273054273,0.9866727896490244,0.7554173506534008,0.9948038367004347,0.9903246688286184,0.9919151163129801,0.9634250250680755,0.9947550875896606
0.45261684835438637,-0.0014877159444844892,0.2617216657081309,-0.0011751403448159677,-0.017692052269058813,-0.013002896186663573,0.03631436566198092,-0.013156346869333988,0.265093994649539,1.0142330696536686,0.6290299182747514,1.0075953943240596,1.0162878195239542,1.0177512998380551,0.9788045765390613,1.0133841159953345
0.5358965452554288,0.021431676393373646,0.3424478941957065,0.03272828103742231,0.0238146069683867,0.022485570677924133,0.07649463057033232,0.02052131990536137,0.3411325885717421,0.9721386697532775,0.7160818135856424,0.9723307234273982,0.978400328198113,0.9766492935836787,0.9557545590340624,0.9775175538790934
0.6725190905667711,-0.0008521331234960555,0.21285134100235284,-0.0055922439629036095,-0.002766578313603599,0.0015694583669939905,0.044100058055604796,-0.003875905474380004,0.42096686216795265,0.9859649481648465,0.6263867516454494,0.9755625829874709,1.0006777013237784,1.0008393419118238,0.9714036636108659,0.9999130608752433
0.5963068578953763,0.030836198939886886,0.21106055108432417,0.03518996086895808,0.016797456062216366,0.018930895014484802,0.018101093053328278,0.017861615536239793,0.3917048804500355,0.9927761044018888,0.6056943830381027,0.9837130615142365,0.9815948078019296,0.9798002485033607,0.872303168167164,0.9829723599431562
0.580638506330571,0.0006489974578068827,0.27422845456790274,0.007654371474325263,0.004108991832818667,0.0070566116357921645,0.017006069741536855,0.0032044667990621008,0.350280571355408,0.9931899416370823,0.657355051874613,0.9834671189037706,0.9973846468029217,1.0017601377731906,0.9091277237366473,0.9987211604297577
0.7208458878709099,0.000983430262531696,0.37935215928841604,0.027471157035077905,0.0025186102209340975,0.0036963634774674296,-0.0051089259930959694,3.9990721794997844e-05,0.5234998067372393,0.9902068579302529,0.7483682801021738,1.0079195318728367,1.0018662903562412,1.0022461665801348,0.8924263265878547,0.9982026236918947
0.6837726005107367,-0.003883070034729575,0.3185040359025434,0.02751078185239832,-0.0008510126123519067,0.004002605899916433,0.07913655935745119,0.002067387520842273,0.493902489368479,0.9879044119281782,0.7823307759198226,1.0013348927583914,0.9954755417089791,0.9944953260617493,0.9744118521009386,0.9984834727801453
0.7450153777860647,-0.006716224251336622,0.3859655084603865,0.01158209873792911,0.008380863918249286,0.01402717316064976,0.04353307151571525,0.009040075599249176,0.5411475054706667,0.9773589930328309,0.7250958066726899,0.9804251784149193,0.9923152485717981,0.9902647639438529,0.9428178285901128,0.9901099624679901
0.47508061444951105,0.002315163177710775,0.21422361003238016,-0.00620509873073605,-0.009782366450475326,-0.010941145401833543,0.05538728935595509,-0.007958354581727415,0.2588794607212409,1.007914447956322,0.6291214540251173,0.9904225684149274,1.0018187859480403,1.0011220313728617,0.9638691069439663,1.0071479215324497
0.6520756047250748,0.03953837009511923,0.2732621128276564,0.036198356944415415,0.028770435035374405,0.036401425449604737,0.057362897939236684,0.03309430833106324,0.4276489470306025,0.9704250113024182,0.679146749300523,0.956981542518038,0.9661899880360297,0.9665397157055516,0.9159676755633185,0.9736868404594939
0.48092104589254264,-0.000262827991730638,0.2949688607296029,-0.00033754049214028745,0.006027681043100994,0.007494884236165797,0.0648161298635168,0.005961447034884149,0.27754174346598437,0.9782811728728162,0.6721320770170827,0.9737738475559771,0.9951267736492658,0.9934681951169237,0.9656772902194836,0.9939080889793654
0.6655802261017254,-0.014772643202080655,0.26313353088082003,-0.009592852427040863,-0.030880248644289135,-0.025455155750430777,0.05240414991904453,-0.03336525374479037,0.45413058081216795,1.0413268107405194,0.6089979750439214,1.032747815574533,1.0274093820273356,1.0304084010069086,1.0183764118587875,1.0287917872591146
0.657129586366812,0.0190425253990153,0.34946181055257836,0.009849994017586378,0.014797806642967653,0.01835500257397554,0.07320170228257016,0.015147562474008516,0.45825834012331934,0.9941391438191846,0.7359412332423758,0.9639259922411593,0.9828092718864807,0.9866973202036073,0.962403675755817,0.9834180935223961
0.6605136939825437,-0.004027522100186489,0.27747116860858945,-0.03222250916624807,-0.025947816480904627,-0.018782546853391608,-0.001903960309180998,-0.018613900917793295,0.4209138401617313,1.0293822309304477,0.6759233781733055,0.9914595867286935,1.0228545867654892,1.0217812227104575,0.977210409395005,1.0231857381981118
0.5162178533629248,-0.02415999026559481,0.24177960365802448,-0.015807927173971236,-0.023812628031108504,-0.023981281633214543,0.062481840823743494,-0.02155433038377765,0.3462952669248166,1.0184560968169893,0.6663119610678744,1.0157627229533306,1.0235140185860587,1.023719840371918,1.0137213035305899,1.0248109522514477
0.7147884399119202,-0.023970705545089385,0.38116342801876363,0.008315760852224553,-0.0232731183604294,-0.023976439720076043,0.006940859496902319,-0.0203664867785489,0.4748532547166875,1.0257109213799798,0.786263729080181,1.0326481723189462,1.0231779523376872,1.0209621858021238,1.002068921593505,1.0254221841758921
0.6162246913077668,-0.014251916817268328,0.2895850265193101,-0.018975972191282386,-0.02482897451495197,-0.026255792518855528,0.011000616558899142,-0.026507859731565987,0.42140626122090186,1.0348557770054219,0.6766102917012136,1.010370454798766,1.022999678172746,1.023211929151318,0.9662405697306908,1.023034435098759
0.7400376926933276,0.05300874002768678,0.42385220328965356,0.05556525463848074,0.04240683729256181,0.04067728431885065,0.13499724756062945,0.04007275837705615,0.5172405539377941,0.9704778692537755,0.7107547323517048,0.9556426229378857,0.9578004499805864,0.9594374596043904,0.9576083857230951,0.9586187345818064
0.6638770228393123,0.01174766793623386,0.2806161225343114,0.03019494643719915,0.01161498638771758,0.016869167654131625,0.029132507059535538,0.010562959165507419,0.43800635744478345,0.9889244599278163,0.6957062595137572,0.9896399568673486,0.9860835567671216,0.9899443578153242,0.9224736084257288,0.9875011245424673
0.7012058200543038,0.014120177937036089,0.28046054712533103,0.021709385541099923,0.0017078780264727256,-0.0006630082863901867,0.05184540437221399,0.005220866622945447,0.4603308493983297,1.0181658424668336,0.6856253968196435,1.0015354307637847,0.9989192205087392,0.9949252804998944,0.9520936830952245,0.9982312304855947
0.6373980876662141,0.01897822601827219,0.29730737259429163,0.000525991100608853,0.007804636564186488,0.007715155313279535,0.03484528587473429,0.010700709601335949,0.4492873967460309,1.0092471358111834,0.7236212454680746,0.9673506119669626,0.9885361719091158,0.9914005245015879,0.9157378514856689,0.9911514910476817
0.6261137093492462,0.011816871854221294,0.09981349956822484,0.00111674427496926,-0.002103583851981691,-0.0013978720930538076,0.04844908399077484,-0.0036346961057585757,0.4569341671300874,1.0285827247730788,0.5352678575457723,0.9873023968674175,0.9991025559957738,1.0040906068206268,0.9789043127920795,1.0009392203570608
0.6298665035378878,-0.009681500612559242,0.4325554768665094,0.006209402326049865,-0.003526910539911648,-0.010358294323006207,0.09284006833408383,-0.006674375713468206,0.3719313032807364,1.0030966548124958,0.8396954789032659,1.0053296919762016,1.0048432329883752,1.0116272878214236,1.0246342647031639,1.0101358609010707
0.8309538639838211,-0.0038197319401592346,0.2495452916578976,0.01578417085252513,0.0022434483008376693,0.00556210194633432,0.004603153253771009,0.00044414587408142173,0.6185680926406738,0.9931813909125264,0.6231400342080129,0.9946958417328285,1.0006555975243934,0.9984227135087061,0.9175926967939743,1.0023059555688665
0.5915879144577711,-0.03053174493364827,0.3647852204003069,-0.013051099177310274,-0.017447075870626105,-0.013402295473271915,0.03504327978092075,-0.016087871083211983,0.36190069990882845,1.003730129676622,0.6911794521994035,1.0071450383982803,1.0169896760811215,1.0185864403540705,0.9795861108265781,1.0159686462317763
0.618705504576336,-0.010127887126319188,0.12227232143808252,0.019758039478167788,-0.010810031643355809,-0.0059356068170516715,0.06789373591305531,-0.008424829443979808,0.4248478957276006,0.9948369812969019,0.5643650421147374,1.0224816006261805,1.008372386501628,1.0105736829645116,0.9890742149502293,1.010909469369684
0.5511323733536577,0.01411092009667482,0.24571798569395778,0.02459257582636125,0.00951976246423577,0.013442601604628502,0.05726594861098318,0.007362315171936129,0.3128828599790382,0.9948952961957587,0.6047570139065024,0.9982682520066491,0.9931745603301255,0.9924904225128254,0.9503712941667548,0.9894387271512692
0.5644754567961899,-0.0067882022284178715,0.47606602398324716,0.014225017719956544,0.0014701464325778445,-0.001082155755320647,0.057403335220473785,-0.002053014873603731,0.3517730236490251,0.990680073132477,0.8969628371296167,0.9977870587707349,0.999676659512033,0.9954950548715819,0.9966312746044874,1.0005770179779636
0.4844276462426657,0.00102796236824863,0.2010995862489683,-0.016451683833949418,0.004939135341535068,0.0020642310808850137,0.03228521495515313,0.00250031338035625,0.2747527232361451,0.9860495024874725,0.6329488195423862,0.9587683679912622,0.9965810979861061,0.9997296591463005,0.9682203666559988,1.0006403512420246
0.42338542974181054,-0.014519831668550262,0.23195789993334368,-0.0007079752303590686,-0.019166026179152838,-0.01633517255899623,0.03702626421161638,-0.020725442484766814,0.2361694389605613,1.007165494273587,0.6124670529234078,1.0040020735897877,1.0153993161129382,1.01723040495856,0.9857445974540638,1.0146786947230464
0.5140571204481391,0.008888815947096567,0.3719877349124395,0.0343219811723166,0.015303243246963432,0.019682268706414652,0.09255756922765453,0.016897162721843807,0.26894629506187084,0.969326203478104,0.7626849842935458,0.9788307041247574,0.9846487994170429,0.9827631752130319,0.9866663000380166,0.9853529059272088
0.5728902142576765,-0.02493102737953359,0.27355803895945263,-0.007147048066592808,-0.01720167680710869,-0.015402064909557122,-0.010514703756276913,-0.018032277453051266,0.38015297043436425,1.002034426485206,0.6999202564027331,1.0110346727336572,1.01595774015756,1.0157084623660089,0.935135113543778,1.0190235670063166
0.3923188088143808,-0.008939769169126829,0.18824770932162932,0.005584154348502683,-0.018252340753792912,-0.01740349559348568,-0.029784349699097535,-0.021259623587105682,0.19767185962109501,1.026233312581628,0.6470100237688526,1.0257683840340153,1.0200984168287301,1.0170653137528562,0.9249856198737516,1.0186841661581572
0.5695666926036669,-0.012272997396145466,0.25376100674057817,-0.004027587379584346,-0.019295897052250842,-0.017945717382316654,-0.025896139602567852,-0.016457966463272477,0.3779552840726418,1.0272278447983134,0.636908738464938,1.0123277462516007,1.0184270086939744,1.0203115759411359,0.929597299218038,1.0213816233305628
0.5888606924755493,0.0072004030396839395,0.23031358014227668,0.02609027539617364,0.00624009190513482,0.010166564116097574,0.027514845614491308,0.011551586156409107,0.3845164766479151,0.9895652826292951,0.6392674757270022,0.986731180929623,0.9920921090518411,0.9911744916867384,0.9429085328050395,0.9924642912799628
0.6655475470246107,0.014935956106839992,0.31030187783193636,0.014776361068502953,0.014865673986091836,0.014011529599957223,0.13180155442728014,0.014496157434882818,0.47574656588471964,0.9726776855074449,0.6750362936475491,0.9580419042325331,0.9813639181169329,0.9794709886262251,0.9850252699055101,0.9816828260367664
0.7070049967655277,0.015232911067798244,0.35862321979627954,0.009806283735190378,-0.00037475520500491094,-0.0027307070754293457,0.050465630197045315,-0.0021226029093776256,0.5037148225366183,1.014169102564336,0.7279822203184869,0.9944977636072858,1.0028922793938824,1.0029978851883765,0.9631939618323689,0.997745528416085
0.7273316420853864,0.04717808813007141,0.3250661847114595,0.032815419961108566,0.03314086383502675,0.035098754013902556,0.06849924320763413,0.032542327302650914,0.44614967139489814,0.9743812878353051,0.6887892027463631,0.944410208922995,0.9661630438090729,0.9632765456269852,0.9386399377444077,0.9640608849518645
0.6095122193644222,-0.002445089061426442,0.308864922065338,-0.01622343149630564,-0.005730231333941673,-0.003054276287806031,0.030972133237211933,-0.004640615736418133,0.3835339818485276,1.002252766593791,0.6708521508113863,0.9791569155940798,1.0034287923345706,1.0054905446340776,0.9520733443792992,1.0084180802739755
0.673812760121438,0.006030896868242961,0.351536563842292,0.026434414719326883,-0.005294667048099077,-0.003393237752794858,0.026657833220144908,-0.0047746188089999335,0.5073753440675883,1.0127474126781688,0.7319771907311137,1.0202133074041013,1.0033063316427455,1.0090189172445767,0.9655321434448015,1.0058484438631217
0.452092732661546,0.0018353447923338284,0.3683417037226591,0.01606325720792205,0.009419818791088448,0.006160497267937033,0.08941391020232553,0.005163177307636721,0.23158712960701422,0.9834080740279132,0.735339670006317,0.9820758346522348,0.9929225869205024,0.9834120447705601,1.005298325182789,0.9928025267131578
0.6534662920043506,0.024733945839547782,0.4120780843619673,0.04399623361954505,0.023620219653460558,0.026516395548144694,0.030074276698206524,0.022758173132303237,0.4148912629489524,0.9675723762231758,0.6734388935476421,0.9848890955538436,0.9784445695263627,0.9803989949459667,0.9233488444676617,0.9764301477307973
0.5033541946936523,0.008670073224285325,0.3458493266302928,0.011054140692445022,-0.0001220933235946023,-0.0016348038429598087,0.03750240346389644,-0.0008748638678637023,0.3346897223800055,1.013068563842635,0.7221640238973165,0.9987245794148456,1.0005805674783999,1.0014421740003119,0.9469668744170694,1.0050996731934498
0.5763305042932128,0.021871649819335676,0.3457523636116939,0.00832378732283459,0.01891201915987101,0.015724363806947358,0.0491231573880214,0.01733491664091026,0.32840920640893245,0.9875758258868159,0.7273722142971039,0.9567114295565264,0.9824508347172305,0.9813619589927267,0.9637752572764012,0.9838463738828744
0.5571171332856505,-0.004029186150674654,0.2710496607229706,0.015351078462306612,-0.006786224709097876,-0.008720339090709586,-0.0023790690874499476,-0.006289385561080416,0.3625484638113601,1.0051592647677383,0.6535026443798524,1.0091178656741278,1.0083473906070184,1.0088459243372565,0.913221864095344,1.0069999460532537
0.4362284338214735,0.003686471046412168,0.25353260937813743,0.015127935601667515,-0.00452319675247929,-0.004387475870137823,0.02405081390567475,-0.00730958018843734,0.1864879513826717,1.0249090095131055,0.6407397805456068,1.0062133688610404,1.005494215095651,1.0039372574055856,0.9486880144580035,1.0073145179762355
0.5000132651628371,-0.01890656554728592,0.31376745588534094,-0.02451714160069577,-0.021517651167024403,-0.022385892191668866,0.05467991442804656,-0.0182046169161291,0.24817708533370209,1.0262728405161317,0.6797133366164563,1.0043732181138036,1.0224040567815333,1.0234373991639958,1.0290034649499886,1.0245331738698822
0.6134494987145254,0.045947076486304736,0.3967558344444105,0.03943166788538389,0.0271326391201091,0.0282371002124309,0.06657572374539876,0.03398234565461798,0.3851549677829136,0.9805726801507033,0.7501973339790016,0.9634254241557271,0.9699757367521513,0.9703032302825221,0.9493881623231146,0.9737805580278391
0.5247377945638783,-0.016962615578262844,0.23568593409492186,-0.007109720846125957,-0.011289301278999032,-0.008448457033363626,0.01567989264012652,-0.012086208072952036,0.32456677161368164,1.005181685829415,0.6611866615757322,0.9981928630580179,1.010334825224754,1.0098547106637281,0.9555029895128584,1.0150220948966566
0.6242787286945645,-0.007149169590393865,0.25894028011776504,-0.025277657233527286,-0.009815912856430815,-0.010846407248348362,-0.011435432632987888,-0.008282567249307983,0.47307473384766185,1.017608813756723,0.7362690536327097,0.9743053759347085,1.0071541342250423,1.0051743115086103,0.9313751201574538,1.0114526830968904
0.547061268885503,0.0014324143477766683,0.395430025520604,-0.0066889054104180765,0.0018648401903519044,0.0006129562930722216,0.04603773111064331,0.0036096813791400054,0.28268163134535573,0.9984406243755526,0.7172808222943723,0.9740522416009596,0.9975585600127981,0.9991879921843997,0.9723711205312477,0.9998480810732581
0.6298245487194066,0.0601017115102385,0.31355490072383224,0.053352053173295194,0.052551848165188916,0.05165943088727948,0.09373867776774104,0.04974647300932253,0.4066142180246757,0.952549027337071,0.6361675131613209,0.9339425776588297,0.9435146145645616,0.9459543347131347,0.9024139786959886,0.9487888356385498
0.6642731028027011,0.006687792274590406,0.3799305325461381,0.03433767278807349,0.026395928082918574,0.0178117484817872,0.008045092338795665,0.02394721903022586,0.44633492315732537,0.9655566865667176,0.7387070466841803,0.9657826414619353,0.9716403592223744,0.9708120989171849,0.8912769255225376,0.9743701718478885
0.6601285330627992,0.009255041877231321,0.2851811634482008,0.021872296342980546,0.010837090924132974,0.011297581078176884,0.018206015391155326,0.010222938334610179,0.4301246881192208,0.980597516498986,0.6777951083132561,0.9789298962969958,0.98511380230615,0.9864467026489407,0.9167576669116143,0.9863247901137704
0.7282000196670102,-0.014356272932158796,0.4375718235183424,0.029935164513674145,0.0013641355400441878,-0.0009121667669990843,0.0360111940690505,0.0020421290639008193,0.5517551861637915,0.9862539427632107,0.853281934416085,1.0122868971318975,0.9976780088592606,0.998201664779132,0.950476446522461,1.002332993236825
0.526848457397195,0.002144457429279834,0.3798879952133226,0.03119751196933901,0.007887140780531146,0.005873974637079,0.026107034158003164,0.008946320753775128,0.2955055275253585,0.9858091344329452,0.6917065783381442,1.0015968056292577,0.9915514416252993,0.9901133926939074,0.9253837376708598,0.9938699377863308
0.574403959747629,0.003805608986742483,0.3563473529678523,0.018164317361424626,-0.0023965076846253278,0.0002089474850370622,-0.01773096881138868,-0.004075640213058299,0.3634312263979105,1.0064774369670089,0.7308700132676567,1.0069989542836173,1.0044006729024395,1.0018897364851411,0.9190234696992164,1.0038814629890542
0.5632300199602307,0.023856143161353288,0.27337604884705724,0.007502189662922002,0.021344155961042662,0.021880507328468742,0.044858123971375154,0.019170035393209224,0.3313755168129895,0.9811819855654115,0.6101961854264595,0.9475419733515199,0.9772667952904832,0.9759342334661192,0.9329401301021222,0.9788666681869931
0.41362578360434693,0.005847329285314422,0.20973787607327488,0.01633620662597627,0.005027407125865767,0.005528489933951126,0.03595703909404958,0.0027575098348573976,0.20198690845005318,0.9989064331985332,0.629042866913244,0.9889598996473037,0.9998743635007452,1.0014188726320572,0.9429345899449851,0.9987378974474473
0.5626368870554593,0.018147824951982482,0.293425133838397,0.016940118157385723,0.015756631595949776,0.01566354311581903,0.0703821038275609,0.011694452264383558,0.3555904220701491,0.9802822157429192,0.6831195969115467,0.9725066325026648,0.9837269455616645,0.9873522555433162,0.9710317932595345,0.9801687191797748
0.5019999892272167,-0.0017887441579698027,0.33159868512810897,0.008224437096128814,0.01106669278004053,0.008206934685576288,-0.0071819409786159655,0.008205729096119944,0.29662226144887716,0.985751708881847,0.7071529447859741,0.9805313522345241,0.9943515956265838,0.9938140384425762,0.9180897816829675,0.9969180906922814
0.6156573590997957,-0.011632076595873982,0.31032916111991476,0.0015811677398724511,-0.010645152838903422,-0.014088649245391684,-0.033044892029051996,-0.009755522203379113,0.3920828766864378,1.0141705113380814,0.7188336699543785,1.010670278894142,1.0118007657977104,1.0069929731732936,0.9081441989943281,1.0122659913063006
0.41562218831095615,-0.02730737348360126,0.19538600096201547,-0.04528758876221261,-0.035695977536564116,-0.03765067151901616,0.03655606899861745,-0.037164629723597034,0.17139150158515404,1.0389952312735624,0.6018175063204851,1.0035420563286124,1.0302457855331761,1.0317907098470747,1.020721471875664,1.0346764792180347
0.7082188865783364,0.025698630227156332,0.36486750669154216,0.011303152721246885,0.01460990256929324,0.007396260344860106,0.0732784882586124,0.013092037207981478,0.4834562897756892,0.9926508593530288,0.7375238557411188,0.9704916604092242,0.9875755510840227,0.9856078319077751,0.9851352427345573,0.9871448133968986
0.7069304342976013,-0.010645645894774394,0.39241069325226935,-0.003183764846771636,-0.009821809347261507,-0.012819605250224643,-0.02668614332861998,-0.010835189046920407,0.4614704337730503,1.0052391821682254,0.7541866402124389,1.0058609565866656,1.012938153030854,1.0102133938816047,0.93486725002142,1.0132757185824262
0.6242171479263221,0.008783879224844034,0.36535573494422785,0.020409560737819417,0.017546034134245797,0.020139340864689128,0.03512638938371642,0.019791175874092556,0.4430984264742033,0.9672740283698824,0.744899319309094,0.9670297980363264,0.9809386002798659,0.9805345877499831,0.9064499150007052,0.9807895300200844
0.5855663125420285,0.023502658729209258,0.25184006086777116,0.02434343985462352,0.012439509608640667,0.01211815264794266,0.05669342511888988,0.012642601944359387,0.38297003025647913,1.0070822670569843,0.6249587669415435,0.9824401698500858,0.9922177607953865,0.9839041172569618,0.9555155911889983,0.9899431063870253
0.7142974001911898,-0.005849746597273293,0.20261755300160864,0.020196743319236612,-0.0031570249506434915,-0.005652681837662598,0.02502532309234136,-0.004244809794032824,0.4919556439068754,0.9999093091029628,0.6184278657533556,1.015801485354557,1.004213829756569,1.002864046782168,0.9599581618877788,1.0043604605228043
0.6352659764636326,-0.04391434883894649,0.2225203425954216,-0.02054030236995528,-0.02680316659837574,-0.032154396663271155,-0.03350141994691124,-0.02333138497404495,0.4285591594832556,1.0089510112753575,0.5887162884001531,1.013653898078732,1.0239406178980097,1.0225821620559268,0.9228672156005784,1.032304219598883
0.4361881765036826,0.014596052277099208,0.3814609475823779,0.016760189300618296,0.005159922491543199,-0.001668623991148544,0.03058068471674792,-0.0002404829488156657,0.1935113934382826,1.0016917488272594,0.720726977264028,0.9960505722083433,1.0016806218550698,0.9947598524252592,0.9500188175070138,0.9959306698221423
0.6261774695059251,0.020712856855662827,0.3611688363874672,0.027506838484893156,0.012601815130953199,0.01662051254379098,0.07075886145586953,0.01148989307793225,0.3830894730660265,0.9943052439003447,0.6635096937835985,0.9866866090578134,0.986122833344902,0.9905058878419062,0.962975706483871,0.9841872138818959
0.5375732402140043,-0.010518426416748567,0.3328235414984642,-0.023718433383775973,-0.009471421131038283,-0.003920453903995259,0.09013798578817579,-0.007454651255410393,0.38015652910454245,0.9992648137084308,0.690664837547557,0.9773188977946308,1.0084366599975727,1.012052515254475,0.9790396206657023,1.0074956936255153
0.5576688958545165,0.01594056223298309,0.36251728341323164,0.02968405662614316,0.017730006762985074,0.015872899142530112,0.056821164183726104,0.02309939470239158,0.33928273172515555,0.987950539741713,0.7272517576052784,0.9776264071409227,0.9847873124614649,0.9803447286920375,0.9325105360505319,0.9810852483865623
0.6989610443884136,0.02415502634927258,0.45720958325679095,0.030083497432420014,0.017503899892481387,0.016403567093141957,0.06321098993450548,0.019053019844365717,0.4739914745347107,0.9798218884519967,0.7550505475589966,0.9790256675039434,0.9825202789222245,0.9793496343632908,0.928629401511113,0.984499482622383
0.5604026624991628,0.00028668741602930485,0.2778851616251359,0.0014755667861280168,0.0068429183127462255,0.004003249506029566,0.0242000980966465,0.004316048814667423,0.3201757717672611,0.9884472248888174,0.67764489308547,0.9842521858273852,1.0017140309643922,0.999794061120122,0.9371833702549655,0.9997230656991466
0.6646855271107464,-0.009518473423566326,0.338454337437386,-0.006253280222481767,-0.00986683035624236,-0.0037350656045958843,0.0030550216602702246,-0.009631937214263439,0.4670618683576928,1.0101725768057508,0.7526318152139995,0.9970743257722092,1.012776649900506,1.0101555027319866,0.9677211342522605,1.011399415767246
0.5458390044376769,-0.009901201610983023,0.302316311232482,0.00826095243770843,-0.0004676680534008294,0.00017519473958081664,0.07877832717126898,0.0012177667933599404,0.3543994463180826,1.001428506364746,0.7152933870729619,0.9919780482636091,0.9982505890793315,0.9968633930562628,0.9975456098879754,0.9998817456203327
0.4744451104753854,0.010887589850649458,0.3107637332208525,0.023135253365839135,0.023707813814996113,0.02617577974524211,0.04149570952975062,0.024664319513941897,0.282327887598141,0.9652327412940855,0.653730874526411,0.9596234453253408,0.97602135654738,0.9794553940049132,0.8744622163470991,0.9812577076202595
0.7219158474701862,0.008409918309057123,0.3713018121842954,0.019491266648536777,0.012616137826567762,0.011312623809893143,0.0632121151869856,0.010916133938817291,0.5071209975453638,0.9787095870739584,0.6935181864611997,0.9761937264895363,0.9888280070809253,0.9870080912011419,0.9082048968049853,0.985724049842034
0.5970232238581104,0.015349665892758421,0.2852424774994929,-0.000207750626518745,0.0069195463217645945,0.0037483327255714125,0.039776992991949804,0.002022732770385449,0.36724998592684854,0.9958156423422558,0.637105969635003,0.9706842391569603,0.9931756504502444,0.9950510271208073,0.9532397479379179,0.9943831902586281
0.634536925892379,0.007216990179159786,0.27722574695920177,0.005473340658560898,0.006340895328566047,-0.0015742745989787478,0.06989324536207871,0.0022257743772023967,0.3601386816896661,0.9905936268958481,0.6333463184516994,0.9848730607416123,0.9891146457058793,0.9885761391336306,0.9837551094023289,0.9970056597611165
0.4863020478736922,0.025092409579363255,0.3244740159963348,0.044633368730183975,0.0228120184097459,0.026119729097740678,0.07555834112241339,0.02289175849070593,0.24231382409137214,0.9657545583823746,0.6607941769472654,0.9789316475274842,0.9756440411630506,0.9796282974314594,0.9506913381642952,0.9758624727956097
0.5944082373987439,0.01804754365234839,0.24411843581254256,0.006381360036473073,0.010553725925401049,0.016261401361894894,0.05017724078937592,0.011024631851452391,0.33542455349134226,0.9912839790187163,0.6346842434469071,0.9650048083571421,0.989195630939727,0.9914531141998201,0.9644889657388369,0.9842813812333104
0.6161211342746155,0.03673542908083807,0.36330931357196483,0.035454962564955964,0.020472015328039463,0.0138797053920603,0.07617467127576996,0.016955568274642358,0.40222656337076046,1.0069005816697805,0.7382897364309036,0.9860090133013271,0.9849664806477219,0.9803471397985035,0.9770802694830671,0.9827323654506404
0.5798835874666424,0.0198737058813936,0.3546457584935122,0.020422566020097198,0.016407795524991862,0.01695579273134852,0.07933049157830768,0.014618533391709274,0.3553657312724363,0.9864330076746879,0.6836590004786882,0.9694028270882443,0.9864526802290677,0.9796951699829111,0.9512546492129116,0.9787119721449459
0.701606735936698,0.03448553805937245,0.3732731686135478,0.02292242871444372,0.027416187773032032,0.027355872913366174,0.025877243623063543,0.024883384497937477,0.5128785847250882,0.9694061407427669,0.7750210262939465,0.9496436089920475,0.9711208300772908,0.9728745044781163,0.8743771481882964,0.9646560133909614
0.5773523322528571,-0.024809740284990948,0.37964383731468565,-0.0330866009584473,-0.03619017552720767,-0.035263698887494366,-0.029261118744927008,-0.03419277962882527,0.4149096204593301,1.042191424015546,0.7356979536378916,1.017068303498453,1.0340557823673757,1.0362062704824289,0.9513854743126554,1.0398799632526299
0.6588326219826857,0.01912173454219318,0.35563939314852855,0.02445614471748675,0.01919985581635786,0.021585479264242657,0.05980950012729392,0.021501133570089283,0.4434140374511125,0.9769544899763094,0.7561035645212321,0.9663038109327513,0.9801167347408136,0.9823601925598937,0.9462390479573075,0.9799409254424378
0.7267218132815847,0.003803116350202537,0.28347934530644076,-0.004321919152839741,-0.004199692613197295,-0.005174935607505997,0.010045879738685044,-0.0008222796676976737,0.4976001814113815,1.0099232091674897,0.6917905395479691,0.9863971158857425,1.0060006611337615,1.0039370125927358,0.9485094402118124,1.0067699548959148
0.45321850473693714,-0.04650269755645524,0.3286101365091409,-0.023253882900211784,-0.03468209733400695,-0.0338355299945548,-0.02117549766229808,-0.03686561452399886,0.20976821387851707,1.0268193962087955,0.7198511634979422,1.0274106556788887,1.0322519713424239,1.033231732072213,0.9807776437419433,1.032491269158299
0.6836263261426225,-0.01913633208577463,0.30116895508369496,-0.019129562259792166,-0.023603251407291727,-0.023986945710915402,0.03677791979802193,-0.020873889658441384,0.4469841660004803,1.0292068835199821,0.716409851850414,1.0099094974696856,1.02545681506761,1.0223954431760738,0.9978454446801416,1.023150590698389
0.7538834590548674,0.01586931089218855,0.2887713956723892,0.020680512935789805,0.005963095899722855,0.006509836576189328,0.060449400716857775,0.010467642234701,0.5311843043283067,1.0070981192417356,0.6568016977367512,0.9884771289944554,0.9943758633214341,0.9952363328530354,0.9606317447144145,0.9967990857906494
0.5560265308473775,-0.0147416345389392,0.3779611863035818,-0.02030272464292141,-0.00969512758175852,-0.013411777519242487,0.025551686898365,-0.010174093003154605,0.3211150199170908,0.9941692074257109,0.7390880867673959,0.9869943027811058,1.0128038958960652,1.009871194588758,0.9593366737412113,1.0149687710518949
0.6380416579955441,0.0014248094607761082,0.257049459869976,0.030859362801770616,0.008407215141572527,0.012355104378394752,0.03798575552272479,0.010386423370065428,0.40743622577666605,0.9798116332578838,0.6930055758466771,0.9874965838003796,0.9880520489427318,0.9885795519682622,0.9584733950326216,0.9886286609887486
0.42204582623325043,0.04097724759497027,0.36426615498591136,0.04059904508093166,0.023749530949581682,0.02075346113645984,0.05897566971707716,0.022695292913231458,0.25849203599799975,0.9907108338902314,0.8516952796640928,0.9830580234376656,0.9807994342851264,0.9799930620442509,0.9532710340342347,0.9752628682745195
0.6775006393783972,0.006875090383820906,0.30888698478735893,0.015593424679832213,0.00623652165695198,0.0071364116319844375,0.03663634440247849,0.006712182411360568,0.47551666348772603,0.9955799186817427,0.6825263811897355,0.9868274651281037,0.9930488632612685,0.9946094747514053,0.964622828580981,0.9943662419214354
0.642908074845627,0.031780155422125714,0.2623819302248918,0.05627309300945416,0.027569793681892715,0.030495355801568508,0.07153156546436493,0.03139803003398849,0.4043253514412867,0.9789082457472692,0.6626313583468818,0.9784415629568866,0.9685067683281838,0.9668974146345726,0.9309445492103154,0.9687910356789028
0.5316295882693389,-0.013918510826353613,0.3093493615912438,-0.00486792940990975,-0.015649178696847694,-0.015001871751340991,0.02853475937483033,-0.011002514962968413,0.36174020678559715,1.0050596134663452,0.7531327951959657,1.0117628591095817,1.0106734155810984,1.010462126000181,0.9463650821338137,1.0136769423396028
0.8262235857849861,0.00996106287056301,0.4293365568845147,0.0010908313432016154,0.007749522290969064,0.010072918125958294,0.04299637060427137,0.009412939529296912,0.5822135731152155,0.986648965275129,0.7670673905080501,0.9631229639157199,0.9873643585223953,0.9919172873128883,0.9595193169555358,0.9907377365507251
0.6337580421045709,-0.00933592319214181,0.3273306071956296,0.00672058710965793,0.00328996562290392,0.004205638185255098,0.0542889553477595,-0.0021019429155027746,0.45511698513157894,0.978954562128089,0.7067787139313182,0.9898155969587973,0.9964830782010542,1.0005981020353116,0.9877524398353004,1.0021299853628753
0.7142326693201873,0.006263293753925725,0.27856402708034567,0.006543736991298847,0.0026641974990122925,0.006054875572842029,0.0823708843791995,0.004251394685802154,0.5042268981350273,1.0094024252625895,0.5878808918150493,0.9811536726474824,0.9927290542645254,0.997484793445894,0.975009400610099,0.9962736462041832
0.662114834224324,0.005378875743577053,0.22888606494006825,0.0016978757553575993,-0.009878887830364514,-0.014284764617662881,0.030270362093436764,-0.009087762100303654,0.4679597796908309,1.0174460256653421,0.636914366098057,0.9997198922490141,1.007375067739339,1.0116595215716582,0.9826639737560593,1.0097269723743834
0.7703895221482924,0.002380479373299204,0.2430746981380309,-0.009631097709042061,-0.009520044752858819,-0.012482834578789025,-0.005090557361100168,-0.007787322023736439,0.5632617580113005,1.0165766472765372,0.6780359798572231,0.9929008348341823,1.012715981262005,1.0076202140025612,0.9401973689575549,1.0090267391515515
0.572265261371148,0.022679321490910728,0.19048561829671112,0.017037429178293262,0.015452639162489736,0.015342462620682283,0.02514010875858509,0.013277653461510355,0.3711138774290379,0.9849570634497841,0.6446903656075649,0.9683364062125569,0.9828013162852094,0.9865712043032062,0.9145904854439121,0.9840897962595031
0.623523338185685,0.00500074253520757,0.2642765206673542,0.009252701036544943,0.004660756304173399,0.008301886823900855,0.0773805148856468,0.005858928082315872,0.41404043071728114,0.9967517372977761,0.6465376634176565,0.9841888432439996,0.9931250811025338,0.9921346045085936,0.9972982474451837,0.9907459018823175
0.4221540521109729,0.005296330008070063,0.3048038958631756,-0.002742765357950384,-0.003997405542101686,0.0013409811881499637,0.058850712979060534,0.0005474421495106108,0.2312662975616776,1.008935362327063,0.7844055939295488,0.9839681799363486,1.0049024906742756,1.0032907995253577,0.9673710181308812,1.0078513222665082
0.6239951461301111,0.00013881055964126747,0.3140195965734209,-0.0010850764611988078,-0.0034428919210690765,-0.0052989951021273985,0.05562193797491,-0.002257801033747808,0.4580904577559186,1.001909412833659,0.6599174084918524,0.9873701423748071,1.0050446966520694,1.0057703525043051,0.9669035871714857,1.004507870799497
0.555607277079873,-0.028204280007422776,0.22880867601771174,-0.025794354969182018,-0.025603157179627092,-0.022951449082533396,-0.019078636999901716,-0.028815996466302705,0.34910595271733735,1.0209799029501765,0.622375595397795,1.0056938948095968,1.0284994235914884,1.0300256340308043,0.9461267301703347,1.0267193523085585
0.5222461816319822,0.014977704994315898,0.36474458406754645,0.04089938413533434,0.021640623808294297,0.022074270352687306,0.08812428533503891,0.019619587309430947,0.33531535306070526,0.9705860609320754,0.7675864888319319,0.9800277667779254,0.9803097502909588,0.9789205897585803,0.9542687196851507,0.9794899057947091
0.4790949145810915,-0.04436785671160341,0.2327819999329633,-0.038366818422558624,-0.034018989224817525,-0.03191240624056275,-0.013458326090249165,-0.03661337631767461,0.2509146069839706,1.030969791300666,0.6922055288271953,1.014408761370025,1.034279901177128,1.0395445040922422,0.9836480631861191,1.0382220321690065
0.3994519549299344,0.004367405010821104,0.2368130473155673,0.03227550937213603,0.01800047467192163,0.02118535554889747,0.11829161592866014,0.020118059731323187,0.16153901814398242,0.9800087990495703,0.5599823886391002,0.974643943622705,0.9767461664174348,0.9785697099406304,1.0046385540194622,0.9819524072293505
0.5812985458124205,-0.017084325781462302,0.1459332644954021,0.016550106078413583,-0.0064988685858575436,-0.005267817040322803,0.03600106230737443,-0.005902499834039059,0.3770944861617548,0.9827448700283634,0.5389030094034963,1.0140712370082587,1.0070318941312413,1.0052774941179217,0.9509025590159802,1.0083606631071402
0.6060124600982695,0.009810633391364319,0.19537733116618802,0.018430231291338518,-0.0028571489180448176,0.0032640436735386536,0.032568252656003514,0.0013172775639017662,0.38012224472773537,1.0066279074264914,0.6439213237248105,1.0005560186595657,0.9975723117402086,0.9998944050903377,0.959724693535733,1.0002389530131626
0.6850528439505366,-0.013186447195592725,0.18002252874066058,0.006200356589976098,-0.017189453531874045,-0.015106544393968867,-0.04255355351313847,-0.0175846336738722,0.49320521656857097,1.0059544831377174,0.5811749283460274,1.0280995694515622,1.0155644262342616,1.0150981124433067,0.9040092386151055,1.017524662101746
0.6462334537649557,0.007456486957549807,0.24871164199985657,0.014824434877540562,0.00270249951495849,0.0063938601594367645,0.06858946252363043,0.0006559391672872648,0.4409758430001274,0.9949686356598244,0.633228149280725,0.9898277890476227,0.9996662270711235,0.9959701945295181,0.9540123915498921,0.996785964553302
0.68280114980668,0.004981676923588472,0.20840663605327073,-0.0017886975088679416,-0.0092431325169321,-0.008804356862203044,0.043181894100669006,-0.008378255439308025,0.5034407211681307,1.015909641470312,0.6400698635018858,0.9935767147666271,1.0065315091227132,1.006020724730056,0.9979873270106384,1.0093444685452961
0.5716974619114944,-0.024423989581956566,0.369269464514366,-0.005046946937179037,-0.01574597399585143,-0.017615010718281414,0.03895383618195928,-0.013755146635203068,0.3881778629482471,1.0165119819474389,0.8110189101630827,1.009535692014616,1.0149419238674031,1.0179457173880264,0.9756620088461464,1.0188558851832217
0.3609970472692661,0.004397732128639169,0.29768892658607893,0.01378809002399067,0.012894301738074508,0.009936328555974955,0.0816483813347073,0.010321834373389401,0.17489866990189673,0.9836827102813034,0.6292376471590935,0.9709407616214726,0.9896384824575666,0.9846922032940455,0.9649677707529072,0.9900716905835742
0.4333824207011224,-0.026067470011546915,0.2932768474676501,-0.03059159672039933,-0.040944553494823156,-0.04032006352456218,0.02612830537009168,-0.03821655375912,0.2745691351087738,1.0545276793327139,0.7702030050108211,1.0319733795021522,1.039684683781277,1.0341889597778489,1.0401012779858583,1.040340164765815
0.5923772512292489,0.0005210628963922064,0.06147941165352553,0.02928210750407978,-0.003286896433164198,-0.00415208430497527,0.038869685000663026,-0.0028842427769479417,0.4235298499367417,0.9940767195951952,0.5205784758869985,1.0193130620285582,1.00396815734517,1.0055891249265292,0.9665081960098837,1.0078992164361678
0.6324328605604048,0.004544931617335742,0.30240638297139255,0.0076055809249020645,0.0027156163822475246,0.005627875919814608,0.060653334584087684,0.0027512629992188244,0.40245260251981196,0.9947723710418234,0.6983930151556461,0.990042755277979,0.9984256688316839,0.9999514693645849,0.9905898332266482,0.9973247204186736
0.7668877687059972,-0.002745806803983881,0.2608693399843873,-0.015063707787229985,-0.007420438647395289,-0.005410790048979196,0.045973162650202556,-0.010345856218312091,0.5196513638888758,1.0075655888265895,0.6514393861956729,0.9797112488961096,1.0078401087614421,1.0089397463784398,0.9868399536296988,1.0073774755467
0.6122765466685083,0.0064475228284255216,0.27776795508686825,0.03561101755307905,0.009154637838784528,0.010616286855891315,0.06158193707951845,0.01199451403921756,0.3941914646260757,0.9856690474795166,0.685436416421123,0.9947538195985368,0.9879990477612682,0.9868112259209891,0.956049309832827,0.9898832643621768
0.6123057293667128,-0.004017187420592555,0.1775458401122624,0.012011976992877652,0.008290309222611862,0.01519582393482122,0.062085955976534414,0.010639028723114041,0.4163673535877763,0.9780685059030152,0.6104565460490172,0.9784166930060445,0.9900352022137815,0.9943699849754783,0.945107532078795,0.9906760612156955
0.5970936648369038,0.00253406315564744,0.22734927037066965,0.011608456924219702,0.00682276905533554,0.009332621135740628,0.11291438005796639,0.007728254569740244,0.38103912617237123,0.9951260338295564,0.6605898669776094,0.9797199361897183,0.9963900582851405,0.9937707083841038,1.0352350834204096,0.9927226742117707
0.6866161169478567,0.00019504701446283293,0.23463733782303017,-0.03762337354131058,-0.015440151375214935,-0.01812469249522257,0.03662465037237043,-0.0170511648259106,0.4631805658202408,1.0158217840857484,0.5655724868515752,0.9785968944604665,1.0176318139667688,1.0142804844140116,0.9609809347406874,1.01664770579083
0.5485769433329425,-0.017329578875824217,0.38809577429253844,-0.007961798044321637,-0.01575053713512764,-0.01883103378490911,0.026522347542667166,-0.018510645398026392,0.3840810283280153,1.0189508909042546,0.8065757284707525,1.0097393435900897,1.015562662411417,1.0156648643879596,0.9468853786724559,1.0178852411664567
0.7183487540495103,0.01681455951997513,0.20189646226338315,0.039057607253706154,0.016443004782771727,0.018929717989576145,0.05629973095136479,0.015939472872076324,0.5171509451446588,0.9777229221195249,0.6498374570335862,0.9941393671563251,0.9861695468643912,0.9886656574397791,0.9644773975119766,0.9859419525268589
0.639013738023029,0.022145392602723513,0.3850598020357408,0.044793270698563634,0.015964455223728434,0.014076280874776406,0.07198955971682187,0.012166670187217505,0.4430354596652758,0.9859708365090164,0.7938528238995283,0.9948415654693831,0.9880866360018503,0.9839409020028258,0.9675237046400311,0.9836141765858606
0.6992137622750432,0.0019476614897396588,0.21431882259624585,0.029017781234835987,0.018095441266777267,0.014930977011113185,0.05078666398791329,0.011606514697203614,0.5246334256501477,0.9747490943823434,0.5843265015468555,0.9772746548189543,0.9839518439137142,0.9896553465283616,0.9614143189669728,0.9816151575041334
0.6647439986737583,-0.003825694914082338,0.3152232763368646,0.0130669248721687,0.01072936651960195,0.012575968722090608,0.03354913404251785,0.010429908635526963,0.4332365290536109,0.9731128875238653,0.7048967363000491,0.9732065025780723,0.9906403084850353,0.9909110831810284,0.9501558929564475,0.988876078043307
0.5575253711427826,0.003931093995605892,0.2572986407193036,-0.001507959568915645,0.003575808130597639,0.002695069167648633,0.03788278958690773,0.0018480998909905608,0.35058346433767484,1.0000729466825806,0.5979029453363489,0.9787224828256885,0.9966386886190981,0.9941790718620465,0.9424519598840422,0.9947911067446713
0.4737835993844011,0.05699943500511094,0.32224274211993,0.05031406243349679,0.05292532570102645,0.0551926213043119,0.04648406372609463,0.05165331318470756,0.23741156931916052,0.9513577696323228,0.6541990695839186,0.9318782400766279,0.9478395824960354,0.9494728514428077,0.8989045694078105,0.9460084775687121
0.5869367385105325,-0.004550188223152648,0.47600991487038763,0.012872017996980201,-0.00012222275724584633,0.008276062793053976,0.040676206194535956,-0.0012295202951932217,0.3942273757407553,0.9831299527451467,0.8301563832558152,0.9894396954501085,0.9970281599690171,1.0027385959853239,0.9381034165546935,0.9980544516012969
0.5447455720506451,-0.006756916521010082,0.383409522126265,0.0010088362042994065,-0.013004419984260347,-0.01750928183373924,0.021335059037275193,-0.013600256396799395,0.38029488531722666,1.0236252704005604,0.7739915263853998,1.0082983383879183,1.016585083677908,1.0094418449197646,0.9655288172299601,1.013855167090193
0.37789720198382964,0.032699290460785256,0.30547366004840515,0.03361517971981656,0.02235072904592941,0.02487980943494858,0.12775648084877878,0.025697534178743865,0.11772759544241174,0.9664010534133981,0.6802006164068044,0.9743553617976315,0.9744060824896905,0.9717593578571173,0.9836041650019001,0.9750868593724985
0.6141664338604664,0.0021195545630931815,0.26680169711476287,0.015017049564204802,0.0003368386095422376,-0.0034719220731061454,0.0733066782997924,-0.0020043724702103033,0.39596127842051065,1.0030314140826864,0.6941360971160143,1.00667832168015,0.9991582333836341,1.0000598411154273,0.9907817027299783,1.0042083673532598
0.8005649452744431,-0.01658997489209027,0.2931202622655331,-0.00523527035512276,-0.02746324645480895,-0.026021147398034714,0.03524786619281083,-0.025495036520746434,0.5706697447137208,1.0306130049314495,0.7403533779648813,1.0284835994114059,1.0226966414315362,1.0286804943536347,1.0069463833506085,1.0264251490585683
0.6617100228009931,0.01902203780099376,0.23388424572541266,0.008522091359403225,-0.0026189365128234782,0.0010670360840579333,0.06046810277809449,-0.003151535604521688,0.5199231971560296,1.0123192327003563,0.6387556653761312,0.9844273118273249,1.0007661548673183,0.9972521810777005,0.9815227064260599,1.000393862888903
0.6885376116867222,0.04163739130274795,0.31333844234751884,0.022879998191512353,0.01594833613784055,0.017108146249251548,0.019070255205773087,0.01591600702316539,0.45086989640707986,0.992246895460106,0.6789828322952915,0.9692073855212144,0.9820306419319276,0.9811810637364867,0.8828829569701975,0.9815862040182398
0.5218812558974293,0.029516390643263953,0.2257216357152269,0.05463585014506678,0.036120200883541946,0.03913221571155731,0.038119895054481386,0.038185814475237806,0.3253591719703104,0.9531689928102696,0.6315847654502722,0.9537671948769523,0.9587492340563921,0.9610867382027249,0.8885123645014813,0.9617098878867365
0.5464851493405043,-0.025094351162348438,0.32291067540771473,-0.008374943646287873,-0.0225732093211876,-0.02377565070973905,0.012101013118461248,-0.023360658912361394,0.3167494713222928,1.0169183157852877,0.7162259442731731,1.0132133342529184,1.0246024108274214,1.0214844271706027,0.9762855869352742,1.0221406519591634
0.4558781262261729,-0.04413351958741037,0.22171298370484832,-0.013554960028767271,-0.030592382379280525,-0.027987766513155467,0.01074900819677749,-0.024257219241711717,0.22187840577807683,1.0197788123049993,0.6449542577907388,1.0225726113393678,1.0283152376693283,1.0293067751602605,0.9816052612999303,1.0318161435822195
0.5365790891037623,-0.038484114119435635,0.3377295321033613,-0.018989132488484627,-0.033067078176622404,-0.03352268124849388,0.01940438267428294,-0.03524542564559633,0.33111987990659997,1.0198555141447705,0.7591131736478857,1.0286688871048097,1.0360219155755264,1.0320914515296449,0.9763913720459418,1.030691262272642
0.7290583144756878,0.004448717814856906,0.3129776769072375,0.01823031307496722,0.010679847670705947,0.014529643957307305,0.09119455993745315,0.012446350786226237,0.45898100855260027,0.9724539874576756,0.6509992262174296,0.9752783433117235,0.9886605099471297,0.9894575942372144,0.9864982045016165,0.9894179415052425
0.5393179167336031,-0.017057926986726285,0.18494342735354574,-0.014027211363855218,-0.023219026183104372,-0.027366078619692626,-0.01024439784503738,-0.028535269833873927,0.32601942927910355,1.02032754571407,0.5820460528256803,1.0203028355908748,1.025610312014165,1.0255684072635813,0.9697817270670347,1.0279446109546362
0.5564792160084564,0.009099425627261754,0.2486090619264832,0.004301283855389147,-0.00039231179321343185,0.0032914208939813813,0.05471692991529269,0.0017701887460427285,0.3397823397468168,1.0114133562103225,0.6626872209902291,0.9813036939371135,0.9976315101851216,1.000254485294814,1.005531592067227,1.0021697408286558
0.7730437813089236,0.003980215326927559,0.30694504968101555,0.015087369302343424,0.002416235101530686,0.002832938100642215,0.05373461175014696,-0.0008251496250114019,0.587878451851776,1.0068759553404196,0.7500530468071744,1.0027740441676403,0.9988298566288428,1.0029328556792982,0.9678804761030659,1.0003968741924196
0.6096876615315259,-0.03366121976211375,0.3376188654891646,-0.036150379725007564,-0.04163060125597919,-0.034436777563030985,-0.01266448095739504,-0.03477580992830725,0.3961439823143671,1.0425307739426082,0.7432143898758155,1.0238114796887428,1.0359799704703065,1.039623708086263,0.9857199487767007,1.0411407976879277
0.6484892291421135,0.01893582966200758,0.29156405509204625,0.020338670379747844,0.020775790859097868,0.014315819337911328,0.06936726729360378,0.0177746808496046,0.44276377725021365,0.9727836289454687,0.6512264799794917,0.9682932136666836,0.9868012746641769,0.9844530032174053,0.9516713266281455,0.9846052486326746
0.683929221136431,-0.009802858305173304,0.38469310333146034,-0.004436480244323207,-0.0014050651523742329,0.0002666965936162073,0.09324473638493634,-1.6557273940870077e-05,0.5005784201042863,0.994627588658502,0.7230247586677448,0.9765035696622832,1.00150980641209,1.0010490210797023,0.9941950359372249,1.0026742336500043
0.8213781015480734,-0.037340469147487815,0.1587708173131649,-0.041185707096263464,-0.04018496085391538,-0.041599928539572895,-0.017187922886656347,-0.04337536743352817,0.5929256374891403,1.0462783604894774,0.6132120084431033,1.0240980440661018,1.0439002127271872,1.042130903127587,0.9760849194925817,1.0396151625602181
0.616342405847593,0.0023107273386489,0.3213342666523405,0.01645901170892194,0.001938559677777727,0.007979853468622804,0.02047425348134141,0.002749563704280564,0.40162710452163175,0.9879243126390992,0.7127116883558539,0.98442682548951,0.9935218118133124,0.994729495802693,0.9272093002795155,0.9953874224161948
0.4417338191270957,-0.010325012998100059,0.37479972751826707,-0.008985239349669914,-0.023834326591802058,-0.025420039302903007,0.0058266812434804366,-0.027904299523112623,0.24656325752860053,1.031630166965038,0.7480369125226649,1.0281113213769468,1.0255070323650444,1.022296443229757,0.9516217255252697,1.0250705351610818
0.5204837646161028,0.03237315576320039,0.3869706534817624,0.06706276847548258,0.03585563694994677,0.034997707813959195,0.04797360299875938,0.029500449642745976,0.26955882704237333,0.9766195463185726,0.7473181232978501,0.9811347484768174,0.9678739719917693,0.9634092736692069,0.8957040383619131,0.9640373552986414
0.7500323348597983,0.03304338876293264,0.4327604389846295,0.019607503391879933,0.02049500318447789,0.01989142849124666,0.04505528638740634,0.020141607350673454,0.5342123134195247,0.9783569232754831,0.7896393472053803,0.9578339986221264,0.9806427493647007,0.9721143176567781,0.936127898967288,0.9770258194226065
0.649924878909909,-0.022959916870980805,0.417456884507675,-0.014241395469478195,-0.02208505241270127,-0.022908425940161216,0.06552111378281632,-0.02325235799235416,0.3967826764337449,1.017890586780499,0.7731448317191363,1.0104491255639005,1.0198466867732352,1.016313266114494,1.0037662258074693,1.0201614059035318
0.7125365481704972,-0.001225033106982967,0.2623818933769509,-0.004068356905274673,-0.0012651141669881476,-0.0029807755000888026,0.054067452880908154,-0.0024387479244585143,0.5416933680635576,1.0054296357173793,0.6731675675527853,0.9832935383402251,0.9999026307317196,0.9969540704569944,0.9612942867447943,0.999375614656098
0.566214910896963,-0.00023464937683544877,0.22085450286667746,0.011738127763296033,0.0003887679173995395,-0.0026665342062160693,0.018476505800498113,0.0016271171765316502,0.4281196464428709,0.9826816899793155,0.6305793875126217,0.9903356873056849,0.9963712177382071,0.9982046498440781,0.9302441355781852,0.9980157437633198
0.5642274504378718,-0.021986502303980422,0.30012940880590544,-0.015596972649236103,-0.02061788848188507,-0.02222941698413761,0.0017774904990328242,-0.023702447201497483,0.3283250350474417,1.028902136124641,0.6873231198712626,1.0106635684395535,1.0233555668454,1.020194783422761,0.9727359150144765,1.0251364939111256
0.5329343730194176,0.005406639101075452,0.31656232510105864,0.024943287282881046,0.009073321401482816,0.007288400952204601,0.029391247394585318,0.009944816308796577,0.32452211753049787,0.971922322143003,0.689330928522386,0.9893931076092066,0.9917890619791465,0.9883788954268574,0.9359027262942671,0.989561048108199
0.6966897712015897,0.033703765022507756,0.2207716948944942,0.04019529608132417,0.025141986820316455,0.027549986306723395,0.06464311735350318,0.022337364644724786,0.5037621486365664,0.9830496840425385,0.6855903914632393,0.9700960077346614,0.9744299580491225,0.9705026773880314,0.9631960501406405,0.9759322362731285
0.7255344491975638,0.03826866857137035,0.39462521896709396,0.036494825704296865,0.032607376153500095,0.03410793661148467,0.08398255385737202,0.03269185941296917,0.5294711221366366,0.9663188670048412,0.7238680170957046,0.9569795970177193,0.9662818911889585,0.9638506584139515,0.9186408146838693,0.96578232137322
0.6950388099817313,0.011408238491001671,0.2962347788348281,0.0123137913790679,0.004610209675156075,0.009370547953054875,0.02755888410223021,0.010111661523914583,0.4500310576744576,0.9875553074528354,0.6977595826978732,0.9834135690596271,0.993938528510276,0.9912075120183906,0.9337997510026166,0.9935981232106549
0.499913811607778,0.02091083576259772,0.15139969991690275,0.04240537987991391,0.017805217948960263,0.02058551695467097,0.03759382779564195,0.019898374540982686,0.3137853836631891,0.9769909863446384,0.5623797810266016,0.9807216876716536,0.9793063348310995,0.9752883451827818,0.9008143741998131,0.98027671619734
0.49613514156424515,0.022425012424138937,0.2897315896975902,0.02619212432184188,0.012613262192037164,0.012357483333664283,0.023484278528604116,0.013052010737641027,0.25639777299675104,0.9911338383466867,0.6417213948238839,0.9874537806706348,0.9918731762120121,0.9929375376707377,0.9041203600066573,0.9873317846850062
0.6217075725284974,-0.021822717664815392,0.3202803225153553,-0.026369817681976934,-0.007175296951715748,-0.005848199684844458,0.044163919247645636,-0.011217584864806437,0.4743602092162843,1.0010006182164284,0.717200486273623,0.968313929312517,1.0129008912864168,1.009450418127217,0.9872249743342827,1.0086457666967652
0.6209560685596069,-0.014221607257826632,0.42140772868751003,-0.005489253083853772,-0.02521881959553921,-0.023225481888175525,0.040246966980920125,-0.02591041923014542,0.396562472108445,1.031299023406336,0.765420385278007,1.0256833471052762,1.0258340128371555,1.0237328493605076,1.0003449422497148,1.027271277004229
0.4955775544752721,-0.0014942085185144095,0.23028644240342538,0.014137245162443432,-0.008123903746499819,-0.008538722664917554,0.027407837174147798,-0.006092900777200349,0.2988608544096004,1.0139020378086128,0.6332959493140575,1.0122528724566813,1.0082383110039232,1.0090889703372221,0.9668143973138682,1.0116859183093085
0.6023715911090255,0.01317740484829412,0.29557200302868863,0.005522659648772079,0.009034262978458454,0.0064428138925833826,0.06708553937990043,0.00736897300481768,0.38040123183510777,0.9847914700007403,0.6839546357622321,0.9710901772746859,0.9894389606617192,0.9880587282450378,0.9735205795055069,0.990864828136348
0.5196454408687674,0.01596018309386141,0.21488326460387305,0.01878445002440166,0.006696658013617438,0.007491418958767597,0.012519276906199668,0.006225601919041732,0.30776865735691317,0.9943979651099323,0.6074991943849732,0.9912230501194034,0.9962786636913663,0.9966729262967986,0.9159461805128479,0.9943712525346169
0.623912484648048,-0.027389819015887815,0.271336138981166,-0.03038783745780998,-0.023392159751265417,-0.023463905418157252,0.012729816374977936,-0.021969859126074576,0.4099899609964598,1.0185021011384698,0.6757869400303457,1.0012106920621766,1.026256261207727,1.0209296690345664,0.9908924568168792,1.0271429857034868
0.801589578058223,0.044313690151603684,0.3680606412871128,0.04462169194934967,0.03726049030383128,0.03222272838904693,0.04389999465793899,0.03769283689264275,0.5522459134728783,0.9663922229935537,0.7003923932220826,0.9520894169430582,0.9620217547979961,0.9589659466782946,0.8674095351187472,0.9644698712089865
0.5069414106035581,0.01515282981242879,0.3626442631673714,0.03266222253560773,0.021257525733709533,0.020907171406985513,0.08070152826483502,0.023010383353693667,0.3114739928400836,0.9631989612536441,0.7353235835462297,0.9780698280472486,0.9797481935521098,0.9822526514300438,0.9230004193121099,0.985194255700412
0.6814528893166806,-0.03354188178084182,0.2837064498317928,-0.010553967471930529,-0.024145427678636387,-0.02293753552526835,0.007926966897727457,-0.0270027004279533,0.5026507280564737,1.0078054538694396,0.6783805863269041,1.0184120961027057,1.0272438350940367,1.026323388240556,0.9530183723333923,1.0244129552256678
0.6613132101980438,0.03413626147688645,0.2079505492042374,0.03312942697572838,0.031832021751131756,0.031692073352257724,0.08646371815569172,0.02990941131365868,0.4856762354723324,0.9677715868291121,0.643488391371523,0.9561869573171804,0.9693343126823855,0.9699449863718004,0.9572555729317176,0.9715908760505703
0.5865331305417754,-0.005983941872410271,0.24820279671688947,-0.00042272929219795523,-0.014537393926361525,-0.01677683688054955,-0.014388509084703878,-0.015237311398055745,0.3367262167267544,1.0175005062276108,0.6354116804084722,1.0101768515991425,1.00878087712438,1.0072895101605874,0.9269910935104273,1.0075458033526707
0.6443836257336751,0.01152524748531352,0.30971713001195916,0.009672767394715063,0.009167809249611835,0.008703100754394127,0.06451892731349941,0.008643082801420255,0.4219596245844768,0.9722722062378966,0.6793247985857287,0.9716036304136701,0.9921504837766018,0.9882781641145673,0.9592012453765821,0.9933420276180926
0.7274287906261084,-0.015861363882353333,0.2634550015490862,-0.016488177472425387,-0.015354609065680381,-0.014069994247881402,0.015579368858821406,-0.014921304481963446,0.5076612950591831,1.0135655898636118,0.6755155955731431,1.0030264811299963,1.0128047581420403,1.0184848125651527,0.9724895969897648,1.0149667413857324
0.3303174479702445,-0.00597236282607421,0.39239516858974144,0.006903704316516301,-0.011578585681769043,-0.010023235911240685,-0.0159080857739417,-0.007802425877237961,0.11971654955735189,1.0071464972888544,0.799010158739541,1.0091400183873054,1.0041378682418778,1.0058524867687415,0.9136662935991222,1.0099345452158257
0.7368607939597682,0.029710749414319934,0.38196135373025286,0.009549994987071228,0.03588171836486479,0.03742534851912859,0.10118769721949393,0.03378853427215721,0.5220455811994387,0.9592394295513087,0.7366679333295101,0.9288976675514048,0.9665126940171465,0.9636923231136976,0.9356906518765211,0.9648971998996514
0.7078381986537248,-0.018213946282237437,0.39771739385963917,-0.005637031132822542,-0.0037962650732869378,-0.004553343769532786,0.04348812772530593,-0.006926278207247697,0.4757175718094112,0.9974975528090203,0.7622376494530201,0.9925063871854586,1.00429353308055,1.0055426206364495,0.9640004872036909,1.0052595498041206
0.5411377197428716,0.0490047701952054,0.3515533820877564,0.05534666653540127,0.04428099259311247,0.04428929776809465,0.09009225508083583,0.04437914405032158,0.31525499670588264,0.9697372064804956,0.7006088770173413,0.9492778256570511,0.954151623687025,0.9592993068138783,0.9286144437413743,0.9566073490486414
0.43185524666579195,0.0018598806584576037,0.29244858945695795,0.024072395365952445,0.01053173053083865,0.013189090286147547,0.0765344309742498,0.00913107306845666,0.2309580105237814,0.9780103217282007,0.7443408824709323,0.9851550888639734,0.9938212955519307,0.9929411161635747,0.9667902269367046,0.9913033082429644
0.5734039155546568,0.0062939760504806975,0.17720435266987533,0.030189473254666064,0.00649390826603493,0.011096709397117913,-0.0004987221268604507,0.007015314601244685,0.36995658119873487,0.9901841265136127,0.5938824766254306,0.9923448577403184,0.9899410102840313,0.988400504548999,0.8798361714266429,0.9911897178907273
0.6467583814625059,0.026906541926106364,0.1926408308827376,0.02502308596143504,0.013715251617073126,0.015162404486060523,0.030766417102183106,0.015888624746597302,0.419828751978387,0.992229425079699,0.5666494417957754,0.9774455405505293,0.9858889231133858,0.9861442392977913,0.9508073440509506,0.9865181766281548
0.46070123918280037,-0.012914122236358497,0.3485751174685106,-0.015265312254686587,-0.014790692753283905,-0.00921688467339976,0.05272023552418713,-0.016116459225951688,0.2798134279809944,1.0036834182969123,0.7718626860030904,0.999151775237966,1.0107668348320424,1.019374532093065,1.0041280889699735,1.0173591466850485
0.5204002863487381,-0.014877740581623744,0.4464686848384808,-0.011724248468806809,-0.019430079816744134,-0.012622473426409521,0.032861270957251866,-0.01639827799184009,0.2832731375797086,1.016301990732392,0.8321171460297714,1.0099474894577383,1.0220897677347545,1.0147520268960308,0.9812794992099019,1.0156036626549405
0.4724531796183211,0.014200717878008327,0.25640459744086597,0.021555643554106434,0.015314468838055692,0.017672276217023216,0.06905574941715897,0.016009235763817166,0.24176889769685395,0.9790874197228101,0.619627090126946,0.9741014984328185,0.9852444051941484,0.986963621343568,0.9500517496923465,0.9867941713338902
0.690531925789594,0.01730006547634517,0.2576129721202048,0.032142313445656476,0.011193614822413312,0.01729516489383128,0.05825230681603876,0.01584834447605882,0.5059753791058896,0.9768239323362063,0.7235544914479991,0.9805760183144124,0.9859221583805134,0.9848594186197298,0.9280267820370625,0.9824634235270725
0.5713653721564546,-0.01980185145337537,0.4120457869532016,-0.006791550815123044,-0.02251556428534743,-0.021962860931313277,0.040040003392821245,-0.02498925338288075,0.3816406943087616,1.012700948179829,0.7574904263625962,1.0157537642152494,1.023068957999738,1.017128099318243,0.9773037920188156,1.0219222082275914
0.5034858225280106,-0.028758486649849237,0.28625777663760366,0.013896913862161795,-0.019041216583946398,-0.023607381894304436,0.002997138690859318,-0.020907744963038054,0.29815762510054566,1.0044742272318685,0.6710518110059395,1.0352845749730732,1.0187034535871353,1.0224572966518741,0.958633432869516,1.0206749083834898
0.7479270948808996,-0.01786915893386304,0.375426046452751,-0.018975718131066514,-0.019060782539040037,-0.01842892969474311,0.0123655680362234,-0.020017149977920357,0.5431229242897098,1.0303111973101415,0.7834805054229195,1.007403118889,1.0231872366069807,1.019658441127121,0.9697775116238541,1.0204317916399468
0.7288471140498928,0.02570961707414819,0.3151068689372483,0.02861713178682745,0.02669165790055156,0.032984880628754265,0.1156625817859142,0.034378542821857254,0.5407072309069738,0.9627150751822837,0.7079576996433479,0.9458237446880157,0.9647901904740386,0.9647001635012646,0.9550771582648188,0.9701806437201427
0.5090569666077478,0.025540352426805225,0.3387612372039714,0.02374519557314382,0.006497287134951506,0.006309753984618609,0.0719217869617253,0.005685756227968657,0.3546718046261428,1.00243264353904,0.7764442564225716,0.9938137314187947,0.9890936369731723,0.9919017747741756,0.9742972471028474,0.993468227815771
0.7319489111812071,0.005962682244873671,0.44447690189448574,0.015013495950431971,0.0010205760795075523,0.003159918516097615,0.07143160853840852,-0.0007371668757572736,0.4858595673718482,1.0041423142779518,0.8101497934340504,0.9954132696396321,1.0004786986508403,1.0006816293606817,0.9990480924911612,1.0030145743737386
0.745024223759507,-0.042037374004532134,0.4044529652102781,-0.03145325529055256,-0.03512500430987095,-0.03506773112826643,0.01255621243160591,-0.037412254110434515,0.511137238087127,1.019895449899543,0.8000126844986334,1.0218136599730492,1.035509742766734,1.0312530773960336,1.0005371889540269,1.0367547181192627
0.4996099964204128,-0.027140921415904802,0.24552014012659615,-0.030054068489074017,-0.03645324242569808,-0.03554500097014298,0.005176918735315887,-0.03364080655457829,0.2931847029780813,1.0405975148145545,0.6851182687541391,1.0193427213269843,1.0326607843759208,1.035085883243748,0.9968670835171581,1.037022818023524
0.6936697307677893,0.03591133995483807,0.4314141979655324,0.04653144094635971,0.03415202148998337,0.03194394178704096,0.033547083161245925,0.033994244372724414,0.4292767150902844,0.9610935365246942,0.7755569745562095,0.9579217883307418,0.9610175629902166,0.9579083779775261,0.8770567406541052,0.9642270562662237
0.6202179617421557,-0.009673609648997607,0.24526045737864965,0.005459523197112454,-0.011410748501480637,-0.012679982210876444,0.03796083684678873,-0.011748065189321213,0.3978962772845409,1.0060618806722834,0.6566772203980002,1.0144456434080718,1.0088500073577007,1.0091993030486257,0.9589097693762236,1.01191530976249
0.6830903880307689,-0.02288042540386384,0.17904918608919665,-0.014847644045732081,-0.03590907227558796,-0.0373194749067046,0.006136324148629967,-0.03502072268880773,0.49979813068140067,1.0530889137133728,0.6172613647684125,1.0375606472770662,1.0368174851794647,1.036713431641751,0.9853003306962664,1.0367786051794337
0.5812783338461939,0.005839259230337715,0.2785793248952238,0.014801869496848778,0.014478714520270329,0.01373427387001565,0.04887278261504796,0.012550492276064276,0.35566445927974266,0.9816387002010264,0.6088877006658477,0.9728171320856509,0.9866948581822258,0.9861027860327771,0.9461883379659511,0.9857710491707958
0.7210901129225314,-0.021664773370569247,0.3074231071926834,-0.020610134436680035,-0.014500135542748352,-0.012896809320152067,0.05169880966351314,-0.021952319704156262,0.5167065079042913,1.0163349507674617,0.7290232769225491,1.0004050072939508,1.021252836525179,1.0182672465633504,0.9987666815906092,1.0166769683699328
0.7733911543476941,0.02804490158583352,0.258944170198476,0.04185535720598798,0.024579705894370606,0.02266908814018925,0.06713747078875065,0.027443634445728657,0.5158955535399667,0.968609398983489,0.6018969590828293,0.9791750846350005,0.9746320589960143,0.9739335994700166,0.9478865869068569,0.9744210588895889
0.6524581642267471,-0.03977826156565556,0.25858098780653094,-0.01922966562776864,-0.035121332847114495,-0.03500465931598349,0.017794548600323045,-0.03107189111920475,0.45955884082998055,1.0211446416746968,0.6770105155447597,1.0365514597937218,1.033547572326892,1.0366307676723143,0.9930384193967766,1.0419891011425642
0.634319901174548,0.006500910745461361,0.35142518223012864,0.028523925037297795,0.014054556020234843,0.013367594360343646,0.011426438284496175,0.009179769228269132,0.45173645749936997,0.9831374092203938,0.7531338825433315,0.9882373585534092,0.9897950389506242,0.9862379922839165,0.9023739145150318,0.9918402061611751
0.7039063577948195,-0.007336995032058766,0.3587874446976884,0.006126944357850477,-0.006304917793085167,-0.01132822778431221,0.007280396671579401,-0.010193740205923358,0.49810188549078405,1.003045800008933,0.7347257148125146,1.006085222886523,1.0099025948921934,1.0103739406069268,0.970475072851414,1.0121840778819948
0.4530701243742228,0.007984725837172467,0.37007902566466655,0.0034942729108293786,0.0069289598303255585,0.007706862758365664,0.04853311874257779,0.007073743515191692,0.2602175164420515,0.9760174589042159,0.8268218818490951,0.9725957791806261,0.9939728509248174,0.9877041644865141,0.9643861085075123,0.9910748869651272
0.7519634470660554,0.004559973697686651,0.2065537042222473,0.01648424733550852,-0.0029013162036132037,-0.004912825044635715,0.05816168584322969,-0.0040581218709008025,0.5812780438466029,1.008642251769401,0.638755524948297,1.0129507014883352,1.0033668233504192,1.0015996983667812,1.0015640794115015,1.0058811258851121
0.6792519202997078,-0.0027799680276998262,0.29825437042903324,0.013465065077084424,-0.01326388981726688,-0.019687044495376126,0.04852895487517577,-0.014324811394057337,0.42899199127589493,1.0213831523908419,0.6726419827500864,1.0271581766115103,1.0154704816914775,1.015445069979811,1.005120028314519,1.0144430612787971
0.5546312301038449,-0.01779516425006639,0.3379263538982413,-0.02908570911222833,-0.027795407672088754,-0.02599260481950249,0.012134203058447701,-0.022319324036037046,0.3620462303869745,1.0357921871436513,0.7648860960481887,1.004621999729003,1.0274330701088585,1.0291652891689653,0.9598557457498923,1.0257573526786976
0.6928207151384341,-0.006824646844811097,0.328329663596942,0.01661090037648356,-0.006197725073973501,-0.007879775105686904,0.026852831149249738,-0.0072416619541302305,0.4546109844812538,1.0068554353953851,0.7204283205094907,1.012567307817957,1.0057615002041471,1.0052273805692555,0.9407302334521057,1.0027072397277759
0.4820030979523231,-0.010057566491778133,0.3375913135433343,-0.012479881945109045,-0.018697145441566494,-0.021191216682017306,0.004401045207815277,-0.019308417314714808,0.289025067300685,1.0213535164213878,0.7479186285567697,1.0130391794903717,1.0170138909874509,1.0184880582697786,0.9459795535001735,1.0196264873494156
0.5306972268083618,-0.005992771294200163,0.33112677010851943,0.009148570516122181,-0.002876875659018562,-0.0007855732936069288,0.044283485133279926,0.00127106316636665,0.3623465113722164,0.9861135220616167,0.7581543118356766,0.9969327702423513,0.9959887933936165,1.0034406636241515,0.9511455716742643,1.0013991968255789
0.6228784878381898,0.020050627759453682,0.33859190474575,0.02684624914454776,0.018198385378483707,0.015726787723749854,0.08315521834707569,0.022882016030457763,0.40566349220795705,0.9726864007572232,0.6834710113812036,0.968667986009088,0.978410131298317,0.9788539541804022,0.9737649278322897,0.9818723617666054
0.7050890078672872,-0.0019908593933852417,0.2632841652100358,-0.005734063617492644,-0.012377168938159305,-0.010954105092499816,0.03634841763666235,-0.013152897787531988,0.49386069391470755,1.0115423011342801,0.6801063705598481,1.00616068976568,1.014651428079169,1.0125766264256228,0.9940577243891385,1.0125923979788565
0.4825280428244256,0.01910539592691282,0.3062103079919604,0.0285594000835062,0.017215714965786454,0.01389203236460618,0.06332576363767586,0.01844882732576126,0.2965120230293804,0.9734680965254594,0.6636292388892621,0.9733498443470787,0.98329972125649,0.9780566605930023,0.9438707475620991,0.9839614470500853
0.7202777867243159,-0.03008111879764244,0.2726844302199158,-0.0051957011065310085,-0.02232946688678301,-0.024997172537476686,0.013606545400372089,-0.029588018304377055,0.5345305483511069,1.0267528415405778,0.6815942851709258,1.0205818487248948,1.0238954889674516,1.0216773215206238,0.9771001874393394,1.017694951806702
0.5986277431373271,0.018667320885790414,0.2266194937725281,0.005760005454590094,0.006153113685555519,0.011170228414143595,0.03278837534429164,0.013145116718468429,0.3918872360612373,0.9965351342407518,0.6174715873120205,0.9690891456613351,0.9899206617770392,0.9882239596444558,0.9342873036961232,0.9945976390400152
0.5724356734780994,0.017666615119787732,0.26723855514755146,0.012684013488592598,0.012469845528212781,0.013219469224722037,0.051564552413194104,0.012447669807595988,0.3496618568309068,0.9992175938141612,0.7004421897642876,0.964972678429462,0.9854137893499343,0.9863322325083089,0.9546586092248972,0.9840638015034929
0.5523466456223279,0.0017784076201046999,0.28283058935874295,0.020130866591619997,0.006948590682541855,0.006222713405853061,0.04129777488912026,0.007890245529198888,0.369694853372987,0.9818867665327078,0.6907286489702494,0.9910560159401335,0.9926948210825333,0.9852698042414003,0.9347722708165586,0.9910946524819221
0.5953350043522943,0.0010711560439947447,0.3662086326653518,0.00927665097966109,0.011634292665930484,0.011101150068493543,0.06360969007619349,0.010727368841033445,0.361697363885504,0.9711464581408006,0.7322716337284761,0.9742089764888141,0.9904958170716447,0.9901888056863485,0.9748200174722541,0.9939175157348265
0.5758196608884217,-0.027252999808385293,0.25389407627064015,-0.011709864934440905,-0.018747031192838118,-0.01824480768000727,0.08097263018595513,-0.022938291694501924,0.34807165898226133,1.004351949004795,0.6345202786140668,1.0035304151368916,1.023032792946566,1.0188929111374834,1.0214073903422691,1.018528014910673
0.8966768129169937,-0.010790985966095346,0.31126614610305614,0.002194485838615667,-0.001440725230112501,8.513974723612745e-05,0.022326686078666273,-0.0059788667029724634,0.6477270067828989,0.9988130955613179,0.6431960170445066,0.9951778395973984,1.0040772830682982,1.0056732251355185,0.9391587252348934,1.0041696926233692
0.6118954220345434,0.0018801469926625184,0.32960249540712666,0.011670780356580781,-0.004017084409951045,-0.004475336210044391,0.1024089889206788,-0.0041758282170468826,0.40670383988743264,1.0117994298882356,0.7105078169255892,1.0000247778440163,1.0003451517205137,1.0006906738404124,0.9960966166138893,1.0051316407345046
0.6331062296919584,-0.013897401048497775,0.205931049993586,-0.01525887971387522,-0.02098604025836607,-0.025325582272463433,0.004055275267927778,-0.02485472087646668,0.39549008826542564,1.009127873393262,0.6410067985288581,1.0121222239451213,1.0232396258102616,1.0214928782476564,0.9550197440209519,1.0201337871262048
0.6860032457525194,-0.00588682026837794,0.23903732902726843,-0.005700164002947498,-0.006260692134377678,-0.009582276381725404,0.019080335167854765,-0.007622445999161841,0.45595358286547794,1.0162553222907278,0.6508496025645029,0.9925761513679665,1.0100028462402337,1.0063786161528832,0.9647713745047904,1.0055700257144464
0.6073788172628056,-0.014745842852941416,0.227116777367634,-0.0035046393304890198,-0.013889643412461971,-0.01791975383960268,0.05382048504003801,-0.01185815862572919,0.39144308367545555,1.01612164583629,0.6059932278666718,1.0086429352409605,1.0151594078600854,1.0145350820174674,0.9919961891629279,1.0174941860540847
0.6849098284232352,0.03578161021393895,0.34549825774700765,0.023022402145613012,0.014258088194758408,0.01593950230156026,0.0611744725422492,0.015403798784252376,0.4991224619457477,1.0038223934826744,0.7050314497876042,0.9780891993660198,0.9887014330140065,0.9909473682957017,0.9434839885334407,0.9867274407243671
0.631962501420226,-0.038989507318344954,0.29916622408573373,0.0003633610865369432,-0.012491339228376988,-0.018685643160105465,-9.899595582377551e-06,-0.018680160203236568,0.4677449983860077,0.9903293702890013,0.7320158940984265,1.0107162500503344,1.0134603425553426,1.0135992056671,0.945899799655826,1.0087714247149218
0.3850445602350632,-0.04506224002101527,0.31671709829087047,-0.03815090727255751,-0.048038498438275457,-0.04780239657332145,-0.02998609861921892,-0.05011394473142151,0.21224338947860677,1.0362963213129162,0.7564172115407304,1.0412060423376763,1.0468856350101432,1.0463031822071822,0.9616891812423949,1.050113829103301
0.4963201922292293,-0.02103259860367012,0.36340339953322154,-0.0060569577515345195,-0.026433651885074606,-0.028837578324012823,0.030721123091940316,-0.026920953928454276,0.2644075911053758,1.014957210771152,0.7550150079155163,1.02774301636855,1.0223772383872267,1.0230539455263574,0.9896910443457884,1.024851791683575
0.6162769417919084,0.06166101438994417,0.28694074652407897,0.06220388191598371,0.05225250262582032,0.050985687364500334,0.0760143871128868,0.05035470256739097,0.3982177501263793,0.961767180218344,0.6130465264077349,0.9430637312298144,0.9516893596206164,0.9502055283068112,0.9009820973720826,0.9482168105130575
0.6347927477378156,-0.027272140792994316,0.19736791831515837,-0.028965575683159116,-0.02934545318900619,-0.023335744344904916,-0.031019071375104866,-0.030075198114923717,0.43548042290028355,1.0274223585241817,0.5883308622790389,1.0122233116691741,1.0292899267957698,1.029348242533629,0.9532760176058699,1.028277267160623
0.6314235354311173,0.004795794051043037,0.31455770965052526,0.022005791982174613,0.006850123987920651,0.013738785830328332,0.06960056038734248,0.011470138162334541,0.44149190777803105,0.9847733662260558,0.6980399864660194,0.9792656561644648,0.9910809138952076,0.9893282730081824,0.9529564764825753,0.9907936865168988
0.7049099647278848,0.012118875694055745,0.23034761113332977,0.019130485510943804,0.008472045230513882,0.015912311608448606,0.06948293259658549,0.01395678338135657,0.427663201524374,0.9839009996186928,0.5432261463034206,0.9727899416211192,0.9848741598008108,0.9833451114086467,0.9761167774117873,0.9883649550053681
0.7083060795336418,-0.01731800231170245,0.24540118329785668,-0.001800629145608835,-0.01317640831072001,-0.012446874056360389,0.05523944394289067,-0.011206992865883593,0.5029629855276017,0.9990956192269467,0.6297220715016473,1.004885878163356,1.0141716722613927,1.0152716048288895,1.0168788604551953,1.015373165386655
0.6955039965414787,0.011536350939141337,0.23231297531873282,0.012144329396887692,0.005170115164782039,0.0002617812595856858,0.07050145865190378,0.0022465116069570715,0.4962011177135368,0.9970160376720275,0.672782144152769,0.9957287492071739,0.9932265841809194,1.0000193718673467,0.9664574486183433,1.0026685612155846
0.7379363226103801,-0.021631633317318738,0.37907263988253126,-0.009995798114591392,-0.012246925914930826,-0.018371569861339553,0.020976222352620127,-0.01263930057578125,0.48935036231601237,1.0110769527567174,0.8049425420778958,0.9990548336582117,1.0142551592343787,1.0126528223819287,0.9566045759375866,1.019627138960939
0.5776116995781265,0.011082793999261063,0.42874852945311215,0.04274463481866481,0.018035956633850565,0.026955199782494402,0.055407971673811215,0.023486102093538668,0.355331006732288,0.9693746420973992,0.7583742999383216,0.9836294776254133,0.9760819340898061,0.9803745114416045,0.9445413067830295,0.9815629449673946
0.41375563251428826,0.06599791977274788,0.3538959977146129,0.0747112583792671,0.06319350084754338,0.05770545487827489,0.11001710241128834,0.05635055906162936,0.18494273720643684,0.9441833256022248,0.7166422605028716,0.9453330619481854,0.9395314985694511,0.9377358212832292,0.9220999678652492,0.9411180342427006
0.7437353359964961,0.017337304196286357,0.28094448410085765,0.03263110448807083,0.014593614365480801,0.012510653780224696,0.061267929912961316,0.012838445597941365,0.5026212743503085,0.9966564950082997,0.6810831626456098,0.9861201224956141,0.9845761363253458,0.9859254327767732,0.9737175096835687,0.9865876286495554
0.4518065701716544,-0.007771159996753666,0.2854520924268415,0.009496519582256452,-0.0003878492242855495,0.0019000483998025716,0.044080320385084235,-0.0025151642139158922,0.27224722854408967,0.991460367642276,0.6667250124268453,0.9907845771952425,1.000513457067971,1.0004438977024075,0.9576771220842343,0.9961527004226718
0.581208132038917,-0.0036774380288416343,0.3390235678421826,0.008326803892226304,-0.0040534576499605,0.0015664410924074378,-0.0015907766505107996,-0.004195684899045515,0.34672404384919364,0.997583884211219,0.7527129535857299,0.9972021754229669,1.0013755437250662,1.0031270179351561,0.933611574219447,0.9988896517955316
0.5630839274938556,-0.01876940921519872,0.39391779375771996,-0.005090095403873964,-0.006499181940460515,-0.007563208582020525,0.08839251013234499,-0.008333890782163414,0.41377708761739995,0.9956989487234041,0.862298761842518,0.9940944321632469,1.008893408891075,1.006201841483591,1.0014747609242978,1.0059920013148185
0.5213445896920317,0.007428788360946379,0.3262440136328402,0.03113363516722578,0.0211249372215484,0.023186104370226366,0.08541042308010612,0.019140707426969873,0.3258525073249584,0.9746840828749449,0.7378996074975104,0.965939113738517,0.9818258093862243,0.9811189794297652,0.975511846253229,0.9774403650719498
0.6747070301613711,0.013708243472807503,0.2533877576377702,0.002780447482496591,0.016601269124047358,0.018194340350915772,0.05076076461286755,0.016855216087448176,0.46391267972069394,0.9785549482612803,0.66831548666512,0.9573756406940579,0.9837705779369889,0.98582616549972,0.9426419951851506,0.9891984199046525
0.5970835147524395,0.0012093082367473254,0.26516319789654874,0.020500527731760136,-0.004166071361074327,-0.006468412822471355,-0.004920659443858124,-0.003967569552945504,0.3599885809239175,1.0048972464196533,0.7148693556847844,1.0132478379260892,1.0016117422284625,1.0063776429122284,0.9309386389302668,1.0042255265571995
0.5306323884266986,0.019071055446838844,0.4079121644749336,0.018776336470809125,0.005102148301820124,0.004667778698238923,0.06393572497914958,0.00431580513474224,0.3492200210707862,1.0074489541886527,0.8071109690956503,0.987584289926117,0.9969285937538,0.9934627132140557,0.9640685334274547,0.9922508911237019
0.7235716495792913,0.02927917975923351,0.3095018516764047,0.049680700668335624,0.01976782325027293,0.014809256175450628,0.05054618562930521,0.018509702378817234,0.5296950210368053,0.9966988487369746,0.7129534680058693,0.9993319966864855,0.9811565270119852,0.9799959890582475,0.9222546750674839,0.9833487319496169
0.678660422576259,0.015471711255231887,0.36784419507126187,0.04080680932320041,0.016633190183404464,0.019642194817998795,-0.01805732095511363,0.01578466592275295,0.47410590594073276,0.9868208280418925,0.7015713796260585,0.9887826819484299,0.9882284424120606,0.9848485499176224,0.8804599345426325,0.9883969706839709
0.6386232315534471,-0.019537128823856616,0.38016442334368133,-0.013796249057295118,-0.013036780681116491,-0.022709226981822372,-0.019196764011796538,-0.01998041605561127,0.38637308259130354,1.01356428869497,0.7861764496532724,1.011118964349186,1.0189486805475223,1.0185060661025958,0.9384787014610192,1.0211431715054329
0.6748031684416833,-0.006200395088074736,0.19417384660630815,-0.009063532751591968,-0.013002167467177578,-0.014918216994387064,0.05405084237639533,-0.012478421119916589,0.48337339572390114,1.0112957439049368,0.6345697650902214,1.001777294780345,1.0143289451479154,1.010700784184991,0.9917274293940832,1.0147744312205529
0.6683816906304992,-0.03629584650204416,0.2991976457576798,-0.0031320169882247057,-0.029658430848223203,-0.0293855110756302,0.033625524526273876,-0.029612054580004873,0.47898494922947676,1.0213520868756112,0.745497234846292,1.0406671277042983,1.0281594344310903,1.0297791014192723,1.002539639522311,1.0351546393977888
0.5420496895522378,0.020917949030948013,0.2937088665027345,0.024048206376513347,0.01970188070506964,0.019730273911559286,0.09205607284392414,0.01974164855826232,0.3284230770927168,0.9888318958087786,0.6394581604653884,0.9655095577449787,0.9806386481530819,0.98105618665745,0.9546377798846173,0.9794940290902691
0.8732648504450424,0.01636158591041861,0.3122088891035352,0.015732342141517953,0.012701359179938702,0.011220059698780283,0.022979487379154437,0.01243856326669352,0.6123308471339488,0.9877546549266295,0.6712332356922293,0.9767688365191448,0.9919489970879132,0.9912568323033725,0.9373109065652153,0.9928263894858514
0.5899695566699439,0.005910486914323535,0.3277675899807866,0.01794331630846136,0.0006098212319650318,0.0016161942729992196,0.06795607264054564,0.00193616514449403,0.38212375225999684,1.00861091916513,0.7096414887201379,0.9938543243973822,1.0010448610648786,0.9981845704780083,0.9932678509045921,1.0002486771038956
0.7177629319172504,-0.02272696493608695,0.3751413038516987,-0.007526850603882077,-0.021681777028710724,-0.019407699556866782,-0.041598421830994874,-0.02326236582535699,0.48228558367081353,1.0250057743891128,0.7139794942733682,1.0182952495199664,1.02259662910428,1.0228997617893532,0.9084604176279412,1.0236726128307838
0.6826847198856699,0.0331855965870215,0.2419338003744322,0.008861684953348473,0.017563607154557247,0.02006138768256483,0.014527010775224213,0.014544818659246075,0.4552282605563722,0.9949611038355904,0.628321319622527,0.9604894506136675,0.9832528732722265,0.9873942562178604,0.9190962073016941,0.9837106304597759
0.7268971065516617,-0.0005623761754021054,0.35786966940085485,0.01881628272704146,0.007672498818991553,0.010780363791138612,-0.019166161831843453,0.008032341370945488,0.5160601856480478,0.9829790062407823,0.7115773764378832,0.9820927364986104,0.9959842400632448,0.9907056980921592,0.9043717696906852,0.9940118718502742
0.4454961015646844,0.02711626257809623,0.25070486458941094,0.025121274995223725,0.018407186400891038,0.019352374714141196,0.09795562590568659,0.020395982708522525,0.23198413584438393,0.9937725087408343,0.6506353947802834,0.9742115768058891,0.9808866045514265,0.976703753945719,0.9574671880718439,0.9791314631694281
0.5525019758020974,-0.02893292919778122,0.3211782968915101,-0.029098054710969087,-0.013394003546048874,-0.011969250227986204,0.04748059792152009,-0.013759967703579271,0.3630795435380956,1.0019461871404516,0.7205278066515621,0.9848075472514662,1.0147567512575135,1.0124448168344236,0.9750539199558783,1.0155860776059356
0.5215209187088031,0.0017394350860230666,0.3620763937256744,0.02559036542833903,-0.0031097832967512773,0.0019219592713876801,0.08531071439544538,-0.0010836418119340658,0.31741381371635413,1.0086190962434027,0.7478019694515907,1.0116775055040388,1.0070955291841377,1.0063797225319477,0.9959304786887913,1.0053404820449892
0.6522845695544289,0.018475280405581985,0.33486093121404165,0.007534645348017077,0.012898554596827337,0.016587107311954275,0.06650175672057454,0.013996211840348311,0.4233228214770227,0.9930239532494446,0.7042030396393397,0.9563686626834494,0.9824478201571437,0.9842728184472631,0.965028679173432,0.9819043682232257
0.46041175893497804,0.008921056104930679,0.3802231160240099,0.03700725963598885,0.0123281394258074,0.016347325491069643,0.09354358268421384,0.0169621838690029,0.26992573759128236,0.9785332554479411,0.7330483126924372,0.9883546940453304,0.982578719735493,0.986463995218035,0.9711934501042198,0.9833003776930005
0.7341907127820829,-0.006297184513090391,0.17282212565445979,0.022589750318063515,-0.008649022263118523,-0.010034013844204855,0.008457249277827764,-0.010337167994913094,0.5374801066476182,1.0032711909991356,0.555538178996414,1.023269157372976,1.0115957397713895,1.0097909677091501,0.8986030386543091,1.0093358655906568
0.7705238245100697,0.028918235698076146,0.2895935365685597,0.052411270435412036,0.02434467280198758,0.025390035396827236,0.06762568553573857,0.026854600676156106,0.5643369406376447,0.9766697308691833,0.7009180827058101,0.985675750449863,0.9774521730325352,0.980362875780925,0.9227785654428529,0.9762276779482961
0.5753474338407853,0.04154246724356999,0.31985407798687837,0.04170147823107369,0.030196531024716484,0.031861205288632975,0.051055940442493786,0.03083662637347399,0.3714658005463659,0.9695961158601908,0.7339854406457171,0.9600918361399767,0.9667278026744218,0.9659991681196421,0.8999411923324154,0.9680685496350028
0.5981361661419122,0.05854372648936241,0.3082577973726421,0.07255108486643358,0.05043395463417667,0.05433401954837288,0.06750442955843687,0.048735879007976934,0.3674247468588543,0.9508955286641227,0.7179135830362977,0.9523451797118994,0.9444867647063621,0.9433043919488531,0.912482785489437,0.9447761588887018
0.6405882370017569,0.007021024676840739,0.3152739797619163,0.01870610644368945,-0.0010964712696585378,-0.0016951031017978086,0.06211373509162109,0.0012569938433803732,0.4136865412845807,1.0010128559703377,0.7038771876059338,1.0103055726159187,1.002483388241522,1.0018347017512137,0.9668611784682323,1.004070826355834
0.7007084882154494,0.012693800768054276,0.11685490207700064,0.05715115066593608,0.007650415954444484,0.012029290107965674,0.0427251483624209,0.007998917344274778,0.4892641921213794,0.9904490571962931,0.533617532583466,1.0178974428818965,0.9915099911323986,0.9880112896243554,0.9202034039614929,0.9904924496095036
0.6522333315280747,0.006571306782272692,0.29235108729641013,0.02297816893913647,0.013335330781606574,0.005726159359068078,0.04535338480721222,0.006149151498606578,0.4179797671510048,0.9795703481710973,0.6310476159629685,0.9915429204660603,0.987141554337947,0.9877983489498637,0.9323073592609183,0.9920594512074868
0.5960785639702113,0.031588615746821806,0.2861927160023432,0.05662969746282889,0.022045965419917688,0.023999222728796236,0.017670041993272795,0.026162520313493982,0.3468430044890226,0.9732114098039287,0.6840170078351779,0.9953407206999885,0.9748905319955299,0.9753121144262924,0.8924608886516081,0.977842316007579
0.6336108741318254,0.02053727096429537,0.36469982613489504,0.02531538536159976,0.016415547877557567,0.019595421386989532,0.02688422043011944,0.017083913563985843,0.4245998815253814,0.987636990843339,0.7560349377897614,0.9708155386865789,0.985026266712892,0.9875865045335515,0.922575899180812,0.9798351549116789
0.5098335077099578,0.014364580714975806,0.3094611584587752,0.011111494002194692,0.01456109101780634,0.018813866056399026,0.07715761992262499,0.018619015975446677,0.30197227393127546,0.9836760833661349,0.7051700164198693,0.9643339187180094,0.9869048368683517,0.9856564683712581,0.9509615055010711,0.9865554737021184
0.6126039607016514,0.00632600134998037,0.37333289491925814,-0.0025741987787765183,0.0030122622467729896,0.0003435338418299674,0.03390002631288884,-0.0013673146665574142,0.40196049964078695,1.0056138467466744,0.7264647066592839,0.9789473084291785,0.9985561253269175,0.9992486773859917,0.9540714640728301,1.0016399392163826
0.6035262671084842,-8.207854451640887e-05,0.3128344326053985,-0.001094745177348479,-0.008347890785708625,-0.010877746670780043,0.029026802990844362,-0.0096577579711673,0.34240427896591485,1.025597254081735,0.7015771256821024,1.0018903791403369,1.0103176148556114,1.01198476197567,0.9488860825252676,1.0117720495953644
0.4568485441416999,-0.0025883620126252627,0.282137896780079,-0.019696949544571497,-0.013619187619963521,-0.015671263300299467,0.045391510324172046,-0.01342488452408565,0.32830764296320947,1.0105400540791056,0.6704181796882724,0.9897035045897956,1.009782158382477,1.00822806424803,0.9498370724986722,1.011071333372539
0.5735697432202557,0.025701687692845216,0.45953245896001116,0.03431006550751562,0.017403126345592723,0.022120423850857003,0.08120257087433974,0.019134043319312424,0.30165269497390335,0.9822601119091928,0.7903342385232129,0.984539045952468,0.9816453238586631,0.9829521530860161,0.9539127885011448,0.980493028562853
0.6554859815573308,0.0019850740551780903,0.33499396528208486,-0.009812361488642826,-0.0071962779658026445,-0.009055610373453787,-0.002410353907686791,-0.007147997149369039,0.3942036990579747,1.0048439359400472,0.6986575557176165,0.9918512901530898,1.0097632670285406,1.0068927929755749,0.9634574629920648,1.0088705251505241
0.6204864388495097,-0.003858045115454853,0.3142821793178537,0.00031374857535928716,0.003313530064530815,-0.0009957318757842872,0.007764343498107803,-0.0033192279002070848,0.4720404079446672,0.9956121926098954,0.7367743422114411,0.9851664193053743,1.003602337180129,0.9999475584116847,0.9184306862445268,1.0023167160451742
0.4603803526643882,0.007592035237840294,0.3448441066809476,0.018078469244417583,0.007284792227057638,0.008078113950386085,0.048294289649700575,0.0015857364958618118,0.23365238358874985,0.9978223877775476,0.7166209214672561,0.9902056032988099,0.9898620385718644,0.9915769466057882,0.9510537534800854,0.9921667930594511
0.5784606945817307,-0.007322034482088155,0.3732531091846223,-0.006609095116292523,-0.006288798320337786,-0.008195410557232281,0.04413773693730744,-0.009570276013156267,0.38152433850126466,1.0036053274293908,0.7534472044619563,0.9889757662414174,1.0073087533337348,1.0056236945281865,0.9719660345480379,1.0089722044931506
0.8394560622450035,0.010219184250194639,0.2825162634473382,0.022834301382546884,0.006291934793799501,0.005697423415855081,0.045473777886929384,0.006010340226889475,0.6214164748788212,0.9908784900861652,0.6981875814737827,0.99433213368088,0.9916937013934313,0.9917757004573893,0.9470595528303096,0.995436288129242
0.5889186651385677,0.011874806101054786,0.2194802697109746,0.01581226235640696,0.012374809735260686,0.008863980077228313,0.030845313389310663,0.008369487006049649,0.42765268647335375,0.9884008171009051,0.6758931149986092,0.9774242393950014,0.9898162818633763,0.9881105494111551,0.9130915863247118,0.9884182095172421
0.5662412910472723,0.008816127997076253,0.24593501816757218,-0.01708735938252062,0.0007877631485869215,0.007246699636052959,0.04890430338219692,-0.0018286143070337106,0.33434613088166454,0.996675766785522,0.6432402996174897,0.9646430156460903,0.9996376072424527,1.001041187453922,0.9563150909095816,1.0003340139843275
0.5150225755342749,0.00929119707388864,0.23895590189686622,0.03386060495656251,0.020650512478785098,0.021100466625740347,0.06230833384661168,0.0163600974263608,0.26697857674732295,0.9763508142902498,0.6489506821558015,0.9761677078652541,0.9830783543186612,0.9801074431016692,0.9393365910645709,0.9836242454744584
0.5293578740971113,0.030202772690896912,0.3968527284347475,0.037653286581149,0.030043286886382466,0.032572836587978424,0.08257532541770944,0.028917132953692606,0.33181497302932894,0.9659795630013819,0.7596773196723714,0.9589444967583556,0.9710277468962933,0.9727624601144904,0.9350009725301739,0.9735544655050072
0.6779851434684786,0.03426819817393101,0.25609737393499543,0.029858184686660388,0.024477436309720334,0.026490216932078044,0.015196731486074512,0.025951158826637843,0.4386667951925781,0.9730916944841851,0.6431046266197686,0.9622911669750058,0.978054397358018,0.9793177540718494,0.9337538424232623,0.9762720111989478
0.7366281093667998,-0.04377039667333836,0.25219042579696804,-0.025780405838755304,-0.04346675767036958,-0.03824278724031257,-0.04243549226920622,-0.04433101086660443,0.48211362033707394,1.0342743324771626,0.6507489877701482,1.0351425975338044,1.0415910074690373,1.038393462825396,0.9532417638882409,1.038432539955773
0.5296959755091097,0.0006509841854482714,0.22755030891922234,0.006801785823444925,0.0036045328841127016,0.003040983512706091,0.026650089706817762,0.000743293154699148,0.32920747546390416,1.003180205134597,0.6385214456217634,0.979525009367732,1.0007405042630095,0.9996471354216745,0.9554778804471259,0.9933886710513634
0.5242796396897114,0.00885260941797848,0.34169652279806856,0.02102243064245981,0.014578395863567293,0.01714325319788084,0.06458432104684117,0.017911801293808018,0.2845299793812849,0.9776339529063043,0.7453493086039074,0.9759896737271038,0.9846279997254919,0.9851661523549233,0.9584332894874076,0.985335612893298
0.600089972099246,0.009836564677237388,0.3701568910596414,0.01006504477435622,0.009970976192924603,0.011392430857535874,0.01531536129201523,0.011281658138675892,0.43627303690813735,0.9799596450124339,0.764425180865742,0.976058660885872,0.988950315420615,0.9875933787430644,0.915987439448855,0.9893104911499597
0.7809771322852588,0.014820994067870321,0.24607244147432633,0.013548389835901852,0.0024231889145260414,0.0018607425403871912,0.10097677741766076,0.0036999728583360027,0.5471397626109746,0.9985259576517547,0.6194557747035927,0.9846514007422282,0.99466032524732,0.9905675458017573,1.012123405910304,0.9931789888343979
0.6060090725067506,0.026627015772733274,0.36276938594745123,0.026302117265102593,0.02824221908188791,0.02958065058617025,0.11320202294187087,0.025906092236833236,0.42410302939418,0.9728427585500826,0.7757446366295685,0.955841665505269,0.9730171819999016,0.9755715744949459,0.9547945911016014,0.9703297547599941
0.571337030741328,-0.011529122572857703,0.2938436990803806,-0.014834949692021926,-0.028820880938202603,-0.029505469113676772,-0.0033360967321708354,-0.027482619137658225,0.35426954682100587,1.043580485527789,0.7193176327478197,1.0209643887217676,1.0206200671358563,1.0262685773764504,0.9680036765144533,1.0265515995435768
0.7152950668076756,0.003042462249208051,0.24885196258242576,-0.0077424351134515994,-0.0026485301345641906,-0.0047960674738984,0.06038657132422695,-0.0022539046885588884,0.4880910072391862,1.0040857948219057,0.6509005393714666,0.9792302647972954,1.0033746356624207,1.0044622442471158,0.9672018902669899,1.0065307910964758
0.7567259367811812,0.007494772053748094,0.31415929194599457,0.020151275139722546,0.004502577043875068,0.006185390468985796,0.025197281882195256,0.007685161853293691,0.5505471352319731,0.999008776056058,0.7358305059166377,0.9936828947154509,0.9902719379813851,0.9900791085391905,0.9329511308834444,0.9938971894488955
0.5942411768308694,0.011743333713191273,0.39098931108249635,0.0016119765609240659,0.007640960806138395,0.007961345918638193,0.0652502745873455,0.0077655559930194275,0.39718911248301103,0.9965231343521135,0.7939932424283106,0.9756724810549782,0.9930771237724109,0.9941133296582096,0.9568337787721135,0.9939230513068135
0.48793202204829544,0.01088424024322983,0.33886015070681874,0.04613710995418581,0.017325046964521508,0.018500884724932932,0.06698154143121207,0.016535515095293433,0.27873999970902585,0.9720726556521592,0.7283924860343032,0.9936454142634503,0.9827260527038075,0.9814531330841286,0.9379491956375472,0.9831648217565221
0.44632751743868215,1.3572044476856607e-05,0.24593699852424167,-0.001272139367561633,-0.006117153583048044,-0.0028442086848712005,0.04902648834525624,-0.007933349104132367,0.23813444691323182,1.0034325380887559,0.6477716683822723,0.9909615318893068,1.0080679365406335,1.0023179492607834,1.0077377405970809,1.0030114038605153
0.6849771190418141,-0.010564516607906048,0.22741206028129066,0.0003158542829324783,-0.0037958685493916177,-0.0012096591062986507,0.050454216893132155,-0.0028730872160880314,0.4746499576924872,0.9928994401963316,0.6359906368668079,0.984104602215556,1.0029369523133216,1.0030610161118036,0.9858695043958128,1.0040389696053578
0.5571171729220501,0.041097065435869364,0.29958111390692843,0.03752058288433783,0.03309930912590282,0.03622925432545712,0.05297848194416507,0.035658187483932825,0.31189447485237953,0.9713985358850646,0.7212460633973308,0.9480284298259326,0.9628284429772068,0.9624171898204444,0.9303431582664464,0.9658490542843715
0.5514255281488282,0.03878386498115781,0.3817120929699138,0.037926775885072816,0.030674311817312467,0.029513211779770145,0.027961395245341285,0.030300981544065884,0.2991662365968166,0.9776215955934722,0.7279689200242705,0.9545207927652435,0.964022323715864,0.9638476745330291,0.915794757058815,0.9685376667262658
0.57489094563904,0.009974576617663745,0.23418754215577775,0.013323439066801973,0.0033140995855068574,0.0038611388671005832,0.11644533312631009,0.0031699070416326973,0.40423540055305895,1.0072362324415756,0.5549855999501918,0.9901864494488305,0.9996641665628729,0.9993929564500572,1.0075221731871105,0.9987000920837388
0.496593263316083,-0.0019034293999900531,0.2205886587101242,0.025587354340314575,0.0005598331344705958,0.00509322568470706,0.03989893763956834,0.003076289549684099,0.24452701586573244,0.9892144339932777,0.5970041423432477,1.0008327730850155,0.9943439271901428,0.9984044780319977,0.9602591605918828,0.9978934069544696
0.680623952709321,0.008801978549168142,0.33539141224103036,0.011435959273762132,0.00663758176735994,0.002298248811455518,0.09897177277748373,0.0038224822773753227,0.48225254881352697,1.0052789650261325,0.7082666452763926,0.9930972581385544,0.9979368653350874,0.9935928105853286,0.993545299048599,0.9958921257479454
0.7527711632851602,0.032692341820390075,0.31789234592788773,0.0220086944329683,0.02471834560617997,0.02329846499733909,0.03130077343271327,0.02273050906229176,0.5215871605674194,0.9852563664529376,0.6851009151400598,0.9544587620483783,0.9797965294280664,0.9766683474526534,0.9023309583080837,0.9757965914890155
0.47010217000615784,-0.02170675178501457,0.24024777512027598,0.01350805428444987,-0.011067325089733435,-0.01557366106288132,-0.041287102078889075,-0.011848012188255232,0.279778702718843,1.0059612651790886,0.6154550846221575,1.0204503730923664,1.0116551999058123,1.0139487158439,0.8946448984367384,1.0133050344821404
0.7576058375533555,0.038881666133249865,0.26208143298084285,0.034594079800568896,0.02246280542161183,0.024227681116779677,0.14063845473082148,0.027135356005078333,0.5545208593444091,0.9814041135961143,0.6451331659474167,0.9713327290443089,0.9764946378136071,0.9722440224439653,0.9831326023918942,0.9768600399201172
0.5558252927372517,-0.0010926659921808599,0.32542861300866016,0.019598132761648103,0.005524337138685455,0.0032972437181427723,0.03455642008093365,0.000125433082155693,0.3543955370544455,0.9733247615287166,0.7550567284339936,0.9922018999967709,0.9930698897607748,0.9940610000964006,0.9622365192455418,0.9910409462171628
0.4308159947414118,-0.0014097253916536315,0.1679207143840011,0.02112581977446418,0.009050766822180756,0.00821932629325112,0.10921757804235509,0.005894366722886799,0.222212694660624,0.9792816465832297,0.5839101353165663,0.9881231539881553,0.9941096484382498,0.9929609788196931,1.0054060173497874,0.9957204961506547
0.5719633056739051,-0.009398911833107775,0.3430424311505488,0.010661441193836564,-0.011199142193338346,-0.010139056336873597,0.008400554586164517,-0.009019850053237757,0.3348319528776329,1.0097222242612043,0.7416233952330251,1.013460057000886,1.0086509728542052,1.0085613259087485,0.9386078641781895,1.0101801537434383
0.5956272132409705,0.005306922690719274,0.15963852268390688,0.021977699284205506,0.011941932116122857,0.01608140704847539,0.05299195140097795,0.014386826016926715,0.33506002386323663,0.9794095988345576,0.5805293400903963,0.9761168369371824,0.9901127546420996,0.9883870384462418,0.9639034087569691,0.9862380373436057
0.5954110308362289,0.002036927401071562,0.31989651612477227,0.021401795064171662,0.009632174767902988,0.011558737168025137,0.04966345490080374,0.012287238442805654,0.38702813338176534,0.9753283636690377,0.7291970151302104,0.9766059630770264,0.9847641504171546,0.982309924368763,0.9313775847864348,0.9912991057744462
0.5930931443701041,0.008098892318097017,0.42902041248294664,0.024600540893468317,0.006931123010216566,0.010066932275354042,0.04598367671479973,0.010957823096840036,0.32717076241902676,0.980188686047912,0.7789942576559223,0.9923916249314021,0.9922119168117879,0.991483427555278,0.9426289733125212,0.9899707405883705
0.6641411008367679,-0.02777083543155296,0.3812205894157685,-0.00945684001730454,-0.018316364782262427,-0.017263805700717158,0.007915918614650002,-0.017950378720905862,0.47976880282252776,1.0099465049183785,0.7814588578807534,1.0073755355868852,1.0185667895549886,1.0160337101767318,0.974366939834613,1.0204014024295058
0.5549281166385115,-0.014630879148353928,0.15624566800780482,0.014534024070613051,-0.004316108642062125,-0.003721484793198179,0.01817609652501196,0.0005857689615403606,0.31727405270479836,0.9995780234618485,0.5442174314239309,1.0080899929287972,1.0061501765032448,1.008717403492026,0.9400783763877899,1.0066376722899135
0.6913576916787832,0.01667616860859077,0.32504644490396234,-0.004875872646118631,0.011141886742127544,0.00900736146933161,0.018237763952173087,0.008242395597135896,0.4527668970573908,0.9992498198468338,0.7092491076920222,0.9640817761674412,0.9860729226382406,0.989689089368779,0.9196272906785031,0.9908321012191321
0.6383527367944856,-0.0009083302389154942,0.20493317091418053,0.008698467752904396,-0.0005054163733798824,0.001151018063861613,0.05422482082857925,0.0006350408133893462,0.39820267914623086,1.0014337726745328,0.6159595693282155,0.9981522879649438,1.0044218581129756,1.0008460698319812,0.983294857696157,1.0018523445335723
0.6525026573105243,-0.010064869494590763,0.24647805990516838,-0.023887692225669523,-0.013840498028422311,-0.009674761444048607,0.038784186813686526,-0.009523166684251847,0.4496639404764877,1.0088500660207866,0.6578855007397317,0.9793683983846793,1.0093739409943219,1.010423234503328,0.9657273948133467,1.014631788825542
0.6002925682058682,0.008979734143139897,0.32672763398259835,0.015225382638387441,0.0020214934089379855,0.001982234997255413,0.02732813026825044,0.004282830344321855,0.3979418383163805,1.002964351811453,0.7514869649167994,0.9890643961023331,0.9920591423975371,0.9978886382609391,0.9331967937034285,0.9998126890099733
0.5615855714149068,0.010800787711085665,0.36456781845362124,0.02001038551561103,0.022090764954352582,0.02250583078564305,0.04217837006508369,0.024065260714463087,0.37050030171574677,0.960749544099419,0.7818211441060391,0.9571222413339983,0.9770199140723347,0.9758615964613171,0.9253491033211221,0.9783735033972977
0.652236866579928,0.030284256908295268,0.27050300363885604,0.01735185343914233,0.026539393863360912,0.024297652156642594,0.07884526925718581,0.029060552429587848,0.4062363380112083,0.9739985814021236,0.6259803888709676,0.9437345516680563,0.968775578966573,0.9686179196239576,0.9446796730693682,0.9716868076097597
0.7382590094990619,0.004565215657403274,0.12568280285872582,-0.008938170110820307,0.00024514364097052505,0.003576816810305173,0.06456020405818017,-0.0029241502218414757,0.504795028936283,1.002371815000165,0.5142786408828282,0.973463587066626,1.0011314745724698,0.9954376864797367,1.0101407354865288,1.0015133019333682
0.607038729063983,-0.01382155420446758,0.2947247551443332,-0.019273882525862502,-0.007978451806339751,-0.0010483044989267243,-0.01415959233589391,-0.008143630822264726,0.35345752166440425,1.003923891151022,0.6417183226239884,0.9780715945334715,1.0033719316891656,1.0114639555126268,0.9363013814729041,1.008364791917759
0.5835258523153799,0.0022133330023523102,0.36213621909188426,0.006519501258950682,0.0041729263732711575,-0.0016387560491638333,0.05266452867111555,0.0014953102489672259,0.3226201244672319,1.001594640978056,0.7239764356251688,0.9864333070469519,0.9992544614028733,1.0001380004012719,0.9632092108935135,1.00302345493421
0.59037511600918,-0.011418459087396693,0.13012128196278747,-0.008872811278326337,-0.019566491259408642,-0.013346217465101782,-0.009839057591088317,-0.02018414807544629,0.3732302117236269,1.0234511133371555,0.5501916688339086,1.0119820937292754,1.0195964767874501,1.020955220598113,0.9447358689287443,1.0188794178807192
0.5796871388730307,0.05048247252103279,0.3355262468077366,0.04037689166988496,0.04417332427978506,0.041295827065025784,0.07544708764467326,0.047311020425194694,0.35690431420595015,0.9514379549423175,0.7392434901453461,0.927286011475063,0.9505883099159286,0.9461988876652511,0.8833453659965189,0.955470251059033
0.654107578886596,0.028608969866389306,0.20006019177843506,0.038154400045368846,0.025214540811454616,0.02047733688230736,0.05760890326368922,0.018352652061439222,0.43402726653564117,0.9817893394322204,0.5884494599748211,0.9731250249430988,0.9803253012782354,0.9810449215143225,0.9436511986850956,0.9745563270338752
0.6141739832036832,-0.014899570103112025,0.3401752470370655,0.004223217806642219,-0.018282271295597643,-0.01586381183216558,0.04172194466321057,-0.021569035711475698,0.41321217354907935,1.022732562764864,0.7219294626671313,1.023625065537286,1.023035115240342,1.01867139666182,0.9856846317101868,1.0205918646749335
0.5009246104446964,0.035002983729242966,0.32328223526558614,0.03751965814310839,0.033764935982156845,0.028399830086790367,0.07336509954808597,0.025368795588383487,0.25694005507408446,0.9614996002698841,0.6581713292728641,0.9628718887514368,0.9700303723134716,0.9728844256125313,0.9384066724341821,0.9696576566298287
0.5746809840321027,0.004646910767223973,0.3600721936688911,0.01924926471417749,0.0018530574590737447,0.002182393982860103,0.019102599470421967,0.0012304076609145071,0.33260417994274405,0.9947844663439425,0.7874389229416939,0.9970746191982032,0.9994135113516064,1.0021373075323934,0.9544112306842562,1.0001113597945408
0.5790713757083071,0.005651211320725679,0.32609586484267034,-0.0029163625445532038,-0.00028458256960357136,-0.0024638547651336514,0.039293274486604864,-0.0029397924280604422,0.41479757887338475,0.999967187782507,0.7071288568357625,0.9777297112783483,1.001441512569755,1.0011088518628,0.9496226827615304,1.0002408500832298
0.48257955943849573,-0.008165199314607461,0.28290219439800607,0.012000871422148294,-0.0125433403174901,-0.011667711768423317,-0.043036194168533506,-0.015031656865839398,0.2352539443384547,1.0052570703915609,0.6990294019631785,1.018555987936368,1.0107782885215721,1.0093115620673103,0.8923691747532666,1.0124661827405195
0.5634805618666417,0.00503187970048216,0.2158762428612055,0.011557752867378902,0.008351989871961476,0.007169548792161806,0.054078026346829206,0.007623117563149138,0.3663169532400351,0.9872697405750372,0.6785583005988807,0.9682776000914086,0.9933163320668436,0.9911944484259524,0.9510407739647226,0.9923992045232987
0.6602395374752217,0.0018454246549157562,0.3186890300114907,0.007085728005079824,-0.005459098619085663,-0.006110817967497564,0.026404265049172173,-0.007355410701319227,0.416039807594088,1.0249497257517977,0.7133799204328556,1.003180955483087,1.0053913554816694,1.0011277821425044,0.9517191210873089,1.0045212410784066
0.6037705438731458,-0.003557491792176224,0.13942514049148524,0.03125399727776086,0.013345223736995088,0.013567278609175344,0.04758804833852949,0.012581419381900653,0.334726070135271,0.9653695752423199,0.5199416757338429,0.9822301409736152,0.9844106461630197,0.9834813282512609,0.9656114754613684,0.9864884047466788
0.674435710599311,0.0027760559248908886,0.3285239121131871,0.012387881112556827,-0.002140533941930461,-0.0009435315390377776,0.04386233976644106,0.0010874804969247035,0.4764606498318691,1.0021438116175208,0.7428544941502997,0.988228675023884,0.9999464091311407,0.9974311931579452,0.9772556126342822,0.9949042561738433
0.5867406833762424,-0.058962657015593625,0.2501108431505797,-0.04929566860124434,-0.06338851602335725,-0.06487318387432257,-0.0016826799329031335,-0.06326482986225469,0.43156326442455173,1.0704402268937845,0.655602241013973,1.0614507168881187,1.0646409693078718,1.0644305769182887,1.0213744771993736,1.0640925391587275
0.6366929225121857,0.0010224961343682898,0.28642383440982355,-0.005948253341952318,-0.003356868827963384,-0.005693050950782713,0.036464539741961934,-0.0027279939119378314,0.41535693012904973,0.9907607302951619,0.7240067446356357,0.9798884375880746,0.9974090377889214,1.0013517530600342,0.9714085226587427,1.0009235340026852
0.6059747498169582,0.01228645241678177,0.35867619177250093,0.031301520726854784,0.014861031522313738,0.014877207871969444,0.04201310093470014,0.016149330313867824,0.3812763264980614,0.9844524493694453,0.7426241885539997,0.9745836514974492,0.9807816302964643,0.9857369978777887,0.9320595128111043,0.9838543168229448
0.5491119174462398,0.006294450061332218,0.2665664111484061,0.010582750318085216,0.004749290107388539,0.0021774098276973013,0.05552397046683614,0.004746805340058316,0.32398544299936516,0.9974279795915164,0.6642237827559481,0.9896021756139909,0.9931142473236784,0.9972628320735467,0.9403176326847095,0.9938135742800832
0.5806720204411994,0.04709083058988306,0.23424586905167466,0.038626470046656876,0.027414943938786015,0.027864721581380106,0.05095055188789479,0.03174730419986824,0.3477606756254853,0.9828159890798849,0.6093481157776941,0.9638075111651457,0.970935192877016,0.9684198614669326,0.9168511820570812,0.9732083730148475
0.7367375555687622,-0.006232048560324599,0.3084658043945046,0.01751014310008623,-0.01500337270354963,-0.01392628222589036,0.02999249046920821,-0.010006693571937838,0.5081477690568248,1.0201859445560448,0.6680982985912449,1.0266550443239097,1.0097262821073496,1.0107439159790332,0.9649843085420389,1.016613434808489
0.6312355036979871,-0.000641646079354959,0.24607172295405777,0.0064657945505233756,0.0001231623599792904,0.0013776198645429052,0.0011663608998128867,-0.0010794742109862833,0.412854974581639,0.9964518572631247,0.6965455737832278,0.993963946198845,0.9992356129433405,1.0054216392943596,0.9414777387190927,1.0011670469113334
0.5763604619877936,0.01892675867358335,0.3407866527470838,0.021415691406395626,0.018077268757772533,0.019727827054770143,0.03459603379892301,0.018764428048895828,0.378290855094807,0.9824965837175376,0.6667825416793132,0.965659008515924,0.9828567082793739,0.9815553191941386,0.9007581091703569,0.976599680598799
0.4870106778359716,0.012601297453510183,0.13706304871948516,0.02263819108798959,0.007193118805164665,0.013786282602794079,0.06109159416852252,0.005889289170597855,0.2763390800108948,0.9927306427684301,0.5740532470320474,0.9840865949339487,0.9917142991649321,0.9912970581931425,0.9516606146784526,0.9893320669071689
0.6101347889446985,0.016007616034587994,0.36485082537004254,0.0022533352373207893,0.008363934752920497,0.0072451216176420054,-0.027030931306341655,0.010098249462250835,0.4083483193029678,0.9810010001604097,0.7823811318377526,0.9675982221136828,0.9921782298517876,0.9879949130921947,0.8907639521478132,0.9926105697511399
0.5998926668235214,0.015523862139598454,0.33197698931995495,0.027939267795155442,0.009363501933860126,0.008953853793124276,0.06058189054416132,0.008252833819407751,0.40556294504457713,0.9935339293923258,0.7374976814062659,0.9928478072686442,0.9939030712916564,0.9914239904512419,0.9472436901314251,0.9930056307030937
0.5164790682166156,-0.022865970380349616,0.28590467117797524,-0.01699277092356937,-0.00459562283225715,-0.005732374655521447,0.053921989703459745,-0.0050197540768569604,0.2979529823354803,0.9846013368223273,0.7351734429379219,0.9814720654669478,1.005829062394518,1.0034743909015835,0.9693965384628814,1.0061041843135816
0.46614843724840027,-0.010600182202785831,0.35151710254430896,0.015742980996129065,0.0028728175409204306,0.0008315953003290985,0.027937860981394495,0.0029783111088517917,0.21622844680377273,0.9879231950302674,0.7268028670049382,0.9960170108368442,1.001432275492297,0.9989124785336286,0.9505662952116679,1.0002687200747742
0.5205679286381826,0.008014036321634277,0.3495611050359104,0.003661220052028119,0.005736354930882907,0.005582410328865832,0.004764286986637619,0.005787763001699459,0.27490719992233503,0.9962052992316097,0.8021742833539685,0.9735632007499446,0.9922024024298155,0.994280020294657,0.9279887936723599,0.9920543079340582
0.7154366396004902,0.00259150869985404,0.3440783251753319,0.008402202706691375,0.010904222177325059,0.010757617618440005,0.06636978701148727,0.007918990770893976,0.5087707770488438,0.9914906242175867,0.7017635747611302,0.9693287073129724,0.9916110672222126,0.9888303692870445,0.9694676915046856,0.9921636494552512
0.6824946492481623,-0.012753277172439861,0.36519912141403715,-0.013106391807505363,-0.008796466032739194,-0.006321796452603637,0.03208160739327261,-0.008882206434064052,0.4689983829116312,1.0022432915989012,0.801511598160169,0.9894925455220024,1.0102924692670854,1.0131267294612665,0.9819249422485347,1.0114156186785541
0.6908607424340697,0.004181953088374162,0.3150280117161404,0.004148590889943916,0.007068781834383738,0.012555755497390568,0.037170667923877077,0.0025250336724688535,0.46681738613567536,0.9977531301194972,0.7363908852158365,0.9840367136562352,0.995728270275224,0.9965072490230278,0.9227654106454736,0.9961414723102344
0.6203835514728536,-0.03222512242938498,0.5157355828612603,-0.0406418726969066,-0.022328574840138515,-0.024265024825200973,0.0344159248561734,-0.024461377782193656,0.43099837234583616,1.0150639291429835,0.9202947808134075,0.988530330287481,1.0270359037270709,1.0220415694395117,1.0163881041482552,1.0217642736057624
0.7373592773456414,-0.01831779904859833,0.2733574929008776,0.019023003137891008,-0.010329735055140015,-0.006293404568202139,0.029509328070163116,-0.004340326405927157,0.5474716989945796,1.0064539642907047,0.6932632468259972,1.0164541311902755,1.0123278254634342,1.0076374587414567,0.9593566517114287,1.0117933550808043
0.8448747636171738,0.010441023463190185,0.17426301142312117,0.026220719907129864,0.016603412802787987,0.018967364922715214,0.015302687427346114,0.019577018123569774,0.6446387441113377,0.9793145940107107,0.5744674005872794,0.9792122428984451,0.9829977203484227,0.9806412080302539,0.9246803381012578,0.9866060917322401
0.47830333093513766,-0.015712316006044884,0.30553966109467895,-0.022415273207132203,-0.015616569580152704,-0.016674407577853614,0.02448525707284319,-0.01552409935433327,0.2925385866022283,1.0220711146851509,0.7415009584614978,0.9925251363761851,1.0181525926806356,1.0131066978891348,0.972597224017608,1.0168991995608045
0.6057474524656244,-0.027591818317091087,0.40998134412084286,-0.017016890596819625,-0.027384815083495887,-0.030819864552535256,-0.0012301030382000373,-0.029184515396946047,0.3495476457951071,1.026136641165824,0.7941064688906846,1.0260765286819689,1.0288814367099381,1.026893803218057,0.9893440518291424,1.0272916490442174
0.43046559752369384,0.04364367274017135,0.3454267922055968,0.0464998204305439,0.02973323052110345,0.03243822784164578,0.005946400039726192,0.03453863938449427,0.2561570057933008,0.9842282188693336,0.7822438598335,0.9641110113152793,0.9635827753353918,0.9650088916175328,0.8557559356837289,0.9632238054776029
0.5345650606332465,0.025879139632170242,0.37500861688519294,0.01206385015578901,0.0185262009784598,0.015916508801723843,0.06789575976054722,0.01901885772804496,0.3074298177788082,0.9787183899247389,0.6762417310849307,0.957940192313556,0.9803772883016761,0.9755843957406504,0.9343581079287525,0.982413440679696
0.4907927761728986,0.0304070092111164,0.4471186492874372,0.027559815183667288,0.019300318982155,0.02630541442235525,0.09124071032134642,0.016643061519338115,0.26859002471312554,0.9890226480439801,0.7762715355605753,0.9714214028568413,0.9808421908689983,0.9845815425709148,0.963967829545719,0.9789188848983363
0.6008884851117188,0.004583455199405222,0.3385164312274637,-0.007707903086128916,-0.007236770230596952,-0.009424660121815566,0.05777141529303951,-0.007627026926836605,0.40565978799275715,1.0152648853333937,0.7329565850319459,0.9933863618119919,1.0081694767978504,1.0038725296376643,0.9861772054510631,1.0067526111990241
0.6934272744117846,-0.04467305468988414,0.32544171411378314,-0.043992439056451,-0.04291703704808364,-0.041345637406848386,0.006972919280887001,-0.03901300023264675,0.493054984506174,1.0391860600906553,0.7348920577015543,1.0240206974746728,1.038655488640536,1.043094100862989,1.0052940085558726,1.0417217300696173
0.43909038997514716,-0.004235635752216135,0.4472347387456199,-0.0012386797460619686,-0.013073795649948665,-0.01090374730217221,0.018869961703793504,-0.015868183631921735,0.19452453554835003,1.0238588932010395,0.865055257724042,1.0135109416860264,1.0151663456246807,1.0128095002996433,0.9356832699475064,1.0165955829448599
0.7426379571814902,0.05232820091719052,0.2653200039335875,0.04640262090753091,0.031857668506337374,0.027894946207643476,0.038175164158821655,0.03155407626541313,0.5498008100144038,0.9814213519223913,0.5843258865707501,0.967615149375273,0.9691691120673397,0.9685355696380681,0.8917804920101208,0.967456548248703
0.7306906291373089,-0.012669619861941836,0.29805398121508797,-0.008981067521671115,-0.02137087788756801,-0.02348166906010056,-0.008663466138587246,-0.02370995907220849,0.5235132417868983,1.0236565255285586,0.757094946030759,1.0134488756384525,1.020907033334979,1.0265019757642402,0.988764356616187,1.020093387105742
0.668931501855223,0.005448271467143641,0.3023186810073094,0.01448740425768403,0.004021065203750631,0.002362669965426274,-0.0027882642899171037,0.006826059806972821,0.48660186966213925,0.9886419438961724,0.6914567236029381,0.9856700257147315,0.9959321843582091,0.9881248117491228,0.8919393114133947,0.999349810231055
0.6403709088460241,0.00454474444621113,0.375636280450224,0.015757066482430526,-0.007739646039970538,-0.010979498019032674,0.02446165087636715,-0.005899672982615938,0.4297297800605683,1.004831682535475,0.6894043270039335,1.0126994992703355,1.0098130102972513,1.005228924917422,0.9477026240029293,1.006308804797359
0.6691484990439875,-0.00948030713692308,0.19432701277027703,-0.016783735900158993,-0.020631283543437705,-0.019653042099246985,0.06205785347915906,-0.020019736585205006,0.4853120657651826,1.032790706338218,0.6152205819870897,1.0020809351532045,1.0188338164809276,1.016225499378153,0.9875897114052317,1.0217820475312553
0.8551303808709133,0.022259578871159317,0.27062800652238655,0.014931166438289277,0.028163682932045894,0.028526209426677496,0.0552834953560079,0.025175401899000648,0.6375239982022394,0.9822091498571216,0.7004015789238686,0.9447974477037965,0.9764311147675769,0.9754791040034674,0.9469852497728489,0.9722530585262877
0.5793466665240619,-0.001127039022527845,0.2381217576158349,0.004113538505523764,0.0062557925837382995,0.012535722316916078,0.06423566160947848,0.009288871527949829,0.34953087081821566,0.9792848637414555,0.6063420012563323,0.9689419424520813,0.992545346072298,0.9923472383263859,0.9566406483211822,0.9922514517586818
0.6574283850008795,-0.042949748198228006,0.31668960226016185,-0.0325142674781567,-0.03311616605504599,-0.029718415143694138,0.010933329020088678,-0.03551516746124861,0.43755962484440014,1.0301971279782416,0.7162068949472559,1.0124758492063928,1.0335683298701754,1.0354691182508,0.991537641703087,1.0304708073344973
0.5677252424132169,-0.020578844281466765,0.37258440733330656,0.024297891380465002,-0.008590158655906094,-0.003940034726957957,-0.026751720500866973,-0.007897264577656868,0.3517871314355937,0.9991544961795975,0.8099627775642665,1.020866329999268,1.0088282699806925,1.0093395536823426,0.902985611657805,1.0076845224556223
0.47636533730528646,0.0002576942422587752,0.3096753396260743,0.008500449985986633,-0.002894390530999127,-0.003899293428368745,0.040075088724636415,-0.00477938766143509,0.2719322209981222,1.005523845743077,0.712295487798196,0.9958379599873629,1.0041921397003868,1.0066958989482508,0.9444965729457592,1.0039134427168166
0.5217621004171284,0.012263403666816662,0.4779634327171364,0.023473966506198995,0.008645205652845805,0.014886346541122586,0.06050267766895321,0.01402184168737245,0.3282481554614285,0.9946833443988358,0.8484806513804711,0.9842562380235085,0.9853794193407928,0.9922290860418767,0.9332688106404128,0.9935719502816213
0.538376915675842,-0.031064808968132726,0.1979504275231048,-0.02515065438411512,-0.035995976057982944,-0.02988921785344136,-0.011478726939170937,-0.03432127536907962,0.32696675216593896,1.0346248302774985,0.6403812493402071,1.0232236169438695,1.0350174963763012,1.0380647102255363,0.9774900312698837,1.0324010205981724
0.7746244644460221,0.026847263057473963,0.42994932314461526,0.053293538519841775,0.026721704159350004,0.03022875624557428,0.06771985206841598,0.023597115657396965,0.5184846062202249,0.9590402601083376,0.7393389191408848,0.9837375499633314,0.9739693011777816,0.9754124292594267,0.9413876301979879,0.9760267999820706
0.5965003697760649,0.009809231892267926,0.34542638701294803,0.01007873852850532,-0.006408864867384423,-0.002920367254663877,0.06037705124272904,-0.010864695528178802,0.3946855251641712,1.0266130209176936,0.7670700991486192,1.0066129032950901,1.0044874624715485,1.0090744235012985,0.9725419288841962,1.0068324014146925
0.6678180856313711,-0.010676167352866086,0.36413336251634937,0.00936400273304051,0.0005570012002898643,-0.007974976197219938,0.017496919073138762,-0.006705778202270076,0.48796647384676894,1.0084754098935496,0.7206399293681534,0.9994554535466749,1.0048394030735608,1.002021443798174,0.9275780170488932,1.0039305112058008
0.4234462590339296,0.013530908438345016,0.3405043770115481,-0.004823202086814647,0.005969955116172294,0.010737206579786239,0.033631145511625396,0.0026010745878456156,0.2206707348535043,0.9894110292980214,0.7777952618767381,0.9696527081228994,0.9997190886176186,0.9975801502434966,0.9458195415194374,0.9994438544379095
0.630858732418146,0.004132157945195035,0.3536743736677338,0.005117370414513818,4.8214063928306424e-05,-0.002604683172927753,0.04928952300040934,0.00018349084443673467,0.41755678457541223,0.9966486505932316,0.7436798292988295,0.9869578229282275,0.9973953099888238,0.9945696450486997,0.9627614170577712,0.9998392880969039
0.44141043928681556,0.020634789934503944,0.3215763448719393,0.018840115854970273,0.00944317094860103,0.007308309696122744,0.09133492128984651,0.008983627388364645,0.24278755341225744,1.0082738181061253,0.7084388362685967,0.9876506684868196,0.9944159452394302,0.9991193186435201,1.0058384406590013,0.9917071218548752
0.4515015716411769,-0.010827554649568789,0.37133112334585305,0.0026871490207319385,-0.00908805470284273,-0.012171882576405902,0.007237400985774704,-0.011279514146040817,0.26965650727074364,1.0046244518006893,0.7083576617623397,1.0074316775139363,1.0111016346089015,1.0085601362795924,0.9333835454173193,1.0129192964345692
0.5455582096086605,-0.002208413483525362,0.39909190430880165,0.0024740789389495507,-0.02039494883662871,-0.022652497407351906,-0.0006664133674463038,-0.0205185588187364,0.33975311223087556,1.0207864416051702,0.8118872911318146,1.0231694821465809,1.0236686364313656,1.0202014876076377,0.947325694276089,1.0196875873660756
0.6902406304045833,-0.011261726659413532,0.3407776995133456,-0.008800021527353428,-0.011811103410502804,-0.012370808619512723,0.023268284880967362,-0.013727202860557564,0.47482553416636153,1.0105917398390276,0.7483639888347168,0.9989142453798858,1.0147922258952982,1.0151856904699996,0.974278303233747,1.0099998316353855
0.7710044222076965,-0.00011728392998804655,0.4169308997927711,-0.016553276909957428,-0.008080080533497453,-0.004215916585286833,-0.007761332238687081,-0.0048138671730361,0.562353519646142,1.0042009409893582,0.7964025149572649,0.9846837542714676,1.0082050873634791,1.006574377015712,0.9194121452900773,1.0117150996412556
0.42207024479546473,0.018355644296111032,0.24452952665601502,0.004646799447212994,0.011108074624853692,0.010143801470719322,0.03169774886385451,0.007168171161518753,0.19067631962850995,0.9899713183458774,0.6450025110079498,0.9703669127184316,0.9878677752377639,0.9929805512962628,0.9434109162938488,0.9863368039278768
0.5347140370258525,-0.0028040022899742064,0.24795544047486603,0.002423133552113361,-0.005421129377796696,-0.006276741097621152,0.05161719965025721,-0.012764893768138325,0.36048236424132174,0.9973639880107508,0.6678196852967779,0.993015674944815,1.0054478577951396,1.0037745925367996,0.9665967658816504,1.0007858179840854
0.5624281533402627,0.01890133946857247,0.3079070046962375,0.03466355717403548,0.019763690705075634,0.02215233185127953,0.09763219170852411,0.023543940913558763,0.35844354779025844,0.9772216631188214,0.6666547809196856,0.9722926994069518,0.9762908009362198,0.9749445018534444,0.9718659196601966,0.978440363713004
0.6918696423968075,0.015017278538860127,0.29492524661720665,0.005840677452571281,0.0005925190558246377,-0.0017388183816809146,0.015663549307019294,0.0032489251059981674,0.49980086927184286,1.004381964770738,0.7456657723653504,0.9821813323810921,0.9992609273912971,0.9968119083002102,0.9253972390403782,1.0002130925125947
0.48103087816753104,0.07027400091168748,0.2994346930358978,0.06417721791310121,0.059516312984245735,0.055699350301058444,0.09333839459078466,0.05753080535997558,0.20048857113840513,0.9454468922454283,0.6190309133805543,0.9335719549979776,0.9416930750367669,0.9412745273024692,0.9059631813109492,0.9439728822237289
0.6318476757356045,0.009508212269029589,0.26708897107996343,0.01778454307072506,0.0031554807326090385,0.01201798447840855,0.01838272623166864,5.88385994228996e-05,0.45630079554912584,0.9978949147152925,0.6425779899789421,0.9891008007569547,0.9982265683393907,0.9963320985310975,0.9185868136892088,0.992842002802844
0.5012302831775166,0.01503301190798211,0.32928131246580894,0.005474228206317212,0.012207884054904215,0.013306708859638196,0.06146429165907579,0.0107863412900623,0.3199415107871941,1.0098423081083594,0.7553114556636025,0.967762617453104,0.9895334419579722,0.9912693900599179,0.9501835681820977,0.9904182986068752
0.48106228856033534,0.02734569557061892,0.4442122820425294,0.057395017034163914,0.030618231153185772,0.038067926646822264,0.03877404360709557,0.03633853028215909,0.30295884789537186,0.9572977273608432,0.8245311330737928,0.9699747069836921,0.9649311058261592,0.9666448023993135,0.892263030821552,0.9648239957662103
0.5586326168111103,0.03258483170498071,0.3716412287191801,0.028968625333330805,0.013185676613368254,0.014056890627726387,0.006854827474883961,0.015642623432407677,0.3253168289727042,0.9983880177273506,0.716741551550529,0.9825686090095629,0.9868107922973525,0.9862181336374684,0.8939738317310698,0.9905691125991147
0.565642351414496,0.02599721021424959,0.399086069622774,0.03449268648746537,0.028552709125159528,0.031426249389985735,0.058449316822198276,0.0342360126364022,0.3471310905829159,0.9688035144401945,0.7760906538239345,0.9592822601170385,0.9700951461502252,0.9700908754823181,0.9150432765348863,0.9721572576449113
0.6987906347278536,0.010067934649550813,0.2134984727735559,0.012333839992495033,-0.0014941262096099595,-0.0017462516919271058,0.029662962052138097,-0.0009685891910062181,0.4941865915104985,1.0123585725035913,0.6076004271159048,1.0047055502703859,1.0030685025022148,1.0034150335326106,0.9381497982885587,1.0030897611389609
0.7407637310160579,0.024521856098593316,0.20192245259783653,0.038439503602847896,0.017459360556399284,0.014474417476317116,0.04571171052783212,0.017930858583926623,0.5140020897182471,0.9883385721391503,0.6445365260830733,0.9794151088247485,0.9806774278503537,0.9808684736290527,0.9338055612775956,0.9845241959722018
0.5955807556887208,-0.008201252437766864,0.35111756230749014,0.013448587104592223,-0.0147460833891988,-0.013551098616733717,-0.007182065019458068,-0.015755989847782956,0.35751464830336754,1.0321775570171516,0.7400458015698015,1.0262927356407188,1.0158225276445427,1.01988707472956,0.9282466668260108,1.0169337895790487
0.5765650275350916,-0.024149270094992844,0.1319090660582202,-0.011033908312459638,-0.02330964866561894,-0.02435858838821022,0.02773066965960561,-0.0279175909636891,0.3908686898376609,1.0241641889137951,0.5011879771165542,1.024960931148213,1.0270389629986454,1.024650630810726,0.9950658723550609,1.028269954835232
0.6266429785681463,-0.03458229659287414,0.38112801235452975,-0.026827337286962766,-0.04293396004217235,-0.046661105632544074,0.0014447900317437403,-0.043763929356254894,0.418799083533155,1.0393084598079674,0.770471367779013,1.0418275013494216,1.0464536322998594,1.0396496366228047,0.9999376327142161,1.0430226694520517
0.6206823422256635,-0.010204835939890732,0.3699138618587975,-0.008218324161159045,0.00220633218571577,0.00018805666533045347,0.010583302061192157,-0.0008825101110892288,0.3975088850303714,0.9781681377185407,0.6980505388363967,0.9684843735504448,0.9972019155071613,0.9939385914960074,0.943751017538421,0.9952712206861818
0.6468123950020563,0.01300808812933011,0.2516986795150002,0.004562991842097222,0.0012165095557664129,0.002432503831265239,0.04433571933613254,0.0013236816926768642,0.42217452740756145,1.017279596328254,0.6523089258572881,0.9843124075307735,0.9984203084110201,0.9958899288095617,0.9606755794715216,0.996727120406557
0.5938620019541988,0.01663943640635236,0.19849613447933093,0.022999053087326745,0.01415316201201771,0.011548792785164718,0.041209320934482395,0.01172615031111581,0.4137789052595715,0.9989463242358312,0.6776280708668937,0.9836802470704078,0.9836219146848201,0.9871286947719372,0.9368775608615395,0.9893833395209773
0.778322644247495,-0.00681540756741714,0.35751368596881955,-0.00047257441233826484,-0.00039397018836481485,0.0035995761566175078,0.029311664642594968,0.001559671717577855,0.5262836382201663,1.0010324397678447,0.671320789745558,0.9834485846965998,1.0012558465220953,1.0029037275641817,0.9689657925948914,0.9984961453035012
0.5860424743813616,0.022278630501336858,0.26765924551470255,0.03176056049548615,0.01713855313980342,0.017663707051308115,0.0642297850232605,0.01755369501520218,0.37167944985775836,0.9898139915382057,0.6314252807460572,0.9779911741269898,0.9835984951166812,0.983380809975488,0.9343323643426159,0.982365138166044
0.7530241547837883,-0.005169544713473136,0.38408042305253953,-0.005918632106218348,0.0038004530141071214,0.0040973834875104595,0.006836769024514323,-2.5489698018691824e-05,0.4952163669166483,0.9862928231324406,0.7397930812857523,0.974294234455733,0.9945310386080939,0.9967798526222653,0.9289669813400288,0.9959566854331426
0.5787753228464356,0.012390150711210687,0.2575939029938024,0.02388808489359524,0.0023437464723951957,0.00956741784013859,0.01782053734724247,0.008599567350084743,0.3753801821683138,0.998215247226114,0.6617064707216078,0.9923718444619958,0.9911928042128476,0.9922943162935495,0.9277957286808121,0.9913249780690463
0.5588359124655942,0.005925755756593638,0.3101671121483355,0.005717327487156619,-0.004972473495139136,-0.0057139118143219635,0.04582946226100105,-0.009673280655850594,0.37454817702228427,1.0142289107741163,0.7061934376695773,0.9964049199955205,1.0075941105229025,1.0043216164597457,0.9756989811336751,1.0050251018574243
0.558752651155114,-0.0062114828598755605,0.19332703652773142,0.014748248764907226,-0.004307935253747789,-0.00046620176230982124,0.027214808533190856,0.00048076921053989187,0.35204371137430046,0.9961492180277258,0.6158943184648669,1.0023836690013763,1.0010947422576224,1.0022042430853846,0.9380852282699699,1.0042376618545563
0.48955329196429226,-0.0014326636060824473,0.44301516408494795,0.0022138385618759656,-0.009126918737460202,-0.005607197253297431,0.01016346539662795,-0.012231754689787957,0.29704627618401813,1.0112040209420559,0.7892090285560229,1.011911197305051,1.0088621660176327,1.012892524837717,0.9468149630739686,1.0075857582017764
0.7327717273435542,-0.010440750571257262,0.26295737732456165,0.024589397042787384,-0.00951894172114951,-0.003570425511606405,-0.04180612764556783,-0.008362075894828395,0.539812297121139,1.0028032757650087,0.6512314273793038,1.0185937848678293,1.0072822287025889,1.0089288680901334,0.9029483867201304,1.0072047789109257
0.543469148056398,0.011006560859652709,0.36035236862212316,0.01935029242619339,0.011120512508830562,0.010281062959281719,0.04232138827481508,0.011384019660228686,0.2984413946319181,0.9850611912644603,0.7501339993388908,0.9834871496892088,0.9928135926314274,0.9882676317761215,0.934809588827822,0.9903319766086894
0.423598353240232,0.013413570846381754,0.35817032701128665,-0.0005966357762711965,0.000802181440958035,0.002361882552076982,0.03926545419825868,-0.0005836650250377193,0.2507291155327539,1.0097931903665087,0.7327883568718171,0.9789815345970345,0.9981419532402288,0.9991983073609495,0.9343070011253098,0.9966505223719746
0.6642662090238117,0.0022846391994558704,0.26284872852554964,0.018282585717810197,0.010453096131099796,0.009083329079625084,0.061332337187785094,0.007486699041023208,0.4579941394582382,0.9879885193871705,0.6376878515964375,0.9842665318755032,0.985994458417323,0.9901739330921187,0.9774962818653384,0.990781753648487
0.7015595287621307,0.007647296342706091,0.23286641282680529,0.006031507746457402,-0.002109401729185063,-0.0010482973823589755,-0.005688182084853697,-0.0016470592937317932,0.5152297237552821,1.0180457837071808,0.662226578745206,0.9927976183147588,1.0030557525212838,0.9982801864284297,0.9067339032200277,1.005476463448864
0.8452538054059087,0.019732993026561632,0.374859842037071,0.04304082011557297,0.01718382092303785,0.017011413578681894,0.03648974911800631,0.019910844227794593,0.587706092731128,0.9814288337432279,0.7522218971456798,0.9919198625116163,0.9815659557457722,0.9792624108965853,0.9321703077122458,0.984867863088941
0.6186286076861238,-0.0151327520757507,0.3682102952372996,-0.0025702773347025957,-0.017009031422019913,-0.012845867896383903,0.059638268341893626,-0.01656956692344519,0.3739818365787433,1.0079245800677583,0.7478018109913165,1.005319773330976,1.0155611856067315,1.0154047677159244,0.9932758196232012,1.01551950485701
0.5936963493225745,-0.005599590896205672,0.31934084533989626,-0.011345212807605594,-0.003794619844975734,-0.005934743933997224,0.020299487620770048,-0.004278389111270714,0.37223458597071657,1.0028117212852972,0.6985937612385832,0.9787851385059719,1.0043506853949262,1.0027409196364607,0.9403375384679056,1.007505014368555
0.35372452390869297,0.01053493291548804,0.19986348897654008,0.016636216033536693,0.02126894018841559,0.02639543554443671,0.07929150974473317,0.02351895283416788,0.18335031140044122,0.9653784189391142,0.595090713662669,0.95052026101784,0.9717877865568417,0.9743622012951528,0.9623275090275344,0.9756461054546631
0.7697295035585393,0.015573415935911892,0.28265214077891126,0.011827731918203585,0.007094314133524283,0.007431031707950262,0.0570979371927494,0.003460791424357563,0.555724603126607,0.9957251047655227,0.6754900238660116,0.9808430826430773,0.9932217449903578,1.0005869280290316,0.9471635954538784,0.9967708384059061
0.6292468462213815,0.0016945312349440122,0.4173467234793367,0.006073108531864773,0.002387237772687229,0.0004657401421808101,0.04406850864568138,0.0023734089689264938,0.38349504290133873,1.0010981440017894,0.7280234636520042,0.99031828710031,1.0014642839175654,0.9998213791430101,0.9757079904115957,1.0042243091168728
0.6390765872864393,0.03130926464363036,0.3051720611805936,0.045016758000203716,0.034128993517759935,0.029577662740982443,0.11020063871907303,0.031715897685116005,0.35783947769138835,0.9631681601877649,0.6696915782361892,0.964812140715313,0.9720132864171789,0.9676453548440059,0.9778052149399707,0.9712641518895464
0.6826814372323345,-0.00427741407363363,0.311214715632723,0.0074267071815547975,0.0016137585613696071,0.003755150471571338,0.08914388936836566,0.004336440261230797,0.4748680192475495,0.9867046119350664,0.674337666143439,0.9763475285886769,0.9938306165774512,0.994253236771768,1.0059407238533817,0.9941034882376878
0.5410996650534706,-0.019764772894036838,0.3788017902566969,-0.013666680041856793,-0.027677885371252403,-0.030785281038770988,0.004546031169257987,-0.028724792783433966,0.3733985886036004,1.0370303922078257,0.7813778750559222,1.0270364584977223,1.0310446273723946,1.031980038655911,0.9609056192892821,1.033381779315561
0.5684768531768626,0.03912937649856298,0.397903608759136,0.03372500986871505,0.03620471530783789,0.03739256212618589,0.07415518545903761,0.032197907347375945,0.36589967672586965,0.9542356542765326,0.7371068146316835,0.9435608013588048,0.9645756289943831,0.9636069888823358,0.9274260863828285,0.9636258060270034
0.6906802582991174,-0.003827493118048973,0.2705014100735,0.01766072011922511,-0.013269908761169987,-0.00749028415422254,-0.005852168150813977,-0.00973124891141026,0.4603845688150642,1.0065949079096574,0.6024614072118203,1.0256339667511691,1.010563282043111,1.0115217336379434,0.9401058951729092,1.0111526904493007
0.5848763921886246,-0.020715124649580512,0.2385572979408783,0.019953568998320483,-0.022492444412925253,-0.025041735225220563,-0.00922699083911582,-0.024864179607162622,0.36106989631616715,1.0259529137040688,0.5810376471319214,1.0479734329087933,1.0259628807966095,1.0216975529718193,0.9493392191122136,1.0261033332658638
0.7198818329290346,0.007445228022940449,0.22144346216050817,0.0032144990229970006,-0.007150395696322477,-0.0071637464416329216,0.05981869478312975,-0.0072263102072183056,0.5293213275100045,1.0238917589575376,0.6591696949369352,0.9928792865594944,1.0093201747100102,1.009058309068356,0.9817792566665157,1.0093081899948348
0.5891627514154613,0.028030827442882024,0.3502339067161085,0.0352131713651203,0.020185495047666226,0.02064717868841668,0.06191620385547355,0.02641960998743961,0.34186049262695306,0.9806915782240743,0.6819161291218011,0.9810575714665823,0.9778510232097357,0.9737117171661432,0.9217853402698226,0.9763706126157816
0.8282847103326514,0.0037973964886611256,0.31145932735279647,0.012038195131293507,0.0039273938816251795,0.0004990877205478129,0.07108364689892063,0.0027478312335791175,0.614235534942826,0.9878549128080647,0.7438025017276075,0.9891853450267862,0.9984461519889117,0.99407261472265,0.9622011001932856,0.9976939835079475
0.566735423009353,0.009003391608699281,0.30076699689594877,0.02355129585017209,0.009750851438876534,0.013336516871541264,0.056671824125689614,0.011597979386251078,0.3547355432874303,0.9773438623033922,0.6993566053848922,0.9785919705848763,0.9886866199164033,0.9822128320462875,0.9342281740027053,0.9906967840781252
0.5665120976474503,-0.02284187457525606,0.3676788976449239,-0.018822668225585665,-0.01551879891008573,-0.01283948450157914,0.084071673348581,-0.015178368930939745,0.339491090318899,1.0243873302196491,0.722036361721351,0.9875667473616823,1.0201160660546849,1.0247467979443923,1.0497690991056565,1.0189892989233524
0.5160912204173776,-0.0043363282702594515,0.24610772152521482,0.007821615132517409,-0.003247776262546668,-0.003490730822025091,0.03817695384712153,-0.0029800234130965613,0.2837129831928995,0.9999870614458198,0.6196086778212284,1.0036865357379998,1.0024240352976992,1.004143718748733,0.9606361698335834,1.0044664487939226
0.7671395533303299,0.010655612883410027,0.2638508974313392,0.03077328148383327,0.01977886463479088,0.02091252396989084,0.03840841148387396,0.02353752907782173,0.5017042695427687,0.9797596304848167,0.6413596072684058,0.9763649717119685,0.9796142927946931,0.9770055341709434,0.9262735347771589,0.9777608113796878
0.6817349838455449,0.01817167567765958,0.3190516414696928,0.02381790929403517,0.009376345616842618,0.008006672346381275,0.05826499238317949,0.012097602064872974,0.45822764279536865,0.9827095593265819,0.7371634334062613,0.9841538111037539,0.9899074159386883,0.9852101446282063,0.9735963223603818,0.9894512851030295
0.6283799490779325,-0.006340688314154603,0.345018068958911,0.018740452083874922,0.0004090271214250066,0.004287568712561143,0.024305030539782942,-0.0018943877642796385,0.3924667652712027,0.9982816701181596,0.7244877545015957,1.0016640582300802,0.9974710985683582,1.0013371140117366,0.9431472072551186,0.9956931753571728
0.6524154496018247,0.01863564626838949,0.29797160335045153,0.027810102813110502,0.012668512580562565,0.010521287669438429,0.05594384340731391,0.012223765970327982,0.4152842684396154,0.9901971156785178,0.725195742602379,0.9877902336742432,0.9898352080584473,0.983935150017671,0.944246302022466,0.9883531064383252
0.5627051805243569,-0.014243978927094274,0.29750256570290845,-0.022442048918151894,-0.030429885624284905,-0.024558819938464777,0.02837485976781821,-0.02695226511812629,0.3244260988201716,1.0375036547868732,0.6940856814495018,1.0080757964565306,1.023898081399091,1.0226576880093858,0.9928490804768471,1.027405163099635
0.6503964128967954,-0.005460061742501429,0.2706954524922296,-0.004747990520836137,-0.01823652344828003,-0.019427996018217073,0.03445822027368832,-0.01644600461250434,0.43025340032396575,1.0329455110211787,0.6754087560841583,1.0141000755888891,1.0169281040594156,1.0186257088779869,0.9895507099508964,1.0198950589053548
0.6891523949102822,0.010682584098945614,0.347902602079268,0.018536552705842882,0.0007828010872392984,0.0013062257998422975,0.05562335515547213,0.005640940075577451,0.4830489107202802,1.0104930109037573,0.7441730745345841,0.9841837796587574,0.9981644282926909,0.9979071423483187,0.9642845435021957,0.9958570541067131
0.6320118162450171,0.026546509868894633,0.3414690290835558,0.014459593183183399,0.01959650765786346,0.01987155720448609,0.07872396217470812,0.016845593159784508,0.42129010277392054,0.9867010049180011,0.7243208193749842,0.9560427549380299,0.9813057251068968,0.9778124623330926,0.9456162599668605,0.9789838191831874
0.6226086337120689,-0.03575799038248022,0.41902696210104834,-0.04101011508859215,-0.03595272794830308,-0.03528418508540325,-0.0369901121130603,-0.038294771668209104,0.400416263487817,1.035708937140782,0.8141530866027096,1.0142776633940498,1.0346022940090838,1.0358271686688658,0.9537969086451904,1.0384035662830098
0.6488051769398732,0.008846629464585047,0.1562409987838962,-0.004506543390567312,-0.00492592584189655,-0.007760012903109861,0.010481541828703981,-0.004902720544007154,0.4565618527445321,1.0153441210414003,0.5745933938573724,0.9904153803295114,1.0079370560362486,1.0063106962899657,0.965053460302346,1.0054458526991155
0.4146741520698183,0.006038082097496454,0.339280029213042,-0.0034293964676805518,-0.0009260433934382947,-0.0031066150222488964,0.060112784840804456,-0.0033821453624860455,0.19270992111021656,0.9981546236063358,0.7033462376785117,0.987553701006421,1.003158131944997,0.999578072759389,0.9851616956956822,1.0029657997802126
0.5258806782464406,-0.00018526628367244085,0.18553526783039428,0.007007920743105326,0.003090952487035171,0.005787345901120363,0.0894131996205368,0.003969043253521455,0.33152416318641176,0.9988073722817106,0.5941540932875518,0.98601291264679,0.9963011917143036,0.9973265781506846,0.9973733028256979,1.0005607444724587
0.76398234191859,0.013386793754608826,0.3390804925838809,0.009366285677268002,0.017836806494053774,0.020262570350526903,0.053835072771800434,0.015737157108891214,0.5259565659768409,0.9704923049649571,0.6622362591224891,0.9544591165826003,0.982104841515949,0.9861918612963576,0.940719915552544,0.9820357861330976
0.4845316809126434,0.02902384336858956,0.3020636838882511,0.06328723455924903,0.026282573855941557,0.025513829232375797,0.12117674270027266,0.025988884722749853,0.2779109889102569,0.9741933602604461,0.6416875396594373,0.9918684519804893,0.9729607804088596,0.9705254748258296,0.9857719448142694,0.9733057222862121
0.823880814066505,0.00258335143467101,0.3050981597219837,-0.03588587965144032,-0.007393921188193857,-0.0065629634952701675,0.010221933096417503,-0.008778553698207606,0.5711478333122004,1.014269544917804,0.742794665594154,0.9679819849257895,1.0082661884828796,1.0092441783797035,0.9355784401438003,1.007911664197924
0.5894228553848834,0.04331074540009938,0.21115443956947652,0.030360489477430183,0.025212216270644818,0.026541875082550917,0.11183465608221854,0.029859335563692725,0.38672822244232974,0.9833696508582669,0.5956221111861952,0.9644669426539476,0.9729909221441377,0.9707447551628009,0.9597678037974798,0.9750120141162972
0.6013453748389388,-0.002919727274164925,0.33949642104348565,0.024736682829378492,-0.002481056113884953,-0.006082802184196961,0.0002293057009332212,-0.0022622292160504737,0.3707182200511866,0.9953971873785104,0.6656000470841249,1.0090820899359934,1.0001820185163097,0.9980683317543392,0.9407922120289962,1.00116143230374
0.56797772016116,0.0011772148057334827,0.15022803193499745,0.004864621776421143,-0.0002698518898705408,0.003107721219765034,0.04057412311277069,0.0003939498627612605,0.31871617639956007,1.0013384634704694,0.5267011100669592,0.9912406776918946,0.9955665173141508,0.9977155615755002,0.9690572519639121,0.9999214206001543
0.5747615273421758,0.016939493396936116,0.26183260243237505,0.01357397649828665,0.01290237476043348,0.010112149040346293,0.04832708285637252,0.015488946881386464,0.3753336518703877,0.9975108311607798,0.6789639830365057,0.9695181373641901,0.9850105580728405,0.984453570719589,0.9342904280933031,0.9855886484196026
0.560035033518669,0.05902715732432316,0.600249496735089,0.055918561186025464,0.04697388621648032,0.0524865553994296,0.0821197314645805,0.044740362823428984,0.35088748151557525,0.9637103999410769,0.9247119473858983,0.947224024146234,0.9538391506162621,0.9516687029618272,0.9330223691849957,0.9539101330123188
0.5598544329991932,-0.003560214235823741,0.3452604018138687,-0.005180129259183924,-0.004316025802998873,-0.0036850252125555974,0.03934688262490338,-0.0035660123315959893,0.32428108599210537,1.0018576244556325,0.6996013428040999,0.990414234450981,1.0033599470273402,1.0043513626459135,0.9549086670949462,1.000961157340242
0.6893117553897559,-0.01755484948808702,0.4205361992732722,-0.008803284688559685,-0.006234348249635622,-0.007909605213138082,-0.01904502742383599,-0.011266412791672509,0.45066924154624166,1.0042138180472886,0.827816121976599,0.9936106894151121,1.0107159675806985,1.0078701348836536,0.9005741363240645,1.0100944470039908
0.5441825143585775,-0.010823523681975191,0.2517426824878595,-0.03411116995345764,-0.02322199556751262,-0.027019852036735802,0.03621984607361512,-0.021680519432065486,0.3271525194960325,1.0177169548692209,0.6666916993746332,1.0010182079161865,1.0229580954291717,1.0223932575759003,0.9799112940584422,1.0248979383163515
0.7187104560145289,0.003174686072356233,0.35493000111205114,0.011278406276262767,0.006423955352225733,0.008143375867861168,0.06771761976246975,0.0034358280569178018,0.4947517465803375,0.9933033508897703,0.7610483569139299,0.9789691055114882,0.9941115642986862,0.9930749048592282,0.9878283238192969,0.9917390347823487
0.597764744260068,-0.024541226572437957,0.4901042769971031,-0.017556107233595977,-0.014234775584439975,-0.012011578815700514,0.044230054669076174,-0.008648147576114353,0.3731185244589874,1.0047639699450281,0.8803665004196706,0.987937532069666,1.0105741700420072,1.0148985029214166,0.9883504414187598,1.0156024890686737
0.4193701400345526,0.04017319060704406,0.368768002605467,0.03157487579745556,0.029914499690391155,0.02989836746593725,0.06637595193456719,0.029220178799361892,0.19852792296097155,0.9836893698259005,0.7445105821744213,0.95953723900904,0.9706834323710307,0.9693781330553577,0.9335326149107146,0.9731697151030632
0.7146659796737406,-0.008151632557784824,0.34919097541218247,0.012696293726785332,-0.0026477125948960716,-0.0023927678504205344,0.037309329204932955,-0.0018368557507562357,0.43289897998550464,0.9906536133381587,0.7030468904403036,0.9972490392154155,1.0039170600865732,1.0013166406877618,0.9438464543692595,1.001696915926312
0.5096097001434036,-0.01862234546406604,0.31722394069147014,0.011992540143305641,-0.008348081678414738,-0.011756998584429301,0.0526305708671773,-0.007081921929528646,0.28287375726201014,0.9960266862077978,0.7445899622226326,1.0156505738449224,1.007829259999805,1.0090188088506982,0.998317227142984,1.0080367681983566
0.7816425245475713,0.008485013600495995,0.27080417771873333,-0.003372878320592384,0.010324576136215645,0.004523036360350954,0.07057963316616307,0.009965139299343399,0.5888562985172727,0.9944351291757595,0.6937124973821555,0.96837483713343,0.9916609165919535,0.9875972042228411,0.9771710707772269,0.9953907730538315
0.6569838458927401,0.01283338985422458,0.3179565117335227,0.02723885007167687,0.006946146851278785,0.009528648815263304,0.008191880995856526,0.006514623986603159,0.4302178310959841,1.0032826220517626,0.6532477268628765,0.9928844655757405,0.9915476347861635,0.9911797769372729,0.9143672681529497,0.9910651772410044
0.6912949429239291,0.007503909927665144,0.3502254690046227,0.015560195660539004,-0.0052760704422404395,-0.00806585716827876,-0.02372744277594402,-0.005118185012587579,0.4620483329695748,1.025761459585151,0.7320239842158242,1.0103036296226162,1.00334018215863,1.0020318202630247,0.9131141207945339,1.0037784984251044
0.7192227952430386,-0.008715368567104493,0.3478018684476436,-0.007676776335362533,-0.017413223613973787,-0.016796405886055524,-6.600374405141027e-05,-0.019538952664793652,0.4791087927255149,1.0234087563868488,0.7361792077805214,1.011576678086672,1.01999550985788,1.0161023258999329,0.9744262230071188,1.016849087820731
0.434626790739732,0.031074616798413987,0.38090901762703067,0.020475125327311064,0.013893169884921374,0.016368616702448182,0.01016995992651315,0.017146365396363508,0.24744187302947063,0.9881906536957425,0.7507369899794604,0.9703288898985108,0.984595323523445,0.9843690142678349,0.8963589680696014,0.9840053383310849
0.5266199338449415,0.007593008602392286,0.41394157579861085,-0.0026056669406780432,-0.0018990308684544294,-0.003075830437077935,0.06018677991991101,-4.475043063516414e-05,0.31288513919133876,0.999945135245888,0.7721444591320807,0.9865845485146727,1.0023097115448893,1.0037263127847837,0.9914401716232313,1.0053915574778287
0.6550989897041977,0.008196150275870312,0.21941209414897203,0.01161345892931113,0.006242998621997147,0.007153412277102913,-0.011850283301888136,0.004521056850493886,0.446486791161112,0.9899112295136344,0.6538677171673,0.9905140633478267,1.0009372574737483,0.9967441039212377,0.8875055908326313,0.9955564480904742
0.5564941247444197,-0.021179132103822638,0.2805285561096803,-0.015496141761579804,-0.017951879341984275,-0.016812758479459494,0.018345900993668087,-0.014778392835966011,0.34875853691657044,1.0190589499336489,0.6369326674732553,1.0063520074724766,1.0172931186853715,1.0163244482936988,0.9468307880401584,1.0192917531689827
0.6696897693252605,-0.018801211819481193,0.25877177214328373,-0.019204520817345045,-0.013670812964606155,-0.007328499496138975,0.032572647544482074,-0.006767113928270484,0.4545831415281243,1.006551554204989,0.6751629482083807,0.9865194091543932,1.0114823349476847,1.0110756297617123,0.9512372865931841,1.013358812867287
0.5684136096629626,-0.011390477961891233,0.1306314985589403,-0.015878928338413905,-0.023019409780774082,-0.020118655393637896,-0.04599637897253003,-0.027273964674451978,0.3270925669080229,1.0236718831448697,0.579237637728806,1.0167439647916328,1.0225612312575763,1.0243756364166312,0.9212410885187805,1.0259289083711736
0.5105043499093597,0.0009273893026134555,0.3077154147050991,0.028210712622459326,0.004986932244890175,0.011335402380672939,0.046281241466922786,0.0031877775739853247,0.31185637257448084,0.9785953427467895,0.7108100796101595,0.9958125870197444,0.991717231334173,0.9953105396604491,0.9199868898922401,0.987703262490679
0.8602871813529034,0.014206443740288146,0.28491422927056304,0.013403417401886773,0.004120317589738777,-0.00045415053835563086,0.0408483793710689,0.0038227046072623646,0.599840309615841,1.0101660392427356,0.614260344256494,0.9914408747726804,0.9952815315495894,0.9938839078938132,0.9659017014257977,1.000575721306042
0.6993144777863376,-0.004609234894796017,0.2008972735606637,0.0020962226613572502,-0.01741979648792894,-0.012710930751019615,0.011713555852294525,-0.015122640049280388,0.4720038385324914,1.031037099374821,0.6250372848545508,1.0180239112921385,1.0159702312453713,1.0189182482260757,0.966089668434173,1.0206730752217195
0.5625607217688654,0.05332698971524273,0.30785776775099283,0.027348075929254,0.037900274977557026,0.040081235566644016,0.12900354448041132,0.03595330481877598,0.3370699953896066,0.9714658757735952,0.6070812550794713,0.9398179487934293,0.9628668820679676,0.9601524144366876,0.9691929093657423,0.9611662931920999
0.56465486687979,0.017252030863099576,0.25027070343442176,0.027174223586503895,0.01867456678898995,0.017912049516750163,0.0026433778598704324,0.017396629575526967,0.3549805993496704,0.9714950235756357,0.5773940747530357,0.9702811594867626,0.9789009334962889,0.9801330966826811,0.8944689733552126,0.982117078857407
0.5738057644592908,-0.00159643555588836,0.3633716289293546,0.0019629699257243255,0.006340393170378434,0.0037414536832251865,-0.0027642073471534517,0.0014746010213002483,0.3347824301884432,0.9862125918492992,0.7658676316120624,0.981096824299153,0.9974715633984413,0.9932689205751456,0.9244875302678982,0.9957189508729839
0.5062709491774129,0.016939154747461656,0.3108075229416732,0.02600030241000019,0.01924512905563782,0.023305981674331976,0.020342034816908452,0.019689682328519684,0.2829764846861803,0.9632265298758135,0.6405403115777033,0.9628178831100566,0.9763407969360647,0.9813891751770003,0.9175333779024212,0.9784107649031429
0.6956950198599917,0.003890785189375602,0.23848652273552265,0.008401393597339877,0.00047652014537419334,-0.0014798011846095264,0.06730421089464192,0.0012613372474587694,0.42798517229828303,1.0005172406305745,0.5819304940267538,0.992810361640907,1.0000199625707147,1.0000989599468002,1.0073811828726074,1.0021683766309173
0.7314960315978647,0.014370579940533904,0.22449618600902227,0.003232501931082668,0.016613677915008847,0.014871960142935991,0.035542528396621496,0.014112363544465004,0.5209051883198126,0.9902120511928449,0.6204861494344075,0.9581122647266305,0.9847997937316681,0.9823943501693252,0.9278698139594093,0.99129467012042
0.6363547946771314,-0.0011790075978036206,0.2777114323788202,0.02548168242964076,-0.005909909161475803,-0.0025270434967944472,0.044112808210335315,-0.0021109386154399444,0.40024869523064965,1.0181829480907314,0.6869524988469564,1.0135634770716444,1.004527035587249,1.0013251803281324,0.9892853993059281,1.003340850394956
0.6736002937953883,0.0034897372597651345,0.22662719680316834,0.005057899357114665,0.008804071091260546,0.01168209488235641,0.07996031008582868,0.0043603782407442065,0.48528152520775736,0.9893372657293004,0.625419770594364,0.9726798939961699,0.9887326313283018,0.9959144223979797,0.9670144728589951,0.9882831003123282
0.5830613046259744,-0.03082395006478171,0.2948224031121277,-0.017979869992484694,-0.023932586157749246,-0.022163378171934502,-0.008426914203829811,-0.02183579341921442,0.35745061489402585,1.010226389909029,0.7071308805733751,1.0090299759124537,1.022918390822323,1.0225175181718371,0.933175521921066,1.0236852585039997
0.6545987358252963,0.0013402333094499593,0.26442514762617103,-0.0017857317071183116,-0.004427284075636864,0.001671836800467759,0.05830492591896999,-0.0043667808313926516,0.4567866065269397,0.9921917395600947,0.6751424470923427,0.977490987744445,1.000237966264218,0.9985702706330144,0.9664318218793249,0.9999702894375934
0.43768358198957624,0.028607446947641942,0.23497220135206062,0.030067611613206844,0.010986495167635635,0.015989929782366262,0.051914760968102054,0.010090362359095217,0.31424294955034726,1.0046743611125875,0.60827747127856,0.9884984926562477,0.9921879162457794,0.9918330292965957,0.9113634258582255,0.9892185345243103
0.6223938612455449,-0.010474836325754409,0.22168901319599588,-0.0029562264484674756,-0.009103014045399687,-0.00674612132735046,0.033251460370760974,-0.007140079700548528,0.38506922150302436,1.0086362011126009,0.6110800149963664,0.9955888854788592,1.0067624436652975,1.0093096495991087,0.9509762033588017,1.0078354596626766
0.6296020319074033,-0.005752873489644032,0.18231153791572077,0.003156354332345661,-0.004008882522295234,-0.005152567631126628,0.020035735612316984,-0.0006570401822881796,0.38053925311815806,1.0013176026942705,0.6148497605609181,0.9928107976860405,1.0051930198515264,1.0036959309886901,0.9558382866462598,1.0058207344071177
0.6429871614840948,0.001548808572885779,0.2356129289619125,-0.006044724863992026,-0.007297881182236582,-0.002079250189770866,0.04506369545414554,-0.005794691120704341,0.4459954249468574,1.0142048537069135,0.666527815613371,0.9896756286338938,1.0054529752087484,1.010771849268884,0.9641222394759936,1.0049915497051458
0.569921796408089,-0.004247749349851345,0.2481046585954982,0.03375931874705978,0.004265366891257477,0.0009865780872506376,0.08524842078040461,0.0022715459728933603,0.37495150969995694,0.9872694727592507,0.5950617225488254,1.015793259579725,0.9992871518554745,0.9959624997570337,0.962828374395867,0.9974105504363159
0.658953704986951,0.004335959172688146,0.233415093682185,0.019012877257545434,0.00485512189602845,0.00342560611669044,0.04437283509281415,0.004902997609491827,0.43629291856928787,0.9958145258686847,0.6130017401364396,0.9946362833664267,0.9930194533770901,0.9983128542421379,0.9474228279086847,0.9991174483823109
0.559555671555782,-0.016226619662529345,0.2532397989904349,-0.018881688384941028,-0.02598852552743545,-0.022807375983678307,0.020794921985095704,-0.021474824680868247,0.32876263327995037,1.028147089789527,0.6839534726046441,1.015562278321527,1.0210629607772208,1.0227703298846769,0.9850388415896404,1.0266435712109403
0.4813880844235604,-0.0027072086018088146,0.28790720446115275,-0.0033889076264377294,0.0008966369713770621,-0.0016333995852098842,0.02050731764592961,0.0012722500917892155,0.27281482942618773,0.9904673243500649,0.6783346510934537,0.9771369498884046,1.0014197643623381,0.995618533785803,0.9275187020636279,0.9998270908683985
0.624094511918901,-0.0063800123982734065,0.2472326215460923,0.007249192943377435,-0.00881430447739862,-0.006379839620747891,0.060480868715991384,-0.008458410972978189,0.4596655023747853,1.0122682136158039,0.6508117573578451,1.004847117050758,1.0090661845735067,1.0097273947734413,0.9841406736764318,1.009729963385832
0.7888790282037133,-0.008055992812163761,0.2787066094693872,-0.005536529860100179,-0.0067598888296409795,-0.004985524480139883,0.022768089095418304,-0.007592415184892938,0.5989877196837183,1.0047821253021407,0.6406901967852973,0.9935775483873329,1.0083521039626442,1.0092088287630336,0.9215779449922658,1.0128663789559285
0.7287868937620311,0.016659705517393122,0.3840430353385185,0.008603928100679108,0.014611113066845939,0.017181304262121076,0.09109873392743786,0.0159363141239757,0.5232248595033901,0.9754314011159011,0.7800211103725391,0.955862441582073,0.9849553440194011,0.977978916322814,0.9550594868936626,0.9829104800528695
0.6085464453680174,0.06109054949646866,0.3894488528463304,0.05839121566148487,0.046672433947742835,0.046133998760911975,0.09938434128453888,0.04633841584441487,0.4059892700339621,0.959488926163824,0.7479725779749282,0.9483159241264189,0.9528787132076478,0.9585090435858477,0.9384279080430911,0.9584343131877263
0.6071815857493189,-0.001940518429945433,0.29272259488741526,0.009039789967720178,-0.002877748754755516,-0.00948771842825692,0.044497316916560746,-0.007144135987641082,0.4300170312213799,1.0003096927431998,0.6921779914124725,1.006316799322318,1.0048119866306877,1.0046752440648137,0.9619794529001776,1.005004174122763
0.592352547612657,0.006577604233024021,0.2678347612932209,0.016148648381041422,-0.003716367652673593,0.002474042324495968,0.07320334388813245,0.0018350222973659573,0.45177771542836487,0.9941771568077831,0.704405981092495,1.0007565785947716,1.0017602021873373,1.0080931147354424,0.9599853761023122,1.0036608226813044
0.5612458233418485,0.015503153395919626,0.24384846166672183,0.029172224366229196,0.01680596663441841,0.02062448154999298,0.06624533296487756,0.0226200514278234,0.3355832711763711,0.9708891990492469,0.6131544228782261,0.970721472282842,0.9808306253620054,0.9806927546001087,0.95513621898813,0.9769427946793838
0.5943999023091519,0.008717053165941896,0.254500124342716,0.03367336736814716,0.01460262307687076,0.012743530899412384,0.04292157518471686,0.011139727489228481,0.36082568291873696,0.9776716363529117,0.5888893046272523,0.988433632443481,0.9880637627359586,0.9833096515363473,0.9244799262693946,0.9846488400731699
0.5337327865201583,0.022213318724374747,0.2320628681324067,0.041060495378925005,0.028048656268779268,0.03205218171336295,0.09602135895825582,0.03242436405375018,0.2899589311529869,0.9705392059317485,0.5929872946578394,0.9621959832161832,0.9687453142348081,0.9685455731945601,0.9440152701008042,0.9684952051335765
0.5849810536337295,-0.009955644538558343,0.34000951433236953,-0.017535677391467892,-0.01583478953350128,-0.015085029553735098,0.033256878286283736,-0.014103137089579325,0.3637333648322254,1.0215544585267942,0.7839416741380442,0.9946986859280346,1.0168054519875482,1.0159419793767681,0.9860529778097956,1.0160169878944894
0.7357091673728982,0.0006709249327414588,0.1867893614861804,0.004417241219329241,-0.007305456779816103,-0.0016212247033414431,0.02231119739402946,-0.003564325965426131,0.5222852739939934,1.0140086963254378,0.5661040850832513,0.9906377481651011,1.0032308863693877,1.0010257692333167,0.9455351720588209,1.0058874136762068
0.6025057692431184,0.022584849445920353,0.4094274406900676,0.03019246930678573,0.01868064972224021,0.017776141022613497,0.09616419462579068,0.02178831576564794,0.34533055640908905,0.9725006625281393,0.7342597710479578,0.9707987921309031,0.976512245287663,0.9757567561010629,0.9732157124678803,0.9811257702733214
0.4959011529582385,0.01385836460099586,0.3778499124604938,0.014100045809194245,0.00083428872514377,-0.00425614064218658,0.07413421339842682,-0.00187359972825002,0.24406930567592278,1.0220435336684777,0.7407852023644648,0.9970104751348737,1.0012687626542245,0.9996087697698894,0.9952845225816995,1.0008412767212764
0.5939399288626752,0.00101759623649898,0.24920482068746155,-0.0018404053146381621,-0.012898398351983453,-0.008733585269093803,0.0024202740187228436,-0.015415404943847185,0.35336028766508343,1.0215036974059957,0.5986313268128342,1.01061080114102,1.011975711103568,1.01495336069872,0.9404888437076256,1.0163830236571625
0.5928258823186399,0.009889364703985533,0.33380808862717204,0.020208387248411317,0.009287013295407804,0.0118229764642426,0.06882140236341665,0.00943097820217981,0.42073499870886866,0.9827977611917262,0.7680946758752274,0.974640315798723,0.9873268765134248,0.9848281282795625,0.9459532644326766,0.9855653159199301
0.5417829277047466,-0.01755197795865138,0.4603264323865666,0.0016151773391258684,-0.011873566361006027,-0.011346632396985693,0.04629961159176922,-0.014455871607668471,0.3268522422378508,1.01133222859028,0.809400368952302,0.9997411528284137,1.0113732077265387,1.010630080403594,0.9955590115440472,1.014681663493785
0.4965329334108727,-0.014005716659630536,0.2413031717708152,0.008865276148043444,-0.0019313790726191086,0.006877943007109589,0.0821057903678444,-0.0004720769472693996,0.35378538985717645,0.983568665908678,0.698136628231397,0.9818722279240003,0.9981943107975219,0.9963800278069678,0.9862955279068137,0.9967001184338204
0.6310991025780011,0.02687790412799404,0.48507720553998396,0.033998347157032004,0.01905208853307395,0.021193292834678093,0.08658529538215187,0.017949861414062195,0.40724346907634723,0.990107736677025,0.779961597902159,0.9776651046659677,0.9781111428810039,0.9789653786643471,0.9388846346857492,0.9765972329000379
0.48741859982054037,-0.012171065500404574,0.26342711313029754,-0.0027182221463059007,-0.02349361687802124,-0.028301804354946124,0.052029445533513644,-0.026452002004683096,0.29008416645284585,1.0291219895078176,0.689943377007217,1.0269511080420126,1.0213772791282043,1.0175656421887702,1.0030189421676337,1.0195818483788044
0.6082378236412742,0.010574410902258443,0.3226974329563973,0.028132438098647714,0.004789030192847538,0.0016244424857722517,0.05059462944049648,0.0012403342051244496,0.44527215044776325,1.0124655869257824,0.6855852115914389,1.0016194428844185,0.9952692258358897,0.996515688961853,0.9448500467615886,0.9986783092624469
0.6828004961081211,0.03184876085288849,0.14208283131384078,0.03914271846848791,0.02313809517459335,0.028267531002815004,0.10807513866588339,0.019955594708828437,0.4575322983552301,0.973871848621444,0.5566066786318635,0.9769759902761798,0.979195301369469,0.9783291436044468,0.9989951058545229,0.9793220783722266
0.6130037939085724,-0.01628937772992054,0.29299522449983767,0.006381465572731214,-0.005326062256110007,-0.00369911067575076,0.06844110582501421,-0.00911520274419218,0.35842473521512686,1.0012031592158082,0.6984949393262498,1.0003284954679785,1.0067638259802145,1.0039184289661833,0.986233974546967,1.0052176686489738
0.5726606728438476,0.0026807085119724986,0.38917806618276296,0.011941816196349705,-0.01701726276068104,-0.01576735978553393,0.021964726843395847,-0.015460972720314787,0.356013380999571,1.0233526416022145,0.8168369250533918,1.02240043898781,1.0153807061595754,1.0120849133071574,0.96135104531976,1.01414509530755
0.5426554959814537,-0.018820443581857995,0.18040157066045745,-0.0037433881311896232,-0.01181591441075075,-0.011427480147394205,0.011816600140375633,-0.011353143010026571,0.28519233928861976,1.0122021776179864,0.5626301864921563,1.0049259639222794,1.0135777724696975,1.0141151464652791,0.9774642811475703,1.0162406364375478
0.45687858029685197,-0.0070112745688470715,0.21515617336549298,-0.0037545519564128665,-0.010143250756508227,-0.0063999590475181225,0.01143527509689676,-0.009808920899227512,0.2653792922034056,0.9979016509823899,0.6461940917250277,0.993078877343606,1.006609140897062,1.003076756506608,0.9474785362325852,1.0072739701209792
0.476530947870049,0.002210600760741982,0.19495157233329405,0.006154448840720181,-0.005130216973816682,-0.009021502228423262,0.03454567509056389,-0.007835467994347893,0.2813233837755401,1.0169868687444052,0.6205364033955199,0.9956782040859298,1.0082911696848647,0.998707401220222,0.9658931863854586,1.0053450586270725
0.5878343571162158,-0.013709923271344907,0.27128241262832575,0.006924328675006034,-0.001125605173660927,-0.0020092204006310274,0.018130913148630023,-0.00044996810217261854,0.35784988450092703,0.9994009415401087,0.6996597386539283,0.9888983477848358,1.0010030455303915,1.0012168420785443,0.9495973376255123,1.00659442770235
0.5431293052428365,-0.009643627791326107,0.3063388561749206,-0.002052902794882664,-0.009354240922960402,-0.004998940396109551,-0.009524069955497816,-0.00902784913461325,0.3232618077537218,1.009976062290055,0.6711890734441384,0.9935385327676132,1.0086228830070196,1.008549562002709,0.9460981263347313,1.0052316631657867
0.5934299234490038,0.023947890926014157,0.3100419533610106,0.027903961756496357,0.020851567969298324,0.019256263902431358,0.03902884463168517,0.01909262669931899,0.372120650382176,0.9865210062786298,0.6844973700519392,0.9721768155603078,0.9832822803134875,0.9817944500328037,0.9441490140987376,0.9816498939677026
0.5369721650783347,-0.0011645446119617569,0.3336377640771746,-0.003915800038350422,-0.0048564809043806735,0.0024259265574003235,0.06325640544967555,0.0011412684689304368,0.3381863737346489,1.0035797486075424,0.7314236771352498,0.9791412365534594,0.9983395489475911,0.9966572439847736,0.9850966292835719,1.000456456318353
0.6457767114772475,-0.01187768423254898,0.2900514564447845,-0.0014854957515026154,-0.01770626346490044,-0.018861630068947338,0.037260897852857154,-0.024945287847576842,0.44301459220053263,1.0154030748308158,0.6978247267199893,1.0174756102415392,1.0205965765817733,1.0139070011841458,0.9819096628640989,1.01674894200013
0.37790491404291415,-0.021163738734946265,0.5019350110529266,-0.0007400796495816065,-0.005488503874337892,-0.006535005138419319,0.05365020717031222,-0.003930563214708418,0.17905168423208384,0.9845509531685231,0.8768547866029921,0.9933435302337222,1.0066944887626155,1.0016877455343711,0.9814835399237644,1.0033626600500973
0.783031227789815,0.0224995595977052,0.23658884726125234,0.012515474841645226,0.012598772436860448,0.012200158454568198,0.027148744148654355,0.013561798493819487,0.5168916716443297,0.9962189040320124,0.6166261540616855,0.971143803761326,0.9884933767190583,0.9881566730653853,0.9476383762013773,0.9910068248134759
0.6002730182039068,-0.009004156283437714,0.3565186508937128,-0.0014341835748910353,-0.004637759769494437,-0.0028179901142682713,0.0733475918410781,-0.006177534728807818,0.38896125236261614,0.9999789068709489,0.7551415465047746,0.983853674833537,1.0030769148830965,1.0026110990215273,0.9985718184016045,1.001026371620702
0.7061219408399673,0.0445916446432273,0.37972229106136346,0.023143480949769285,0.03107467678174524,0.03308694878249074,0.07873062374863658,0.02963770497293154,0.4500352418761564,0.9787936188617717,0.7677903036636047,0.9474675507671106,0.9687007108592017,0.9708854983422032,0.9370936534125252,0.9680343935104477
0.600397092797519,0.02271898381201241,0.23350328152711708,0.02943680434862108,0.009475769882766846,0.013957329885985807,0.035093115220470254,0.008768609361863605,0.39083226540945937,0.9968258158568717,0.591784338808004,0.9966281810683889,0.9893385771375065,0.9967856670342333,0.9023718034578072,0.991020752709667
0.5303175494850743,0.018420527454732463,0.32005395232638945,0.024495995720332907,0.01853709045298676,0.025002662710585488,0.025494398771525442,0.02013457358926867,0.2933077207784146,0.9792182490902006,0.7110004842838129,0.9634647614310432,0.9786444074824072,0.9816972331895615,0.9122691821467379,0.9785616658896845
0.7628672901161914,0.020979974595705386,0.3337964250024424,0.01998450735615436,0.015084420993144896,0.016846680286842265,0.08619476091309575,0.01374153248739463,0.5539122687664884,0.9790671698868404,0.7216262626254433,0.9727192743040864,0.9880571923531369,0.9814542599438267,0.9797502980372043,0.9802794158368324
0.5175984782359242,0.027725521705345986,0.3384195110819187,0.04623369011171823,0.03669015940485718,0.03202024612325181,0.06815700239139832,0.03288006398742952,0.28846555232156246,0.950687962958011,0.6860850584247051,0.9553485457974817,0.9667867607775458,0.9654828864840663,0.9164978289150011,0.9657871191305114
0.46446481565647496,-0.0016519829002091101,0.11490087988677,-0.01040235896350741,-0.003530203577979045,-0.001155264115394882,0.030370052396335515,-0.003714962274113154,0.2666317506421362,0.9966188073448456,0.45153825626022115,0.979559999283284,1.0004622129194345,1.0039490455874602,0.9462041026327157,1.0028470577347985
0.7250586805488974,0.011894442581366677,0.24012301487996643,0.0366885179293959,0.023330251684686457,0.026201327013501786,0.07261996546935916,0.027747893239740987,0.5119509646166407,0.9725492859276983,0.6084009438713553,0.9774405176463791,0.9773510804766121,0.9810384870284464,0.962530719924014,0.9790123282404731
0.5711439187603587,-0.008634878181254366,0.314755777452595,0.03313469126705963,0.001025200352895479,-0.0028086262943416355,0.047524478509673077,0.0026910913604452527,0.3726842618130105,0.9888404478641567,0.7087217055645137,1.01667977789121,1.0020157483408043,0.9990798433009512,0.9575855580757809,1.0023995487436825
0.6037099932469316,0.014746455961225795,0.34252251271155276,0.02007535266362179,0.020925486533908366,0.01952231789536564,0.07458059455875245,0.017051645097212458,0.38467365617393,0.9782022782906028,0.7661379774317818,0.971489678591445,0.9800223565753001,0.9834359267947971,0.9747850193962523,0.9866713136601769
0.5452250240269628,-0.011466463426679348,0.28607652360310143,-0.0041588396389746,-0.012903219877315755,-0.00869216725727035,0.038429619994830695,-0.009246849868264372,0.2906407347117427,1.0066870416805447,0.6841148854689625,0.994782034894839,1.0082046112191616,1.0087362354773795,0.9736646476207405,1.01013117261548
0.5411009188220901,0.004320923883193014,0.3761078968071909,0.029440189840811083,0.015703102244757444,0.008971956585219501,0.0587479185645579,0.014254754970286835,0.3795468581082473,0.9777107654479718,0.7767272615517524,0.9845558470426726,0.9870686982726097,0.9808821611974886,0.9470349434761491,0.9897460166605261
0.5794366858183405,0.05928615654582863,0.41132455975104154,0.04187175936293232,0.0557137956696532,0.053350142838039294,0.11361930391221281,0.054611745335217024,0.40832115823009985,0.9471989077002541,0.8242763969046123,0.9186433749860057,0.9464707671787265,0.9435913918066596,0.9175363934955199,0.9449992861560688
0.6808768652645136,-0.0021155005052971303,0.2822193787934062,0.006228661892791675,0.0004725305163511029,-0.0023239187525600107,0.06294188424370264,0.0035507016702868133,0.4882303692174108,0.9951847086070802,0.6624375182771626,0.983675224259759,0.9988213226439037,0.9942070861369263,0.968034555220227,1.0023102618634794
0.5625019772940448,0.020555562704712312,0.3114937214446134,0.020016299455603914,0.014208375411095837,0.013562498046786567,0.0583522631852308,0.006628992103969112,0.319480048597201,0.9954412243442436,0.643954656480874,0.9846409021839229,0.9895383584693261,0.9873730030853304,0.9454713421641181,0.9896694171765593
0.5591848369399415,0.012323734244811297,0.25206830783978007,-0.007659345238977987,-0.00029863281397217505,-0.001602281336666781,0.039664949182335194,-0.001855416580046532,0.3570588114067653,0.9968270992246119,0.6717009038519024,0.9672573666992158,1.0010181432379104,0.9977997903965041,0.9633364783592844,0.9985876844185938
0.645761172945526,-0.000181262191884195,0.24283234514976795,0.0036202836420614532,-0.013892192702854151,-0.009696116249004119,0.06474727235515029,-0.010927478244059775,0.44806616281292566,1.0151852548444575,0.6650400723387403,1.0033837636147007,1.0099140756310017,1.0095381719203018,1.0060991566079507,1.0086245810588987
0.5553523657867635,0.014473698992467464,0.3403830291606219,0.029227115803787437,0.006969750268220472,0.009820527553202032,0.04659568084140043,0.0029528004095363755,0.29340320362000694,0.996192931542647,0.6544128064256391,0.999130786106011,0.9907130827484593,0.9945072754117721,0.9568681729960684,0.9946338683769408
0.4415189559779688,0.029014647989842005,0.2934658104220857,0.019476840146693958,0.013651993132017119,0.0210089500839299,0.034786504867486884,0.01615048502088909,0.2383062056742491,0.9920808238772612,0.6404051342107545,0.9739398364482016,0.9835304610062797,0.981342318363101,0.9043537951034342,0.9833353745707308
0.5223457279237949,-0.008819965734248416,0.24626708718772194,-0.014551290059723844,-0.010149022758066121,-0.0038327401140803743,-0.013850440798390538,-0.012325504545665633,0.3221528913169175,1.004664188334203,0.6466747683880314,0.9870760191675129,1.0093539766706627,1.011494198815609,0.911416736903234,1.0050290107818798
0.6442769936420707,0.028653612544407875,0.34245375495003044,0.02545726226134052,0.019150446491935282,0.019653643924255174,0.06238578413518624,0.015606012866859784,0.4548483421738664,0.9847083178542043,0.7622049884535279,0.9673440124848789,0.9831493491414759,0.9820081847020965,0.9382166908895008,0.9800532487558206
0.8512604969658202,-0.016869488775969704,0.42951159809428424,-0.0007447677100651831,-0.006537078634893045,-0.003625401034365549,0.0607932415866509,-0.007128406308270615,0.6414577874229364,0.996293981342785,0.843800102488774,0.9908668592424037,1.0010050883506658,1.0029678894049492,0.9903247758189246,1.0020214977967499
0.6368575231596192,0.005776526429123443,0.3688955628700709,0.025207782003225734,-0.0007404232105095328,0.0009651084283513789,0.026847090599395426,0.006054158899937338,0.414437594377178,0.9882602175882824,0.7885865762895434,0.9991372902380536,0.9988156102374761,0.9991122368599411,0.941256103949016,0.9976984918919486
0.5623577791932036,0.004840143112190037,0.21633887426876364,0.004089197771042656,0.012756992163810354,0.010827933133266316,0.022021418028101456,0.010898430903242001,0.3551182696505164,0.9874809997297911,0.5992897300815747,0.9708193251419559,0.9935302042527964,0.986589944112038,0.9249133679798303,0.9903725258634675
0.5336126354144417,-0.03243718186125018,0.3167152986130261,-0.03781549378781895,-0.032011461247763925,-0.03036968019623475,-0.009857536076294799,-0.033439026197634766,0.3782490861750065,1.034854412689685,0.6773664367402679,0.9995020960223708,1.0310799896372445,1.0349159205556862,0.9700669455773704,1.0287494930605428
0.5813368846477108,-0.004397709424963149,0.34844135660266395,-0.010147813845506795,-0.013104801465713549,-0.015086861020846793,0.08526809834949722,-0.016991219625447713,0.3745771610143319,1.0197749205930455,0.7334620288358307,1.005729581045415,1.013760853427539,1.0120137029683625,1.0074045049672198,1.01916839635137
0.6375776652510143,-0.0034877364556214854,0.2960932557211781,-0.012136217326923554,-0.010274888789469102,-0.009916278317895672,0.03946081918124815,-0.008955638846832323,0.4702963753858207,1.0030343568478035,0.6506498375232417,0.9924199199161334,1.0089255409473294,1.0061043353812211,0.9478063950419192,1.0105270115311393
0.42829773872674504,0.008328511657031032,0.1402030450347646,0.011932610355923131,0.005000325473861096,0.0026180158666278728,0.09892808484196787,0.0038643790332752,0.24037342463057676,1.0012638478365745,0.5973520204462396,0.9891431931311975,1.0000116272024204,0.9954716927932454,1.0179306327758932,0.9985657347839254
0.6501099231249444,-0.0298991563055289,0.267325081469595,-0.015421865223996344,-0.017205748208512808,-0.021139688020661213,0.007249470078899053,-0.018790180466158858,0.45614779920621995,1.0046316269326108,0.6536901401762776,1.008049042021323,1.020219776465819,1.0173250474302933,0.9521059881990273,1.0187698412192239
0.4608146997702219,-0.003250826721158028,0.23381680944747021,0.009701267725543715,-0.0075594355469587,-0.002333726980717827,-0.006743132377384089,-0.009195869397874814,0.2559846416237914,1.008703046072407,0.658055728003378,1.0017338674613345,1.0080547933008617,1.0118963032537551,0.9481200887291644,1.0088245015901394
0.6508362957276154,0.015691769046878117,0.3661201201352933,0.01809694599929089,0.01611318562252994,0.016599256644786186,0.05353229690108164,0.018611544030408503,0.3816407741375708,0.9821323447729093,0.7503529195090926,0.9710794827118322,0.9794961244358759,0.9800155232260167,0.9721593695323317,0.9831626068682587
0.6062076735281823,-0.043869294448692704,0.3096567086121713,-0.05155603511044578,-0.0461229311981159,-0.04544954667597117,-0.03784298550890356,-0.04153919152410974,0.40743903967421213,1.0311092628504153,0.7105733487911849,1.014611960418685,1.041704806260163,1.0416106608116158,0.9807785141755753,1.045213851030685
0.5356254021981822,0.012516374029986744,0.3882393250810827,0.02181221637119878,-0.003038594123400366,0.00475733251258892,0.017962175246716023,-0.0007485783201292952,0.356686821520907,1.000545413883189,0.7525927761049511,0.9955567272222748,0.9974026859584383,1.0007851942616688,0.934132925621189,0.9950621019717008
0.8180586571222789,0.016812456344729096,0.28099649970402363,0.03498261965105753,0.01389792422978044,0.011172035943009716,0.031038050136496794,0.009468057024394957,0.6062027698619395,0.9973332436868083,0.6930193008539061,0.9978543399072383,0.9921067336308492,0.9851852413368457,0.9336123254297802,0.9869742379032652
0.49610769100668106,-0.00041530928174683386,0.18937223240016746,0.00575928105583572,-0.010308398310528197,-0.006628801575229543,0.005368278836192975,-0.00844904372769736,0.270625309684134,1.022885475022355,0.6061324515432984,1.0063525132440043,1.0099343765859776,1.0087747873050283,0.952068744399001,1.0109981157945664
0.6195584265948794,0.004173746578425318,0.28533694133378323,-0.0032886159137463077,-0.0017029556665005845,-0.0006472823431415952,0.05534051774069385,-0.0037967970696741846,0.43178664972559533,1.0101024044422195,0.717385689094158,0.9893935921543487,1.0038202663720215,1.008072301470979,0.9700077544912244,1.0036570332733072
0.5372017338665741,0.006119991835390915,0.1783476999119489,0.03240253685849628,0.004338691599256886,0.007473628269875695,0.05277046564758625,0.008182584884842248,0.3140530880642607,0.9806908273613346,0.541507388052572,1.0043308307527614,0.9947511214797561,0.9932450758836556,0.9497878628709339,0.9943035001175773
0.7924569563169415,-0.012535528058439537,0.3406898953624677,-0.0033954679849750955,-0.014820915763332963,-0.014167653027060387,0.029455936438891574,-0.016912455388586732,0.5676110416283515,1.0121767125152077,0.6625158284454375,1.0108343877121808,1.0183930781157013,1.017213543350294,0.9817551031449144,1.0143652107798635
0.6598917057134661,0.019217859290714536,0.3253258278348634,0.01997633040677668,0.014449142871743844,0.012772575181694458,0.08069331727595239,0.013647701366641403,0.47636264006046336,0.9914562896848299,0.7154954123856919,0.9741166306449605,0.9816151742639839,0.9842031427345208,0.954246589243139,0.9855025424272844
0.46183181946822205,-0.011298599983155641,0.32822518519520566,-0.014253168897842481,-0.004668508113382089,-0.004247270423564667,0.03521621650910189,-0.0056277056674756635,0.2702289217606678,0.9968719692327946,0.7048018885809846,0.972345756379251,1.0048248427123228,1.002676416003771,0.9537800641749185,1.006164948042535
0.6439022847207115,-0.05566365039006781,0.3461286890057521,-0.038412894129507213,-0.04436694493309636,-0.04481168190001192,0.00153104332673549,-0.04380324827342389,0.4053380802477179,1.037824981607449,0.7484451167771908,1.0286074065566646,1.0419837831812457,1.0361482981920243,0.9950965082282196,1.040420192177925
0.691100201890176,0.002014755331575647,0.2862253265148972,0.011403919203700272,-0.007138114467620498,-0.006740030026988276,0.0385929981133866,-0.005673395520522561,0.5066504520689861,1.0023236033131013,0.7076399228230592,1.0032978100763028,1.005905661456651,1.0011912141445445,0.9627438153412424,1.0062655425066593
0.6081570678500191,-0.01609028738805344,0.32473923104396246,0.010395507665076699,-0.00354840201594435,-4.115590347634204e-05,0.03457366923764862,-0.0035404355200896603,0.3552818526939626,0.9827731257696162,0.6736015040377827,0.9991864815116583,1.0055670781312056,1.001499883528579,0.9593634509160973,1.0016334298130962
0.6591126810801169,-0.021516690514664323,0.36452924655493507,-0.02166338890541085,-0.016167469480943025,-0.014937321609910716,0.037385634368636275,-0.015436093569256647,0.4060495708987715,1.0126793145952686,0.7202950955698508,0.9960059107786459,1.016026247601445,1.017597097419548,0.9869058421666034,1.0194542881289579
0.5408281642112328,0.011288303159061285,0.30756700924978864,0.011418503795058037,0.006871926856238167,0.006606979603830482,0.04389917304117287,0.008215137346306195,0.3125889335073976,0.9859202669398556,0.6562328231238084,0.9794601095754754,0.9934878132123998,0.9889305268643354,0.922031242901281,0.9965372236773277
0.8429994929410909,-0.01419317577850476,0.4847957663095213,-0.015576286152355812,-0.018420311285708986,-0.013401833669885847,0.02506031330422379,-0.01572116441373437,0.599528789460687,1.0211397639012252,0.8621775757907165,1.0034186320008394,1.0139422059237249,1.0129712517219336,0.9680884715334148,1.0146168803024809
0.3853115716720306,-0.013676189671827467,0.23760170898723088,-0.0067720872906818766,-0.004522070927872838,-0.011601125177314386,0.041804997329563415,-0.0057130306597176165,0.16498494532386299,1.0110795407881144,0.6496649684245934,0.9893035951618719,1.0122871106352505,1.0095674999738273,0.9819258994210873,1.0104027009922862
0.6971839856207362,0.018095658718455046,0.3030172239020145,0.013914646731414553,0.017762259615155748,0.015721415464934673,0.07595021015830235,0.0176474216544202,0.4784380410400566,0.9846446606009923,0.7077030724930689,0.9591885599726462,0.9805772211477631,0.9812582828299719,0.9608145148316446,0.9796733568945658
0.6396794196195876,-0.014606783684505988,0.33592006061380325,-0.015377984866866775,-0.010029602982985232,-0.004624000279578871,0.04185959614929883,-0.005917645170538524,0.4326437426704943,1.0006124916104788,0.7692635019837022,0.9773571865873625,1.0041120138946422,1.0051241815337768,0.9843337746624725,1.0098196493830287
0.6424527313826224,-0.011762066302817686,0.39437167033161236,0.010197270103187892,0.0023495934481124903,0.0004388026583481894,0.04761144756256239,0.0037799301089464503,0.43431681366248864,0.9926348276178105,0.7982139705539781,0.9907043724399411,0.9964219520540052,0.9968428432130952,0.9684048418679121,0.9967153685321556
0.6609913923766185,-0.008679204631635207,0.19039204584899405,0.031149109001538357,-0.008516090227808618,-0.003269756825524373,0.03809977309301481,-0.007114309826229725,0.4471419269596978,1.0006690447366433,0.5912632548177438,1.0258238439044687,1.0043051831619005,1.0069998392954669,0.9722496592340769,1.0097091072339188
0.6230046980399574,0.04078718272093898,0.27127138629148106,0.04901804722746035,0.04198981049491558,0.042994922131080596,0.0639232852959512,0.040525890544901085,0.40716116960582605,0.9640559804537565,0.6612301549328609,0.9519112386799595,0.959745279795836,0.9586158412585111,0.9042636717759985,0.9639294185604885
0.5283337372251619,0.004793298377257368,0.21027362959089238,0.0069550885564897994,-0.007980611855800299,-0.006619066112638497,0.018948790423801525,-0.008003384560077775,0.2958395199861994,1.0271981410267277,0.5844449423349354,1.0052223575518744,1.0062473332229818,1.0062236059522172,0.9421484036395434,1.009629833303491
0.7335568834273464,8.779380235511939e-05,0.3407403075859599,-0.0011930945261100765,0.007103475309806949,0.007736576580414668,0.06015647598271528,0.005821158370580849,0.5109679066340256,0.9797996667606977,0.7237261015712284,0.9680324737425661,0.9941421863712951,0.9996492111100536,0.9545614157076424,0.9931897163505493
0.5334779349437606,0.0268005872054651,0.27486800075008927,0.039833446588760466,0.023711200098504175,0.028124861064958755,0.0219863581023752,0.024180787832478845,0.3067594605936944,0.9725645609995127,0.6651118004330803,0.9694671246991836,0.9758003166955685,0.9740317978315414,0.8937911712193825,0.9722274662464776
0.5374934045764918,0.0050070869943078695,0.3151896118058548,0.0212832573251231,0.004704032588252023,0.007029291542592032,0.06865920246630697,0.006528212288114253,0.25170493082835244,0.997069303981567,0.6847847114361887,0.9960927954132972,0.9901265878788967,0.9889981545113163,0.9708374772097561,0.992587697973595
0.752122091634335,0.00222005315239782,0.23935600211809102,-0.002019690042189725,-0.012712810056853492,-0.011568207656436468,0.044191275881786625,-0.015293804447188688,0.5649975967254448,1.016530491050809,0.6695988804514438,1.0089677652524933,1.0117118795111406,1.0101108278414024,0.984112230857129,1.0097110937417269
0.5586593789525652,0.013760095914075829,0.2756950544910304,0.013005236930243523,0.012847645874542889,0.010445865383796054,0.03288135595505228,0.011414430007243705,0.35821395100374176,0.9901131074431521,0.6343524410279617,0.9795776361258784,0.9914897689157093,0.9914430177614995,0.9595819590416348,0.9929755399700562
0.69247365371515,0.025082060872964836,0.3819146178164516,0.03163111596142805,0.015063971724064375,0.013182078857375478,0.10681553726099434,0.015511893627828195,0.4998854564589523,1.0003531894299489,0.7411214305930438,0.9812176944645356,0.9860890487465519,0.9865264197812051,1.000258429287243,0.9834705880995943
0.7362372244340081,0.0023871482062605707,0.34445274176860335,0.0018281770561013114,-0.00362366839843572,0.0025087155045173727,0.06350817811454891,-0.0013276315569040052,0.5503692517614744,0.9962852917717393,0.708298911384069,0.9833444227685608,1.0031087478117835,0.9984342079520978,0.9736900486455531,1.003897955384982
0.8114165181046018,0.00018617806679372548,0.28393614655938987,0.017256530311010897,0.0010629763486247332,0.007316517617477411,0.03672398253830082,-0.00055690247317475,0.5973564948013547,0.9935333176020243,0.7499653666621209,1.0007922737607622,0.9981987943398223,1.000107088672968,0.971133585293138,0.9950643853141838
0.7035841806340212,0.03136217781095411,0.3232329834104975,0.06476509798130184,0.044575698764045685,0.046295332949363305,0.09065235901726346,0.044938735235394184,0.483337350347779,0.9467441756051729,0.710262935033502,0.9521850565289353,0.9559651470016333,0.952814484642248,0.9266884091036984,0.9518134716427719
0.7354263824138132,-0.014845650884413404,0.3940336002711715,0.010734248549992272,-0.007829685557575723,-0.008815209661559631,0.015042206791371466,-0.010345049562734427,0.5285095580168431,0.9972469299811914,0.7786255227849592,1.004725337500026,1.005462290539777,1.0056257194392806,0.9438755880087486,1.0071144408774084
0.6538222878245596,-0.006244553697555244,0.27873976496817,-0.01889920093701666,-0.014144795861257102,-0.006134677980374881,0.044643970190735,-0.01219315349560719,0.4387997656656478,1.018819282440405,0.6240685123129084,0.9900983273190572,1.0126181229925382,1.013053781401762,0.9578011728438066,1.0121602146857254
0.6915433113959215,-0.016969139871737166,0.39620201113226283,-0.017927348203337173,-0.021561491111281608,-0.018527157973765824,0.0183713919940096,-0.019555586881917702,0.45602250517349374,1.0245519505309073,0.8232099225877706,1.006920744330428,1.0221059171211968,1.0229921297589606,0.9633688227323005,1.020286020650581
0.3312679345072548,0.017155877526946726,0.31287733889657193,0.018287538583094967,0.01962982208766478,0.01758139033554433,0.049019015643705845,0.01414125723558559,0.12217807664112434,0.9651516656753535,0.7297615041153199,0.9679909216846935,0.9816946187580531,0.9782762675364545,0.9238635824624178,0.9801694561990646
0.6914112097850923,0.007543854405471661,0.22133041523952338,0.042287149884548375,0.02361422718663888,0.020636242737162906,0.012425005449639127,0.019108522844226927,0.454898503317934,0.9770801484178682,0.5721339666154173,0.9838489656352284,0.9822784237523735,0.9798459940877661,0.8958336770222525,0.9798892503548094
0.6416952709991286,-0.0013021212345884498,0.21011951350939376,-0.009927183684809524,-0.0021516571596492283,0.002446053049418886,0.08616466073134649,-0.004366951475535493,0.39852207647862536,0.9951378484494887,0.595662332684169,0.9764883072211819,1.003681834343684,0.9980192099551618,1.0103699943941604,1.0011148809334711
0.5627225936091594,-0.0034756367034977265,0.26522186661602937,-0.009548663303617326,-0.010454624696042948,-0.006343931068133952,0.04500680735797845,-0.013169470605012263,0.3459495312619294,1.0162033970291902,0.6782842665388205,0.998453211935231,1.008787224919336,1.0134808568534595,0.9877067409224581,1.0118349160849185
0.7535240031913291,0.04484607593795732,0.20200263686897368,0.021908635580598988,0.015368066421685039,0.015189424560745363,0.11015209175899657,0.016294932452917958,0.552871722016373,1.0068448101101082,0.5643734096504056,0.9780565513526064,0.9842168971399563,0.9795202767389286,0.9810340606626073,0.9864168461328052
0.5514524438913068,-0.00944455738175498,0.3681039131030701,-0.007518233930763011,-0.011700253076870564,-0.006543721481939953,0.02021813360618281,-0.009669671726403775,0.3002732905354225,1.0176418893080221,0.7044993955527865,0.9989016755544841,1.009923387177959,1.0149903070356923,0.9629670912519372,1.012168286376342
0.4748501854688578,-0.00026482587310059746,0.45050019234335953,0.029827899507151114,0.01205173244544705,0.01182307970443858,0.061352062790215975,0.009601923198355511,0.25585407782071223,0.987425566806017,0.8407478800411039,0.9884660858360945,0.9908993342359182,0.9915171755143319,0.9483302661953006,0.9894150953033648
0.7535503232907758,-0.01104967982109816,0.33081879690148974,-0.002167727239754336,0.002860675446699285,-0.005117823449663581,0.023580642986925433,0.0005613517253885146,0.5832135302573298,0.9882950327356836,0.7481082048896335,0.9800488821756053,1.0007899921713743,0.9985354020689093,0.9443098465205543,1.0014397382804803
0.6521290196498639,0.0069838638540991845,0.273432337718262,-0.005384281179730712,0.005852368638548628,0.005537941284154392,-0.012898734464678702,0.003068873141689842,0.46354591912888077,1.0012268208087955,0.6561366988347607,0.9736734308473202,0.9953364315264748,0.9929372570833732,0.9093882010443038,0.9987690256612252
0.5757435799624628,0.013037602568264327,0.26924607297108355,0.029340081459702145,0.00800692958193767,0.00454067628458398,0.085015295288976,0.0070770831950578835,0.379374898563829,0.9908911865625797,0.7139819297183612,0.9972873605649606,0.9915986025093706,0.996331154450885,0.9777189950004472,0.9913913883316033
0.6491206407921515,0.00011135870093616917,0.18603679884838772,0.026062273737369204,0.005015926357643354,-5.0018597439734764e-05,0.039613653240045496,0.0013708832122636947,0.4676408713883018,0.9964404208965637,0.5983153886453147,1.0035900588551518,1.0022550331967728,0.9997249462088795,0.9622984174300826,0.9983899865815767
0.7029879611751665,0.027237568872462963,0.2910102800287101,0.0302524604748466,0.02180111106737605,0.02390794062209713,0.0499615842883591,0.02090853729199225,0.4573433259021309,0.9922784930448104,0.6553416172738469,0.9687349396865115,0.980752003071463,0.9797653831886147,0.9399668845017501,0.9807217708013288
0.5686140047699461,0.0035562766815249217,0.3845751315967762,0.009071783110937192,0.007715974958899058,0.006710173294145876,0.03501164081758851,0.008401711844474757,0.37107137437102555,0.9782871168357438,0.7755283503007738,0.9779481645050506,0.9922720193774787,0.9874607554898622,0.9303289159349758,0.99208883657408
0.5034903717152149,0.0127511031930878,0.4816580008460844,0.026003881504965846,0.005811378107967172,0.007225929214886137,0.013612158677159668,0.002950549540002862,0.2579450877501902,0.9930044384325696,0.7979257956698602,1.0007368431133097,0.9935649187885011,0.9991827187053174,0.9138364726960602,0.9959446806570531
0.7504031988183542,0.0024372575875440546,0.3131691328267442,0.006507491556899125,-0.0003748037131108062,0.0011292503717886928,0.05328396256863413,-0.005830220032156864,0.5628636827023743,0.9975822621061975,0.7129999611052045,0.9887576190070233,1.001510369610207,1.0025439801114264,0.9544401690257963,0.9980560190271348
0.581178145372063,0.027373606280657648,0.20565944726495913,0.03359611093185384,0.020734096668388522,0.01864341844124332,0.07561200463637582,0.02545389552363431,0.4178174431746978,0.9695905003616259,0.6128395938781135,0.9750713627470997,0.9789998285265308,0.976581752858295,0.9380931629331382,0.9796247094885248
0.5390108701136879,-0.009083439500474867,0.33594765292028383,0.01530686458081944,-0.0026549403586293607,-0.00468123188570014,0.04173461673373856,-0.009083775678610786,0.36268892898188754,0.9912965440349992,0.7509067684111101,1.0073574803067495,1.0062667017768359,1.0062343484360012,0.9507567840701454,1.0044882049800976
0.6514786505262569,0.02005164376425005,0.32023502667463866,0.02042731272164417,0.010601709882229705,0.014379395036489585,0.10892867003526346,0.015966826049358982,0.43135390764481774,0.9904555139016311,0.659193384729142,0.974528700282741,0.988697905709775,0.9885458269768715,0.9946798821673178,0.9870902988651349
0.7303919920229729,-0.007244108040955866,0.26583566880888226,-0.008840715557893945,-0.010875150963619155,-0.014401580961305019,0.04612660553359558,-0.01355858976762561,0.5101947974625398,1.0238648258010719,0.5918186267348633,1.0001851202616319,1.0093342526284053,1.0113290885133976,0.9708785655415266,1.0108807118720313
0.5944228595487561,-0.011741900494146402,0.31884640221148947,-0.03386210640917013,-0.030396246526024257,-0.029388353139368134,0.03250332701675842,-0.029293479282537976,0.39306420292116095,1.0427920398885087,0.7627417434925673,1.0047999665722251,1.0320497758154086,1.0317781662125507,1.0067720810433716,1.0302501476811348
0.5188339832015467,0.0008309512491803655,0.3163706354700623,0.0014566691801991582,-0.009471292511371803,-0.010473029998432441,0.025060209518016657,-0.012050361500364938,0.322112123609011,1.0087312102981991,0.6870294659863585,0.996329669827817,1.010690076665121,1.0130466094454385,0.934982134497659,1.0080352986413548
0.7364670486702566,-0.00542437733800007,0.3488381211851342,-0.008883198894404632,-0.003467902120169676,-0.004781398904197985,0.04454515832539211,-0.0026692380904882454,0.525646842291656,0.9934466199932612,0.7711177005709464,0.9834995871230173,1.0031452604118642,1.0007512578716569,0.9725821771978341,1.00259053797604
0.697249411817003,-0.025085336751035525,0.3064985056139101,0.0024369449953209094,-0.017225843895738977,-0.015312604761158104,0.006090753691990294,-0.014559206170794639,0.497022177329579,1.0117242548400884,0.6582429650356239,1.0185550315558487,1.013550680470341,1.0171574199918936,0.9618395452300603,1.0137175304101904
0.3709633492455755,0.01769857029480258,0.39371837538113347,0.029546237065262257,0.015937669800796996,0.02364790990764355,0.009695018458027,0.01602873316560005,0.1578124625600843,0.9818488327530508,0.7542938661153236,0.969137470913474,0.9848492167363827,0.9845364352628412,0.8767167435094234,0.9828032067163163
0.6535072271033624,0.017512377916807327,0.4783526170721811,0.010368251746702502,0.01840073846064506,0.018457219250328186,0.035949558774675705,0.0204162103988307,0.5039741523222421,0.96897464977859,0.8482593379242291,0.9523115184434506,0.9829341431624536,0.9812366909909727,0.9233185155624183,0.9814239246684844
0.4371583303973015,-0.0025770418303330896,0.30202275395868516,0.008624988618449028,-0.0026978958418748754,-0.004784452445823408,0.02087676154896913,-0.0044085681075502715,0.20921678174125657,1.0039599013534273,0.6514516003531868,1.0022232171531666,1.0030318934743154,1.0038821281790287,0.9180918587609351,0.9996499546891221
0.7028332677385972,0.0364317719514508,0.3987623483610694,0.05590963035445673,0.03281176846112079,0.03320058564063414,0.094590580900873,0.0367159788571634,0.5211310882285596,0.9717608301470788,0.8081347822511586,0.9684646225855047,0.9668399000018111,0.9622277518025344,0.9336822012661119,0.9688413628202037
0.5646112432144351,0.020567590862189067,0.19868633096338303,0.03540733294027359,0.015006974716776837,0.011082291036083818,0.06682335182934913,0.01620896638178836,0.34295538127753034,0.9773453042782281,0.5386289428129104,0.9853886017534835,0.9835425815097525,0.9801965659201695,0.9623218159687829,0.9815641325971607
0.6332723714263014,0.02109873667631952,0.31963097513779226,0.011202860575889689,0.007602727422592786,0.011415410499707849,0.06354935756716414,0.009688050344653983,0.4182369412410514,1.0015886158254357,0.7116400693053735,0.9845473712792593,0.9960207619392558,0.996204093514037,0.9537124178783274,0.9939773414711631
0.7215366227359933,0.013266602258585634,0.49485356146356185,-0.01462374101791315,-0.00034043085008056146,-0.0016034655265228029,0.04906438637818823,-0.00665496365988352,0.494744187146832,1.0112905802319774,0.8405721700813762,0.9774040741659364,1.0015842237486794,1.0024052297977264,0.9729702221033616,0.999045057449102
0.6210757063626533,-0.014694311866666539,0.2529958773193213,-0.0020684601775459934,-0.02238206074345006,-0.01789254963342907,0.09626589102193378,-0.023132286243748697,0.4452738664949064,1.0167312675825428,0.6969310079094247,1.0230577910803422,1.0197333515848437,1.0173709884932096,1.0281305846132067,1.020221706365943
0.595092273000329,-0.009554123242111369,0.28903688870847016,0.020842005131481652,0.0020981866802810196,0.005834739634357476,0.05261712959767543,0.0010553095596710677,0.4043863455674451,0.9775254789122962,0.7112309544511761,0.9959876918433558,0.9951866004994719,0.9951604884617317,0.957480412182839,0.9981444464695177
0.653344719532064,0.024318177872861797,0.33218291692475455,0.030012285417092416,0.018410488593849993,0.020455338020077336,0.078015168301904,0.017809908987042537,0.44470023196390207,0.9893588794549207,0.6536023748659299,0.9785885291912183,0.9808924044438865,0.9827373907842083,0.9678399963632258,0.9826933698107582
0.4804937375519125,0.009468774899694795,0.2655633080475043,0.0005296886771863536,0.0033065666101083813,0.0011288280185281687,0.08206850814934648,0.006112965318613371,0.28265649971029494,1.0105497598417632,0.6491726460548306,0.9795141689434496,0.9987816522415753,0.9969514149329229,1.0047240111061757,0.999984797458268
0.5440122129117883,0.006456094366242148,0.3814812671953372,0.022593517397825513,0.00806822279080215,0.00913725762878248,0.040399528060758305,0.006579384543510676,0.2813725422181097,0.9802666678835714,0.748242627592729,0.9920465566186905,0.9919180586427402,0.989139688938347,0.9642142409257425,0.9909255240565062
0.4769022651687096,0.0025766865544969986,0.3603993157223391,0.04298319116851509,0.01012387291937207,0.009452066625662309,0.04104942731661249,0.005391574320473664,0.3067204062236457,0.9803545536583195,0.7344976614611509,1.0042384263642312,0.9896153441845655,0.9905954585305499,0.944617665679044,0.9898640466683462
0.4902272714680204,0.00424727079229199,0.13908635186213522,0.007517873586670532,-0.0001648899518154828,-0.007526146818412819,0.049614648003236644,-0.004393343982908175,0.2850382763389595,1.01099920745597,0.5636830101600596,0.9978396919591863,1.0054997422243117,1.002745982403842,0.9564831205613177,1.003193905641624
0.5002689951307441,-0.004370493262297989,0.33126956257597,0.0006896901863823913,-0.00039734574099636974,-0.0017184810725608998,0.07685684277193493,0.0018766076456119402,0.28109212377772597,0.9964223678710822,0.7339704749256403,0.9848489746845165,0.9998524729015253,0.9980014131692582,0.9864401756366652,1.0004991026704795
0.5467426282470862,0.03372303209705375,0.345502034759842,0.025303253761939013,0.03157644693824996,0.027827532511051224,0.06032754634579082,0.02807124046569834,0.33739431897674743,0.9630527265272593,0.7233269008853062,0.9477421379835128,0.971877083633137,0.9665372301727858,0.9285832776741566,0.9693399491522643
0.6767917408751654,-0.01201115730587866,0.28393622178602745,0.009497549650089799,-0.0013721197172782828,-0.0007063351907125946,0.03703490983421808,-0.0006795037176161718,0.4424616630988111,0.9861889545875752,0.7094565968262039,0.9873099721412409,1.000684326322469,0.9977251124513533,0.9515552225959156,1.0010996912941255
0.7729302152087952,0.041083151295429984,0.37207423227318853,0.04455058379971091,0.030417841613159347,0.028596135222916222,0.05682384925422632,0.030616189227992228,0.5221423495221837,0.9769253343766234,0.6993527265039619,0.9668217331153527,0.9672391628684089,0.9662748913979743,0.9308290415912481,0.9691834498870001
0.527636731018173,0.00951415191501429,0.31850347708062127,0.015299275703029273,0.0017207960238250289,0.005941843203327335,0.04928576529057122,0.0004334566598484092,0.3252742738060713,0.9927875055518893,0.6912588519029293,0.9963808797923028,0.9965190541119487,0.9965958200555164,0.9554402515723659,0.995577441924767
0.5904234504837526,0.010556984636605031,0.2827667682967069,-0.005488591015125476,-0.011931339317301053,-0.00975189822195602,0.027198645271618825,-0.013457064073412957,0.36222252053460535,1.024269088648386,0.6369468305426285,0.9995292491856683,1.012282068213635,1.0113225149615577,0.9526076553905376,1.0142272627885938
0.5943270472734415,0.013997146786380404,0.28047703923825934,0.03242838067703511,0.0170441392551942,0.01548113088301324,0.06816360108288042,0.016574877140963746,0.37986460370033226,0.9759216009059644,0.5773063770174314,0.979490092285216,0.9878221929324734,0.9864250922241873,0.9807251805050035,0.9828734286904276
0.5789214867317828,-0.0216481145514105,0.27998290352308214,-0.011336076682745574,-0.02613770788225529,-0.026676632669633042,0.04865592832423079,-0.025819130846533152,0.3340262712812092,1.0348127375727045,0.6938274526519563,1.021667112922698,1.0268840466793967,1.024158542119108,1.0120492698617116,1.0304293860663611
0.7759878983028967,-0.00676938357085941,0.2892987735089568,-0.007859697386281667,-0.012340768327233485,-0.008734465972550856,-0.033137949551189885,-0.01443362418161032,0.5578302420951882,1.012634045837598,0.7011434120401429,0.9968824471411996,1.0143733747473456,1.013806381273597,0.9276816593565025,1.0126081926145991
0.4521555685292814,-0.005919603725156039,0.2776290105264818,-0.008988688063647379,-0.013963095199691274,-0.010998540163581915,0.04600641707352198,-0.013833393059608134,0.20901637641255877,1.0191221926631078,0.6621462317683718,0.997725812302952,1.013568485630938,1.0143034766331587,0.9666964433340334,1.0130627950443176
0.5433093065094957,-0.03435156015308366,0.31903851200248584,-0.028001708468684335,-0.029106870175592867,-0.026175834360257735,0.03698125316441014,-0.02516130695110194,0.30993529617554516,1.0217104614217254,0.7551997864392094,1.0139477734767188,1.0275646300458474,1.0224373455989524,0.9875992154430818,1.0272502240151211
0.6098021001425618,0.008535845110587312,0.3291312812458295,0.01076416308366887,-0.008828711951638193,-0.002219415555738469,0.011710377728526795,-0.008722340315544816,0.37587088818366554,1.0290777228993215,0.7173184934889667,1.0072451254368004,1.0102199879481482,1.00638703040592,0.9636982653027061,1.0050839663938511
0.5717231813794234,-0.009930472254103725,0.25475915419379747,0.014663232699749456,0.006760466453993017,0.0013065255661340396,0.05524617716107894,0.002110414318631035,0.341504325440948,0.9872696282465556,0.6293953678132074,0.9926209088650049,0.9987253921511856,0.9978167015745205,0.9764146000970444,0.9996360024302043
0.7196408810652849,0.0023041169120457243,0.2901293620002683,0.02657344193371015,0.008242826681229706,0.006588585387446981,0.09083056803003547,0.006613141385328698,0.5130622265008816,0.9823239368472656,0.6709506789178399,0.9973943813519711,0.990986671512299,0.9936460369913644,0.9749731959680942,0.9891773561482746
0.8319632090276288,0.012320889142215232,0.362188517582693,0.024302494510636832,0.006420150168121705,0.006001297700382948,0.014731365416060268,0.008960820436044542,0.5958511758643948,0.9921795999630183,0.7740383243173148,0.9877114495051463,0.9865682753040933,0.986968683131566,0.9505961862830352,0.9959773867165009
0.7689626140698134,0.003659812707678792,0.17743298384448947,0.02829421497678659,0.017948647382433385,0.015388704359829475,0.0653022543554336,0.011413478676132278,0.5571203811594208,0.9742551535906468,0.5156591583632958,0.9830050608742521,0.9847925051558869,0.9873270816190686,0.9376705166612603,0.9862635580798058
0.4910513518706449,-0.029692063568869095,0.2591896717088232,-0.0006420865374004624,-0.013656025577788963,-0.019739301875754393,0.02728533566384452,-0.016243428793991047,0.3128058993031121,1.0052688621912442,0.7515291973611181,1.0099162732408435,1.0133201114452914,1.0093405942259546,0.9898604840082708,1.018277006325874
0.5939121483564758,0.013893919385342398,0.4045253167889483,0.01749113457805348,-0.005524889051365836,-0.004149352145928742,0.02628088198612336,-0.005363404840184549,0.3690495249940663,1.0140088916322756,0.8173552928136087,1.010450956551368,0.999101060026411,0.9992768912814114,0.9623901563083693,1.0067107776515634
0.6945177692375278,0.0390241222328084,0.3888125395299664,0.04647086204811699,0.035666520857119945,0.03424703896862784,0.06375774168981153,0.037269511045581204,0.47384630049458687,0.9614025057915179,0.7009065936144578,0.9583008992398269,0.9614456350644031,0.9568472532853026,0.8989502517485441,0.9620293588669769
0.6623486708563143,0.0029316827062798464,0.2971628777413209,-0.0030612520289747974,-0.002464316914375458,0.0014976167417634786,0.04314431409644336,-0.0037032246636817504,0.43477549706186325,0.9992734309910225,0.7590103043957324,0.9854511816395645,1.0040438863983836,1.00642325430976,0.9757652576087268,1.0022489884504064
0.6546256676000448,-0.006373423455134931,0.33354900057529696,0.013955437156262733,0.0013839968267775771,-0.0009514250199222775,0.059301223312578706,0.001865123182571074,0.42514212933521467,0.9816935611459012,0.6937560447394773,0.9894194331485564,0.9988712618396471,0.9942242634774557,0.9785541696901646,0.9943009296703996
0.3485111641698557,-0.016481439660171106,0.39164424948356863,0.004939558235604149,-0.013409255369955886,-0.015707856775021532,-0.03268643697553505,-0.01395324061808456,0.15442906389074418,1.0071242007950132,0.8142437510699154,1.0125238419496272,1.011135541679853,1.0145103817719048,0.907486045011966,1.0102293672641451
0.7480810918564734,-0.00096150291543332,0.2821360362816191,0.03388784131327961,0.008716029601001618,0.01137686841836457,0.09424397242382372,0.007364121149749276,0.5718541590294732,0.9821767466002683,0.6877142681565435,1.0027919460462138,0.991105668641761,0.9942998158781123,0.969396489511005,0.9915034562941292
0.7581938987071731,0.00846937709885199,0.2535305728673112,0.01476245232632203,0.01443568413911098,0.017468523239016837,0.002639798193758557,0.019943334389922098,0.5877832268788783,0.9713246945255775,0.6427675766111574,0.9678108756871361,0.9822646093044056,0.9828864191527392,0.8754337655410255,0.987244522687094
0.6513674252748268,0.03393797621036539,0.35450984765040866,0.043693094676464296,0.03228331819389058,0.03594315183188477,0.09011840887109533,0.033293227767193206,0.4219252540106553,0.9619531573185627,0.7373783664602709,0.9606692268953786,0.9654229355712473,0.9659939613994112,0.9355438016540295,0.9662021117202998
0.8986329602040336,0.020715696595005984,0.28833736521447606,0.04300484269303649,0.024713676125183822,0.02749429628562329,0.06390528159874566,0.0276709198130076,0.6731361163931235,0.9642718661414681,0.6633255068459496,0.9689593546921168,0.9716833585292742,0.974683657582781,0.9279086758331436,0.9745647720877545
0.5931918603738764,-0.01726361119907081,0.3449070464412314,-0.005077460976423041,-0.004104437166933085,-0.0048759124142852845,0.028457545306738975,-0.004832383521286301,0.4082328766826637,1.011749940489622,0.7680878786278427,0.9930268745769018,1.0051898375272745,1.007751193295976,0.9439234232029006,1.0089937469064458
0.5801570720074862,-0.0017964611686436369,0.4488858117428057,-0.0029272161234550884,-0.010060600068091407,-0.005036727136187684,0.020520689879076102,-0.0026947750760118547,0.3384473511343937,1.0031128871457657,0.8178741108391461,0.9897734949802586,1.0059209008151035,1.0056745934603828,0.9567415104597127,1.0060386137218331
0.6239204377107422,0.0024824602230013016,0.25831928753505773,0.015919101575063127,0.004812911341626571,0.0014440267824389168,-0.026007005488127954,-0.0005925783683813094,0.4161643094105575,1.0023100788850603,0.6711809154543122,0.9958186584380482,0.9974311853006511,1.0018818982078153,0.8890482323333783,0.9991929116090462
0.5340984180544944,0.03578990451597156,0.2038296818052854,0.050762251187842354,0.03077552248743521,0.033365758719288735,0.08321074680637161,0.02767523144366254,0.3205111026941707,0.9660960098414301,0.5990007283918626,0.9721616832542974,0.9682622564349503,0.9685300345802434,0.965714193946398,0.9690541434163878
0.5126123908011558,0.00027940127231907,0.3655869885288411,-0.005495193335313081,-0.0019291362656610413,0.0004895383722939884,0.06101762880478969,-0.002369043322991798,0.29349724787445985,1.0024338423838035,0.7172495156259611,0.9896378188161667,1.0025769262413593,1.0075826296098311,0.9954950342988227,1.004652819839582
0.638333349299788,-0.014319763338036083,0.2761222452835434,-0.0034152989173797605,-0.01450898054768026,-0.013487884751886942,-0.02828286850679099,-0.011754749438978028,0.40775196497918353,1.0086133946586304,0.6119413812144054,1.007045649628329,1.0157544486023067,1.0177855911587594,0.9286195365322034,1.0164015256560421
0.6098380669720851,-0.016460770579920042,0.33311354998400905,-0.0008546534900530123,-0.0070196249588717315,-0.010044914703034147,0.07005170223678799,-0.011280010642688602,0.39879532159409625,0.991294686713086,0.6986301905744653,1.002683420402024,1.0132317267072701,1.009913175412289,1.00903964006832,1.0078857462011024
0.5916542125236122,-0.0053315944081143585,0.29062091851272487,0.0007440226851449223,-0.0018110988119015893,0.0005348575593139114,-0.012285977683838767,-0.0034920921940131485,0.3284622616747713,0.9999651906941439,0.6582605138383859,0.9864290742956482,1.000158289499956,1.007299793057669,0.9175034709034932,1.0014064910067526
0.5877798457880105,0.00868147604836726,0.2707764488447093,0.002228430225313354,0.004040665864901337,0.004045724644063323,0.0499447840475254,-0.0006433096502417737,0.36979387782121853,0.9964516564207578,0.589263093056424,0.9823161624137587,0.9972462337057691,0.9964802657978769,0.9588447363163063,0.9946331527568099
0.7214965536479109,-0.012565306427756516,0.2989010699645778,-0.010710776395122724,-0.011532779324345594,-0.009277068332222546,0.0428005782523495,-0.010905599350728531,0.5397818725418321,0.9960571991840766,0.7790334471813503,0.9935237422047508,1.012083963081161,1.0144642259768557,0.9723745601163637,1.0114526207331982
0.6777786720037309,0.008939041264224202,0.3386293693708348,-0.0075914476095626715,0.0036932333518982043,0.003578604267156316,0.03561388675806416,0.0030427813409010973,0.4276028481859607,0.9838695774469742,0.7013797146946383,0.9709390755973378,0.9950493999069885,0.9914595710058103,0.9506114396187638,0.9941038109843682
0.55739779722166,0.01601177220085879,0.38558335272435856,0.0380339209400335,0.011717762166450716,0.010805878690057929,0.010850860645540694,0.010464210435150507,0.31884984616608913,0.9971541954644847,0.7296106433553851,1.0002098842005287,0.9904095004795179,0.9907120967636993,0.9176747060528506,0.9946024272407459
0.6015168017170589,-0.013375253251141493,0.36893408480825973,0.013709891817322052,0.005663394651099306,0.0007600156433907925,0.007342939079454679,-0.0027041969133626996,0.3976908487079267,0.9830840299704527,0.7781104795109725,0.9984224933554141,0.9963934241981142,1.0007283845949861,0.9118142353600599,0.9960010438711798
0.6078351171132581,-0.006068510205667974,0.24642734774243386,-0.001968518230096459,0.0017163027474859387,0.0005748625346487984,-0.026812085805335097,0.0003589880127550405,0.41178611691928035,0.9823717230032438,0.6855085662120775,0.9782505931549993,1.0018515027077366,0.9958571332293732,0.8964569509662046,0.9973232803222025
0.6347170248774716,-0.01246294774572798,0.18328376591838666,-0.008423577860643466,0.0003070196281369074,0.003987717304836352,0.061758017574725474,0.004433916592355682,0.4466830868341465,0.9872260190469541,0.6267886950528956,0.9622569460749715,0.9969821762381318,0.9937618029571632,0.9789504857535294,1.0005487751471076
0.6911457762904026,0.007221238144442379,0.30922714265877244,0.02600876024640658,0.01678736868492401,0.016779680149529196,0.029491622276053096,0.015279020023306587,0.45062140427638364,0.9675020431105337,0.6081484939347795,0.9742241966773934,0.9805154869381164,0.9819926048690072,0.9148767937314635,0.9813067799683962
0.5886903921511821,-0.02416403773003379,0.307563292363048,0.0005629981727776126,-0.013891559568167938,-0.012579444693504485,-0.0061257823093818185,-0.015329000484432238,0.4028922289107546,1.0105251110752735,0.7548709096955575,1.0140573528596524,1.019148283437443,1.0205730492643974,0.9409891291487706,1.0190072069526033
0.6204799450061799,0.030158851431245987,0.3952881480576345,0.045554788662281534,0.033079429957815876,0.03679822756987439,0.09524446556674775,0.02878526378369956,0.42081031825816684,0.972279310286915,0.7634500123156083,0.9613501121829475,0.9657988659639062,0.9691005843692321,0.9470386000498598,0.9671959130579069
0.632875856703054,-0.004502253725562913,0.3456257498459204,0.003313243369086651,-0.010904047460788933,-0.013044690027555667,-0.017218073156689384,-0.011352933603443902,0.3777431968075089,1.0215652751257156,0.7127935358621001,1.0043759027789196,1.0138435951194464,1.0133172569158035,0.9351067790839112,1.0153639636236589
0.6171331051501785,0.00883665626389904,0.394858746250029,0.018655167829939485,0.008001176913445611,0.009439123908350501,0.05434033955784061,0.008019608189202814,0.4224097793636661,0.9871396057676964,0.7823601917124468,0.9818868252556874,0.9909956589605665,0.9970030029636351,0.9250305386814871,0.9888041385426369
0.5616954939433908,0.007507029845337856,0.39517141667229777,0.027243992029375257,0.019350628101331594,0.02529927311318817,0.08998545722071123,0.02084977376895981,0.31174707298937676,0.9710827448230583,0.7887738869136468,0.9617777305844474,0.9784005012840846,0.9787630456816601,0.9534294360449366,0.9751737697368066
0.5058786009802513,0.019727468983457248,0.29344306664645914,0.0164167431382571,0.008167846752357804,0.007075457339348372,0.031032674684088678,0.0036927136512683004,0.2938336171157292,1.0006973898934142,0.6775307928597398,0.983159544703004,0.9963539868511039,0.9920851588262966,0.9454738686278957,0.9936858463388806
0.6003864201669027,0.00885514815351844,0.33024043378519147,0.026735286097829537,0.001866255982875168,0.002731166956909978,0.02063764942032667,0.0008669220147664054,0.33913901343143915,1.0049218581784713,0.6533451422853759,1.005352307257014,0.9977425540352104,0.9975252462571894,0.951980822708384,0.999586869985802
0.5006373360102205,0.015561987559752305,0.33205636829339813,0.016569342846725517,0.012557191117837515,0.007820545309233394,0.04515531875480257,0.013619120848946025,0.2606652554718214,0.9975074642127554,0.6470668976861702,0.9755309675409457,0.9893089848701285,0.9924185451131085,0.92432932882156,0.9917668430523596
0.550943884688266,0.0034060555570467692,0.3050884202727573,0.020964271808414304,-0.006457479532723362,-0.006982719113164408,0.054169648277041724,-0.006991320503504253,0.3467418161264063,1.0112937930228696,0.7353675470637664,1.013064060786973,1.0074675565326845,1.0070992363410418,0.9761406249986188,1.00392904087782
0.7906322605760652,0.015555490109463277,0.4027124924466048,0.018961317593204696,0.019059363950846675,0.012371192580621332,0.04877094374845842,0.013643958217590981,0.5728062447920749,0.9775862456223756,0.7629569910800768,0.9679095766328981,0.9801131304883128,0.9834768140417253,0.946943105832077,0.9823473361729039
0.6191137490019042,-0.024714694211471506,0.2871747837450384,-0.030162710404214404,-0.016824297477627138,-0.014478595405112158,0.01682496878083608,-0.015531949599971659,0.3804447800785188,1.0125601227035865,0.645280233792419,0.9892053494963642,1.017956698923304,1.0211538587457163,0.9565466435479969,1.0174134577631802
0.5084180342242232,-0.028008814858025203,0.2524349370677732,-0.041017510002733425,-0.04746455078365905,-0.04740968619509591,-0.00922871795261734,-0.05153264934126197,0.2868731187947696,1.0738529061477071,0.6255633759482956,1.0370290785590572,1.0520821331355943,1.0483392131552955,0.9927854605410562,1.0516035644016417
0.42372201856772207,-0.0413791321939795,0.38395335078723947,-0.028143927622849788,-0.032699278962478553,-0.03206748474547146,-0.020476800807500688,-0.03378083459864649,0.24514565778476194,1.0231584156523368,0.8235771573765718,1.0195840973380739,1.0356923891466296,1.0305983369076217,0.9359140623846701,1.032906112079547
0.44372632439126636,0.0103505270342186,0.2701005185470471,0.014479620873187942,0.014432049616705488,0.018125166641155387,0.008954878467714901,0.013996737374999067,0.20696633392281194,0.9807076379845302,0.6720441978600817,0.9664472194540817,0.9829301323930075,0.9853202227555146,0.8818170053251612,0.9844292963249835
0.6026757107387543,-0.012598240563923004,0.3633268559677307,-0.009534208887957618,-0.01313342043721079,-0.011908458587226342,0.022501391438010956,-0.015007299807655635,0.3971367472977454,1.0218735256743976,0.7992847448877125,0.9990055277685167,1.0131418175602043,1.0125468970113056,0.9829710706955309,1.0165889087451367
0.5244049701874575,0.00997539849677008,0.28404872738572107,0.01999670673260159,0.009219182298557905,0.006503030568626959,0.050764814923214475,0.012969921505556129,0.36068464909447395,0.9886715149456355,0.6587736034067442,0.9827894944994023,0.98605470506745,0.9871285640028883,0.9230183376902448,0.9907396345051508
0.532079118257582,-0.01918966255038409,0.32798950052465237,-0.020091930868351864,-0.01771027403645737,-0.02205573773299169,0.0291704064210046,-0.024101557515027832,0.34859146984947453,1.0277861219506972,0.7277061968502911,0.9987986355263049,1.0271824244991337,1.0247680956151506,0.9822887564194798,1.0238841314437102
0.6702484065834025,0.03465580857803987,0.4799750284026681,0.050951911199875195,0.03143351086093688,0.031922199315855,0.08880682120004701,0.03684785293212853,0.45251145650883906,0.9620844876244024,0.8620207829383879,0.9708622867811995,0.9690570774478114,0.9677473603955721,0.9357170932220812,0.9685850840664122
0.5776690331156569,0.005577338042059729,0.41288242803834724,-0.005701196192154772,-0.0003987403976291135,-0.00014854698097901782,0.11416152314952518,0.004445881354242044,0.41277890252517635,1.0053644971031899,0.8051667654516258,0.9683803005780866,0.9964016822381814,0.9951784264798264,0.9869312035550739,0.9982897473614287
0.8154849257606076,0.0007452054478574286,0.2751905473105727,-0.0020974350910988064,0.007929253786071804,0.007799035124863161,0.05088176407536025,0.008553149668527068,0.591326213168412,0.9837555549722616,0.6914673670495576,0.9722253471511269,0.99051473793431,0.9887056708175587,0.9501921436896057,0.993609966916199
0.7742693774566752,0.03351898218145569,0.3729830456130872,0.027124911363029556,0.027323475617348606,0.027716769193629105,0.07881936358952031,0.02733510769190934,0.5416521346005242,0.9631914001644121,0.707309400784577,0.9531936289157611,0.9656487925206213,0.9647115051857263,0.9359448130317078,0.9691638358950703
0.6706445727014253,0.013091439948309741,0.2700455128106138,0.007421419059306757,0.013112978237416697,0.015239900557567318,0.033872981301729464,0.013694868134946254,0.45842773190985675,0.9868079076607512,0.6713366275602123,0.9674512142088788,0.9885597544392497,0.9883179790060601,0.9471006430498652,0.9884977444000976
0.6371211384141215,0.014488452311197319,0.322523524339304,0.01690253137603261,0.003142325261695544,0.007503768849613209,0.044476218848071826,0.00010006409483186645,0.4078444643496485,1.0056032724655752,0.7660830964187533,0.987376267975801,0.9948990452416137,0.9944238078086551,0.9396672450134372,0.9934046895546246
0.4129758946740323,0.012672778514840758,0.37161554087265664,0.026610531963937683,0.016336131390816275,0.016483584330713345,0.04212328731884373,0.013429856628489355,0.16394105449078977,0.9842491754580653,0.7785975372942775,0.9726205069286477,0.983069060539629,0.985821636491953,0.9414391355894365,0.9821792756124003
0.50637246438439,-0.04753284611570237,0.24404800063714824,-0.030531498774086698,-0.03734307849892029,-0.0384918643237628,0.006432415802687633,-0.03805259358470686,0.2408648077544583,1.0269588413768589,0.642137517604267,1.0313772132848609,1.0409782683828326,1.039643514065443,1.0188818871673224,1.0368869590426582
0.5738474568420153,-0.014295768556350726,0.39716925320514324,-0.02791988716443532,-0.016987939463775633,-0.01932193919595082,-0.011455782717734212,-0.024382732338489584,0.3616010310451657,1.0351791331152798,0.8563560538939545,0.9950436164049897,1.0176576268501352,1.01812781748565,0.9439540456762894,1.0233791904024172
0.7427820549843961,0.0174817556497088,0.21502083440236439,0.025672794082534738,0.014220399705626226,0.01761161667066461,0.03660077692817373,0.01363918677424979,0.5022203764640893,0.9835321667440814,0.6055133274774973,0.9831378233394767,0.9829771115058178,0.9869214576276762,0.9278595651721867,0.9854937899325584
0.64636713445686,0.03560521778925889,0.3860956581952235,0.0369229557973784,0.031025979232927173,0.028939873773735796,0.06878769828580932,0.02975844861095685,0.39675112200251605,0.9641233873746071,0.7112169743919904,0.9576317127370211,0.971666283242663,0.9690453418396002,0.9213826330976437,0.9725633722070992
0.41770310872946165,-0.0117146899773364,0.36129638997366387,0.01815867821636508,-0.012393453648147099,-0.007492383766207289,0.020513503061759326,-0.008903883491332847,0.26937024367141504,1.0081862244126099,0.844725923923989,1.0186619206562821,1.0093511956181935,1.0054229509922588,0.953885069757526,1.0111614003904668
0.7792577036886098,-0.014573623352695152,0.2018734467413869,0.006336936015818525,-0.01156997657452078,-0.008099418117112005,-0.0046029534828957745,-0.006031397533781848,0.5382085521387003,1.0057421302486753,0.5926844811828531,1.0067191304566399,1.0092882112663297,1.006989376027442,0.9146469027950854,1.011148349486165
0.7029175093420655,0.03309588996758788,0.3536256756604448,0.08890513312464678,0.04990404033950096,0.05162993688684169,0.14066480509233495,0.05119800615908252,0.4806652836123291,0.9483053198176371,0.709536562531007,0.9740436293027817,0.9507108050732458,0.9518602728706334,0.9446114980535436,0.9506640440314084
0.7303984068516118,0.018189340830128752,0.35807925463140083,0.027379737559525767,0.012147663985979515,0.017924145586076277,0.02592350868305793,0.011424830956238469,0.5190593882050598,0.9899372862348804,0.6932462051121204,0.9868008758134252,0.9906215399046493,0.9927680845724639,0.9198619398875262,0.9860605511663089
0.6939583066348417,0.021306604308846067,0.17020168268707386,0.05257774906891746,0.019430507220150453,0.016253320861360634,0.04682383661912212,0.022568067267698343,0.4837568516663454,0.9749342988586551,0.5456155407809775,0.9920009488559659,0.9787403530094516,0.983050369368374,0.9464234294937921,0.9810847606450114
0.6167030828034185,0.014351329866814904,0.27736105337013656,0.005039605071030808,0.001467880198117653,0.005928472837387837,0.04935776497383359,0.001428700279583827,0.3556334491261569,1.0021332190490564,0.631924987218051,0.9847798756099679,0.99765691254681,1.0021586426217153,0.9669985046759685,0.9994166039690414
0.6610972347601114,0.0017564072975264277,0.19174816261422784,-0.0002723623175676542,-0.0030667836856593704,-0.007256072969559507,0.02134892510324566,-0.005958679010740856,0.4704928672486183,1.000539108172582,0.6042024371940975,0.9952219057665762,1.007649432999183,1.0072235706418717,0.9537222189558028,1.0059781346318253
0.4948385321295546,-0.008557290730606414,0.27012623179530654,0.02080322033296662,0.0032232800251629176,0.005268385651655527,0.05224780228132456,-0.0008304477178653829,0.26989598690173744,0.9922959495077728,0.6727692677295358,1.0029347454315038,1.0006751134999854,0.9984332334615563,0.9472448001459792,0.9975559417026805
0.5595532679712905,0.025149528178014673,0.21328458361617295,0.016793784531817867,0.02046754701054727,0.01784303498565532,0.050599892140045254,0.020673325745536618,0.33939925688503947,0.9777089707469224,0.6062371761172036,0.9603280026890044,0.9805611967933948,0.9751350000870039,0.9184490531787382,0.9778361566050013
0.5987945694214171,-0.030126424774078665,0.2200571147545259,0.001760423077679485,-0.012331268289111606,-0.014863144017312053,0.02307601826562416,-0.019164413483434704,0.392098481408944,0.9959236382369534,0.6157626183562468,1.0058741289026534,1.018314779468322,1.017645478866168,0.9627678551615308,1.0123138797765723
0.6516696641774083,0.012266874848768197,0.31232407170630133,0.034154519550348386,0.01856972560931531,0.022600115783379966,0.06950460888422494,0.015959455103585485,0.3769398713228598,0.9684536638865393,0.701052770493406,0.9731200964310629,0.9829692681415817,0.9778972110902178,0.9456236676192827,0.9774499875583489
0.7366794263102556,0.006614093278562975,0.349797934275191,0.012365033634212694,0.0048838131553549805,0.007493271121494997,0.00015794496513638718,0.005643623325769691,0.5028585346992673,0.9921727875555799,0.7756562901480063,0.9884581101668312,0.9933983149091614,0.9970638440538219,0.9145896652913158,0.9942892331020821
0.6110564934277378,-0.01901791496834935,0.300117454828035,-0.006718583742022175,-0.010576509303811009,-0.010276008847097815,0.08888252716286262,-0.0077061952617970475,0.4077235974761465,0.9986053064317517,0.6845575143707824,0.9930197224161011,1.0067305303511886,1.002912039079731,1.00584966640496,1.0091867821352478
0.6097764247801808,-0.01361788761048234,0.25083527952959234,-0.012004478664868827,-0.017341239342190878,-0.01985204214874904,-0.02443644273250451,-0.01901062727410026,0.3989286046320485,1.0189971327063136,0.6274582098749797,1.0084520851500938,1.019255758681954,1.015535763479014,0.9287543374841252,1.0200135269369401
0.62884221701534,0.0020829670413604067,0.2642349530422215,0.010660291519177838,0.003858746080680983,0.003374833310024922,0.02050471271898063,0.0029268143715163817,0.4072596869054794,0.999510212021562,0.6820346916506743,0.987283028654776,0.999618034557765,0.9963071537223028,0.9395739800348408,0.9932518318451785
0.5969752170175728,0.008463892350930218,0.38649407377714917,-0.01154692924956791,-0.0052599312426230135,-0.00011298685004584473,0.03450908889222798,-0.00034768830012292534,0.40112261208903466,1.0098440596189582,0.7780083270328572,0.9647515997776962,0.9990180826571065,0.9979226346681707,0.9541102848897615,0.9992619240397314
0.6361953058096949,-0.021432051434739207,0.3217298915421928,-0.006086370678668472,-0.016858742186680677,-0.015308313794468694,-0.008412622257699308,-0.016523790454037027,0.4058038259217496,1.0126602415062096,0.6909286798793564,1.0009112755877256,1.0180680693424735,1.0178827732339628,0.9387641778696658,1.015713395824797
0.6000999679009795,0.005789712360183449,0.3458212092594456,-0.0003611570479211226,0.003228054786620055,0.005163617180812502,0.07332012053747414,0.006362266629952331,0.4035825627955537,0.9859972485499955,0.7467094801571486,0.9748404628045529,0.9937408581374393,0.9945598453397847,1.002859930558713,0.9928998606645203
0.7018299318843283,-0.049437895774559905,0.2693774101334053,-0.051304102135706214,-0.06012761904813899,-0.05875107224120015,-0.024485298536539343,-0.05954165525355668,0.48431285142449276,1.0613387993885706,0.6861810637204064,1.0475810022915395,1.0608314612323269,1.0631899857247105,0.9992084489918884,1.0632247822414156
0.7191944634455008,0.020203755806228043,0.45560699614673855,0.027108964004167575,0.01225941508982527,0.011298037293386534,0.08150002823500219,0.011248782495796252,0.5244043990803031,0.9946666746664617,0.7465578172888834,0.9869587577862504,0.990133959372701,0.986440062205299,0.9347979750664162,0.9873438736703709
0.6543984607743808,0.03722350356412454,0.26047389249094516,0.03504839060227354,0.02355374957206409,0.027359960333199568,0.01904564876201667,0.029111602150617893,0.4058620022785495,0.9828096586999251,0.6875894909385398,0.9661250773936981,0.9736431364116985,0.9750291061190055,0.9151161412452402,0.9776080580788292
0.6994417806596361,-0.004479923438499908,0.3029640098759064,0.006202787422098813,-0.0024597616775648024,0.0004514535827863645,0.05079112801265374,-0.0021132599663360647,0.487635603292627,0.9950511249804161,0.6660110642910477,0.9904344246288149,1.0006262078402188,0.997727101781205,0.96070177005873,0.9985581339251268
0.6131158057799135,0.016517799077862192,0.36784294666380923,0.014024560996703826,0.0035565012786408267,0.006018977372949708,0.06395992320958177,0.006014946954832185,0.3968573922090808,1.005001212017411,0.7543374066025262,0.9848892799551979,0.9923393032022156,0.9917953984888344,0.9613856226254074,0.9975135796988025
0.8365502210098713,-0.004925049910532911,0.2253091548900384,-0.0004770587794461939,-0.010046696013292755,-0.010945080786560655,-0.008058281209858343,-0.011397444992828158,0.6394053936927677,1.0006916086120832,0.6277587416913452,0.998851998446836,1.010782001227291,1.0067577976581465,0.9222584582581606,1.0042676727844428
0.5248380206338015,-0.005904513662333002,0.3500969290155979,0.0069365854350234134,-0.0006570160324813121,-0.0006507982988971769,0.00890635529741206,-0.004318058971042377,0.3749106187574307,0.9918551270852564,0.8144363586810003,0.9938132430265784,1.002402995522201,0.9995262246521429,0.9232873618590383,1.0041227863503275
0.6235633071085369,0.008698458592181973,0.3379633437689127,-0.003952339126215148,0.010128286458234784,0.01386377379604957,0.05851454326880345,0.012368509011261842,0.39121985645778246,0.9844054315209099,0.6462612186351137,0.9623821768474017,0.9909453635414509,0.9922224724951965,0.9533316361657014,0.9936263654732284
0.571366454765023,-0.016170742716984772,0.38992494230185254,-0.009745918507215309,-0.02068604515279045,-0.020571243416982608,0.03780899571833363,-0.016544885968557976,0.37864731434843824,1.00789467351742,0.8079443203763926,1.016448643745102,1.0201303096486356,1.0209227504085463,0.9998951404693077,1.0262370682869635
0.5275416506556859,0.025866515192726123,0.3838755269773729,0.0521525339017479,0.03330813637783667,0.03357119038777039,0.07480935901615235,0.034526455661982876,0.33561529423192027,0.9573512431420786,0.7405551529271401,0.9704416114786488,0.9650681436107588,0.9659786589292377,0.9338112595067821,0.9687469039166607
0.5989798983576083,0.020548515970011564,0.22214747546455202,0.024500176345071255,0.004511343978878859,0.006155038550672491,0.027205792259854623,0.0013904261459985901,0.37962072186454343,1.0060898574011365,0.6050539935648866,0.9943368609999451,0.9969964007396669,0.9977601904119839,0.9318484249777557,0.9910944641294843
0.44230976603768185,0.035171161008541556,0.27938110799800303,0.022757090505219957,0.02284045592379522,0.024351775177968476,0.06046940086691003,0.025314671774582832,0.29267951248071367,0.9850457022606691,0.7127251597604165,0.9647589082503091,0.9767090851988576,0.9760486473818357,0.9289909190974004,0.981789069472661
0.5971946062680028,0.008588219868558586,0.2762321510601326,0.0035897708388639314,0.012699400456991672,0.015036731766017166,0.08587323287586515,0.01595669783889529,0.4111236239643622,0.9691851372780534,0.6445349222573966,0.9578306345165943,0.9863869247315319,0.9809387261221304,0.9668171301790407,0.9877944795790867
0.4154819881271035,0.0026964390887853342,0.3077353746484505,0.018838545056634265,-0.0011310513879111658,-0.003948123762130562,0.05887210355549366,-0.0017024531364784377,0.22016173300642794,1.0095226377742539,0.7061995782345141,1.008009943129169,1.0026700477303971,1.0045233005443392,0.9716580223263557,1.0038612933524513
0.5787053131682136,-0.004824280024773582,0.15121440206121045,-0.008142007464543684,-0.007955624837585851,-0.006256266346429502,0.023153534136870886,-0.011053422300268833,0.38697402076190524,1.0131981390507188,0.5887116507429233,0.9868703384301752,1.008846893984602,1.0140237021118217,0.9349257019877254,1.0076139747299406
0.4564930567065668,0.02052643091071849,0.3408484021455936,0.0033771704330533073,0.0036855684295955824,0.007754223856521554,-0.008476925507586486,0.006275531099287539,0.25959373548117914,1.0083457020089774,0.7497815181595803,0.9802873539936654,0.9947902646696425,0.9973023888400936,0.9129229055820686,0.9954950488143994
0.5091937053360885,0.0008391467535780886,0.24223914705732302,0.004417289574943486,-0.0032422916842282084,-0.005703645123469071,0.077691171807928,-0.0050760240624008945,0.3186572410320043,1.0103371861360098,0.6913314915742126,0.9979746829393553,1.0102321524265614,1.0072659620630626,0.9861480397615406,1.0094084374016725
0.7968270641746587,-0.03674290980868203,0.326839961112864,-0.029962740707527174,-0.03479028559372429,-0.03770100411119889,0.05117328976929942,-0.0357816356527279,0.6068646360976375,1.0382388456128593,0.748473732604716,1.025436615809325,1.037334716519318,1.030391658205153,0.9982144359903579,1.037261015192564
0.703277037759768,0.023069163406489224,0.25828015492095374,0.029413394940705218,0.017223543146759935,0.014904778616695593,0.027238292359097003,0.012518399085374703,0.4830736059759927,0.9949795591665178,0.6589983193576459,0.9751138368954518,0.9832857274675965,0.9850468646394818,0.9345645944308285,0.98581185174112
0.554368307925854,0.03978112402829076,0.13861847627109672,0.034764005226809044,0.03307028626432872,0.03175635328527546,0.0624780818385151,0.032720285448747055,0.34345178163607026,0.9753015894028085,0.5845698596256843,0.9451327080616737,0.9636981639609022,0.9658567112310927,0.9072241994671888,0.9654756688042773
0.6944185787918251,-0.031512296210784094,0.2581456501610867,-0.040696304250454486,-0.04383369997760827,-0.04533051399508679,0.07593631583974214,-0.04580772627171986,0.4977134826729498,1.0647873556108363,0.6934109518529922,1.032476664021488,1.04378690307763,1.0442492442856013,1.068051756852559,1.0454510645151283
0.6145784179271904,-0.003123879150125201,0.259373213807272,0.01444563689689276,-0.0028422598209520067,-0.0068887208491945654,0.05605081229616758,-0.004667674406054918,0.3717366980734944,0.9834763103473185,0.5860957995760707,1.0110560488868845,1.0022287129159728,1.0016946596973706,0.9613363769248618,1.0038840612125226
0.8055867526660481,-0.03622505951171036,0.32574301418933627,-0.016744938897272316,-0.024169100845710334,-0.027221664706720564,0.004780270740812597,-0.023217542828493826,0.5898725954032071,1.0140271875831965,0.7463288540160278,1.0069643212530879,1.0237546740566243,1.023530567302974,0.977193660929981,1.0234587897582694
0.45248922212268144,0.022072612368044822,0.3650697273472616,0.01785626635583102,0.0004944518621842112,-0.001320602799770596,0.05509938843073089,0.0002662016367536699,0.22905778844573466,1.0180167922273577,0.7686010471199972,0.999076918781332,0.9996581592366667,0.9934464884785615,0.979656416015553,0.9983886400298961
0.8183067402564713,0.011820666258764538,0.2851525085225183,0.019153870993367864,0.005234978437768001,0.01066670109105634,0.11422033220883354,0.004253903046327739,0.5792144995898229,1.006253047286634,0.7259441962267252,0.9933617476923384,0.9954134712629162,0.9922087669239434,1.030215456820707,0.9956875424342984
0.7617424733811338,0.004600769910647157,0.31185057360084134,0.012677320320482235,-0.002993343421320376,-0.006169903127157933,0.08167851660184734,-0.004292635322239205,0.5453852775579664,1.0184164064890828,0.6820945036746922,1.002870124741942,1.0094821390813593,1.0038198917980006,1.0037136434584666,1.00789612216645
0.6801523742301434,0.01942197110489254,0.4634710543990966,0.01530117303335753,0.0209546250162905,0.017726545251985866,0.004058977884888121,0.01845311149153921,0.41410733918030596,0.9874641700198229,0.8442621246241494,0.9652438150650214,0.9781229997389654,0.9808668941715015,0.8960336059302786,0.9838166219628418
0.6328480942925557,-0.005398880981829876,0.37698497621260807,0.006241685576671655,-0.0017147354475522134,-0.006296610870920876,-0.0038842548739816403,-0.005796172836576254,0.43980311582632303,1.0125771229810863,0.7632509785798615,1.002516478371572,1.0073280216826261,1.004446025818808,0.9220774521070058,1.0047598966522366
0.7205017659543268,-0.009592957109584637,0.37946455059574163,0.0072842697997181575,-0.005657196998506222,-0.004820625449040509,0.06347403592757286,-0.011327712124184375,0.5311393390787504,1.0079789615836585,0.7504061518012184,1.0011166072105782,1.0054837611991754,1.0070273135270178,0.9911348106324744,1.0050197065850648
0.4706541997070341,0.021331929848899065,0.3128387059913299,0.02177574297364395,0.008521424996249789,0.0072161906388609545,0.04118001651723124,0.009616886008332088,0.26233169289849023,0.9986977468517327,0.688960794374126,0.990196078835024,0.9953528585781443,0.9890484892461218,0.9234941926000256,0.9976440453401538
0.6154973029756061,0.0182637215533155,0.1775475796734145,0.027593886999722334,0.026309483307807188,0.02296235660128839,0.10486748925855142,0.02768035299439374,0.4133590097185267,0.9646853455242499,0.5440016053321215,0.9597157291828095,0.9761297274575707,0.9749437514546743,0.9762198744119716,0.9743961067256794
0.6509207588864787,-0.044580662856601706,0.2966575319923668,-0.006050882073492651,-0.029837333377638504,-0.03004927438279295,0.014583626161050207,-0.03421619152189792,0.46275371238908225,1.017290415566984,0.7719990817071027,1.04018686913094,1.0344095792318504,1.0297104037894902,1.0143634624406914,1.03157226719482
0.45600333995998776,0.02612110851233199,0.4187940260176336,0.007220043257158272,0.020300483672103617,0.025247904608269936,0.07006762671591713,0.01874952975413748,0.23554841665779858,0.9788938837485508,0.8516691466661154,0.9460542298520981,0.9791903724327312,0.9801984653219717,0.9710581188783196,0.9774377829523627
0.46486637741156955,0.006327825715190872,0.3969574092464617,0.0052266604996057285,-0.0008489865774328444,-0.0008232439105811475,0.07083715093439556,-0.003866380855297329,0.27807701201075086,0.9998992790703222,0.8365739223643015,0.9943396102116163,1.0032464005718684,1.003006053207682,1.0055667398289132,1.0002313350366598
0.7108527871490675,-0.02827290271124103,0.226226902000565,-0.03325576066707707,-0.020671138911380796,-0.022040478125981956,-0.0036884254222719634,-0.024369352125348256,0.4577421979218913,1.0140856066873178,0.5767058547193569,0.9869343490315857,1.0243577649295141,1.0180209855771456,0.9772144001632858,1.021932728116305
