Current density (A/cm2),Voltage (V),Faradaic efficiency,CO conversion,Crossover rate,Capture energy (MJ/kgCO2),Electricity price (USD/kWh),Membrane cost (USD/m2)
0.12197660403567641,-0.0023781126995670687,-0.09679577060779845,0.005510194827534939,0.0009136339327628987,-0.003582652137794818,0.02789249814569028,-0.0034157161106062664
0.10199197557690802,-0.002939649936898959,-0.015237776458259343,0.013946862225057682,-0.0001653965939085178,-0.0030383880321108677,0.01672832581403651,0.0033057647295683806
0.0393939217939458,-0.005841486865688662,0.09218252595151388,0.01400143107339057,0.0002965830838996819,-0.0005294371982571527,-0.03612727743074902,0.00039812870476058017
-0.28822839035856124,0.005250051109692371,-0.169791506976521,0.00146423842312334,4.811796772835608e-05,0.0001671325396773179,0.04637469471548791,0.0005400754877412849
-0.23789428069024907,0.003822946305258054,0.045618097795075384,0.013978138845184857,-0.0004539288684510796,-7.080133766623753e-05,-0.013658430245653887,-0.0008790360636677437
0.042508665346605426,-0.004255793118103389,-0.06874166742461534,0.01375132123489649,-0.00040853639815229513,-0.0014951295867233325,0.004845725368354761,0.0020799342976080895
-0.05732356999531034,-0.0070514688264474695,0.02448121702268151,-0.007881833254829884,0.0006357039069865011,-0.002726782093131028,0.016596350987037316,0.0019716729443453266
0.08307353539988542,-0.006673428175324697,0.0029741444813015327,0.0019280356204623304,0.00035041975981878193,0.002868664598880272,0.03902801863731068,-0.0035285174748433726
0.0211958601441014,0.0021869680576980352,0.04993126793601821,-0.011844170258381522,6.842703423667884e-05,-0.0004355156283430261,0.016803964371596355,0.0001909448062936267
-0.1605510981102413,-0.010868027338262051,0.026178396795596526,-0.019590649900428508,-0.00014818992994877767,0.0005316550462336239,-0.026001664928872806,-0.0002877371542631111
0.10054961531101403,0.0006211739837774221,0.045357693287867935,-0.01789883220111389,3.600672700837526e-05,-0.0006617363387972175,-0.038943832229905974,0.0011120228024257511
-0.005392807352047025,-0.009643817068468771,0.07954802764001949,0.006844570547355676,-0.0010992977036152,-0.0032615942419325144,-0.028577771646619954,-0.0015519144201465284
0.07096828493892271,0.004564525880966249,-0.018015168218228753,-0.004332228511905988,-0.0004683003831833754,-0.00035889872975045176,-0.05298013562613434,-0.004780627058767622
-0.0566771065335826,-0.013920451443554537,-0.0670760467581998,-0.002321070832371949,-0.0021066099472248152,0.0010284188289668363,0.018511565596385605,-8.051829628379081e-05
-0.038855099413593844,0.013644174195987594,-0.13154684333039923,0.0012410035731580948,0.0015558874561852197,-0.0025585473199826814,0.011361815680168521,-0.003161802805798596
0.08088294941763453,0.010324846075848297,0.017984380372441947,-0.018400778634011218,0.0006346345747156867,-0.0029060654815224966,0.018065000640171015,0.001156500138142277
0.0861377026791663,-0.006605103561935581,-0.06689773714577292,-0.016773965900072237,0.0004473437640544614,0.003590585217934282,0.02057451890743638,-0.001562661701071001
-0.10283679815130435,-0.011122088113350323,0.08002203787893314,0.01586805894965834,0.0002461785137460506,-0.001786033085616128,0.012974823090862682,0.001504459993355071
-0.21060226643619617,0.013306558516840565,-0.10166989962402681,-0.011526541561990324,-0.00011348520531999308,0.00011307374877012055,-0.05116193799056068,0.0005964026333768995
-0.1429204686025695,-0.004009186352846464,0.012176195809142244,-0.014430663968958172,0.0004701651609437252,0.0012007049002677093,0.03404423152841179,0.0010552688720874925
0.04518586715740381,-0.008639118021817407,0.014359412473557907,-0.015455961070426336,0.0010664239165057987,-0.0028920718309022996,0.034961281945247745,0.002306357771695992
0.06563605136251635,-0.011231249603237757,0.03733646086542446,-0.0201489066083817,-0.0004869813017562216,-0.006161554595523415,-0.005139087366399147,-0.0027121307788690375
-0.2733633636431032,-0.006817164090282645,-0.17023674549179205,-0.014051957727932008,8.830054895470063e-05,0.00025111421740954955,0.045062592533992835,0.001598917430296347
0.07273351396249857,0.0075364444047983144,-0.0029509289562888513,0.008332217301430904,-0.0016859802730711175,0.0015896168241300562,0.039948424290260506,0.0005247548221054554
-0.17194812773255644,0.012524905346198507,-0.16995888718348828,0.014368174669899618,-7.742524589327004e-05,0.00023915383000214986,0.038812074513209255,0.0010645032644638886
-0.1672358544950462,0.005294735895591883,0.07808295039569825,-0.009689521588138364,-0.00020800233174120275,0.0009640812990829987,0.004794192646331846,-0.0005516616334467245
-0.0012375672479437807,0.0007981467787407647,-0.06725096598426408,-0.01765539884031569,-0.0007053592435529732,0.0001279684996953051,0.011883331190707896,-0.002780342189204007
0.10550912889637505,-0.0038532703259637137,0.0747433811472887,-0.014127364124948846,-0.0012236831302565563,-0.0006640981026833087,-0.013363693210833251,-0.00036345827785899676
-0.1442192312995162,-0.0073843422226645,-0.10342331596752756,0.005564750751122294,0.0,0.0004865726736186238,-0.021140780707637266,-0.0025798354123976056
-0.2773813429152308,0.001972561469168833,-0.1951180953149202,-0.02119027683146149,7.287470820027675e-05,8.556823337549217e-05,-0.01595132658990191,-0.0007460237081358587
0.060591225834035485,0.004440967912180527,0.035737716951809564,-0.007081840792826843,-4.739794539244946e-05,-0.005703931100182307,0.005637295374556067,-0.0016171876739331749
0.12220850572380836,0.007340795681445241,-0.07031179147160765,0.015332081155544321,2.932632670147456e-05,7.454091116818241e-05,-0.04803182513576491,0.0020968574591061187
0.021305956252359027,-0.014405786137894443,0.06040800287231602,0.011313136271578676,0.000241019041566648,-0.004945484017252461,0.0028805466256047302,-0.0009027825164595813
-0.2455454934648896,0.010713119134133413,0.022327867997567148,-0.0074605013533515134,0.0002707517259829262,0.0003006140487561623,-0.012835656377418672,0.000829033485762163
0.0858880623246485,0.004155203086017051,0.07439914455856479,-0.012179902503646265,0.0013040505403424758,0.0015279884504724615,-0.0021166601592699096,-0.0008925866139261607
-0.08774731976059412,0.0017474944401315966,0.024704233706445724,0.01348298128144074,-0.00025744193040506264,0.0021778812612015014,0.004902516602518341,-0.001011031671539385
-0.009945587154782769,-0.008712176721571464,-0.05148471224645203,0.0021296805514872163,-0.0023855961232790122,0.0005138929706239026,-0.0328536584044757,-0.001902585460981049
0.07249287857634192,0.008031931206010074,-0.01952824868522444,0.019237283493564336,0.000979238118384144,0.0018290876528138796,-0.009196671028527717,0.00044548565837994325
0.040284271982167115,0.011756136644791646,0.011578556211479392,0.005768548384555815,-0.00015064013399007647,-0.0039003804623333736,0.018467874236392224,0.0015583266337509392
-0.05897555105002224,0.0057926811047994044,0.05876128560405204,-0.0002072210475176292,-0.0003931080962321467,-0.0018646381096718732,-0.02158360132881679,-0.0002735710649211162
-0.19715285902809757,-0.009151128670865422,-0.15357285609461707,-0.018584016482667647,-0.0003885790367565978,-0.0006377831676939818,-0.010805883967890728,-0.0014891610425611193
-0.16119965558958713,0.002002000201365033,-0.04428032670664847,-0.010270837044331039,0.00027508479210744397,0.0005535812041870963,-0.029171205258676555,0.0008332916869648094
0.057113975753226735,-0.009843215158522123,0.013486859727484281,0.008342894989864066,0.00083396909000788,-0.0037922826704296165,-0.01032033594760492,0.003647507460153698
0.0469570578598775,0.015236145637281281,0.042776767215256035,0.0069980975592798065,0.0004899036747584296,0.001662252806928599,-0.037392794007484444,-0.0017627331188965474
-0.10598614370033647,-0.0003091884141158546,0.07492391626598288,-0.00855500608289178,-0.0008465244389974093,-0.0023431296892178063,-0.028815817366811842,-0.0015252419930327236
-0.2305695867601461,0.010955936762820633,-0.0116205234019157,-0.006376908334047026,-0.00010750879463850005,-0.00069714495470844,-0.029865363686527355,-0.000422440533015384
-0.06393360469543714,0.00645304323417949,-0.09879377093127073,-0.012588518573470474,-0.000522134283319653,0.0014051263771282436,-0.004925706611683957,0.0019032813074544921
0.06516173038507501,0.009451018597266476,-0.10465011085530704,-0.010084008463730407,0.0012185841487485063,-0.003107678932202712,0.036585298285907134,0.0004204498232115803
0.08808776834655815,0.013541752187826913,-0.09920920440132756,-0.008497570932347176,-0.0012433577980358183,-0.0007031454801784132,-0.033407156847510965,0.0023529224155997403
-0.11311601228005799,-0.0006574960309719945,-0.07087708177542126,-0.01716619740035677,0.000321004316374468,0.0008653993010940469,-0.01469371623491837,0.0008682030569284182
-0.006169622419528046,0.009063332148666833,0.008816363308901301,-0.001919884704674861,-0.0004509456599627419,-0.004797602941161661,0.010457751465813075,-0.0016665964661097476
0.10476106107905724,0.008037784609765475,0.04601616880401979,0.0027399039149803685,0.0013121296395043212,0.0002600832471822433,-0.00029107427645114203,-0.0005037492918074267
-0.12345516396335357,-0.015666733554633085,-0.036903495534097885,0.0048083257925716286,0.0006375079107242276,0.000808895542950752,0.008342545608791838,-0.0021065835738481296
0.008334496827982553,-0.004357525594250786,0.04055790822162668,-0.0040492129479181025,0.0008416898958484575,-0.00379156238040263,0.029582552696667944,-0.001567304516122684
-0.2013827689651052,-0.010297858815481327,-0.008224911864944109,0.003375831307006048,-0.00024570416500818704,-0.0008589794942460173,-0.022929955921786815,0.0006678890101568452
0.029279294775389098,0.007519402867428288,0.06071027600765565,-0.0196398787758766,-7.823790211725079e-05,0.001584919656118858,0.0062230989362232194,0.0007309150439708258
-0.11102797926553315,-0.001415260571552963,-0.02844209428423965,-0.005128041819692153,0.0006960537181361606,0.0,0.01430484814856469,-0.00028247736643868815
0.09683025177908726,0.013182306842293434,-0.1141904472186548,0.013810035263545219,0.0011905579254732704,-0.002322695782363382,0.050133898739505654,0.0026876496969064864
0.08422656685371303,0.008544345720993569,0.012655709329638115,0.011917598579275001,-0.0010016039198028348,0.0005318249870405669,0.021978040280215536,0.0005828605577694994
-0.1100849878867231,-0.00219505135635183,-0.09704156126183133,0.012558725643052429,0.0002366258038274116,-0.0007988939777230735,0.04671877554125776,0.0017448598839701064
0.06787906335179876,-0.005166310503723741,0.031137456756964475,0.005654391552851808,-0.0006881323543291018,-0.0010963707947525528,0.027021327752186033,-0.003166983774290362
-0.0017705476450088585,0.010772902002410356,0.0184199604945023,0.010033381471879321,0.0002899394335510104,0.0004130392261169679,0.03368259905357148,-0.0003537488448364101
-0.1197045821881868,0.0010927759631470144,-0.015068374054182694,-0.01513427586125235,-0.00014072532556974113,0.00011713425026518842,-0.015779199511495503,0.0014122813328073852
0.0237763430249047,-0.014195214884312874,-0.13896415545359497,-0.01448120510567917,0.001049907874634659,-0.0012198154241851555,-0.04989517332250984,0.0039706899211031065
-0.02571999946704996,0.008042815445214941,-0.06786004021339764,-0.016103058197177274,0.0,0.0008604907802979983,0.04158879276538377,0.0026595642243331
-0.1424629265836186,0.0076205251334702075,-0.14877618575598867,-0.0045469393850796425,-0.00022941537089074537,0.0005394180745823811,0.05089509575748045,-0.0019339932277791779
-0.07771871578708377,-0.006353316205713067,0.11451881528091348,-0.0008432044288257945,-0.0002680867940620784,-0.0023607718753319434,-0.041695920976413954,0.00025124774874502216
-0.06211270115544812,-0.01162543420427169,-0.07992911950494003,-0.0014347784129575287,-0.0003845311539297022,0.0014432346353888958,-0.05350066563728929,-0.002784226758399705
0.10622790699864774,-0.001208800880410314,0.05973847655151004,0.008619986954380501,-0.0023590647605678467,0.0005125597699418042,-0.027105209804532373,0.00024793800194367055
0.04994980761237312,-0.0023190968885384556,0.06487539721415006,-0.004681108886123477,0.00047243717667119853,0.0027136298887243896,0.029669883270796536,-0.0006339066207284583
-0.07884702465145799,-0.007767759702174498,0.0731276216004172,-0.011536880806483572,0.0002692605230399589,-0.0027552458489715505,0.00928619858124323,0.0008729124965330751
-0.05146286286896193,-0.0005571180408416944,0.10534857656052116,-0.0018615588941767694,0.0,-0.002690236837873172,-0.03164794856913953,0.00028032034416331994
-0.20110317130958782,-0.006273232362784805,-0.1792091737117213,-0.0014062901010357778,7.373065530147382e-05,0.00011846440712433646,-0.04404281072149494,-0.0011649586809661216
0.10401232853493285,-0.0065976288438527346,0.06493183242462697,-0.004898098478348358,0.0005094045800252689,-0.002243661697628941,0.03514955907326957,-0.0009017389939486586
0.08617878962855774,0.0020601260120400576,0.0709486384160549,-0.018311633865112812,0.00034391861815637214,0.0017053300029535646,0.021524879594700296,0.0003032893668579728
-0.06038078343957039,-0.00655297792135634,-0.12023889561442522,0.01736783693662748,-6.384950638235742e-05,-0.00032790969216375267,0.014732383038941794,0.0021321986727600075
-0.0012902410031852656,0.003434923642681671,0.027197273894833274,-0.01737423780743992,0.0005435622777134219,0.0005178292579779446,-0.02154876777572949,0.0016026435394403348
0.09042149914508697,0.0017330592785153515,0.0022489425058138533,0.0075621035083523955,-0.001993052724426958,0.0007641200386414035,0.04187308969034518,0.000535763189900613
0.05289165207485599,0.005741527579954534,-0.0727501129525193,-0.0018111222716114346,-0.0019900808776137,0.002104213183785798,0.012875578220874886,0.0008697658934200677
-0.02857981420522602,0.010904055278067582,-0.05683736608868434,0.013210057811163287,0.0021680979343739397,-0.0013277233847995146,-0.021164948013063643,-0.003416647304143184
-0.0941216983511052,0.00019183342695860972,-0.16358974294476916,0.011831416252568042,0.00024032134152826099,0.0008103496299604822,0.033136940935958245,-0.001844723894253641
-0.17116188701849266,0.005922872190481978,0.10549101322829764,0.0017218984749497507,0.00019112488927469136,-0.0015538021622312742,-0.040541666607712086,-6.997105984161978e-05
-0.03888386141576034,0.009519158109406045,-0.008670118759961437,0.0009346804829135113,0.0005514717894975346,0.0016334679738693586,-0.047869973451617705,-0.0011909767936884445
0.11820150646541723,-0.01635478867570302,-0.13629427381760856,0.015366090499908093,-0.0013092477490572185,-0.0026226849305064116,0.002251695040554957,0.002994162502604467
-0.055569657380972366,0.008922770117607521,0.068367782164178,-0.011963272256916312,0.0002808779551136953,0.0005505037135587428,-0.028649738045198405,0.0014347321939185954
-0.06364817299587727,-0.01673024490494734,0.010330620690045225,0.002937050819022614,-0.002797081010819346,0.0010449779929144198,-0.03483555403184971,-0.003310717585901917
0.041973505462174106,0.008685487657932603,-0.14203576078048483,-0.0031154481024212657,0.000607127571039208,0.0026113012423740283,0.04379907045432326,0.0028865281478482052
-0.16577202186589082,0.008369466528996115,-0.11276240782670535,0.0017178171393172192,6.0711026201532015e-05,0.00044046124554491384,0.004586736589913745,0.0021230699723156785
0.08392781749128402,-0.008231913783452923,0.042396058540320296,0.00024608673154427607,0.0002956946365810745,-0.00208217544191517,0.008787640798193138,0.001268302052173059
-0.20720068880602893,-0.01333271122760427,-0.04501083756554579,-0.019847713788512824,0.00023401996133304293,-0.0024840315979248297,0.049461992375742225,-0.0018145046658986164
0.12618534619245067,-0.002628945042764856,-0.03913772366199784,-0.014075337182532977,-0.00018686574241818382,0.0009610040168775175,-0.011180280917537923,-0.00019489212315417976
-0.1156901504811593,-8.132030433345705e-05,0.07070706629659605,0.0034976669156370197,0.0001900218043123649,0.002345389067542424,-0.017108662024910213,-0.001977372718318877
-0.1943830050109314,0.009075152640876317,0.06724299515085774,0.010010466258061363,0.0005213570995118563,-0.0012114718061980074,0.02512060815717907,-0.00040892289655122815
0.048345826613636816,0.00212741524375498,0.04682255212379499,-0.00792736200266573,0.00035698749758679427,0.0026652025264452773,0.0022683798544134996,0.001979950323987233
-0.24920528217201385,0.011296336904416301,-0.007355927946031513,-0.008632678940469112,7.096968007000437e-05,0.0006453181069642037,0.010215714331327834,0.0005712890788903285
-0.23010360207199188,0.0020638144430127816,-0.15747177384388736,0.015447494859535688,-8.847243322213094e-05,0.0001414328980254192,-0.03812057955781622,-0.000577905128102921
-0.1675979358002039,-0.009028918563320172,-0.04729748854297648,0.0008703590918959451,8.279888610973618e-05,0.00019130592535572595,0.030352394153455357,0.0015351751202717487
0.06252776920353857,0.0023353715322073807,-0.10642727474530488,0.007488339211889224,-0.0013918389285104416,0.003168934104261796,-0.02901731990103233,-0.0026216427712053105
-0.2438019564046714,0.00825181827058816,-0.03300257467819399,-0.009607755671512034,0.00013753365444640897,0.00017413360139471632,-0.05250683580051115,0.0008978326982244858
0.11746992453120308,0.0032899778394528934,-0.0740759611696734,0.005404222911583604,0.0008752795826708834,0.0016961542440201598,-0.01530431432397091,-0.0019203651421923283
-0.019898468881579694,-0.012758901980777428,-0.04554383671264591,0.005141885335542946,0.0008787856786331288,0.0009553110611020957,-0.04468853197771158,0.0035202773629947363
0.07323447483555039,0.0016128397307301507,-0.004596463167526456,0.012652301311300471,-0.0006846129008968062,-0.0003241930194032294,-0.019894309581149988,0.0013317954853896844
0.09536860537582534,0.005335496953985246,0.005638092245853342,0.0012419256887499731,0.0006943998702684389,0.00014465895615431434,0.028523028628129082,0.0009582438146476906
-0.03714477357609644,0.016643460565825864,-0.05973967151795313,0.0055067155827261995,0.0012579706055216864,-8.580556281535812e-05,-0.008742135149801043,0.0012066986009787836
-0.09455058240271003,-0.003074937907473466,0.070245931293678,0.004836027079981278,-0.00010936443291270637,0.0005378880489847825,-0.008727347299554638,0.0006336695408866565
0.13062948914225106,-0.001075358353506137,-0.12480840601583945,-0.008155457939304587,-0.0008871310865982158,0.0014385547056050703,0.01841282274481219,-0.0038635950207736814
-0.15300865759032908,0.0011920316541739297,-0.057987056248469664,0.006309080674973439,0.0005341692594347108,-0.00046403725645091334,-0.04335086379459849,-0.0001311846525513527
-0.0017652210426664437,0.011841559683172104,-0.10157768599764909,-0.012804543565212349,-0.002175043153140872,0.000526026080913844,-0.047925833893192785,0.0021941126536816594
-0.278395713146649,0.006785833341852778,-0.05918320170813558,0.010907314303987642,-0.0003356259451053254,8.398199239484372e-05,-0.050186372136397116,0.0016102902515121504
-0.030073196022610736,0.009861923077029931,-0.13909465757021178,0.007546320552631486,-0.0020214539789038116,0.0030602857831274134,0.035785803482901855,0.001385298933795563
-0.13972930347601348,-0.0025454755276728487,0.05787652476418114,0.0170105054891901,0.00020778231871791073,-0.00020210255161319524,0.0014191972059565087,-0.0009338731213290268
0.04838673106410206,0.0051542142967289,0.027021830107025767,-0.010279321940722055,-4.8358938825127096e-05,-4.920044193615959e-05,0.0009751070779198128,-0.0027683191554602154
-0.02749841143702211,0.00923775154003765,0.07257833426447975,0.006120792075036836,-8.944193161534997e-05,-0.00295897966765168,0.01632497536092409,0.0013759078427382253
-0.013676890199007018,0.00934330876726513,0.09806743784469592,0.01663590492190813,0.001006949628592826,-0.0006756503277208226,0.015031231089902211,0.0009168104497928959
-0.1489425058937725,0.00781631283684248,-0.025430757126108545,0.014432582279986231,0.00020687249460416002,0.0005667564206959301,-0.04996689019734635,0.001138521967355376
-0.1943511801026982,-8.71146338140773e-05,-0.14215434111826242,-0.010629354043208028,8.925580038570723e-05,-1.6350969634038037e-05,-0.04848919828636785,-0.0024584291789602752
-0.1604252448227544,-0.006907509385913932,0.05335815651164744,-0.00619360736140471,0.00014036646086817983,0.00037171390578521313,-0.014687864987326034,-0.0008590272209493346
0.10920595245261826,-0.016042408948699478,-0.028908296460170596,-0.01731022081975697,0.0010827164632058617,0.001547524075503216,-0.03477788726564755,-0.003989593349079121
0.04631525194884753,-0.002899957955997332,0.019941746845845106,0.011174812774708142,-0.0006442692657161048,-0.0032454416503597617,0.005140511833047538,0.0032359819598015024
-0.1458589491796272,-9.127711221421086e-05,0.02653818577679865,-0.014986449837987682,0.00020418976040050877,-0.0006998737863655772,0.023224486067878147,0.00026703000342076635
0.007821444553231726,-0.005453471811906427,-0.03254059455511545,0.006906263266748752,-0.0025809479854234283,-0.0028211117826993626,0.009637102131651283,0.0012139825502341557
-0.09634071370029695,0.008175327208323332,0.0809339148774878,-0.009751436716235025,0.00019276401713347237,-0.003584565959759359,0.02423236221899044,-0.001370055556785393
-0.1150282774816652,0.010608188228598917,-0.025999257074441465,-0.013506730417751415,-0.0006524639527484832,0.0011450518551397507,0.015737597109655662,0.002148450225314604
-0.24621150621613686,0.005067833172543627,-0.03691218425724415,0.016865733656209518,0.00014270374768132754,0.0005931772761502224,-0.0004084345141430071,0.001795714356372533
0.08663983400645915,-0.007139244037798709,0.07018506898821704,0.014413631434580241,0.0005667316441468606,0.0019306223032659678,-0.002603154266319472,-0.00026014774616062164
0.09227225854061444,-0.005762023459779961,-0.049701385564123686,-0.0003861570404067975,-0.0029903039948503186,-0.0030257002696513903,-0.04580158325244818,-0.004170523703454552
-0.23280782111749823,0.004984415018362255,0.08898421199431178,0.015175660539891821,0.000982366238118311,0.0005367987553391851,0.03223519868564968,0.0
-0.09424868434344326,0.00728111982084002,-0.0959476923741719,-0.0010318705211513194,-0.0004158791430274589,-0.0016275045434266053,0.045071964008040234,0.000926684229859717
0.08917418969727671,0.007345561056821893,0.012930570644650587,-0.017355347822092203,-0.0002696449240173482,-0.0012918750524475587,0.041779572848472495,0.00041091981109635977
0.016270305295028636,-0.013579231551913843,0.07899688235299165,-0.004755059786195799,0.0003481625791447174,0.0020966905782226425,-0.012036854312643896,-0.0025548079161747668
-0.008345050233084503,-0.010294960140854209,-0.07400142081213468,0.012198660405044304,0.0,-0.0018885172302824382,0.04688669464878302,-0.0030022294407889556
0.1094988169184679,0.0010016626210934121,-0.0640128210110289,-0.0020187366103335716,0.0004546192691511422,0.0017279020259313052,-0.015716892231466377,0.0019677996494949527
0.03405418317433891,-0.002833875418747188,-0.09510243286242444,0.007760987231167241,-0.0008105694168232939,0.0007734687834094062,-0.006133457147357164,-0.0008491326466779925
0.08638142137855323,0.010610536003798654,0.006882812160335235,0.01964854980362806,0.00016808668642193103,-0.0016718480900582801,0.031056407220267816,0.0003945183696297569
-0.07240606164171534,-0.007061742269087877,0.057637428811190945,0.007537332972858009,-0.0008137544490273528,-0.003670235727588936,0.0006924083459466383,0.00026295298855802743
0.019979488260667668,3.0326198767333112e-05,0.0966118466859877,0.007655949106464428,0.0005136601372163608,0.0038024134819228247,0.019165198113074787,-0.0015112404694751645
0.07316624870901817,0.005715431698439675,0.05241807730601952,-0.013456680251985972,-0.0004878911328076163,0.0003806266522769942,0.02227978695775655,0.0004149458835729932
0.12341819322205691,-0.008990590947100993,-0.1175312327722131,0.01235644976090626,0.0005029407874619987,-0.0016706845536967729,0.04178668339675797,0.0010217795358601432
-0.03684609366921115,-0.004563472172927726,0.10061699769330076,-0.009858853629418742,0.0004102623234696366,0.0002492946680450747,-0.00047336426193488404,-0.00033329684043258996
0.09947446882434531,0.00951193185268218,-0.05502998633457586,0.017901598694382195,0.0003560310765164578,-0.0004127860365582134,0.004833275503092132,-0.00033871406469915266
0.044289297381590646,-0.0002619611802050503,0.07268579398900912,0.009010942593709392,0.00011797309536174247,0.00021223900915588238,0.017625031844815498,5.735671788156799e-05
0.07080768114464656,0.01584407174340961,-0.13181681573118925,-0.013073327969945737,-0.0019843710302006037,-0.00046906314675548274,-0.0002914420151515218,0.0017221704246587353
0.07267100036886581,0.005414467693020096,0.04821057443051601,-0.019029642879286955,0.0018002734647485914,0.0014591767044649995,0.03921037016318659,0.0004650555757954311
0.041200208252299635,0.012721028064058563,-0.1294497155879906,-0.0005188845211946356,0.000761875617724043,7.384151513730591e-05,0.029088074416016626,0.002803307816468999
-0.08646611168117867,-0.0024955051344927363,0.07674168833626492,-0.0016510140332485954,0.0,0.0036172554005031925,-0.018370283221577827,0.0008406400537572245
-0.10545753501072364,0.0009390844774975341,0.06512965951713127,-0.016620839484621692,0.00038107835984468874,-0.002796356462316324,0.022670620353052298,-0.0018000285146206592
-0.06319604306406901,0.008398612138181187,-0.16136514150215955,0.013637417159028166,-0.0006804877094517852,-0.00121080417779983,0.00045782123810414466,0.0016399274862204177
-0.2326960582527745,-0.009118269176830153,0.0414230930926308,-0.013171530140400959,-0.00018189752057981567,0.0011666037697109358,0.02412017357016925,0.0
-0.12914470823447421,0.014674742312968003,-0.16121688421957878,0.013366955632071338,-0.0001350676784354632,-0.0008671889832403579,-0.037301201463954714,-0.001496545110132772
0.018057509745202684,-0.008753543925083391,-0.07237822179983645,0.004819144535761877,-0.002713771801354985,-0.0011250134202266321,0.02175046533111223,7.167458459304138e-05
-0.05437843846641942,-0.0016179123582530657,0.025549108745716552,-0.00849844824890691,0.0005336794710588573,0.0007993791102124934,0.011515440934388263,-0.0005835447598329833
0.07074976856920812,-0.009012315531138173,0.0870148597326672,-0.018717886007354575,0.0011625710033581127,0.0017289022658801732,-0.0060230736626763655,0.0003893039075831273
0.10105127286078888,0.004720030335078751,-0.06943898565605276,-0.012592829039735947,-0.002596891197383806,-0.0022717999993216893,0.0076305873778612955,0.00010833094414500546
0.07982463235262025,-0.0034982719518287186,0.028757610108920056,-0.007152125368041515,-0.0003544289754787294,0.0022885342822218475,-0.006839462465790188,0.0004295924575412946
0.011952462416523577,-0.0007841616842271761,0.031636117360076196,0.0007588390443236705,0.001834339803500275,-0.001891835201662958,-0.02805582267656477,-0.001518874035880048
0.0402753698225475,-0.0036108343563873765,0.08294905342754114,-0.0008212538971975036,-0.0011628696791369927,-0.0009138768562545615,0.018447249388523726,0.0005973200148998437
0.09922348000524492,0.004243764011847329,-0.022830093766909025,-0.008142698517634201,-0.0002495619773814489,0.0014103828835422287,0.0004294408609966909,-0.0008598255940010122
0.09553689226997215,0.0021893593845352106,-0.07643593747861249,-0.005342462816838897,0.0008879982554864524,0.0024626076505277305,0.05182424789235403,0.0035523169868066306
0.10838734719159421,-0.008377859631002347,-0.039952122571650456,-0.0013282282614963808,-0.0023098334393701556,-0.0014616409495411939,-0.010443499151699629,0.004238120262901321
-0.14172934422252612,0.004536412266789779,0.07231520904467187,-0.011847882350566101,4.34143095873335e-05,0.00052589172783307,0.0035164270466187747,-0.00015168294481092282
-0.05299077603230983,-0.007221783133106998,-0.02223307235063612,0.006766413665631752,0.0014515855472021569,-0.005526665742214509,0.03591779294016408,-0.0021795288847732577
0.09003036715484151,0.0021478129315221604,0.03441300930461744,0.01415485363214425,0.0009989709686217855,-0.0014705216067589233,0.026631854172253208,0.0004926301662572405
0.07539969102323146,0.006141959385099697,0.03857376266426281,-0.019578932160370762,0.001101975290444519,2.9036300363910472e-05,0.03685153548912499,7.677034078847414e-05
-0.2805106192407923,-0.0006586298512029761,-0.16290390559956638,-0.0035208233610817463,-1.605358737949425e-05,0.0001162355583221779,-0.010877126311973385,-0.001017916087863377
0.0879822119785556,0.0031360478404675244,0.04567386869918438,-0.020874291348742385,-0.0021754123367079704,0.00016325615845250163,0.02914164318916115,0.0002185730054027449
-0.0652985386926193,-0.014692528727219534,-0.057393991076500755,-0.004873230544945532,-0.0006329775780650592,0.0018555600454895238,0.016842873299536102,-0.0005663196194642395
-0.03487402547744326,-0.01286491801964221,-0.020418374782043565,0.004013497682063267,-0.001956995340621892,0.0019208374816910706,-0.02671832296020071,-0.0034326278834278866
-0.0026099732271056093,0.007830623700198502,-0.08519821605423433,-0.004639306255645541,0.0021201666480614896,-0.0005680239449643021,-0.029481610185046716,0.001298324974904054
0.07036010569077863,-0.005913577655864416,0.07744547031732796,0.0034796396964570297,-0.002260827741168009,0.0003959941996516597,0.041202798871494924,0.00023317945348125257
0.04655436855392471,0.017364374514312206,-0.12023098019890181,0.010513405734955947,-0.0010087170813936758,-0.0030008339781591145,-0.019128382771620725,-0.0038911901677964374
0.08882222598248657,0.0048365961436823215,0.045676031095805314,0.006524453520951807,-0.001430346777278633,0.0,0.021360505259091816,0.0002449530539147815
0.061890701644009595,-0.00021281909998625143,-0.11304867450374538,-0.01256723330913708,0.0022764557810691275,-0.0026942382563476994,0.02541548776427962,-0.0013242782062115738
0.108513383613275,0.006743785533518694,-0.12802451850363356,0.010206674362150614,-0.0016551957393418518,-0.001932648940762496,0.004122991495258471,-0.00020326238554528846
0.11811675550763497,-0.0002670264220014628,0.001313340921451915,-0.002104430620775168,-0.0004759385163246267,0.00019210719357838635,-0.030180472665071935,0.0022351717703312643
-0.20028707939116175,-0.0031125509053082498,0.031125500025540768,0.004612938385927164,0.00029255116691703775,0.0015506237306064418,0.010909939942700262,0.001240082975016272
0.042263649182317085,0.008440350648813025,0.06741855745013342,0.004354457760930522,-0.0014284530949607314,-0.00021598988539089925,0.007752335723288491,0.0004568485223712191
0.031386152082962554,0.010745222076630019,-0.12416574084146104,0.014866232841647455,0.0009969740745551237,-0.002513328114526569,-0.054506912787245,0.0012273534159045827
0.07414139255672292,-0.0019465555850559655,0.08190136286497897,0.013863126452956988,0.0010661391611946336,0.0002256003616405433,-0.010588333856897858,-0.0011213023821551873
-0.06187327107741278,0.001570172106259569,0.09954835829074672,0.011881222155870124,0.0002215201345136704,-0.0017735930989007606,-0.018807118027246172,-0.0017639811298871318
-0.07400733191669735,0.006898470866981961,0.09199973136951965,0.009348861256745871,0.00014942091712376248,-0.0030897377058740874,-0.020915938159469814,-6.62631331731986e-05
0.0521687854871776,-0.015685697477831755,-0.07237831495797294,-0.010294591611708705,-0.0019448007401392687,-0.003459979296357341,0.052795015340679194,0.0012295994271141603
0.03761599675665966,-0.010510968531639518,0.014879893121730867,0.01587870824817439,0.00048083904209587913,0.00199715464923967,0.043908673513276514,-0.002783777977986144
0.04955059359468786,-0.014874166410970793,0.028557915946475252,0.01730278563790597,0.0003231937904949997,0.0016397823602580083,0.017329112266145905,-9.965048568065515e-05
0.028640871993819393,-0.0033201018785266987,0.03014901284792744,0.003668597382233016,-0.00054918028940266,0.003037559041415482,0.03528646295292537,4.859927663303232e-05
0.10310269393172915,0.017273016461774305,-0.06496496299591674,0.01111667483333833,0.0006832943340352863,0.0005711193915844095,0.00011949944238502652,-0.0013789143726535193
0.010162544820830366,-0.010187881166443176,-0.09746735916528254,-0.0038502721154438924,0.0019347439683995399,-0.0002519095196721055,-0.05201949629596415,-0.0025759809406670307
-0.1358346215431488,0.0031633189455488897,0.08376303586610082,0.007502133807743436,9.000942432779713e-05,0.0008963488546122793,-0.04182497389475303,0.0005765217132012948
-0.028878998004264682,0.007863484385863342,0.06238521749011227,0.0035161049275726328,-0.00032120836102388084,0.0006531101419817632,0.038432533021555394,0.00033855639805880744
0.05261367416282525,-0.005345912189230988,0.0628089866646465,0.0027801662251869413,0.0008789631330918257,0.0017990638253596537,0.036609261502524894,0.0016091092734262262
0.025834258906068053,0.012252082802292456,-0.09923375471384799,-0.010619289454251692,-0.0005106630101421872,0.0010345475570985407,-0.0058007929014243205,-0.0016938342421900893
0.10266162837149471,-0.008291575370409794,0.05252570553906848,-0.0143771154895568,7.708975969787646e-05,0.000446011669679717,-0.03571996727989976,-0.0018808006953267178
0.1328592648528431,0.013844737231602075,-0.08089513891553297,0.0008167438019082015,0.00030217365976260553,0.00029066611708675194,0.009161739281730997,0.000738894573802386
0.015522389407561926,0.010688204021480735,0.010203353400781712,0.010502898828691492,-0.0016151527607396673,0.0019626312324638865,0.012620965710957941,-0.002097357853430148
-0.05832066122258377,-0.009957216464533947,0.0887107597342893,0.0010713053382897769,0.00011930712937291421,0.0028672241194744146,0.04002545566089967,0.0008890028848591777
-0.09229792295791246,-0.00811130898698569,0.10128140058321056,0.009049166294603707,-0.0007195753367752077,-0.004516257272798129,-0.027159151443941102,-0.00047158991057252506
-0.16635261452548664,-0.01155106674297494,-0.1139701278600922,0.01615901903397519,-0.0009239755499095947,-0.00015045201074903591,0.021990409795863516,0.00029347736189203576
0.07942944383981716,-0.006594561774164739,0.03984732698448583,-0.003798312449123383,0.0,0.001959511814520709,-0.023258721638901476,-0.0005278791682754441
-0.02849758035996758,0.016062603402046963,-0.07062745362243172,0.0070893713949239665,-0.000564506108770607,0.0017589959506601768,0.03630626983831845,-0.00016054823420007247
-0.19193962322834265,0.00293686536984286,0.0027981355405895187,-0.015254280953963261,0.0002887339864331151,-0.0005094434156826359,-0.04820439714750492,0.0020088787612862887
-0.04710667643123131,-0.013233232450891502,0.041969811635519404,-0.012818661792961084,-0.0007424209152822395,-0.00432210044574586,0.0218608926739795,-0.002346488203774833
0.13065458034568453,0.011135957643568707,-0.049254574799762016,0.009733695146624654,0.0,-4.2376560628961795e-05,-0.025658265766984805,-4.1535588706592685e-05
0.0930246687893559,-0.008160535097611098,-0.10368937498273986,0.013684791721837706,0.0017819949823002271,-0.003298373283382136,0.010123113285784819,-0.003951779481962296
-0.1590624472186186,0.0028896397138206136,0.021363721595383887,-0.01616219679121379,-0.00016745455460651093,0.0005142152307425142,0.03953722771293532,-0.0008139975818690228
-0.009173839196714864,-0.014321361406029756,-0.05592644924240952,0.007763264170574858,0.0004811392854295863,0.00041710193160260367,0.04277018334090685,-0.0035546808063369947
0.029976454034611376,0.002729296471552247,0.06685921386614374,0.017693717139842434,0.00027010367956779516,-0.00010885189609205481,0.022908636236452833,-0.0007069830435037733
-0.04102925682602755,0.008433257073520247,0.0710621731894887,0.018086077893413703,-0.000162509027055939,0.001985760468064828,0.00035958180290205776,0.0009311328067671036
0.12774580705877364,-0.01607206377784993,-0.06319438424464115,-0.00558621125503168,0.0018902129326629565,-0.002040514107000019,-0.04983907755160345,0.001111717504175538
0.06879088376728576,0.005929954428715633,0.006395775492969489,0.00749551395873348,0.0001667404762042135,0.0009858150686577276,0.017143864671779318,0.0018699533863040714
-0.019976791339382412,-0.0004652234323803228,0.04459032780129298,0.010607943378678585,-0.001051571299468092,-0.0009503007869230899,-0.03379785980399932,0.0028930325182538142
0.08177552454971149,0.00651200023416401,0.0224961774837773,-0.009185602474289917,0.0,-0.001242180056436934,0.019505944034975953,-0.0020438222468025483
0.03135188382336508,-0.010992319806257452,-0.14571397715579734,-0.013909505588428368,-0.002115742860196479,-0.001184010987889117,0.03810717473637078,0.0025856465086850533
-0.11957197867738688,0.009849847079529754,0.08604540490663914,0.014202466917748359,0.0,-0.0005613337513671948,0.015795366860514897,-0.0015224962560144895
0.051608104786289764,-0.008058364856161241,-0.06663811455636202,-0.015555926228255983,-0.0018397339487737363,-0.00537209837588653,-0.037785124639307464,-0.004524330783444056
0.06360080670661186,-0.011584218459562215,-0.038864584976776695,0.0050855908372547404,0.002267798817269076,-0.000656614921268589,0.01659324835725004,0.0016559089432624924
-0.09686844551013851,-0.0023227436304938823,0.01712322787101399,0.012214934567039046,0.000295744747886989,0.0010686710809795163,0.028177970889045858,-0.0015330229837059472
0.06658180521643148,0.0069809335515488855,0.004302008322053475,0.019376718994340097,-0.00032292266496979083,-0.0035799047282666723,0.005504848489779481,-0.0011740220036684462
-0.07229900829925522,0.004818330890405333,0.003741133040375159,0.005343774282158956,-0.0008112574447638465,-0.0039466663129749825,-0.039598421191210785,-0.003702206549169312
0.11246986774116886,-0.014736641757278226,-0.004491876814966985,0.00869991784295622,0.0003378030036126911,0.0011178118452498148,0.03521468842079477,-0.0033531959749950437
0.038234267944762104,-0.002522727662294944,0.022370949218510447,-0.006201029691611044,-0.0007590594979867693,0.0010399239743765012,0.02272487304623903,-0.0021420375295768614
0.08329511565946847,0.011088625498778388,-0.07199686873124587,0.005394031019282501,-0.0005950070061811752,0.0035411009609754352,0.05225635511899176,-0.0015075563404627142
-0.038044216368379874,-0.016366891775302643,-0.08199489301841877,-0.008567925906337159,-0.0011214030425828747,-0.001137142271766532,-0.03346966182212657,-0.003076951295111005
-0.23331275699164242,-0.007385294750963893,-0.10343930545375409,0.010755345508384903,-0.0004723893232188797,-4.5562860084669143e-05,0.019617800685433954,0.0010430145075052812
0.07480379911882053,0.007140419455636165,0.04063987111447359,-0.01104365149931584,-0.00030421573302599086,-0.0015537000438547626,-0.02751565648979037,5.7854257588974e-05
0.00839372209058858,-0.003472329184367628,0.09207047132000395,-0.010328146544385134,0.000518757098777356,0.0031964445629238604,0.030258057299209804,0.0010067829907280444
-0.17327994522177548,-0.009754130722279,0.02308653238530755,-0.007334211590471523,-0.00011398851026361845,-0.004245001005682161,0.02648240143921391,0.0003971427714761711
0.10911098019943276,0.007814411829571608,0.007532482194585371,0.011168431891747922,-0.0011937496152971002,-0.0009234286956477296,0.040049096420632445,-0.0002956233570245437
0.013042219963423068,0.0014205114374458646,0.005162225623884236,-0.005267241367788775,-0.0012126264428302586,-0.0029794960337865928,0.029083820003874696,-0.0006701433301537774
0.08524272870462198,-0.015600187852605744,-0.001737112855817037,-0.0006299652695578688,-0.0006449757716964882,0.0021857221240996058,-0.05316230031740356,0.003678136999556515
-0.045793140749812083,-0.0027746160886966327,-0.09410081658293652,0.006354281156678903,0.0007194046307332225,-0.003688068505050428,-0.027501217152458547,-0.00040018308927674493
-0.04412487385048029,0.008416172609686755,0.032159533023395255,-0.012842210938187775,0.0003236988757019908,0.0015104370210367079,0.037897505746761755,0.0015298784340633063
-0.03691296847320948,-0.004256015614813211,0.026816186510002053,-0.004861602699646799,0.0001192472658173363,0.0039602517107948714,0.024587326628856265,0.001377830120096806
0.07203193852207149,0.004891560423954449,0.048200854634487374,0.016646628443728793,-0.00022251240358164837,0.0017129438554001608,0.008717211796513266,-0.0005289200059094152
0.0571161586785605,-0.016460199422309238,0.002392336881932537,0.01657915249745437,0.00012180349770132826,0.0030214700644876865,0.022242851998929336,0.0038570844669624936
-0.03909124909576929,0.0013379191786100193,0.06420391617366064,-0.013910585549333644,0.00012023886400853133,0.003938544730994705,-0.00863689142937356,-0.0007738705141900211
-0.16418361302632792,-0.007368097840961947,-0.017036749251944924,-4.1570746602798136e-05,-0.000149811931670574,0.0009664790023051807,0.0447693864739407,-0.0009485829971343043
0.09695945523392194,-0.015040337325323581,-0.05961291821034765,-0.0012781769098441503,-0.0017257431036040694,-0.0027082065057813147,0.011143302332887241,0.0028331152593396632
0.08369071150875873,0.0017645353524186952,0.02158069479932172,-0.01828324897812291,-0.0007526934694358032,0.00010034089583847716,-0.011074451218643488,0.0012374427851480146
0.015918708415528664,0.016430312250210202,-0.14608530903096187,-0.011183484084322069,-0.0022921060884137784,-0.003315112652707806,0.022263001938777702,0.0
-0.11721716242424751,-0.005175869448732271,0.08878149141990338,-0.011038409350163569,0.0,0.0018633567967969945,0.0185185350405715,0.0011832043054585718
-0.07371390821736327,0.013742320720108168,0.04588595157672702,-0.01356619785182283,-0.0017038686914746433,0.0012693095825985368,-0.042705826216596215,0.0012425710634154652
0.11050239929603263,-0.0009144892277398005,0.004847197272203041,-0.014303432881906794,-0.0011934917981094046,0.0004911600017156786,0.03404690656685999,0.0004050895625122841
0.10544328208547553,0.0070777059354901715,0.03607434897858369,0.004011204517677838,-0.0004741911481979444,0.0010236514517137554,0.02687899850199129,-0.0002981587578262668
0.06389647640363909,0.005499633425345693,-0.004661095729126665,-0.002085463279808529,0.002221770459978354,-0.002384944930546264,0.003482097274833177,-0.00027260749787044736
0.04519117301842339,-0.0053505567051551906,0.08051089953904413,0.001545349037897837,-0.0008890526975254578,-0.0035633211800417774,-0.030975649498889982,0.00020240787712216823
0.09123364286337847,0.012655301940906194,-0.004924459718530746,0.003641018826068405,0.00012736771616322223,0.00029129075542147097,-0.049454571656118065,0.002463503431171194
0.01402160729124222,0.0028388993280236904,0.09155993850134382,0.0007572136681472276,-0.0009335798209263726,-0.0003832029974290968,-0.003575271601945238,-0.0019977989278456877
-0.1792362835976625,0.0095920484995446,-0.16421405467845354,-0.002323487746805582,0.0,6.826671978221732e-05,0.0054012838930070535,0.001080821876066988
0.07200365208104413,-0.0005800028733042565,0.05868067648731009,-0.007495962790446354,-5.2811046770366036e-05,-0.0007331412378190412,-0.025736638102482275,-4.390905820628177e-05
-0.08999758978335276,0.0028378319567861424,0.035424502736525434,0.017183684031701403,0.0009939230910192465,0.0014594123597337794,-0.024438348788545165,0.0008473525656585504
0.07092067100355698,-0.01376929865537212,-0.04869728723585487,0.015440973965351336,-0.001073803578709839,-0.0003243294184127224,-0.015073701974978754,-0.0047427388941689436
0.010676033390834169,-0.010179146989717443,-0.13972992368924386,0.002912452297748835,0.00120462236702102,0.00022995204696879545,0.04521886766745114,-0.001678454292398602
-0.009590432949102943,-0.0003028821717358937,0.028001342761075187,0.009783671439050656,0.00033250907846355074,0.0014461548407877435,-0.00131364976328504,-0.0008500107888031125
0.1075896163598757,-0.002641767352297759,-0.14239707579971644,0.0106019443837437,-0.0011297031708720122,0.0009551736841530434,-0.0022500331273147775,-0.0036897274065484623
0.08137779544699507,0.008191097998745806,0.003425329020850369,-0.012359160617268512,0.0005928626155402623,-0.0009056726212954974,0.038878264482293146,0.0019875363459199344
0.07000648912501975,-0.0016231706208568175,0.07522942620828689,0.0022545207429347934,0.0010714574006009093,0.0009869686156440858,0.03941703037610572,0.0
0.08040066923490481,0.012592708155732844,-0.12668041478598963,0.010696155931298601,0.0014943445300253271,0.00015146783022892962,-0.03043824817050719,-0.0019686588447593613
-0.0377945408293703,-0.00969033004403871,0.08624421138439377,0.006975841496126935,0.00023741636372924535,0.0014439557943596501,0.017104821877311317,0.0016026379851818461
-0.22924781803404856,0.0037122873950565616,0.07168155976199413,0.006655075864278468,0.0002600215856471456,-0.0008062452260929102,0.021573812293769062,0.00021836639203146047
-0.0013000570376771456,0.010163181618945218,-0.0021801754391494485,-0.007985635607402074,0.0013377686334149973,-0.0031557418581465322,-0.009073755263685092,0.0010943115737209498
0.047897178071361304,-0.010270431564560242,-0.031434851579026445,-0.00210971691151281,0.0002870105417058996,0.0031469870533391803,0.04258068446933473,-0.0009215756210953948
0.09758255590176901,0.006469677183657159,0.008051186223345453,-0.0022584684259644083,-0.0011052381025369318,-0.0008702591776807334,0.01904166197542972,0.0005088571586553403
-0.016987045865357906,0.010559498236572564,0.012412613239984228,0.0024447044270346483,0.0010335560935202763,0.0012614148239877563,-0.025002515116475825,0.0024487789890674594
-0.214565969040779,0.00513475551491549,0.07520409640462297,-0.01595255012599036,4.661232567496065e-05,-0.0007717302739041504,-7.326097806136318e-05,0.0007589446454536162
0.03733989222363974,-0.0028864672020388364,-0.1021449295909707,-0.01231187250530918,-0.000333158425369344,-0.0007373233184459963,0.05043323956038805,-0.0039582693610089375
0.1177398983369495,-0.011075055592815915,-0.08857486329173,0.0074115849153189315,0.0005997397583772796,0.0019707960922930984,-0.04297494084375115,0.0020317951115525635
-0.1782626193356537,-0.015414621760769574,-0.136444801408931,-0.0012006581469687565,-0.0007073678760626256,-0.0018842209963848024,0.04874265402111116,-0.001969644553018938
0.10965158493922049,0.009789639683908629,-0.07872847107062818,-0.0032985363593131325,0.0001578654372573901,0.0015009115715084484,0.018404641615430935,-0.0006659829141131818
-0.04434680009971283,-0.005210174348485488,-0.0036515753673698617,-0.0026767362499892336,-0.0007737640060527795,-0.003720256031184217,0.008381473785046282,-0.0012779141702326
-0.13910904806071514,0.00494203071074326,0.11181506945136441,-0.003720126326851811,-0.00012716174039690414,0.0011584881324218411,-0.01407398662344989,0.0005956580334268135
-0.0011856358922311442,0.004428980385944099,0.05546215261818775,-0.005178072732327027,0.00012366261061134975,0.0027670600072118817,-0.0288258589585286,0.00016171515449121202
0.0956867872434301,-0.009424833125385381,-0.13900329824563454,0.019180800517644613,-0.0016945695892659307,-0.000503932211119832,0.04545014172929015,0.0030534715142118323
-0.08983674675167642,0.0012573785575261745,0.04846600132170839,-0.011743519445591998,0.0,-0.002648582545725069,0.011237886926122728,0.0012696668162137147
0.030917943859840768,-0.008000473477341277,0.08716374718704897,-0.01787217607394919,0.00024386879236273917,0.0009937747735430922,0.03601393853475883,0.0018373004231423862
0.10811518234562026,0.009175664322371225,-0.05496761207164058,-0.0055181903701792484,-0.00040313641135902856,0.00032411680274258784,0.005195367948906305,0.0018775882414221738
0.0338862651366959,0.010486265840287872,0.08079720138951517,-0.0064545648913089575,0.0011394624821625188,-0.000981720019889068,-0.014119359764359098,0.0012431977069691834
0.034046815890213696,-0.007336880181798785,0.07830975377111193,-0.006572816203033365,-0.0008571421779360963,-0.003761583138506049,0.02275898371179252,-0.000262182226657276
-0.10492064149689674,-0.008435697369893759,0.011805869084245767,-0.015350550726213634,-0.0011569834567180754,-0.0017987421570056501,-0.006912347357726688,0.0008598854366738962
0.0850959208330997,-0.018127284358196195,-0.08539196537231113,-0.016428582818865153,-0.0018837826194163766,-0.00037808384539994924,0.02744321902388769,-0.0007847522951809144
0.08390006146835585,0.001190818785415622,0.04939480270321131,-0.006694384113856915,0.0004079975214741474,-0.000617499387770132,-0.0002208896095921009,0.00019773534737848713
0.06440079579972104,-0.010979613847547707,-0.0744085260587446,0.0071905414199265865,0.00010602641859380323,0.0016162389575528125,0.008745652409348785,0.0036093662708401105
0.10121851399419285,0.005082532852575177,0.061736072678837565,-0.002640473302217294,0.001683459849859809,-0.00078977576536296,-0.01922612854382856,0.0007280880623488316
0.06835282986161753,-0.005853609154554074,0.05261733398272896,-0.01692027094127657,3.8942175277348334e-05,0.0013140528483633579,0.0029546132568239194,-0.0006975211206368304
0.08495783986726979,-0.006657596271898593,0.06512239261507269,-0.004374086986318313,-0.0006787534807369111,-0.0008728814241944128,0.022407784640024103,0.0006624229231086687
0.0679166775045809,0.012940170332829714,-0.04088213141874087,-0.003120969764975436,0.0006465738730240256,0.0024079279067250083,0.04402046572819341,0.001097449338753839
-0.20181693676066179,-0.006514013347783213,-0.17961199679704784,-0.0075674360142555,-1.3110452928399852e-05,-0.00010380389351270758,-0.0044271039751011395,-0.0002983834217752803
-0.017375113092581197,0.008435691014716034,-0.021804374185362487,0.002102057751635095,0.0006841713891645157,-0.0005283756316743146,0.020617292429547844,-0.0006526516835358077
0.012951036861632135,-0.00988631949673537,0.02583899342918352,-0.00700876694737616,-0.0018062849738722413,0.0017282678392036377,-0.0510817526732276,0.0006034388652345173
-0.20600028219355404,-0.004448085371937192,-0.15633394566511097,-0.012404499077255148,-0.0006244967026118875,-0.0010406660715797293,0.041543222522986985,-0.0015780158064826334
0.08111326456526805,-0.0015986898762785084,-0.008154561204980156,-0.003020358971614554,-0.0017317459747663924,0.0028157810483159036,0.04941030583021568,-0.001929897338366026
0.1315658749838428,0.0061892215937829785,-0.062009833158839,-0.017874965403591132,-0.0001651429795509543,0.0005450181654335026,-0.01892647826763242,-0.0005622170410837224
-0.2024750216407982,0.003534681514789713,0.04339248200002465,0.0009923798261734429,0.0002034742343410556,0.00027040290596421694,-0.0008288745318910247,0.0003075118130599514
0.04963937686569358,0.00816115965281328,0.007768371266182399,0.013255054171610957,-0.00013762120213245757,-0.0008070612069323508,-0.04910679601994544,-0.003590412134542212
0.09886865951390002,-0.01876398926870528,-0.1054084567470038,-0.011929426695653339,-0.0005915368753122638,0.002180867400201924,0.052449920712125904,0.0
-0.10640789313400914,-0.012447919761767528,-0.044249686813665604,-0.002387126646402256,-0.0003192736116156003,-0.002385305745150533,-0.038840589729423884,-0.002029585055156635
0.02534507409284768,0.007188802157353505,0.055218420191873036,0.009277991762499037,-0.001286465508128859,0.0014547633019638528,-0.01763977718975957,0.00021319217377009647
0.09155691121047259,0.015351976164891496,-0.03852118217522838,0.017744522397343095,-0.001206868973389895,-0.0005116941509985054,-0.02696339049511259,0.003192401761824402
-0.11949016241729327,-0.00537996435997713,-0.16355473551115837,0.000173676832497015,0.00016560270053805892,-0.0009729269332050495,0.017263143714571317,-0.0008664176080422177
0.12363207001033487,-0.011405645048316015,-0.04920601026541774,-0.0029441973776198767,-0.0005690384087576883,-0.002944674722445195,-0.010517623039522153,-0.0009144307071596696
0.06082875433328587,-0.011162882692975573,-0.13237763932702662,-0.0048691395923940875,-0.0028232927972481506,-0.001855419737185806,-0.0332616745851188,0.0012513929497332543
-0.09715277015277651,-0.00655635148608916,-0.16864897994849656,0.016027650806185345,6.879469509529779e-05,0.0004373486531266099,-0.03000680926018563,-0.00219058489677886
-0.13681268205667002,-0.012198012454487808,0.04432715593484383,0.0014354653904423106,-0.0003390421074230682,-0.0007003452994397987,-0.008840159681374787,0.000991885051980513
-0.1609618314837627,0.00047265875340175487,-0.10021356327693143,0.010990618395109134,-0.0007163810652314327,0.0010426491905123011,0.010339560651397888,-0.00016714043289794978
-0.05312320538597385,0.0036033626154354727,0.04989013358655033,0.010862419371721506,-0.0002098835805487637,-0.004605428989889533,-0.007100917323038525,-0.0008488648270054822
-0.08536737902698713,0.0034172249836877744,-0.0036750904583407397,0.013012527258714369,0.0016510269965540566,0.0009740176961636956,-0.030336917493966636,-0.0005265002920872147
0.10708713851160144,-0.00912825009660895,0.09038744088558928,0.00922580421280412,0.0009910356061671433,0.0012110307804594257,-0.03507550502902621,-0.00020895656342481694
0.05260287279133211,-0.001820353015661821,-0.10510786853756927,0.009056909630531873,-0.002041770639191511,0.0015383920118520467,-0.017384392474154544,-0.003812561806115
-0.04201341334101756,-0.012956400193440014,0.10891361504055583,0.005832809521253381,-0.0008490140352290065,0.0016793027758490084,-0.03690943971211034,-0.00012408579799386837
0.05433959166107196,-0.009691084854013588,0.02788311632096521,0.010987058107580655,9.260358547766301e-05,-0.005638168876714203,0.022831471514614895,0.0013222448949111384
0.04482431297069504,0.00503574516642659,0.025076663404148162,-0.004555959649337795,0.0010175541322366638,-0.000613989695895073,0.007622971529616812,-0.0010187886409018198
0.01375464146202631,-0.01380559570131517,0.005755816618040942,0.0007980771357920819,0.0012202236395749133,-0.0015850270214030468,-0.012369573835589936,0.0026994747246157098
-0.10425287834920793,0.010870378176149607,-0.022159216849699747,-0.010279091175118927,8.145065392381468e-05,0.0,-0.00012346173279799633,0.0018092717274666322
-0.12996244465400644,0.007896946780159609,0.07310601232612791,0.00525983809458964,-0.0008083686661487458,0.0005408488535493636,0.010609625637086445,-0.00010591042424870634
0.1314398884960227,0.008697119718495502,-0.09274338055982267,0.005414819302809499,-0.0016863178398644862,-0.0012271059539774656,-0.019908335226681142,0.0015287493304253143
0.12064236791056018,-0.00690229779247965,-0.014943027909286597,-0.0003971274773980026,0.0001914610543024553,0.000700035457504018,0.002208163526158116,-0.0002799948069253749
-0.10092652505382717,-0.004135349566337867,0.08772676540937693,-0.0011195668876433859,-0.00014022108453915633,-0.0009411700653162144,0.008051540378764733,-0.00209512817250983
0.12731600655368536,-0.00482049185565808,-0.020907274468724434,-0.01770323968332924,-5.620999062963539e-05,0.000349087949170784,0.04227156166357614,0.0009243729269090281
-0.23541603808153178,-0.005583899602200881,0.010934372190214663,-0.01916324092057173,0.0001291607581306864,-0.0008960110541109514,0.03781211196546763,0.0005423282794299072
0.05640215175344429,0.00871788299803423,0.0047142133066259305,-0.006384320764779638,0.0,-0.0005630803320693101,0.024396843770524177,-0.003523101889598162
-0.26410427288678323,0.012037007823678562,-0.095991387414139,0.012631163734778697,4.88177886397434e-05,0.000199537946404783,0.024253021753472326,-0.0008905986921661601
0.09200277014639227,0.00011459728808581315,0.03161182038544592,-0.013804029587656617,-0.0005987589475162677,-0.0034863485427838814,-0.008088263815504159,0.00030939479866983486
0.08127060108287601,-0.009609552514356202,0.0637139577960221,-0.002543907538697854,0.0005955637312334006,0.002046265508179738,-0.0038047566582759098,0.0006924579000876232
0.06015254281518417,-0.008873558758545355,0.08147362408363941,0.001864129785936033,8.10724166918908e-05,0.0021703875924398027,0.001346965339218868,0.0004032255772684532
-0.1404276629595465,-0.007131001162102544,0.10239668818807791,-0.007687347066382568,6.255277830193723e-05,0.000770210647707875,0.02045394460514404,-0.00022802501930265054
-0.004898345342668664,-0.0030451235664613174,-0.08436491738547394,0.008474061370755417,0.0017588909885471859,-0.001910122130816573,0.008189010220600902,0.0010169387806944347
-0.02832350141394658,0.007672957322802881,0.09845956347553672,0.005439861716720233,-3.999013185446154e-05,-0.003830001697946653,-0.006054149897250908,0.0018066038414019919
-0.07621746863540844,-0.01134449702064483,0.0944573453593371,0.01087870406276682,-0.0002243856663596694,-0.004601561662739283,0.00978521995056009,0.0003829240514455197
0.035912283091410355,0.007393544127638919,0.011222858896684876,0.01296326046792019,-0.00028657102459345163,0.0024200241106132237,-0.04194801462053743,-0.0018997777533912728
-0.118134543124811,-0.010436308230890767,-0.13777273076230087,0.008110338433520048,0.00045030035223332654,0.00019132717555597756,0.002493289916859283,0.002224356908606456
-0.1593177585016768,0.00551689826106575,0.06516699909032359,0.004161111434448626,0.0003479008883849849,-0.0004712602429418483,0.012065198703778823,0.0004137618677856452
0.07255320459379067,0.016901632204309788,-0.05233224203843168,-0.012856964382058725,0.0006578381026115243,-0.0021745201961754497,0.03175342540581551,-0.0016307420864455006
-0.22468967567711493,-0.0060001166847342465,0.042344207983817043,0.0028178850374997516,0.00046229190872407595,-0.00041897885513869637,0.04013464514896478,0.0007195631369243846
0.10484204644151664,0.005790630456786023,0.03845076088293805,-0.00544473228016216,0.0018625699974828434,-0.0022112143375727132,0.04093006614840311,-0.00038207572830900594
-0.027966924232068244,-0.00840324309104608,-0.09300193024383101,-0.00553018601722062,0.0019289652758894271,0.0024926093916232996,0.04901315849490775,0.0033027495145858655
0.07376884541174819,0.006039875861461386,0.0726661813185234,-0.0020231212404875284,0.0016633754656206728,-0.0001570862623215541,-0.009221928216261917,0.0007969299795065905
0.03186356795722157,-0.008713350016288205,-0.1027818710507268,-0.006987920659842845,0.0016366684259994588,0.0027073477650276273,-0.03981376598862473,0.0008784284650835972
0.0350151256919532,0.0,0.028275909638460477,0.008205463524041414,0.0011013894067756873,-0.00018037587023650437,-0.014234591463008414,0.0009531310522354464
-0.12581258189193442,0.0025929871055783635,0.050921044256077096,0.01732645849547596,-0.0006886792992633644,0.0006107057196657354,0.031177409438325122,-0.000415057919341464
-0.024368726840914273,0.004525325450852789,-0.064921023478148,-0.004297571447251222,0.0006261668638317952,-0.0023692743513551817,-0.04822901692677169,0.0027314020545046473
-0.004377299846681039,0.0016937041438231265,0.07353277352291082,0.015164461045235526,-0.0006458147645860002,0.0013014143826750053,0.010571837414505077,0.0009022404000729723
-0.18482338107807883,0.0007797503059575395,0.10486663920515779,0.016951151617136343,0.00030494515515166326,-0.0019003136997651805,0.02801813880892325,-0.0006913554668745549
0.04565006160042733,-0.000992450906930964,-0.0011062362466086122,-0.0072171415918478934,0.00016153061386880996,0.0007597496423846944,0.01473387593012171,-0.00040556284790531014
0.07047522009964677,-0.014038086685770971,0.022997293876336495,-0.011997457409837473,0.001726681255834625,-0.003520920414675599,-0.025592496688224293,0.0027021438764749254
-0.10231847996700356,0.00997412185205434,-0.047282626574072305,0.012164669759971896,0.00014083165033565437,0.0006889011404542767,-0.008421812224592826,-0.0015377659407533936
-0.19007064460570391,0.0006575624330035528,-0.05191494040670488,0.001677378584012304,-0.0001931474310892245,0.00033739954283966466,-0.04727646025157222,0.0013526188174214546
-0.15691216277892844,-0.00765053007920279,-9.587562156727242e-05,-0.011770998350547703,0.0006136697735436477,0.00016595413995273978,-0.03781059526362973,-0.0007306041689956979
-0.03525539183179362,0.0005923178917348443,0.0884294813138638,-0.002535224348176,0.0002768958030830021,-0.0013101946635390976,0.001910293548526079,0.0012675028464767077
-0.05270662629104942,0.010236387354939999,0.040929892099122386,0.0036413178227942067,0.000561131085240875,0.0014818216106263844,-0.02142223493570626,-0.0002639662659458947
-0.03677808484301581,-0.016896566898137417,-0.02868275228603222,0.005573265555458324,-0.0019635551372012617,0.0028114584442943597,-0.03790649862349136,0.002540034899852772
-0.28518355160042375,0.008624283003560022,-0.16123230126238258,-0.006384252616294984,7.0689414382763e-05,-0.00018208124958500523,-0.04784876971615523,0.00013236938023926433
-0.15122944467782168,0.011124858119437642,-0.07620688957749411,0.005344905681873855,-0.0005936425217952316,0.0003540678900453842,0.012023880319428307,-0.001122025920860629
-0.057432972177908444,-0.004542446959493875,-0.05023139563467256,-0.018165106537691524,0.002296956353717544,-0.0040806071372454155,0.029572385374468328,-0.0030517178033263466
0.08018016681809459,0.0010462903170368935,0.06740305117683346,0.009541152215064018,-0.000838638781829175,-0.0019195754380629958,0.0353150904481913,-0.0003310661208641985
0.01300924419010785,0.003602229896170753,0.07864360912936472,0.009743501498994325,-0.002357045286690134,0.000447626200986743,0.019844410762215076,-9.33848077192545e-05
0.0831651478765958,0.005313330954344351,0.006304666805048133,0.007819909169770952,0.000126113782442705,0.0017922688233976685,0.03389514144222881,-0.0006115297221877218
-0.09209504764330438,-0.0003499847713956533,0.0021378810629565474,0.003875530033853359,-0.00043614669957678056,-0.0026950739184593655,0.010873478954089673,0.0026993018587280317
0.10503179823215489,-0.0027565050528246824,-0.010266372721778497,0.0028068147287556096,-4.7258067568126116e-05,-0.00011944145940827483,-0.03555201613178161,0.0011298448858173458
-0.28025795018890776,-0.004656884478482917,-0.08391521059156977,0.009458167984957463,-0.00011014581566270998,0.0011037084335183015,0.04508265362852142,0.001264356763191567
0.09864896424904994,-0.00664514149658992,-0.10318190541565998,0.005386853758940544,-0.0006665691318093331,0.0014574551805965528,-0.03243293700839615,-0.0028854270331045797
-0.23774822568687132,0.004111269402173096,0.06523192659686132,0.0025999253785142524,-0.0001518467766092907,-5.8944573252484764e-05,-0.030222850382253964,-4.246030107685206e-05
0.034641034056462607,0.0029528305875075587,-0.05070944416824415,0.014165251302337862,0.0017986800655975113,-0.0015726458659401435,-0.04516679761960264,-0.00206649599078849
0.10157445438598349,-0.008499937813459113,0.0034000698354446895,-0.01594492890838542,0.000322816685837779,0.0003270434082242873,0.0072931330971827526,-0.0005843615946219712
0.10098755039392082,-0.003972445372870993,0.03267969820831933,0.016822275979266586,-0.0020219691950827162,0.0010093666325345252,0.013247843476027686,0.0004310782557241932
-0.041316416001219144,0.0044809246663836165,0.06310259781615418,0.009309756098417528,6.639644523187375e-05,-0.0032373155405785734,-0.0265162946472488,0.0010636426688475395
0.0893975981865301,0.008378282744440746,-0.0929094142796976,-0.0008760062725624739,-0.001124393044328097,-0.0009508008560402264,-0.03708413759428556,-0.0003087328420573812
-0.10684268889916575,0.006320992507288363,0.06992835979867279,-0.016980138773482475,0.00017606040372489945,0.003453918338451066,-0.013270098422708486,-0.0012868969413730449
0.03269136075111707,-0.005162942510569439,-0.007972169039722464,0.000744953203735043,0.0012318297996425386,0.0023490309021753203,0.015646065546280136,0.00043784843074456264
-0.038233060114866525,0.009861837672970306,-0.040960259452949836,-0.008414817339208359,-0.0012790381767762119,-0.0003583388886676392,-0.006816674038364142,0.002536932573400351
0.02083227415178792,0.010420306206607898,-0.012369737202628506,0.004488802154368292,-0.00044727050908000953,0.0014288163241162057,-0.03271537059594936,0.0007433722463388084
-0.05301767397998997,-0.007111183120311999,-0.0064414801694974355,0.011936402295709582,0.0008366978133903941,0.0012988002014209152,-0.023122077420374865,-0.003474767586676596
0.08117008554663412,-0.00753609005007205,0.053262846500153616,0.0031130497589403473,-0.001332194759621898,0.0016014541076445612,-0.0030018830573021738,-0.0006695743731536252
0.08431653644926694,-0.003347741804675572,0.04831344059007754,0.01148214160490934,0.001577831634354715,0.0017466788379136746,0.007303926812036121,0.0006990570726140288
-0.19474666254882603,-0.015920337458683504,-0.16794943683769956,-0.017282040875065012,-0.0001264177886049489,0.0003916764392190089,0.04327630529433615,-0.0016657960318675722
0.00032157831733914074,0.01090772623049291,0.021500240371932586,-0.0023506624184650607,2.736014082603544e-05,-0.003534579714497839,0.03249327577412406,0.0014675579574438217
0.12000936649970517,-0.0005268045977873058,-0.039750116643731244,-0.0037159061334918254,-0.0009299874381166598,-0.00032376700942186713,0.04446633141019958,0.00033017061937126724
-0.2513331892982008,-0.001332473461457575,-0.0030757599879750862,-0.01928683022414999,-0.0004648388578771848,0.0,-0.038296649692425744,9.229536920868364e-05
0.08599338378705709,0.008559482710499396,-0.002254127123426525,-0.01044415586196218,0.0,-4.214519775389003e-05,-0.006767923194662696,-0.0004534927119113082
0.1065651912532797,-0.007551623541195254,0.019480684867951976,0.016244196903066412,0.00019483248393928343,0.000598651960242202,0.012251712428126785,-0.0006623196354093298
0.08927171878968056,0.01282123978391341,-0.12316747909886545,0.009506305310221327,-0.00016838879335660112,0.003504455222288712,0.03771907712006671,-0.0027145106002607828
0.06743335065474884,0.009237861844503868,0.020891357850522853,-0.002218864698347728,0.0008445620458993403,0.0,0.03688465940272067,0.0014544865022022189
0.05817573057195482,-0.0015494534836450297,0.077857021644033,-0.00458875265325004,-0.0012133217235801319,-3.596416203417718e-05,-0.03932693557048394,0.0
-0.14251165543312747,0.0031243634908924545,0.08651648713734761,0.015691308951764994,-0.000851256990995453,0.00041445282975339105,-0.002037649161455422,0.0003946814897247755
0.053663411555781755,-0.0032841667717751653,0.04201760556740581,-0.021038257002510177,0.0016913759313267813,0.0014697927299086588,-0.03394002172499986,-0.0030312592210157995
-0.09895574540865062,-0.005274916815795205,-0.02414503047431947,-0.0007192679160783664,-0.0008412896631391383,0.0001346136098590578,0.018173407218114047,0.0012868931381691828
0.12146558081950612,0.001658222071480945,-0.024612908578728384,0.016596511486981345,0.00022372311341299633,0.0004308103849640063,-0.03817295458200534,-0.0021974095977124034
0.11802006681458464,-0.0031993853430927846,-0.08183782566920615,0.01817154362925781,0.0011130676811307082,0.0018118321157658903,0.021251251416307345,-0.0006973879564225877
0.05276647821203649,0.005260916153203204,0.05053531787066861,-0.004417936830672609,0.00026973977687005934,0.00049291793538615,-0.007519309148559702,0.00136047837926297
-0.12196929783398076,0.008560620028598016,-0.1193485180109087,0.00817077661685101,0.0002319881848596994,-0.0009183209514177376,-0.044111146358191224,0.0009682269363664671
0.0994921338740158,0.00343250706703077,0.012560042510169333,-0.021024092683818055,-0.0004818759461398151,-4.8307301158095894e-05,-0.04493429664186968,-0.0018826060288579956
0.03094363079339907,0.011359339736563251,0.04671252696112513,-0.013308196979038402,0.0002953997428352742,0.0033175797242638253,-0.0283413259660859,0.0018740309486823725
-0.26010256323805536,-0.001893161395310402,-0.02378942316801946,-0.010637993002490655,0.0001434562499144365,0.0014533826944887688,0.04694880059313412,-0.0014882218590941039
-0.028547930549455647,0.013440721677309982,-0.0062571565982580445,0.013120473205511667,0.0002091691338824194,-0.0026720908675964042,0.02370471414125499,-0.0011289185668643185
0.08146975290339034,-0.0036040395867226937,0.06967083012966921,-3.992088030385643e-05,0.00026450432379054504,-0.0002908305706265878,-0.03570419265610242,-4.1809900767702844e-05
0.07421401321684928,-0.003865754152318062,0.06322325857170684,0.012780722466406741,-0.0014891798638213116,0.0018313800023899128,0.00047845922976544065,-0.0002585079363643661
0.08673679872459569,-0.002891142283368548,0.04848495470156893,0.014043569392643392,0.00028588087770030276,0.0008595877251708105,0.020884249307759298,-0.0006005135057137179
-0.12766853394865357,-0.0019004888901357536,0.0895930817017548,-0.017942324611289143,0.0002513713570047524,-0.0033437887007149777,0.03198923206067612,-0.0010972808115743515
0.07269305666394411,-0.00019766719653649018,0.06900512500476759,-0.017114502484574863,-0.0014691327877891158,0.0008025592768368502,0.03007271931513353,-0.00013856957258176483
-0.03301923317026081,-0.010710447204722362,0.09350912649812312,0.00875690992858258,0.0001647359745199431,0.0005060569431369987,-0.0035402645874998027,0.000655354172746471
0.10417316618913086,0.008072666065647641,-0.04335819671715055,-0.021492819474028493,0.002154937204870902,-0.0014148009920624271,-0.043418342795000245,-0.0005187203996814436
0.016440719990559523,0.0037122565726799466,0.07954944282010266,-0.004794091960492832,0.00036880977564792935,0.0033092817091862304,-0.0002147965082542206,2.645070196589938e-05
-0.03718516151509417,-0.007671348736106629,-0.07485136701811339,0.002098371594334375,-0.0005617667519212761,-0.0028225800898981327,-0.024660053574973265,-0.0028890493122908866
0.059828410006440486,0.0038076676690221045,0.0932790107805938,-0.013588105344553526,0.0009612447766693171,-0.0016515196896281453,-0.03317613967325767,-0.0008379249220447499
-0.23640364788509444,0.010605266228392961,0.029982248240593402,-0.005495511463285475,0.0001491047980497484,0.00015460809802390167,-0.03189675892249116,0.0007306790188133089
-0.06714118089464012,0.002432208923812713,0.07410474828079862,-0.009027607236634465,9.63243640586392e-05,0.0003726946035424515,0.03473548004610073,-0.0015356967183608973
0.05109371564474561,-0.004600989250968705,-0.0069500586837401915,-0.01706289071347696,-0.002371959132353981,0.0035713417314210834,-0.0287207480171731,-0.0007152882805300086
0.04905689570839294,0.005031795409838827,-0.021743614705775852,-0.0024578252070889105,0.0009436295864776994,0.003097487904259478,-0.023385222621374196,0.0022564683317793576
-0.05508830044562333,0.0034804878917002943,-0.12327314559587504,0.007534467542576893,0.0016351954146985935,-0.003243733550030939,0.005715495377923184,-0.0011431828904951147
-0.13102951118032943,-0.009363956831671526,0.039394677906241224,-4.698970287579433e-05,0.0002892353793830688,-0.003199409181518199,0.04058181189593062,-3.572849033268988e-05
0.10111045527618924,0.006380664024704416,0.05689446267316259,-0.005790709175344738,0.0003175848068216018,0.001020752836180183,-0.03764610934762222,-0.0003832684784065843
-0.06425188044371802,0.008993174355677726,0.09943396906004763,-0.0023427377456160135,-0.00023617630957541852,0.0005238013681559747,-0.017651058842992725,-0.0002894846315252106
-0.02111132022746407,-0.009355576298625387,0.047086379285578746,0.01351204260867315,0.0006529443974870971,0.0003989471754333035,0.01712368476481031,-0.0020180801028726394
0.1035603489973415,-0.012088782635368722,-0.06256216946878407,-0.00856810279921371,0.0019982422829825514,0.00018241305737418806,0.03239224752766411,-0.003748942814482789
0.013729701210293143,0.0158420205766895,-0.1497634998918109,-0.01162430349709551,-0.0022785219563045134,-0.0032069302848001307,0.010916937684980648,-0.0030984724493105043
0.12394732101627855,-0.017882750992559697,-0.1337206647578022,0.019561666862020505,0.001736055850206703,0.0018843714055619392,-0.012011616194192266,-0.0008468241744426785
-0.19348805125080823,0.004648743497849438,-0.14101648426555213,-0.0004201145367707302,-2.4390929912687653e-05,-8.298474322563525e-05,-0.018656418933854894,0.0008811277751599887
0.0548802347613714,-0.0023558676779549628,0.06254549538419454,0.004932129849072023,-0.0002987786776922352,0.001838758101396599,0.03455427849692244,0.00022616152443639465
0.09248921116087894,-0.006600196797187675,0.0617133612894673,-0.013144379980120165,0.0011625195120330994,0.0003533796422222346,-0.020300714777428553,0.0012145601633022165
-0.08553534766683654,0.0024104812570527163,0.08820699098996294,0.010624177342772972,5.2114345097879766e-05,0.0037310626626342156,-0.03217590567494394,0.0017377213170054076
0.03394927140323225,-0.011645781475985731,-0.055212989334638314,-0.011488880847220738,-0.0007539664786050757,0.0037977848612028896,0.030685121729079296,0.003617222717560217
-0.028344773180655102,0.009504526286382285,0.0812111101264973,0.01774162461252394,0.00010143187172928503,0.0031409004035984314,-0.011899951372294618,-0.0009792464166996817
0.06040622605426237,-0.019107432164576624,-0.0791546728299329,0.005724552456279979,-0.0022862097757240505,-0.005437656789342863,0.028804260782051953,-0.0006157945258246523
0.07668967874856933,0.006902979475564079,0.06423769639529736,0.0026343673410198485,0.0007616237372251352,-0.000984538234582194,0.028824632549595393,0.0005260289948387249
0.03566835603648345,-0.0014372508356072895,0.013567543346351608,0.010407486152101535,-0.00032661911910193686,0.0021878381005091545,0.019491604197531473,0.0025827430020035225
-0.05032539705689514,-0.009235798424364342,-0.024440943380381584,-0.006624585915075919,-0.0013030399402852106,0.0011165938205605075,-0.03641883883129271,-0.003204872871753075
0.030975818617511235,0.005576174047896811,-0.05348136422234354,-0.018221884234918755,0.0024007235038923,-0.0040829994010853484,0.02058040190458921,0.002828848451373713
0.02782743921696118,0.0078287169777314,-0.1252010209523857,-0.012714452968584552,0.0007760361739293961,-0.00042308757797686336,0.027646246184791785,0.003685822629904741
-0.06592993063295167,0.004989678381957173,0.050035407526098155,-0.012853758383750207,0.0003604586894796341,-0.0004354470811135151,-0.03479518410911215,0.0024871021460042037
0.031814075541184254,-0.013132870031169025,0.0521543576312727,0.018445453566874062,-0.0015177572603135442,-0.003348022478656342,0.011567758955191654,-0.0006716528468792005
0.06528265641789593,0.009585844826621549,0.045823874807162816,-0.020597349523124968,-0.00016127297911636834,0.0011050792176243072,-0.04039769541508165,-0.0005709433084275638
0.10857208173726028,0.013574794622804913,-0.013415965531295765,0.01691256402483406,0.00018424340204191878,9.834829294112779e-05,-0.00320676301322878,0.0007979277782783587
0.056629034366251746,0.009068187754203661,0.07858850489808313,0.013802547543423752,-0.001894939580812694,-0.0024387629465231677,-0.02375926018786295,-0.00023949038915169196
-0.08151335186962855,0.01468989220992496,-0.0013982662474318185,0.004436445364623439,-0.000365792212809031,0.0016790807623631983,0.006982619324482842,0.001026714868786342
0.0938328217956372,-0.0018078332730176161,0.08174603052814532,-0.001393296424147129,0.0007808432265781543,0.000621508477581861,0.008239391194699413,-0.00030719172955825935
-0.060441427167152735,0.0028936412489594093,-0.1032339240684343,0.011906285063330411,-0.0021555009201490926,-0.0019781862029020782,-0.0522808072176211,0.00211035252196512
0.006738127258908107,-0.012619674003710881,0.09397862808931134,0.014517248373748851,-0.000855238705353739,-0.002985531825579563,-0.017774358965773264,-0.0005811749187968757
-0.19695422150391056,0.006165318008628662,0.04829406595554226,-0.005090973066852942,0.0,-0.002089235648678653,0.018078646680550123,-0.00039653446290099925
-0.03908711869434654,0.0018538632349413373,0.06429923768070263,-0.015200729078819995,0.00020988535262457596,0.003161254735557094,0.0376212340727855,-8.420124269729184e-05
-0.0346316051386274,0.004480143276639236,0.037031483446018,0.004878064673016466,-0.0009130100180550355,-0.005366703787771643,0.030914829527588682,-0.0014076890508740228
-0.006258393912830826,-0.014092696547604653,0.02151895597474301,0.009336005600238742,-0.000986820278876241,-0.003663504017640479,0.024732843748307073,-0.0027090403639250795
0.09416157301487287,0.0024200514655570216,0.07021908449197178,-0.014611063445098403,-0.0010779227386522549,-0.00026948610949956153,-0.021266382443285582,-0.0007422178047514251
0.0641679206076856,-0.003820590501559167,-0.1015003865763968,-0.01767067947601059,0.0013845167840182415,0.0020747454843298508,-0.03759713768187031,0.0017563705610160463
0.03535175475488567,0.012589823110742504,-0.06331182108344278,-0.01345400770147144,0.0007669358120970474,0.0006029617059831727,-0.03231394988051677,0.00035329066871718495
0.133893824352165,0.00613974867336591,-0.07646854964095082,0.008014220630207286,0.00044505607599584594,0.0002363194616703812,0.024841727190226433,0.0018944462098233919
-0.04389043972422343,-0.011678402125424982,0.06013838105753608,0.00423170681083245,0.0,0.002588054906768529,0.0070089342996011985,0.00135668213532162
0.08120001676815872,0.008035558486912474,0.055324513913727946,-0.00960411762157283,0.001475577724000383,0.0004580278610838012,-0.03529469475562369,0.0009200896729131192
-0.1907060019357827,-0.00350684394067506,0.08640850358518512,0.0037456542472885474,0.0006967523897804189,-0.001018647432211215,0.0323766195032266,0.0004274676448104836
0.09272903710034534,0.0055306421066599895,0.05053105295098647,-0.002764884382418519,5.624716748838641e-05,-0.0004443694458341794,0.038687027522446314,-6.915262982348791e-05
0.012618414746371874,0.0004228213921104842,0.07886192503280028,-0.0023789797696195714,8.577553151496026e-05,-0.004285261075767296,-0.026287394590099565,0.0010287611486929388
0.04466382116452026,0.00452486393305182,0.08545908789935294,0.007485000523174108,0.0005202895932998793,0.00040847934917648265,-0.01633424970303222,0.0008012557935812752
-0.2692507410176486,0.0035360413113276,-0.1352979758814189,0.01299656754667461,0.00015378471305575546,0.00014654471173503048,0.02315011975665813,-0.0014020824902106536
-0.08481253577091508,-0.002285964293530952,-0.014356078679234035,-0.009052348920140032,-3.670240739020447e-05,-0.0034352147504596196,-0.047011063532578085,0.002346321599403772
0.03812904756337968,0.0008065565749766357,-0.15311472029057985,0.009250584450051311,0.0015368981537467734,0.0014099397771507446,0.0043623831805364366,0.003699694664696465
-0.0583701903183363,-0.003090733589995998,-0.051256077788144054,0.01753298670920006,-0.002604121074285924,-0.0034686289480387674,-0.0337673944357971,0.002625654446772707
0.08527773297103318,0.015862643050885226,-0.006837189432335438,-0.0030871654931633615,0.00013162203545535878,-0.0011621765853866222,-0.0382158494563398,-0.0005671312092562949
0.059839976330749986,0.008356664685639652,0.02160912951377268,-0.02040725875570719,-0.00048243370938243213,0.0013464205054261175,-0.013358083562935358,0.0019582831174878267
-0.13953870572492547,-0.0020014952387938565,-0.1667293270708234,0.010088087307945724,0.00020584636388465115,0.0001560924671822339,0.019739107180439745,-0.002211696459296671
-0.156861179092466,0.0050900863320862905,-0.1865114794275575,-0.012309959984321082,-4.8925527201093555e-05,-0.0005530194886772373,-0.006087470256607312,-0.0015484222682608257
-0.13752128231988497,-0.0005948123603295687,0.09887896672580443,-0.008879344061581024,0.0001274030926308664,0.0002313685662454929,0.01022800045584729,0.00041851709896341166
-0.02479033754768832,0.003520301731881404,-0.07842886455824627,-0.0036459418710773016,0.0009537641440935385,0.0011649688502133146,-0.008624762790930506,-0.0022732015533234464
0.08738641186460305,0.015967394031284065,-0.06572700531959517,-0.005149356297948887,0.00032513196274873597,0.001349472106845282,-0.04392855974822506,0.002513727356741128
0.10542448767689157,0.010947439746790999,-0.07045588750352069,-0.019221651150736555,-0.00010893984135196266,0.0026099229692237657,0.05136672557207716,-0.0015005486147200513
-0.0787673569885488,-0.007142620939575103,0.009283457804261692,0.011349597954018402,0.0011976842093011383,0.0006825132645126852,-0.041220740260265135,-0.0022073042771432036
-0.18728154272340347,-0.0010414958391094255,0.057632897144115965,0.007784430362397228,0.0002545644848459261,-0.0018525505926962223,-0.009525324557360893,-0.0005197659945942552
0.09803626477989659,0.0038123418714800707,0.05682078760557856,0.007579948707500058,-0.0006232706922988335,-0.0021300846992513348,0.025156388082286412,0.00022429134140081186
-0.16686039349782902,-0.011091930685176239,-0.17997000472490826,0.0009284057672477452,0.0,-7.308850339732276e-05,-0.02543992121925088,0.0018359403469685837
0.1270352825378286,-0.010089942220420148,-0.07122372112291182,-0.010405461169179706,0.0002376159749737823,0.0014638844153064717,-0.04334660754607152,0.0033208470283872245
0.021889315608795715,0.006802171207593624,-0.0865711775273727,0.013924743605924309,0.0017687784424772984,-0.004023467840254122,0.02333480785426741,-0.0005359204740551723
-0.23719007846367857,-0.014444659641529536,-0.03336214909921434,-0.010920029825480407,-0.0008835484192615168,0.0003367088013277453,-0.007752809558096649,0.0015152443749701452
0.09408938448229075,-0.014473148940574089,0.01137309008595462,-6.15514455137578e-05,-0.00014814814500341899,-0.0011439928458881693,-0.031173803725750116,0.0020701887738970807
-0.19057310766161448,0.006768864916005267,0.04521053151705646,0.0003763720036339087,-0.0013284031724141348,8.972387027702554e-05,0.03473125933457242,4.205310576949062e-05
-0.2529338654544209,0.0013873888063015006,0.05312525607616644,0.01928464275721466,-0.00017315740061193963,0.00018727865443877266,0.01729048964582223,0.0
-0.21373340219341355,-0.006713285021586573,0.0380162311277022,-0.01051546450642868,0.000224416831613089,-0.0015682903792836162,-0.030437753377978435,0.0
0.10693885707040245,-0.0004861575534738612,0.04275845121297005,-0.00037609814602411956,-0.0002561228281010297,-0.002254664374650403,-0.019091723391197284,0.0008971509037408122
-0.03640834482955541,0.011320120342841798,-0.04733586708482107,-0.014472692962813312,0.00020136443309587415,0.0027199327825605264,-0.039880370625114424,-0.0003033643588593892
0.04494411992044019,-0.012902706561620417,-0.04389170798375594,-0.001584900894494912,-0.0029867751097092683,-0.0006037600079961704,-0.000438078575961353,-0.0027295890030435374
-0.003375228422671809,0.0031583225720380466,0.013011671926130982,-0.0073219345064904785,0.00040693904325072444,-0.0025514759298305096,0.03280092900642909,0.002144828496451829
0.05314358504238086,-0.002437290580753898,-0.14702240899439695,0.010837602574795683,0.0012537283440100253,0.0015960240819040872,0.009613055856130238,0.0015630559879211067
-0.22889656973166786,-0.006717572868827952,-0.1317347943248227,0.0005413578754035303,0.0,-0.000206276014820662,-0.032155290552708826,-6.060770689808592e-05
-0.012774317463963654,-0.005629855819999221,0.09993600725186495,0.007498386289356558,0.0,0.0015383716712874093,0.012646269253782996,-0.001574788952856801
0.03329147367422807,0.008711561803260878,0.022643056133184403,-0.005990227329074744,0.0009314334218027487,-0.0037154491186540575,0.03564996777530912,-0.0011227650152077218
0.05503973152512107,-0.0053137388470088105,0.013203014667308536,0.008839574993409666,-0.0008165623941741774,0.00027053922733423497,0.0008596888985530016,0.0031401985724773818
-0.048384905334357055,0.0027779349218010566,0.05496449719083444,0.013689023274351947,0.0,0.0008730125698495953,-0.02259358571673272,-0.0013302393797714487
-0.2128360898512726,-0.004225010753124695,0.0823836819804193,0.008708520940239625,0.00032461594943064315,-0.00023974537979427624,-0.0024532120626596416,-0.00020069111168991016
0.0467902198882968,-0.009102573996099985,0.038001353202583604,0.012486960090468827,0.0003768813854654607,0.0027406695745551637,0.02757420042761529,-0.002187197982690758
-0.026448331871812995,-0.01660250618871361,-0.10899466879861483,-0.007511762055751789,0.001418946120744835,-0.0006673167737559188,-0.035820194125446736,0.003432024091635794
0.06200577747517143,0.0018924198155089243,0.07828638451680818,-0.009616707179450902,-0.00025131261814504146,-6.692994841617228e-05,-0.02747671507447604,0.00025519129433752017
-0.07246196436757606,-0.01782761404367365,-0.07235911336155851,0.013765216050277218,-0.0006058979533922759,-0.002241295826488171,-0.0014278054597401135,0.0
-0.12952708276231267,-0.010108358055139861,-0.011154731401995098,0.011703417173678447,-4.0837535969145966e-05,-0.0009346023090074597,0.037710282393211836,-0.0001736295150933336
0.07766560017827462,0.0017173188236361634,-0.008026603657717521,0.00866595145218511,-8.693258407052595e-05,0.003218650421984952,0.043481030740795464,0.0
-0.1407375811327952,0.00347715145199617,-0.11894827766056014,-0.010177172553107123,-0.0001862280507670055,0.00010362258263751922,-0.0531362908154103,-0.002727368551333337
0.0021079393391925843,-0.008590399828535641,0.08573775139156611,0.01638681872985882,3.1008092896078754e-05,0.0013082845981779606,0.036898489654968995,0.0005145063903599427
-0.09034286387883105,0.011845479017854632,0.019854933547974882,0.0047356974375703164,-0.0005597818678701599,0.000504492757134379,-0.0019171892661961087,0.0010802903873605438
-0.2581932335553999,0.00841305419428587,-0.15766798119433215,0.0011959355884048626,-4.993302012629153e-05,0.00015298398023342954,0.008776714014377542,-0.0023753684008285003
0.1092341238777508,-0.0038879839873892,0.02255912103449873,0.017473365714141625,-0.0005101807046368472,0.0001749319757959611,0.030018027347963234,0.0004901775411003577
0.003013098493270738,-0.009873860779377302,0.007874537223834233,0.007849922024921277,-0.0008336606394391848,0.00027408615575380026,0.003114975970448697,0.0034733170633096545
-0.01769803958380101,0.006332815041334713,-0.15017072674482396,0.01809610412883132,-0.0020736929516830217,0.0016699647209224495,-0.030141229892402855,0.0004999433241956452
0.058307600301618856,0.0005761527313932306,-0.05923903881137294,-0.01162631421087027,-0.0021297180470721444,-0.0023560196303770583,-0.014184493452243211,0.0029958142716628227
0.04448980753597678,-0.0006007600992305838,0.08850158213741674,0.011517713455450987,-0.0003349813685282937,0.002062988040958549,-0.02475160582997871,-9.158301148069758e-05
0.0027303395763620384,-0.0030373991848491972,-0.14432602382044493,-0.008579913713105746,0.001213872271057663,-0.0016440239650535845,-0.01026428249204857,0.00024640545638360267
0.07645833692440182,-0.014047048358183335,-0.0015226205550159459,0.012252064756298031,-0.002657845700309356,-0.0014337881185750925,-0.029912752486345867,-0.003331508029133274
0.10088781289739274,0.0072143698552231345,-0.005477768152902954,-0.009456571492766902,0.0005063014906281949,-0.00011823640751801312,0.029690250688182315,-0.0020880414344033125
0.05863174809138606,0.010250655537954177,-0.00816603840218087,-0.005182181855867276,-0.0008914759456029736,0.0009442800721071651,0.0370093536272407,0.003288440602495581
-0.03987438392583131,-0.008939773354917859,0.0713621978337867,0.009386844149392008,0.0003158343634253602,-0.000494928297358966,0.027622812522183123,0.00038487438711282015
-0.13409162828578738,0.010451606619919385,0.11496363405411557,0.010128254131883521,0.00016639332026480364,0.00010688786699453168,0.030968874764661408,-0.0013258630016039212
0.02452670544177328,-0.002683024575265841,0.08069953154435351,0.0013409375120573487,0.0006408590608069066,0.0021441956944448655,0.03623399719718659,0.0018063087259855054
-0.18911499693925288,0.0005848988348843028,0.0994782458474193,0.017362792693793615,0.0006258699342438939,-0.00033392499373771645,-0.005994098471971905,0.0007361556815963606
-0.13538897509761275,0.01169603064138838,-0.019822233590211995,0.01623088354819897,9.475911488435185e-05,0.0007953559990724857,0.03415940920041512,-0.00035284876038328786
0.10756685422582174,0.01373481006121872,-0.04736761080515639,0.008501325888843453,0.0006889101614848549,0.0003128474951838642,-0.02745220453632236,-0.002215316256225887
0.058672841939850486,-0.005815973579628495,-0.1517098352416639,0.009953819458187777,0.0018857977053362376,-0.0007639125529738527,-0.031040147219539644,-0.002835544611112364
0.04505274183057673,0.013365347776921143,0.0017429814053031684,0.01629485499376343,-5.7643191245453085e-05,0.0009807374085079028,-0.04582354764162119,0.0018111997011101813
0.06786373324121299,0.007876728994417773,0.07508202087581471,0.0025997428699277647,0.0009907259118559608,-0.0032637410431636477,-0.026188500495245157,-0.0006768504067587028
0.06368820511689811,0.007584205295338609,0.04630420231800562,-0.009256031268145002,-0.0012255539598738645,-0.0002771154505647744,-0.024383527305972184,-0.0004419744753347714
-0.1773768310238992,-0.010292613252008058,-0.15719772132517143,-0.017759182342864107,7.952764763791142e-05,-0.001267440962445157,0.03473658076044462,-0.00022555985313035736
-0.07945429471526336,0.004769828373259539,-0.08520228769667125,-0.01764340341695335,0.0004626967546214611,0.0010666185596966235,0.020980180323399593,-0.002462369455743858
-0.24389826109990842,0.008230389702117528,0.06117628242941575,0.00812937533567714,-0.0007263106240791423,0.0006325495151946066,0.02546117687281336,-0.00014229282717967418
-0.05302650215560805,0.008371215181956614,0.08663129516496339,0.009914048576561163,0.00012030781096784848,0.0032986399499099826,-0.007642876561103417,-0.0003753341003564552
-0.03211977995217025,0.007893343604224322,0.09489150095489192,0.0026919390293276483,8.638753234253838e-05,0.0,0.0010456582199534707,0.0011435158955132685
0.13764139391156704,-0.002314480399769195,-0.09202063388489827,-0.01924157697432339,0.00011534616945065024,0.0006390240175365863,0.04963595688504105,0.0024690677671459736
0.07917666167215008,0.01622181964809306,-0.02441473033467235,0.016876749195551988,0.001109265334724864,-0.0025013207663317533,-0.0338639576014716,0.003624903988165884
-0.051536515380867745,0.0009855678819185865,0.00400510056466293,-0.009928351140501236,0.0020112116906973944,0.0021086136726230567,-0.04718427384300613,-0.0038050192837591527
-0.07386135457875823,-0.0027758986877873142,0.05984703442067965,-0.01657826861120464,-0.0008624255610250235,-0.0022170046966596326,-0.027965685656742352,0.0013373709343880574
-0.17119587475312525,-0.007488643203846073,-0.13030950283295878,0.00103257525907819,-0.0002745855962257934,-0.0009871446319011487,0.009540993692097013,-0.00016564392307555353
0.0181063331615537,-0.000531733915031779,-0.0878597086335775,-0.007703039583971726,0.0018553754947390822,0.0016132254549906233,-0.03771952588939256,-0.0015355376123103344
0.081936813172936,-0.011628703283157817,-0.03576617680321304,-0.008877751976546834,0.0020102587126700766,0.0022620430584209626,0.025708951370017795,-0.0026460748389841764
0.10087151621768181,-0.012765244601882582,-0.06407550139045266,0.0030860250639000255,-0.00043109636470979595,0.002884522052931543,-0.04769742291523617,-0.0015556693788668819
0.10072644084927733,-0.0011710711888284274,0.06693673657936333,-0.021520042016620337,0.0012318275840039212,0.00010922513493893948,0.013694155983716018,-0.0005899559038795221
0.06433098278459738,0.01294144477359209,-0.04701004858617167,0.008198295328492242,0.0009149739922950408,0.0016113396597442343,-0.030935201851074783,0.0028623059795611326
-0.056164514138464364,-0.011821798273365228,0.0851238544951274,0.01236786980709226,-0.0003003576391626822,0.00294068120797707,0.03434764617988168,0.0007129775026731875
0.08390029463921637,-0.002850564189522749,0.07322208458254399,0.018381208273857325,-0.0021511519893291646,0.0005895626404377741,-0.01298373802366277,-0.0005932699476387436
-0.2500861997262374,0.007061456317211359,-0.1175522227543408,0.0018677610076748429,6.007501637539381e-05,0.00014415602541526215,-0.044588572652621394,-0.0014641159919721932
0.018999787845045173,-0.012152000969630023,0.0649240259967239,0.005513199553793035,0.0,0.0020861531470585636,0.007848921847995481,-0.0027426264069408263
-0.05524338570602752,0.005243382376765684,-0.13680715185531656,-0.014139135709852216,0.00017299854901126066,-0.0004994657063456217,0.023127488174965245,0.0005764018581878096
-0.02412688567871996,-0.0037180725703704638,0.06486086003862868,-0.010375135388426325,0.0,0.0038534367990594063,-0.017273903903702523,0.002070622919438183
0.029284198661705473,0.010123578371894225,0.05922097204963051,0.0042803107686317935,-0.00012899551031581025,0.0009984292908698177,-0.006832118442929494,0.00035376776506105406
-0.0817255211558169,0.009057579868675312,0.08484727907262792,0.0005818165595684411,0.0001635072634522082,-0.0030420680527279073,-0.04024869570862819,0.0013858514104660334
-0.15992977156722382,0.002771568172388926,-0.044339806194024,0.013463106167446115,-0.0003500559957071463,6.892934980809451e-05,-0.0390254582111288,0.001734940600718735
0.12464373710206313,-0.0075801649234402205,-0.041243480302624036,-0.0014090889771483216,0.00018852284674818198,0.0003455103113892752,0.024259559820226567,0.0022860139023836703
0.039937482442559735,0.007224944721578826,0.08033703274411115,0.012518979517993188,-0.0012953497324637907,-0.0027297157809663157,0.03964471625932841,0.00023949940018802574
0.061663624290013014,0.008326436102725196,-0.11284959135040307,0.014716937788662232,-0.002123606861909057,-0.00211356887552433,0.009749783351462524,-0.0027999981552754706
0.02955192968721731,0.004714288157301674,0.06097192529605742,-0.002377780306606879,-0.0007181930904786027,-0.0016838518248752893,0.008463005371329126,0.0026031532683393663
0.04117016544367615,-0.004368885212600817,0.07335114011623546,0.0005166751132649635,9.750570343523834e-05,0.0027560176326111682,0.009318672491439734,0.00039171935171098364
0.035675395474327055,-0.01038716344671454,0.05904611183106638,-0.008055790075560029,-0.0004615590542819542,0.0016800997612561165,0.006497143685415657,0.000605563815145728
-0.11515651869898973,0.006957089337033344,0.03740577096700173,-0.005991562618512641,0.00025634599430303753,0.0005566406655991599,-0.014147150162365514,-0.00011076054617618902
-0.19743003289183644,-0.004374425927175898,-0.05048909318271491,-0.001957956930741177,-0.00011081919090191304,9.862469349522507e-05,0.03925575313121472,-0.0006325260139051825
0.06257136852394109,-0.01165847513751124,0.06266424496946416,0.0032928162227981277,0.00010248316203658939,7.502409571195912e-05,-0.020167600061361302,-0.0007189140532473363
0.06965920850262533,0.004773074515966758,0.027853578987755603,-0.01098938327886736,0.0009006400620955729,0.0025591662813148515,0.01082458593610819,0.0013281988595277708
0.08040232379422255,0.0076880967285513505,0.05937225983488139,-0.002315213983241809,0.00028178437139486645,0.0006486242131774152,0.011621603689558713,0.00034329256591934945
-0.20690383556927475,-0.00890856416222463,0.09143097333331507,-0.019692132773647966,0.0,-0.0015595327369131683,-0.014068745090242064,-0.0012344503287758102
-0.013714981306461508,0.006955464408719792,-0.007772519936790644,-0.015061534390765087,0.0004674166717701933,-0.00195245433204179,-0.005777034781683982,0.0011058179033054366
-0.197795991751051,-0.001567579090465039,-0.11917409410180171,-0.010949250733140022,-0.0006587023601192787,-0.0009705683506957238,0.007783189034499847,0.002133448565035513
0.07731653084618671,0.00870282806449587,-0.08329511327336535,-0.0022494923980902574,0.00038922334181279265,0.00047306420136179294,-0.0077194653161022225,0.0011443646762855596
0.03410154932092445,0.01510875119368749,0.017000311713995717,0.01503575514079469,-0.00039954277033925345,0.0008844386014067695,-0.027923007850743278,0.0034391189186314423
-0.11655948731938306,-0.0040324358366914965,-0.05762993050765779,-0.0021235707367434254,-0.0007887938173979275,-0.00013074860746267736,-0.04751311362636884,0.002327922144025442
-0.08489977217669355,0.013306088814924576,-0.07795203443385834,0.01527483044349323,0.00047205639212793857,-0.0004424984834015544,0.003997955594413228,0.0008505013457104295
0.10617389736375454,-0.009157534273473933,0.027826842438621584,-0.01186578951697493,0.00016690702870248507,9.1114235843473e-05,-0.0035210967437279365,0.002027216726514003
-0.06475774761465652,-0.00498504780660331,0.03948552782846618,-0.0036144217425907454,-0.0003012509732922084,-0.0003893037380878202,0.04067749524013019,0.0
-0.1528647821023824,0.0062390542242769815,0.045515189648102375,0.00754456680388332,0.00016013423892292808,-0.00011058557733954755,-0.016019854370814893,-0.0015943577122931648
0.09802331686034287,-0.019844640617943592,-0.08403123282190039,0.011593010311841703,-0.002446918935019897,0.0034826373955376168,-0.02358155444796575,0.0018051705325928015
0.06635486181421271,0.005678070622012188,0.06040093155675593,-0.020408430447019253,-0.0009541483905750048,0.00046432819550686066,0.022042731378963183,0.0006658102494321713
-0.26066679837647716,-0.009740100691631923,-0.04615319115505131,-0.012929823334463752,0.0004077357607802923,-0.0006217682198069648,-0.003015479205871702,0.0011591877215943766
0.050377947788573775,0.0046229429018130735,0.06887963551947579,0.003135492393252598,-0.0005316691815076874,0.00020197793681657014,0.03903183197488264,-0.00010576223221928083
0.07032068072881913,0.008505206132109998,-0.05628672794622203,-0.017012925947045683,-0.002643313424929945,0.0009869030866284795,0.027065794569418194,0.0
-0.1779308076892784,-0.013590568553660207,-0.10487870699897213,0.006640889182211326,0.0002453031433902464,0.0003665704498200626,0.05282586578299878,-0.0011658636638172042
-0.16304461958120095,0.007516217097168755,0.028607791474433167,0.0030741104007881007,0.00022328462155209172,0.0006745632162789526,0.008770804453316747,-0.0006613168819339004
0.08477357437659862,-0.014242369276827682,-0.043866803258273974,0.003681572515501348,0.00018933551220477393,0.0029025038488403377,-0.02130911742471453,-0.0002934480675620194
0.13743550248064063,-0.015297920387933865,-0.1101998892331266,-0.009691698553074519,-0.002122739086131871,-0.004136961054818685,0.016296587972843536,-0.0025039862731545725
-0.18120331982201582,-0.00692197717225032,0.0670396774053949,0.01416284399861355,-0.00012466378078020146,-0.0010885938748214149,-0.012671399179508677,0.0004123766120123554
-0.21442288266290702,-0.0027256711854236077,-0.028309269759340262,-0.0032991241967337912,0.00023262275643332053,-0.0025367167462943836,0.026742214814567632,-0.00014946592105689326
0.09817770606130813,0.007452145499931508,0.07260523658663906,0.00354994239713826,0.0009561505036784889,-0.0018163357961658096,0.014872761602712926,0.0002307233964852773
-0.005578256941617359,0.00467561755083805,0.047316386700317056,0.01337025261542635,0.00017645291115478632,0.0034118859063675543,0.0007043635734776913,-0.00011005828710980436
0.06758140679551658,0.0061704399040329126,0.07182201095367269,0.008019886805569197,-0.00013044972422146528,0.0003268612072473834,-0.02892499377213853,0.00046948953399988486
-0.15667807866944447,0.007952643658354814,0.1250358708572883,-0.0032975024050727808,5.75749068469425e-05,-0.0007162418387918791,-0.01618985377302125,-0.0004895985425746421
0.059134542084270734,0.010860203231556204,-0.07707667816722129,-0.004347226091757962,0.0015882840207085923,0.0001287842867515182,-0.052988066463067404,-0.0028382990162326115
-0.09257991101213747,-0.010094064422412409,0.06597285398225573,-0.017105965149059883,-0.00012306269023931726,0.0021789568590290004,-0.028230623115932538,-0.0015141621553133471
0.011053811464344063,0.011883891189196647,0.03982713971294131,0.0028516883562356094,-6.663707658617624e-05,-0.0027936500839032086,-0.001217112208337246,0.0020288592356805277
-0.1855631847676082,-0.0010827920861375424,-0.18179528617039487,0.0021909505059680987,5.591768224988414e-05,0.00016028032922136429,-0.03881590697955677,0.0013122328969329365
-0.03567103139158182,-0.010640267497099329,-0.12459133751773527,-0.015644184907489388,0.0017967707603398198,0.00248164807506645,-0.03707457908322992,0.001402288781991251
0.11148674648357865,-0.005144915327645322,-0.0052827340490791425,-0.008879764907260569,0.0006636445010924572,-0.0010375675181594375,-0.050344199349911085,-0.0017907357603003857
-0.21949187734340525,-0.00018332124490028128,0.079256274397043,0.0029633168746996184,0.00017782198522173313,-0.0016559492169847857,0.022384953438806775,-0.00011385609789046902
-0.13025406502027845,-0.003447355824234099,-0.16006417063803835,0.010243904324659516,-0.0004469130057620556,0.00028883290418679763,0.03906882967878426,0.001066925373319341
0.08638234489383705,-0.0021041069673322058,0.07212875142008203,0.00786211444591218,-0.0002328390337868469,0.001439418684129899,0.017683096478876288,0.0002851034051315497
0.12367132213919702,0.0012562304132552324,-0.09582524968662855,0.009754679969404918,4.60048388624245e-05,0.0009285882351122371,-0.024968024695678274,0.0006310251556327352
0.07590733701518831,0.0011569392691533598,0.021868592294541953,0.014777067408328853,0.0007980547917114998,0.00035003907707302495,-0.016327097272524176,0.0032388936521539824
0.05062220096279592,-0.014956174913239358,-0.0412940153225943,0.0030794747348150305,-0.0014990902470923128,0.000708074829260714,-0.011574788729851175,0.00034305802100759696
-0.060430054760763185,-0.011626201021477675,0.055691958495186246,0.004915261336549587,0.0003251756857141491,0.00274124010908217,0.027182370025964624,-0.001662071601551643
0.05670727330279969,-0.003199759476467151,0.08384123608149066,-0.008910158159719087,-0.001135956502029123,0.001326675226556707,-0.020994015144378354,0.0007806526086877319
0.09726502039789922,0.001883431693755904,0.06778178382414049,0.011053954529001235,-0.0015241034122655355,-0.001196690942621482,-0.024478635711467602,0.00015112067432765386
-0.07283221292276297,-0.011059085478131383,-0.059628782206016764,0.0,0.000975471583832932,-0.0034770993534176957,0.051055775854876424,0.001631592843512449
0.05744307022111412,-0.010883666188114708,0.01080181413541728,0.010774216292650777,0.002574785865432642,0.0014423765134513465,-0.050865382007701986,-0.00010414657997057791
-0.023367337210510295,0.014877893892469367,-0.028521441861682168,0.003774122881542982,0.0005026068111512131,-0.003630304350577329,0.02634588598547825,-0.001544592750658133
-0.048395617192679596,-0.013451063309780237,-0.057970235286985666,-0.013153591541884968,0.0017902033281106122,0.0028218966226442868,-0.019488464565878147,0.0029963996090579194
0.07026939872869269,0.0039041366692358723,0.07572882679016987,0.008370591854173482,0.0008648674762829616,-0.0026072323272619356,0.011938030938231259,-0.0002930361488487354
-0.1544015252647688,0.008299556210544241,0.008334181088049954,0.016341649042679207,0.00038116597088494464,0.0016081882912933928,0.03812243279723487,0.0005720138364220241
0.02451809572563679,0.006671018191260712,0.039694703536626505,0.016508914575044765,0.0006695560364940734,0.0021790976232454215,0.03492528441894871,0.0012645404138612957
0.1279145344441046,0.015410421628679182,-0.0815407155596917,0.0062268786452717665,0.0007307572977530436,-0.0010427409252369846,0.0362123276289092,-0.0022478633962844225
-0.011720364137159774,-0.00497969934103443,-0.15385414211641762,-0.01862677558965769,0.0016323004517980466,0.0025850821549783915,-0.031480457854694506,0.0026130049509999354
0.02305901015358602,0.0028454576566920766,-0.049375789213901414,0.0038131252606048373,-0.002055158339641197,-0.0010053085921861125,0.004477036577770391,0.0015423910039531542
-0.026821301773093435,0.010239500115355148,-0.0220119009064957,-0.004708849125773251,-0.0016569667006710285,-3.5639749658623876e-05,0.010847318111068505,-0.0002300281288066959
0.05280236241153814,-0.01963196771617879,-0.07241116386727472,-0.0051651114963863045,-0.0022647018032373577,-0.003679234127513477,0.051930509904796335,-0.002768713869339727
0.1010934968552918,0.005808344456904244,0.05582353018230836,0.009402226598228503,-0.002719322713475943,0.0005149139243678268,-0.024971206451812857,0.0001214319728095048
0.0996583789133466,-0.013397987725629966,-0.06077242867825567,0.0037154195807465895,-0.0022674762842319974,-0.0007763460070703242,-0.04198367173207433,-0.004277498583079269
0.11202293114095871,-0.01311121315616659,-0.07028980055052579,-0.0065811806812771335,0.0016397996355437283,0.0019419856743288558,-0.03715143287472152,0.00045161144255983707
-0.0585672945309387,0.00994885528870995,0.06998563607397719,-0.003030883281143235,-9.018665694415784e-05,0.0012131934454440963,0.008325635426006537,0.0011326294473955213
0.01648220700857547,-0.008494004282730973,0.05149864568685526,0.01788433860071858,0.0010805791165356543,0.0020789410185904104,-0.00869982088389486,-0.0025053992483271815
-0.24722501975011976,0.0098971991659765,0.06513684619479639,0.002948762510507721,0.0005639986646977452,0.0005173487143383407,-0.031080870747375137,5.254999798037785e-05
0.06801160807073907,-0.013379808309774243,0.013595737102292506,-0.007851471207095603,-0.0010738410598274235,0.0013266539350906066,0.03568970562915398,0.0001959337160454544
0.10816810075906864,-0.0034856669919248887,0.011700399021617186,0.006958651469225613,-0.0003002143921079395,0.00024216540320190613,-0.016734440054480958,-9.071169086580233e-05
-0.05062473664633119,0.0038062470087617227,-0.01649558761776321,-0.015799821091168603,0.0007356109281747292,-0.000883230135257714,0.04599138281103684,-0.0009669807299209013
-0.04817221177894436,-0.006851702836800745,0.06708350932481398,0.01797099847657319,-0.00023324006339084814,-0.0036451118620999153,-0.024108279027369738,-0.0007112174508816326
-0.004011159197575135,0.00680131185825642,0.06798352554409497,-0.0030582602127250183,-0.0014329015638069253,0.0005964536778838064,0.025348290199687016,0.00010470925250669061
0.11294719722154277,0.005925674858237527,-0.04696150532004526,-0.005885128132964706,0.0,0.0011303066182203406,-0.033495659951404834,0.002947267087590268
0.11130160083147198,0.0017985415969234972,-0.01794015779370268,-0.0041707499114286796,-0.0003006730072878383,0.0010101598842394916,0.002113851250067579,-0.0029405070119248476
0.06441102083822968,0.0005866784498771096,0.03726725313755254,0.001282627441033601,-0.0012176939972402068,0.0011202456850249508,0.04084356106030788,-7.105745530838758e-05
0.07306984707141789,-0.01110768444254676,-0.04241611261150392,0.016065941683441592,0.001929119069270678,0.0013541827543467003,-0.024796993293966424,-0.002196667363252067
0.04176884014738753,0.0018140986900078426,0.08700019633977168,0.003084841252910696,-0.0009266182694207259,-0.002900667378544053,0.013734856041619493,-0.0010710881966720536
0.02346154140125844,0.006975431379718135,0.06961275710511591,0.00482276373449802,0.0009305136483956461,0.004389266200766154,-0.019705775008647747,0.0006748859255416434
-0.2396150821258192,0.0007427351882762246,-0.06532571327848592,-0.009620222039148963,0.0001145327056549239,0.000499580990723618,0.005505258208289142,0.0018773898019588805
-0.16236806226158343,0.00027533129829245,-0.13295803707308992,0.0006561628314096609,8.585885032658114e-05,0.0004918215021791358,-0.0004674761323862195,0.0020945145333603117
-0.0704716571716123,-0.01278447285440091,0.009105708987158432,0.01089178163758178,9.301775943238583e-05,-0.001499969966066455,0.01755024830925958,0.0014881857238555143
0.015489454345984708,0.007840662233281826,-0.01988924233631324,0.012357798409875739,0.0007294086970273672,-0.0025429368896830555,-0.05339909147399965,-0.0028374003812550973
0.07196143668584722,-0.00818316490913201,0.03325177285602785,-0.008737218723539632,0.00029720871049597475,0.0008983501313648361,-0.017970295601537782,0.0019510853776276208
0.07616580129962477,-0.00922018210498594,0.07445635718423674,0.01737250976506594,0.0008995835304709,0.0020279080895523097,0.019014836832198918,-0.0009436431600133022
-0.23022566198645505,-0.007594196482698995,0.12172625224403853,0.006138802843556043,-0.0008911021155075105,0.0008998037314669759,-0.00047130802866516874,5.125337915123929e-05
-0.2375661540216397,0.013033757146215772,-0.10894341728629803,0.013181874965425586,-0.0003077905874950271,-0.0010072600456134762,0.03361071218937543,-0.0005625691108403942
0.02367213305901947,-0.018904219985191966,0.022103727667365042,0.013773136959222913,-0.0009842191428280187,0.0003009301357599016,-0.035190727757218467,-0.001044549939533896
0.1391745628411179,-0.010905222724891514,-0.09905723535753604,-0.005955720014427324,0.0,-0.0015105312680643926,0.03161670435053067,0.0036136241158158692
-0.09784519132533732,0.003955795153176898,0.0493695764152031,-0.015194794415177964,-0.0005190037356877317,0.00035912481063230667,0.02019929827396936,-0.0009782485586499108
0.10404051478573864,-0.001974372042778311,0.0694961508611863,0.012577676588954851,0.00033981887653203313,-0.001921541459103789,-0.0406730581313359,-0.0009334195453737494
-0.09432182231159919,0.008752014926555952,-0.015065532353417023,0.010178471388119498,0.0006260004083944441,-0.00019023660132576337,0.024589476629266045,-0.0011450254903792967
0.09196588455072739,-0.004897416489569268,0.07283234067231302,0.01272316972400173,0.00019622252321993804,-0.0009676398036499455,-0.012629788662355026,-0.0001820242473059286
-0.07680919716438646,0.0035653811688110566,0.06584112407461419,-0.009167943443505008,0.00029786275199388673,-0.002829825370239066,-0.018548869202156957,0.0007047136656829422
0.10535772967006148,-0.00010973539751674838,-0.1190796602514184,-0.00023678026016530447,-0.0010250700747252454,0.0003526921356318559,-0.013501440321466112,0.0017205654309528312
0.048318358476526234,-0.004353060239578542,-0.04062630108616622,0.017615223656922443,0.0012402432485417007,0.00010826345218149791,0.04292463130700228,-0.0002885462597986765
0.06732926193452436,-0.0019932154657027806,-0.09664927417674005,0.0072134164717680225,-0.0023316047694753625,-0.0019664533323852334,0.030290861511611582,-0.0034973942222706164
-0.05523753086799075,-0.007984613148959483,-0.08648790041529666,-0.017868341480796916,-6.227995804013176e-05,0.002488338784323918,0.0478651310308045,-0.0006642049490629263
0.07983228912825516,0.0041370631474953075,-0.06600318034055298,0.009256805371842551,-0.001363764445892257,0.002991490622898699,0.027732642832835077,-0.0019874600639045955
-0.2406121230976736,-0.013549896710725243,0.004652834327929912,0.00032499130331840545,-5.3988549030270505e-05,6.674523192235393e-05,-0.052038358213333816,0.00025701893426397594
-0.17385887417688028,0.012988070282024037,-0.09621883217062016,-0.009737568211813975,0.00014348642089367925,-0.00048481196664742213,0.047759651263218655,-0.0003492352737379318
-0.05135515376378726,0.003985440135858908,0.04336518047717692,0.004091512749522064,0.0,0.0033720741705552414,0.004641408490432086,0.00204625929470288
0.08782587119348984,0.013765469543255799,-0.01409965640913502,-0.006944390560416025,0.0002423008556459864,0.00014667153717989878,0.017163553159721893,0.001189419535213957
0.041191209445545086,0.015066381930215955,0.03977585313471749,0.013459066579694885,0.00031133451450615635,0.0007616395601429972,-0.03703692063257789,-0.00123708840364423
0.059858012443335024,-0.010768490357263797,-0.04905629018306171,0.004589882479122613,-0.0014157862304556511,-0.0021371207802863695,0.024581141398102198,-0.0008882089306915704
0.11311495899675364,0.006132885272974538,-0.005402694849491077,-0.01245474910628879,0.0,0.00037195342969086054,-0.036238932321093945,-0.002834056683436543
-0.19797965175822443,0.007680669722930329,0.05554127799688644,-0.01866258548013773,0.00024358016107159375,-0.0006217292561480973,-0.03080493646983137,-0.001223353779401049
0.06961410413227767,-0.011969225203841227,-0.0165971639626425,0.0173132097869311,0.0022907447908381306,-0.004091129470978851,0.02307907557465345,-0.0008375573170636003
0.07659909057962762,-8.358604409763881e-05,0.05212006551053446,0.017782618867232956,0.0013425447647209706,0.0012962077299477558,0.03425956551049424,0.0004413362315468183
-0.0031687994384220143,-0.012565382328919497,-0.038731112332687584,0.0006268337499049925,0.0013951359307391327,0.001707200523666242,0.022708225693499777,0.0016962262724023894
0.10234185538953385,0.005557188167457065,0.08106065500216947,-0.02028291686412897,0.00035762236964969663,0.00010039729565550215,-0.026720718031444504,-0.00046704698301597866
0.08392254228954109,-0.0058891370136562255,0.08043994938006105,0.009018197460401684,-0.0015238061794979772,0.0001912538723980578,0.011808267584217417,-0.00014234772344851043
0.014803753740514408,-0.013877261598628817,0.013968149216716083,0.016799318288505394,-0.00046978137392704455,0.0037008888569545722,0.04053838391604752,-0.0015858601219672652
0.06492720605789258,-0.00849597307628973,0.003619936565241305,-0.014207050394505998,-0.0008014524333983808,-0.0017248404735638921,0.04500453248363881,0.0023139686366242763
0.02958306590318547,0.00929168327520411,0.005693779656505343,0.005977143744350058,0.0005485076061902891,-0.0024651192932431043,-0.011215433483906013,-0.00085648131659824
-0.022048257648499197,-0.011370993617325229,-0.04754253244969843,-0.0023533938879611222,0.0019300776006279455,-0.003983539638298806,0.029825728253615118,0.0032712933302937153
0.11466591743586371,-0.007888766939061058,0.019605599175666757,-0.0008190446448127149,0.00011349228282411805,-0.0004553046258170855,-0.052041340703408705,-0.0001497529607677769
-0.1646397519765177,-0.0053217601217127345,0.09055172326608224,0.002081979151144461,-0.0001768932160379459,0.0001967304565069078,-0.023847549347153017,-0.0006265492675731357
0.07504018177811518,-0.0008871671662477095,-0.05746526224924094,0.009238109705684373,-0.0024866086252843963,-0.0013435107620967082,-0.01987616966516007,0.0031305095513054155
0.08002294914571131,0.016352032378665553,-0.06637427992393631,-0.009271610232058776,-0.0015456883260897439,-0.0004195858024731332,-0.04211945025081927,-0.004919812924522856
-0.24846005003502306,0.0034300350534291926,0.04631789754775707,-0.020667471650001254,0.0004909631120792179,0.000988416939040647,0.022262282704557004,0.0009805305300225572
-0.13766650202698388,-0.006938392096648996,0.05554494564111119,-0.010044622225196486,0.00017732427128318295,-0.0018616151880948568,-0.01737185808805852,0.00036687127908199645
-0.1460156855065933,0.002974467054209952,-0.002340384484761704,0.002425477613690543,0.0002905473616648391,0.0003253143250041472,-0.017796552184794368,-0.0007929867736824796
0.09941596471461968,-0.0007422293599187866,0.027569098084789752,-0.002534022550485141,0.0001677493825688164,9.139203077554447e-05,-0.03747113527070763,-0.0005836067173867554
0.10406974768798292,-0.013196519110072436,0.0009074162114863228,0.015390055586905245,-0.00010211571219367194,0.0014212536659189113,-0.050406518328606945,0.0
0.0559350207884064,-0.013747242927738724,0.047345007697837234,-0.007257408935742518,-0.0010522678182106338,-0.004521164005084155,-0.005215073471701918,0.0018368191707623593
0.0016516660594965366,0.010992747933759345,-0.10074384530460849,-0.00012114327787886292,0.0017037570188252126,0.001309759468895574,0.031643090849744905,0.0012012308686141842
-0.26741408589489246,-0.0024331328219431548,-0.09580199546465547,-0.02084676718369404,9.255371910510402e-05,0.00021987324853001483,-0.01993775327689283,-0.0018824363810954496
-0.296230566552691,0.005844103222169807,-0.19251530777837025,-0.008841118237876025,4.723991842425779e-05,7.618939352541154e-05,-0.02650608878218759,0.0009748512107970069
-0.08543626324460588,0.0015879400537300772,0.07978855515145188,0.0058015462378383335,6.073403617001469e-05,0.0009586009112558545,0.024214364440481823,-0.0001854539583409997
0.07955732240480749,0.003853174343575188,-0.1388673979810551,0.015841349448265242,-0.0012117008911848852,-0.004539374297143988,-0.036894857391947596,0.00021838144517888347
0.03716984602667946,0.012132069338886635,-0.15328795423247385,-0.0067614895050092895,0.0010070525252360019,0.0017185996788888363,-0.03294910732871538,0.0
0.10427077235520284,-0.0033085483931209574,0.020041752007672237,0.011801347673060904,-0.00016206367296797697,0.0005543882369702089,0.0013649670067660447,-0.0007213810394533487
-0.2192475917558646,0.007832368523130712,-0.04319792747245565,0.012405986443042314,0.0002926889498993367,2.4705511049549767e-05,0.004590092285907588,6.949245049283396e-05
0.029800692702610487,-0.006596305619078226,0.0835389299300667,0.011601280727758173,0.0003637203176377102,-0.0006538025219982313,0.0008957157106809977,0.0005409016682451225
0.08013921916066345,0.002928261076671235,-0.11333648579714614,-0.017132551977707574,0.0022226092742269796,-0.0015818952761539606,-0.051114399559572365,0.004623457888039729
0.1010365545883559,0.003289656590324848,0.05122986479168862,-0.010895910105020168,-0.0006999183147332948,0.00015991407926106704,-0.02550251529015626,0.0006434626394131537
0.1021115081581123,0.006160360304664726,-0.05620276173817917,0.01625447291449306,0.0001684090461183535,0.001136623844269512,-0.023508797855775167,0.0025880880101671945
-0.13069654324222707,-0.00041893655473096414,-0.03266432724949552,0.008814837868400332,0.0008395594544344055,-0.001725651860904132,-0.04554664174161824,6.74036342185047e-05
-0.06252522920867568,-0.0002738329927244425,0.08368069427190715,0.009047127931247718,0.0002277160488604818,-0.004636024238812465,0.0005116559631699075,0.0014727515399566233
-0.08712857418543747,0.009648682662604808,0.02081105389476672,-0.01542700493329074,0.00023793614388773615,0.002692698655813573,0.0203720969471318,0.0004676240104706722
0.06796858168779249,0.006860736147097355,-0.03167066979865221,0.013695871852699593,0.0008035581652147961,-0.004576654155074975,-0.018346370462832915,-0.0020506171939003942
0.1253887943086582,0.006124073592113453,-0.06837302454362083,0.003872069400190414,0.00036712382371512434,0.00046286653329494063,-0.05366850727406031,0.0019309762999967102
0.1318171331480342,-0.01315773001801796,-0.034908968632848966,-0.013899895217624733,-0.00023218609618601453,-0.0013570974042995828,0.04096560745797257,-0.00022076698573332554
0.035809618146843795,0.012429043711947096,-0.06689035687299144,0.015348850570737843,0.00022021992054269135,0.00033711087859115296,0.05070410798195848,-0.0033314377246581694
-0.004992031439734599,0.014611511416571746,0.02151507874223122,-0.0017337757578394872,-0.002024952845200539,-0.00020535040529701205,-0.031775569022696334,0.0002761689600446638
-0.15594632550565465,-0.008507234320466643,-0.043275966036877014,0.01671197662997667,0.0008105484134439946,-0.00015621988970737632,-0.05317940551009013,-0.0008917516276790652
0.07721377344177688,-0.01858042998251259,-0.07101970777838966,-0.0013396657053302875,-0.0020850825181309147,-0.004328372943074885,-0.002686375714987673,-0.004559999903364286
-0.050781491405141765,0.007933762990313344,0.01622034423554363,0.011181800489654005,-0.0012710359586510997,0.0026539766685969067,0.024287495699154987,-0.0018582073238310917
0.026343303802185514,0.00996567121738364,0.02527727871773658,0.0043376659882195965,0.0003659407311612517,0.001371622250581305,-0.007572567642036802,0.0011794084369274073
0.07069342636669212,0.0007074162083018975,0.029296685214046134,-0.01227783417291748,0.00041332343074261226,0.0032531445144026146,0.020320137814585276,-0.0001750493001951431
0.10669292148575452,0.00326157818639453,0.034547264861602034,-0.01670806075571491,0.0007733290719027802,0.0006112167015780555,-0.008880362845002317,0.0005372028597549622
0.028260132945392032,-0.009443413027582226,0.0024230141082452316,0.01635102772772015,0.0010197078783383672,0.002121584575516832,-0.029102099559273318,0.001272820704338949
-0.10659855204185927,-0.015171401319401503,0.02960824808475386,0.0023953903581425,0.00022798779734641006,-0.0033888548483901964,-0.0248422052538485,0.002892046489148532
0.0837720735064903,0.016829049360595663,-0.10754261797058297,-0.0016977990745950756,0.0001732777111445663,-0.0038324153536539764,0.04907403129589509,-0.0033324406347730877
0.07824556643186914,0.014154080062739827,-0.07894436869807978,-0.005772739126358133,-0.0025336952448657512,-0.003939176304455387,0.03991895667449602,0.0006244110231247574
-0.07454485367566145,0.0032129250701587765,0.024595570001313377,-0.004227845079896097,6.698398701738759e-05,-0.003752456156773058,0.023512218900217822,0.0
0.09704080420748265,0.00465980577901438,0.0002443893968749477,-0.015197939579403087,0.0005987317969731363,0.00045074061764889236,0.04574167327001502,0.00010566155748692463
0.05976871072702571,-0.007377077960912576,-0.1479351130445232,0.013530178320926988,0.0013367291697564108,-0.0005581229817301359,0.02744226043109109,-0.0006975773530923372
0.043869519367314015,0.0021185417694218715,0.016635529553646073,-0.0161038755069784,-0.0025842661032003957,-0.00026285788884181094,-0.0066225481655604775,0.0031108757592085007
-0.026293470152609768,-0.007557562109212937,0.10700369793346223,-0.014667096978868002,-0.0009362895839422974,-0.0047219581887335245,-0.0334631410106832,0.0005507233832154138
-0.002267574413900586,0.009888892200124892,-0.12212994731860194,-0.014530174745317379,-0.00025977255219833406,0.0029223527130752516,0.050307347705629085,-0.001487916294451509
0.024755966365511226,-0.0006771673337304204,0.08794802011235864,0.014834799823241736,-0.0004983203039357315,0.00022710566301656354,0.031119064584034375,-0.002445204151375684
-0.24276896746234652,-0.011547179544046004,0.009028231796249855,-0.0016655590717071884,-0.0006578206295639604,0.00022900202980397077,-0.03601755952537322,0.0013853314989324423
0.059491132152798505,-0.006336638083242086,-0.09421701103331466,0.007704098673206379,0.002454797968762905,-0.0010571092780702687,-0.0065038213411949715,0.001205017299610792
-0.09506347799556596,0.0030361221631416595,0.02629658814039791,0.003022451874082344,-0.002303245674556793,-0.0020240907727135096,-0.031538414602730824,-0.0016247936597948848
0.038155817110106495,0.00583731835338404,0.08182118549317571,0.006350590015756882,-0.0008410543329346598,0.0009904577933684815,-0.007218295316702263,0.0004521779005626891
0.11123316315742733,-0.005118411324085812,0.06178269781099783,-0.012471872548153318,-0.0004125453587428829,-0.0015372488210449733,-0.03446445879102546,-0.0013047233845420916
-0.09573306543517873,-0.002028410853056946,0.11022917262294343,0.0029210739294226787,7.21651012979517e-05,0.003531147312368397,-0.009544480478053055,9.640844779833951e-05
0.08231956203520617,-0.00021665270643800305,0.06673990429884553,-0.021409316636589983,0.0004961910715972993,-0.00045911657411529754,0.019322428771502802,0.0006858469474130302
0.021321290163609955,-0.01455726478211404,-0.15144055234796805,-0.006483500330083605,-0.001748950127261631,0.0028796519899755603,0.030133217358715554,0.0024877638470015284
0.10712635014994729,0.006853279245273665,-0.08444307194770113,0.004929346851961385,-0.0007193702885585388,-0.0028392976924103077,-0.01778486069356375,-0.00047139585919735855
-0.08921056928983347,0.011087307933423262,-0.12619479926187935,0.002266674601040584,0.00044608225240569974,-0.00014772603619025992,0.04818899612189442,-0.002049919725292501
0.09647218233761518,0.005437876151617445,0.009534810149981483,0.007319993174355371,-0.00043964766356004625,8.638525088382198e-05,-0.014996131613701872,-0.0016205037014046847
-0.03219647682703714,0.006631075449148138,0.07958321759804607,0.015725414652512943,-0.0007240879094566657,0.0025430371210256883,0.014877800525097483,-7.983462221079762e-05
0.10865876721319721,-0.008862924577782295,0.0357370880924385,-0.00677882082709428,-0.0002611625220374364,-0.00041834539400454447,-0.03134174262619281,0.0018295541204175602
0.12582832484897502,-0.016109270352390816,-0.06067219654772317,0.005913488513994941,0.0,-0.0032642837074979302,0.030746511945387328,-0.00164711140374732
0.08293624089606015,-0.006482641676197444,0.0710117057192788,0.0034860640759503516,0.000756023438475703,0.0019291009021717553,-0.03819773019920376,-0.00043762706523887973
0.0417635662553165,-0.007769083321342231,-0.05253653793767987,0.012413251682407913,0.0007289918283359803,0.0005594565539232705,-0.01425916455991638,-0.000531478070615609
-0.0028041416948168156,-0.0011751367301373777,0.08650876270247691,-0.00233754641161102,0.0005261970689961527,-0.0036652575561466057,-0.014658531139517548,-0.0001946763216984851
-0.002812024690768451,0.013962404195505498,-0.018627949041004014,-0.007328431932957885,0.0,7.30780639990429e-05,0.0317439549909808,0.0004686502236447474
-0.12266753251290112,-0.0016566472125396998,-0.07867691875541183,-0.0011220120612009325,-0.0003879286578044039,0.0010408746289183551,0.04915215080533468,-0.0019488175120007036
0.0694562115975436,-0.007754565568772783,0.09001956911665811,-0.017143926301980077,0.0011300073405491483,0.0019786147646380916,-0.02380108842137479,0.00045548714445176053
0.0869734811941563,0.001915188258723192,0.06035900855722822,0.0,-0.0022616539741129676,0.0014676456963682721,-0.00775663083503017,-0.0005679476188617805
0.04239616058636152,-0.00855605716248252,-0.045810542108852575,0.016430664783683827,-0.0021040593512257843,0.001013887456065246,0.04865337756725794,0.001978960841219451
0.07009279144131493,-0.013349634032192867,-0.07985755169694633,0.00034187321814472746,0.0015756785440317023,0.00039473566768689547,0.036392522011990815,0.004139105162858923
-0.029996226207491032,-0.016666678624397295,0.004035267627989947,-0.01304785356020039,-0.0013462161895590363,-0.0005986587484892577,0.008793364754210631,0.0005911093033260442
-0.02057367581196822,0.0007888843787738713,-0.1051608253306417,-0.006074597896971153,0.0005049143814839581,0.0004516156722288306,0.018695770680870496,0.00206528900353452
0.051663253506667714,-0.009064459535416014,0.06532580348004423,-0.0012962023479945156,0.0004955776157056779,0.004659183839784009,0.03526317154397053,0.0
-0.07760855804695924,-0.005862972055264932,0.06853383321922434,0.005071777369976978,0.0006227166307114554,-0.00495481782635337,-0.020372573258449524,-0.00016571399222684025
0.03318724497857049,-0.009184034203596396,-0.0190851444975725,0.012893870409737652,-0.0004281960989000744,-0.0006821405075986415,0.03077144776188774,0.0017955706964911525
0.06718865967974606,-0.01147747555235,0.07957060094846319,0.006780828147955873,0.0003129236809673863,-0.0010109138552083403,-0.04295628237503219,0.002483538891901301
0.00552811468813302,-0.014681880905771135,-0.14538564406352483,0.01676301141584502,0.00043394876275913046,0.002478905427117414,-0.03394782451993511,-4.2471565631890806e-05
0.0839820258052109,0.004024114114640539,0.06860308000797369,-0.0011371992579772433,0.000881882869193941,0.0014219358738975043,0.014201471246545588,-0.0009060392181579335
0.1152243655789009,-0.005133145259600865,-0.05302378015416674,0.017659783844572216,-0.0003232802868450013,0.0005649841867647779,0.013270222221794135,0.0006641589497980492
-0.007447275320789476,-0.014980099264879278,-0.0022333471044102327,-0.00910763749310796,0.0009919411732161058,0.0023749160718515767,0.01116889332906977,-0.00034064637037902606
-0.16131896723229586,-0.013195134996133343,-0.16491859386380076,0.004399409972984764,-0.0001653952939231762,0.0,-0.028494615909414107,-0.0024052079102721484
0.06361347334124577,0.0019685516211997317,-0.03380783064442465,0.011110435006957863,-0.0016158236617128707,0.0037159509881953697,-0.04090349379532254,-0.0007997933053256849
-0.07069876061412796,0.013440342338889815,-0.015989089675606725,0.014741987945913061,0.00023700277721352275,-0.0034611348499860523,0.04509878694546246,-0.0005900786864864221
-0.03947360774011548,0.007106951865838821,-0.1475720809045802,-0.009223226396871589,-0.001313021243874373,0.0006995861353918109,0.011185839304682577,0.0010439956938592483
0.1070317109454496,-0.001499191267485591,0.016364627399849663,0.013663066087857022,0.0007168188390093734,0.0009345907826915792,0.03957997956442674,0.00018035311444616897
0.030824261175517814,0.004234010332220591,0.008606078169985336,0.011055116964751383,0.0008447574648976321,0.0003429443968033484,-0.030155289451124587,0.0009055033335681145
0.058162297805410476,-0.010178697954421254,0.06289148061634478,-0.011243959512356044,0.00041501233986609987,0.003655182792002167,-0.014734051288187198,-0.002250060184225484
0.05390748517146079,0.008903119093373504,-0.001986955382150359,-0.008108042008469724,0.0020093114229112344,0.00011945774253233066,0.011807396727397307,-0.003374936442972097
0.0827936108133949,-0.0003309832877077588,0.05574571117123894,0.01438199869766183,-0.0002699981852536393,0.0011456291765523686,-0.001971547834790289,0.00027097563599404905
0.10803763941393889,-0.003221221500470657,-0.01388009597674605,0.0173307750937079,-5.989961884332595e-05,-0.0011275202320382381,-0.039526566626058156,0.0004250118551416417
-0.09721770510403101,-0.0019628094145543494,0.027206498491581566,-0.0057175857228551116,-0.0005780202271140864,0.001166011305305012,-0.013572185440430654,-0.00255099664647097
-0.1980581504175321,-0.011171796145029948,-0.11885689177240877,-0.01318011335239593,8.679189061111536e-05,-0.00024266070462532514,-0.04486777674028823,-0.0001779197257425376
0.0605815262367779,0.007297898953169251,-0.09990487297527574,-0.01818748606267363,-0.0016189447543476301,0.0026279145208611,-0.01666383805084704,0.002260909575901314
-0.14452383037719538,0.0119978922403578,-0.025877396044665033,-0.0011095091550490284,0.00011146560111488513,0.0014489325698883251,0.028289431206098583,0.001642091099694768
0.11661813779313876,0.0035445676325162813,-0.00556523127307429,-0.009143256336799544,-0.0005356269845140096,0.0004230948695826131,-0.02733378828532222,0.0019354346504305683
-0.019661192127579347,-0.002203966612580723,0.0053772450545713,0.0030677766594361007,-0.0013353376229451126,0.0009675015771926643,-0.0211071185591886,0.0035191362234495696
0.1134863646424429,-0.008252968320585235,-0.07456584778136903,0.00402571957159307,0.00011149135661935039,0.0003296591323652427,0.03691600616304512,0.0037212543512932005
0.0890814865257808,-0.007090895666546387,0.08276708789779098,-0.0032280451815798403,-0.00010045157862884069,0.0014545133378475108,-0.0288637686351847,-0.0002456549275674663
0.0969629242075154,-0.010652956183949938,-0.06088165217205313,-0.016759654013516027,0.0008105516227383063,0.0032717042775402888,-0.00038192883269177157,-0.0029295154755282146
-0.20825137558091444,-0.01026561220919548,-0.15155024491100885,-0.02008701171771594,8.670165239121896e-05,0.00016582131585376626,0.04892506393578446,0.0017928749887571435
-0.03915092344368436,-0.01725681634704505,-0.1089081776937855,0.0026258342926588243,0.00012376622038678953,-0.0035499456682124646,0.019991167019462155,-0.0033744448936135086
0.09632880603062194,0.003576319531195515,0.04963554540545189,-0.0032218181365273922,0.000737259042973389,-0.002682260345987555,0.02613048691428057,-0.0009161496245159995
0.08993717306318934,-0.009829395520672758,0.002747298343650213,0.01479279108798399,0.000595320362654345,0.00020645958085457883,0.03178075063722329,-0.0023792680871300735
-0.1664180685233932,0.004855432187829453,0.05902223785925084,0.005146348855959899,0.0005506523803906136,0.000599960279585585,0.023877087561227955,-0.00046727675242934363
0.09078998433121777,0.003346978482105476,0.06176019114232923,0.00376124991801241,0.0008197207130888012,-0.0009880559036184466,0.02309930709667273,-0.0008700198810184523
-0.10767824498308352,-0.007421539887204198,-0.16437281754355698,0.009533093602211462,-0.0002990648430973874,0.00014391960538107096,-0.033744387178614915,0.002382984481243697
-0.1556506827044616,-0.0018761936415725535,0.058775094040445064,0.016021819245071782,-0.0006056746122210105,-0.0009900497755707361,0.010917294373135671,-0.0008437718241934178
0.05035179577406079,-0.008782433672029738,0.04403367821024212,0.01576088592377334,0.0005462025326513215,0.0034960863008872477,0.018497635562028502,-0.002487145574088821
-0.26446200179104207,-0.011032818039099886,-0.006802506696318099,0.012576591656191271,-0.0004632488991780601,-0.0013407626965146794,0.04429974155423744,0.0003448330567312752
0.08763240075017455,0.0011373487284248418,0.06482098820296198,-0.016230175000381323,0.0,0.0003340108859181496,0.0035025972743871294,-0.00035723102639073634
-0.01981161543201347,-0.012451792972382877,-0.0004104921060569956,0.01512168377648578,0.00020051497125384357,0.0022606920648481667,0.02310570630200074,0.003155969681800693
-0.1979787435758345,0.008951719402284035,-0.08564076702546262,-0.0032398798915367886,0.0002539459875116057,-0.0006330070773963993,0.05077927509533414,-0.001109577160645433
-0.19885472332861398,0.007152826664390817,0.07319568749133595,-0.007936422183432757,0.0008688498075787109,0.00041478520464417745,0.028485830440894432,0.0
-0.11870331418438056,-0.0027849268626866583,0.09773615014995655,0.002909417382795485,0.00010556544293565534,-0.0036640095357286908,0.003915482195793449,0.0003200054665423158
0.0923659127901874,-0.010524158528015436,0.007308455220273046,0.003833992188863139,0.001017741400405276,0.00047450339203365666,-0.00506017348026303,0.00258296762354229
-0.03956512626550813,-0.011081269401329454,-0.009350457768313216,0.011997615619352562,0.002259140939623126,0.0017893831000781457,-0.04285406224020719,-0.0027599249180026257
0.09335493193949722,0.01748498324974959,-0.11546534227265007,0.01722809978192062,-0.0001535500929070871,0.003392832214362748,-0.001659648617517581,-0.0035487372883388412
0.05400701576109196,0.012529197622660299,-0.0986166770746472,0.001528462575018534,-0.002381904533328309,-0.0039247023844702035,0.02363098598684578,-0.0018506411865691925
-0.0988984102735532,0.010991026522752328,0.07985552363879095,0.01788271289841818,4.4865554964010346e-05,-0.0004500805319219954,0.029861275015537012,-0.0013910392374581763
-0.17900487208601387,-0.008085249326209631,0.07479394269284041,0.01706633612144809,-0.0007362866005486724,0.0006842758653605069,0.0025985400549374898,-0.00034976686522504574
-0.03070446212585906,-0.012958654096275512,0.05756770718662024,0.0037858334104641516,0.0002729646819516641,-0.0033920134377248205,-0.001068124139839596,-0.0013385791352059678
-0.11131358342183123,-0.016180511804256052,-0.1727676491726257,-0.011169520927184772,0.0002799915921715135,0.0004052610128376568,-0.008889636129989175,-0.0023706993640311516
-0.09809523520361432,-0.004665343201218015,-0.11650192567397412,0.013318178708172023,0.00028863446803864545,-0.0006540238420682801,-0.015301559503964434,0.001385088948612531
0.0213691657109663,0.013181337640295594,-0.08662693541869836,-0.0051632723957109414,0.00017851684138963555,0.001222167254414152,0.051453123274940595,-0.00010895928452656686
-0.006279103571945034,-0.009363088881496971,0.09843911429980526,-0.006406727393360322,-8.052288392827733e-05,0.0002399327760634731,0.013818022649313135,0.00021280427855557214
-0.07632030919162079,-0.008669751885831838,0.07782455170037514,0.01646458698082774,-0.00046539626620777097,0.0033499720863815275,0.01372759565139092,0.0017634589069998278
0.09978026100158943,0.002073384455686902,0.0650557665703516,0.006457129717685154,0.00037644763673458327,-0.000767477482198535,0.02312679420659868,8.779177507514668e-05
0.09988710765774345,-0.001404082200002913,0.027491628503043562,-0.004192228216067704,-0.000849554173310671,0.0009956733552615436,0.011892509977702366,0.0003067683505862395
0.03107936641819645,-0.002809218345342198,0.07099777838193924,0.014365354651396463,0.00022510968666866749,-0.005548939854137621,0.034450131423065404,-0.0010726790248107494
-0.2415962864779828,0.005883047361297431,0.06723742115320705,-0.01776892582861022,-0.0009016051544508562,0.0005637994380666508,-0.024192204298383355,0.0004927990822272132
0.06469634117870729,-0.0046855083014069945,-0.03944888915116485,0.017620798375086448,0.0020051815036999177,0.002969237488117549,0.0007220229939930017,0.003528286380589148
-0.018545512112744838,0.0033085025555649066,0.02280290875988687,0.009879136971598564,-0.0016617176222357942,-0.0018787587222584793,-0.03754986708820461,-0.003554346554701365
0.061685345678344834,0.004594568793838174,0.03882291596669361,-0.01470599819755803,-0.0009524394687929483,0.0018935828375202936,0.01557238128761267,0.0005809852193697725
-0.10702673151684189,0.012386115923888746,-0.04044713493257004,-0.008693100952098553,0.0004960459647256887,-0.001010000871087492,-0.014165683342066316,-0.00044570646992527456
-0.09250835003265646,-0.0031731761265437757,0.10710213379318209,-0.005609076896522727,-0.0001310888303486836,-0.0031117827931739007,-0.025649175084755383,-0.0008449830451528978
0.09654739869522563,-0.013247040903985464,-0.06770089446568503,0.010398400103864162,0.0011902760259536842,0.0016553209708108653,-0.015440669018987682,0.0036864162928001644
-0.1433905155878144,-0.00954797739694441,-0.12886800401017035,0.00630890416401289,0.00031821259247927225,0.000498978962208771,0.020676951606544116,0.0006479839791525444
0.09042959716713188,-0.002327932062362814,0.02213444125535557,0.008717049268897617,-0.0010492980383142586,-0.0027532485572207034,-0.006513431347654961,0.0024614872725634836
0.08522083441034535,0.005141030862191093,0.029395860244145346,-0.008754849767716174,0.00021100213870528517,-0.002831903509380277,0.028096278344609836,0.0006072957290759445
-0.19961198146593725,-0.010994973395989925,-0.19304941133319056,0.016247172159276114,-0.00010586350264074618,0.00021237868388082238,-0.03688595595579004,0.000790331535863133
0.03659554336038775,-0.007851396824943421,0.05900714147206217,0.013455625623491903,0.00039905464552650316,0.002912459334814409,0.03660151679379493,-0.0018162861585412698
-0.0027882202372028152,-0.0021883790164030055,-0.031716301614723504,-0.008171297622631983,0.0013544530618790074,0.001928758238778746,-0.05029195403328031,-0.003920745654225448
0.013446814025063931,-0.009892224971650872,0.08491780424330289,0.006164263069706439,0.0002539321019399965,0.003005202673381112,0.0003379388881669984,0.0009959970959272954
-0.15026036381433183,0.005992776001736311,0.09138581995209775,0.00422438596084028,0.00024687418057627676,0.0007124098903945721,0.017410717519646762,-0.0005606362362053953
-0.2027028897875134,-0.0026646691986783834,-0.03932843001532518,0.013980795573845446,-0.0007742926996133922,0.0008282124437584693,-0.04226083318758524,0.0013983812799233694
0.09220346505522402,0.0064039994218377735,0.02298560660363525,-0.015623711510080952,0.0009114115045863071,0.0005310669185480636,0.0014058625128837905,0.0004758838981633734
0.0018816112104812401,0.00832578957115607,0.05008352866598082,-0.01703041934131835,0.0009901448733169033,0.002271301311843762,0.03050535424285226,0.0017426114087992447
-0.010946108990287076,-0.002026429129617652,0.10691943476448743,-0.003674572921135209,0.00021473011284094123,-0.004490388807988091,-0.033899393371659224,-0.000625583889305417
0.043108114895692634,-0.018467601790044422,-0.0112548288174158,0.0013511585030805586,-0.0014040128691320782,-0.0054302481590208,0.0107812448031492,0.0001570957976898546
0.0843172342673939,-0.00042940590921312916,0.020818446401522115,-0.011278176403560151,-0.0007947974733699701,-0.004140030235203843,0.006862793720693229,-0.0026666622068498413
0.032928202053696475,-0.002300935983781873,0.04630598165874212,-0.014658768957429324,0.0010749855065937451,0.0008743297088377872,0.030574065317350903,-0.0027434348061785283
-0.04806714082737222,-0.006478458245695417,-0.024137356847867598,-0.003078571931808536,0.0016865486005165555,0.0009944235318948697,0.023672289611343062,-0.0025508546332914314
0.0956156819799248,0.004607582094797384,-0.10210845097486188,-0.002234131522459606,0.0007838415102684417,0.0026594746382953395,-0.032160229142920146,0.0007598634351776157
-0.0541323234133075,-0.010002193278892953,-0.03646754261202208,0.008548469498316714,-0.0001388951135671765,-0.0023210556370042057,0.04852024456127437,0.00021621620067977104
-0.06965304646436835,-0.004991699059489391,0.06114019277495053,0.013542445147929653,0.00041382896911504346,0.0008211271614002837,-0.014435915433383828,6.316633161085501e-05
0.12233212937678523,0.0008586170414133362,-0.01254846580790868,0.016933546735007847,-4.335862831071624e-05,0.00018404544747063317,-0.04136070687000102,-0.0016444955516331146
-0.00850865173999796,0.01208354224562628,0.011986492451607652,0.018276933398063643,0.00036291646133908284,0.0005203203582343281,0.003978252256331173,0.0010278757435835503
0.11183771462646803,-0.009965969825074108,-0.10427993373814182,-0.019286051312178285,-0.0013617002041002837,-0.002656975623501714,-0.032372383647796044,0.0023561074005145344
-0.0771257529377994,0.0033621122917782617,0.07870026616114702,-0.00022403916143653353,9.454842751448547e-05,0.002078121501241675,0.02017735827594745,-0.0006556404048932709
-0.023944663934369483,0.007218600676985833,0.05417245036851838,-0.008679864622693392,0.0003043194454719067,-0.004829332312559329,0.019852139589875094,0.0011447784442661132
-0.1692987330568687,0.0049402444579323005,0.10423918319654259,-0.018650040382939045,-0.0006968564577056397,0.000574206730280531,0.02446821342886805,-0.00013890243705289018
-0.270924372621376,0.01093774777960435,-0.11248066882232031,-0.013625284360657608,0.00010868763955562688,0.0002625906812901705,0.0037861209487931977,-0.0005118575485239895
-0.0654936230093943,0.0038950281403670062,-0.15913937692152735,0.004506463790832968,0.0006499911118533862,-0.0006313496158753817,0.035372716078668306,0.00054136447180455
-0.12789697054103255,-0.0075700986503223966,0.10749139077618257,0.004470244998641578,-3.99611417981581e-05,-0.0018444543587829195,0.03584767830303251,-0.0014959354329302224
0.1346353115363868,0.004845977721142692,-0.10933190518646002,0.017377718876928593,0.00039554583156592524,-0.0013331473497008276,-0.041083282593660446,-0.003058694712848691
0.08933673992974885,-0.0035150446077635033,0.01078007789982077,-0.006530741672040834,-0.00027868740811602677,0.001735510718417967,-0.011439585205618476,-0.003797526657116008
-0.03363107330954097,0.014997583212585859,-0.13427761166439245,0.015680093496296454,-0.0015228089226110646,0.00100611979713372,-0.011441067999931954,-0.003303045468498297
0.03620229947372969,0.014422713609307398,-0.10570110623766452,0.0048924897326789235,0.0009649068102106697,0.0017430965655991894,0.024181103019967145,-0.0016839334500014895
0.10103870301012806,0.007000536618957793,0.06844562276803588,0.0005737586806070825,0.0005732726714842692,0.0007439746263957772,0.006408091137229595,0.0004315010034156852
-0.23770100491254384,-0.011752554180917417,0.0007973047687907102,0.0019736488181570544,-0.00032456208496034955,-0.0001384069115518416,0.023910272552466593,-0.0013772005478156339
0.08444690034866212,0.0023559476011962375,0.04239890796628626,-0.01597550149755524,-0.0008790909166692356,-0.0007503283438611827,0.037726538448510184,-0.00010289096503890427
0.05939910904253664,-0.0013826992798334616,-0.04677936361925711,0.008087212987170916,-0.0012366089864379393,0.0006853763546336988,-0.03413063337857929,-0.001101822514208054
-0.05623736489181852,-0.014805752592216207,-0.1277188282392951,0.005535765757372073,0.0008040742148315742,0.0001463490365988529,0.03968649035806958,-0.0030230180776244604
0.05085559585227591,0.005000640747830833,0.07228965505528329,0.0072587108752406185,0.0,-0.0029246627441671777,0.03223450488179734,0.0004993927535122678
0.05253052169058348,0.00042750765751553566,0.008062502189885992,0.014638583671807762,0.0008623041239932431,0.0026183170466411517,-0.03890422681757518,0.002191365144562925
0.03576208980280384,0.009519004540816181,0.05795294390858252,0.012075711086444297,-0.0002841026831230248,-0.001150401840834962,-0.030756915416967495,0.002304139815136313
0.12421297609369156,0.011541632881404579,-0.09581904671604784,-0.012415930302838952,0.0005732978136172356,0.000375941349255747,0.01151040334168515,-0.0014459221966980744
-0.03364749384181386,-0.007439596440755341,0.08108536976064598,-0.013821370161607095,0.0005050619741746934,-0.0043968654178181635,0.036817838228189535,-0.0021821572406536967
-0.21272005286941287,0.0073108469272485585,-0.040007431455856536,0.012757211516746128,-0.00034409852049274714,0.0006624804533775702,0.011810777588651162,0.0008868687479739208
0.10210302725179156,0.005666942944462025,-0.12453713428662906,0.01780196731436086,8.310397133356323e-05,0.0007801342990280542,-0.00987034464607945,0.002039072730988444
0.11070483504844789,-0.0009799378061908838,-0.0459810171977794,0.007742945022015828,-0.0017246337455973364,-0.0001363204123233791,-0.025405901332375184,-0.004223870880992928
-0.2600890234814107,-0.0006725384686043675,-0.16825120910694966,0.009875227187060865,0.00010343646581106869,-0.00035519696252375537,-0.011084971762444364,0.000408428733702116
-0.16201713861211495,0.0004701694309609019,-0.17978904263611778,-0.0020952073675401983,-0.00012475316461002528,-0.0004605081844928171,-0.00820459437697633,0.0021090787431966946
0.09606447950510366,0.006670711395506118,0.037157159853134065,-0.00598635947737901,0.0010319270254245212,-0.0001441182686668374,0.018982083559407885,-0.000695380010260857
0.13361075083711352,-0.006336652408259984,-0.127883920898309,0.010158281792906227,-0.001303913738537893,0.0006919162762649031,0.0050420617913158805,-0.0005173645269651792
0.027975897734172656,0.005128538102146558,0.06914049091368386,0.005131551100642992,0.00033181920813241117,-0.0047352065822199516,0.018443630546177234,-0.0015819348495942948
0.05580244970578073,-0.009619643399955363,-0.1196185812453739,0.005573473941592446,0.0014803077698773977,0.001948275891598911,-0.01240799338166176,0.001105966055802085
-0.03813804829565274,0.00936813087194638,-0.00890429056724824,0.0068751795463248425,-0.0012612488907153517,-0.0028191918616121856,0.0048305212471126775,0.0016576084737111342
-0.12381262648112647,-0.009932985304513472,-0.17930402766779494,-0.003222364762400328,-0.0004380962604676464,-0.000791924339208529,0.008769983318290184,-0.0007444662244744651
-0.06418260163104254,0.00961119483360719,0.03448368406285079,0.015280187183435679,0.0001369480638182298,-0.0017013148483638414,0.03153188135555615,0.0013626650540373775
-0.20238402074661985,0.008830300986881761,-0.06916757637079396,0.002030431078199082,-6.249714713477128e-05,0.00030371104105084503,0.02216265137570399,0.0011100995682833236
-0.12080314387370347,-0.00045693421986350846,-0.010019498825796523,-0.015995291985088558,0.0,-0.002518707730060498,0.014890153050184561,-0.0007512141053998599
0.06604913780186038,-0.006423654515556871,-0.03874621877031619,-0.012442982896131506,0.000553538558196634,0.0015991049380125826,0.019276143746504205,0.0
-0.1876214387323241,0.0007170217981303879,0.08835553493900809,0.0038576885015087865,-0.0005466833041890595,-0.0005187751291445326,0.03378008329258907,-5.545321621047705e-05
-0.23077671935862534,-0.008043747703447896,-0.13348880247024109,0.017253641696856545,0.00017349903247809717,-0.0005575594160854762,0.03983211436370276,0.001901597760368219
0.06961697047131439,-0.012958993078073126,0.027115697614088653,0.01777050762873317,0.001336644976906718,-0.004298974381540637,-0.008216096939895579,-0.0009158144995626005
-0.12387042310710619,-0.010759612810271582,0.09374841698269723,0.002466494931750011,0.00045415720971994644,-0.0033531884125867824,-0.03141967344625691,0.0006790403474150872
0.11360570956564206,0.001976921177884106,0.01968378534867332,0.009445565489608242,0.0016089684253393125,-0.0002553358630762448,0.018050335780899863,0.0002254705081513805
-0.07886516530343549,0.01068121238473916,-0.14301195850418064,0.018166634194728432,-0.0005220287228593555,0.001317983742132795,0.048492674658859924,-0.00017257905965403775
0.0329390738872533,-0.008088790392621266,0.0406858840013529,0.0014175545077591354,-7.584772630225833e-05,-0.00039061544017674816,-0.001311171524573662,0.0013876324436519294
-0.03198900478427323,0.005771613274529392,0.025702247851073782,0.0031943163761575808,0.0,-0.0004747153680202645,-0.03812915074307371,-0.000359894313417472
-0.20475436615968268,-0.008254704591144659,0.11438455347877141,-0.0003232880750965631,9.268630796228916e-05,0.0005051204837846202,0.017295899567382964,0.0002038755179909277
-0.015662223584246054,0.00821416303242349,0.06008416975255237,0.016716019567750658,-0.0005504407736262666,-0.00048652384221584133,0.02411157087213854,-0.0006763232909899141
-0.09270626970485281,-0.005622204520566386,0.017492481158073916,-0.017576407907258878,0.000514928544776847,-0.003714898963235377,0.03975623816270736,0.00046345032573125167
0.013549373203652324,-0.008846070449244126,0.028355354749613995,-0.012261629647950452,0.0014058539092876264,0.00160259513792724,-0.03548424305203536,0.0029921810056135014
0.06925619754993466,0.007596190255561189,0.0721015947789222,-0.0025841949227565016,-0.0011400967922394058,6.264027764274482e-05,-0.01703453799461181,-0.0009584589603176479
0.08984018059969766,-0.01569855882460061,-0.13240919917687338,-0.001049448214489851,0.001092873214157548,0.0013317746275219443,-0.04253446034391509,0.0025025314740057506
0.07665462793672206,-0.007919484445658377,0.036965414054440204,0.005003142483636508,0.00048683923907846816,0.0011885036804607026,-0.008878637796909434,0.0007804953941319705
0.11464098171037664,-0.008504079391696917,-0.1199728473951093,-0.013223519727308345,-0.0002879779167624802,0.0019675332130204156,0.03587912957477178,-0.0005021208330670304
0.03729586030265023,-0.012844293778999897,0.07118310438147517,-0.0008314752779648716,-0.00011727141055377366,0.002146209273165687,0.02104364881393508,0.0020006139843275193
0.06777166630601954,-0.002050138861634889,0.07270748235913198,0.014679239964343982,0.0006992613084527699,0.0030455349565750617,-0.02829806262368058,-0.0012264841766355756
0.08061354672352414,0.0018569860344037844,0.02292572419521901,-0.0017258450603717668,0.0012214039323110465,0.002109803214060004,0.03340352752111603,0.0005478624145651706
0.0886980851638743,-0.0036043684085737215,0.05914695157293482,0.01691660536279903,-6.957754655684267e-05,0.0003840638981573501,0.013331686704861245,0.0003492209225227415
0.09457611973387384,-0.01796024766540914,-0.12723567430752689,-0.002428109989745619,-0.0014299908452655638,-0.0005068476442857699,0.005209336394068934,0.00012771998552395247
0.05314196700710707,0.000886215168025048,0.06090566880392482,-0.009974436734079023,-0.0014129149518151988,-0.00682320532762354,0.009628195709402822,-0.0020763076035100604
0.06039880002559371,-0.0015265350676831268,-0.05539346295233303,0.012923757986806882,0.0006559927796124174,-0.001090166268522526,0.036224488137869874,-0.004155071568977038
0.08528037991073419,0.0043722208094410684,0.07329627913010256,-0.0018059571283718077,0.0005515729585128847,0.0013818835239787794,-0.01659887812858045,-0.0006211833226046903
0.09850630541007267,-0.001005701608729223,0.05204687956288852,0.011528252284265326,0.0017770758085983533,-0.0003875598426367477,0.015283216493859272,-0.0006837329535742942
-0.012491472535223796,0.009101143817636366,0.005746213381397403,-0.011560775988075409,-0.0020629286380733445,0.0,-0.0033563475593581847,0.0004899147010761027
0.08919928286338302,0.016728441412634912,-0.06736467078559989,-0.009375063675825685,-0.0015849777708812276,0.0009648653242748037,0.008071747792877554,0.004285107568138618
0.10470496073075262,0.0028220718466833413,0.06532540120203933,-0.0007949747923253109,0.00018272539756863937,0.0007158564534852745,0.029567065995312804,0.0
0.09506157285612753,0.005910821256907005,0.02850902513280454,0.016951121959429282,0.00042948683763549544,-0.0010472187751620458,-0.028624446633118573,2.5163408585937574e-05
0.09976587469681386,0.014815895607222188,-0.12553809048154393,0.00011988722455213291,0.0008765915748930055,-0.0038405204573745775,0.03350880330110099,-0.00358592816465888
0.10282604415269259,0.006538741310463477,0.039595652482948725,-0.007288801074814604,-0.0003828011319667868,0.0008957105753221071,0.009893556426130753,-0.00044511462905472496
0.11044247552100916,0.006871275563843873,0.0319616544668506,-0.005055772799603368,-0.0011106496060247825,-0.0014115413327248413,0.026195580231118752,-0.000644519190928533
0.10148706359658503,0.004563679908222025,-0.01910195172744385,-0.017013409965205534,-0.00014600959821696458,-0.002765401745934973,0.0082421496192967,-0.0003303139251783101
0.037234457138021426,0.005267347001353001,-0.12577878144899227,0.014422788570783536,-0.002282950764376913,0.0008676410561221787,-0.04431157880788373,-0.003797477172129571
-0.09694985957553166,-0.015695705708615348,-0.15886138146613724,0.010149899373763543,-0.0002540940068482822,0.0004775397459105185,0.00841136887811379,0.0011271328572138213
-0.010098389137223003,0.012222551196955459,0.03929240813430943,0.014390620816099108,-0.0006621172457029895,-0.0018563099708812476,0.018490487948339226,-0.0018763162227722378
0.1064661481823986,-0.01744617903823407,-0.13722932970604843,0.006504479031235259,-0.0013564739818770946,0.0005732154977797221,-0.017660370415314968,-0.0013346652482667477
0.08502126958981149,0.0059499263053849364,-0.016078281172171444,0.010712832156574557,0.0017326742870602217,-0.0005130510881346528,0.014625403727171927,-0.001970718898171828
-0.010111404387564426,0.007753153423687453,0.10594627544422877,0.01864451320036234,0.0006413278356784932,0.0008707266489218961,-0.03160133636461578,0.0005651265234084268
0.10616989997500449,0.004114350318803359,-0.05122202047646628,0.011525325843000063,0.0010532954429472562,0.0006436095375115973,-0.04302111728932734,5.268233060688396e-05
-0.1624406844207217,-0.00549491763555966,0.020285054308534965,0.005995759748486606,-0.00047764870272881937,-0.002913140412638395,0.03862757417023197,0.0003886791277210727
0.1353500904942614,-0.008654203989991007,-0.1271643772529079,0.011636210823671961,-0.0017214242570386248,-0.0017975979097826647,-0.018052450896044903,0.0016253643771279684
-0.10330956605269927,-0.0033236758374852716,-0.02066733445303071,0.006884128273813235,0.0007361048343430543,0.0011243175381823864,-0.03639202073400483,0.0011839666278050292
0.019976766262299446,0.010818241849280544,-0.010482842416449787,-0.008020298711423264,0.00160717735561625,-0.0003807595684241355,-0.04102395154238179,0.0005483101682113686
-0.006142191554112329,-0.011324474558303054,-0.025168824743376745,0.015911441656301786,-0.00111055428927586,0.0017484964087385573,-0.033052690086297486,0.0029260405233216187
0.05750898390411609,-0.008539128233311256,0.018694925961425687,0.016830744948398736,-0.002613452671934517,0.0013075958834371925,-0.0005225910045813936,-0.0006644654827614779
-0.05563142072203137,-0.016475684951849427,-0.01261237434795072,0.00140647195277416,-0.0005616642905364455,0.002708133162159392,-0.0033021657764975543,0.0022533584656457594
0.04794689709235116,0.0033736626331066764,0.056886906333312455,-0.008422911278099594,-0.0009281672198928337,0.002145969291086191,0.007451436079830595,0.0007010938453199057
-0.1285737268504168,0.007857161816361945,0.018164464986736167,0.006844425357067297,0.00021915868664580673,0.0014656591334352071,0.005171543949809609,0.00028638020914619725
-0.19267579816702357,0.0009448638525288538,-0.0589281087508175,-0.016565529814985883,0.0002228323013067357,0.0,0.03544347853261763,0.0011658246470864922
0.09111336826119877,-0.010655795823839277,-0.035387696368617695,-0.0016971279532744063,-0.001965241345457939,-0.0030349930875598246,-0.01753520763037885,0.0024878188826074205
0.13186175041470735,-0.0028182039411364596,-0.13528463748781855,0.01989201973989888,-0.0012177587840826744,-5.577477495974717e-05,-0.03709418021792921,-0.003959406289055952
-0.013376183007306398,0.015825151501950466,-0.011432530074049263,-0.0006305225140158242,0.0015696552386307492,-0.002721665359023925,-0.046532730247511554,0.00024428856134786625
-0.18577510878922718,-0.010249849404217862,0.02468527037375251,-0.018941358619526477,0.00029680399656810814,-0.0012074677239586238,0.03490335016397295,0.00023741356841378014
0.11603814010703906,0.010959186918775215,-0.03045385331771157,0.011230439930167941,0.00015360199102096295,0.0002826644501566361,0.010149893871660848,-0.0007325679897417041
0.09477051061521627,0.0097299530427077,-0.10015389243419472,-0.003560881096104444,0.0012022921762227213,-0.0037245743661709126,-0.020405680554990202,0.0006052984991572301
0.08328368563949402,-0.011427998405142916,-0.05202648047580793,-0.007372859293501175,0.0012872245921916612,-0.0012812068693120466,-0.01328252402677706,-0.004251444743993642
0.052147588077579764,0.006677426792419716,0.06682569102885201,0.014755229477383664,0.0017513772847860324,-0.0012386273944464676,0.03636553663432948,0.0005975820367566455
0.05511932650237859,-0.007396783362224622,-0.023633161132258874,-0.012171829084814147,0.001642902978096027,-6.960658044262436e-05,0.026574209085147855,0.0032889270648709837
0.0499742914453932,-0.01746763839982941,-0.14063386870967856,-0.0062190466809907705,0.0014240719230195764,-0.0029750465815447267,0.022597282492445213,-0.0022608291268062216
-0.17090797925994974,0.0060276631189554114,-0.043096764868316186,0.008344608828135742,0.00025873434687942454,0.0006239653646381622,0.021079936127710575,0.0003411107683450434
-0.03799619248665276,-0.004546451461611715,-0.0076690124511294136,-0.004377921082478281,-0.0026982411198004782,0.0015447184121600522,-0.044573051846482185,0.0003290639516733418
0.010737832524305341,0.005604462910384252,0.08315276962055762,-0.009604673800258076,-0.00014791858759139555,-0.00011925634613359215,0.0010204169928771966,-0.0017253979684090659
-0.022860598987284028,0.0020822106833412175,0.05899528740432674,0.0020589566792632986,0.0001687861993268612,-0.0035560207737985027,-0.011363597955850374,-0.0004388797743480355
0.09486982911644284,-0.007068594630775528,0.007692124561366287,0.0036010330926077526,0.00011159603359389883,-0.0001605812782394661,-0.03656574108656847,0.0036925899377168447
-0.20958336510687178,-0.005980732916742718,-0.09765101765390462,-0.01784299089289523,8.990145622256307e-05,0.00021149772145223945,-0.02358870166728218,0.0021771713431997693
0.07810142901364774,-0.006875384661430465,-0.10321305654789932,0.015127247262895481,0.0016113652891988892,0.0028830600530490636,-0.000809676454818907,-0.00406545154403516
0.09154940660706913,0.008550155156160505,-0.025491482275399643,-0.015570192346318887,0.0004940724794401247,-0.0027021089270532956,0.024006978427047274,0.0021950513873376
0.11653112535859886,0.012788593707360447,-0.076571360303147,-0.0009471485050972283,-0.00020747180912698143,0.000153374703975405,0.005377682825502822,0.0020537805653696234
0.06921122415115606,-0.004017037714423246,-0.14039562808287095,0.006991778504889988,0.0006444738092021562,-0.0009991495377156385,-0.03839648679003263,0.0018377863016427935
0.10810047132713135,-0.014945583963730144,-0.1392015075101313,0.016696053601135734,0.0014085387620997956,-0.003449899090017985,0.029154083449069054,-0.0018937534842022358
0.09843754533469816,0.013318441741054343,-0.05437155536789493,0.005747165717862482,0.00022696035052344188,-0.00025090549265307957,-0.00615256475238338,-0.0005727600186925516
-0.1649022729849577,0.007983985142937324,-0.03271486513324712,-0.015047525595029762,0.0002321570284181118,0.00044609368723325793,-0.009463213767591532,-0.00028589457386218187
-0.21660467764579144,-0.0010817726620811151,-0.12112942546876627,0.004157807376442546,9.856051691964351e-05,0.0,-0.03129328526117273,-0.00033949589060765277
-0.062415360624980695,-0.004005802952149757,-0.0749955292558515,0.008704597282755118,0.0002128687324794154,0.0030507559397557247,0.014294539688992988,-0.00041472312684691956
0.12485417702134168,0.010673366823307204,-0.12385582212213916,-0.009030905554643445,9.350010850024681e-05,0.0017998423365573877,0.0434291142816631,0.002993221452895395
0.09298399715904174,0.004138833796662592,0.027831335611843776,-0.009713473692990705,-0.0005950950857998849,0.0008177022290840926,0.01697965750108454,0.00031273946666745606
-0.0386264145702473,-0.0077878644362554495,0.08143672874030698,-0.015526385094754975,0.0006540430028767042,0.00031870722096635773,-0.008305073007032183,-0.00023226921221488974
0.08113026022556498,0.004596377720368478,-0.02460558828988491,0.01547293247240732,8.521197721785695e-05,-0.0032139074880315273,-0.037900663001998874,-0.001951676181887455
-0.19046890735287902,0.0014116424027559328,0.08668030509086601,-0.006067519041203127,0.0,-0.0008614525531180947,-0.01670160928579693,-0.0006625318028201932
0.0692110071807056,0.005310570668306407,-0.04376309772411468,-0.017722332046329496,-0.0029460923694363734,0.003356296524584484,0.01274273387450432,-0.002811606931218201
0.08446510165522565,0.00018537549277078402,0.04209619342811454,-0.0179820395425933,0.000679302854685818,0.0019765337831193137,0.033909024940422666,0.0007634303141512357
-0.06771990462924647,-0.005587262226331407,0.10063211223127924,0.0011757954682362856,0.00021955685100305544,0.0011214109733969084,0.011176049000101829,-0.0013051350036028893
0.07035923737940816,0.006317722884474609,0.050413187755197,0.01600732330986548,0.0007999619085631571,-0.0027630105826454625,-0.012243355276306293,0.001404375939030498
0.018487468809630807,-0.0017026465183598832,0.04117526414322187,0.014094401740203088,0.00026613625842183963,0.0016521081348992801,0.02171699719125126,0.00149860481673602
0.05415471645160574,0.0012633380142589956,0.06271823705225628,0.004543140093572697,-0.00028512949479960533,-5.497659280082057e-05,0.0027517912074757965,-0.0010298565916928956
-0.20949201415277235,0.006200342680264187,0.11502504614855749,-0.0019541253847014843,0.0003288171549475587,0.0008388308448496677,-0.0240064229629623,-0.0003263665074837302
-0.020572759106612794,-0.015200520602665562,-0.05275985877462052,-0.009066968274279066,0.0014122709409596368,0.0019372369072108311,-0.03329384619446471,0.0033096903253669054
-0.006421147465533829,0.0029840571423130355,0.07933919561288273,0.012009274378820246,0.0005082419752801105,0.003429619920719628,0.026506444477176285,0.0003604497210645402
0.011759713097312932,0.00020400176874404985,0.030998043126541478,0.014486941498438315,-0.0003334295052321205,-0.0004778100596599977,0.029860712162392257,-0.001623586395607086
0.11604164551271705,-0.012700147277738532,-0.06537206276096064,0.002327201062015137,0.001274613467199634,-0.001917483727936084,0.01122426289719356,0.00208419928531339
0.08637830762637157,-0.009511101750404496,0.05531897384964623,0.002166806901669337,-0.00011269747447378853,0.0024448185731515354,-0.01032764766002448,-0.0010287370556710342
0.01783928375590387,-0.008647261240629558,0.0795432452296108,0.003906836368885838,-0.00010917696515330699,0.004334020504976934,0.03618188760066544,0.0009554400130551305
0.11134379830916283,-0.005983542287270017,0.0,0.004084816283438924,0.0001548402473893068,-0.0004800366640409674,-0.030527587562721382,0.0003232707618037843
-0.12770798087080681,0.00399511660314566,-0.14608638328660262,0.01777998054881307,-0.0002738928389217077,0.001409322329357525,0.04773029778946818,0.0021635843515190366
0.0019077594563295431,-0.006663588149368324,0.03696759086157087,0.01434950839389974,-0.00026288837419710664,-0.004233501725026379,0.022580332575727998,-0.0007822165654414253
0.07325891409828648,-0.004075767502760997,0.07575610745578731,0.013765376799348068,0.00022889036279082588,-0.001282790655721747,0.035111251690470774,-7.31305410774652e-05
-0.15375534440641797,-0.009748570689959163,0.08028656445399075,-0.007141333296789681,0.0,0.0003452409097002857,0.01285701637300311,0.0002943381518622501
-0.10053301104666389,-0.0036161942979685223,0.04183555082541667,-0.009760287611402565,0.0009566982192965034,-0.0007885198511297821,-0.02917590544000556,-0.001132791437701372
-0.21059702619739532,-0.0024913039784573553,-0.06749301858276814,0.018413631791604924,-0.0005687250100609442,0.0009423773258334622,0.0027875382394190944,0.0012447844899950093
-0.03223154915581837,0.016452649179963027,-0.04927552344766973,0.014819979402813406,-0.0005393322090779251,-0.003303049286413353,0.00694993869179077,0.0032368242428100786
-0.15232710547238928,-0.007922847442128138,0.06210243495156059,0.009091533809068842,0.00032845103574447726,0.0008664169529649012,0.03801184685497483,0.0006519424042238947
-0.1977998245854298,-0.01184080582557711,-0.14184225771695588,-0.01838778905553785,0.0003198713923238117,-0.0006500153239687471,-0.015411735884912918,-0.0008336063400721717
-0.1458854635375389,-0.00807924228297136,-0.036230078092215304,0.0015989650039610786,-0.00067424885153152,0.0005977599155565921,0.020680728760744192,-5.950351982808577e-05
-0.2254401460713841,-0.004753603581461205,-0.16607952689456285,0.00484692988464763,0.0,0.00024673003557079687,0.0470736369024128,0.0010380415592280193
-0.21182781639798062,-0.0012704099111692665,0.11234086974367403,0.013787472140038969,0.0006533586098224076,0.0008388876299654708,-0.037849296675951945,0.0007073634577053874
0.017296405213340582,0.01035910907683842,0.06434320302737935,-0.014893940054863152,-0.00013451726413304943,6.589840927954726e-05,0.0017720348176987922,0.00027434295461787825
-0.11040575191633398,0.013318326408642974,-0.03868223391236031,0.002996872029372894,0.0002546198100946019,0.0002289436055631644,-0.03663694246521,0.0005809325512553768
0.11101857009912691,-0.0024781993944650404,0.03749960293290997,0.018555153431233314,0.0013366345142051784,0.00029769826211899344,0.037271438237097165,-0.0006330143137796285
0.1365574177205966,-0.01499958677792006,-0.084740440560742,-0.0153428011694387,0.0010189124395511423,-0.003025555674733831,0.034763037160341084,0.003079995831585959
0.05526649245994556,0.005819798380773718,-0.04480655221463887,-0.0036751738149410703,0.0015625828014247025,-0.004299631309093598,-0.021721417239129816,0.0019265969175962956
-0.21674446384484125,0.002953442536853495,-0.012699485625623627,-0.018446344242687616,9.52174099521641e-05,0.0015454381092040225,0.041338556058513505,0.0006562096709965719
0.028364108737862895,-0.00331979883214265,0.06095280340460685,-0.015001803167401042,0.0010369506101250564,-0.0036447411592012233,-0.032253139792194435,0.002211551064208243
0.0505331122423187,-0.00046256247541243015,0.06310553664681468,-0.012631518609620003,0.00025836921868975515,0.00278414209038801,-0.0011676218301707264,-0.0018046281246099315
-0.12369961032973889,-0.0046342557626343804,-0.15705471091672576,0.010985705028135001,-0.0004205839325982615,-0.00037986646814425207,-0.010969936956626878,-0.0005844367004803342
0.07088506658402977,0.008415476995744301,0.012584520670406878,-0.004761473546300978,6.914618432467268e-05,0.0006150309548425247,0.00777884531690201,0.0010824191071590328
0.10351090469728885,0.001899782348163477,0.06400538573470262,-0.002922628344744915,0.0009944825286031156,-0.0016603666298964576,0.02746840715780558,-0.0004207083770208231
-0.17585505159789727,-0.007551244349620892,-0.08239353176622644,-0.014325795268939817,0.00029462250733104726,0.0006873639397756265,0.024626137218281316,0.00010418070583811945
-0.12291863992152337,-0.002073686864160435,-0.13051113563194922,0.002464264377970209,0.0001646054714947165,0.0003014787378119553,-0.016486119077284755,-0.0026133939668492147
0.06990726428379805,-0.0019492323914585142,0.02603523840751677,-0.017584752676227024,0.0003745366603749023,0.0034606821430637124,0.045085050475700536,-0.0021072255855857794
0.061140806199625856,0.004242323595230415,0.008722045025759762,0.009890010350335005,-0.00018200219782218974,0.0008658634327863705,0.03768387609359697,0.00107211733914147
-0.21059071836411541,0.0004852245165310465,-0.025775110369182806,-0.013406238551765095,0.0,0.0007946757289257916,-0.008065769087092294,-0.001097604496302192
0.10112939838561916,0.004387660667774676,0.007102632664771973,0.00516527151790309,0.0005153172087938574,0.0008700669075245569,0.03616410268083626,0.00021651152034526944
0.09912233630543357,-0.007822696686579002,0.042667867644502526,0.014895878723542913,0.00018393297265420494,-0.0016942328237020386,-0.009607827132563087,0.0010834611785448074
0.11306736358843907,-0.00918211949873244,-0.05657537615849179,-0.008731854365035473,0.0016870995671398712,-0.00358366804329774,-0.010713984217446966,0.001081748230045903
-0.07836529714901079,0.0007936132849596714,0.03825901957580506,0.01011614710386593,0.0,7.852868861430579e-05,0.014784250112510545,0.0013816241136307735
-0.07137220373309298,0.0031494553225668433,-0.058424288351107585,0.009267080290634545,-0.0012897833489001753,-0.0019236307323562218,-0.010578067731469055,-0.0005084091097586341
0.07929926813676282,0.01563199333527258,-0.040720187511081495,0.011980565201502312,5.624486515948268e-05,0.002629061454042513,0.02922374833652204,-0.001118559190458392
-0.026659192046648426,0.002023237984578079,0.023852108445936833,-0.008713417076847826,-0.00010796822233276847,-0.0054064015764248895,0.009105856183769396,0.0019471973152333838
0.027188577695732307,-0.0012410809685190413,-0.03710901738479655,0.007592034610962177,0.0013842766627805995,-0.0028286702082179235,-0.012606966943950262,0.0033455554413150835
0.1294748416213514,-0.011380485475339187,-0.0995581847013081,0.011533580748320062,-0.0010671743837932495,0.00018382644358495848,-0.056181848200768714,-0.0026955098176552022
0.050719225336079705,-0.0196948994438741,-0.04340815518341134,0.01529724986589331,0.0002738234612445281,0.0029331104174367155,-0.055754729488199484,-0.004308124630359822
-0.2599392696464923,0.006510511214488861,-0.10429429648622197,-0.0027126234851173074,0.00012562037720844867,8.24841985184177e-05,-0.04932979047645867,-0.0023136643887273142
0.012857153655652941,0.002039015367515094,0.0532236491307059,-0.004279625661097557,0.00020219703018113373,0.00014410011769581954,-0.011442144919850175,0.0012788852690145147
0.07125610583618588,0.0025505412078693957,0.051858429894261704,0.013155587104108834,-5.094105489684975e-05,-0.001089287178780086,-0.03028092668378649,0.0004712197161580916
-0.22321196646230868,-0.00392535387425194,-0.1204043489567811,0.01397860349729338,-3.950632057645325e-05,-0.00014215598798132385,-0.007621573528998035,8.656905758946953e-05
0.026836840752651334,0.0003621261362530768,0.07602713662036373,0.010118471613968857,-7.21059583906336e-05,-0.005742655317773284,0.01951097719236826,0.0010903579076262304
-0.21227057165508947,0.00396714782439507,0.10574118489377148,0.007699145160065961,-0.00016384783469887543,0.0006110369793721485,0.0006540479962116885,-0.0001212050000972964
-0.08707762798174012,-0.006467802302354847,-0.08974486161521669,-0.010344395732607115,0.0006876240631491929,0.0009956085201463006,0.05349392605721316,0.00045905635069171113
-0.22977230966804088,0.005821194000268326,-0.12045576086591626,-0.012801934884454299,0.0002590268570978882,-0.00040031291705275285,-0.01707824269448255,-0.0011619295973988625
0.09272560058980482,-0.005006812753120903,-0.08542771400690574,-0.01930550832333417,-0.0002964119761238223,0.003374932117694699,0.023487642443276967,0.0015938982600419104
0.10713215474034972,0.001072779978547961,-0.041287189540916834,0.003978185155898086,0.0008587292364320709,0.0009075350621242375,-0.021246997765376103,0.0011089536807811701
0.07232790101277516,0.015287074588231829,-0.11902258169655305,0.011644489039788658,0.0002182657793951291,-0.0022798058379978224,-0.040373773409865234,4.552199584704347e-05
0.13112515770993238,0.00466189671462027,-0.04333621415011532,-0.012851951820015606,3.951926117806703e-05,0.0002310892707848334,-0.0011006097198869023,-0.0010495395850444312
-0.12616369903588193,0.0005367359049526237,-0.16766083429365844,-0.01538332655462158,-0.00021591692169703198,0.00025192741596669066,-0.013610718159920933,-0.001473400592077178
-0.11796797639192545,-0.012465403142846486,0.08706394594043365,-0.006878406190609099,0.0004939651257127864,-0.0009234597000936255,-0.009658257325197657,-0.0015568281824955479
0.05864390149052507,0.003441597001157463,0.010042186365933113,0.002268130918134295,-0.00019553423705129247,0.002973104350202791,0.026373197497374965,0.000629822679067981
0.0963199174469375,0.007855517756096999,0.00758692408808713,-0.017633328841519583,0.0005347884349987952,0.0009309139025999147,0.028463981956348867,-0.0019137322819331173
0.02577668429769663,0.002307367819914519,0.038840986268041285,0.0025813732468373857,-0.00044286781604416237,0.00043446967402490446,-0.0209018343022558,0.0030809333704361584
0.07527817984290626,0.0005958173315283602,-0.11904290738668882,-0.002731847007771657,-0.002754516351813614,0.00045311282349143334,0.0005382365622762827,0.001766260970004387
0.07899903782162425,0.011438060817136242,-0.027900892929604258,-0.0028832087932933385,0.001188824968626684,-0.003069054331417992,0.015641046827025554,0.0010977721184294714
-0.027364420321300285,-0.006431637981742077,0.06805162512024328,0.003923872691808913,-8.050088457896287e-05,0.004523059029025638,0.028557148330379614,0.00014410898356953617
-0.1336145660196094,-0.007396419569524765,-0.05439892981889403,0.01625284685635976,0.00042410335579340375,0.0015885676137222936,0.02827036234218676,-0.0004914231526502918
0.045997243593707375,0.006893942679283195,0.08152064213920591,-0.009884131056636906,-0.0015840265343678574,-0.0016166962124559549,-0.0208553405630255,0.0008321091258464003
0.019113103755384983,0.0031728211221183876,0.05141633865932269,0.015167234422669134,0.00031668315744292095,-0.003754164046898591,0.030363843486718656,0.00014651140011986974
0.05191323927912303,0.00024505711461080795,0.06830741280276292,-0.01676086574936402,0.0002547666756414978,0.0013757495842275879,0.031696971425991864,-0.0005948664669286063
0.06592875242484497,0.008227163235348235,-0.03939120769638846,0.009579220566408619,-0.0020398722520912323,0.0036151726859686246,0.026743744548878234,-0.0016892350826039626
-0.06636307858670266,-0.009614745746772898,-0.012343139987611253,0.017640705602102492,0.0012226497262999394,0.0007498905344375112,-0.017757675839468214,0.0034547368240214825
0.10682946264289743,-0.015226049259573759,-0.059762255555358385,-0.009877151482310048,0.001312223137141896,0.0007528045314315231,-0.032378920961133345,0.0013557511914276616
-0.08902331511629091,-0.0006282861773536652,0.01395853309100851,0.009476057481854469,0.0,-0.0011974599805189999,0.028800409268432713,0.0017717643347919278
-0.06797334709839864,-0.009556516185376094,0.04712389990772916,-0.001616254344907688,0.0,-0.001039834157117731,0.028072938097861863,-0.0007525839176433574
0.09487791596298269,-0.008557366918661831,0.04893484418004548,-0.01164234965532221,-0.0014432078387031965,-0.0010667117609124144,-0.036805090162975715,-0.002108782082012425
0.06244665620371338,0.00831308234037358,0.06275522584809312,0.01317857752528486,0.0020350055364501914,0.0006900830929614045,0.030568559193279,0.00041981590452416784
-0.1532733238344824,0.004548210762522125,0.09894050149970998,0.00852406243279073,0.0006270103603395333,-0.0010400565478517526,-0.02363170535421525,0.0
0.05816313433281534,0.011153065261723355,0.012924376007255576,-0.00393867188454735,-0.0005423880491250005,0.0006945748987005665,0.03303482131844398,0.0004360982927688961
0.046674188690128654,-0.01834760152471308,-0.15387463993011793,-0.013223780955697805,0.0017023555795978862,0.0017776190561529432,0.01980667352964819,0.0020863185065766485
0.08038924821468182,0.014646096282134896,-0.05193124650468646,-0.018338343204866287,0.0019014417240605863,0.00013050016316566715,0.05044827689256713,-0.003781041481341441
0.008104912431741189,-0.011926435723828932,0.07261265366437696,0.0131238618127069,0.0005232712802178824,0.0018712928379630476,0.0015139174611210006,-0.001422310780688832
-0.09460855811754329,0.005845894310428827,0.10468960033015133,0.009432612517383438,0.0,0.002689702457965005,0.02503601725789844,0.00035310083006309667
-0.24710692836164036,0.0027606810082914253,0.07335959269171512,-0.014261584058852571,-0.00012294819922006872,0.0007837790783803551,-0.02484335270017001,0.0004517522604266975
0.13443435186134126,-0.006762714676573011,-0.0916094571812238,0.002089211580014297,-0.0014354348481140588,0.00025407273178377175,-0.026343997196806267,-0.0038381856353944446
0.09712481107127913,0.0049640094573435,0.03140311380893971,0.004420191459883667,-0.002143054717066065,-0.0007575428661402506,0.0031174246781238034,-0.00017112296586252462
0.05095526474356129,0.005508190531873134,0.06349316573012573,-0.015892118712747347,-0.0006907608130671955,0.0013129796156012303,-0.012814779447928599,-0.0009227255159695784
0.03641010038594814,-0.0035519545917696597,0.07751820213168147,0.011961082221212277,0.00021744805586564053,0.0011819747010030507,-0.011954649735127165,0.001080332593692164
-0.1415156700175216,-0.0037707503907244443,0.0984518879680107,0.017413506473140005,0.0002934747869382812,0.0007773297535074265,0.03385909579663577,0.0011876091677488637
0.060616655945479346,-0.020065279669535165,-0.030843554152162937,-0.011013959961689607,0.0004906924065732031,0.0027331829715966237,-0.022316964675043478,-0.0038556921888010217
0.1281840696979404,-0.015609688654493699,-0.1258292614966979,-0.013790296861564225,0.0006155278766598708,0.002220332506707771,0.008891733420491843,0.0015872424840507498
0.10353566332052974,0.008880961785971673,0.0041168390079963325,0.005637057328836948,0.00030864876468022053,-0.00025019961693070747,0.02579398101844698,-0.0013743365776472483
0.08927182182813719,0.01068029074552467,-0.03058088714780807,-0.017833714221055365,-0.0009644617354931037,-0.004161176752137302,-0.019899389033136497,0.002119638484456029
-0.17108771582924148,-0.00748973164832999,0.03868851793875713,-0.017956721325622184,-0.00045812049895038357,-0.00384448803606218,-0.001611070384084728,0.0007742292785865301
-0.04465953600056728,0.0016516784009019188,0.09825091814901081,-0.007951017280663835,0.00020792116963941343,-0.003208632496513299,0.025170324876783067,0.001343510801493033
0.06180962041717868,-0.012996008051111507,0.006228116733799153,-0.002418202656908962,-0.0018347395559568241,-0.0017949209676079954,0.041311504897809326,0.0016253926874777863
0.09083909317425284,-0.0028539174934868457,-0.02027678595086181,-0.00029691499573321345,-0.0009898807615956354,0.0006305102546279968,0.011480364964192791,-0.00030208186389026135
0.08436527711503714,-0.013378043569664853,0.004519352776012742,0.0009047245359708189,0.0014489366995719033,-0.0030126302763817136,0.009930268546089794,0.0019049963458687034
0.058052787563327456,0.0013645669528151952,0.013054716923709428,-0.009311405795978951,-8.771322561593187e-05,0.0027910649259002334,-0.03086947722737642,-0.002922954457183562
0.07403923546225318,0.011124511593650651,-0.1283308569678398,0.012538409383319706,0.001259407887032236,0.0022741694500918344,-0.007655785872505725,-0.0004641128778890488
0.11045023162666621,-0.005718929062675753,0.020148618290597293,-0.016852778802782326,-0.00011379880356270772,0.0,-0.04944632376056278,0.0029597514464856575
-0.01944315935160754,0.004293411948919491,0.10390611295166695,0.006649380062753896,0.00018382209479804457,0.0017252871951571411,-0.028655671981312417,0.0009290686192861752
-0.1059868047459888,-0.00964649113281246,-0.1664694152086904,-0.002496058905264417,-0.0003968121956042838,0.00046000439647064795,-0.0316755490129892,-0.0004622919530781606
0.08217169640380961,-0.004593289815275274,0.06869203416796842,0.004252458099742723,-0.0014328038197053935,-0.00045817335007591886,-0.013930093528428531,0.0
0.05999831550511965,0.011702666129811365,0.028329521662101658,-0.0076486740959118065,-0.00041174112706555044,-0.0042810113179990675,0.012746365692560865,6.275695747626209e-05
0.10932565929911962,-0.007888553634795776,0.07031544309317728,0.018938586033564724,0.0007025846073131744,-0.00236254253447165,0.006316598219273719,8.272816577850617e-05
-0.2227793028430073,0.01268078968123028,-0.14873740201176017,0.016198160323253642,-4.850336813810863e-05,-0.0007701035333712829,0.027799009025924862,0.0008118919738485292
0.06210209951474415,0.017642332602308033,-0.12839323355474888,-0.015986599566944457,-0.001674849290551847,-0.0006711432822810864,-0.031007498964765155,-0.001556910554036902
0.1180179676864271,0.016724371223535508,-0.1321842457659727,0.012697802715186324,0.0004145580106823081,-0.0021286104845655335,0.002207870836235539,0.0036029232859374283
0.07577323337862318,-0.0018515078594997863,0.06516068149084298,-0.0030973330873097903,0.0011633202660394834,0.0007881120398448333,-0.005212694776016831,0.00018079765340794918
-0.0036969363021179254,-0.013185362117962512,0.06998740764827577,-0.011123369480180851,0.0,-0.0038276099208631115,-0.022859061001317713,-0.002738477604602451
-0.19310399033792436,-0.0032886480405266284,0.0812486459147892,-0.00402022312184008,0.0005114657877545725,0.00101837340911774,0.04099316714608453,0.0
0.10769300128608643,-0.008550691461470989,0.06101157704301102,-0.01969964360049567,0.0011611539011403198,0.0015229592272112005,-0.0022719481651266313,-0.0008810445224466668
0.0022454727048999814,0.014404295425823829,-0.12786772942323202,0.018311837784309115,0.0008155662126823549,0.0001728536778493328,-0.03241992834182144,-0.001730845552948019
-0.23125969886197664,0.002433098968080185,0.1166878454771069,0.006992958195737452,0.00046966607186192666,-0.0005361510569389271,-0.01798053314991591,-0.000719401747545136
0.11919281734323921,-0.008638048110345437,-0.02406374110453077,0.010284948709815023,-0.0011572844630514856,-0.0005569813972465809,-0.0010007566061474025,-0.004194382565537618
0.052770466413180214,0.008541357887459732,-0.14924477391967728,0.018821627682715496,0.0013655472425382431,0.0019015658596781596,-0.006058359262000812,-0.001819198913757078
-0.0594678200266133,0.01023373680305299,0.08273317784482057,-0.00536227719823389,-0.0004211525914269924,-0.004842853848745412,0.025535711963526133,0.0003801970376050498
-0.006962679909018611,-0.005651716917002264,0.06681530656100342,-0.00038656695277025996,0.00013279514783734458,-0.004896434774660146,-0.0056264543026518015,0.0023118889664129763
-0.11665510927217582,-0.004657437807180635,0.09098101571346433,0.009317381255509478,0.0,0.001938178835415754,0.03898707815461683,0.00040266678199639416
0.030986167605821964,0.0027908545854557695,0.010122276051139936,-0.007751195586007477,-0.0014633428574240964,0.0033564637770854104,0.03993380549714772,-0.001965243686796886
0.02217510691585712,-0.009175279894001473,-0.08610517899544336,-0.010545245872110452,-0.0010377924706358238,-0.00017093955880735645,-0.040019758593499904,0.0008895333865972424
-0.021138634296581776,0.002901213079420283,0.08298983540003346,0.006557430413084718,0.00040082925223966384,0.004068744894503837,0.0255719686479229,0.0001492509926346447
-0.06145031759694215,0.0029763458326921483,0.027785775150847136,0.003526117934535841,0.00014771274242020987,0.0035672295857501974,0.03521787520012172,0.001393843282734887
-0.08078459325899061,-0.011318551474388951,0.08150038981653152,0.01791990386298631,0.0002978089434464721,0.001516393863793725,0.002094941717459905,-0.0010896920233861576
-0.11536628685200502,0.010560932558102294,-0.02321162073842501,0.011508783889474856,0.00024972914572971017,0.0006536268065796152,-0.03961075547900042,0.00035039206765136253
0.09126395953656251,0.005374837479502242,0.04893989289482681,0.014153687320638821,3.4734043087208955e-05,-0.0021579828474086503,-0.017721439985000254,0.00024483496836877984
-0.15090847453102021,-0.0076121464072039765,0.11554732793393117,0.00713980749695819,0.00010388605569605636,0.0011688990743864431,0.025251377640705657,-0.00041212497333325334
0.12839201582594612,-0.01671782963885505,-0.049998249698733524,0.009790203129160721,-0.000840497722182562,-0.0022151758417847402,-0.053416744573916534,0.00035381996329606966
0.07467609016869603,-0.004312312115121502,0.05262202954895024,0.00443285626348874,-0.0007291843594259222,0.0011429077624454777,-0.03478637254638529,0.0003677351169694837
0.049054756821580635,-0.01176997579991153,-0.07407058702681794,-0.01348977507412421,-0.00023579011846892525,0.0013127548926080907,0.03772200494049608,-0.0006016880169349855
-0.08091660879299174,-0.009354929631355556,0.04353163598501239,-0.010127585423739366,-0.0011097274582136042,0.0012360756716808113,-0.015181499295595069,-0.0028504663468959888
0.03386362415710152,0.009730984312641399,0.02313571439245401,-0.007628553240605897,-0.00032522571520122306,0.0019255614648439076,-0.007428713623767378,0.0024493400640473273
0.10445163807777824,0.012166868878331363,-0.07793243507540296,0.006113979390322017,-7.441635248869871e-05,0.0005388144345321889,0.035626806921840976,0.0018118074957739123
0.07389679256201061,0.0030822598258231347,0.05468430228870181,-0.016915794917632586,0.0005979262716034419,-0.00013257364450974807,0.03738124107104386,-0.001002876801338144
-0.032176893302404155,-0.012141279642228603,0.016868037611117225,-0.01730288702309476,-0.0012100360288739708,0.0011204505440947678,0.029251533487428615,0.0023114917151436493
-0.038330719218508016,0.014040587632113752,-0.03289823700809509,0.004600748012905743,-0.0003256147653792514,-0.005351003078261313,0.04781574043345261,-0.000821715856703698
-0.02750609166080042,0.0023693756045912017,-0.08043436111048279,0.018013188249825885,-0.0018411271928994767,-0.0011468869518061198,0.020490342915235823,0.0022028043902303936
-0.07140304458208516,-0.014063660833356374,-0.031012181684895793,-0.017276011840194904,0.0011777305914408565,-0.0015130274637466792,-0.02178164051103492,0.003648201012220767
0.07589975139004039,0.0027385949351477756,-0.04425079149862069,-0.020673790733065113,-0.003108609695339643,-0.004970955089193866,-0.05034755801858533,-0.0024813979454411965
-0.11161925841766396,-0.0007899075195274451,-0.07241053388942646,0.01280471616882499,0.0004216810267947402,0.00113676327010734,-0.02995026984392194,0.002216102538483276
0.05755825999644344,0.011397355616119561,-0.09528030065890658,0.01657468827835956,0.0004914174976816538,0.0021268809297015096,-0.022357718166994743,-0.0024866576050859538
-0.03204458597244105,-0.018845954148614213,-0.05179717918264883,-0.007071857231818825,0.002336836463581221,0.0007702709025391996,-0.041752472621361926,-0.0037400605061290873
-0.10875230957868542,-0.002825881370807279,0.08022017249820007,-0.018708388902976308,4.118474955838031e-05,0.0031840474076496074,-0.004048885163816139,0.0013029286254167194
0.12819109816724655,-0.011491634153953777,-0.010339736476092131,0.015105552920172304,-0.00014575008155483238,-0.001218945238738576,-0.009118477151077055,-0.003971685560602012
0.1255342048592666,-0.00865747691358255,-0.03429708488876741,0.01598604800519469,-0.0005163417606911802,0.0010049452212762139,-0.008139408103398398,0.0014801784810155962
0.11011600811542335,0.0028142703871071166,-0.07936764951198838,0.005356230886607738,0.0010254051833982173,-0.0004945012529349278,-0.05217214935568168,0.001445960551197915
-0.09065402832801475,0.004181141855184581,0.05834628066632464,-0.012936029433403027,-6.567945821651933e-05,0.0,0.0008167198241016302,0.0004546125742870093
-0.1273897616826786,0.0006892198207314459,-0.18093970817704894,0.004766398842249747,-0.0005164337497097185,-0.0008800383393016103,-0.01135780102234077,-0.0025563645339080005
0.03777492754337702,0.004496755165027657,-0.12377005307030199,0.013706458819518933,-0.0007916262747679533,0.00027489139011550867,0.02365711333732965,-0.002802643404950818
0.13537333798649376,0.007437118262500358,-0.07774021718389316,-0.009626579456549595,-0.0017829763171042152,-0.0033524104268913574,0.023756037546782537,0.0004158715877773389
-0.04707634089004328,-0.006138231179405688,-0.1590876112988868,0.01733623900930542,0.00018065795404528795,0.0017991324885800039,0.01830640999909038,-0.00043077439827066334
-0.06764584375518715,0.010199967373730034,0.06583713110126128,0.013641604110454052,0.0,-0.001054795540522093,-0.04146909224233773,0.0011313271522304374
0.07734766932971143,0.0009706020066588428,0.08319597269212922,-0.00030936537934736475,-0.0001887463092719405,0.0009967911403296734,-0.035302314779830084,7.490651391803271e-05
0.09525106141981528,0.0,-0.0878884882320107,-0.0024839243985585254,0.0008412865410101722,6.651126464052304e-05,0.03269259727103052,-0.0034527361776158774
-0.162114052580777,0.0031842528359318626,0.05792810813881612,0.012562068617158301,0.0007454760247120696,0.0004741662670291666,0.02967657144012689,0.00034984210266381793
0.0588052960761239,-0.008175542432159549,0.06047808537261603,0.005168010464559659,-0.0011166217486423312,0.0002446279049955341,-0.04023685503452072,-0.0006634969256211494
-0.06417190037053709,0.0076577351089805335,0.039904780676453235,0.009122011790929323,0.0001451846333237021,0.0018874172505696928,0.028044691442142694,0.0005219733799126172
-0.18752065301714993,-0.006308103308405782,-0.03787032153429748,-0.008075152145353238,-0.0008686250089054053,-0.0002732228800846892,-0.03793810270046791,-0.0012442967943884487
0.06872039615733996,0.004386377212135151,0.00596280743542423,-0.004811945311846434,-0.002320325674084661,0.0,-0.05064979574875192,0.001264643633279612
0.09837951547270422,0.003340610115010018,-0.010588363026662901,-0.01654510627836978,0.0004494999481704325,0.0015480540781232356,0.048639814933377774,0.00036816447495643945
0.04678334838255414,0.00027982062982049644,0.07159749165435722,-0.001967299615876985,-0.0007451810062184286,-0.00043217567664181357,0.02444199446283083,-0.0001588979301318516
-0.20340405992273355,0.007935347804627079,0.01091808852937755,0.004321150164249186,-0.0005252667273852596,0.0014814235549734007,0.03493545821088626,0.0
0.08261410282833499,0.008557848716957668,-0.053526919196278264,0.013737277348487254,0.001855814235115799,0.002766091515994653,-0.031092151851903373,-0.0011507926003447924
-0.02549225433835698,0.00867044829428301,0.07189097752801134,0.014525421828549573,-0.00012560108179829332,0.0019652290178273774,0.001535486923664647,-0.0012781021238112244
-0.0024252426453409983,0.013262337873700744,-0.0672331494140494,-0.006024997575054304,-0.00234169669265465,0.0024106064522912865,-0.038995688372122465,0.0007848764001444353
0.09044571500439479,-0.009320395551460078,0.07598714203828905,-0.017100520657843996,-0.000364997536612496,-0.0021730714108315567,-0.00647007123731434,0.0003471050288943456
-0.1355895434868533,0.005297056563703327,0.12233301676497635,0.01449872913303029,0.0,-0.002910969434521205,-0.023546555107638183,-0.0013150236738279503
-0.11194934576441726,-0.004980468662079914,0.11224903376378845,-0.003057746090538637,0.00015744424660018956,-0.0031447742344912926,-0.0017536954542702497,-0.00011376129054211428
0.09231371828268486,-0.005115542335449507,0.025635940288089597,-0.008345923854825589,-0.00048615491812446787,0.0007302769136315752,-0.008987163611264436,0.0013004387083577831
-0.22854597596201742,-0.007003081744384533,0.12603630537530902,-0.006708397541903842,-0.0009416468357039322,-0.00021975274955204205,-0.008314377678811316,-6.944169190156724e-05
0.10061918857964905,0.001612783314031353,0.026132721088086824,0.015916010326854493,0.0014266091350956251,0.0011748431718382952,0.014288400269972487,-0.00065212353672911
-0.10930498481694356,0.0013735946922632744,0.02051525676690149,0.018624589262932128,-0.0008711319181462923,0.0012540450753949213,-0.048718386136000894,0.0010156368220076172
-0.07373907556223763,0.003481978602000369,0.0625928599970043,0.0020988439034663672,-0.0009513016591329565,0.0019800242846891624,-0.030609470538894845,-0.00080569805625582
0.12066668423183982,0.002375543260833393,0.00805174852440971,0.0026887363145052146,-0.00017203519014766244,-0.0004868938424640268,0.0005850952803435082,0.0004224916075416464
0.09833289612325297,0.001691515018929356,0.05794946525167333,0.0006838894015852246,-0.0002578854610880421,0.00012772311111097033,-0.0011965486130526622,0.00041338192255567524
0.01533665507875387,-0.013319768661437264,0.0979360010151773,0.0043418092759191845,-0.000789610167552468,0.0013860887766335341,0.013187404772716117,0.0004901725802804461
0.08463805545641857,0.006276947423565627,0.025927037587064158,0.006670067306128054,0.00010951032610780516,0.00048052716939279684,-0.033260764953269115,-0.00014440153043905612
0.11006060459031486,-0.005063412646450382,0.04277046357243377,0.014835356549689326,-0.0007374607084027477,0.0008529660116080364,-0.00550641504943049,0.00034033113891651645
0.13201714437916343,0.0038039755377746137,-0.09056300154596902,0.014093865566673216,0.000690690768041704,0.00022727940324235307,-0.019131410133123007,0.0013599051155185563
-0.16089669083997815,6.484449712014506e-05,0.12743048843865043,0.012951769767284375,0.0004917449902395117,0.0012275945280481031,-0.018752251367177633,-0.000387758199826607
0.05040965852192969,-0.0008781650398470453,0.04873650779799575,0.01578696114455088,7.312499989077514e-05,0.0013254059120638676,-0.0063800538863754705,-0.0009650316385046221
0.009269349489448901,0.0008422495110266438,0.07991131358597094,-0.006503024001574574,0.00012435304556665527,-0.0011478605538761569,0.00936448605468523,-0.0026007136970680436
0.07908518833280039,-0.0064451807563829676,0.05916760733318434,-0.00478867133048342,-0.001127399055442681,-0.0015773533486206108,0.03480141097143974,-0.0010236636860810888
-0.006258155551342978,0.007758870247310607,-0.13192467257916526,0.009023937207150844,0.001453719317972766,0.002138506714802673,0.008281402299799095,-0.001451506645635009
0.0963857176119434,-0.010639039395860021,-0.04060442917857401,0.007334154041671263,-0.00026362055376283333,0.0031100445440860754,0.007794137260033632,-0.0010601869673922942
0.0264069822577238,-0.004680063186126897,-0.014251880998113796,-0.009080086439539817,-0.0005678576898462823,-0.0027286195466396184,-0.047009544037564806,-0.0012304420890244317
0.047788910248395135,0.0036440434570949977,0.08861561819834804,-0.0005763774118957843,0.0,-0.002686636190078623,0.004320202119981887,-0.0012208543126406254
0.11893036844942939,0.008343081240933725,-0.06882364144427126,-0.00836128385151511,0.0001745457396168747,0.000531004689596934,0.009501701178407923,-0.00013963300342222096
-0.19218450389155597,-0.0016510252220521193,-0.0764597192686438,0.012297935142032134,-0.0006322770052508697,0.001046848537677296,-0.01654064715303701,0.0014021706983905822
0.09150490290218327,0.00733107931173092,-0.025794975184389682,-0.0017636840223498925,0.00015103856026609384,9.667319797367069e-05,0.03494994598905135,-0.0020955057677924135
0.10642649642268832,-0.0015894376073971352,-0.0515721557828004,-0.00018596174440889363,-0.0001484364308555683,0.0028547944026919903,-0.0005827474107936248,-0.001056389678361734
0.02648058096236476,6.769722172168813e-05,0.08562812051035534,0.01921500057873749,-0.00013466584022773964,0.002169381288943718,-0.030528270786232284,-0.0007400197280709664
-0.1375527969800558,-0.0002968553581275471,0.09544141722907806,-0.012308654698228434,0.0,-0.0015267655874548055,0.01693152436329289,0.000967362121082239
0.0627746079970761,-0.004894618503372726,0.025508658811599416,-7.826093163199395e-05,0.0005467992325010341,4.5283020349548564e-05,0.023621146800753726,-0.0020986016442000183
0.11454804603763359,0.012799613415909177,-0.11485959445506333,0.014484086008622126,-0.0010049107965274806,-0.0021216100884558246,0.048685075984365084,0.0008880382863359062
-0.16836900481340053,-0.006405196181710989,-0.06450558961343054,-0.003241793383972278,0.0005179258079706215,0.0002713386912017446,0.009196693194805048,-0.0012310016261156455
-0.13012535657765772,-0.0132084993813255,-0.177403928919323,-0.005260434031936939,0.0001284702653929215,0.0006321424740028839,0.029601640119884403,-0.0014988251580938475
0.06821363643793747,0.0014466306887291668,0.07935241632709247,0.004214016384981391,-0.0008633370647952417,0.0015429766471881654,0.030596192866097143,-0.00013214485992393832
-0.0811892985610641,0.011578844256643224,-0.033471033170103026,0.013193720706544048,-0.00035703241632445426,0.0,-0.0028259207738096826,-0.0012754887692220187
0.12691430352016003,0.014744848490383015,-0.056921522822818704,0.012799348860415272,0.00023942483208896548,0.0001836695988078202,-0.04658942438336482,-0.001849483919294497
0.05922056496022489,-0.003784176862028864,-0.10897450859980287,-0.012362612103274918,0.0006907090863918636,-0.000730596878043286,-0.02131863862115543,0.001349631614755678
-0.11514163185415803,-0.002431327414810813,-0.08083776662361375,-0.014711898196775076,-0.0007999205232371884,0.001083409607783442,-0.003336311130330766,-0.0011237608172814907
0.037553306372403845,-0.00523950967885529,-0.007124623901101849,-0.0038244855959835193,-0.0008452334448366822,-0.0045759810589466165,0.046686485914097874,0.002605380829174735
0.020397929407050253,0.014346339293034237,0.008364933178357466,0.01841535663649029,-0.00010395420861823712,0.0016143816236526855,0.00018930908610784338,0.0017596125002710052
0.11914314535558634,-0.004936573385070959,-0.13455330528716963,0.018697941962079013,0.0,0.0004827833360872488,0.05002462131490772,-0.0030878197659527607
0.06587922988611881,-0.0015690542955578964,0.08379699755133,-0.011625939806895785,0.00034039732365168107,-0.0017160457600210962,0.02312114622299696,-0.0009722449965993184
0.06944435383326213,0.0024640654108497987,0.04763631371491782,0.005771299754157968,0.0002963815488439825,-0.0033913098323974894,0.00655705446346218,-0.0018521162904582126
0.04559722664244835,0.010408823955202299,0.04497547206840395,0.0148359777491678,-0.00014948276126890148,0.001835823519886318,-0.02534243972862455,0.0008755968959543522
0.08455478408371189,-0.020861527750643503,-0.14687634349460849,0.017927386844382973,0.0004738541004822988,0.0016470405323627173,-0.023225885751239232,-0.0036449042125445944
-0.17521127488928945,-0.010708974491317578,0.10664265000715611,-0.0014439321403983097,0.000246602019155745,-0.0007498640184981454,-0.034646364099927045,-0.00036586781922457655
-0.15126181690980944,0.012878463661294312,-0.0905165246604268,-0.006845297205903336,6.127878811224008e-05,0.0004359629323568037,0.02080331904459433,-0.00014334431163271383
0.10481260035263447,0.006296229275255698,0.048463179314930147,-0.013531409840627399,-0.0025135299869275944,0.0006230514351190353,0.015037499014375242,-0.0005457932051845804
0.07554548100930575,-0.005784893149826668,0.06549226000085458,-0.01420549137821628,-0.0002679546916669606,-0.0036148504326325675,0.01942714350505862,-0.0027610300037746757
0.10324704496652809,0.005226540691769131,0.021469317389083316,-0.020681157779185094,-0.0014662035823214156,0.0004468700971529814,0.025851762349703357,0.00032849433488893465
-0.06724100919418545,-0.005997193919895632,0.08460317106980215,-0.01881486013680613,0.00021246783912960351,0.0028254335930446833,0.022166968483578638,0.0016738016282490083
0.09470892649901089,0.0028181440429286457,0.06259861327413001,-0.011821920788146168,0.0004463343528355035,-0.0016867010709008731,-0.03772831307044348,0.0007548133989953241
-0.09320504053215688,0.007990651518276925,0.10019746391495024,-0.019981055364884242,0.0,-0.0035680890594301986,-0.002556740487743944,-0.0007869103172056108
-0.15221293003997474,0.0036636251525163565,0.0806069123222736,-0.0021321612956896057,0.0008258670183955045,-0.0003330444283703958,0.03933215482338884,-0.0003519030067169071
0.029669397188420023,-0.00739830265275239,0.06744291497118109,-0.0029788855865802936,0.00013760583243746516,0.005040886518480837,0.01310729426368759,0.001222013881857127
0.017531994812335416,-0.002226833490492472,0.07022266158815109,0.005987061892860317,-0.0002900615783107908,0.0016826350237454015,0.04027149212493126,-0.00020971006172643136
0.029698702926801008,0.012778096415015861,-0.010572335906844681,-0.008821858250552077,0.0001598547637078893,0.00010445026500359791,0.0018631650892235784,-0.0036613441499313408
0.07883891978940098,-0.0002626435747638401,0.04275293719807174,0.007628732823042271,-0.0020967738965496324,5.2563809234768e-05,0.016496845622264795,0.0004336738768181433
-0.07381181939811533,0.0009741540865868259,-0.016665748085791524,0.014263421075103241,0.0013294933616117188,0.002780425800392309,-0.033202378153635075,-0.001021089006467355
-0.10301725871283786,-0.005430648436938034,-0.018186357449395466,0.008752657977292279,0.00039448868496864964,0.0,0.025250479882836126,-0.0014084704697034068
-0.07883898423306779,0.005948051673848547,0.07773952720568986,-0.008365094386589209,0.0002474349105531541,-0.0038792484233586156,0.010730946701464619,-0.00033404668366640236
0.11837547841643595,-0.005576757393440159,0.0185987401033117,0.01585690479939259,0.0004538579721698672,0.0002614730130003906,-0.0031489172865814853,0.001019963596296413
0.12115603291008524,0.005176842319253262,-0.07835098953424115,-0.003294084393332298,-0.0002833689591590291,-0.0008292791830918872,0.014451936188756913,0.0
0.06365425326156127,0.0013476155073352317,0.04260926987321869,0.016281599090901985,0.00033457638541946626,0.0017904701604273363,0.042316085676118824,-0.0013514274010295868
0.05564328681163268,-0.0004744646875499414,0.07119795904272015,0.004258428268081243,-0.0015138169493190178,0.002316514513324598,-0.02602835664934942,-0.0010362716236214159
0.09698066134563134,0.006070606785970689,-0.0755683285005593,0.015906263325747034,-0.0011453049399176255,-0.0002407447420735287,-0.011268037337523625,0.001341932651543459
-0.16068294551003187,0.004743545647222121,0.05016483650059587,0.017102692172594077,0.0006303445430006728,-0.001024013411645225,0.01895127873085325,0.00018175780677935627
-0.0591340309134443,0.005612136572602908,0.07698671299663559,-0.017792180397673895,-0.0008689750777907956,-0.0009167387014176493,-0.015418459675793392,-0.001828891849840599
0.06601555078596551,-0.011736882636549064,0.051988402626263044,0.010332033998047831,0.0011176959187848257,0.0008947464407658839,-0.03794738256912813,-0.0029796647966157754
0.059894685533547425,0.011886765668002426,-0.035465884293603214,-0.0024709626581905135,0.0009390556751654906,0.0033298606208615683,-0.042399109558158246,-0.003550824919536526
-0.06668831780454737,0.005212684160114413,0.03407120154482335,0.008514780550441189,-0.0016987349051392647,-0.0025509957108314617,-0.030897941525050848,-0.00012302313752753785
0.0076290731933510774,0.014112123497618246,-0.10389010022713314,-0.004487855052886393,0.0004922343357615651,-0.0006719275843360545,0.003028612050500847,0.0010672254424956714
0.13318036839420644,-0.011005218534951094,-0.07144793513480614,0.0036261947710461875,0.0007845010406641841,-8.814143493952875e-05,0.05226522685023532,-0.0017964558396620755
-0.020125795715691314,-0.009465861518513875,0.007163051632243853,-0.01425836781027528,0.0013710927333749272,0.0020625679207804818,0.038943670572397726,-0.0024385600693101286
0.06505266952342081,-0.0036999521883392555,0.06588700756402083,-0.018697936763691043,0.0004147240598619817,-0.002953185554070288,0.018246276693894132,0.0010868555383522006
0.043069080412309634,-0.012515375654638422,-0.05045960960000507,0.01806493294611852,-0.0009811038701791064,0.0017344395835837355,-0.016886435831400235,-0.0026004517478795106
0.05879319675743206,-0.006481814039166182,0.08024532175757765,0.002336822881034109,-0.0019917080598588475,0.0010968487408783729,0.01002187587874772,0.0005327253515148289
0.09434148653681325,-0.00017223399219082336,0.07690615505621179,0.008837144798488841,-0.0014838120181157456,-0.00022379242904857691,0.0007427418570502348,-0.0004299357343570473
0.13419859522954883,-0.014599984855983952,-0.08481769520085781,0.01718084413933115,-0.0018560581841123545,0.002957188731632401,-0.026297094523747976,-0.002744454835133444
-0.12832431695562793,0.008399374416017713,-0.07203752125058023,-0.017525405263684967,-0.0002808839659533629,0.0004097433822125851,0.03320883194328163,-0.0011102901506315017
0.09124079097049723,-0.014938486113215877,-0.09926439159403186,0.01584021881497293,0.0021123016370988854,-0.0007759631803995679,-0.05054732932124586,-0.0026832968085119635
0.06315716404563722,-0.006280049787737712,0.005221697211422347,-0.01868012018839081,0.0012956741533055732,-0.0017298349556374556,0.04041297170517419,-0.0037301524083847544
0.03930273611288835,0.008468992669817696,0.018506404855324163,-0.005008594278220968,0.00022856148976099777,0.0033457356977089196,0.023583149792167277,0.0019136523270050347
0.0431649790092479,-0.0009271543670877624,-0.1379659308612827,-0.011572684118582687,0.0014608877386892156,0.0015512223364709324,0.04668107628066178,-0.0012937076563458905
0.06136233951152925,-0.0006671257745300835,0.0413263533523361,0.0014486018193276226,0.0,0.0026334503823122676,0.012533746717312635,-0.0015259268358248825
0.048036678508194236,0.0026562862574793004,0.08267329000900378,0.015748828184075865,0.000679695417769774,0.0014623268560242958,-0.04347079011895462,0.00013692471086299007
-0.1922747882376011,0.006413351827508291,0.06487188698851533,0.010525579475213407,-0.0010814723393170638,9.0761259126694e-05,0.03398857820834501,-0.00012882185038654015
0.1004718035405659,8.547193343562409e-05,0.004396628730175975,-0.008757306928753364,0.0008822151362447104,-0.0008026717765802258,0.020288799593398524,-0.001968641877458799
0.08304219792309939,0.007452456500728174,-0.1025718472699424,-0.01818908195494061,-0.00023649588594052253,-0.0008976816437351073,0.03693213851474475,-0.0023895035049125196
-0.15861315383767274,0.0044752425389331715,-0.1315610383787867,0.0108432878842605,-0.00031563909087523045,0.0008028403111336097,0.006607863115676966,-0.0024924566699349384
-0.03560722580974698,0.003173442271234466,0.08072525125190361,-0.0007709519781256925,0.00028974139259243387,-0.0009123224102772314,0.003467475090802655,0.0004202234827059392
0.09840767963935106,-0.007200180122779,0.013033848544045188,0.007474557006151278,-0.0015284128835931579,0.00045837514702726234,-0.024797954284630046,0.0016124347203097164
-0.02375609654666595,0.011080655467632332,-0.09662027739585156,0.002435010067436702,0.00036404853350072673,0.0028541345234078717,0.005842955749069518,-7.779365625860957e-05
0.022368944137006085,0.008877991950892856,0.05494256660961257,-0.0004729822733857925,0.00012583678622270222,0.0009084293386976998,-0.01916039225621249,0.00012636610294950386
0.09545720576723699,0.0016042304888815454,0.0019085252107160949,-0.016198443283205664,0.00026669956279895665,0.0012420330722478778,0.0344841713561058,-0.0002224939425074235
0.03227467755892773,-0.004333090165667235,0.051244957288124345,0.014586794552847499,-0.0008203671103085733,-6.430112943742183e-05,0.03783003909441367,-0.0004029619815832891
-0.039947157662229234,-0.0176356585251572,-0.0852293914925686,0.008938469309681549,0.0021858146710479905,0.0017434760891974416,-0.042161379623749835,0.0008283807880815619
0.10979789239383256,0.009924646006859302,-0.008834708854666378,0.003150109013710562,-0.0009987262499995542,0.0004523810056229062,0.022452704138111613,0.00041260979341975284
-0.01122140722523681,-0.005869820685238694,0.06633256436209985,0.017406217249722637,-0.00020708906606352329,-0.0027521621982458336,0.007063938388696056,0.0014776377930925666
0.10161328331344341,0.00440005386196609,0.028694136512099892,-0.00963779236318616,-0.0021351882193516767,0.0009235521272365409,0.02295580691926642,0.00015966086602953178
-0.08692883843448307,0.010068477326458079,0.09926206511996373,0.0183302119841017,5.613884258873908e-05,-0.0005819631043569908,0.003132066526918455,-0.0010842631827612781
0.12753226592175063,-0.017822648488729245,-0.1399572850188407,0.01566556985662729,-0.0020931318586086623,-0.0012525905065850177,0.025012881636355087,0.00037137536319101477
-0.05775905387905218,-0.010758295417866106,-0.09857452528501398,-0.012707426273959002,-0.0008857500214109177,0.00017206591758422984,-0.0036415528405617835,0.0018973094853865049
0.10563814053298286,0.0010458349685018562,0.020910661526070094,-0.02037945452253132,-0.0006802903508633662,0.0010716985318548046,0.038975129763701676,0.0007162464089176912
-0.017827226452665074,0.001772154049159276,0.026258927067461437,0.017833876954063937,0.0003984987008089913,0.003412090123796922,0.03456827148271901,0.0005962468210234933
0.025655358627069594,-0.002162594722731084,0.001402890499724826,-0.01859252624736864,0.0008484803045680188,-0.003118176884806275,-0.022469316018271207,-0.004622600724787153
0.08964866811061005,0.01381467410648704,-0.10089850266607096,-0.009202385287059408,0.0015449423773098783,-0.0037722346807472747,-0.031150534315362025,-0.0026999701771002788
0.1242148338824718,0.009874672095076,-0.056861246519619706,-0.0027463781934404657,-0.0010311300357102112,3.9458310293213894e-05,0.02087982922082765,0.001892212594200978
0.06693375016546238,-0.003971459282686037,-0.1312870133380818,0.010087205312360821,0.0002661374083127027,-0.004387731542067918,-0.028345227962363745,-0.003990356553947114
-0.01459351433554835,-0.006641140096806698,0.08997693855435565,0.016836261990953633,0.00015325696257847965,0.00339665495955361,-0.042965697054607156,-0.0023239059710140125
0.05321370087024969,-0.0038089729852493516,0.050308616260068245,-0.009255612977433795,-0.001292821324129415,0.0027052886196013487,0.012505116905452638,0.0005357939385199073
0.036593984441052864,0.0021290956723471134,0.05550247417695878,-0.00995931078070438,0.00022072026446208481,-0.00588576166165097,-0.013699683758533173,0.000761820597304126
-0.06393359518335623,0.006195222810825599,0.07614781679847671,-0.013921719201784599,-0.00021504239040629272,0.002059493294558296,-0.02596282005692093,0.001482910794643996
0.07843059519229342,0.007011874911628674,0.05445880407723617,-0.01977253865697478,-0.0008369908220809269,-0.003065672192036578,-0.0055750234558259466,-0.0012044124533461028
-0.04945149211338304,-0.007150743902910686,0.04188688156426983,-0.007689000694547932,-0.0007221310934369257,0.0014076962434029106,-0.020647481260376764,0.0022123585878097065
0.016245518659116106,-0.01323031558485124,0.07078934848035166,0.005478457757233847,0.0008596500036072985,-0.005904121700317811,0.021776816620629868,-0.002872751126001106
0.08777702776867348,0.009493815190193357,0.032597713342568876,0.016737771392562342,-0.0008357639036127984,-0.0005529814120077692,-0.04257873667692864,0.0011023549292341712
-0.04596010854478937,-0.010988673842262953,0.002561114854258049,0.0036131628504443764,0.0008630997767147611,0.0019471444479626716,0.0011499951778666572,0.0024295029370712184
-0.051713848414168706,-0.007109296565457776,0.06810384727832969,-0.011800536349511682,0.00025018098579361603,0.0016447142544595633,0.01694055907789045,0.0012541614022270914
0.06543640254426687,-0.006290128226685694,0.030200660601092943,0.00745085293035215,0.0009017859800699579,-0.004150886211256419,0.04289686436797304,-0.0025313480715057715
0.07010095686951093,-0.009271061250781296,0.0673660914018805,-0.006930859045876455,0.0,-0.0012133043316717538,0.00671478317940859,-0.0010913930080357348
-0.10087195184159796,-0.008145112772210859,0.004889891422941651,-0.0192005402278994,-8.59900689426929e-05,-0.0022029803613582044,-0.04550279925996198,-0.0010567039990059261
0.0024941090011850182,0.011321220918736347,-0.01980613390042889,0.008721761071489472,0.0006130087675834742,-0.00267134521200558,0.009406153604436236,0.002085499245549733
0.022590727977740675,-0.015555253291976198,0.0234828461035623,-0.010374190078397742,0.002568833755544386,0.0022822804480941636,-0.024245669436915356,-0.0032449840846132975
0.07498949331788762,-0.0033278592347993894,0.07287496491009181,0.004656442053327251,-0.0009127741916274106,0.0013751657946462512,0.008042128712858313,-0.000215965987035327
-0.17652116561913161,0.012270657916110431,-0.00112617317038507,0.013173706868008948,0.0,0.00043664996732756256,-0.04884567128888589,-0.001690529941891376
-0.01087645488079687,0.00976857632515772,-0.018157950563810775,0.004247170923844113,0.0006849495890013432,-0.002797249892055565,-0.012816109075492887,0.00013642475194978326
0.04420533366933956,-0.0023555098666892035,0.026993786459377802,-0.009618165652309512,0.0006861862628159271,0.004194888245508938,0.03897025335737121,-0.001548545863669747
-0.011262236126900083,0.0127380078815391,-0.13765923517999737,-0.018321680808099282,0.001390147457856676,0.0016637934536683986,0.023749592052558662,-0.001162977490823447
0.12086498585275976,-0.0013878583149106547,-0.03834255110772161,-0.006727523514566298,0.00012532227994813128,0.0,0.015372670904316503,-0.0025178717445714905
0.10425855359419035,-0.017609504598890057,-0.08972050716586387,0.0003616539888879384,0.002212458666273597,0.00032092381355897093,-0.047327604692052855,-0.0027789245927019343
-0.0936191265337143,0.005550139028203823,0.034431002114551836,-0.009457479171439503,-0.00035844015108157316,0.000485714883223042,0.029602365542787123,-9.315856748984969e-05
0.048479863004130735,-0.005142356603361965,0.026048431226986697,-0.019401033041342497,0.00017135308860824483,0.0,-0.024583921495197524,0.0019164239956404056
-0.15562666775710624,-0.0034705245133737402,-0.03118980580145116,0.010540917339798672,0.0003967469557313308,0.0010023633682176819,0.014857975474669893,0.0010936983742567885
0.034519987895027124,-0.01235741415157645,-0.062463113567060045,0.016123215547378326,-0.0017946801544252,-0.003105795124276183,0.03702822142106771,0.0029304825633720056
0.013883943950520077,-0.012361201587245841,0.07709101290184829,-0.01924345103461794,-0.0007906387822509756,0.005852432073971955,-0.03254381719943215,0.0012924566253759517
-0.26150177896824345,-0.0005873039713144666,0.006624538776085751,-0.015888827565524552,0.00013444046352012462,-0.0010306239122013228,-0.0330551346512625,-0.002186777026506313
-0.2211962270511005,0.004302267965584481,0.07639569528363215,0.010883491889305078,-5.8476419587338846e-05,-0.0007279548199302601,-0.03419049226633949,0.0007678850263902028
0.0721306525494469,-0.013099241887248281,-0.12510196066846235,0.005960365626110326,0.0021904278185677748,-0.001976122709918468,-0.035710528954321745,0.002341397153978487
-0.03961881645627851,0.007503336580341093,-0.04745130641534424,-0.013966092895953646,0.0008062239870016627,0.0025380727103491486,0.035019358412966134,0.0022298241709850218
-0.12253351916598865,0.008367025629900894,0.03478149176372044,0.018454985229894992,0.00017720316523432163,-0.0008189545510736859,0.005696908463836544,4.202848041900964e-05
0.051911941167897525,0.01220423273219655,-0.07337846798392651,0.008692142297847257,0.0010504794509244558,-0.00408620846683862,-0.009295962563967811,-0.0015066147846437966
0.0725732320741215,-0.0039457089079230545,-0.02549442295123695,-0.00935593263609348,-0.001106877083356171,-0.003989694007710502,-0.026061738964615503,-0.004034519415311675
-0.03474085307953736,0.007485605862488563,0.04541502615165099,-0.009742425349913026,0.00013677707229667324,-0.00038177521832746054,0.018983532984629337,0.000818372123143327
-0.17465789912946258,-0.010948196696879216,-0.12007191327023384,-0.015611250525636467,-0.00021172665212440062,0.0004003664971409804,-0.027470001082635878,-0.0019026911372973037
-0.062167121406294955,0.0015586762862415124,0.023907253761914625,0.0022282367732932317,-0.0017535005737302366,-0.0007125339654201202,-0.01248825662934366,-0.00175326356353574
-0.08653473130190649,0.0037319387088278625,0.0454602330046553,-0.001822453655071356,0.0003752629477959263,-0.0032387456029138117,-0.018650934091906064,0.001899460323988987
0.002713223643618755,0.00676825262307271,0.04127918601587336,-0.007206355687400666,-0.0005878127830002272,-0.0012468134247243762,-0.0014593354971493308,-0.0013915562288082115
-0.008495787592145771,-0.00023885972516080045,-0.15248716234888388,0.011344912287570251,-0.002150154715396859,-0.0002940538111082833,0.016438545796558946,-0.003535432885167424
-0.25668947857093083,-0.014708855609398618,-0.018709203400942925,-0.0020602449856761663,-0.00023402215323109488,-0.0010039455372639467,0.02699265662087688,0.0018097098768825755
0.08006256678201817,0.00975066551446735,-0.12582403974855033,-0.008319768212290487,0.0013689890642523991,-0.0029913532077731116,0.00439609892165878,-8.785106603627357e-05
0.07821811279593985,0.008005170043656931,0.019958015322001685,0.002035813115389901,-0.0006078314924324868,-0.003310819781558471,0.034473142216289526,-0.0006959979199802624
0.028577454360258905,-0.0089854334647272,0.0915299388537198,-0.009610095660350575,0.0008064041401924238,0.003667683972613201,0.036941642101350064,0.0014567280407842783
0.1043221166617762,0.01071596085221943,-0.05001299085176712,0.013353158154659973,-0.0004185850878384717,0.0,-0.03584113703835639,0.0009724237444589236
-0.19631720802658814,0.0008035516718103433,0.04220231395928113,0.01535473637972003,0.0006782816724004118,0.0008593936131701092,0.03106545556188937,0.00029168186367134474
-0.23008127254401428,-0.007820732527992398,0.10115371181792006,-0.013843203654007622,0.00043344260883946666,0.0013302151764417764,-0.02367630476036477,0.0003778355903710784
0.0483970528911662,-0.009631942547843709,-0.002617942800461507,-0.019052982074224404,0.0012880843453319524,-0.003342240850954428,0.043823397383151275,0.0020176019744287854
0.08294990421199444,-0.004254740142428039,0.0362609514451506,-0.014616799949851156,-0.000737455656022012,0.00046255558469587843,0.0014483834830667462,-0.0005365994665713432
-0.11692453472407412,0.005948295021044681,0.07442017353834081,0.009173927184182572,4.6807396733676565e-05,0.0013718151007514128,-0.03211495334422547,0.0010952256701917443
0.039821314286928026,-0.005519111688743666,-0.046595269244038506,-0.0020982849329545,0.000402925146901976,0.0024447746489334905,0.011950515875994955,0.0029050631279882596
-0.02125301421776496,-0.0021824603909091226,0.08596144288495824,-0.007579946821835911,-0.00016386812132817424,0.003208221746637601,-0.02688160938540473,-0.0013590107081036318
0.017317530511876723,-0.010629838191138961,-0.02520602589169526,0.017492097049931623,-0.0019645296496085068,0.0016378879802091976,-0.042465649531478696,0.0010300720686358261
-0.030000953153024323,-0.013523103769805325,-0.030609786406077828,0.001828533703910895,-0.0016844795956857952,-0.003628049403612187,-0.0041776564080958905,-0.0014479347374493198
-0.18353873956752284,-0.004706230956086134,0.12594298587066538,-0.0076396927372382175,-0.00031298626795010775,-0.00043484040012598305,-0.021466811827708064,0.0008192144009049535
-0.0704675841950154,-0.009648815190044223,-0.07845241204423387,0.015212667171160526,0.0014053852744871087,-0.0010542814807216318,-0.010748256552209973,0.0027126942560618326
-0.2213026157556674,-0.009716288116776044,-0.0354003935880242,0.018490047885534665,0.0002971985387763554,-0.001291909950016024,0.03252553632493426,0.0014015388308846574
-0.1910095444926884,0.008269675719813128,0.06208223461237491,0.007085674155476933,-0.00023835475993408406,-0.0011111137652784892,-0.01592115614550564,0.00032338647005660453
-0.1408906749417342,0.003445413555727855,0.11002837112377487,0.010961706538190941,0.00011274609978722551,0.0015822041564086324,0.01555685025060534,-0.0010593883132140466
-0.24035094324149708,-0.013428751112179206,-0.03153379835378258,0.013192775619692395,-0.0005053916146776487,-0.0001221594843225371,0.028433642056137784,-0.0017138709686819386
0.05252404039540902,0.0060461424364889995,0.05157528312088008,-0.009792340510585359,-0.000917596753822511,0.0024871567001490563,-0.00816746556589127,-0.001033927799846453
-0.1377681246077124,-0.0026186193286456693,0.09723353771542773,-0.013809654539987825,8.158648156635778e-05,-0.0036255821191160348,0.026441884038965965,0.0016050051407716424
0.017215876144654012,-0.0005423463658755789,0.07548431697464818,0.014162574286658992,-0.0008132460064551541,-0.004372365311553781,0.007822485361937116,0.0007301353856928722
0.09077400296903296,0.013486234622963335,-0.022969130597860273,0.009942739070244854,0.00018973310103628793,-0.003846986839555184,0.03409517717908591,-0.0014758558597474578
-0.057243243335047406,-0.009103282296918935,0.04139509721518677,0.007421314255186193,0.0001463444531293488,0.00297860288100049,0.012468739723867138,0.0022329562126110767
-0.04607209196588334,-0.015517154235318489,-0.07169365461811567,0.014768573041880896,0.0009260532830237533,-0.0013735874688628113,0.030991805259456752,-0.0022173006700391784
-0.20472234357643745,0.005751737882149354,-0.12628468088417255,0.005522425518626728,-0.0004338808542343672,-0.0005304318010933355,-0.04833337100809558,-0.00024730692804736387
-0.022824351999416438,0.009515068015787994,-0.14624718351046503,-0.01373438782493543,0.0006548636182655675,-0.0005247013068189754,0.03737127996598928,0.0025036279033461106
0.06526611007745167,0.004829515357254385,0.05041203329834665,-0.009579929382837866,-0.0009855869043286225,0.0007257973960609731,-0.029147908746839857,0.0006899783052640399
0.10173315829906801,-0.005141653095459565,0.04136809787875491,0.00047828780525589857,-0.000219772072932653,-0.0007716127505443573,-0.03721678758931719,0.0005336320256580685
-0.16435246888876578,0.011288125812120287,-0.17369922470732488,-0.018629795181732377,-0.00013144861903168116,0.00015930541828662603,-0.05302825439615858,-0.00045615938146776545
-0.013163029588467849,0.009382171755143505,0.06579897577598383,-0.006795031225025865,0.0002904200595351367,0.002191948723506694,-0.03541212988329094,7.723094896927574e-05
0.09511781373306753,0.000739742599706428,0.03703595414032873,-0.005797553881560254,-4.70429081962237e-05,-0.00016344827881085145,-0.02458609217296905,-0.001318411221925646
0.06626267755625978,0.010934121006923552,0.018202115155818557,-0.020007434528242857,0.0003073961118761903,0.001473230902687907,-0.0027253803417477,0.00039531560574151964
-0.2296395224225203,0.012495806518119924,-0.0943591230007285,0.010108635647650788,0.0,0.0,0.01764950673487059,0.0012120507322676
-0.005553929919339205,0.007503772755624136,-0.14760964580376698,-0.01857760831496525,0.001268458070965997,0.001741885547414325,0.049084323678255534,-0.0031080997012721536
0.02228742905110842,0.0037692984758927544,0.07593550600877408,0.0020244845506080834,-0.0008832110882501331,0.002186742928223967,0.007600431426248459,-0.0001605975065877424
0.05832779114078514,0.0009409445119432716,-0.06085820492678208,-0.010264772674666533,0.0011664391887170672,-0.0030749312145340046,-0.028756248513875295,0.004182510278374215
0.07007703304378382,0.006488625914817184,0.03290207074045283,-0.004869626925708725,0.0007711447871857551,0.0015003916978351994,0.015084336326359355,0.000357863298083419
0.05760866186789396,0.0031928500764953956,0.05015652787601021,-0.005707379710272602,-0.000654510451219624,-0.0026999577172403732,0.03497103009566231,-0.0002961018115150704
-0.1906852747565965,0.01004906334875332,-0.055581737019263305,0.0006663239891483945,0.0,-0.0011645172614626273,0.046333263089043106,7.766964179709013e-05
0.09764601983491256,0.016629640826344112,-0.08081637189497201,0.013108200739129579,0.00045078532119212903,0.0004395723189545755,-0.03632467401126041,-0.0018339821333117807
-0.26614152477264763,-0.013125741503071506,-0.008239725032618633,-0.007682287804313837,-0.00019741806829242088,0.00041533459675408,-0.013654365858755504,0.0007285097293720045
0.08110230327385407,-0.005471235633266273,0.05282613043365663,-0.012384574463289524,-0.0002536460773186097,0.001527241973222499,0.01928306717106922,-0.0001376618590756551
0.07668546501943195,-0.01078586354468406,-0.08536220563774953,0.016841761644828732,-0.0028977994133855822,-0.0031184137798482385,0.048840114512429283,0.0038284427787687457
-0.11495458844130421,0.011615181950019478,-0.012965196653878843,0.0028910934829657086,-0.0006358569194847104,0.0025630527983443157,0.03506562184002412,0.0004059932856528281
-0.05825907152778155,-0.007601274454387846,0.05667710623471446,-0.00847137537586642,0.000547204693459924,-0.000789801732163586,-0.02518074082696511,0.001445310325917366
0.007151275743041294,0.0108524438535757,-0.007803528948207792,0.00783279661340927,0.001963319288747247,0.0005648137794910142,-0.021566590764878577,-0.0029634602409505744
0.016898126079314953,-0.0018215723361613818,-0.13746990787006758,0.008193425353960311,0.0011797915143753612,-0.0036628121499981516,-0.016718293722899895,0.0021056829543615037
0.1056642040106863,-0.009199953464196919,0.03260976013410438,-0.018941570076684903,0.0001595371707164006,0.0006982247597425227,-0.006802197849827109,0.0018254595402136511
-0.19820455124552588,0.007835815612023404,0.1129073673442023,0.016017767522278948,0.0007501285900730185,-0.0007038402539683942,0.00858128302237808,-0.0005034845659441164
-0.24018821461241252,0.0036686613721911665,-0.022755835508518216,-0.0014866309538027948,0.00024529264344941293,0.00043617130317769596,-0.021968401238218607,-0.0009784497909027204
-0.06535191866540778,-0.0004938073069800112,0.09387924199250637,0.0011410951455012837,8.837484420633895e-05,-0.0038150689404409964,0.034329661870829524,0.0001882413594084218
0.08501639560830393,-0.003023828616718495,0.08134842530035236,0.01275124950550068,-0.0017281849108743022,-0.0021013767334991207,0.017635332192071553,-0.00039947808989840294
0.10911986389108821,0.00045245973855659826,-0.12629585910503832,-0.0005729095352011531,-0.0016053074759190351,-0.00025789495162094854,0.012977193421073178,-0.003772189937546966
0.027973857899102898,0.012788938665406138,0.0801761782525172,0.009414090384778561,0.0005069158486666753,0.001978602877626466,-0.0350781585313108,-0.0013918728096419639
0.13264348670067097,-0.004758668996341338,-0.09636235010414837,0.017779130915447767,0.001457061126761021,0.0013622969227985744,-0.03509434387514119,-0.00347706192855388
0.0716208317942425,0.0002322905331348657,0.08014425880808514,0.01355208157949655,0.0018242758344546085,0.00024220154865788954,-0.01937171483550486,0.0005748644872305032
-0.056027752567258,0.012279225841446455,-0.1433720603208213,0.009487554613484502,3.632599721403729e-05,0.0010108590795715557,0.03750042011242856,0.001278037823365415
-0.009394469064776752,-0.006202215504488122,-0.1410323247160779,-0.005620145132966122,-0.0002882285305569887,-0.0014405979996003494,0.031427359737400254,0.0028353100160323445
-0.1742596951839697,-0.0035394552319632203,0.05684036374486127,-0.0005792731735018575,0.0004837671944476485,-0.0017693045490028297,0.02926095348073394,0.0007433623514805491
0.08801365253699354,-0.015206951229381399,0.001789694964122101,-0.004540910279890708,-0.0006866996287563515,-0.002835475605457278,0.04738169021820503,0.0019724395834999266
-0.128333399726552,-0.014518684103302006,0.003482888167936832,-0.01900681611569559,-0.00023195537843922437,-0.00020917156056192822,0.023283958253958563,-3.411089488458696e-05
0.10343050501662183,-0.01830623278280863,-0.09172801688757674,-0.0016914996996863665,-0.0028503552581958694,-0.0023877375488852493,0.022813403858808222,0.002495726240813503
0.05287674272480881,0.005580456117527154,0.061248896570698576,0.0005982794806289821,-0.0013015183815602849,0.0018124224260288092,0.027827619874062563,0.0
0.08898100325506966,0.0035468379282419115,0.05140055032076951,-0.012357509337147535,-0.0016323008842002397,0.0011589166703633994,-0.035811636936454824,0.0008714344484379022
-0.14689028997898768,0.0013337663478385155,-0.09955982368565117,0.00585899175203844,-0.00034423762011450413,-8.090063248972212e-05,-0.05375109294348147,-0.002164237139603503
0.012829501766720626,-0.008123664818019682,-0.15201922925311775,0.015358185651521156,0.0011560580029056984,0.00221285184730879,-0.047032286450174175,0.000344946527804868
0.0908865772147589,0.004241961915635854,0.031048109038834558,-0.009360978606098275,0.0005133901943712425,-0.00010304708623853909,-0.019379982481924133,-0.002077916913153227
-0.179322599795936,-0.00670907494394805,0.13254015896184507,-0.014839012238533669,0.00047873259659955963,0.0011279298276318747,-0.03666407209687935,0.000143809620625851
0.06890087337408227,0.00852725380222054,-0.0008709922456406498,-0.018687868796039786,0.0012383744549773602,0.00017855769266185428,0.00992260320590148,0.001440287352771174
-0.19405589497483583,0.008004451573916625,0.09598795709033096,-0.01908721796867955,0.0005561196459269824,-0.00024241236375599495,-0.008552333135376095,0.0003120422190365976
-0.0637519086245798,-0.008778258749328548,-0.019036526772008244,-0.012056594073328685,0.0011331794541065282,-0.0046161587207636644,0.023712285758460263,-0.0032153427458708975
0.06300266831628136,-0.0096555468983365,-0.023724542223519808,-0.010150621015795083,0.0006588786935046408,0.0012135985308860937,-0.046345088484850736,-0.0007941617213559862
0.0618119155637574,-0.012071927545227868,-0.061374940369642604,-0.013453638591917724,-0.001061711223617169,-0.00224812493733223,0.03198960206851615,-0.0015903127546924294
0.10939443448098489,0.006387242246984481,0.018084207079732927,-0.0027012441763183703,6.590162167591229e-05,-0.001155088825393427,0.017609831811798864,-0.0010392659106643078
-0.16424736014721822,-0.003136772471159997,0.07682238912000908,-0.0036436700751811685,-0.00015931329886263355,-8.633310491855395e-05,-0.0094646670671915,-0.0009927061390465734
0.013230284468314419,-0.008043763292663039,-0.08939517690817315,-0.012203087755839306,0.0011040618247910724,6.46952165207354e-05,0.011509674001587564,-0.0008033151360578677
-0.10552947831930327,0.012129465912180573,-0.04422795087215089,0.009835816876267039,-0.00044887367506308114,0.0006177186688976211,-0.024034873868658827,-0.0005224736403990894
-0.07844383450848702,0.006531809281424213,0.078534393334642,0.01229440453672747,-0.0002452314192321562,-0.001095000573591094,-0.026029653308556912,-0.0016904203284389082
0.07072859571748173,-0.008047159248909126,0.028284772569861644,0.0055163619133913495,0.0003452740480432148,0.002307488315970105,-0.0032542943967885517,-0.0016426190996224371
0.06078830251016137,0.011330887686132968,-0.0899696821959774,0.008101587250759837,-0.001390970934965971,0.0009295410785804727,-0.0287583845244654,0.0025836593424673456
-0.16590751058824416,-0.010783751480973408,-0.16555351242170654,0.017210023587321766,0.0,0.0003121892922134939,0.007814133344593738,0.002088239764915227
-0.2120222535008645,0.003116210597218162,-0.06284600552265066,0.018345640583851883,0.00042727133478890337,-0.0006539339544066142,-0.0508833595630693,-0.00024956049607416375
0.01063879194624103,0.0031562172567450994,0.037379452705313315,0.0037296969709328135,-0.0010738800161884227,0.0008786643308072324,-0.002438340398865867,-0.00044135704862547503
-0.047518326247576397,-0.009783829049713111,0.09579309803516471,-0.007123687130364876,0.00037185159338298107,0.0004145523703282683,0.008333455001458006,0.0006925279211064486
-0.046801280683441714,-0.009467539773959187,-0.019613613538643982,0.015719767108878343,-0.0002416282771589215,0.0034063810174079015,0.009421234385848382,0.002304652985944412
0.09662104484068788,-0.006013740478134444,0.09002783435364095,0.0031948128528059795,-0.0008033335007007888,0.0005794432753095842,-0.04187694684498601,3.530159350334516e-05
0.08108450081096681,-0.010034823236708571,0.029655730035430802,-0.010855155977300215,0.0002698606205859891,0.001175500950330983,-0.04084428510493711,0.0033608201135682265
0.10633257080851002,-0.009647998685761518,-0.06908155544291604,0.008133168200622057,0.00035191049209608305,0.003181015652137298,0.04474696008708965,0.0012908942728138309
0.024374102220560037,0.013953568396565625,-0.1177149752483621,-0.016958703491985406,-0.0002252471219108404,-0.0016795323094062644,0.009262907768814667,-0.0012360537269014253
-0.09914402274715112,0.008050384863536271,0.10698882679682307,0.014822981451532212,8.876471529194532e-05,0.0022380024372224577,-0.016199581142331356,-0.0008463123119441285
0.012873492482202068,-0.015499603060856421,0.07614517648047127,0.01270118767289069,-0.0002318593912474104,0.0009400272908300643,-0.044192629283389906,0.0021987836096253707
0.08046714532704971,-0.0029956730812153638,0.07065015777731552,0.010097243527910067,0.0004707158958661711,-0.0004731836803637874,0.008049751249032962,3.0511945640271376e-05
0.08771668554626572,-0.004252175247307712,-0.016105703950160387,0.005792767687061271,-0.0009463637103612199,0.0015202201007491053,0.021105724865222567,-0.002835413808050195
0.0853216230106587,0.009610544596732785,0.032001397202306374,0.0034688340239688357,0.00028065200840057813,-0.001800743358141843,-0.0038914362153498984,0.0007300975559020802
-0.08438039644575333,-0.009746100422377203,-0.1165053733160322,0.00042259833099250743,0.0005346622182067951,0.0005280157045797183,-0.04744382785926562,0.0009361933339381417
0.004649615445372725,0.009842092613089794,0.05034538163073704,0.0020490810094679897,0.0006617930900411767,0.0020834434107593934,-0.0033348895966961857,0.0017087404753923323
0.11333645433813021,0.0095427655819016,0.008153091949568942,0.015207613232401057,0.0002739494907142287,0.00040394131409605114,-0.03609983491316027,0.0
0.03247445903041148,-0.005737654573236305,-0.00642772587774902,0.0027732478644902003,-0.0009065794540370105,0.0027779655011224446,-0.01295803629534167,-0.0023207973128270957
0.105708764925149,-0.005007832016121052,0.04853295832889803,0.0020646985450971053,0.0011953956885285997,-0.0003860431769890041,-0.021993748647833815,0.00012351042036923277
0.06469513659730629,-0.012691679726734214,0.04255750139254389,-0.005243359102249998,0.0005527971359935713,0.0023706721316492547,-0.04584590396084548,-0.002605852719760643
-0.12785569417550313,0.0005275808897300731,0.004311128530764255,0.012990527563076485,-0.0003852618887534792,-0.0017936154607925898,-0.03297742940431331,0.00022889841225953722
0.05944906783627866,-0.01607560522874051,0.007533188577352843,-0.002190225409021999,0.0010152867584895947,-0.002802513719701393,0.02985474368376247,-0.003334468234289836
-0.11306556428464774,0.001840642057754077,0.02718474183444825,-0.007692194413110811,0.00018592968180023583,0.0005810705526974111,0.03986438086944879,-0.00017756692789672873
-0.061345807980548055,0.0007890425971339217,-0.04422195106009266,0.011552208861222121,0.0006749834028509286,-0.0006197562348469396,0.04048259018583566,-0.0035566431171167897
0.10029836916216618,-0.005655180994597522,0.057112292643451315,0.015149588691213156,-0.0012222125245403349,0.0006543006395281094,0.023181952168782143,-0.0005309479484303381
-0.08673377091800759,-0.0018380432969664806,0.05616563246103907,0.007842696763832997,3.2750528381848484e-05,0.00023540989216317443,0.01783668715723985,-0.0020993332901418746
-0.14603041629192232,-0.007041080885570415,-0.01880772554397529,-0.012204237906609655,-0.00039977500672019883,-0.001108785245105767,-0.015499481296831458,-0.001137061278160979
-0.10951655349122834,0.008295920245037863,0.11245831192881492,-0.006010450507408973,6.55594522692704e-05,0.000884631710789298,-0.009356036552359774,-0.0009663768194909748
0.010196273688154468,0.0005806038791963486,0.03439030923106239,0.014028363392408783,-0.00036950096527135073,0.0018727385220649487,-0.015749807638238196,-0.0004270401225252243
0.08862787405777887,-0.01079052595842793,0.06762066311063317,0.010526472864674319,0.0005815596728675704,-0.0024925637834736433,0.028079029277013386,-0.00034081657411466626
0.09515492454571553,0.008333367072464777,0.04137439437587155,0.010219087477685785,0.0,-0.00036215592321325873,-0.011834732404740133,-0.0005576163888566252
0.07819226337871901,-0.006603369045013781,0.051095020168707726,0.006362222908401761,0.0009277511213846013,0.0015138530057613616,-0.016277455087416827,0.002096117990254896
0.09246597231878051,-0.009772395435237126,0.08083603935781485,0.0047865922003607385,-0.0015447622986867753,0.00041959198778865336,-0.024046423329463714,0.00045816723817042706
0.04215025420374406,-0.0007723336473272284,0.05465183329257099,-0.01802694936356748,-0.0007160207702914534,-0.005475783966633378,0.011185568546890583,-0.003258417744081467
0.10657722974994115,-0.005426676469528986,0.008204291900370761,-0.019181442994760337,0.00020850899803040644,-0.00011190872090659221,-0.029566123561279082,-0.0006081764292543481
-0.14996304532971624,0.0030809502654267308,0.03856628240229599,-0.002161671786352608,0.00038449511008675774,-0.0005240736199261383,-0.03135481395627014,0.0008215148960245326
0.04161855266256829,0.009873106328704147,0.06473593593539329,-0.015802378957676805,-0.00036297035605211553,-0.0026599295113392393,-0.03372029719696282,-0.0015628453298972235
0.12649437963583635,0.0025801887344718507,-0.05214123910741794,-0.004783051760483918,0.00048045714199675826,-9.18236695500868e-05,0.05229230574247531,-0.0016333093980177504
-0.24151665355975,0.0021700731110176675,0.011846561231216737,-0.01469959395097877,-0.00031945795705248803,-0.0005192811769286944,0.04331098481510176,-0.0006296809472544503
0.0878895976603112,0.0019928322917608324,0.045314998067325335,-0.007414454757313873,-0.002389349566032081,0.0008043760765195572,-0.0007285957849909874,0.0004764976018422898
0.004683682408989789,-0.0047767995366698925,0.09268779393755712,0.00563398982401473,0.00035499441922627264,-0.00021963652369900443,0.00965457905127,-0.00010004170145391789
0.07518737419698641,0.004317353994689519,0.030951501469252463,0.0003739377541745046,-0.0019396711227834683,0.0001128712692857331,0.01249964937724784,0.0005736958964148678
0.003257564033363121,-0.0072705985162316526,0.05871314519980441,0.01545338012466,-0.00027442352815998383,-0.0025418990768179004,0.0038079636215715812,0.00041123248266009324
0.11716783001099561,-0.0052123705662018216,-0.013738031676738672,-0.019179865649831887,4.010428323980575e-05,0.0003140267687935434,0.013095628309555345,0.0015130161384277433
-0.015587881211622155,-0.002351725321623744,0.08418483924978827,-0.017093289818708893,-0.0002176241734367021,-0.0021510994500048863,-0.014122127361655759,-0.00037997901461394576
0.06777817199853657,-0.007972948130740433,0.07909202266897222,0.016874914043366766,-0.00120621723719318,-0.0007824354021241396,0.01759897729179361,-0.0006646756428247413
0.13242724562322647,-0.0034975916979331475,-0.04623383095692097,0.005470681821975825,0.0,0.0011952812395558613,0.008662671229051013,-0.0011231032983634315
0.06656497589768667,0.001159405482847505,-0.07180849772893787,-0.018548340659971903,-0.0029917066273822458,0.0038178240603947266,0.021815088999477143,-0.0021488608243352214
0.060511761383508285,0.012137647943858116,0.01956492480839093,-0.004076481505593016,0.00034258406572126865,0.001249509989115539,0.008784966606934674,-0.0018844450027210565
-0.10618116066712793,-0.0015082939392649158,-0.139409723495225,0.01281920331121502,-0.0002224701682492225,0.0006660169372931505,0.05314186234099595,0.00044515182783726035
-0.23619202036418588,0.010858227439506455,-0.13324720298989337,0.014096623114644958,-0.0001613180763508284,-0.00011428558168652403,-0.04386093839902862,-0.0012946314804309312
0.12231179926290246,-0.00813662001894628,-0.04374949496572695,-0.012229007822534383,-0.0022588865042106753,0.0,0.0030472696409305777,-0.002102269502736407
0.11618443870806801,0.007583927072630288,-0.08632981024666257,0.0037085526004950534,0.00010315190283162468,0.0006152289644101496,0.04050167057048258,0.002216116025847287
0.09431687718115736,-0.002114126620804348,0.05489863361764896,-0.02044600379796731,-0.000499300618415105,0.0015651924662469666,-0.024802506635790315,-0.0010486593004923322
0.10783368889738233,0.0019316339284846237,-0.0051639281995776104,-0.014225920195382916,-0.0007915969406200027,0.0004285038999496815,0.03999588319931145,5.3064931042789976e-05
0.026494584978283033,-0.0015953122360413668,0.05331696371559525,0.01817397379924775,-0.0010202149288196412,-0.0012085627537085902,-0.009760307448767842,0.0008893697321411265
0.03302745217241773,-0.0008394059814140611,0.036313480091923665,-0.007999852955131519,-0.00015783438718753456,-0.004316096115651194,-0.04077636834565977,0.002195691104057639
-0.028055946257936424,-0.009313807035807451,0.014398553971027904,0.010824481034767106,-0.0026733891882770888,0.0009313759350346382,-0.01213460767362105,0.0018919565849925214
0.054954600992467934,0.007996873956721443,0.050498893039817694,-0.017402758797676637,0.0003187740209781254,-0.00021389758311889107,-0.004800382166971484,0.0003505923994753659
0.10602194120749202,0.0015086219920927462,0.03204182072328122,0.013216732518272238,-0.0005777483327850961,0.0007880267911283291,0.03156545475437845,9.370832834984522e-05
-0.2679692202309179,0.011167386648072515,-0.19077953180705334,0.01193323369479969,-6.592392501164612e-05,0.0,-0.02819390382864967,0.0019042794117232914
-0.14848056333120352,0.0018345355245551886,0.08244394498863637,0.005680070093582092,-0.0009554506343143453,0.000903210289903794,0.010576457028437515,-0.0002769729805334048
-0.14822248382770467,-0.007537461634737284,0.03467342242382238,0.0012717629747007275,-0.00020560703078864595,0.0011305117076099258,0.032299675550306176,0.0005312596515035592
-0.1201711253961827,-0.007482066325819514,-0.027755502100034152,-0.0003291177222465599,-0.00019460430413714702,-0.0031708416057677604,0.048525508036061156,-0.00029571849791832814
0.01787473912639961,-0.007877968851144281,0.07313607639219294,-0.02037463756665487,-0.0008407902257269838,0.0019801385623307963,-0.0009811608402474233,0.000366805994642741
0.03606686290437576,0.006103943260709919,0.030893840076905925,-0.003134371919240092,0.00027594957078001803,0.002979742035726467,0.0030908424065105968,0.0016074548079882671
0.05724178381558709,0.004277834072917848,0.0399864656030399,0.017679600218776896,0.0003435562985560081,-0.0022121830929288256,0.01231227037189796,0.0016383169311182015
0.022630117151379137,-0.016693692892224592,-0.10699731185908269,0.005475539572191461,-0.001989253932079176,-0.0005400622595354287,-0.020007150836095153,-0.002558973032805565
0.12023396925298278,0.010188321287251218,-0.12113017046502277,-0.014492635202400886,0.0009279929963070463,0.001951996939977717,-0.004017519375213029,-0.001144187519434961
0.016688954448049596,0.014855141368321067,-0.040703665701161774,-0.005475039899585719,-0.0021595269843774838,0.0007079867214614607,-0.02364588931465671,0.001815119483400841
0.07545565961631326,-0.0028181205607900857,0.07759073424319696,0.018862549045150907,0.00107340366003913,0.002128743930458172,0.004946531279224247,-0.000816306781929732
0.10511989347599611,0.006292078588727185,-0.009087202848805181,0.005419930476794514,0.0,0.0005602712321365789,-0.0021867946370385223,-0.0005837686662855668
0.058321390319319946,0.0032424066978537316,0.03254944453665916,-0.016495682428551168,0.00017562566825499144,0.0011024635653666297,0.0364679543476776,-9.556836480033304e-05
-0.011476061326504573,-0.018817116551058822,-0.14215315692006308,0.00793736713322366,0.0013259840529248335,-0.0010399755666643314,0.020283830483228585,-0.003940344960035145
-0.007761627839505303,0.0062123444460200055,0.022789758022081955,0.012253814833421186,0.00035789944240092916,-0.000278037291021202,0.03716945612770567,-0.0008000918451827134
0.05253489934761051,0.0040352422661546076,0.06738153236657907,-0.01172202232674243,0.0006945339285688723,0.002421138662376871,0.022525784089493378,-0.0005461537195501076
0.025686973751553863,0.0016587391413950636,-0.08705283565030397,0.01779361121976269,0.0014277809277616611,0.0004743710038722018,0.001828708397009597,-0.0006869438649876117
0.030770509593174386,-0.011831415260438776,0.0526391706128304,-0.0018931148202176078,0.00039214975983179606,0.0032546341201634007,-0.04190489755809288,0.0034535890851340907
-0.11337569621119867,0.0061537402834317,0.06706368687291658,-0.018828312784671078,0.00016109409510213502,-0.003836606513864112,-0.022198536630646352,0.0002527620502418104
-0.0014906149069805815,0.013803010065398618,0.03576058182703792,0.01741109323915469,-0.0015497902743008445,0.0008683022646607567,-0.030030391633872063,0.000735134812079638
-0.00881341966993386,-0.007914262095316682,-0.001601222762862953,0.017721092428469552,-0.0022228043964437304,0.0018874040180230298,-0.02872385360072108,-0.002065961974743453
-0.1398859712807652,-0.0038001616833390523,0.0971419055389732,0.00269958099656964,0.00020403756172064635,-0.0020490187255982717,-0.04054399587899388,-0.0011096784040225658
0.00642709846639367,-0.010483336398966,0.058775004476710656,-0.020051319864943684,0.00024120253056784946,-0.0005197993991020886,-0.017724721017363203,-0.0028191155917027203
0.11089294778017778,-0.008185904796483462,0.010955870082195075,0.01276934218717658,-0.0009537920274951924,0.0007154319414034103,0.03316012929356977,0.00027267967172436847
-0.16785059273519204,0.005942104876747563,0.054159323839769354,-0.008470606555594815,8.654289064283227e-05,0.0,-0.036341747091711875,-0.0004201252565636908
0.13376675591724652,0.012299456160013144,-0.12044364119227269,0.0006889277516096415,-0.001339880671019186,-0.0024348298266890474,0.026099389661436014,-0.0017124061212761246
-0.011006559176388769,0.007683503248800727,0.1028297296186037,0.003242599343383816,0.0010067594135488582,0.0026577450130538453,-0.008821568905675542,-0.0005002383780101233
0.02693401116616531,-0.006800103140887413,0.0708604243428982,0.01562969592932939,0.00023323039792086386,0.004635936352251501,0.03321075278414178,-0.0012852690061809964
-0.11529858160897384,0.006237613223062228,-0.17735742257084838,-0.0005443036081521799,-0.0001764573921131651,0.00024172360368224233,-0.010611823132715682,0.0011330914139952475
0.08564551468225699,0.005466915133814338,0.07499006884717042,-0.015988910465219785,-0.0011871968310478438,0.0002568585947155949,-0.042287737518438596,-0.0003095833537179997
-0.1464757080854456,0.010065198191968116,-0.15493028579961243,0.004562546472232835,0.0,0.0002429158772232487,-0.003922857849926425,-0.000350918485115998
-0.04502985174360542,-0.01728774588654508,-0.024308654495994075,0.0005376818602449429,-0.001091266579766005,0.0023961000087568862,-0.018510904485959413,-0.0015766834906851541
0.0984317257284599,-9.313193726470659e-05,0.005470152491680365,-0.0032555871821680397,0.00028427383039842584,-0.00047413885675972245,0.037134330346699614,0.00114781647443333
-0.07446106116686495,-0.011534811805276289,0.04046722796616527,0.00011698975776475162,-0.00011028428244939989,-0.0019989833485198442,0.011687137138482266,-0.0003381295932933675
0.02134822133270164,0.008875656802452416,0.05852762210883339,0.013709398860492428,-0.0016623997483350475,-0.0005307567989937295,0.024533980283635095,0.00012763096197462853
0.13493672405271492,0.008408693287531048,-0.1214056295183873,-0.00025322332344621806,-0.0011790831912387627,0.0019176666186503568,0.026327795660587638,-0.003490995460147963
-0.06913166819228683,-0.011157098714547347,-0.11219971874551288,0.012442280713295938,-0.00026601391395558727,0.00045151741020142553,0.04173144625685188,-0.0012150548019605216
0.08702961452909007,0.001648429052032037,0.035487646932325895,0.010969600126478365,0.0,-0.0020052246056684727,-0.03704577495953035,0.0004895263626628066
0.10574209247056884,-0.0068173972142837325,0.04686072864216268,-0.014786122797557215,0.001170693554194388,6.344232356161883e-05,0.009194119158809697,0.0003437523514925588
0.08253395944814684,0.00020628981013042093,0.05275560301581868,-0.00012914481201555306,-0.0004614404204667017,-0.0009225684137470803,0.02455713638723882,-7.561660197191733e-05
0.04766358196635716,-0.01220487116066249,0.03992738439624176,-0.014226804353715147,0.0006159101034053371,0.002109897955693313,0.038367496830200874,0.002269117813777096
0.10232648594358584,-0.003188701091432506,0.01792299394507431,-0.00809437680208972,-0.00012674633724665818,-0.0029243513876470854,0.013089664720581266,0.0012281563563194594
-0.03992853996162286,0.01114772625941867,-0.08152907906560952,-0.019596019987701663,0.0021373228957137116,-0.0015367292795967825,-0.05272827606598933,-0.00015570515869278712
0.04163634078233377,-0.008673476152659705,-0.07137575773541432,0.010620994355257986,0.0008184024153492107,-0.0013274366071885837,0.034502320481498365,-0.0006266068217849023
0.10230268881434845,0.011192534698570785,-0.04957765117736445,0.011562751461619995,6.675562246266642e-05,0.0015059865779606877,0.04960182082172501,0.0004752129980516231
-0.1355070826964954,-0.002971453019390715,-0.12775073791921376,-0.01801782457234246,0.00018062274901747832,-0.00010765269147912948,-0.04837255546348237,0.00042311416690411937
-0.04910113187856793,-0.002880643324046229,-0.09595178368448397,-0.011566810350333974,0.0017558965511898807,-0.0032882382402033275,0.016025724197390866,0.0016880613363264851
-0.11875103417805705,0.0022717303881969356,0.03286646038441727,0.001481965480148188,-0.0004757081090296164,0.0002716462463602798,-0.0008658038622662638,-0.0024531070187028977
-0.0005325422841939154,0.00491927985519612,0.07598919553973828,0.015366133921234286,0.0009944180548095,0.0024425315876442037,0.008264989339539914,0.0006510967287486626
0.08354261614684297,-0.005286990351790919,0.05227708428761512,-0.007871031291484707,-0.0010872655275745273,-0.0005724671574453277,0.0033832525485180567,0.0007043596702385133
0.06456068959783735,0.008173837682513861,0.03351492901086736,-0.019950683915706553,-0.00010981769319906576,-0.002050193781571614,-0.0072127443439037086,0.000425654371230522
0.02422787556341587,0.007294107335542719,0.04497290547815985,-0.014289241252991193,0.00032952782491481314,-0.0019684014245156317,0.01157340537505274,0.001949975080555032
-0.03666566859801027,-0.015598031214769778,-0.018161822506015814,0.008794479525755693,-0.0023012442588305764,0.0006914369588298708,0.01201926833443992,-7.747749235494789e-05
-0.08362560208253957,-0.004457939647120888,0.07910434285242034,-0.0022378050978636736,-0.00022980183597613377,-0.0005278931958794913,-0.010130945475942642,0.0014114930935224808
-0.21046332242792792,0.00556292143007202,0.053904783667178637,0.008598264155574053,0.000803210898963689,5.8621260152543964e-05,0.03978199637591287,-0.00010409509121181437
0.06764530389159468,0.008480571771451966,-0.030768943078983497,-0.01450444223354377,0.002759624825216012,-0.003700328118560317,-0.029999371106309375,-0.000375738103212933
0.01664977730170465,-0.002137675551588512,0.052648004536492,0.014110298635412986,-0.0007477625553542616,0.0031045025548269525,0.0351492252378074,0.0004665099703624472
0.07010188284909882,0.004745078983425174,-0.1344163377858519,-0.0041056272329039285,0.0010316758455036837,0.0019338902260490334,0.01389912658471393,0.001248648976619348
0.09090782095362222,-0.013447948013224926,0.00422882741139863,-0.011667777759553377,-0.0009112522844821024,0.002103439825133957,-0.05357036293347842,-0.0022302785024378826
0.06357174371464741,-0.0017179485430026398,-0.050072760075447566,0.0,-0.003350346032753056,-0.00525466484903035,-0.03597569898940417,-0.002245533695122909
-0.1502305080950432,0.0011354037872590664,-0.039563569510645595,-0.008298033964543386,0.0002645667740808211,0.00048403632593621435,-0.05540763050643905,-0.001644645478220003
0.10433557720704746,-0.007830179536034512,0.04001342993755118,-0.014030533540208535,-0.0004770074149425818,0.0014453351826645747,0.03379599185806647,0.0007053893153650673
0.04522892767514494,-0.0009325808678458392,-0.0987273949588932,-0.008912315011260533,0.0017520331143026653,0.0023471476933193103,-0.04511152267411004,0.003598144521071256
0.09727208276106634,0.010418909229585363,-0.1314740430705575,-0.017122417031812064,-0.0012854392271626155,0.00011962228864131723,0.04645741779613779,0.0006830866465788639
-0.19995356766213931,-0.0032096861269488184,-0.007150322281703575,-0.002781488155829707,-7.211546825602877e-05,0.0003699656036336787,0.009877768797048306,0.001541796397788341
0.09589053712348913,0.005647861585815419,0.05170963930101629,-0.005906131082059025,0.00022287590007717705,-0.00044686984245226324,0.013972879760888646,0.00032945700770913255
0.046605951229195544,0.004845357997679437,-0.11321606566502919,0.01818721734581403,-0.0019060379146929904,0.00020871508688440066,-0.04325142460866808,-0.0003576846524814663
-0.03372022714715917,0.0015056435551928688,-0.11623349762964358,0.003833453149026959,0.0013548254577819695,0.0005259455413487435,-0.03485480524528621,-0.0036026115244222803
0.11967887905705052,-0.005364075713634204,-0.14744215170238142,0.014583356320828482,-0.0022126575042324195,-0.0035718457637395474,-0.032254482768054725,-0.002386636831663209
-0.08958727312616221,-0.015099549373502498,-0.046507079479794086,0.005029323149772199,-0.000821536979489375,0.0007794640944768505,-0.042825901630619896,-0.0012194814723277896
0.03941119127090155,0.010280224835861168,0.0178503880176617,-0.01696112548130124,-0.00021579501292425668,0.0006318689948807693,-0.01253739193277137,-0.0015324215170706115
-0.15370631645531163,0.0028783147550757943,0.1051922157519359,0.003551596185144912,-0.0012667714066192533,0.00047869829996196586,0.017506505283713433,-0.00045201286107725974
-0.18487430635374424,0.010573405303910308,-0.10897698943056892,0.0008373083941949476,-5.156112462019446e-05,-4.8637825947439595e-05,-0.0007495462679795075,0.0012945733718519646
0.12758078252230512,-0.0146590316653427,-0.06158290760387246,0.011328229124661809,0.0009476931085570288,0.0014450674397718244,0.017570571911703036,-0.0012144637985743029
-0.2538472979865289,-0.004178350667496736,0.04073560791224716,0.0004486742223878404,0.0,0.0016169988894378106,-0.0034981719059190034,0.0010499894897445527
-0.14175045796908473,0.012611386171474257,-0.1160031624517928,-0.013263517499918274,0.00029732087045575284,-0.0005278297093334057,-0.01282464670268528,0.0023941497186625625
0.07727611395478284,0.010537399499021546,0.03024108162473728,-0.0012358660470238206,0.0001558542081447345,0.00035731820781520273,-0.02932585520795885,-0.00077634637985972
0.03617672723504982,-0.0018259394161674752,-0.10458613861790433,0.0024978712564088113,-0.0003082653209061509,-0.00047182085402588524,0.01251398472763651,-0.0003855858549370381
0.09186555318817981,0.00496371686275293,0.03602213798452396,0.006158754985529316,0.0020339954160495163,0.0009642398172715593,0.018454234959589724,0.0005621120675204927
-0.2657470010894645,-0.011442189921111658,-0.12661542595825429,-0.019789057707993704,0.00018665969008085925,0.0003757030618265761,0.029495625784786005,0.0013650214902298328
-0.0011922683558662963,0.008657985953150775,0.0448142321712141,-0.01492940378180075,5.3411968048755476e-05,-0.0012831751636321104,0.03762154689729599,-0.0010566962123655294
0.1159685034602104,0.0034727689729619794,-0.023689297438831317,0.008686957814715585,-0.0006153419362719375,0.0003646670868016205,-0.01080893053504614,0.001470429607126139
-0.04461430029481925,-0.004412816698785928,-0.11744356888390776,0.010565033897456859,0.000597677908552835,0.0012723746601713743,-0.035262054161779965,0.0010706611356124792
-0.07648551975709486,0.010663356834694382,0.10185347540315226,0.016304901337281245,-7.00417958793692e-05,-0.003607400554061662,-0.006895746183967687,0.00027705191221820543
0.10332545309371162,0.01012394243251634,-0.003703203607883301,0.012415140331070745,0.0008159971334637027,0.0001022356043241246,0.012867362884663466,0.0019582505214753394
0.11094564371301785,0.003999639697568305,-0.025920746922415604,-0.010172574821439595,3.3250365814072036e-05,0.0003908530034065673,-0.04161235140609956,0.002303964774826921
0.05074935909146782,-0.014122095348268214,-0.12545901092343145,0.012305024322674512,0.002094803946054853,-0.001172783663125163,-0.03272467269222394,-0.0008444862281705989
-0.1303587857698456,-0.0012177362124478953,0.11569003691201882,-0.01287085281653719,0.0001318442163098857,0.0007790109452378219,-0.009044622161493494,-0.0018500674330203626
-0.023393881287444237,0.010433469563374391,0.018653202314874148,-0.015723345485169533,0.000490608325252381,0.0011919283438796683,-0.00019688184598197316,0.0016343212047699616
0.051259102936879276,0.001298067102914437,0.04198771518218631,-0.0043537867542383386,0.0007648037011921544,-0.003264322706904494,0.01462733314480095,-0.002662856716669846
-0.10127200729558167,0.004751482478880306,0.02297639140723677,-0.011118142173324477,-0.0008967471760429474,-0.004601482731380162,0.008589539277948609,-0.00224048701037238
-0.2285241608044506,-0.0036820045153669097,0.0571404353219519,-0.005876116988396532,0.0002670101371989586,0.0006083492423663488,0.03788641137104776,-0.0005710435739397176
0.017124049051033766,0.010426546649431863,0.0049669376714657825,-0.01800356289754702,0.0005132171434321445,-0.0011869198025671462,0.020685216466507027,0.0015295316503431708
0.08031228808457223,-0.003807232291948175,0.02088322524954971,0.00946322924888755,-0.0015083312607187538,0.0008016707892813813,0.03823001265660161,0.0008066499084582451
0.0700005524160192,0.0027986376545747725,0.04911283995425498,0.0025390552802739587,-0.0015893608186350286,-0.00029622661662243835,0.019426432770029492,-0.0001368266419076447
-0.11243361037179656,-0.005954313693777837,0.0968421121422101,0.016190129017431037,6.082539068219539e-05,0.0019311928219409016,0.02823841746396481,0.0
-0.058241493393671816,-0.006507302527026704,0.05792699423867369,0.0010499301314195308,0.00032376877088020894,-0.002180771528720151,-0.031541004271540315,0.0018992550336033392
0.012011938538156434,0.006588160230410185,0.05470795433046768,-0.00020585465192399233,0.00011286391900672167,-0.0024054852917561728,0.023858070495779683,0.0005254124304744667
-0.00043570040221962845,0.006618009615159617,0.08258704007565798,0.017762422461475885,-0.0002546392853910451,-0.0014638404133382283,0.01527187942691182,-0.0011985573046301705
0.04675896854373126,0.005476090897535106,-0.11476015500384475,0.0,-0.001428279239102201,0.0030040426810052003,0.019245836994058393,-0.0037063656951970897
-0.27516310047148607,-0.010831913668972301,-0.0778765026547023,0.014670755574514414,-0.0003717035126407642,0.001067472730275243,0.022601930746251553,0.0020550034926932617
0.00027755949998924806,0.010637734536782953,-0.03804484951220966,-0.001747104369914836,0.0008737866976873908,0.0026825690202759637,-0.008382801082270836,0.000737785795710467
-0.09023431280798029,0.012113024421251652,-0.14849042330722517,0.007804518933168707,9.596057847758277e-05,0.00043075157234847915,0.005679287372926046,9.144404188993205e-05
-0.2304898005329838,-0.0007984875691151703,0.10708442459496355,0.017966350815606852,-0.00036097946183979665,0.00017510953716601274,-0.0421059477595965,0.0006997119638656201
0.03160605812562103,0.002116328724223655,0.0382123677543017,0.0012931535294662786,0.0009977111585928386,0.002891439572945557,-0.023458397007213246,0.002819888036430034
0.0948055422203656,0.00027331816956699395,0.06656073073754598,-0.022091190654090362,-0.0010142710039185451,-0.0025901065269292593,-0.007853079803797649,-0.0011314329580047976
-0.07362601983736373,0.016360752323221858,-0.04101347312888307,0.017071856286933314,-0.0015431224135204757,0.0023953038348235047,-0.0100376046160134,0.00184211730475786
-0.08453738782710261,-0.010760336021798678,0.06648210329812772,0.0034497117111703386,8.246590529334841e-05,0.0027648207059283764,0.021113107642030275,-0.0021384643202384044
0.04119865854144269,-0.009651165745451011,0.06891118778395834,0.012291084668366727,8.566805474549688e-05,0.003896700955157385,-0.013123174544867805,-0.0009207545405158843
-0.08365126936538547,-0.0075483604188919945,-0.1808712755471279,-0.008329810259125981,0.00020214715974021006,7.069895356587308e-05,-0.052444016902727666,-0.0021700860013231164
-0.07033749785652837,0.010256554517299994,0.06053030412777989,0.0026908999339459432,0.0002388293436542746,-0.00048571529826166635,-0.036166723569871884,0.000808598130647007
0.11390852878614832,-0.0027675924006636964,-0.03495201781585422,0.005110579560766555,0.0011654308950539427,0.001202303695349842,-0.05319401661544262,-0.001123099391398201
-0.08496741846889684,0.006150579566246187,-0.1371631436293573,0.01904419405361007,0.00029935434700817387,0.0,-0.010506855488426895,0.0020989537776674736
0.09471238668581268,0.007286727730961215,0.0456382532838524,-0.0010045414002691766,0.0007641870109659244,0.0005739243732081726,0.014847667953630947,0.0004813444101096266
-0.06375785134587007,0.0009229121615592798,-0.1515734808347614,0.0064822925791388885,-0.0005764299893103128,-0.00016912655024289847,0.05279406502570216,0.0009307640329003714
0.11166401403762162,-0.015537304571309491,-0.02317204083414906,0.0008671944323010647,0.0010863135292485178,0.0015034626806725553,-0.054149952957233835,-0.0016822905870337974
-0.21294353209646696,0.00985631284894738,-0.09699115067595192,-0.012703782128261008,-0.00026201919516322114,0.000431902785489357,0.015366274608701507,-0.0024089664267067045
-0.003556445580938614,0.002397930336877507,0.05798549550202298,0.0027033892100817485,0.00019401554982897973,0.001614556922515473,0.028098975636439916,0.0002909741527275787
0.06945608567529576,0.014619778956008488,-0.0011983500391441533,0.017488895619961857,-0.000982673007629692,0.0020111364601916597,-0.018188144511072788,-0.0030695613372051485
-0.20971148503613982,-0.004358430684899364,-0.04792971860215724,-0.01435541519458062,-0.0004898303411922383,0.00013485035736461538,0.02751704928590899,5.7537943628227506e-05
0.028791035485382272,-0.005618655003123158,0.06399649188750868,-0.008404150445950234,0.0003258688587811087,0.0014707738777051584,-0.03401898487473377,0.0012819973324288616
0.09066407713580207,0.0013183712893891939,0.06867288192119801,0.015438337698018865,0.001093054366462797,7.568705233532147e-05,0.031054911489983537,0.00013538133744771274
-0.05690727388427598,-0.006050057945265725,0.04079313453939042,-0.005663507881470092,0.0005519412458402642,0.0038178339653351856,0.022527096609639315,0.001369517541371752
-0.23155004248059105,-0.006032811419238267,-0.17224837747796182,-0.0019553087512110467,-0.00025966697132652705,-0.0005853521683293297,-0.009072548742295499,0.0006072603982696378
-0.06364914248837476,-0.009856219698080848,-0.16793649342134737,-0.012553694149793564,0.00030734982183994175,-0.0008380992953606316,-0.031769127939015346,0.0020176947896792426
-0.1588865293622201,0.006833905788735796,0.002349523869837941,0.005440078108517265,0.00028337663732552754,0.0005737742019592352,-0.034522468685307124,-0.001785338738117456
0.0662286042887915,0.0038482103458156278,0.051852507031384956,0.0011444818514243702,-0.0005809233577069677,-0.0009820085003060832,-0.01258085370158744,3.9801676272072095e-05
-0.12876258763540196,0.0051699730228812095,0.10817949991841942,-0.012805642394324416,0.0,-0.0010054500372675512,0.024640751015396718,0.0005388158151274271
-0.053390801941351644,-0.0018890952133435823,0.04837044472801916,-0.004944665566720027,0.00020529914832214183,0.0017968264224881912,0.013264013087306634,-0.0015946930593339842
-0.08970422503870755,-0.000709685643302399,-0.07078877868405876,0.01076830848417023,0.0005679174444662997,0.0013792945771383726,0.03680241548992567,0.001951417049087471
-0.14845516731488512,0.006814276598646724,0.1244261687729931,0.004660048723830584,0.00021925683842050764,0.0005039969150443206,-0.040601702908478615,-0.0011489340545094914
-0.22459389908729074,0.010833532167904779,-0.03820490489239463,-0.003995105427979041,-0.00012167266347354322,-0.0011204298159027363,0.02219013648613164,-0.00040836166207817293
0.061128020202842144,0.0038622303182561826,0.0742308096308697,0.01569580058421418,0.002209548529660922,0.0014348911474686827,0.035687318235046714,0.00023347682454796792
0.04943133714718895,0.0038178940293037127,-0.14588906538300395,-0.01119868891158102,-0.0005722713206677971,0.0008915032046514251,0.034579120267266256,-0.0010869404511762231
-0.0929595193713901,0.0029915689671586128,-0.1653128197164234,-0.007367503300774433,0.0001396481543685657,0.00025254138801386497,-0.004007891650498327,-0.0019653931025507107
-0.04758153102788879,0.01156367699436065,-0.12080515199246818,0.005243564478436343,0.0010686521003484273,-0.003571900652709973,0.030611831305418922,-0.0030042871084476576
-0.06739173695883845,0.001499473405662396,0.09182044529775016,0.013656204694881907,7.033190946765383e-05,-0.0013554366182513984,0.0010308746362303002,0.0012225088988569409
-0.23317507424708916,-0.01272048045601939,0.009039889710934664,0.007935045735536245,0.0002997336095018899,-0.0012048118796618692,0.012744266379537468,-0.00153007410705422
0.08578266996101455,-0.0001405238778566464,0.07747206194524109,0.012013045874085653,-0.00022172767549108468,-0.0010434286209568709,0.03306953051517908,6.760102961758663e-05
-0.11985809442315899,0.009679631873681743,0.021737418452152803,0.005261348018075456,0.0007556236701068578,-0.0022061716078707666,0.020834979432047995,0.0005550421943012612
-0.21858370799037047,0.007743864134002027,0.04704906589635588,-0.015467033290016103,-0.0004787632332818037,0.00048703969341808053,-0.014725374078194482,0.0004968412478761185
0.11045370690960901,0.005613046864299001,-0.1327126402755448,-0.020618649830643328,0.0004654685163762104,0.0001574778367093299,-0.012785759596384073,-0.0041973256121197716
-0.04584826950449406,0.005392243540896105,0.045764312735597924,-0.016892595169212474,0.00029013302693326436,-0.004792785724081132,0.022052379381290264,0.0008032657028492547
-0.2170818278830412,-0.013977433401535755,-0.010260544027038075,-0.005486175337598663,0.0,0.001029613258574303,0.04389089998707354,0.0003273744409696966
0.08869982089436462,0.00400829857062915,0.04020284099081817,-0.000534329984280815,0.0013859124590107985,0.0014887786330597579,0.03128391553116997,-0.00030232372303490296
-0.010476876576905908,0.006548411030277776,0.05993246029571025,-0.013880009917807468,-0.0006240338810719106,0.00095549730481655,0.018546420903259243,0.00015100259762114432
-0.18634102775391545,-0.009334444082024591,0.0064712083810476075,-0.013223659798634147,0.00013276506006354438,-0.003291658747593233,0.030793197715787216,0.0006730811013899599
-0.0638056491195346,0.013101098042741656,-0.053205831531147704,0.013883716196399453,0.0004918414735101337,0.002744840942119781,0.047692628914173384,0.0008899994199584347
0.04908529270664515,0.0003626933596247925,-0.0510817045814407,-0.015777188205503258,-0.0012559493658645124,-0.005501896993036846,-0.03433099876840381,-0.0013807546526296473
-0.001143370612980893,-0.00734725573260226,-0.15461711947535495,0.012044792097689785,0.0013312809841664935,0.002240071040191967,-0.03940060356339944,0.002696147723479763
0.08478428624047586,0.005621405147857324,0.06289271338998215,-0.008475582631004813,-0.001955377309223273,0.0011126484753954597,-0.009088380280799868,0.0002152127445134433
0.057794070752076036,-0.015642197417141308,-0.02283482604804358,0.00268018297758269,0.0023737645066036345,-0.004768913749002202,-0.051094094761531886,0.00413209490808382
0.07776068904611792,-0.007314198415537758,-0.061496449536418536,-0.012983760019134911,-0.002937496445018898,0.002412563068560272,0.039544444424528744,-0.0006130671455132491
-0.23095954351087367,-0.007029134322162013,0.11528860761875671,0.015648589323150674,-0.0009646923100916719,0.0008050365504501154,0.018392272075798233,-8.729523779466009e-05
-0.18773517213705046,-0.009770894238045605,0.1194666945772718,0.015365619058589979,0.0008668582452434118,0.0011994091444015769,0.014349900119615157,0.0006855417991923352
0.011165807984779211,-0.01352483325213282,-0.008404999759308845,-0.018550374281463076,0.001875778232725181,-0.0021028491312776415,-0.03335821718290892,-0.002545620962200936
0.11285509984931189,-0.012503679163122164,-0.12476938055796971,0.014624354952754683,0.0019234188836398305,0.0004040539519073044,-0.0471070935591042,-0.0006287361125836324
0.0997660482222132,0.013678824126851256,-0.05175785844930289,0.00742561548056558,-0.00135855754973227,-0.00246841420734437,0.027025494052592573,0.0037073089803211843
0.010006438097609632,0.01163705090608413,0.08782116079136797,-0.004889458184278748,0.0008278923055248666,-0.0013374262042479485,-0.0009377880649765469,0.0010973532977592486
0.1018034637336594,-0.007775378264018917,0.08228806951182631,-0.018990783938961052,0.00015855923450028286,-0.000879842593684203,0.009056017916349069,-0.00021033044785643033
0.012673920940937161,-0.012571507401973834,-0.12410746715258611,0.014896327841021214,0.002043169293546954,-0.0013268463639218436,0.05063107881482075,0.0019551853001357295
0.049530111140568316,0.007589242915839361,0.0336828320887131,0.010116307777960699,-0.00023347450591497398,0.0033361357402460286,0.015019498301777385,-0.0009605179588466779
-0.27393720696585094,-0.01158634368254414,-0.12417217604346988,0.0002340802668470435,-4.0635689680212916e-05,-0.00018094313464852942,-0.03455804963723817,0.0011356304365697366
-0.2333462344961411,0.01125501446502116,-0.0987160079632813,0.009089080786315094,5.367900762737188e-05,0.00017949738477920164,-0.009727621398614456,-0.0007861257489299781
-0.0862418104633304,-0.0024136166249525137,-0.12606689407974456,0.015666875836323473,-0.0007630693646471306,0.0012911643144754015,-0.003863371257622665,-0.002275452789256564
0.0751090892058013,0.005055170891718408,-0.058587356923672354,-0.016647484288313082,0.00117923550821313,-0.00047573744418513697,0.029550827567470125,0.0021686972838994966
0.11506934325680528,-0.002007899890415248,-0.010978158123554268,0.012268736333353252,-0.0010712661811947558,-0.0004046637149838911,-0.04923788609756786,0.0007352574637180361
-0.06111975479041551,0.00623472650675269,-0.03774744867074052,0.014918226437863209,-0.00042144345640614787,-0.00019483723151676735,-0.0016148949803393006,0.0013391455358459721
0.09328199265258012,-0.014731519781387637,-0.004753786739783714,0.008599527944809343,-0.0009849365803684612,0.0003421180327393414,-0.002447229136639746,-0.0006401720196418708
0.002273909261955687,-0.0021646158580317034,0.025698143980738105,0.013449569813246319,0.00044625520499516624,0.0022231716984540003,0.03956721442543337,0.0007194581140298819
0.005114889803657954,-0.006541742518838797,0.02608857614592732,-0.012163519893257787,-0.00060077802980657,-0.0048195162342096485,0.021233226241085847,0.0001052071854246231
0.083116102206148,-0.005878881575326577,0.05542481827132933,0.0016166064431713896,-0.00086605973708781,-0.002440753747354239,0.008906194962982535,0.00016599346344528532
-0.02290181132806897,-0.004221318338731432,0.086361482202788,-0.007314169955478223,0.0,0.0016285789976165609,-0.04052550372566435,-0.0017840958274531705
0.023781736950491194,0.010493464328144885,0.06734536103314441,0.008480710161430626,0.000260255615622651,-0.003291898823234637,0.013555114189039633,0.001695476993335643
-0.06131798430187512,0.009290616616072339,0.07352762725075868,-0.009677376776744951,0.00028990222153061317,-0.0041382974907456125,0.00722188815552352,0.0004365154455643492
0.06975741233525512,0.011803142902321194,-0.053964148455869346,-0.0031876863303775694,0.0016343057009679262,0.0027370111037757507,0.011559144479189399,-0.00038416971170402575
-0.22050939192206168,0.00031989077894020723,0.07627227066594229,-0.0005527300224979716,0.0003261862963928736,0.0008855715751243661,-0.026663069241705594,-0.0007597932754872462
0.10604632872908187,-0.0001270252427321497,-0.016870616158576157,0.0008093041565673555,-0.0003935249304892068,0.0012330700376064557,-0.05240464449503398,-0.0004085644447663535
0.09099600338580836,-0.004776581661013906,0.04665271211308388,-0.008768296635866191,-0.00021497634609205527,-0.001698017146635166,-0.023079593658018198,0.0001513811444060903
-0.0065668111554583785,-0.005687632757904338,0.0527094408024132,-0.0030525813845242063,-0.0005155757832263769,0.002238921069553165,0.02129960443628721,-0.001927295583727429
0.11948936236162574,0.007269887657228199,-0.08862873917862314,0.01615254453379038,6.917223659828192e-05,0.002061993442347463,-0.01839198686527679,-0.0004912150379230472
-0.17278674857741647,-0.012027406859903117,-0.16434321913235592,0.013038157607176125,-8.656841717596953e-05,0.00022528892993476299,-0.04191304446460403,-0.0017579747589621213
0.000705827419444055,0.0013928697859569006,-0.1584841669541994,-0.016179691729371535,0.0018157640826076795,-0.0018469138180524708,-0.021170017717862033,-0.0012606474592416715
0.10723522797512698,-0.0054453394759085205,0.017250672288951812,-0.008371066462049543,-0.0014845613224695085,-0.0010328041898315984,0.010370066189060749,0.0010111794917231631
-0.10534895208138415,0.0038093960649631144,0.09344157716433549,-0.0005811383539530934,4.8460419463993223e-05,-0.0026702874249485793,0.019868394409027695,0.0010631014488693593
-0.08486293110186315,-0.0051325643643640485,0.024730951149651223,-0.0047821460577218275,-0.0006731469381926897,-0.004207380731750735,0.0341935423305716,-0.0022516049910544515
0.05483512170744519,-0.013033300568358965,0.03778015931369106,-0.00020773932826283897,0.0020187168406514697,0.0019287424777309245,-0.035999197834449256,-0.004226313513662612
-0.12342538034722753,0.008755014601343,-0.16602141479211324,-0.02046327321933281,-6.554279548287578e-05,0.0005126484486415195,0.03696576612525062,0.0004463029573851578
0.03136771952371579,-0.005793378145619013,-0.1458870588252478,0.002619446906481261,0.0013183439030644284,-0.0034787399338680894,0.03859582917288301,0.0016427843987345987
0.009690985579354041,0.0026752423962587246,0.08843641973843572,0.00037015906557057165,0.0007329043706289006,0.0026422248051005803,0.0186892868081405,0.0
-0.2034756314566516,-0.008092542730117506,0.08867483455927028,0.008887747424768394,8.780325181967363e-05,0.0,0.00146386008966547,0.0008376818234249369
0.07903816579816107,-0.0033515778821388174,0.055763493041148346,0.006776483652924604,-0.0012107544204379196,0.0002874303599691985,0.0060960786979699115,0.0005407904472505538
0.02960486936270473,0.016318029132444192,-0.04975145390558738,-0.01669830810777315,-0.0021032956551379086,0.00044358984827268244,-0.031564489601902314,0.0034751153491262166
0.08767436722452204,-0.01668904813745347,-0.030449190258592263,-0.0033413796306537187,-0.0023028867039826956,0.0028955995134220466,0.02838399187796105,-0.0020745506613660215
0.05816867836504411,-7.042705095440527e-05,-0.019211245502263517,0.003045145168942148,-0.001714003421391337,-0.0009800982993736398,0.01895893139843026,-0.0044233234332837984
-0.13804262973399306,-0.002890008250395254,0.08869271426720537,0.012824352597136858,5.500325162700187e-05,-0.0029803526870887803,0.008344666198441724,0.00016190283674658967
-0.18877243182284625,-0.003455936943097731,0.13650780685176744,0.01258163062516944,-0.00044083406104011846,0.0007730713010835898,-0.029877100850192406,-0.0008549440245193092
0.05880657781795219,0.006285474822098049,0.05791154054129299,-0.0014725334576594189,-0.0014659649791108585,0.0,0.018226325078895295,0.0005881089559308939
0.04352914173058185,0.0032432162998763596,0.07850240894745693,0.017649270932808173,-0.0012248945793624784,0.0018510115366050753,-0.012274464509110097,7.440984350634561e-05
0.05630801036531101,-0.0029520156672062773,0.057081435300424095,-0.01591929729337826,-0.0010367930441404281,0.0025522043229407906,-0.00602193095667332,0.0007736874663408222
0.07395746363367996,-0.002056421864049198,-0.045268078062039974,0.018863511157042136,-0.0015040696649522706,-0.0025430030793446817,0.04135122781783094,0.0015604706154570944
0.09850976329475102,-0.017355345770601254,-0.05883015607173864,-0.007925735069960966,-0.0014814337077170316,-0.0036087556971861716,-0.02128905893360127,-0.003774837225037746
0.01959029452802201,0.007458727517666232,0.034873145704300376,-0.009897603398616454,-0.0004922884752201762,-0.0006140294855521458,0.02810114324182164,0.0012054433275149427
0.04155998601863792,-0.012589842197090455,-0.009905803985018233,0.0049167195271938744,-0.0017042529642246548,0.003350312633098925,0.029816948981387262,0.0025643371834149537
0.07692111935908064,-0.0075953720132053894,0.06634322353500302,-0.00961429904081821,0.00037483213749596456,-0.0007920265702134032,-0.03333047743689324,-0.0004393511450502835
0.10204059530727011,0.0022463030633088385,-0.00686756190193899,0.0002750629427991381,3.765682465046993e-05,0.0006962344317907548,-0.013430431926198983,-0.00032555847945573444
-0.14764419481141475,0.011406627138564314,-0.10330784431685563,0.00035290281960313296,-7.169408251705978e-05,-0.0007190498049110416,-0.009113860302510563,-0.0015743549623072073
-0.09537305573090764,0.0025221063363026807,0.0712546179571545,0.012165677783992105,7.063137025731941e-05,-0.0010631921934038942,0.03717174602404934,0.0015468260880953978
-0.06820948960933147,-0.011312681916852453,0.04664006392438054,0.01015959491743046,-0.00028950617171583266,0.0022277205772216814,0.036352174215086915,-0.000993323072332747
0.057312570807301934,0.01133078257503973,-0.04772082009189436,-0.0023313414683981634,-0.00079304271756996,0.00288241136082022,0.03803956204475618,0.0005015993061400909
0.023276721697208444,-0.0011213570706929369,0.05449278125792767,0.006080812806977439,0.0004512808946433145,0.0018787827230838058,0.020286338239069016,-0.0005015653759943284
-0.11648821775382992,0.0032041427094533083,0.10699583624050053,0.009422623322165844,-5.2379050719586484e-05,0.0033259432862333,0.040501807083559396,-0.0008218629030004339
-0.23173898260645379,0.008953371013354815,-0.07327706325282676,-0.005597896147009065,-0.00010874858781236422,0.00023352090849521057,-0.007840034288644741,-0.0017335679020509035
0.10268429042414379,0.005458241390516797,0.06752873762101477,-0.021722698681485835,0.0017959855842187167,0.000613083860310331,-0.020791905911476755,0.00013429753963278834
0.09181480096523711,0.014250259585174216,-0.13410538145149106,-0.013885279371630463,0.0017575096056115316,0.00013475871898390585,-0.012973004378480743,-0.0005168710745626214
-0.1551493306046457,0.006880077522690252,0.08417799111179687,-0.018278933713054155,-0.0008839429984209713,-0.0014685928192902488,-0.004568868998697754,0.0005761511590549606
-0.12224640277052068,0.008263489517340187,0.11568139833421225,0.004157893710177656,-0.0001586068977186654,0.0009980323227927262,-0.02036040497090369,0.0005879843202352613
-0.05324998906858108,0.00926838188647886,0.06835935723998239,-0.01872758356740967,0.00025133458761342903,0.0024067988239634868,-0.021026246240113313,0.0004542016562525495
0.11478885147617486,0.010931038290755719,-0.04101508778666942,-0.015826607783442973,0.0003695441006714012,-0.0017890657238422338,0.03446795293103967,0.0013116372205889007
0.05642891815774592,0.018010123561227078,-0.07324102589878569,0.017383242016818505,-0.00039445776876984533,7.74784970672994e-05,-0.02439958922157657,-0.0003893721205218914
0.07878821400975149,0.006890118254081917,-0.1391593179777246,0.017796053649496137,0.0009869389449982842,-0.003681359205714374,0.022560786498162497,0.003237316426341425
0.05814558797632991,-0.002582089168301982,0.05146643418959465,-0.0052820971723067595,0.0002678665966699134,0.001560471073161747,-0.02000504631817713,0.0006040432629808071
0.1103428198468954,-0.007384587961424303,0.04648803102783498,-0.020357872482138828,-0.0005804211376901074,0.0007800013325743732,-0.02272857763432557,-0.0016149531241227812
-0.06335312648486506,-0.014830838977321023,0.05351149212974769,-0.00899685382917183,0.000624866099915744,0.0012050718322492938,-0.03907049740242997,-0.003050126052081975
-0.05563907485038222,0.004249101722675338,0.08460878973739047,0.0008119366973200242,0.00010561984997892876,0.003287890415589543,-0.0164075796377178,0.0018021619311018877
0.11947005776655517,0.007322607581183765,-0.03839799736716207,-0.020025102363440295,0.00011487753958865499,-0.00015880105808058396,0.04277568214865313,5.21196457460571e-05
-0.15546054530222694,0.007055252742425256,-0.04403646967089067,-0.0032903753554591702,0.00035031443052782607,-0.0015919741832851064,-0.01695175011477988,0.0003935771072461739
0.10267990653482009,-0.009389348807531091,-0.1054013889001837,0.005290393261556672,0.0010128767794780494,-0.00035961403466769343,-0.015381393473754919,0.0001512759768360003
-0.044494133199240456,-0.012309849964592126,-0.09987627022473278,0.008102525284616545,-0.0009568180958729189,-0.0035205046095522024,0.02190694818717302,0.0029656687610574105
-0.14617362088908029,0.010529216789118882,-0.04346300578208612,-0.01757300835486245,0.00020240367133383952,-0.002668643283821906,0.04196108628353106,0.000603584302923138
0.05748359004610155,-0.001306875758508376,0.06826529993775941,0.019387085196109138,-0.0001858450980815607,-0.001400976053116554,-0.01701422324428228,-0.0003806998677372342
-0.22125538768898617,0.004544305103359378,-0.08787236428945228,-0.00594976159824122,0.0001151044124311218,0.0003089010460156854,-0.009972476830272768,-0.0014246440096154789
-0.07399362396747036,0.00932921424242745,0.07970321283199756,-0.0019566411418582004,5.470510027815248e-05,0.0031522641834480624,0.014410709314889601,-0.0001016426641577325
0.13112416329962184,0.003239939903174299,-0.07151123646841492,-0.005276971096060024,0.00020362031205324593,0.00029136663688926907,0.023305829711563822,0.0008683691077319891
0.1035870064239884,0.006461110452668085,-0.0316718957571523,0.009577535082956416,0.0005674933142256444,-0.0006592257864775006,-0.03140649548593203,0.001538253091128516
-0.03687575847116022,0.007465899647008698,0.06407026671053122,-0.0039390753179082355,0.0002572358126490884,0.0010864350965225302,0.016617395741006513,-0.0019260955171337454
-0.05456807189058727,-0.014557440654294459,0.025814996051750857,0.00838637290668741,-0.0007285010696593269,-0.0007311181020329372,-0.007094313951616602,-0.000430561924786195
0.07509336028383942,0.0029005257166843657,0.01876517517140478,-0.002181848178093974,4.279860191000462e-05,-0.0007835410698795722,0.03903225166633074,-0.0005445872843865087
-0.21532244788170438,-0.008093381839490028,-0.0889876067636498,0.011965289491571761,-0.000669940978867023,-0.0006846550504541754,-0.043451338679660834,-0.0008473143291633987
0.09410898616018643,0.0013349674196678765,0.04615626680329129,-0.00023223552594908714,9.743768112004786e-05,-0.0013947656198794066,0.016428892887048352,0.00015091945363356532
0.10155871879601401,-4.691840280023063e-05,0.002679881737556335,-0.001277193688268285,-0.00043514044136452304,-0.0015136378241653473,0.008495931643574603,-0.003583027999910328
-0.1724258337551456,0.008227407202150252,-0.1522641940845665,-0.012885937365353883,-0.00019194405854512206,5.713144032076789e-05,0.03368993825144646,-0.0005582095263610043
0.07341573367058378,-0.009271286059620422,-0.10252226406662227,-0.01748383472886418,-0.0027155178680741817,0.0028947949158083654,-0.05721365796334703,0.002272368533512578
0.04595929452856327,-0.012489796657245603,-0.010344678610153452,0.010543902207823247,-0.0018407797348094779,0.00341734867934153,0.021503536239013566,-0.004129255225893997
-0.1163625873538676,0.000459062900450778,0.0984486158635368,0.010487932663916195,-0.00018523179950821582,-0.0006016733305106671,-0.001796816405469135,0.000897668433262199
-0.046769322592862636,0.006129042595800693,0.040137671458575865,-0.017274746439974724,0.0002989651707529205,0.003986326469353522,0.039488338385726185,0.0010223131036343975
-0.19924672564319362,-0.0062708180727127204,0.03702993431658647,-0.01142751817522971,0.00010945708136197996,0.001016997849910979,0.01537258759562917,0.00022754314276816217
-0.04392754181633622,0.010343677000414834,0.04423592052134377,0.005081092451503074,3.210934997773668e-05,0.0025327486829432883,0.03515091945736169,-0.00025949215595923473
0.09563914784622225,0.011920667921957378,-0.12593921475354394,-0.004733918836431698,-0.0013370927979764052,0.0025013661123841537,0.04329198034552502,0.003100547913888561
0.10616183674051825,-0.007267568698282592,0.022077988275638335,0.01864776106554931,-0.0016208278330557201,-0.0003697199102632165,0.002893283626622691,0.001032066053618717
0.05103483008872821,-0.015023831973266455,-0.02031748176031983,0.007484640792887938,-0.0006292564322332994,0.0021231617491556955,0.04965427409907068,-0.0041455197343003855
-0.18527468924065177,-0.01064443428185662,-0.1757616602093195,-0.01810718960167812,-4.75227152550254e-05,-3.867590764317086e-05,0.04211588733679934,0.0009675937426382307
-0.17621000244554852,-0.0006578478035796736,0.04639066861205291,0.0174886318749172,-0.00041471455484894674,-0.0014035852108901414,-0.015150050968098143,-0.00011876107702063488
0.09490968686362412,-0.0028826544819059705,0.06193590327083523,0.006234006384282226,-0.0005901154652533103,0.0012396702061838393,-0.039085161746898904,0.00039049182676567857
-0.0423412701683672,-0.004290195853401655,-0.10782768599691413,-0.013722595828576267,0.00028936784491426226,0.0014151299650538773,0.00857414941168226,0.0017698344558545053
0.08036898253233073,-0.011043526524980552,0.046799817876814614,0.015147080811627968,0.0002985855449706143,0.0007143088713925649,0.01819316183487838,-0.0017896217079203382
-0.2734179178420071,-0.013138964543813735,-0.11340135299171443,0.008577337559684076,0.0,0.00029595215196193125,-0.039561162344062074,-0.0018001485453313574
-0.20898248702630573,0.002963900061338497,0.07152389029742189,0.013919974693858063,-0.0007552179115445427,0.0008812279372019768,0.038791940458809814,0.00013284293587312312
0.1063923049166796,0.005596664350944473,0.003738143742255951,0.008670232321289724,0.0002485716701709495,0.0006572772143892221,0.025874472575394717,0.0006857563735375356
-0.2120638013742001,0.0036311698886832885,0.0001185824869183322,0.0064823377574430175,0.00012452724141603368,9.76613867936793e-05,-0.0023757608225831663,0.0011276778025403652
0.048917097502568695,0.00021299927065794588,0.029044225130927304,-0.0029211608006241797,-0.0015658850541089544,0.0034062652095399556,-0.006561449614306473,-0.0014104428801837176
-0.20978669246248288,0.005618404193101724,-0.06091033771202861,-0.012082550753378598,-0.0002615450529967478,0.00059402171399308,0.024932940727105862,0.001957081478313648
0.1265734100904295,0.0023745529688570144,-0.14440083693696618,0.012672422601894924,-0.00214303589296588,-0.0002767263581270399,-0.03315578057924379,-0.0038982948306806025
-0.06194687941457466,0.0132072658346044,-0.09664598134448574,0.016135093614605665,-0.0017414160781378824,0.0006987633137793921,0.028836625780425017,0.0002543747565755261
0.09637684650761338,-0.007034941108662612,0.04233616519789439,0.0003285386959329152,0.0011510088097365606,0.0020236904386061187,0.009026912319423194,-0.00046881217408986653
0.10516665057297445,0.0024964696171508195,-0.13254253125822768,0.019736029631211068,0.0015687700154051695,0.0022357946118922983,0.007449096406942931,-0.002495106389287457
-0.06321452199484567,-0.0018393732903124278,-0.03204624397251596,-0.01118952545130756,-0.0008291408784240756,-0.0014327023816420648,0.04832123977002179,0.0022162906355552604
0.06194186242607356,0.010576242266474313,0.020616818681281165,-0.01586097619865845,0.00034200629489129775,-0.002074195947464024,0.037316833547849454,0.0025230455794084863
0.12514829075863498,0.010390639965152307,-0.1398568424353066,0.011205832941166873,-0.0013002681850760305,0.0007728176654577083,-0.035660686131960224,-0.0010133089989042459
0.1396488906362575,0.003909560773712114,-0.10482139072585525,-0.0022738266006659077,9.914795836583196e-05,0.000693951004691685,0.001617055307552394,-0.0011300102898603244
-0.07148894061595173,0.0004555950602322424,0.09627379486066812,0.009916800572960035,0.0,0.0031549395484229067,-0.03168168314122893,0.0012181714104271318
0.04587069267046276,0.009350899284430714,-0.031581308093914996,0.013374165393280901,-0.00040752331205181296,0.000142737225942699,0.015925930140649035,0.002602494723104176
0.09515688401048986,-0.00422027517275468,-0.101353318347061,0.012200038259349014,-0.0002979865863154754,0.001715807454974612,-0.0285030375691552,0.0025285965184778563
-0.06755951660378179,0.006539086005804947,0.010328192407226232,0.008787059313462183,-0.00012548386407883194,-0.0034233269395759387,-0.01947345270644581,0.003062793077586614
0.06153955598191464,-0.010428015193887707,0.06797817584186923,0.008503161712902732,0.0,-0.0009646107598778708,0.009529133096204758,-0.00039722745202014353
-0.03595660396345054,-0.01312760820431299,0.05594745334354991,0.016922390176513726,0.0005760817114186557,0.0018206974224942258,-0.018620728482042874,-0.0006484182932269761
-0.05728820555932279,0.007397712170622992,-0.15787180466157458,0.0035971941594230687,0.00048604832047177693,-0.0008928871863027984,0.004339034306333574,-0.0016888792849111024
0.06292773210941753,-0.012694897962778505,-0.119578133009597,0.002476796199679224,-0.0001771549919099176,0.0014376092314694032,0.036387087530129064,0.00136334014090005
0.003069571971071196,-0.00505043406341149,-0.09617478718574296,-0.0014696071713740239,-0.001737794653307248,0.0029896604744597665,-0.01809275440980487,0.0029034299722219543
-0.027049552821187796,-0.010970378481891047,0.061169522551631335,0.014037760022425643,0.0006809826199205907,-0.004871138056780352,0.028929573375298657,-0.0015783441719617367
0.11235231265440795,0.005004780406379641,0.0092385837611675,-0.011144471113808358,-0.0008590378821316518,-0.0007349701836823763,0.014590564578053652,0.0005943115002475396
0.09014656795454931,0.008356624653697381,0.02698584688010711,0.01468160104575454,-0.0020807170666374297,-0.0011939848076999982,0.007642719337290435,-0.0006059183542020952
0.04160671497850604,-0.003908613308901331,0.07423859987833763,0.017512434537280484,-0.0011438406533132077,0.0021771913688334765,0.03424672591548426,0.00031602640400979487
0.022422004899780985,0.005804461613596883,0.04751380804521588,-0.012477310008428616,-0.001473331277894771,0.0014132316552890106,0.025390782039859533,0.0
0.04493382780810034,0.003653458101167996,-0.026907819658370316,-0.0038225042326706037,-0.0033769213010516265,-0.003952536337613118,-0.04554688890906217,-0.0043846593345868495
-0.2248695711205513,-0.000666005737954299,-0.08742197889409913,-0.011302340386971517,0.00012912933030778673,0.00020363305011531028,-0.006121024929307713,-0.0010420444647062975
0.08770065472801819,0.0009803395605570678,0.07469358983762518,-0.013295087253035796,0.0013338869609911812,-0.0006854363816782838,-0.003468340256540964,0.0007010717658274214
-0.06970052733682702,0.008027420727864961,-0.02535588533899905,-0.01256661969674729,0.0016320796420930678,-0.0019088384205204144,0.029620403216485652,-0.001935042727711676
0.11524698760436154,0.007346754368398878,-0.1307672847353041,-0.01679229408205322,0.0018058840685048671,-0.0010285658129057015,0.01315626595774858,0.003853260611831201
0.12006047073068775,0.008634214199897731,-0.11674753327668629,0.008432138958965388,0.0011132816570715597,0.0009194631072138998,0.0038500176073408736,0.0026938991112988005
0.13032805528329638,0.008903470482044889,-0.11495155389693563,0.017145247889103127,-0.0011368064671257883,-0.001562498652986671,-0.02363688037219448,-0.00120521277547816
0.022818968915912893,-0.007027546199175938,0.0722687221896171,-0.00015395730735726088,0.00035879299829447847,-0.002151487823401483,0.024469381566309557,0.0024316125043801332
0.022356008665160212,0.004900425848765414,-0.026653690159564734,-0.008291527803814557,-0.0006665004996325372,0.002483343754930569,-0.023551531949949592,0.0021531235724193613
-0.19614669535860307,0.006412423753956272,0.07035590194905189,-0.013484351294286986,0.0009119866318106552,0.001161649432212097,0.006530707914044169,0.00035111379454970393
0.0033006679948743923,0.006119422133757089,0.07082350962126845,-0.004177421270071187,4.46326974678779e-05,0.002667587229144332,0.012260986201660702,-0.0003506152866809796
-0.09713724498370079,0.010951649951572206,0.09144233194574926,-0.0017782092193597313,0.0,-0.004062332664334004,0.012106245515834786,-0.00047373871141336704
0.030567143782293506,-0.004390482094928034,0.04576463157968373,0.005436052046001298,-0.0006254466517819496,-0.005283089590724531,0.0237296593320614,0.0010211187616833795
0.06133573494680508,0.00644694168295452,0.08498924496379551,0.0023334185962571212,0.0012511827191488605,-0.0012629467758195588,-0.0005737354195691491,-0.0011103915663818196
-0.11693707844237854,-0.008831086874890376,0.043586712092209184,-0.01582544332310462,0.00031338283558160485,-0.0018813137967367904,0.03968859848291177,0.0006529545153302509
0.05800237527833198,-0.014182065813365438,-0.13001629591216804,-0.01245298712160655,-0.002076712738320283,0.0020946556001934557,-0.005808478566646663,0.000823336474427977
-0.13802538107347345,-0.005717179913622812,0.014201825801055194,-0.01268854418866012,0.00012132187870883548,0.0017298360863525829,0.039167801272042335,-0.0008193986340829845
0.06986917052529429,-0.015041647461773937,0.0005633381066589889,0.01661649394341845,-0.0008151542085882563,0.002017082059276897,0.012739239336811673,0.003872907427030466
0.0970280144549691,7.81745734767525e-05,0.06711196686578338,0.001974323199760236,-0.0012154425624832038,0.00014472697817019656,-0.022113468768720914,0.0004706916498703863
-0.11252461864782919,0.01426564764747969,-0.09089773689551556,-0.008230013254761756,0.0001879141209356061,-0.0007333350620343846,0.026507349182540028,0.0019912383984935795
-0.11673128328541284,0.008772311534185668,0.061193599356614004,0.004320091462212398,-7.224472171512078e-05,0.00043694943830140684,0.01975348252592096,-0.000626417818402644
0.09083348595459259,-0.020064916436614233,-0.08250220977039302,0.01873668788448056,-0.003352018943768925,-0.004634425191441793,-0.03245943800775104,-0.0030847559992891946
0.08191163233743662,-0.01615182190786748,-0.05704662066245593,0.00490004039907076,0.00032160419226539075,-0.000739220828302637,-0.03021719115991198,0.0004931044243899411
-0.19088247410114453,0.008766603842066654,-0.06789410042529798,-0.005224876641701852,0.00016148063780041522,0.0005876107973194753,0.04313965644156205,-0.001269308821303827
0.08717831783550113,0.007456472851199478,0.07475647522910145,0.007551868195679835,0.0016657942976591193,0.0011055636466283545,0.02266535352905567,-0.0004134356789734228
-0.2339032364399306,0.012562349414147059,-0.1660076457856986,0.000689645278830778,6.776058747293146e-05,-0.0003829755290583607,0.04813120384982728,-0.002062285878752526
-0.23040043823602152,0.0019383995401481228,0.11595386902507701,-0.01436429889210401,0.0,0.0007732610447222967,-0.010500128181145414,0.00024643957866421484
-0.23588828542472107,0.0028821335452467378,0.060298259341280094,0.0005387794678792795,0.0003092337027881503,0.0007938299452675921,0.018469475895261066,0.00023943747953267258
0.04979294755959132,-0.0014896241317853506,-0.09667489002106412,0.006361064446305701,-0.0018558599678467644,0.0021287330632901278,0.048847023012036896,-0.0011569399338102956
0.05332857461266203,0.00213227714360151,-0.04215811505776546,-0.003568136673088069,-0.0016288589734718278,0.0034292958410087125,-0.04863689404893676,0.003534304225286515
-0.17204917870682124,0.010704231531720466,0.014582970616195364,0.00457871008526614,-0.0005381604567835178,4.363279235580775e-05,0.0013914290468101571,-0.00040685532355422125
0.12413683072461423,0.009098278335394625,-0.03209572698099448,0.00987490050657941,-0.0004941168997699419,0.00038454529105686294,0.015588198517707886,-0.0005350042216000182
-0.06858615855628485,0.005905273649208077,0.07822098107246195,-0.009511066139644675,0.00014919827940635278,-0.0007609253474103972,0.0009257980001306997,0.0013458500901493188
0.12608762941205576,0.003938137345721641,-0.13847640265393643,-0.014614917688690358,0.0,-0.0013341421278212084,-0.050857612923476285,-0.004280757495830444
0.09465475319639458,-0.004689844945818601,0.07133516071267543,-0.011687128963407336,-0.0004527004203524476,-0.0024727187907254765,0.012342591473851163,-0.00048566982799570085
0.043593617533283426,-0.016030117428803146,0.028096649566025114,-0.0008123774503194466,0.0012686635284442696,0.002675734650496578,-0.030433281338438343,0.0001806998079301736
-0.13980264843604676,0.008163165397686935,-0.03201571831756243,-0.0031926703545771774,0.00028457560083342643,0.00011223198108853416,-0.007670481390751653,0.0012961102231340157
-0.0724920650321699,-0.005001009862493851,0.06339838751991146,0.011792707708930743,0.001201314478693434,0.0019930937859145006,-0.041646746885000994,-0.002306886235048438
0.11328010715363732,-0.008107366868040013,0.052353766473659684,0.003893122085027814,0.0013928764351679066,-0.001367582445034025,-0.009347911631066635,0.0006955962361778478
-0.004528616456173847,0.0017088375863465043,-0.12358063321458097,0.0027178362064695636,0.0010566767046817744,-0.0022260648164162716,0.023641318496098518,-0.0005638443725253239
-0.11163177531051227,-0.0022242123267578384,-0.0895741490614499,0.0006477085381722946,6.212626707641222e-05,-0.001195181705476473,0.0312716144944049,-0.0009399083618182262
-0.15510524795141092,0.0029085036272466273,-0.061361718753691986,-0.01274649583354206,-0.00016171260450514868,0.0010703425352285552,0.026406558334514718,0.0019197059425455686
-0.024565961301771175,0.009600969909968978,0.058383393025441245,0.006390588538496932,0.0002328615146373676,-0.00035111532805752466,0.022792892990713288,-0.0015636214094935218
-0.009689049662321191,0.004006998272718418,-0.04355007879381936,0.013638657618573928,-0.0020816436341558465,-0.0013668534922987516,-0.011020052547193435,-0.0027409809738124457
0.0628766320197241,-0.015293781055443531,-0.10579100489103077,0.008201033173230475,0.0009541916909144299,0.0011830308297729017,-0.0471156758140629,-0.002861161928507868
-0.05926240604831735,0.014624788128101768,-0.02246048946942479,-0.005888512313420098,-3.7693585623579245e-05,0.00037783860386874214,0.04355264914903648,-0.000748506098458618
0.05333154775366932,-0.013624849931838854,0.024784024634933854,-0.008274081794351412,-0.0014557180914458213,0.0015712218837342028,-0.04055071223533757,0.0041299888894658805
-0.07840877437971462,0.006398408903921377,0.061955694145590226,0.00825828728799221,-0.00024604180040789167,-0.001394794239764306,0.032433642293994265,-0.001955124272994498
0.014132061447482035,-0.011410335793901235,0.05707046027584232,-0.004065018060107763,0.0008690910222451317,0.005125793738005991,0.0025241491422553016,-0.0022855653822684767
0.11356034725772203,-0.014751445252303472,-0.008502142712526015,-0.018490637890246547,0.0004611629267539802,-0.002248879914104846,0.03848843184218959,-0.003511784620074043
-0.11794688614275892,-0.012352837955656214,-0.07764885883058256,0.011587717347426035,0.00011599959530034232,-0.0005919718704160355,0.04905857867021568,0.0013467566251158557
0.09742793987740242,0.00781761550639839,0.07287170167199601,0.01495137038259459,0.0008640342252468892,0.0007361943454588018,0.01902857845542929,-0.0002879804413311593
-0.22688420482100136,-0.0052597401461231125,0.08611201468256754,0.007951749048003373,-0.0008439371057491312,-0.0014013335032391637,0.03475131671037747,0.00035221236917086507
0.13290075037682597,0.00019343318318010977,-0.11138575430206826,-0.018914954389881913,0.0009221812003272512,-0.0017873396352093428,-0.034496071515418475,0.0011865161257233292
0.09513444493121005,-0.008566077332840651,0.04321505862415069,0.015348472248928236,-0.0013181231052554257,-0.0029411272470877166,0.04010486046227289,0.0005398015630695141
0.004369844782700008,-0.0035088156443257184,-0.12506761323744878,0.016198695051145903,-0.0006073049584413687,0.0015705497270185633,-0.01426912284758953,-0.0004454514630861106
-0.2860884062572495,0.01029365591363715,-0.11961391711433735,-0.01221628331350616,0.0,-0.0010245041428548335,-0.003989273648612136,0.0017993142388857408
-0.046108066882798074,0.002895233307310471,0.002328122498770896,-0.019368950446680615,-0.0007125369954199294,-0.0006081484778126985,0.04020873448526004,-0.0011430066255070507
-0.0031336122963466695,-0.00962192499870618,0.0007174267819863248,0.0070173593792914575,0.00037182475625958944,-0.0020650341096950823,0.03375820064350247,0.0007326209305065383
0.05949113381648195,-0.0030843488690845263,0.03520634129429753,0.000185816416603507,-0.0009286150659880499,-0.0026289632625011495,0.006537399425792735,0.00203089061038255
0.0645279697857241,-0.0016238699560264783,0.08315876125755785,0.0056164744829691905,-0.0005498114370015852,-6.955827997115471e-05,0.0027400985726334,0.0005621882232656981
0.07042473952218853,0.0021873316218793794,-0.12795795185811706,0.003894783125038872,0.0011173929245314271,0.0011283760554536028,0.03893835620927151,0.002161222283220605
0.10818062223489659,0.00512327988575052,0.026244623321058574,0.006002086626540759,-0.0012924656592182187,0.00032240073918163764,-0.0003177908074723512,0.00018767439869370707
-0.11665258759345916,-0.00023376592124483783,0.1200600172620656,-0.016932830287494958,-0.00028369318604154,7.78148939302517e-05,-0.03372997526899497,0.0016949383173543602
-0.025412549121928422,0.013474831615468781,-0.0976923976213388,-0.008855626946734014,0.000627344257199125,-0.0025144604416652166,0.048049172610484726,-0.0031245195327482276
0.11176244552179272,0.013337963214981404,-0.05789767274447438,0.01866827579837113,0.00027005412103425774,0.0003608044244017658,0.0032897169352420954,0.0019411903167279743
-0.14497297872093926,-0.0028414620633732597,0.12928286884939832,-0.013555759001111303,7.198644590906966e-05,-0.0034907102403271524,-0.024783655762142146,0.0017647244658760915
-0.24021788196113666,0.0021165966920186612,0.09797287967850536,-0.01548464510151637,-0.0009763414611575927,-0.0018754657250769507,0.027469694634109924,0.0006255450623766923
-0.2092295639763218,0.00487467277252153,-0.0023674328817144827,0.015035173027573873,-0.00015380492630553966,0.00015930917715585778,0.0356245385180633,-0.0003511273184370479
0.024174303545358582,0.008785539047072207,-0.0827748300082494,0.01691175622659016,-0.0013942523333280998,-0.002377966979753459,-0.05394229227687757,-0.001480007785076809
0.1358461171921888,-0.0045500906182949575,-0.0861119402888828,-0.010522760500935409,0.0009592010980004697,0.00016163131554092214,-0.028354927220066994,0.0022187116220673377
-0.01716399832894048,0.015919869443143227,-0.1549035549426253,-0.0076701265018676345,0.0012475950277565373,0.0019172003512312942,0.006806547745339971,-0.0014591352711596343
0.09007130908054795,0.012405628196633297,-0.1282209954382016,0.0021390842720458393,0.0005889041637332504,0.002375846633411302,-0.047876959857212874,0.0038982552011006394
0.10834525307097777,-0.0027474915853336686,0.017501367238568377,0.010958871477196451,0.000427795719377372,0.00018673660711954199,0.01534946131898619,0.0008999590285856942
-0.06642402276706319,-0.006055487848993201,0.09880418012942498,-0.008252060648122065,-7.963483780811659e-05,0.0016110990985576839,0.03349850736634179,-0.0016668030477860164
-0.13696931361255413,-0.00331110879265267,0.03618170449861431,-0.018546633246046017,0.00016433500220892905,0.0005307538242935758,0.008453663298165404,0.0011991533493920052
-0.044843026693344085,0.014029566608143171,-0.11147600941684611,0.0011214556220349409,-0.001010989774215971,0.0007309813417523728,-0.04039549165871173,-0.00020562466527285217
-0.021998349535433472,-0.016126195790705008,-0.1484144290608991,0.006185614186851881,0.0011146154244497386,-0.002752924377660494,-0.0259561736847954,-0.002661965749508419
0.06737482606541179,-0.018909672699051937,-0.09429406807938615,-0.008487735530224862,0.00019117868292080342,-0.002814661598637422,-0.009297803107370172,0.001655819146687162
-0.11566542980755994,-0.004333200509628785,0.04341746417594523,-0.010397081311578963,4.7651967574960374e-05,-0.0007832093853018247,0.019222886875867658,0.001877321652930975
0.10126405422285839,0.00483229674973267,0.06907172694955316,-0.002776987844967433,-0.0012724910048700555,0.0006602274455717014,0.03312987398559312,0.00019665192822060362
-0.16636592904911354,-0.0008723889887587653,-0.044414012156160136,-0.008625273026967811,0.0002780124737401801,0.0009174664646929287,-0.005427341309689576,-0.0021944155808758807
-0.01067765843422055,-0.009479109414022194,0.06483328102255896,0.004881466525968513,8.546453599771187e-05,0.004496144342070688,0.0223368741760284,0.0005001824182388339
0.020255271631263144,-0.018668447580278226,-0.06564519127980259,0.015551762082373808,-0.00036881233183050366,-0.004065065355508616,-0.0033952349458084346,0.0026859287285173183
0.00239381797447658,0.002758332103679364,-0.018293967995185206,0.006477734582784158,-0.0024664271373869666,0.0008663366398065607,-0.05096636048819974,0.0004552560387698634
0.07391442779379435,-0.0020542487098468196,0.0402717512997438,0.008537806024318095,-0.000792811581493039,7.213348652673757e-05,0.010517774641057529,0.0004722220830524493
0.02747765018955462,-0.0041955410012640875,-0.10868268885022184,0.009805637936385607,-0.00034565298042867065,0.0011045077515526973,0.023091288206291274,-0.002933355705224821
0.10396629518186208,0.015665168406958335,-0.11393995269454954,0.008087820335517143,0.0008417999665110559,0.0015128514292119702,-0.0335309977490651,0.0009715688043726407
0.11410713258733408,0.007927247556348181,0.012540427625887527,0.008680382407009222,0.001603570431757595,0.00018950628517228312,0.027012180404566908,-0.00024692676753448883
0.015623959719676648,0.002199842389299306,-0.028628896730401518,0.01684591983384899,0.001254770593418761,-0.0007636952277418757,0.036835557948914896,-0.0023421872035697387
-0.033709372087282266,0.006112679269973056,0.04695063064840947,0.017902971660099236,-0.0008239062514494777,0.00036070672356265654,-0.01307998149477246,-0.002098210895313776
0.12435637995532435,-0.0050857278527005395,-0.09187783092583113,0.012860901598152749,-0.0021730763094469016,0.0008102168730814083,-0.022275973686272706,0.0026015046898362777
0.07056858151932444,0.0020872951252493502,0.06249774169035304,0.0009711858554148612,0.0010046488136981075,-0.00142101171240544,0.03306228816095195,0.0007258396474786259
-0.1403703541538272,0.006292105504196299,0.08865899518006425,-0.014003687132965858,0.0002789118944295464,0.0010942044485094267,-0.031785547619439775,0.00011957812798066292
0.0813182930314399,-0.006156789419455128,-0.12815692954385435,0.0025346721435355484,0.0017837264873666412,0.0026569202640379795,0.04853794434480612,0.00043836111717063687
-0.10694924536562872,-0.011997968156829533,0.1090185592057875,-0.016604388287468956,-0.0006953663976055947,-0.001203670156528258,-0.028566204684929222,0.00098300967427941
-0.2643673441240309,0.007010279028554414,-0.044229680560685186,-0.016169727952232996,-0.0006349861046083282,-0.0014454065505575318,-0.034701782418034385,0.0005920203041783756
-0.04319608979264161,0.011130731244467345,0.07756685224284074,-0.001100900187378498,0.0001864478690965371,-0.0027965959561331824,0.004576794084697176,0.0008188655824413476
0.06966288491334646,-0.008948140385262909,-0.0858542906899458,0.0018803313224600678,-0.0005326834198060184,-0.0004057292712747254,0.0376794048819248,0.0016009354791823537
-0.03888952000069118,-0.009676187104069516,0.09275170173873988,0.010698983095468297,0.00028277045117562627,0.001803075220435028,0.006586392761369624,0.0006529623163822878
0.0812247776517311,-0.008492690656179814,0.05473212730618662,-0.012458376799266788,0.00041188690538325473,-0.001060607344516171,0.036113463327142485,-0.00031385774083719786
-0.004536214513055549,-0.012382563352307465,0.035918501831145505,0.016613255967559908,0.0003401061407265482,0.0022678598492723557,0.035578501988575505,0.001726310984000786
-0.06187699673942177,-0.003461555510614946,-0.1336770561516968,0.002140399622168446,-0.0011240882844844582,0.0013049470365284477,0.04786341848662452,-0.0015561598486605326
0.07158255783815855,-0.0016089767793691827,0.07568365930739258,0.01426950486218485,0.00010392723055394071,-0.001677991773846694,-0.00036447981897737346,0.00022514608575323038
-0.1637759123687167,-0.0080658065075736,0.09777043973606643,0.015787175601585244,0.0005372061481740912,-0.001121371920191183,0.016636364387412707,-8.085435467943686e-05
0.09393746937219025,0.012516386210205848,-0.04626013929371211,0.007588081503038047,0.00011577539553126251,-0.0032064644593264645,-0.045213284495927736,0.0012550560326307315
-0.02236190134030551,0.0005295371384811882,0.04990264442358246,0.0005871827869981376,-0.0018244335242842914,0.0015585554223679562,-0.02443097700337769,-0.0025055277437007685
-0.01063289952344169,-0.008858818407488001,0.05896842182441372,0.012041427509497226,-0.0008363643076385735,-0.004119824293578955,0.03069695970829718,0.0017155511004682406
0.13228403006865525,0.015169213625991586,-0.10796614354949435,0.0009349628671727755,-0.0017184305034792454,-0.0018195818706905266,-0.016294833597320577,0.0009752591281978819
-0.13832405001945897,0.006798718995110368,0.11564522361085272,0.004527250967468568,0.0005068929116430148,0.002173504657398809,0.02275557329982476,0.00039366123831196913
-0.048487176073750624,-0.010589332959122939,0.07845655937037026,0.014667951775590849,0.00047073296455845266,0.002193794389468697,-0.0005316819875087946,-0.0002373259385128612
-0.21186857785954005,-0.008248665058813665,0.09219618275655503,0.003443287733560857,-0.0006891197026479565,0.00013675200836144041,0.028181783332067507,0.0003262052287814144
0.04546197301731178,0.013391151367469434,-0.15110678227209381,0.012477051194865007,0.0010467291801019047,-0.00128404019549424,-0.007696885852841971,-0.0006436207345138778
-0.13069170882555062,0.010259826342753412,-0.019734280896985593,0.018399160468947247,0.000250993747322098,0.0012574105618283489,0.03558832788585144,-0.00046928233041920275
0.10942136904187923,-0.00490526288361229,0.028371317669169744,0.010625983211226209,-7.253291702419284e-05,0.0004491477308133347,0.03775518931295472,-0.0003381696252776725
0.013385816868452369,0.004031769334695902,0.05190825084134455,-0.0007765543757814704,0.0004107245653915681,-0.0009611180775482875,-0.028250578884328463,0.0021620918157857134
0.13416370660802712,-0.015554042214913268,-0.12342634206483552,-0.01860500182417765,-0.0002854880275583345,0.0024327661392771435,0.028668203140526503,-0.001681622788905412
-0.10420118244901663,0.0039002146428139583,0.08224270795265015,-0.016142939942880744,7.223859465480334e-05,-0.004296830655975286,0.0331516082830301,0.0015374174262985435
-0.16562458949107503,-0.005288827215624131,-0.10860110678250992,-0.004820612899167446,-0.0008414229601616808,-0.0014368778476582357,0.024450975431513415,0.001920519753233929
-0.07781770500675818,-0.009848088487921984,-0.01933154201772856,-0.008296120128621477,-0.0015919433231300632,0.0022188049254400766,-0.043030454690768195,0.0036321309334407907
-0.005836268655777102,0.0035755061195505175,-0.12790679599532287,0.004778936855442385,0.0019634725811097375,-0.003575601350960301,-0.017225128781640838,-0.0022107340835860545
0.12756299011838224,0.014091217891940403,-0.07393894307901375,-0.005703915145241494,-0.00012715616567059163,0.000545039914808605,0.05145346996468064,-0.0023559433040940513
-0.012164330975631214,0.0015102617523562096,0.007393086101429975,0.0025015526721015036,-0.0007324316883081175,0.0016058839899733023,-0.041381086440727834,0.00203670170393093
0.12908248472906403,0.0010280833143985063,-0.14197514146079107,-0.005329103552058894,0.00120011890994432,-0.002718488899628312,-0.05509830213669634,-0.002101126035062312
0.09078741830746453,0.005148935262618468,-0.10986480506101824,-0.01990328247230886,-0.0006114624364504641,0.0006887191460050873,-0.05522727568393351,-0.003744291144249819
-0.1870451091297758,-0.0055576274981295,0.03561440266307312,0.0013858393228806153,0.00022726133045230867,0.0007854690415282441,0.01710816567346232,-0.00011384580709913883
0.05208001086944649,-0.011619427857183518,0.09506662947677742,-0.017165083854461527,-0.0007760923521089036,-0.0009312227102820398,-0.04181588564447754,0.0022820658873768133
-0.18944015313622178,0.0016767494934435108,0.07549030098392837,-0.01840100049023455,-0.0005013984514873129,-0.0001920815249254319,-0.020411484906633578,-2.6605260694256838e-05
0.0753843031528649,0.010377743311808095,-0.019940234315550413,-0.0054442644741906215,0.0011655078079659941,-0.004063349541081302,0.02720447133382107,-0.0006573254096835651
-0.009475508753316916,-0.0029783805140210103,0.08919228028630179,0.009265010259701272,0.00016625770110534344,0.0014134479238768422,0.015470092309815485,-0.00053496943470046
0.08781596741035527,-0.0006278411721776825,0.029117035234743807,-0.014559744873477711,-0.0004414987661966793,4.581799145000898e-05,-0.030821243084337466,0.0019387920501798628
-0.00731985792547558,-0.013127841326071955,0.020240726367430587,0.006764687445414246,0.001242558457300383,0.0012262888336353542,-0.020432376471774406,-0.0020277630564464765
0.0986935354401272,0.004437819068551851,0.0402048626557696,0.007136528012184648,-0.0005049445793705587,0.000751357194109302,-0.01741576674069799,0.0
0.09297901632436759,-0.009294598762420293,0.039216116303902045,0.003590427974870214,0.0008843732766813034,5.407916357527687e-05,-0.02984632816608646,-0.0032346183423644028
-0.15413567842776815,0.008388263089677902,0.06452455294165503,0.007570076875292075,-0.001179426768670579,-0.00010698973962508518,0.023075611595765745,-0.00015060324558669944
0.10949977404326382,-0.0064359717480195365,0.025174693262655767,0.013810353501265814,0.0,0.0005721980682802151,0.0032219302169256307,-0.0005257597127115154
0.04216607854673123,0.009963117267487557,0.06564208809190253,-0.016224813292318674,0.0011110840450490429,-0.0007540691574256439,0.02889986444890618,-0.00015417798567923802
-0.15164556980360652,-0.0009510065906148155,-0.10375816340737856,-0.008168421724235288,-0.00032149303674780896,0.0011714994065546015,0.04149748171420817,-0.000149734846136923
-0.25749699044498436,0.004527824507543539,0.016124730646199924,-0.014065684624103899,0.00016390602191493876,-8.025068810657565e-05,-0.05321463722693578,-0.001242096005928408
-0.02818066084737155,-0.0011620347819149468,-0.14463499064112728,0.007981504475547999,-0.0011911351973680469,-0.0005162771880610206,0.014767952708895046,0.0026101863834294766
0.1232203111565849,-0.003964385059205058,-0.13163450505025148,0.01552071233073975,0.0,0.0017487011089694104,0.007314231731558314,-0.00037239550679095575
0.07412113336887896,-0.015965870656994605,-0.0968727438148627,-0.004730923094864545,0.002314998004769425,0.0029509626632200784,-0.0004949134046481132,-0.0019180713357268315
0.049083783771401046,0.009630090167531908,0.016030043486582525,0.0037582352470841144,-0.0008896293024936164,-0.0025664819354001946,0.03940975316478028,-0.003099049718988772
0.06956838085914432,0.00819901275599534,0.040909970303911906,-0.010526826352215902,0.0010407970713150504,0.0019332820182708713,0.004268619948754545,0.0004213766519903239
0.08309122524350847,0.005948823369986654,-0.11306364348017699,-0.006986229518581366,0.002364618796140687,-0.003590850260324649,-0.012202207768501352,-0.00224037917682874
-0.12653937046283018,-0.00021013023447957746,0.039866851203531256,-0.011424404532783426,-0.0002468810965025568,0.0008437145455430485,0.028386821183910775,-0.0005320099180707913
-0.038119348557599936,0.004492186154418065,-0.08107250653944113,0.010638199382597293,-0.0024534190349203918,-0.00012010000769423212,0.003030102449378445,-0.0024916237816028555
0.0578532763610466,0.0010758486757333177,0.07676259149622337,0.0,-0.0014177211434759696,0.0004087037702977686,-0.013676722675674637,0.0001514144243047605
0.04795472260117919,0.007138961134856369,0.07231713040695699,-0.002675883622638529,-0.002088933460893546,0.001049780182143564,0.024803416350395107,0.0001012337589486878
-0.06857115000722233,0.01128630922502328,0.01478472637976316,0.01694276995559044,-0.00036856808170008165,-0.00181964021450046,-0.04920119112420771,0.000288706172311734
0.08401955577463432,-0.005210071705591566,0.02631921801782764,0.006642245044960069,0.0,0.0008344256079965556,-0.02800010709736214,0.0026125714913299526
0.11571648680843247,0.01632396352054253,-0.11115948603793671,-0.00864546106135795,-0.00019618557267276314,0.0023857880168404754,-0.019760895328800956,-0.0027483610378795055
0.020024207718614108,-0.01155982361115781,0.0769594620095877,-0.015285113032408837,-0.00024494701186592027,-0.006478535273884449,-0.032505469151667965,0.002161579318862163
-0.21253702145165337,-0.009572402094783133,0.11098965839948242,0.01664382392585096,0.0003493116990301885,-0.0014248649511908046,0.03151068004248893,0.00017051054250506736
0.08558304094198615,-0.00997363217512048,-0.12674671006252025,-0.010640221002870801,-0.0019248191222963585,0.0002893529062066996,-0.007395510163239788,0.0016430623895866202
-0.09298483255522667,0.004706091912877585,-0.14932699696935756,-0.00845375657936516,0.00010722655622952271,0.00018781440922556821,0.0003791487359175801,0.0020457750036847982
0.11291954440392472,0.015182892882214517,-0.08998088843310556,0.01324174442168053,0.001571667782636349,-0.0005785025268504572,-0.022578275788011092,-0.003642694919068555
0.12078220654447536,0.010860442023847483,-0.03330731397968284,-0.009259251030831129,-0.0005861583186228713,0.00033453052985141923,-0.03802103696795525,0.0014629937738469725
0.10736268362886166,0.0036300561742922885,0.02563646285416331,0.013234760955663658,0.0011862940375131437,0.0006253491028150765,0.0008967770729729149,-0.0007075436303417004
0.050025242775783234,-0.004321973597607919,0.09426968659576222,-0.007826210462032452,0.00027312063391748964,-0.0026257063847261327,-0.017644951878807977,0.0018595510299388958
-0.0027969700348980837,0.0062777429402459265,-0.08852022099988797,-0.007579735680188224,0.0018857382849008972,0.0004373074835754068,0.04308091396819207,-0.0024313861785870815
-0.08176128351427532,0.0010515376351887297,0.10099183774905807,0.0018117962778256781,0.0,0.0015921759574663778,-0.01709044581017568,-0.0014419546736983827
0.10100328650116251,-0.0024184165187611144,0.057912271190769776,-0.012432419297329895,0.0007540055006589464,-0.0007114034891725352,-0.013227746363773482,0.0009724358030614999
0.09985310764048853,-0.0029003913648112576,0.055494581109436364,-0.018371549498771414,0.0005091415587658852,-0.0008237300678906995,0.010612333918437985,0.00023162142894686544
-0.013611086851921445,-0.0013601990651237624,0.05082498895506415,0.0003882614198488163,0.00041807141424011156,-0.004241317503349773,0.027558018712684186,-0.0009283276755979591
0.05732616503941386,-0.002770062625051611,0.06709617816589003,-0.016539576153417758,-0.00033387128405104605,0.001421405221563503,0.001998296043821081,0.0013278012326815136
-0.21214368433001432,-0.0035323919920628713,0.03244355936326965,0.007203877523522152,3.638458467278283e-05,-0.0023511625678859054,0.025099791900426487,0.0002594305493739311
0.07943641764925002,0.005131544856271841,0.042944008725316965,-0.018388296393197397,-0.0005626081015526752,-0.0029953043108534466,0.021148107701085748,-0.0007381537989815731
-0.22041358686781626,0.005656046074520104,0.07343620572870113,-0.02096222972739362,-0.0009827401718771223,0.000696852914265454,-0.023011320027091563,0.00017523811107381104
0.04516983842798585,0.005584875637049346,0.06733426614548121,0.002379501681210293,-0.0002863477632367717,-0.0008118172695226024,-0.008509715669178502,0.0008643998640704633
-0.2084937748026152,-0.013592362195995676,-0.012190625090029808,-0.012553794353747956,0.00019153538535465753,0.00019657333846823336,-0.03996566956275418,0.001717944730146432
-0.046815426881907894,0.016946968534741487,-0.06735086668506456,-0.002766332022850354,-0.0019288979547842642,-0.003024083036712662,0.03425319156839229,0.0009891129929101294
-0.08206878195149184,-0.0158201070882653,0.006056487792474104,0.012992507561580982,-0.002085092944963213,9.862563631350685e-05,0.0077784940365197685,0.0007416438261533257
-0.2219090404983191,-0.013404397546042368,-0.06725973350861147,-0.010408200754444796,0.0005975011623949311,-0.0007261283798167796,-0.011973907869611338,-0.00022287229142975112
-0.04653224350563282,-0.0050574800232651585,0.024772423089412673,-0.0021082980742315174,0.0006314752411956462,0.001806712336234365,-0.01150893568590522,0.0010961852527087731
0.035926256959404115,-0.006388691503396217,0.07691560858178002,0.004900485352818288,0.00042012136257429944,-0.003813907865963455,-0.03327018178806123,0.0021290842305349074
0.09183960731087423,-0.007398923624167107,0.06590904408832467,-0.021106229876330655,-0.0006126207484949964,-0.0016428555535282635,-0.04338533203128629,-0.0011987535383981272
-0.12492382637233138,-0.007026034586051303,0.1149694456455386,-0.011373549622077608,0.0,0.0028081973502061598,0.03296807105928226,0.0007090026385349127
-0.22931021304844754,0.0011422848362280884,0.04888490290356414,0.01332292184404803,0.0002250854611154644,7.852996355342534e-05,-0.016641012163192914,-0.0011662818825154539
0.10292538005061222,0.0022979796816580945,-0.12149925615143903,0.005834304051630589,-0.001339301285159408,0.0030440513142054645,-0.023314818896503702,-9.760762500369419e-05
0.11769313072288001,0.0033388444346429025,-0.02683157950606901,0.003176965227223267,0.0004812727316652429,6.932934927523365e-05,-0.0395116422079919,0.0006826832720066966
0.07483307366685588,0.005070389771957508,0.0777395729355905,-0.010858556104357625,-8.450563227183072e-05,-0.0010118418805863266,-0.03521704012659617,-0.0001831261688541577
-0.06706593140760828,-0.001922294411380788,0.034961912119582064,0.004855541816243911,0.0005178037713133355,0.0015880800310017877,0.0009290727168230701,-0.0001555531867344119
0.09478561372130179,0.007892616744280266,0.031237664116970945,0.009051612337436945,0.00023765616267566736,-0.0006020304697492233,-0.04200312453601656,-0.0006516659900896572
-0.02454806749018352,-0.005507682747911203,0.04529332666608263,-0.015950508927000288,-0.0007670529978256908,0.003155863462535217,0.00980050901627677,0.0013616684028648156
-0.02510110723335805,0.0019318018348823487,0.07066812466565525,-0.018673811458703053,0.000139357135771144,0.0021862440428698556,0.0016282736618306829,-0.00046655304425884646
-0.014192670747831817,0.0018069726604614434,0.03615639902742181,-0.012552577607187844,0.0004719893813470207,-0.002725035457524882,-0.018534058560862376,-0.001036323631066605
-0.19106544270437964,-0.0011187056182928093,0.06577548673411336,0.014176814837770913,0.0002726554045781644,-0.0009047992514691132,-0.014946385542249334,-9.950071101658131e-05
0.002053794896410963,0.006932696463730359,0.0729931953821531,0.0019171431930359783,-0.00045225104707573294,-0.0010544207506576195,0.008429157939252625,0.0008882647164975193
-0.0485409422093634,-0.009133298685941925,0.08503756499913841,-0.00039505330393172606,9.279568342596134e-05,0.0038850706159785087,0.023846059242802354,0.00046101046188840874
0.11680668805528094,0.007861699923011283,-0.03355274594912236,0.0025026785277788713,0.00018685099277440664,0.0005244856388384533,-0.05188332612295964,-0.0023179946053383544
0.1045643876467225,-0.006603528105574968,0.03451048883720781,-0.0028607923490146345,0.0011147535178827736,0.0005293850722127862,0.03195312685839065,-6.276144543462814e-05
-0.013551911032139348,0.008286890247353957,-0.1483110880009499,-0.0024756858748849085,-0.0014875265189310794,-0.000913101753972162,-0.046584058651155655,-0.0024787050331560394
0.04440270866465746,0.017567107881486282,-0.1490683334208412,-0.01090291862801353,-0.0011965658861455841,0.0021289351442333225,0.006419515794632436,-0.00210750841306948
-0.183859425059438,0.004245623984323483,0.12750997470682465,0.0005135520875081819,-0.0008025960849900017,0.0001339094576373323,-0.026703208913693495,0.00037967224192784576
0.08114884167133014,-0.003724379840871289,0.020914058311472517,0.019133986302702646,0.00030610326700925006,0.0023105433627427776,0.025768644322876202,0.00038764340645078396
-0.16420057365849636,0.0046123372094442824,-0.1796855544744528,0.0026948007848317376,-0.00011907085428675135,-0.0006304331719882728,-0.012906340520974448,0.0009779509121380704
-0.08905941263325727,0.010583129531686724,-0.04499000143307879,0.015953486200372655,-0.0002076703811811076,-0.0015249735897376361,-0.021689242036712186,0.0010773531907725272
0.09011065096817102,0.0029694357847737784,0.06872805324384312,-0.01985504194798625,-0.0012875873609490994,0.00038660915090484027,-0.02348964592178107,0.0003927145386428161
0.10982976085817164,0.011764252725842781,-0.06426240545310098,0.017513469951661295,0.0007062929657965678,-0.0004927663200662152,0.028186289994338778,0.0012755467215850344
0.07249638489683667,0.007647700138719929,0.08822398861730493,-0.021662148487417043,0.0007747226180241651,-0.0015410990665303775,-0.04265272380269929,-0.0011687958895039755
-0.1966834740132523,-7.45650156901978e-05,-0.1708948330345706,-0.01729452804377659,0.0,0.00014620396564109096,0.014375019827669915,0.0013724562700781501
-0.07451474355494703,-0.011137828316337047,-0.09507002303731399,-0.014077363990021772,0.00032273784977338016,0.0010269374789371487,0.03865857976758112,0.0019388115142214507
0.11795459410017665,-0.003947896797707971,-0.12229419806485402,-0.005446937562267074,-0.00022985615539384413,0.0015444264149019086,-0.02192237677522458,-0.003014387436788208
-0.06652917794637443,-0.012391231443684673,0.08208227410055022,-0.011748145032170865,-0.0007996905115343133,-0.0010247901637857857,-0.006480967185248248,-0.0006583597104145578
0.12390829781953384,-0.0007368752321147941,-0.07934788368177362,-0.016746206347657673,-0.0015449323259802328,0.003013911507022566,-0.016547035978996323,-0.0010846411860113497
0.00793846868255887,0.0007589556136145889,0.07227221067212358,-0.006921386247774269,3.563792327805626e-05,-0.00509262849947251,0.03819223371043557,-0.0003848308692912463
-0.23154804587337274,0.003052360247315395,0.09452313527588177,-0.00164100315607557,-0.0002448407487762039,-0.0018293004358575676,0.0007244370700438698,0.00026957300821893725
0.029433503829826662,-0.003323105686581359,0.03895433437959413,-0.018738634945687564,0.0,0.005626824264936059,0.007839821542414124,-0.0009341305862583874
0.08369285760273863,-0.004923781348826722,0.09079208793945903,-0.006893655177902789,0.00038179006428556983,-0.00026103008538116295,-0.04007814876242393,-0.0010032351728316382
-0.0011065824821815348,0.0016395772369075447,-0.10745455362446502,-0.010442792374328092,0.0020635373990378343,0.0015012426617680267,0.04201893582661605,0.0006244741022253808
0.10037245487318697,-0.004665033495403674,0.07389473504380796,-0.0042173680978594245,0.0006398782692326188,-0.0020732571844945227,0.026769902620176915,0.0
0.1307504399579153,0.0015109088658883856,-0.05913086522164781,0.010985052157599135,-0.00042958708009205315,0.0001776369031302576,0.026656809601526932,0.001705992515767055
0.02669948181777258,-0.006334887229820004,-0.1016280688330521,-0.017465358093859122,-0.001065248076052207,-0.0025332577470308483,-0.0028916624883994903,0.0013016211428368146
0.04947283472555303,0.012896744866235953,0.02194216360806891,0.01241476161770268,0.00047015946677250823,-0.005484255454885817,-0.003515086827629003,-0.0006744095141883732
0.05367544242807703,0.005045518616673363,0.06327692964605225,0.006089150075994086,0.0,-0.0018907462427187167,0.02272934315718608,-0.0009522065925743339
-0.061931806701849,0.011098905387625858,0.056744927846157804,0.006643744390544628,-0.0005312120460361364,-0.004498907195677134,0.015397916503392318,-0.0013113026147178214
-0.0461609671021781,0.007886981140682472,-0.1375712983689239,0.01942552521618865,0.0006178759806215184,0.0010398644441424072,-0.02370379351404416,0.0011353956958217845
0.04519463244147271,0.014061819710104012,-0.06403712018319015,-0.013982911449947845,0.001990637391667171,0.0008768205497503567,-0.01730053478654879,-0.0019204138209339063
-0.04145969666298294,-0.00551705026141378,0.08905266502658755,0.0015427616439408721,0.0003105409292639347,0.0015408223493596626,-0.023889012194170132,0.0004056974691118818
0.052787419674926846,0.0069756446804024545,0.04425866473703985,-0.004031637067365664,-0.0006906665324137723,0.0,-0.026506778610059522,0.000750244410089731
-0.05650630469075907,-0.011438310490553636,-0.02213273942276684,0.006166194105796414,0.0009724078238787103,0.0006421429117495561,0.025691708126831202,-0.0028284725831587755
-0.12440869754459555,-0.0009801653511062377,-0.011838987481699696,-0.01338044086641213,0.0004910953925090777,-0.0006540546113310702,0.023065132381873975,-0.0008402324841064165
0.04344718669337665,0.009453353734184695,0.08562501600000745,0.0007041657890025044,-0.0005578672729141012,-0.001717113802440422,-0.0188910466665627,-0.00052683481409313
-0.12400984775006947,0.007161631427113259,0.10331372816553415,-0.01736414298988215,6.989776658156762e-05,-0.003201874221949932,0.033770089199145606,0.0009521167919226925
-0.1363144389453167,0.0075040272782084146,0.04760986962580954,-0.01171435130343714,0.0,0.00023803939430969145,-0.045230361783131966,0.0018045564133242513
-0.2803956716378901,0.0,-0.17584389300494868,-0.009960911211261862,-0.00016365519871175405,-0.00022991656570069583,0.044283433489309326,-0.0020795847080955425
0.10325783477430954,-0.00784144787273019,0.03924366311321632,-0.013071749505832477,-0.000591754277609011,0.0011666769794692147,0.03768987116275426,0.0001583826857376458
0.023155587445937462,0.002223140832339566,0.047572680662169985,-0.014828389853359693,0.0009545257114542821,-0.005089135604003259,0.039532630590521055,-0.0019246849530378408
-0.15749098057631553,-0.005356288330797363,0.11971274054810963,0.0058740440319388874,0.0005079349022709418,0.0021857693181690442,0.025390228893006708,-0.0008430130816584913
0.03655094314424049,-0.005945594872900764,-0.10169693786645169,-0.01403468940312758,-0.0024475002715935923,-0.0008295742377665838,0.00969816149245406,-0.0024731292864773
-0.07508560747762132,-0.00449005290327785,0.10772194748435093,0.0115758224298269,9.783714944250343e-05,0.0030647245917620938,0.009262865900919584,-0.0002101314683261249
-0.233638017543621,0.00979977302888886,-0.049378234967832696,0.005574192306137827,-0.0006330768974200651,0.0,0.03828934231105609,-0.001775941536833946
0.09551043266752167,0.00037984069854885954,0.0493715907376447,0.0036578777681021105,0.0005772403388740482,0.0009398437438268769,-0.00596329917058908,0.00032945428910494123
0.06104788772528054,-0.01294361578232147,0.012333685787285479,0.003035044029979405,0.0011561660702591042,-0.005406073212514555,0.008279604475802517,0.002495378859002983
-0.0006337869302281418,0.004887312045811465,-0.013589903463715289,-0.009971121107105659,-0.001167301849385027,0.0023252288758939714,-0.022318924545332637,0.00332552286223999
0.06836910276827872,0.007058247676322222,0.06583097796857532,-0.020314487356369582,-0.0013653653517537348,-0.0011723019689420739,-0.030131536902434513,0.0006892244443640061
0.006088149958769341,0.010165256291182877,0.03810524083386193,0.013771777853785217,-0.00040481628072808196,0.0008698465965533114,0.03340117745604099,-0.0013841782350945352
-0.12812092704912523,-0.002087777988027434,0.11011623323142869,0.010332016493908433,8.695414943072434e-05,-3.398924929391006e-05,-0.041113642788818544,-0.0006298641134665809
-0.016632738101945047,0.011685071262020466,0.0030194282978885166,0.01387121042401865,0.0005413040066322636,0.0027937055149812096,0.011660739934883367,0.002108611026381363
-0.2383746665701672,0.005400663338759259,-0.18800768956027727,-0.012983544882296734,8.95935400501914e-05,6.5057865614504e-05,-0.026580232763699873,-0.0008408113077334952
0.037870819719632895,-0.0033980957988548124,-0.028500126694424692,-0.017768677126157872,0.0026983158353731784,-0.0020594236779311994,-0.03878738579106464,6.232032576410779e-05
0.06019779265073027,-0.0058845033059257675,0.07424814543538365,0.007966177604983174,0.0,-0.0046578846538811265,0.029289801652158897,-0.0016327990034201156
-0.060889256912867604,-0.01251015310244242,0.06607933324761384,-0.018251173025050936,0.0006673485596891161,0.0014119362476865882,0.000757470057852464,-0.0006754701880145533
-0.18233920495286807,-0.005476936683716399,0.12371197484251249,0.0028232422240047008,0.00038003892602352096,0.000653059667094562,-0.007625045190399842,0.0006827388598400097
-0.07805650240589769,-0.000515396773133744,-0.0062766741342983046,0.006412664274801196,-4.118540208206123e-05,-0.00401417220390717,0.029626687429781067,0.0004429243803310673
-0.037932221950918395,-0.010032108812126852,0.041809173943832274,-0.009318198907949481,0.0005096737863085031,0.004053128509609398,0.04035915284654119,-0.0010653405829408231
-0.14309196628203877,0.008731571643607968,0.11914878116309395,-0.0015862433242255572,0.0002653469421962512,0.0011451106479875306,0.036347483680850154,-0.0010213404324682159
0.08128212402063108,-0.004538529225316079,0.07823170317802913,0.019257575812276752,-0.00042587632049123636,0.00042396643738691414,0.0013187230939651544,0.00031835309897328785
0.07081305721488995,-0.012010856787745057,-0.005607255731060517,0.003631206139643742,-0.00028767323164766156,-0.004216656390094402,0.029107164608147655,-0.0030217663922445623
0.08238176827608443,-0.008304936140336623,0.06653561225655974,-0.0006685222849962166,0.0007597729433906097,0.001817135511574661,0.0009296384167197165,-0.00023174145275201008
0.001009335154090402,-0.009799213675231016,0.03928319432007324,-0.015778452522179583,0.0011857468562908985,-0.0012506704599606804,-0.004510570456142565,0.0
-0.1528964350053747,-0.00012357252372946492,-0.11685582879178752,-0.020043942529247447,0.00025774447858642295,0.0,0.01246727286468456,0.001613162541175093
-0.20164065290871713,-0.006806735676256738,-0.015395775356492369,0.002675793818584188,-0.00024224459775856744,-0.0022357951482198197,0.03038470155125439,-0.0017100824051846256
0.10724241762144171,0.001828705598431402,-0.032148256439570685,-0.011381652150979794,-0.00034297761522149306,0.0,-0.019947310933275158,0.002408360878192243
-0.14293166637029447,0.0012140562543918856,0.04352622440929806,0.007412760721390679,0.0002224474995956967,-0.0018373189179878497,0.00898454097069235,-0.0001509464818949119
0.11991848636678624,-0.012394293637193044,-0.08786494327932207,-0.0026636952969524654,0.0,0.002198131509357118,-0.053493485925247525,0.0025064643492550527
-0.2354971070948299,0.006097344338517892,-0.04795581347421235,-0.017887355277423102,-0.0001518332396736044,0.0007400640242802342,0.028523443308993753,0.0011538740291264851
-0.09284358689626564,-0.014689648499609645,-0.03861128022472453,-0.0027966840372697856,0.0010199707184968265,-0.0021818171325088454,0.00821799676268512,0.0012038803986731076
0.08192842235521719,-0.011830546364153404,-0.016810447195882677,-0.015143617617467383,-0.0005685827640975749,0.0018209981889538796,0.035791854947052434,-0.002892338168421439
0.09358771663913765,-0.01180048060664379,-0.06186816489659333,-0.011841646276374407,0.0,0.0027411725712848,-0.010460397433184106,0.0035004611427606512
0.013913040798710788,0.006730499188864292,0.08762672657833863,0.01890808726548399,0.00010940212594308385,0.001405016224868377,-0.04064893674739322,-0.0018709665249604102
0.12807728909979657,-0.014656707305617928,-0.12064167816722748,-0.009824772983031443,0.0012901395138977118,0.002049310866888777,0.011492645363506169,-0.0034419862458016323
-0.045370507594939616,0.006747146984784999,0.07017797445353444,0.00730231778494863,-0.0006685156312892602,-0.0031564384375103545,-0.022145219089322883,0.0012988307512446834
0.00417277691725169,0.00016847352545344696,0.08583836926216512,-0.005451206231975532,0.000268502347515873,0.0015291485826083979,-0.0019181167859306627,-0.00045992238416734613
-0.12822455936494914,0.003350553371763146,0.11951852670236493,-0.010300144945895718,0.00012308450570430902,0.0009935125179829697,0.007691422768857996,0.0015568392385367496
0.08544981932897168,0.012197178427708557,-0.04981684330321633,0.0014828610513663437,-0.0020916867750348025,-0.004468184119977894,-0.009023668230816613,0.003150672830981451
0.05269714592373463,-0.0023151591393363222,0.07786736125620097,0.003277496270625598,-0.0014723110307363878,0.0009981317580520178,-0.0053781396387464556,0.0004228611219616596
0.0967870708016047,0.006069470675113894,0.063584363128208,0.0026876932542626744,0.002222360050788919,0.00020953354810204772,0.039542337217636704,0.0002874989961384561
0.12570776916051815,-0.01803798610831443,-0.06445483110556807,0.010611002679155664,-0.0016666388952779265,-0.0023335027855432766,-0.00698644920306713,0.0019819140554350467
-0.04898297965744093,-0.012691734459630432,0.058018749536190274,-0.016545568904130926,-0.00026918776441835907,0.002401009163287373,-0.0012069159263651606,0.0015940117421798638
0.03690007703572525,-0.0031396704696728126,0.0712869241552138,0.01880531098821795,-0.00016064095507624387,-0.005478586625630798,-0.01280210919043116,0.002789173783426424
0.0589320117687394,0.0007385961862126919,0.07402408961513257,0.017217620330451405,-0.0011058819345274762,-0.0005287711925605898,-0.004575361435667643,0.0006056884612611527
0.058194514514212856,0.0014375171988698346,-0.054671962444009174,0.006840436270523225,0.0009187094028061581,0.00046397054495236553,0.011191919160174304,0.001576383007166114
-0.15654332858369177,-0.011378296266333103,-0.08686485864646162,0.009126956768110152,0.00036689872131911994,0.0005718166525436276,-0.04290547347934297,0.0017661390309266847
-0.11018155672450654,0.006889986383457801,-0.1364958837226206,-0.01444924370146577,-0.0004027631824024654,0.0002697582518060293,-0.035171480716793255,-0.0020682406707429367
-0.1206896773455747,-0.013458399321867575,0.0538405067885036,-0.0010503356730816673,-6.655058693844085e-05,0.0010592087672672194,-0.01306458021250163,-0.00023506526912838314
-0.1208346586661651,-0.008808367688225512,-0.17902556040727888,-0.0017522438315900658,0.0002551086769970514,-5.603702855366821e-05,0.040282466265484276,-0.0010062926026395854
0.11033555412405176,-0.005469601397738807,0.027295814423942626,-0.008699619851994493,-0.00042044060890555413,0.00023409839278598632,-0.04383809566790683,0.0008950529499005201
-0.050606553071651864,-0.0005625551263320859,0.09521216973222814,0.008473801618575172,0.00018021904723577314,0.003349858216156306,-0.007573060130434449,-0.00029655526691936627
0.016846510123877684,-0.015551135378157287,-0.12207290632277515,-0.006826559593797087,0.001736994173381681,-0.0033607788161821037,-0.005673292763123242,0.00044196584882857937
-0.06363357593546613,-0.006746531851607237,0.04366936515854746,-0.018105034670630384,0.0006139300163412565,0.0005110001795477305,0.03431675054383642,-0.00040815491730850605
-0.25623107071280443,0.005956071211868773,0.010535688776608963,0.004434792817349157,-0.0004926511279723698,-0.004265046966345421,0.03568043545409054,-0.00017790413265464378
-0.2087361024041935,0.008245102063842918,0.03998338998592123,0.007411169826323585,0.0003517600258969415,0.0002511143019305606,-0.04415505284315175,-0.0020980966986257447
0.014617834762535897,0.001452780093095227,0.026743831443318076,0.011723948530938956,0.0011484768434328499,-0.0007816548375659121,-0.002682547257367232,-0.0017781687849829605
-0.08403879793953345,0.00802744190938161,0.03644923430235893,0.0010170899632263564,-5.975496533659752e-05,-0.0012589642213361948,-0.008305136289417028,-0.0008415167071221807
-0.26102356230340723,-0.014247088221382605,-0.016384772722346962,-0.017936849541629156,0.0,0.0007727504607100144,-0.01858468508444786,0.0018336468033563794
0.0532643795499462,-0.017278624996373303,-0.12199105742292617,-0.0006841820546070829,-0.0013969742802083611,-0.0019997789781298517,0.02823658943365484,0.0006328603369317523
-0.1273364637187864,0.0008507459560085359,-0.11957567113230602,-0.019694583274120634,-0.0006118780327181451,9.160505880473346e-05,-0.011468962854766227,-0.0017488717527514627
-0.008234506337666472,-0.014122583891896658,-0.010337739481337016,0.002038548829786811,-0.0017205678834109992,-0.000979366789264525,-0.044641246305669256,0.0005110023566071709
0.09785624219461393,-0.011492556547113175,-0.07356493590861969,-0.016131755931264338,-0.0020588517589364102,0.0010694209431592432,-0.0025281792685729726,0.003590271110772892
-0.11745008977125722,-0.002289443601471747,0.06199820640020084,-0.0052303395325617825,0.00040458990713155315,0.0003247370636437902,-0.007887369622418865,-0.0019687890291877302
0.11981892441972662,0.012518196886221045,-0.06086038662972452,0.01679944496175005,0.0002595799855820008,0.0003868097113937249,0.02249401894695026,0.0013724222928624477
0.0981293166943649,0.000598815749978801,0.07856928836118716,-0.015376950214836345,-0.001868250801117544,0.0012243057692752051,-0.04038649162106005,-0.00024275621726005392
-0.0649304142465597,0.005423223478200564,0.08954973316141425,0.01580399655190347,8.997582926268538e-05,0.003102523328182794,0.011729194504801263,-0.0002863715656809059
0.08711550254672414,0.003989858144419353,0.032814298616581285,-0.015411655681978578,0.0009357907264993942,0.0005768798487592874,-0.014212546134079285,0.0018495572263817143
0.01056777061328339,-0.0038200048186435792,0.044538210545411495,-0.01088725716185431,0.0002570119151931727,0.00143265198762971,0.026556632480370723,0.0013526374742839245
0.10502045231362162,0.0015992992524145068,-0.0869270198587074,-0.0060719285358515175,0.0014067453735181756,0.0021431387116289118,0.022264539326766676,0.0018993242645063233
0.06689197897260789,-0.007507289357508127,0.004109286779125282,-0.012943940275506832,0.0028929591199661738,-0.0013134754144497607,-0.012922377584551429,-0.0035872875454818326
0.07571686361587429,0.001713705791602077,-0.036887514799394866,-0.01112009301389594,0.001885519101854705,0.0007328669165727227,-0.054662773738627414,-0.002370959952076534
0.12622191785877512,-0.009772046491332,-0.0507615298605378,-0.010187654769318034,0.00016065571630953512,0.0009717874219570702,-0.01790222208171218,0.0015274897964657516
-0.000432112549201498,0.010977701052949677,0.02256003974661884,-0.005015997100198234,-0.001006105112851629,0.0017986160322445847,-0.009815715478641645,-0.0001120428999071138
0.12440218925331446,-0.008105818704132838,-0.06473616613604556,-0.020126943849551375,0.0014172131479968768,0.0011518542347399418,0.02282760802446607,0.00037135566020416594
0.1368473542495822,0.004427513750519826,-0.0928745210915928,-0.018712761211206047,4.476401539236369e-05,0.0002766467042798258,0.00018202696437834233,0.0017725080089141592
0.100979964999554,0.009076504437073056,-0.043882210137798465,0.0009967979121167526,0.0005501911418727352,-0.00022565356994876107,-0.021392578132443718,0.0019364915462074552
-0.013804680001577765,0.0029814951345245467,0.005129089196944897,-0.017542970202600747,-0.0015118651530148968,-0.003699941203240053,-0.003754075274452682,0.0003636389075396748
-0.18830734389527934,-0.009059677774449935,-0.06277982244036284,0.01453437149900388,0.00042686711019602043,0.0002984571078971654,-0.04843802707828077,0.0012541953854194885
0.12886573298095524,0.002694749750550056,-0.11474567697153744,-0.01956657928283681,-0.0017974603591185635,-8.89298134610847e-05,0.029421455112248387,0.0043005756698727485
0.04184634255482434,0.013457842444017806,0.027425239111058018,-0.007766132032311073,-0.00038161072594508627,-0.0014061189909585316,-0.034265196934266856,-0.001442580014574259
-0.11587285561750099,-0.00829804886426418,0.0030625873780794734,-0.0018442656567103457,-0.0005079183297934659,-0.002056885878500327,0.03589308997591965,0.0005922209786155541
0.14298919457828924,-0.011473768214911893,-0.13657957325117645,-0.020695883360936935,0.0006713298872936257,-0.000495839097990519,-0.032035787511262785,0.0009744912280479107
0.0667576084345509,0.003393665307402133,-0.11395574014715182,-0.01727953141852964,0.001897594118194635,-0.001203858924930877,0.00799654094180281,-0.002379954764172083
-0.0436452215436013,0.009358983322138562,0.023322419330218936,-0.004655270374319134,-0.0016252724042458422,-0.0017682108374349455,-0.042648548550886525,-0.003415499408693578
0.11840419366547791,0.006827292735806777,-0.042848348938500085,0.007100259372651386,0.0002101246575369406,0.0007495690269797221,-0.04014637734222968,-0.0004572255772210237
-0.2486611520213752,0.010574356201408576,-0.12561601833095115,0.011404824100887985,8.704914488888438e-05,0.0002286435041098929,-0.008438521505017444,0.001629432286075932
-0.035853980291942755,0.010690892167687602,-0.026128597085484102,0.010285928712655278,-0.000891021628452389,-0.004801872329172357,0.04386452545757101,0.0015142208757161354
0.032710913183447654,-0.01260496140792193,0.03549586076832247,0.010739343333736807,7.11334666882446e-05,0.0014344590275833682,-0.004527587578599072,0.0032017305176634467
-0.20211950445906413,-0.0005047347924734796,-0.14177639263732122,-0.002539045993620177,0.00022566050165412355,-0.0005215490683856876,-0.005191827471196451,-0.002104801121241507
-0.1252048557767834,-0.013341617735559298,-0.039218904414800096,-0.019135754393867027,0.00034478597402506916,0.001538381234920542,0.04444631866506852,0.0016152059409115659
0.12907721188501645,-0.009005753275097835,-0.1271808980453797,-0.003582265055303693,-0.001715688460492274,-0.0017528708685617864,0.030048939792563303,0.0022362788609999566
-0.06196665437915042,-0.005896066105142297,0.06674152955386482,0.01450341362498834,-3.7206474804880874e-05,0.0020291733709277286,-0.025090137597853515,-0.0005268748112215037
-0.19493555387892683,-0.011041997986876955,0.032849252042992,-0.006349788647132333,-0.0006022783400959385,0.00037753228322046084,-0.052426588861378784,-0.002308557162825652
-0.1818951345595865,0.0026003004469521127,0.10611192239310403,0.014243379985251436,0.00012242219936247332,0.00012051187463285595,-0.02071692216988541,0.0006433383157779248
0.014068680008301407,-0.0008893547858575476,-0.06940416346255616,-0.017180170759580827,-0.001294679898145518,0.0029036508505617406,0.023139320733399873,0.0020595961807650435
-0.13310557394829514,-0.011100544922575811,0.09004420210832671,0.003726257965742397,-0.00027688058631474,0.0036671512447034728,-0.01318227369093553,-0.001431426270146069
-0.09616312803794055,0.009002029683385912,-0.0882603728552445,0.0028977190133453005,-0.0010605508288370228,-0.0019127613850303668,0.020584154552616522,0.0007604282086133285
-0.09052935881582455,0.010773610633678186,0.053711165659247224,0.0147423693256456,0.00010413553208861275,-0.004684015022597551,0.010626046601410434,0.00025041107303130515
-0.04101050820643473,-0.003382426170509727,-0.10720094376090364,0.003763920717838041,0.000832946345595692,-0.0013397238223233285,0.05240402234319121,-0.0033050463345642247
-0.23759549021895682,0.0021508221040267136,0.08243906240747742,-0.009585191591610273,4.8021928565317173e-05,-0.0022870379162492917,0.0059779337517252805,-0.0008424567331490827
