S1_Pd_C103,S1_Pd_C301,S1_HX100,S1_T_E110,S1_L_R100,S1_D_R100,S1_F_S220,S1_T_E120,S1_P_V100,S1_Pd_P150,S1_HX150,S1_HX220,S1_T_E220,S1_Rr_D200,S1_Pc_D200,S1_F_S220.1,ST_Pd_C103,ST_Pd_C301,ST_HX100,ST_T_E110,ST_L_R100,ST_D_R100,ST_F_S220,ST_T_E120,ST_P_V100,ST_Pd_P150,ST_HX150,ST_HX220,ST_T_E220,ST_Rr_D200,ST_Pc_D200,ST_F_S220.1
-0.004393966862985286,-0.004325404633232086,-0.007111802801996604,1.2818568141640936,-0.005260826689768112,-0.00486778807267666,-0.0037991954992147242,-0.005265764004978161,-0.005204667919076446,-0.011856748744892806,0.0011464526173873685,-0.009181814736802478,-0.0009265190957292397,-0.0018348246926223116,-0.002307496152284667,-0.005204667919076446,1.0044549216419596,1.0053234238835014,0.9979099889173834,0.3191763350917455,1.0051520776181504,1.0049977964612358,1.002922659530011,1.005155280767124,1.0052046679190765,1.001277151622077,0.9941878300226458,1.0064819402652394,1.004242973312895,1.0046762952832287,1.0036716561073293,1.0052046679190765
-0.017021687828430956,-0.01723887192195494,-0.00902954889095129,0.6599040210394505,-0.01773127397798245,-0.017457507107586236,-0.01599801756203769,-0.017561773450103867,-0.017555450486619488,-0.01738592019173349,-0.011270234969428035,-0.0204982648483473,-0.015330118837900414,-0.013578311784283061,-0.015693114854117188,-0.017555450486619488,1.0153241120792365,1.0168370081038174,1.0095223454283555,-0.29930256705158587,1.0174100296542223,1.0173293044660014,1.0171157959115087,1.0175709444606629,1.0175554504866196,1.0199266213845306,1.0178731067595905,1.014461178302958,1.0177605997018773,1.0174277150295612,1.0137520881314577,1.0175554504866196
0.033957906541096344,0.03483187043703954,0.035802146058968455,0.9316553742488418,0.03427861419212595,0.034568142907453074,0.036576452680447374,0.03423978192338987,0.034278966392376105,0.03360364901516994,0.045016850135484676,0.03294411167179318,0.03590884149611913,0.03547927936438014,0.03552129678747808,0.034278966392376105,0.9645031431157886,0.9647831884032485,0.956562987186678,-0.032090403248575816,0.9656765602679784,0.9653592032265058,0.9658882492314513,0.9657038332483094,0.9657210336076238,0.968286394157675,0.9632204919677602,0.9678465138795757,0.9640412442150919,0.963138516819896,0.9624613386874894,0.9657210336076238
0.03254402835082734,0.031956396347840775,0.035681432918241926,0.9661854320353254,0.03192480146332225,0.0323295511633228,0.03184205019680548,0.03195972976939383,0.0319901868516256,0.02844480051316223,0.036066284480643813,0.029007862432713485,0.03411781333010719,0.032175078785957524,0.03140894190923304,0.0319901868516256,0.9679174330029845,0.9677339842293877,0.9638101276615315,-0.019007729261011796,0.9679785611220687,0.9678008037439285,0.9664776279401031,0.9680329891476684,0.9680098131483744,0.9767841235649811,0.9637735758334292,0.9650279675797331,0.9684788078779418,0.9660274524440937,0.9649329290017793,0.9680098131483744
0.013319753429274425,0.01454404959432249,0.008915616925420351,0.9817391992292873,0.01469623751822418,0.014817814918001597,0.015576271009140368,0.014615204346593748,0.014670373474870803,0.011124349200671204,0.00827624713048245,0.019238255533828626,0.01823543490612131,0.01581652537739755,0.016450899630941537,0.014670373474870803,0.9827099185060834,0.9843469401202183,0.9692758419367481,0.014419698455224617,0.9852813028756964,0.9852242729251078,0.9819778282886832,0.9852355996626793,0.9853296265251292,0.9825999584733759,0.9687581914381636,0.9920456982699166,0.9855534929250299,0.9845922591738541,0.9863958874414909,0.9853296265251292
0.039334346544304837,0.03801450327047345,0.04978875015233509,1.0906161609871103,0.03768150618537235,0.037795119133440414,0.039468548341566365,0.037602397858575436,0.03761681285730678,0.0377374606312395,0.04161957190842753,0.03874960007889694,0.03822529353102351,0.03692685968134906,0.04049971413692395,0.03761681285730678,0.9632420942150349,0.9622485741120242,0.9617087476515026,0.12531439109897047,0.9624525433069829,0.9621618429944896,0.9621887591491461,0.9623832659446068,0.9623831871426932,0.9670147438258145,0.9513420310974392,0.9622715696561726,0.959812019790999,0.9622492869434205,0.9629105466327345,0.9623831871426932
-0.019761932372065357,-0.021338191274603114,-0.01891228915437077,0.9638893603238025,-0.02131267117818768,-0.02087903577500932,-0.019567971819641858,-0.021108527176325245,-0.021139597160107118,-0.028956794030645848,-0.017627525881391982,-0.018884112147717874,-0.020212231841756644,-0.019349965885087913,-0.016918464105878096,-0.021139597160107118,1.0221630044416083,1.0202305470645714,1.0160691368602977,-0.012546543814219158,1.021038904031784,1.0208645639432359,1.0205315290031745,1.021173653847321,1.0211395971601072,1.0203082830472907,1.009487441405139,1.0278632177660507,1.0193445177656613,1.0200180288609142,1.0240749425603601,1.0211395971601072
-0.019520053947248622,-0.01915490264267991,-0.01402963942727198,0.9401715834048262,-0.02044878881139198,-0.020457351940309638,-0.019189306750583064,-0.020419014168042208,-0.020459137379519866,-0.019184553287339794,-0.009873289544511905,-0.021222572211991732,-0.019687170388980456,-0.019437274023675715,-0.017702578122558488,-0.020459137379519866,1.019249946529774,1.0213309258565528,1.0188076588770196,-0.02816888006346585,1.0204614885393513,1.020021730566859,1.0203637925111841,1.0205511600524413,1.0204591373795198,1.0264338432623616,1.0135422908043592,1.0261992611081125,1.0188267667887612,1.0178437247089467,1.0182203532272813,1.0204591373795198
0.04819956957764341,0.0468409211015122,0.054617462680240446,0.8663493626123975,0.0474572704607504,0.04783885524541237,0.04786333531983582,0.047553915771316534,0.047507616619182284,0.046783478084614645,0.056269027131948146,0.044656161902530384,0.04849612971080082,0.05096532293878783,0.05252290817562198,0.047507616619182284,0.9525954475376783,0.9522085308647323,0.9518880217790522,-0.10257365784827299,0.9524748260018612,0.952146509092168,0.9521915898184627,0.9525200490009029,0.9524923833808178,0.9533805224761328,0.949658495512368,0.9527435920217154,0.9506072594724436,0.9520404314366064,0.9517529242075606,0.9524923833808178
-0.01790727031606958,-0.016822458267979446,-0.01777095953748977,1.1387432695202646,-0.01746163011852835,-0.016974322473510634,-0.01713096226861972,-0.01739389800415111,-0.017382189166880224,-0.018791816537985603,-0.0061709532486888255,-0.020294266454341205,-0.014352233261967428,-0.015307023160338431,-0.016996081671186398,-0.017382189166880224,1.0158717343433599,1.0172744204873585,1.0025065842516985,0.18218990213405906,1.0174100094023326,1.01717203999263,1.0162844369881185,1.0173701879260755,1.0173821891668802,1.019401343650042,1.0107709342259987,1.0169288534510066,1.0167917657961925,1.0156252830660892,1.0142050595018024,1.0173821891668802
0.054979134504330215,0.05434641991186745,0.049396788630694265,0.8481642192502541,0.05425054273936596,0.05417109301931417,0.05473904225588165,0.05409259679273134,0.05415440007435017,0.05845629034271516,0.05753075854292931,0.05406394321214936,0.05577406848606699,0.05451139732338995,0.05632279860215608,0.05415440007435017,0.9446135256906802,0.9454128156830401,0.9404010061745419,-0.1332767404826849,0.9457516403778838,0.9455928485266762,0.9444958827327438,0.9458438100342996,0.9458455999256499,0.9554604878642433,0.9431351091576885,0.9478198961774336,0.9449386754060478,0.9421137187680362,0.9429706916590735,0.9458455999256499
0.04440386001066308,0.04511430027002948,0.04703561831468858,0.9606120788522838,0.04460174218460487,0.044814226761116946,0.04335710687922298,0.04457734502861946,0.04464299140833236,0.03952604392593362,0.044260977692001234,0.04119728254191569,0.045237029631913186,0.045114085198011515,0.049153478006005384,0.04464299140833236,0.9533453590701456,0.9553635526405719,0.9408156909167497,-0.007033740099469998,0.9552870637110287,0.9551559133090594,0.9519543846562071,0.9553439882600335,0.9553570085916676,0.9557628095261608,0.9440911923709558,0.9568970221991001,0.9541848985265237,0.952746993481777,0.9564344210084513,0.9553570085916676
0.02276046881458265,0.021398471735189568,0.020948198810628985,0.9464104816120997,0.02135174862460795,0.022009761211813732,0.021232566578873048,0.021375154159807872,0.021414914823923437,0.017935847170923697,0.022419106602461467,0.022365672140688235,0.02240685422660708,0.024800084663119126,0.02135578301944949,0.021414914823923437,0.9788442608209137,0.9783661549288601,0.9705773729474821,-0.027423813366224792,0.9785663796470171,0.9784886785564927,0.9758353693715107,0.9785920971345764,0.9785850851760766,0.9797471871600854,0.9707527853471515,0.9840995786200051,0.9768883550949111,0.9765202940340171,0.9749407297746545,0.9785850851760766
0.007683550287808636,0.008927159719993309,0.02001465825704611,0.85196046365898,0.008245004831875994,0.008623515232163757,0.010905557955398432,0.008399248792525673,0.008332033033110317,-0.0011727468002221161,0.01891984039986072,0.012535632564297771,0.009291197178800916,0.008792090068027376,0.010071891857424574,0.008332033033110317,0.98966266171138,0.9914718231217242,0.9824894609828088,-0.09400678965687947,0.9915471561003545,0.991332585057848,0.9902767072362876,0.9917165734017257,0.9916679669668896,0.9853943601243603,0.9892736461994582,0.9963709525179296,0.9886557559647101,0.9890903220286771,0.9878812342911645,0.9916679669668896
0.013936115352045636,0.01366741870587006,0.015102781952348517,1.109727719728286,0.013628254874206894,0.013513271067860448,0.015640310869933314,0.013439287501828405,0.013447336529724095,0.011427231597092273,0.018376042156431915,0.008333732584551305,0.013999816630766134,0.014236284026221898,0.017102474872065367,0.013447336529724095,0.9846491131272519,0.9858699482659952,0.9848712700449962,0.13980868429653726,0.9867762408980448,0.986307417673909,0.9849462993024334,0.9865336532601388,0.9865526634702759,0.9886990546582642,0.9775847007545,0.983601019403809,0.9859422676210194,0.9844578306613241,0.9854459356895666,0.9865526634702759
0.0020802569630920297,-0.0002180047174950354,0.01271079453004203,0.9164562367165607,-0.0002728714534658,2.7669349445417957e-05,0.0017058724131797241,-0.00034921579160434706,-0.00031965915722193043,-0.006290328549444258,0.005210190519000998,-0.00809951877916639,-0.00034569451469490536,0.003411741913337559,0.0022572344635374535,-0.00031965915722193043,1.0004686417838153,0.9997335313875819,1.0049411607534529,-0.048013572932256166,1.0003146783018597,1.00013005711536,0.9999912257809476,1.0002527196105822,1.0003196591572219,0.9982411751149238,0.9932014190798749,0.9958755022331047,0.9970545999306474,0.9990546784900619,0.9985832785047094,1.0003196591572219
0.03783759074408012,0.03702603170033635,0.04871421952359393,0.8646833792431282,0.036612988866099094,0.03693881600450263,0.037137154209580296,0.03675238852907935,0.03671512526571898,0.03076255775769124,0.04612097285796633,0.03461586899860886,0.036133833341282215,0.03453999558197706,0.039679440544085544,0.03671512526571898,0.9638130287584947,0.9634005136526306,0.9620215987918156,-0.1030905311885888,0.9632177843913178,0.9632041052567626,0.9624568724293656,0.9633772776559881,0.963284874734281,0.9647807109852601,0.9574600131656351,0.9642761524255468,0.9614905975509871,0.9582760493560831,0.9609322496565296,0.963284874734281
-0.0577032022170587,-0.056592423761721994,-0.057649839324597836,1.0423759649173525,-0.05681657644123773,-0.056777030949244,-0.05697403150925658,-0.057024579950346765,-0.05688933614564136,-0.058306586536973036,-0.04885113566384544,-0.05783827984598499,-0.05528699815149194,-0.05480632268917213,-0.0553298473691719,-0.05688933614564136,1.0540635213066156,1.0561378475216232,1.0496574506396825,0.07475752250476841,1.056907282168058,1.0563176147667959,1.0527210397932427,1.0567565080270434,1.0568893361456413,1.063616304617455,1.0491850865507542,1.0587157282445436,1.0569770676426369,1.0544470017507466,1.053618673323922,1.0568893361456413
-0.047522352472513095,-0.04878048412422672,-0.0406712713642742,1.1086106741128214,-0.0489516547982705,-0.04901473884708845,-0.046144305875329535,-0.04884432122858763,-0.048942375966474334,-0.0512704168556342,-0.03687416704394379,-0.04342259665991889,-0.04781558413156049,-0.04701659430207409,-0.0487502801223713,-0.048942375966474334,1.0496715181844678,1.0483508633847798,1.0503158100916625,0.14138156121466205,1.0489365794716639,1.0483948174130298,1.049136443919066,1.0490857634680801,1.0489423759664744,1.0513337004004673,1.046127786901237,1.0547554638110526,1.0474068530327176,1.0482384682036954,1.045312432140633,1.0489423759664744
-0.03159739065237509,-0.03093717194649166,-0.02783957843588996,0.8924257357362592,-0.031742013448898994,-0.031358678781845825,-0.029336050369565783,-0.03183501134508918,-0.03173477604252559,-0.035147144271567156,-0.030410884379401912,-0.03321955843489529,-0.03270956330203909,-0.029176025630028392,-0.027713219264696,-0.03173477604252559,1.031098776613819,1.0313345171285875,1.022651075145011,-0.05486069523040005,1.031692842745588,1.0314619438473656,1.0287922584177764,1.031688410972697,1.0317347760425255,1.0292284376438667,1.0125309006261676,1.0297081820284768,1.0263543280588872,1.0316551290415927,1.0348070031617849,1.0317347760425255
0.02698553828996966,0.025167079366508548,0.0399652262387568,0.9910426596761799,0.024921432861938944,0.025350064085308845,0.026743522589492894,0.024943776514324823,0.024888976900664845,0.018897359849479958,0.025156908019955702,0.018982922619044443,0.026875372140641916,0.028640499616625372,0.027223754405828048,0.024888976900664845,0.9742087355437167,0.9754977645345603,0.9800511143047416,0.023083561550444,0.9751993263272907,0.9751037505586303,0.9750303823223648,0.9751851705272635,0.9751110230993352,0.971149423436926,0.9702386842786188,0.9683993483780794,0.9749069475096859,0.9744255860691415,0.9747498539335668,0.9751110230993352
-0.03752135760774402,-0.03822639913147775,-0.025270422901612695,1.0007417661788185,-0.03891138886977969,-0.038458906516613725,-0.03913721609819721,-0.03874627244087673,-0.038790973948860004,-0.04020432126149656,-0.035843571296550206,-0.03831742776046022,-0.03724158966730515,-0.03685447305134228,-0.033765287665097024,-0.038790973948860004,1.03877143988835,1.0388465726969698,1.0424692672852158,0.032524484940504084,1.0387904942313133,1.0386158771533869,1.0365182815827105,1.038811748210168,1.03879097394886,1.0408284603910778,1.0272118762778801,1.043302194761321,1.0372674002158595,1.0374869259297779,1.0414757098684406,1.03879097394886
-0.010765185978834536,-0.010390737800112496,-0.015998016312924114,1.1509751903923073,-0.011390193196436955,-0.010792409776505037,-0.011227660909611753,-0.011325996690451234,-0.011309562078158529,-0.017931310076096038,-0.00502932632656317,-0.014712381919589127,-0.009358700854020545,-0.00815261799977244,-0.00791742405227779,-0.011309562078158529,1.0091494341663854,1.0121654879950126,0.9946398129787511,0.18899639329851814,1.0112039926916752,1.0112287701639238,1.0077877182277857,1.0112600027536311,1.0113095620781585,1.0056098552046553,1.0072862294002771,1.011209854422814,1.011283753977236,1.0104250241146484,1.0099503857602106,1.0113095620781585
-0.07437776712550262,-0.07595561755574774,-0.06674806962402317,0.9931313036891276,-0.0763401665414359,-0.07598120191286459,-0.07483368709613387,-0.07625661462438078,-0.076214865790388,-0.0796779126147321,-0.07040598012039669,-0.07680174794401706,-0.07766698506012683,-0.07437609837154166,-0.07246096692944647,-0.076214865790388,1.0765334949225978,1.0761628101575862,1.0727403551285077,0.02585149935807518,1.0761694100841854,1.0760272171608138,1.074332243228246,1.0762534923061207,1.076214865790388,1.0817082716269077,1.070155343763645,1.077429398368047,1.073380413941968,1.0740819233207226,1.0751855971939042,1.076214865790388
0.05678464449051749,0.05482120178404509,0.060172223839122824,1.1056719228699565,0.05451109507339496,0.05469551831958806,0.056691043290805196,0.05457031981247453,0.05451489893107025,0.058034545050252996,0.06858400487866272,0.06197018554026456,0.05554053818343208,0.05488954361482964,0.053332376342435074,0.05451489893107025,0.9455828979142621,0.9453192513554042,0.9427528484033797,0.13745744138075644,0.9455706749632401,0.9451398808934497,0.9447869763998248,0.9455513163838002,0.9454851010689298,0.9513597707850967,0.9467340532931245,0.9540997596687588,0.9460290011592429,0.943829192490196,0.9399793804118259,0.9454851010689298
-0.002827255369546677,-0.004635894970179331,-5.980092268746304e-05,1.1524714112904564,-0.004705251793462226,-0.004581073201035601,-0.0017733879121905837,-0.004688479504345161,-0.004688166575900542,-0.004713786272086658,0.0001437446161402213,-0.005593628089519939,-0.00421778236357245,-0.0012354957809932313,-0.0057796211472594455,-0.004688166575900542,1.0041480530974705,1.0045300473811016,1.0045711214224662,0.1778985483515112,1.0045980317876557,1.0045509655878675,1.0058512061267202,1.0046798561251007,1.0046881665759004,1.0085353230417624,0.9981378983809585,1.001925944587219,1.0043803909164863,1.0057450760043323,1.0014988366126463,1.0046881665759004
-0.002586244156889106,-0.003221204237783783,-0.0042161235305770975,0.8319743640503781,-0.004045726202184456,-0.0037635502746867656,-0.00227441833271089,-0.004099460784073108,-0.0041070085724398825,-0.006954321838344515,-0.0034234245303184415,-0.005487827561149433,-0.0032599739795631127,-0.0026665388021402266,-0.002444731239991537,-0.0041070085724398825,1.0043659059471974,1.00448310727299,0.987939849461558,-0.13695430018341392,1.004033769679472,1.003787647208706,1.0033816560874516,1.0041180229175173,1.00410700857244,1.0083416427666876,0.993993921452227,1.0058914661386242,1.0029025278473287,1.003713777423705,1.002582618814958,1.00410700857244
0.011485775333183979,0.012046509343671174,0.0046758623339378,0.9933643886323463,0.011427690921649521,0.011703978778308952,0.011991939902472033,0.011307987227153645,0.011310205653777508,0.00801162323555487,0.01896531189044049,0.006237791647067879,0.011824524244992089,0.015073840236246605,0.01317346668167145,0.011310205653777508,0.9885477767069643,0.989099165427925,0.9762642547509184,0.013238275956343526,0.9888128854451879,0.988462671882886,0.9868738357425539,0.9887011546943398,0.9886897943462225,0.9918690610412785,0.990348669262088,0.9863665953419988,0.9881552726346576,0.9877311075162416,0.9850931077158261,0.9886897943462225
-0.0015564565628672891,-0.0024062534826266753,0.008374832614291346,0.9724483793908422,-0.003387159190520433,-0.0031954963571164206,-0.0024561377273248117,-0.003458398146515428,-0.0034484076213775823,-0.003909761552200957,0.003650740915272536,-0.0012403139452892553,-0.0016659928484884141,-0.0022727070397164924,-0.0009958812456799392,-0.0034484076213775823,1.002413011115583,1.003292319877481,1.0005511058542067,0.019550399615741565,1.003447022169862,1.003284834817049,1.0020471190132254,1.0034518226848794,1.0034484076213777,1.0066302046440394,0.9928911775083565,1.0097654104626061,1.002195025468642,1.0014379534547417,1.0000652776023025,1.0034484076213777
0.03787863732890524,0.03577702310728919,0.039794577875700565,1.2412272726521179,0.03678784968748979,0.03685317450466659,0.03834263876483842,0.03652216451352041,0.0365812305224243,0.03448598758052401,0.04426254717816102,0.03628130627014036,0.03937298958343273,0.039385834811316245,0.037162931594324496,0.0365812305224243,0.963407607441112,0.9629397153930347,0.9589476092562687,0.26957173898112563,0.9635631074467524,0.9632259860278358,0.9618647300549172,0.9633987042751294,0.9634187694775757,0.965213421366202,0.9587052908590925,0.9676247258295001,0.9641449742062903,0.9621080601425183,0.9607622015819778,0.9634187694775757
-0.034640909984083396,-0.03496043085113244,-0.03581880880998117,1.1492663908156442,-0.03516937941517329,-0.035029498604975444,-0.033407871422550965,-0.03512340633716573,-0.035135268812947325,-0.040067512902746676,-0.03330930302893916,-0.037227963119772195,-0.034494085904805044,-0.03328427936585587,-0.03282921802426791,-0.035135268812947325,1.035375160190168,1.0348682709272325,1.0255652400671953,0.1773219356670328,1.0350721499246212,1.034775282577967,1.0357404412578335,1.0351821849035352,1.0351352688129474,1.035671007091851,1.0252024706127807,1.0380099634605677,1.033249827607849,1.033382454497382,1.0310437383311895,1.0351352688129474
0.04818891466994494,0.04838852766434287,0.05443180873573847,0.9451481780204756,0.048314213869757754,0.04883648404428546,0.047931914771183026,0.04835224163425168,0.04843438228285123,0.04875265144555531,0.057424206119695745,0.041523640085070576,0.04870229869137074,0.04975559675118521,0.04857972537634327,0.04843438228285123,0.9489576844082335,0.9515416462306586,0.9477149406981737,-0.03221329245665161,0.9514763031650617,0.9514396905396977,0.9491336909727021,0.9514965074693337,0.9515656177171488,0.9553937945265829,0.9521839997376015,0.9514021038640932,0.9483913857395071,0.9500389528833231,0.9499318944306655,0.9515656177171488
0.03738134523755325,0.037369226219042956,0.042045140025808087,0.9494860424394377,0.03681344873017184,0.03727882500056577,0.03845061250373103,0.036702723237567056,0.03671730072769647,0.04136807757134495,0.04255127652420894,0.03285323069336725,0.038417793031940026,0.040456094786948914,0.038440885975020544,0.03671730072769647,0.9632729652680401,0.9632165392518784,0.9583391874292468,-0.012100386526881168,0.9632972433451444,0.9631015620479886,0.9613513685218895,0.963316797965582,0.9632826992723036,0.9686342837300076,0.960234862508848,0.9600697670672893,0.9612638339048187,0.9635255099582688,0.9603200766762583,0.9632826992723036
-0.04070407922499458,-0.041141455062362456,-0.038325598037168784,0.9249352571351771,-0.041576207682001445,-0.04114807725708069,-0.03762487138587018,-0.04155475530580751,-0.0415785018545583,-0.0443968313211929,-0.034546120766918556,-0.04333720199483438,-0.04072059831718576,-0.040469677956283555,-0.03586121438538704,-0.0415785018545583,1.0409759546291573,1.0411500308758785,1.0316615099421187,-0.03424480545731501,1.0414743642905226,1.041465821294151,1.0423579134303336,1.0416014958791644,1.0415785018545582,1.042121081387088,1.0363244851649076,1.0424735306667319,1.039605404688577,1.0390367843333717,1.0411073081593851,1.0415785018545582
-0.06272330709086853,-0.06284625865242803,-0.06136945342333969,1.020697653032162,-0.06350304540083873,-0.06350260919317924,-0.06171296881271275,-0.0636458164519075,-0.0635688359417788,-0.06689587193331864,-0.05840022827706298,-0.06584905837508326,-0.06182185759131521,-0.06153400374852396,-0.06108713015303566,-0.0635688359417788,1.0631891245252616,1.0629890348403248,1.0509083595485496,0.0708000856182045,1.0634890291361028,1.0627704841087784,1.061891747791747,1.0634900394722215,1.0635688359417788,1.0649549965921694,1.0486427726285847,1.0693158008327652,1.0619341941265463,1.059826481358936,1.0574861351114144,1.0635688359417788
0.041684052040050885,0.041392773603466,0.046096201486677514,0.743539662765935,0.040277091502434005,0.04076508896803909,0.04313424753611494,0.040415034935366634,0.040390319422926965,0.042211003111874076,0.04866393163287073,0.03975884760223313,0.04149373817969578,0.04362145851350968,0.0467488717513289,0.040390319422926965,0.9590211050234164,0.9591478384569837,0.9537724817100046,-0.21913051791264748,0.9595796309998511,0.9592540167967533,0.959418585863315,0.9596421248510293,0.9596096805770731,0.9651811265276138,0.9555942022187887,0.9631336951900338,0.9585141328084957,0.9596946275402004,0.9586883200857103,0.9596096805770731
0.0012963034475430629,0.0025143813286048556,0.008815377730247872,0.7333079172810109,0.002759606665621936,0.0031072206085611567,0.0029907904953890515,0.0028159989886557624,0.002875588156623562,0.0008934975841937612,0.005460459998666061,0.0025580206786500856,0.005323886073844481,0.0033502310187351414,0.006050360279153939,0.002875588156623562,0.99390889012042,0.995980923857858,0.9882738103568667,-0.2292675714542749,0.9971753899726199,0.9966576485148045,0.9962323017949745,0.9970701364665308,0.9971244118433764,1.0012397008898022,0.9880741566062559,0.9967227877424301,0.996030543769877,0.9948204296740589,0.9955539873644786,0.9971244118433764
0.004066412173377041,0.0035602082224441235,0.006984594061453883,1.023986186099567,0.003193097842483712,0.003255138210015664,0.005743087375009663,0.0031089386365079704,0.003142098321125519,0.00272615881673061,0.007352615928649289,0.0010399614054054872,0.004107879205968649,0.006204352799569479,0.005548592438104438,0.003142098321125519,0.9945342945674673,0.9961419489488814,0.9784331751340101,0.06979400159121973,0.9969373734021162,0.9966089212388821,0.9953070199779499,0.9967585081046327,0.9968579016788744,1.0032463134292955,0.987077012083334,0.9943103664674857,0.9975231781568997,0.9973538989330829,0.9977080475329526,0.9968579016788744
-0.011501604585538183,-0.014818493123749063,-0.005903195206563958,0.9588784977425382,-0.014687897381044299,-0.01433132330214736,-0.013667848906161772,-0.014662607811834118,-0.014638313571780385,-0.024774257159077554,-0.010851425906887981,-0.019214506585129278,-0.013257205548010279,-0.012808870054222191,-0.010467021960822744,-0.014638313571780385,1.0162522373881708,1.0142537025805403,1.0150148317360903,-0.01598492862758394,1.0146295023494276,1.0144290260566118,1.014078782173458,1.0146456961189305,1.0146383135717805,1.0114462593582778,1.0046644970363552,1.0150903775644207,1.0138089184966943,1.012546517400001,1.0150773984333141,1.0146383135717805
0.07539781193701676,0.07558126338908046,0.08204547855475047,0.9146526811882147,0.07555585395362227,0.0757319942229225,0.07577359613611517,0.07546476093090554,0.07544251930004725,0.07624735367918602,0.08368400116577815,0.07318230987481357,0.0769422486138398,0.07907240272086404,0.0820139884000166,0.07544251930004725,0.9224390738834116,0.9238268942010127,0.9148802085458292,-0.04277454921975221,0.9246579074219966,0.9242245187560472,0.9220548169720406,0.924544944308404,0.9245574806999528,0.9327257047612537,0.918218018264301,0.925075761410238,0.9247022902403924,0.9237942080764229,0.9243806914017669,0.9245574806999528
-0.027588992894757518,-0.026820068873172117,-0.03336389002407836,1.0360597443655535,-0.027876510350949978,-0.027713330825609627,-0.026944566529409315,-0.028040753741598895,-0.027980834379463908,-0.03289462938657948,-0.026050453625899427,-0.034292619697592966,-0.027194763685893065,-0.026005457010345498,-0.024240627551720503,-0.027980834379463908,1.0272458097622643,1.0284268394014389,1.010340374494351,0.07112018720097935,1.028057386873571,1.0275965231435977,1.0264187771427777,1.0279169029897444,1.0279808343794639,1.0285682845409791,1.0135153229150233,1.0264350166413536,1.0259877205822547,1.0274057697390022,1.0277800275983708,1.0279808343794639
0.04270495607467686,0.043208839919873045,0.04884456103982863,1.0589756477027428,0.04302085658156691,0.04324337363610804,0.04429714467654881,0.04306248608008101,0.043081071503048574,0.047131255304378145,0.048621021514261384,0.04278470387834681,0.04299886878652018,0.03976000692329156,0.03689741191378745,0.043081071503048574,0.9564882186396523,0.9566107802810894,0.953502757745938,0.08035997501510905,0.9568780375506504,0.9566096812988237,0.9550886972911309,0.9569136342549704,0.9569189284969515,0.9673142188427781,0.9486479667432848,0.9611751545297852,0.9543997782454432,0.9517818864250442,0.9513179193754147,0.9569189284969515
-0.023053630127952668,-0.023103445026350852,-0.013121793879643325,0.8630448123665645,-0.023652923955198593,-0.023362367938859444,-0.023191497793620786,-0.023736702509350952,-0.023781536839442757,-0.026490385857102474,-0.013310430554332103,-0.021724657712584347,-0.02222473022427181,-0.024512573370314844,-0.01894715273930627,-0.023781536839442757,1.02241663617235,1.0246433076436172,1.0160319041101804,-0.0955142765618735,1.023830225571513,1.0236819776106143,1.021792037780918,1.023849676310051,1.0237815368394427,1.0287632980388264,1.0214723290027983,1.025942465671634,1.0241511319643821,1.0202393064956874,1.0230206920920755,1.0237815368394427
-0.06246345579480284,-0.06351566179855282,-0.05455732395238153,0.8266818239474525,-0.06300020083197566,-0.06247316467487263,-0.06319917530369965,-0.06289172987057623,-0.06293003000261674,-0.0661306555319438,-0.05568606742083478,-0.06899370342141299,-0.06169373181740072,-0.05949559845084031,-0.058567341429626885,-0.06293003000261674,1.0612094302258643,1.062336920173124,1.0584458166860644,-0.14591774396950674,1.0629430417204446,1.0628495626814338,1.0587942226428064,1.0629631911226871,1.0629300300026168,1.066282971201854,1.0573891218995384,1.061486376972723,1.0637073703842235,1.0641447105313555,1.0656335581718313,1.0629300300026168
-0.02393741068432821,-0.02425882213613364,-0.020900406689189178,1.2054796862291732,-0.025355596703090174,-0.024828282523379878,-0.023525620787917412,-0.025254646938275924,-0.02525053428970239,-0.024136761015706786,-0.01765467513090808,-0.027378476095151035,-0.024913407067320044,-0.0225811803022526,-0.023415566843056502,-0.02525053428970239,1.0244369792473684,1.024988173684799,1.0154036632577743,0.24958521344122253,1.0250172808978746,1.0253440765643713,1.0238265861512157,1.0252047312896695,1.0252505342897025,1.028919548338634,1.0169989303370215,1.0249404347332924,1.024017915007717,1.0237270394109836,1.0244155522101628,1.0252505342897025
0.014268166010828247,0.014254677534950782,0.015053731330347172,0.9303093680001433,0.01463259684656767,0.014929898868766472,0.015634738747789433,0.014520682159989981,0.014578067622798296,0.013477996137665954,0.024203300997425823,0.013361152923212967,0.016479583879945626,0.01536768491543259,0.017288532484726053,0.014578067622798296,0.9845353502437555,0.9846800955198166,0.9691490579200543,-0.04017251345376405,0.9854134151289051,0.9851403815863035,0.9836548928107524,0.9854442773353845,0.9854219323772017,0.9899735938561587,0.9832818345143433,0.9933938176905137,0.9851961729095028,0.9833300448164045,0.9837399367551086,0.9854219323772017
0.005269394290004029,0.006138620541801141,0.012377939706468227,0.8142336469552939,0.005269227740434931,0.005535185680261482,0.005220015551635376,0.0053545034616903735,0.00532779035957019,0.007969814557754147,0.013156285813297443,0.006549114315521317,0.004152754036690335,0.004314776903660772,0.007338187695262283,0.00532779035957019,0.9933569248133279,0.994444107625954,0.9921089425446052,-0.14995557584595498,0.9946106779003071,0.9943818533279827,0.9922702984832319,0.9946808407103493,0.9946722096404298,1.0016192442546847,0.9892098208909289,0.9945315282931643,0.9920794416752767,0.9913734954015898,0.9924994384307266,0.9946722096404298
0.022977462826481627,0.022103083949705456,0.032139041603898515,1.231661936403167,0.02195420265136755,0.021886757666919464,0.02170656503673472,0.02189478315313752,0.021865547560624317,0.015123556812613036,0.01825521057520182,0.022899336803719462,0.02169616857003595,0.02245093442933664,0.018231611499518127,0.021865547560624317,0.9775928892375867,0.9781268318638136,0.981107743814006,0.2570823497867666,0.9780465048125344,0.9777482738718208,0.9756940772785949,0.9781655606089598,0.9781344524393757,0.974111828937377,0.9620431423442808,0.981512317717526,0.9749009110111325,0.9778079289530524,0.9738275190536024,0.9781344524393757
0.0673139257757895,0.06663900112614235,0.07033752325776156,0.7993978324176556,0.06614043535585452,0.06648360368318366,0.06648052161586485,0.06612641346155357,0.06611381117853929,0.06646989565443111,0.07781737917078284,0.06254263089457139,0.06654760797679288,0.0670830370985048,0.06683397925318318,0.06611381117853929,0.9339374901193861,0.9338647060414125,0.927636651815493,-0.16641335644173294,0.9339197617426259,0.9337400129681342,0.9318133686393679,0.9338850894859778,0.9338861888214607,0.9341310307227009,0.9366673519292397,0.9333411742573129,0.9312561134669061,0.9316171553975375,0.9307656244541899,0.9338861888214607
-0.029910300216740387,-0.029741809688413,-0.03702346726685235,1.0539527890765255,-0.029999354538287826,-0.030032719547095115,-0.027866056963405175,-0.030077620622901553,-0.03002632407262213,-0.03570225157484224,-0.026846331184173823,-0.03521443494747408,-0.02972902431679476,-0.02710349500512585,-0.02808900869189977,-0.03002632407262213,1.0291442809170186,1.029739653549762,1.0178945321107031,0.08412472213237865,1.0299031254890725,1.0297558390651858,1.029915672218716,1.0300784168859383,1.0300263240726222,1.0277533571553201,1.0191799367901664,1.0273006326640162,1.0267102162738087,1.0295409903225325,1.0286906852946707,1.0300263240726222
0.014980571405087814,0.01404964316492295,0.026136958809479287,1.008613969712204,0.013668837513531427,0.014328238022215374,0.014654321526866174,0.01371582569998105,0.013750501224749884,0.011813731981852812,0.02090943859625598,0.005751620686820395,0.01317674784947391,0.016423650589368427,0.02151087452923596,0.013750501224749884,0.9861634107675387,0.9858108319763479,0.9830347905938437,0.0554834173026848,0.9862077532373367,0.9862031469608556,0.9847257580160534,0.9862158425684874,0.9862494987752501,0.9905806644857474,0.9759994018711201,0.9791390801106913,0.9834608735103647,0.9857229021361547,0.9873170210519615,0.9862494987752501
-0.04174969757845284,-0.041674428683223554,-0.03727656748826663,0.9115050033132545,-0.041110647317998704,-0.04077587437733747,-0.040982945484524996,-0.04114064596932964,-0.041075278717991874,-0.03701453562325742,-0.02840227214287864,-0.03643987572746196,-0.039735646203579,-0.04160751001507214,-0.03967057259596248,-0.041075278717991874,1.038641033229805,1.0400113575762264,1.0291274712529852,-0.03900162819355635,1.0411042193854523,1.0407804264182572,1.0388085085520256,1.0410330794275682,1.0410752787179918,1.0487630565329804,1.0376100697981188,1.0441398488551685,1.0395244475613017,1.0382714122901207,1.0371579503550137,1.0410752787179918
-0.034124389354955695,-0.037011166172469516,-0.017612749757040195,0.9349834382495046,-0.036928939431691364,-0.03657554515904676,-0.03563815484929387,-0.036965025151247,-0.0369907322890423,-0.04071656092878092,-0.036780421147199094,-0.037316337760265196,-0.03755617450162486,-0.03331499430338216,-0.031857310511560724,-0.0369907322890423,1.0373511994928772,1.0359738518276975,1.042184436669675,-0.02608667402214082,1.0369934412719903,1.0369146303190957,1.035755125286952,1.0369946354672641,1.0369907322890424,1.0364282034881145,1.0251553865887177,1.0397883234454877,1.0351185699432874,1.0371014781227785,1.0368863390900425,1.0369907322890424
0.023548754397767633,0.022535032547046793,0.03449877502469128,0.9808049129644761,0.021484023298552552,0.02153990235519859,0.021245012514527747,0.021453622485224345,0.021389300421244737,0.015352227248672011,0.02301086983389513,0.022518652227706677,0.023437922975293884,0.023366804992131198,0.023505118630022297,0.021389300421244737,0.9777573877367797,0.9790810505915459,0.9669772276646668,0.024155167466997862,0.9786947407701629,0.9785271736975135,0.9755775413518637,0.9785700360401917,0.9786106995787552,0.9776956968394591,0.9722883687301148,0.9786298237642177,0.9791396203530426,0.9769198359267608,0.9803466070584588,0.9786106995787552
-0.04653217634276084,-0.047355605520236495,-0.04300203671078329,0.8060625645957493,-0.047858266090701894,-0.04769728182662395,-0.04788495817613526,-0.04788787958418016,-0.04793334011042898,-0.048871872310903244,-0.042831623107573054,-0.04604531817171835,-0.04638151020276877,-0.045037244514670345,-0.047937162709228584,-0.04793334011042898,1.0476627548323196,1.0474308678634727,1.0497779360035848,-0.16266562534357543,1.0480353216964777,1.0475785730251306,1.0447338811174747,1.0479618542630125,1.047933340110429,1.0545912806376616,1.0354007021587097,1.0537102443838644,1.0471404591084714,1.0452294567540978,1.0424271479090645,1.047933340110429
0.011633300721345878,0.010742865595184314,0.013613729749545946,0.79303354764839,0.010892218126661444,0.011257896874130733,0.012567366035064772,0.010964366404176987,0.01092885258400783,0.0015063719312313842,0.02047860985600495,0.01047936206475238,0.011613711808625495,0.01562941698220822,0.014179270820608497,0.01092885258400783,0.9873893428245196,0.9883453309802898,0.9841799853251858,-0.18046870879432086,0.9890272028945645,0.989029821481647,0.9868205716078796,0.989103002782634,0.9890711474159922,0.9872075786310571,0.9925407701031153,0.9880974344512108,0.9881010197802453,0.9906587824452449,0.9873011238229523,0.9890711474159922
-0.04584410840711909,-0.045898068359011564,-0.030722779576744116,0.8408495672770737,-0.04573878074242273,-0.04513863886503178,-0.04406145912372472,-0.04569385338058204,-0.04573975867637389,-0.04551942567970993,-0.03427247803027187,-0.04991449104454007,-0.04367879831078511,-0.043288090701450725,-0.04413354711285683,-0.04573975867637389,1.0435205321989185,1.0460694977594824,1.0484053647786433,-0.11734014931015269,1.0456489340393234,1.0457503421248435,1.0440251722255678,1.0457812793772834,1.045739758676374,1.0503031349435132,1.0412472491107845,1.0443164526862538,1.0451033241376444,1.0438914133657549,1.0426974314862671,1.045739758676374
0.04086026005727139,0.04258737242196597,0.03842790121050921,0.9931487915275145,0.04106348626245608,0.04105197788733074,0.040496467894898705,0.04091473631605755,0.04097057971917084,0.034653708988474315,0.04266016716412359,0.04061751508019323,0.03873215167209682,0.042656819568144565,0.042602589316105395,0.04097057971917084,0.9578985762660135,0.9597497432501076,0.9519421562417552,0.02004904301764665,0.9590729261141161,0.9586441094082558,0.9558928717120395,0.9590224820012397,0.9590294202808292,0.9589671840332162,0.9490179836991058,0.9603665616319766,0.9527772614897949,0.9575313641801817,0.9577754837498881,0.9590294202808292
-0.04990355398932045,-0.05136136887592846,-0.042899224799678795,0.9759731844567431,-0.05185967010140329,-0.05140643211401525,-0.04928359300134304,-0.05190418737860398,-0.051823721639561976,-0.05242007211472107,-0.039789149188201756,-0.05478083322103593,-0.05220755193728754,-0.04902086836956935,-0.048736009519388286,-0.051823721639561976,1.0516235618299774,1.0514279340244381,1.0540397136000628,0.008443855650603793,1.0517378998164588,1.0516244346042263,1.0516635076027612,1.051731028009888,1.051823721639562,1.055350356738971,1.0458893825581481,1.0544340474867964,1.0507022483626407,1.0500761275513755,1.051767024268869,1.051823721639562
-0.036704376191522,-0.037790317258470985,-0.027279472892659223,0.9100081682381669,-0.03832022707465873,-0.03833866069771193,-0.0369990392935256,-0.03844424541469397,-0.038396353929953365,-0.04018760310883014,-0.03061258070681891,-0.03511088312325966,-0.0370329740459285,-0.03773533390760944,-0.03761475141539021,-0.038396353929953365,1.03880580640968,1.0383474374368782,1.0472815878808883,-0.060267996028030124,1.0383709704396482,1.0380350245525358,1.0366293757860028,1.0384470066677456,1.0383963539299534,1.0381074207551462,1.0341408790093471,1.0419795857571614,1.0370289265166028,1.0361883433114372,1.0359021893270544,1.0383963539299534
-0.010988904442270561,-0.013099310968316057,-0.0063176347453156815,1.080472590288976,-0.013261308142757213,-0.01292900177290287,-0.011223499000445029,-0.01319038183258442,-0.013149649572486119,-0.014348885467900276,0.0012903810727696841,-0.015034602309457653,-0.012672580166771582,-0.009759030095403708,-0.012686874840783378,-0.013149649572486119,1.0137131010432272,1.0130439728398735,1.00872814776825,0.11662130591776732,1.0131994696188094,1.0129150922992736,1.012062431795739,1.013141255494648,1.013149649572486,1.0149251550109442,1.0141697302907946,1.0143943218708513,1.0124102039816254,1.011621984904129,1.0096465341184893,1.013149649572486
0.04750550458166971,0.046723283128210176,0.05457630163771524,0.9446011099880564,0.04584457775364305,0.046058860733903584,0.04708716799008978,0.04581794767425809,0.04580880692309806,0.04577576937584283,0.06000439805430555,0.04422344962431665,0.04568419440015301,0.04841343016197569,0.046390649609994186,0.04580880692309806,0.9535443867552562,0.9543366896775323,0.9506711693320993,-0.016519864147681584,0.954209662261596,0.9539957379610284,0.9530684280269723,0.9541416241391909,0.9541911930769019,0.9557015682219072,0.9580018200185649,0.9503178703982982,0.9532050825098013,0.9541085566919711,0.9515838288830821,0.9541911930769019
0.0010640270455628698,0.0003747768962404894,-0.006047201811870075,1.1547253159161006,-0.00023071026266518674,-6.248427987232972e-05,0.00052881897478388,-0.00029377744925559985,-0.0002499306173698595,-0.004324228499848184,0.010281201280489923,0.004943509328022949,0.0020815454488258495,0.0010460081415929932,-0.0025725449021555915,-0.0002499306173698595,0.9986870651835099,1.0006649910944148,0.9819925803089913,0.19527440274731445,1.000211613297603,0.9998664246560514,0.9988622936005852,1.0002267472349804,1.0002499306173698,0.9977751122493403,1.0004242323071897,1.0063527887054788,1.000762068563557,0.9982694181679587,0.9926245763869234,1.0002499306173698
-0.0030537091661101564,-0.003939367927815724,0.00362164192492201,1.1371940716257107,-0.003215686454674467,-0.0031459497398917367,-0.00044208262223296546,-0.0033727000164026316,-0.003333595700909912,-0.00724946534265071,0.0015332976396960462,-0.007538692022763609,0.0010102227994561296,-0.00024629235463768847,-0.001792640743092078,-0.003333595700909912,1.002506384510969,1.00272466165473,1.003365885694575,0.16648643674310415,1.0032563075332148,1.0030997888194713,1.0037770812376918,1.0033548109611083,1.00333359570091,0.9993896146191131,1.0004263534212323,1.0040085009378683,1.0046859190659605,1.0038685996095635,0.9975639324742056,1.00333359570091
0.05516601176876291,0.05387243518265029,0.055660953134341565,1.0166128638655416,0.05277162861409734,0.05283212493970666,0.053528797778788,0.05282487772395196,0.05279980572587141,0.04541744481814572,0.06297775301628215,0.05496582582764366,0.053837809793141254,0.05428700090310356,0.05639840465852651,0.05279980572587141,0.9476635561592236,0.9472614985999455,0.9417642649415848,0.053021655544228996,0.9472117765235606,0.9467977926651476,0.9454520403686626,0.9472242574371131,0.9472001942741286,0.9424083148890335,0.9435815439796316,0.9511391233105037,0.946528072029808,0.9467965647083073,0.9455641477771952,0.9472001942741286
0.05902329894753961,0.06014234756826966,0.06101493726847248,0.9744851782654447,0.058487599239494474,0.05891576711751248,0.057891136483856076,0.0585582936321278,0.05859837027130486,0.06316113776850352,0.07548215532274215,0.05832071336013619,0.05946533117111354,0.059866261280479394,0.06264646261015082,0.05859837027130486,0.941295208025444,0.9417469057940889,0.9424218173596982,0.010318352409932174,0.9412949755258335,0.9413664484576337,0.9385406253191991,0.9413824277675579,0.9414016297286951,0.9446613847569435,0.9449968875814283,0.9401607096514982,0.938606447286674,0.9405617225603313,0.9394798865640989,0.9414016297286951
-0.03083210819787678,-0.03109080266472714,-0.01894137179527105,0.8659012643167036,-0.031650509254015975,-0.03151914434996301,-0.03140915349489142,-0.03159100959233468,-0.031520769867498466,-0.03638330787080374,-0.027876313956691694,-0.030809673959290306,-0.030359047830630145,-0.03227652270417337,-0.029826672756537914,-0.031520769867498466,1.030361639861551,1.032196277398058,1.0303053302198548,-0.11047355847630991,1.0313928110521018,1.0310667976710193,1.0314103056291495,1.0314715117140865,1.0315207698674984,1.0334005544293854,1.0282978837713643,1.034764225311543,1.0289773500730497,1.029920922632626,1.0310740933248739,1.0315207698674984
-0.04531084585508502,-0.046066254030097946,-0.041816734410091934,0.8958995778108737,-0.04587136052757525,-0.045645446103704884,-0.04379251215484464,-0.04580766653424591,-0.045841352523346125,-0.0470553589887532,-0.03426247310658206,-0.04464136981242592,-0.04385100339472825,-0.04364577326886953,-0.04585173206491559,-0.045841352523346125,1.044895770838737,1.0449012302362428,1.0376495612020387,-0.06557510673059075,1.0457649654443855,1.0456013575291385,1.045519344230851,1.0459035450566099,1.045841352523346,1.0504482152945578,1.0432088145049094,1.0508313562689477,1.0432744509877243,1.0446658518007825,1.0403991125218441,1.045841352523346
-0.026778509283282383,-0.026283724810249952,-0.022636702733587293,0.8995429044478841,-0.02607996201026345,-0.025971495015637096,-0.023740106802304605,-0.0261532381281479,-0.026147903977584923,-0.030810632924327015,-0.024271533268728916,-0.029735061327005558,-0.025982797107309368,-0.025905224458230694,-0.02480211183903978,-0.026147903977584923,1.0257762175277811,1.0257774757490297,1.0261263653096244,-0.07073716005357511,1.026151377597926,1.0254722191074133,1.0257693029375685,1.0262158474878758,1.026147903977585,1.0237466254185508,1.0091317259159969,1.0283925190909737,1.0242453120162318,1.0227498377095576,1.0230132967610235,1.026147903977585
0.0025143667599532354,0.003482716100864872,0.0020917409194919504,1.0621616196663446,0.0027644726438110245,0.002847137032051937,0.00424768855513763,0.0025657669917004276,0.0026649675738865492,-0.0061122355214807515,0.00863280630644567,-0.0001419009283617962,0.005274773771984478,0.004441194996386436,0.005805935056326063,0.0026649675738865492,0.9963214190346972,0.9960774467037872,0.9950722391922651,0.08750337686638165,0.9973966078462516,0.997152957378941,0.9984988740591327,0.9972690126582322,0.9973350324261134,0.9943681043355795,0.9866992358402961,0.9959111064100817,0.9973318818863585,0.9974715218448604,0.9965302038275458,0.9973350324261134
-0.007207512644297837,-0.007627780047069971,-0.003182036525959402,1.1117291701998633,-0.00801607722658706,-0.00772305598881246,-0.005751201069090568,-0.007996469898852294,-0.008033333968665334,-0.013175030521183908,-0.0014706363414754265,-0.010447050088837388,-0.009474586475690201,-0.004318329710344957,-0.00688938991558945,-0.008033333968665334,1.0070913682791713,1.0065274422179376,1.0060974775973426,0.1441439566783863,1.008006023045124,1.0077713567886228,1.007939975047525,1.0080833818538757,1.0080333339686653,1.0083931711728922,0.9993830861072701,1.0040423509863932,1.0054315626759311,1.0092263618099675,1.0066801175341817,1.0080333339686653
0.04869462612536131,0.04538861359270276,0.050123300455022494,0.9559789880960816,0.04592710353981438,0.04598747777396917,0.046461435752054844,0.045767290281581705,0.04581283699387838,0.041386781744241145,0.04981513555014818,0.04213649659442683,0.04799006198053733,0.045500450084545105,0.04371297067964085,0.04581283699387838,0.9541045726539527,0.9531572393451113,0.9484256223416535,-0.01904180174028447,0.9542556484990014,0.9539918271516711,0.953472165730462,0.9541921004089974,0.9541871630061216,0.9547151407855221,0.9496635574473151,0.9519236257523015,0.9553086392300916,0.9506625056404232,0.9507189984510156,0.9541871630061216
0.015810298170782118,0.015299377070241399,0.02701357471424238,0.9398546077518262,0.015731317102674735,0.01580933253640138,0.015756672661799333,0.015580774081062737,0.015681533654575863,0.00904187056825226,0.018230986197979606,0.012345540917270713,0.01756269740166917,0.01647918172214158,0.01651509700800018,0.015681533654575863,0.9842092383683552,0.9836330742558766,0.9831263293762206,-0.03403396986253848,0.9842962052090524,0.9839197987647541,0.9821007680295144,0.9842788469473304,0.9843184663454241,0.9837110144789226,0.9776418115743444,0.9869308036285122,0.9835398711760746,0.9825771980399118,0.979424138631632,0.9843184663454241
-0.035259863577562424,-0.03684258663933393,-0.023650055337802487,0.8732756515793718,-0.037416061518263884,-0.03747725043573328,-0.03562101398647191,-0.03744890106730517,-0.03753445793931435,-0.03751213958874416,-0.02757167352387249,-0.03667689964497845,-0.0388318875703841,-0.03495623713140959,-0.03518899335623854,-0.03753445793931435,1.0371663196063015,1.037750380319784,1.0292371340235427,-0.062035241234934535,1.0376281320713492,1.036926563846377,1.0347844559024097,1.0375879277867939,1.0375344579393144,1.0420404369779548,1.028447865666351,1.0374386868124266,1.0331415322069848,1.0343484407142698,1.0335123840748097,1.0375344579393144
-0.03506236848468599,-0.03377197175369462,-0.028654934834216352,0.8710424001525572,-0.03532310680008904,-0.034873961328709485,-0.035434182455069844,-0.035310498970753806,-0.03530229250648568,-0.03990558147112065,-0.032344857558026255,-0.03525868099813074,-0.03348485331587982,-0.03276354725670673,-0.030092010778788685,-0.03530229250648568,1.0348704787979532,1.0358781039339973,1.0329144484941946,-0.10377022172206418,1.035263631404248,1.0352162909005116,1.0331713071289916,1.035317224688473,1.0353022925064856,1.0366849600727863,1.0294407856510155,1.04131095276588,1.034442135233103,1.033901510926951,1.0348562810609614,1.0353022925064856
-0.025947783368438813,-0.026047834260688792,-0.0303853622362639,0.9048925383114768,-0.0264304917737833,-0.02613561600551784,-0.02507376923506546,-0.026326211313416427,-0.026338009240860074,-0.02223469257829556,-0.01289891798913736,-0.023552315644209895,-0.026005380906673096,-0.025139008441597187,-0.027788760382156677,-0.026338009240860074,1.0249683786779942,1.026181995354783,1.013781034574685,-0.07577648632665612,1.0262628939628013,1.0261537444488604,1.0255130519471964,1.026324518189055,1.02633800924086,1.0350885245251282,1.030306083964171,1.0337731508596466,1.025833244139199,1.0237039599950053,1.025148616206207,1.02633800924086
-0.02696206170790178,-0.02675081082718671,-0.03054927704709852,0.8840094363371261,-0.026977906006746214,-0.026713747737486325,-0.027211764648741057,-0.02696835217723194,-0.026984688673178176,-0.028604088196087594,-0.017039335089679548,-0.02821519806852864,-0.024901959855752717,-0.025154608161583592,-0.0238524839200871,-0.026984688673178176,1.0249328753359583,1.0262792549685134,1.0133258705075154,-0.07121574248807128,1.026982662405803,1.026767084505917,1.0247076077461024,1.0270093847554829,1.0269846886731782,1.0275887136965411,1.0165802181986308,1.028168384130512,1.0244222264662717,1.0265121123398941,1.0258746429727712,1.0269846886731782
-0.07011156312679426,-0.06886912603306483,-0.07346704655023639,1.0529701257997972,-0.06962399728983505,-0.06933145525379436,-0.0687449791434835,-0.06963871754330547,-0.06963494917914036,-0.06978253794665495,-0.06238087776058979,-0.06845941883327412,-0.06932507494363511,-0.06879561874882852,-0.06839239698648905,-0.06963494917914036,1.0685637491053224,1.0689422432191154,1.0525431007162793,0.10043755450429304,1.0696318594832819,1.069382699773391,1.06679167563496,1.069656156165262,1.0696349491791404,1.0714625333433272,1.059387300419597,1.0719771835940308,1.0677080507941326,1.0681386897402043,1.0654931973861905,1.0696349491791404
-0.037850419404032505,-0.04041819619407613,-0.029545870919948473,0.9792738222189424,-0.040561136338543365,-0.04042002289156172,-0.039531152352279185,-0.04069455479212271,-0.040671953787250206,-0.044106242380428026,-0.03530080662259746,-0.051371438792079116,-0.040224105850600815,-0.037839368596826725,-0.03864753988193555,-0.040671953787250206,1.041901109963781,1.0402472435718766,1.0402900472286463,0.001763645623797494,1.0407900172735025,1.0404559757447644,1.040359437332056,1.0406352962584482,1.0406719537872502,1.0437214288712158,1.0363500655107118,1.0345925193631766,1.0401718542079963,1.0394832051384273,1.0409267949515608,1.0406719537872502
0.029107876998202737,0.029521583764551128,0.02894185336826861,0.9412178047109854,0.029452776984474842,0.029712125663845665,0.03161770284377659,0.029318173684615843,0.029407773412044747,0.02805137271437224,0.030306794324157182,0.02677696680953573,0.031818803564130194,0.02844171635721236,0.03271603975535421,0.029407773412044747,0.9695409419517825,0.9704590545111902,0.9612546842067851,-0.027226735693125725,0.9706984166500575,0.9702641349234445,0.9696993210313084,0.9705278088046659,0.9705922265879553,0.9735263406682942,0.9579585277592462,0.9697247243052375,0.968905862758141,0.9687172950441242,0.9710781445630804,0.9705922265879553
-0.0055861427447773445,-0.007399869508218588,0.0025126146506669715,1.2218599956836405,-0.007009477908472193,-0.0068689130605615305,-0.0062335391175438876,-0.006871475118965046,-0.006935670259093014,-0.010598130442841804,-0.004172431565451687,-0.008789846618201994,-0.004505406056682777,-0.005176822294978539,-0.006372820961177428,-0.006935670259093014,1.0058653069284151,1.0064738321817226,1.008536857212981,0.24679184537656895,1.0069210344712665,1.006612708323838,1.0053532729992516,1.006999536741927,1.006935670259093,1.002906731494551,1.0028047883612523,1.01229601852695,1.0073701248696547,1.0041988466427898,1.0037527915766435,1.006935670259093
0.03634475979076976,0.0343944560742682,0.03431625512981662,1.0593311739136475,0.035039519181242665,0.035788609994190375,0.03544154230046234,0.035241903908153155,0.035257541378331314,0.03070460071100955,0.04086495033320293,0.03047121348526865,0.035527588531640605,0.03782249256913764,0.03738056477948816,0.035257541378331314,0.964814864109339,0.9632323905594496,0.9569739157248667,0.08335111643624316,0.9645982535804389,0.9646029462120764,0.9635981654337191,0.9647057607427685,0.9647424586216686,0.9660884352617686,0.9581352654015365,0.9606855015621163,0.9619863679316184,0.965730287758874,0.965325983956411,0.9647424586216686
-0.006286444728270731,-0.007291551383752577,-0.0032337301949158467,0.9238499196722498,-0.007858484337639172,-0.0075666799621016325,-0.008236349579877227,-0.00777595594026312,-0.007814282306947307,-0.007978574715058535,0.006739544030192386,-0.00651645967701819,-0.006958836391567578,-0.0053122683306453715,-0.007642649894094636,-0.007814282306947307,1.0074764935141625,1.0074134289935144,1.0013296394021036,-0.036886105883923825,1.0078992127317727,1.0075056596929313,1.0064513586157122,1.007883320710489,1.0078142823069474,1.0095719436359394,1.0065547538368218,1.0095358196668538,1.0070575661172718,1.0072076941669905,1.0047336695593767,1.0078142823069474
0.039021888720258864,0.037869234404160367,0.05265641189627873,0.8445180412177853,0.03703259825208209,0.037548163820349985,0.03847838219608356,0.03717946896688739,0.03715842661406212,0.03791864950369113,0.04477976830926204,0.032839347295415725,0.037128042709214056,0.03655720129038089,0.04051449039455464,0.03715842661406212,0.9631714520189535,0.9620909799573999,0.9797700909994168,-0.13577111788543106,0.9627141195694742,0.9627087789671028,0.9619091310069653,0.96289635209907,0.9628415733859379,0.9685082323636769,0.9612900922456963,0.9603062599847414,0.9621461389703199,0.9604883489341182,0.959132542034896,0.9628415733859379
0.01809377159134798,0.01730943705613537,0.011898975684100569,0.8947488362942456,0.01699484705412374,0.017353076294057676,0.02044860988390245,0.017051032344106026,0.01704548561536423,0.01459897729767604,0.02510593182987795,0.015389677409289227,0.01869457284589075,0.020201307118706706,0.019553299088749296,0.01704548561536423,0.9829967098958271,0.9834066623061088,0.9695528880349171,-0.07435227829879043,0.9829391067386027,0.9827978858551562,0.9818030969623608,0.9829912391797675,0.9829545143846358,0.9813031249597147,0.9809492993930886,0.9867417812348024,0.9826430438497252,0.9818799146841054,0.9814781717384495,0.9829545143846358
-0.03144971554255762,-0.032745906874016295,-0.02965087211565189,0.7738961365719038,-0.03270042281971705,-0.03242485181709356,-0.03249949994356649,-0.03278126266005275,-0.03277390768486904,-0.03934624073655353,-0.02511567710145731,-0.029071482410491994,-0.0328056205933327,-0.03012678561514617,-0.029286010876563153,-0.03277390768486904,1.0312131141240113,1.0328013339313775,1.0196763302867695,-0.1853694238863015,1.0328130354931546,1.0327517931361307,1.0310913220977842,1.0327681185809994,1.032773907684869,1.0285415957109196,1.0251904920420551,1.0379701069910625,1.030967128434221,1.0322280724991022,1.0345012752023246,1.032773907684869
0.018986152237399086,0.017059367471224298,0.02205165058915642,1.239959877366366,0.017953890229685632,0.0182361677175691,0.019018460173062027,0.01774697727852047,0.017854747532911663,0.011102928179277759,0.018129407783658614,0.018769908377485857,0.01838311698684421,0.021287699193645402,0.017640195387499953,0.017854747532911663,0.9812107418443935,0.9812136333118556,0.9773131926480925,0.26895317600827595,0.9822287718983728,0.9820369035844017,0.9811913330223732,0.9820569243869625,0.9821452524670884,0.98101123125216,0.974114111203134,0.9831339013425685,0.9790619605063022,0.9823778596466693,0.9786631333172904,0.9821452524670884
-0.08056322340114193,-0.08099194308180584,-0.07098975641995917,1.1128792808673589,-0.08051302398806869,-0.08010569809058157,-0.078973133095222,-0.08053430779161158,-0.08063274063977198,-0.07973945110438295,-0.0720784943960965,-0.08111240760456798,-0.07952253868031285,-0.08029596897428297,-0.08131875575744964,-0.08063274063977198,1.0786490627225829,1.0795952155410802,1.0794094151737978,0.14731636691887473,1.0806984590410111,1.0807312305828185,1.0792843577266553,1.080725510025951,1.080632740639772,1.088397021638195,1.0744631412006973,1.0796803574453517,1.0789879093905768,1.0790001156603546,1.0783465441958855,1.080632740639772
-0.03838370540832135,-0.03706088516644389,-0.04727206278929038,1.059832015471998,-0.03747756187598966,-0.03688572581212077,-0.03633489159030838,-0.03738817423671421,-0.037340406747168084,-0.03994359447526154,-0.03156848905308868,-0.04179540252636033,-0.03599737830022404,-0.03710097047589288,-0.036937380110369594,-0.037340406747168084,1.0350236637977805,1.0370146655265584,1.026692819221847,0.08214993970666429,1.0373494994254606,1.0371212186436556,1.0367911840589006,1.0372798514174548,1.037340406747168,1.038243919050831,1.0285623462816602,1.0348204538194956,1.0369350860078488,1.0358410443706618,1.0349433605596798,1.037340406747168
0.03700756544765557,0.036935533416569355,0.04011976415272103,1.0033847025520843,0.03681838930094367,0.0371720647520701,0.03839917446880891,0.036906498653902435,0.03690798795851535,0.029664147291458467,0.03953960608669265,0.03930040362613756,0.03798488105022641,0.039721361211412516,0.03793657889037956,0.03690798795851535,0.9635136554821122,0.9630117586157334,0.9630230204715698,0.019706764782154274,0.9630629687285047,0.9627058775908971,0.9632573603587946,0.9630546803803597,0.9630920120414846,0.9628028083187664,0.9540076399804159,0.9687506418506836,0.9635493265843371,0.96175250723567,0.9604610564769279,0.9630920120414846
-0.0386883895557262,-0.03774308264881068,-0.04372295999776344,0.9509430202591486,-0.03760605336953945,-0.03740000371986191,-0.03682221132326907,-0.03773032315783789,-0.03765628520997189,-0.03827538063437412,-0.028914158463768786,-0.04480859373105796,-0.03541867525914338,-0.03603267690201654,-0.035656518323008486,-0.03765628520997189,1.0365556122108153,1.0373819092099277,1.0301230071506045,-0.03073681809335138,1.037720086634975,1.0372295867940255,1.03662163634185,1.0376261924328563,1.037656285209972,1.0437705202493213,1.035378694092427,1.0334476164879036,1.0373947372015424,1.0358321359331555,1.0352500223041357,1.037656285209972
0.05211349457340314,0.05199831840150843,0.051157464566015734,1.1324743360837686,0.051280610848181835,0.05193748244751308,0.052765538369509875,0.051324765569224155,0.0513068644837786,0.052801401150549,0.05946311275017809,0.04708797716822759,0.052635429940044914,0.055476404800274104,0.05342812841036871,0.0513068644837786,0.9491535260243026,0.9486792226247984,0.9457244711735566,0.15757566300263148,0.9485967441256482,0.9487957744681556,0.9477667517296919,0.9487309111559906,0.9486931355162214,0.9519910869584698,0.9470743623381372,0.948689731337211,0.9474525155931409,0.9482020054117478,0.9457084965736469,0.9486931355162214
-0.03238619097977042,-0.03262248212515444,-0.028901855606819623,0.9035498597024536,-0.03245124369773555,-0.03216238909168785,-0.03194869370828782,-0.03244152659673741,-0.03238444221536039,-0.03217384989897888,-0.025308577868452635,-0.030046258174490102,-0.03010996582422372,-0.031088396906440358,-0.03124649111972669,-0.03238444221536039,1.0308297351841968,1.0325649615709303,1.0323526256772548,-0.07937320153163263,1.0324895535787266,1.0321027871799489,1.0308951917883145,1.0323637460958075,1.0323844422153603,1.0390479463036741,1.028875406541431,1.0384153171861417,1.0323520842071434,1.0302143679189828,1.0314869877145216,1.0323844422153603
-0.013541995314821035,-0.013873363965795244,-0.010187679626787424,0.8931621658285054,-0.01396371245364791,-0.013867678435480563,-0.015447805092776101,-0.014156043680993855,-0.01411568180256953,-0.014101949773427172,-0.01958300777169907,-0.011709698187432113,-0.012257336624133246,-0.012862335645303988,-0.011927741417124278,-0.01411568180256953,1.0136643114148338,1.0136704196011037,1.0126944222302263,-0.09193647337256494,1.0141887000925274,1.0139344580171934,1.0124937349685552,1.0141592624745621,1.0141156818025696,1.0215564162669364,1.0057367150310066,1.0144963388809412,1.0134427386071811,1.0122115191177745,1.0141847100391719,1.0141156818025696
-0.022526022293468943,-0.021748563759858952,-0.019712467585658113,1.0281652255685205,-0.023222439214213297,-0.023497642710432618,-0.02169763053976913,-0.023413815726376477,-0.023393919912193795,-0.027561206032329505,-0.013837649248989762,-0.02154245097638351,-0.023386389320620943,-0.020860928780370516,-0.01955823364562098,-0.023393919912193795,1.0218181984695136,1.0238411657831867,1.017605699509509,0.06750180716184284,1.0235422066198185,1.022769225611528,1.022909690143893,1.023416711824203,1.0233939199121938,1.0249066458446336,1.0184059000099417,1.0238385606513838,1.0226775733508773,1.0235563474142646,1.0203317906589389,1.0233939199121938
-0.04605029732299846,-0.04650951805387839,-0.04290999130673266,0.9439538931572343,-0.04723728657139955,-0.04702836796599468,-0.04728254154945016,-0.0471090378416276,-0.047198840957297726,-0.04819221554998889,-0.03709346665659613,-0.047662751728133515,-0.047647552387804645,-0.044111006654829664,-0.04546270036061964,-0.047198840957297726,1.0468554632823046,1.0466176180225293,1.0414445763323514,-0.021388856061620887,1.0471931638517884,1.046840605231171,1.0448002936756773,1.0472607285572724,1.0471988409572976,1.05190447163851,1.0404968614500434,1.0490165908740516,1.045926039916398,1.046794967298027,1.0450119105800226,1.0471988409572976
-0.009415857013128496,-0.011117444659458936,-0.0072501889800944425,1.0446609620561018,-0.011326769253092181,-0.011121469565770882,-0.0073918669173429295,-0.011281622029268228,-0.011217297238222554,-0.007990943938615764,-0.009801831327069724,-0.008363269732162112,-0.009818448422461941,-0.010393050172333721,-0.012042291302815039,-0.011217297238222554,1.0108606819963617,1.0110699926181814,1.0028760509295938,0.08187566116463585,1.0111369311252079,1.0108487277050944,1.0111426306174525,1.0110989419380718,1.0112172972382225,1.0166949262366678,1.0030070279082635,1.0139429181021593,1.011749474554893,1.0079274526544915,1.006513356666414,1.0112172972382225
-0.02951394786167714,-0.029259395757432458,-0.030304938043004156,1.0910814834618496,-0.03069846491363822,-0.03051787018920795,-0.028731012113605053,-0.030784334821262863,-0.0306750650862385,-0.043306335301922634,-0.016428068424306427,-0.03419852813888154,-0.03009958934767042,-0.031117772635009568,-0.029648466909227206,-0.0306750650862385,1.0310209486236996,1.0317603723983269,1.0175596013912147,0.12448430071111338,1.030718714320748,1.030309522778366,1.0300636401443302,1.030594438107599,1.0306750650862384,1.0238383671779834,1.0299766474625347,1.0323708760646744,1.0296692630756665,1.027905829585689,1.0262593843948724,1.0306750650862384
-0.018785004699126022,-0.018729426088175745,-0.02042963354777142,0.955475466756288,-0.019126758229978714,-0.018972944566528625,-0.01711315282365804,-0.018966691283795616,-0.018991509628741715,-0.018807983213955094,-0.012023385434376062,-0.01801071486793389,-0.017628762148515487,-0.01695245697937493,-0.017942882909104695,-0.018991509628741715,1.0160481390384155,1.0192153053727437,1.0091431673445617,-0.005640832890764225,1.018929759999995,1.0184753334275705,1.0188576704850165,1.019001404932102,1.0189915096287416,1.0235765606295153,1.0126268250592403,1.0217451735548861,1.0160158699127906,1.01577834896052,1.0147332067916792,1.0189915096287416
-0.07310250921689095,-0.07281317434283169,-0.07400811546983638,0.9924664619975021,-0.0735006874982781,-0.07304753599655077,-0.07143357893276026,-0.0734603781532223,-0.07345859279249406,-0.0735713635804277,-0.06644087217721145,-0.0691855793407541,-0.07140136965101443,-0.07297809156513196,-0.0715111090779399,-0.07345859279249406,1.073046163172887,1.0740198780059393,1.0645674670265957,0.0262668818608357,1.0733783065150706,1.0734347816771845,1.070469350699681,1.0734956957947532,1.073458592792494,1.0798367412791603,1.0684483652456627,1.0765910311021551,1.0725894918998384,1.0697710409476333,1.0722106919236791,1.073458592792494
-0.03583589236400211,-0.03656733746104025,-0.02917094864599896,1.2996745874531532,-0.036805359307422354,-0.036827196204698466,-0.03442589460267951,-0.03684590631673605,-0.03684974893748995,-0.05389884477777605,-0.03324592148355789,-0.033261201337628686,-0.036790819074585396,-0.035235184013781846,-0.03695443154387128,-0.03684974893748995,1.0369520993247547,1.0368860663064148,1.0399901159133045,0.31164870079190243,1.0368153584088609,1.0364639547036083,1.0360828108679776,1.0369107239591528,1.03684974893749,1.0353393443325545,1.029873342921294,1.0405660005180093,1.0362524303074918,1.035832319820158,1.0337276155998538,1.03684974893749
0.05572289529057153,0.05567546775108446,0.06740969560996223,1.0042387703724758,0.05457959052697449,0.05518800115792219,0.05690853461313001,0.054821971563557864,0.05479555508421859,0.054347972845817834,0.06404478877628667,0.0571545874695766,0.055134437191141965,0.0547875885236209,0.052733958654485755,0.05479555508421859,0.9430502251326649,0.9457089555143455,0.9449168288985055,0.05041312333019754,0.9450529489184171,0.9452099107362654,0.9449763135770852,0.9452750176036798,0.9452044449157814,0.9459426909912907,0.9391325483477814,0.9485078535996274,0.9427798944643974,0.9426859297495356,0.9380886461384205,0.9452044449157814
-0.0024635742241052388,-0.0030650244642785565,0.0047404987645918994,0.7336531263939555,-0.0037281836944808165,-0.0036207019539096427,-0.004541280908491089,-0.003714474470580076,-0.0036954056726453337,-0.0027115223752886054,0.0002728615277152938,-0.008919433618424693,-0.002669612408049874,-0.0021196306457362296,-0.00031650682491809394,-0.0036954056726453337,1.0029664771156774,1.0036239461339693,1.0028368175477163,-0.23955613398550502,1.0036974233640958,1.0033957914324922,1.001615055336256,1.0037017369335657,1.0036954056726453,1.0092753340685037,0.9964463099312155,1.003448890983192,1.0013983698306306,1.0035892733100387,1.0038528258272088,1.0036954056726453
0.013264083019753129,0.013657436878506731,0.02556417305862322,0.835890780457809,0.01263076071071537,0.013012259162290311,0.013742772296134374,0.012704921615591667,0.012653520913167834,0.01604414983358317,0.023448011198116472,0.0117637237713974,0.01533317236036748,0.01408902115452859,0.010901463124457698,0.012653520913167834,0.9855462908626411,0.9876461754934651,0.9820563837416258,-0.11032879006841823,0.9873401922252646,0.9870777779116052,0.9873310990667626,0.9874212890616814,0.9873464790868322,0.9907642489002163,0.9789271650963267,0.9924229731028804,0.9871744895034964,0.9829665148550515,0.9806437869717901,0.9873464790868322
0.02707354535114771,0.02806775819983936,0.025884133307680468,1.0325087071572505,0.026711743461638033,0.027004656950944145,0.029215502177124264,0.02669185265262391,0.026724451493122074,0.025237239485386795,0.032986192714467635,0.027112159130603497,0.027340437751145922,0.027849775153689464,0.027361565500088208,0.026724451493122074,0.9722651696301,0.9738061694281338,0.9616907483282475,0.0610081582811417,0.9732927938167902,0.9731719969603774,0.9736873710630847,0.9732980778184869,0.9732755485068779,0.9723210961544236,0.9679612504141157,0.9818135300031586,0.9716552664334396,0.9712613957272374,0.971064420916809,0.9732755485068779
-0.05671634289368216,-0.05629333583986634,-0.05044709906578191,1.0568421316900531,-0.05663122330036667,-0.05611159103565279,-0.055006577683527395,-0.05659900764324596,-0.05658545451374409,-0.060346850527395385,-0.0555427918606192,-0.05901606186160348,-0.05482652468514546,-0.05302017066002569,-0.05719591197813869,-0.05658545451374409,1.0551319978318368,1.0568095470251955,1.0520767678476024,0.08073990594859659,1.0563487799900555,1.056511966636857,1.0568197016138985,1.056673906526272,1.056585454513744,1.061809921869837,1.0458553880811028,1.0606914882511846,1.0552920582089866,1.0552625325467997,1.0534696291559502,1.056585454513744
0.0028747204544547064,0.0037135601799992606,0.01261030647166502,0.8881089052121055,0.0035283181977678628,0.003847699018548626,0.005173533369869686,0.003536388161293229,0.0035093782727580697,-0.002560804261052812,0.007057326406242407,0.0024386880043211086,0.0065215884103617715,0.005131313372153226,0.007646072390019723,0.0035093782727580697,0.9961184112270642,0.996222699004288,0.9952621710420599,-0.08074659119310734,0.9964435531226576,0.9963575792939862,0.9959850141778005,0.9965131728467606,0.9964906217272419,0.9955712630885649,0.9876188046995734,0.9937708050290414,0.9966760578819459,0.9973351773914427,0.9976553566553891,0.9964906217272419
0.026861048495564692,0.024880692210638218,0.034277982741428716,0.9120171113295287,0.025383383050636144,0.025917740457812838,0.02621863340727798,0.025303467976119754,0.02535155223358354,0.025743497548331246,0.023395505095281273,0.02113207932320446,0.02833653460336298,0.026611891692493218,0.028115310415665767,0.02535155223358354,0.9752302935178768,0.9735552485628155,0.9636411304990716,-0.04323510483472659,0.9746563045322796,0.9748473266932725,0.9730854551223191,0.9746166021095554,0.9746484477664165,0.9753918135206041,0.9591838462460487,0.9723558759208347,0.9752221161409655,0.9739530633040477,0.9747330763357429,0.9746484477664165
0.023243549974652448,0.023108462421191953,0.01873292900305231,0.9363216681142074,0.02250502615047074,0.02272461941768359,0.02169437729106189,0.022521327010698807,0.0225109232387972,0.021581393895820603,0.032114712531664376,0.018290006869505476,0.022549328188274567,0.024293291817380464,0.024238473733437734,0.0225109232387972,0.9770331550852384,0.977477497318643,0.9593597257746449,-0.021599139190616068,0.9774894852294441,0.9771495377887108,0.9755953648080755,0.9774038296030657,0.9774890767612028,0.981029520370624,0.9666204545173062,0.976736206052315,0.9747039108975218,0.9760125287812446,0.9755873282148219,0.9774890767612028
0.04602709853581746,0.044556314158223885,0.05322239562319573,1.159921773879441,0.04490883355981917,0.04508445217417211,0.04552656499727931,0.044624239143460205,0.044657524414760195,0.041024305654885976,0.05623532171293528,0.042486497737243514,0.0474236766018007,0.04838669197174336,0.0463340772056201,0.044657524414760195,0.9548607936781544,0.9546071585367567,0.9555111250327266,0.194707288859294,0.9554884155018307,0.9552458356864695,0.9537694390813743,0.9553727991557021,0.9553424755852398,0.9615932684206325,0.9486282285981386,0.9591891967843786,0.9536742416297862,0.9542065656073047,0.950850176055748,0.9553424755852398
-0.08056542481452846,-0.08049816048467832,-0.0781355648038708,1.0065859416120722,-0.08147287417786561,-0.08120710916038455,-0.08015175532381692,-0.08152424308561672,-0.08154625065106764,-0.08434753997676682,-0.07056890563469989,-0.08292390057618769,-0.08058755491133317,-0.07840462640119808,-0.07618631528828598,-0.08154625065106764,1.0811790652425985,1.081833721939821,1.07987335283614,0.034099739357394965,1.0816370358577574,1.0813142697227438,1.079989042637952,1.0815685974642641,1.0815462506510676,1.084911976061618,1.0784801591645348,1.0839834443192593,1.080568443433794,1.081387391858854,1.0819402725720069,1.0815462506510676
-0.004786701339735462,-0.005907787155941613,0.0005388155569594792,0.8612107612172594,-0.006394674760149848,-0.006006934167654239,-0.00594363306761378,-0.0062882809534581955,-0.006361308883853777,-0.008250688853879824,-0.0014027438082666595,-0.007573674590366849,-0.005194628262112667,-0.004485298685283629,-0.005115219838259186,-0.006361308883853777,1.0067082952240896,1.0060295763682074,1.0027486058508186,-0.10172710235707072,1.006322883320689,1.0061587512970525,1.0035091884056662,1.0064411642361137,1.0063613088838537,1.0090172360955512,0.995825624949005,1.0067055006432224,1.0062459221321447,1.0047856066825074,1.0032347239893629,1.0063613088838537
0.027132192431753993,0.026131203595892674,0.03978744792251232,1.1195916531336407,0.02520870357284654,0.025233035548758814,0.02482270626404279,0.02522079904232061,0.025192531190414143,0.018341899001468216,0.03048572449062411,0.02854847846969813,0.026236748942652384,0.026331807236469378,0.02628788721554928,0.025192531190414143,0.9753278890253531,0.9747593006410116,0.9782601076231067,0.1572386882648037,0.9747323111205674,0.9744954692900556,0.9728205426874587,0.974877204152806,0.9748074688095859,0.9742850931510502,0.9636625337263655,0.976478140814304,0.9747804179348414,0.9732603890085375,0.971887748119784,0.9748074688095859
-0.025952603557725096,-0.0269265380056554,-0.027692137028463484,1.19290124244556,-0.026713740121852018,-0.026435984191239978,-0.026420338977499368,-0.026674959930159184,-0.02667522758994016,-0.02642477553652337,-0.02817641295278783,-0.02628773479470266,-0.025096771841287672,-0.02439869098621145,-0.027119312151775675,-0.02667522758994016,1.0261113727224944,1.026420018061526,1.017432040327161,0.2248451387316721,1.026523636881632,1.0262802074962416,1.024466405213993,1.0267055419776263,1.0266752275899402,1.0267621936023155,1.0123720685648514,1.0305564450862272,1.0257289552013111,1.0247891966843767,1.0255982572409768,1.0266752275899402
-0.04677820870007047,-0.04674819915026381,-0.048084498659053995,0.7444873103232518,-0.04626337805388864,-0.04588579971871246,-0.046365794003236184,-0.04631206210781711,-0.04636199269868103,-0.04824740768577626,-0.041649348231174575,-0.04921161386006286,-0.045526302157102766,-0.0452370185401043,-0.04461885773471736,-0.04636199269868103,1.0446725365147485,1.0458761923072897,1.0371914734071426,-0.23957617616354399,1.0464128448791443,1.0461625271193684,1.0430209361227691,1.0463837783862902,1.0463619926986811,1.052149909101267,1.0454566109702237,1.0443748969573043,1.0464712797193279,1.0432659147725547,1.0479580779292506,1.0463619926986811
-0.07191164126934681,-0.07132039992622047,-0.0673138781471598,1.0455267496879144,-0.07247183215768387,-0.07221411731591419,-0.07103306133793348,-0.07228721807024237,-0.07231501221593337,-0.07658093459922696,-0.05996242119893568,-0.07280787231496665,-0.07202209023710104,-0.06915388131125451,-0.07143446390556925,-0.07231501221593337,1.0712589072712866,1.0725393639434562,1.0678559363412505,0.07317669218821088,1.0720905508452225,1.0719873919024274,1.0703621527506002,1.0723524117906496,1.0723150122159333,1.072273354029366,1.0725922054012278,1.080627331419272,1.0709137309525922,1.0717808351506837,1.0685024718125715,1.0723150122159333
-0.0404825307730681,-0.04193900243859428,-0.031255594791782505,1.1002752574721033,-0.04185443200255819,-0.0414252249735364,-0.03999159485424079,-0.0419429079123451,-0.04193260436122346,-0.05044112573683994,-0.036847580477722026,-0.04517229877579151,-0.03948603881913559,-0.03817966496419533,-0.037897866513357976,-0.04193260436122346,1.0415394288161437,1.0413649225790647,1.0424198546704013,0.143335177541551,1.0419248975056203,1.0418931405595053,1.0414476950750966,1.0419557062651585,1.0419326043612234,1.0355637417762695,1.0259121214936977,1.0426797054101202,1.043202518139273,1.0418417603723418,1.0408329472816866,1.0419326043612234
-0.02557327475985962,-0.026131266877480148,-0.009514145657105578,0.96026269676417,-0.027195642758688948,-0.026925889699683014,-0.026982411336776424,-0.027223712422585245,-0.02723094435895722,-0.036901874437501786,-0.023605050457589583,-0.03305278019523515,-0.025961168952590666,-0.026807522640761694,-0.024820239404023985,-0.02723094435895722,1.026866126836879,1.026913931709171,1.0253960878766737,0.010266444788360252,1.0271491107727873,1.02701951760267,1.0251070767348438,1.0271895931182795,1.0272309443589571,1.019831988790516,1.018539535075205,1.0196449596616637,1.025919773857739,1.024789529791738,1.0252990269503082,1.0272309443589571
0.07371783516861648,0.0735617425861607,0.08346155562296466,1.164268707391997,0.07242080767607412,0.07272245597226201,0.0743404710068692,0.072528324255779,0.07247407802932984,0.07379671090431505,0.08512311128090856,0.07178481111784199,0.07491270550157887,0.07233804075124162,0.07457354557351932,0.07247407802932984,0.9270414468785646,0.9270081002964399,0.9238607220169891,0.21735249886753738,0.9275793095864038,0.9273866696506855,0.925324245454502,0.9275819380038121,0.9275259219706702,0.9261399197334702,0.924572338072285,0.9279878036848996,0.9272391019559885,0.924982496240376,0.9252292910076609,0.9275259219706702
0.005615024159003797,0.004334212659712839,0.0017153921388206358,1.1527860720545446,0.004670458949429883,0.005081483425832451,0.004969308030779294,0.004715245063605385,0.004693469861190601,-0.0005461897749034697,0.0061379218323495376,0.00022392283761087046,0.006168139385408914,0.00632605664192541,0.007545132900887507,0.004693469861190601,0.9942304499114258,0.994999363011244,0.9786036046296791,0.18503121323971616,0.9951322448758452,0.9951673588437041,0.9922931926537931,0.9952790026738134,0.9953065301388094,0.9932117446439102,0.989505226233005,0.9963365899308175,0.9937541491434714,0.9934421737195,0.9931977399437201,0.9953065301388094
0.030569871040188424,0.030228956556420838,0.039182159162290765,0.6634909088232408,0.030144604061166598,0.030148947922774214,0.030003408784636785,0.029948713931774933,0.029997352876836428,0.03078414643519815,0.03939407790666756,0.029975628139107376,0.0320332970011906,0.030859635608964976,0.03259316358390251,0.029997352876836428,0.969988906264598,0.9695014591543639,0.9726478302439706,-0.30354209033076596,0.970122620130832,0.969861812589881,0.9704959426678201,0.9699722850992013,0.9700026471231635,0.9743085401465866,0.9608362888422051,0.9685564552263658,0.9697206035278781,0.9682721479754283,0.971222294226479,0.9700026471231635
-0.004708804783705716,-0.005060985903255067,-0.0053574682515714015,1.0548412310533781,-0.005469458727297802,-0.004942318941340291,-0.004418945072947227,-0.005538446316182738,-0.005462137197622092,-0.018143910010704933,-0.0044252704149847525,-0.004766589902690758,-0.0021844356600183475,-0.001989216479626797,-0.0016814947544664788,-0.005462137197622092,1.004282743063561,1.0050678360828134,0.9968963516738127,0.08759253691036306,1.0054288775814877,1.0053524386407657,1.005258079408382,1.00546831391249,1.005462137197622,0.9960729099194423,0.9901965748632577,1.0116913854746707,1.0057981265696867,1.0062294154982598,1.0042250977231504,1.005462137197622
-0.008633789654433772,-0.008486875600853533,-0.007319804501549731,1.0382642244200677,-0.009728484035412986,-0.009466807875193722,-0.009083447543323993,-0.009754962270067615,-0.009733847940245751,-0.010685509924868233,-0.006143493961828898,-0.01103755182895972,-0.009390887997264303,-0.00855243611860883,-0.004013251692148711,-0.009733847940245751,1.0099289530089268,1.0102597983195831,1.0036464105114478,0.06573022752586233,1.0098672903076291,1.0092497713686188,1.0070272001648075,1.0097276872087233,1.0097338479402458,1.0148205520996079,1.0045197546034739,1.00996242641614,1.008796870239393,1.0084862668110912,1.0092534816810863,1.0097338479402458
0.018905956249807926,0.02031442977358252,0.02057548377411188,0.9794079706635876,0.019194786038029408,0.019789045818023,0.02106824086971321,0.019418951575826484,0.01942737995773348,0.01703019276201908,0.027600567936787192,0.022559696091744602,0.018966975160740106,0.021253711828174933,0.023833772893726835,0.01942737995773348,0.9796759209410324,0.9816021560110941,0.9723364112764794,0.009138511243678038,0.9803608961324737,0.9802997231881084,0.980650274712572,0.9805810669720468,0.9805726200422665,0.9837383600551263,0.9760656697835567,0.9849214349049611,0.9786326780225058,0.9793550995587234,0.9794236286181702,0.9805726200422665
0.014385202195753217,0.015196438816720963,0.01751606442617458,1.1249750038241042,0.015042613020812208,0.01565932945069025,0.015519747307810102,0.015139856582119254,0.015123864142334775,0.011745149816197972,0.015750636618213833,0.011779700265156486,0.017520007784096268,0.016878259831466493,0.016518512903170805,0.015123864142334775,0.9841419630000184,0.9844458987578512,0.9857067834014626,0.1408882409309289,0.9848319436231175,0.9847259120492806,0.9820169165643371,0.9849193805810846,0.9848761358576652,0.9873512193417922,0.9758277051423971,0.986963250243084,0.9849301887038954,0.982601487691084,0.9825949946070031,0.9848761358576652
0.02915378568001796,0.028195629091658056,0.03183790890040167,1.0415452705604793,0.028552186793385222,0.028988102314220752,0.029742333187576853,0.02845864948187317,0.028480302763879327,0.027357199760532133,0.03273594113050097,0.02352829093545749,0.029341797287862837,0.030400147337490017,0.035778152383498955,0.028480302763879327,0.9695764504342393,0.9709356411215112,0.9642162959091474,0.07722982805294432,0.9715551480292167,0.9714390826393337,0.9696284324429955,0.9714424004293317,0.9715196972361206,0.9749087650245625,0.9631992108643745,0.96977013498986,0.9711403960526586,0.9689769528510551,0.9728538439152536,0.9715196972361206
-0.022702379688575577,-0.022829365745810126,-0.020357210144468636,0.9991261346723775,-0.023214242329229792,-0.02276966848260476,-0.020941057884431107,-0.02318346056937547,-0.023124560159837753,-0.025271686422636414,-0.017868202801430182,-0.02697308985916001,-0.021730797610200577,-0.021307593165159254,-0.018854789343116365,-0.023124560159837753,1.0217594060684363,1.023049576296766,1.0119320158683078,0.034270332489509725,1.023017467668772,1.0226662618450584,1.0218978383639177,1.0231045887714312,1.0231245601598378,1.027818270823866,1.01810652399235,1.0201840537848113,1.0239298895911073,1.0210055331534427,1.022411849997332,1.0231245601598378
-0.03905786873124387,-0.03922769665343217,-0.04121950486810469,1.0429099775027115,-0.039231191498076974,-0.039035574474157966,-0.038220160655516505,-0.039217967686394795,-0.039193328731876725,-0.039748918610442795,-0.03192313678861615,-0.0414517701994575,-0.03691210349207884,-0.03575254442674545,-0.0359855217463524,-0.039193328731876725,1.0384605791263142,1.038916603655036,1.0317345243070664,0.07637732117436757,1.0391481441518078,1.0387933814209536,1.0386149391853639,1.0392016298224889,1.0391933287318766,1.0412520067895354,1.0319996244596341,1.0376367425319588,1.0393308450651326,1.0386799845643768,1.0372933809162974,1.0391933287318766
-0.031635374485034916,-0.03127175329342383,-0.03294775644756286,0.9613421844468375,-0.031008066821245607,-0.030966679673302123,-0.031018760201847122,-0.031190619746141127,-0.031178213338234183,-0.03617348750064794,-0.02965137497119375,-0.035099990394101346,-0.030233525064441137,-0.03071480444087483,-0.02766046792276546,-0.031178213338234183,1.0305577352434798,1.030638722202799,1.0255963690686904,-0.017507404876811572,1.0312425884564975,1.0310025770891607,1.0293028835927494,1.0311890275687992,1.0311782133382341,1.0294891077021113,1.0255185182664877,1.0288228130441048,1.029692712979969,1.0284565725057402,1.0300886563568694,1.0311782133382341
-0.0375894309153275,-0.03697079932636909,-0.023191697397830845,0.9575062905843517,-0.03749998274123389,-0.03702986563815371,-0.036321975107462746,-0.03755249554590077,-0.0375381908743733,-0.044467609675398374,-0.028730148329344594,-0.0385243839328358,-0.03776261577419733,-0.03617898450869211,-0.03534228444756013,-0.0375381908743733,1.036365075238718,1.0373663901160826,1.0386889983996253,-0.0036450805182801638,1.0376582770796479,1.0373753500042864,1.0351970531828505,1.0375307756807268,1.0375381908743733,1.0360788476996505,1.0324200295720423,1.036807804940074,1.0351338075365508,1.0357101458931515,1.036689050649149,1.0375381908743733
0.018743300240863313,0.017972831012195836,0.030925660049349043,0.9982301044475772,0.017496465535219906,0.017583257507331914,0.019485376067107478,0.017393251077505726,0.017397149887512186,0.014298595292288085,0.030795222194547018,0.016973059373942057,0.01983422616336512,0.018971198257187148,0.02059941345344988,0.017397149887512186,0.9819449890282019,0.9831316251239621,0.9903297946548014,0.022018737566942614,0.98271315014624,0.9823077627611425,0.9821167684733813,0.9825826187708404,0.9826028501124878,0.9913979700251255,0.9853939487826521,0.9798320083025717,0.9828779730415489,0.9810285288804447,0.9814720073417839,0.9826028501124878
-0.014460387436564658,-0.01563473032425748,-0.013119688362481063,1.0161610048942402,-0.01632662944278757,-0.01601338535305964,-0.016384492614405066,-0.016260359154090888,-0.016248601375423985,-0.024574039486063296,-0.012406613011941656,-0.017175952567117406,-0.017716417554269892,-0.014476538665763131,-0.014586834795214547,-0.016248601375423985,1.01659414394138,1.0161155550542218,1.0106880865981596,0.037413474741863295,1.0161832271237579,1.016020129491914,1.0153986798931,1.0162580296245873,1.016248601375424,1.0146902880970878,1.0097918314903895,1.0185222962228762,1.013674396179749,1.0151619603932784,1.0145515940766097,1.016248601375424
0.0026284320732673522,0.003328681016680721,0.008492518153774234,0.8497985558394084,0.0027372168266110086,0.0030615938443519777,0.0028176139140424984,0.002704987444795906,0.00272723657956874,0.00465898802883657,0.014211807609586301,6.455761589305426e-05,0.002908698647545241,0.003665199820990696,0.0030408646774829893,0.00272723657956874,0.995991860314273,0.9972274590795993,0.9982830636454335,-0.12139079142050435,0.9973352704765689,0.9971094889100207,0.9957993442091532,0.9972626921646408,0.9972727634204313,1.0015843027292304,0.9950738556681568,0.9964108585953639,0.994904936247649,0.9960097014729088,0.9941416858087743,0.9972727634204313
-0.02628311645157748,-0.02538138457284161,-0.02266259342615745,1.1527603652744571,-0.0267771848730683,-0.026593009423140225,-0.025060493153897218,-0.026706751530034198,-0.026690861615669713,-0.028636705392225112,-0.020464620987729897,-0.029761795455453613,-0.027450649343809592,-0.0246711293852471,-0.024014810502934324,-0.026690861615669713,1.0254497617594096,1.02688711508005,1.0145891958251658,0.18574262998197022,1.026503470583967,1.0262626340164085,1.0270635837067739,1.0266361698002473,1.0266908616156698,1.0315215965813116,1.0245514775980697,1.0246587347365463,1.0237665419205668,1.0252220252801554,1.025860182001307,1.0266908616156698
0.0025652403636667515,0.0006513841413003081,0.017223223965294052,1.1115265092694195,0.0007808396748405167,0.0009360737234451156,0.0014759205461234587,0.0007474109730279107,0.0007302400121763249,-0.007727592071409406,0.013296336550287426,-0.00161040964295727,0.0014610979660515694,0.0009210829993322148,0.003164752613533024,0.0007302400121763249,0.9992260873765705,0.9980166237630204,1.001332574629065,0.15347732823927696,0.9993468979649323,0.9990300486759695,0.9972533948867388,0.999295600108594,0.9992697599878236,0.9959385249607391,0.9947953897872913,0.9997886569905693,0.997917707930144,0.9979333280074179,0.9960307037633882,0.9992697599878236
0.02648167267095459,0.026621942722136218,0.024724578451534033,1.0594637223276482,0.026096334197015448,0.026268432308940114,0.027479987786021412,0.026128253106271686,0.026096797251333886,0.025554884356394834,0.03543398808657504,0.02859993095058288,0.025980404587059913,0.026517065681795304,0.026587864071531252,0.026096797251333886,0.974217136727859,0.9742433599304096,0.9665328011560416,0.08290178848439356,0.9738765095712498,0.9735958070162948,0.9726528088789669,0.9739356859696697,0.9739032027486662,0.9772737162379752,0.9729042043645892,0.9775921954496274,0.9712963852053607,0.9717049911029297,0.972653112294742,0.9739032027486662
-0.020938401719803067,-0.02232180369095377,-0.03038964097890976,1.0673812926875312,-0.021475716035928932,-0.021278635051050807,-0.02298697026322862,-0.021541914518257963,-0.02153545948034567,-0.02209777593779612,-0.02811474855884026,-0.02371097659648493,-0.020342934896303552,-0.019326896384000525,-0.02242050298429557,-0.02153545948034567,1.0215890922728885,1.0206473552942927,1.010863413642969,0.08655606289882267,1.0215340049028871,1.0212337812366492,1.0183351650951904,1.021551448510236,1.0215354594803456,1.0215856678842201,1.0084593054157798,1.0232926691785247,1.0201892011814704,1.0194452564404137,1.018399461535357,1.0215354594803456
0.08844752334524053,0.08852151158274324,0.09704821595661893,0.9879444570894458,0.08748565117186503,0.0875982824740128,0.0872852605459251,0.08745517831311081,0.08748911213501147,0.08530721733922421,0.09438593774608715,0.09021177100361508,0.09026643191791198,0.08740010294402467,0.0934543399877412,0.08748911213501147,0.9113161411700653,0.9133667730907552,0.9098736452879921,0.02815165040319756,0.9124788991883642,0.9120828482621175,0.9108517814337804,0.9124731299732068,0.9125108878649886,0.9129949409108334,0.9043105340965596,0.9147309726338817,0.9139908280897241,0.9111830884088535,0.9120643787463949,0.9125108878649886
0.060729786156377134,0.05830260133466817,0.06523439503290976,0.910902273325788,0.05904625037273745,0.059057709200563115,0.0588043721952572,0.0590372202549272,0.05899253912584968,0.056623344100684855,0.059813978586201154,0.05991693449041011,0.05889261059504179,0.058315981868433675,0.05753601983930125,0.05899253912584968,0.9411631949748219,0.9406057280510707,0.9429104523673665,-0.07269288267804752,0.9410487390382306,0.9407202305633322,0.9391155511081133,0.9410651229510947,0.9410074608741503,0.9427158526716519,0.9305724901279782,0.9450939831413682,0.9409660464644595,0.9391659368299781,0.9368693286765541,0.9410074608741503
0.03417087666544202,0.03165904778847425,0.0319311422945218,0.8427675654433067,0.03234342474807908,0.0325159675683895,0.03287044163344135,0.03225381825903564,0.03225467809635071,0.02725503226723408,0.03649752903172832,0.026925446128379285,0.033162002863399744,0.035822649119036695,0.035333700400218736,0.03225467809635071,0.9673621518339313,0.9669057154491819,0.9589388058819989,-0.11460989029205804,0.9677891012861658,0.9675175885115403,0.9633583856536283,0.9677211243853925,0.9677453219036493,0.9627660980871,0.9588764074043153,0.9650076841558203,0.9656181781244829,0.96785522564132,0.9654346815539436,0.9677453219036493
-0.00576486515391666,-0.007758021907537709,-0.004853092284979515,0.8571186789714147,-0.007414556846969219,-0.007359306026513858,-0.007433333119586987,-0.0074879916173958,-0.007442148206319585,-0.008873002372099212,-0.011383306588158563,-0.0054737951241433,-0.006113693715893347,-0.0066406285489832954,-0.006663928215884437,-0.007442148206319585,1.0070597077791674,1.0065657256065794,0.9990923509977565,-0.1154012750030673,1.0073006640266395,1.0071009125537058,1.0068651895936171,1.0074219698817208,1.0074421482063196,1.009761729089792,0.9972960449335398,1.0120053230973018,1.0056332169514879,1.0049555539446768,1.0040003397257433,1.0074421482063196
-0.05732278660932174,-0.0580165063284149,-0.05138001664544428,0.96437329489749,-0.05760289548197375,-0.05765291762227589,-0.05749543247286618,-0.057858805607726806,-0.05778823279264255,-0.06257035990624613,-0.05695227489249922,-0.06065867314644016,-0.05738053806230552,-0.05620416480100133,-0.05589422948256554,-0.05778823279264255,1.0574395781866288,1.0577110965643564,1.0580476533310592,-0.016136683522970152,1.0580170671672067,1.0573268311555857,1.054354260025063,1.0577837066102507,1.0577882327926424,1.0596479119940598,1.052282016554936,1.0597378064617653,1.0555650045042422,1.0562656351620694,1.0546217105093483,1.0577882327926424
-0.018097240506416073,-0.01870138255665004,-0.015037482032146358,1.0626857044535771,-0.019064437835896376,-0.018732915334106218,-0.016400041999320176,-0.019153761281642055,-0.01907923454664476,-0.025699435582622995,-0.01225792452843091,-0.014562720595078448,-0.017173191737761412,-0.019170800242861684,-0.01920104031477704,-0.01907923454664476,1.0189320851825094,1.018487734718207,1.0119552906211737,0.09199594693016522,1.0191296450796878,1.0187523417695539,1.0192615262128237,1.019018089231207,1.0190792345466448,1.0170812946334014,1.013744765346599,1.0283321674461852,1.018298466324419,1.0174328913668713,1.0145523151189684,1.0190792345466448
0.012534045725996324,0.013085814792488746,0.016679152514181617,1.044578430240517,0.012977001503357477,0.013385330139442481,0.015581917330377162,0.013124400975340103,0.013136244445212471,0.00898259376707399,0.02420700207551946,0.009803435367673233,0.015125505057849518,0.014832892980503859,0.01672368833823755,0.013136244445212471,0.9848651205407851,0.9860914584115671,0.9829315564001202,0.07432404601390585,0.9867871933234789,0.9866727938548618,0.9859892904062748,0.9868815062147361,0.9868637555547876,0.9897397698886659,0.9832149806930832,0.9881181549322864,0.9880379536778605,0.9841624493582877,0.9847023707244013,0.9868637555547876
0.020166825607499134,0.020071467094704015,0.025184494304408455,0.9998262127681374,0.02004055718236089,0.02047033511286691,0.02104152781625788,0.020173773462174867,0.020217778518751516,0.011501462233653151,0.025059708779721492,0.020363483701455336,0.021022215850260817,0.02199795368001052,0.0214442770300899,0.020217778518751516,0.9791292798588136,0.9790749281045477,0.9756388708574335,0.023425994272081918,0.9797079977535132,0.9795005996570131,0.9791636446087609,0.9797825088674722,0.9797822214812485,0.9808036115749093,0.9751171198273341,0.9790672863436066,0.9786718131534174,0.9796954338938814,0.97664260285369,0.9797822214812485
-0.018633476079636783,-0.0195297119697474,-0.021673090195166764,0.9445350347129864,-0.0197893695727723,-0.01948579779785391,-0.01894146373475451,-0.019789630106455458,-0.0198086561523781,-0.026123986305435866,-0.015363256321584064,-0.021814781252263785,-0.019791138310168366,-0.020304022365704468,-0.019450225980855915,-0.0198086561523781,1.0198871210966427,1.0186091205324628,1.0116466215445388,-0.034309873204700025,1.0198123980366416,1.0196420479642307,1.0186135180955107,1.0198671757247695,1.019808656152378,1.0205367917462407,1.0153328563648203,1.0188612816223241,1.0174339396006498,1.0177568480330588,1.0178929793298555,1.019808656152378
-0.009247383143850676,-0.008856825638923416,-0.013797039407071034,0.8350963862305488,-0.009380550471823694,-0.009313459724228392,-0.008156452943478418,-0.009481452418813312,-0.00952405769650187,-0.015549772895761033,0.0027237553220661433,-0.015479793496488736,-0.007344177187085657,-0.007613306111610898,-0.00627894031308114,-0.00952405769650187,1.0074238014583283,1.0093100447353527,0.9956086252916599,-0.13866585684917587,1.0095213366557838,1.0093171101412444,1.0093868273099333,1.0095708111808104,1.0095240576965019,1.0110057780973358,1.008530291168243,1.0070766220271332,1.009999418256472,1.0085565908573388,1.0100706131894979,1.0095240576965019
-0.006076291646453497,-0.009232150565286945,-0.004960815385971348,1.079668018896935,-0.008476636209540362,-0.008339141281519314,-0.007001894283317812,-0.008532972152127356,-0.0085694503402253,-0.00752722705553455,0.0006893759503386603,-0.009507468498431756,-0.002970224849318817,-0.006270663917513978,-0.006320193042808919,-0.0085694503402253,1.0086056621574977,1.00842422606218,1.0006351500494677,0.12487745685339113,1.0085371388039592,1.008370974463205,1.0061617863363137,1.0087021513820824,1.0085694503402254,1.013965969309171,0.998779389446344,1.0117507963474812,1.0094467313221365,1.0068550120734434,1.0063352997828006,1.0085694503402254
0.02997813100444009,0.027624339523504134,0.02559724712610936,0.8728925710510919,0.028062032207627156,0.028196547583309108,0.02936055300805393,0.02804446097199914,0.028017408042183944,0.03106348457915591,0.04189758599307831,0.021870999347796818,0.029269511210705576,0.02856096675819884,0.026544671542166706,0.028017408042183944,0.9721470415566252,0.9714064859440644,0.9618271884557501,-0.09959495302714383,0.9719414315864734,0.9716035096137463,0.9713498944203699,0.9720147579568089,0.971982591957816,0.9792275389375029,0.9749881965743463,0.9698252402837718,0.971216319469534,0.9691879627522367,0.9654218648217598,0.971982591957816
-0.05168035500900361,-0.053912582902653605,-0.05123373106866934,1.0481593889547138,-0.055069280836297294,-0.05471513455113877,-0.052655601405591695,-0.05503219514475575,-0.0550721529672176,-0.050936969917648865,-0.04388116516241099,-0.052551986303128115,-0.05474544069001831,-0.05143430369028406,-0.05148715111164582,-0.0550721529672176,1.0563218247428143,1.0557213431499655,1.0487494210216286,0.08690354894874264,1.0550541314689796,1.0547170188283077,1.0545191306231891,1.0551536421244772,1.0550721529672176,1.0640221920293351,1.0511788141507754,1.060389664107079,1.053825435147442,1.0558295771056152,1.050682684572451,1.0550721529672176
0.01126175120881039,0.009932609718574594,0.016130037444544523,1.1982127738135657,0.009618896111989421,0.009586010521476738,0.011602053616131832,0.00954213025893658,0.009513806761032034,0.007273202190270486,0.013311679372895825,0.01075882478154338,0.010234816219768754,0.011093947987975467,0.012907290698349413,0.009513806761032034,0.990006006625622,0.9905105983060817,0.9837994254858136,0.2380262224258285,0.9905104625597737,0.990033914105699,0.989832114753132,0.9904956058173223,0.9904861932389679,0.9902183127028376,0.9833913960058177,0.9957459118335342,0.9898432493615619,0.9879791677796689,0.9862555938219264,0.9904861932389679
-0.029857150630867118,-0.03037907632307655,-0.024516590269268647,1.008356378276277,-0.03050738016311874,-0.030134570794028592,-0.028230792688488028,-0.030561576326732263,-0.030553739643332536,-0.02866490583349065,-0.017201386428300422,-0.03165681296791679,-0.029340609608996527,-0.028599202040919983,-0.029521389375301334,-0.030553739643332536,1.030049085728283,1.03024970965363,1.0323051520854918,0.040602688379494434,1.0306191235014768,1.0303641978493963,1.0298271995139823,1.0305949294297174,1.0305537396433326,1.0357777953930036,1.0283920303651788,1.0301086204238046,1.0289573078114658,1.0295028841281726,1.0289061211520205,1.0305537396433326
-0.024703725455298663,-0.026010197116914463,-0.02393117622437417,1.1550719662813675,-0.025282769244856014,-0.024955611367906604,-0.024929640601571885,-0.025253223988632324,-0.02518155946767214,-0.030336332043662158,-0.01997622278663867,-0.02633651272941849,-0.02684692515922544,-0.023517152705168024,-0.025366592250420886,-0.02518155946767214,1.0245934250503796,1.0238297544240573,1.014880753432449,0.1780805693156633,1.025156277261385,1.025092329358242,1.0255432599303582,1.0251097918021967,1.025181559467672,1.0250688974831026,1.0199589018971367,1.026430829834649,1.0241366069033262,1.0240918001487205,1.022062505082525,1.025181559467672
-0.05176239915225498,-0.05227979307102205,-0.041839763261990764,0.8803287419979908,-0.052886025115196564,-0.05245262901291986,-0.05139954952103066,-0.05290618682970013,-0.052850942234492,-0.05551484941298905,-0.043564358804534735,-0.058005121846739324,-0.052706307214616256,-0.05012233022149578,-0.049967277514004586,-0.052850942234492,1.0521945804750508,1.0525217912741278,1.0504260657777464,-0.08259635099522833,1.052788161728782,1.0524599357819624,1.0528279436535801,1.0527992729296682,1.052850942234492,1.057476154131749,1.0494500218430545,1.052548375793602,1.0496490540531358,1.050092208371451,1.049875944331382,1.052850942234492
-0.09554720553429524,-0.09673598726332808,-0.09406566998530057,1.0348231880835776,-0.09611738841454595,-0.09585275856230849,-0.09442007781615556,-0.09617182413791177,-0.0961722848359532,-0.1010407669305213,-0.09119600498391905,-0.10109000045323081,-0.09576245458090486,-0.09414752613866184,-0.09548936479092604,-0.0961722848359532,1.0961540749258984,1.0958822976251872,1.0904848615097138,0.06071851361318714,1.0962151455511335,1.0960614555570791,1.0942413301635479,1.096205423109991,1.0961722848359532,1.0935507480671798,1.087831703504686,1.0985546145775762,1.093953599103962,1.0960377875802896,1.0940080918295032,1.0961722848359532
0.019387035184191766,0.019072832280236554,0.024158173923675853,1.0268165907711442,0.018057777628320504,0.01814792659474762,0.019286294500839088,0.017903853478448736,0.01794308486669729,0.020216163112357306,0.03539446250017082,0.016865757779998672,0.020294507083775015,0.018117361325373504,0.021253268776154393,0.01794308486669729,0.9808284488123887,0.9827006810066539,0.974657844799559,0.07844369298230625,0.9821041234437357,0.9817115402708552,0.9786129629879309,0.9820414722363827,0.9820569151333027,0.9857272559865125,0.9813658852142146,0.9802830681351269,0.9820423175632951,0.9785383800353948,0.981370581522717,0.9820569151333027
0.03908604220507109,0.04026456823163966,0.05021054219535142,0.8030602831173315,0.03980797491335646,0.039806818157617954,0.03946382699987718,0.03970182296075514,0.0397010920894753,0.03968316461525673,0.052289167285212705,0.040090655293020194,0.04197098615890562,0.0401104123895615,0.035770677872717205,0.0397010920894753,0.9584792513219818,0.9603961405809589,0.9607644637157278,-0.1631784345966012,0.9605126212094527,0.9598835749027618,0.9552509875008123,0.9602883018171847,0.9602989079105247,0.9655177250580114,0.9568477708717765,0.9616854478148606,0.9600949194600051,0.9583936681392126,0.9569409066504986,0.9602989079105247
-0.04968954493082519,-0.049964853957690646,-0.03533660466350254,0.9445815206725986,-0.050047268302177,-0.04991499374341724,-0.04979224427817518,-0.050047772400584424,-0.05001497127458109,-0.05564423338354085,-0.04544944123384156,-0.046713966067558656,-0.04802904911377972,-0.05013715760412923,-0.05113920184860946,-0.05001497127458109,1.0486892112623376,1.0497215713278172,1.0544317567350567,-0.026660477033630503,1.049966248050839,1.0495999161810858,1.0485748338713683,1.049985639986485,1.050014971274581,1.0522535729434832,1.0445286517672918,1.0529979061894044,1.0490292067866631,1.0471837946196065,1.04512197066404,1.050014971274581
-0.049572073289473925,-0.04800291702641511,-0.04087600100436899,0.8228013250114351,-0.04885514262204396,-0.0489252187199829,-0.04629291649505243,-0.048961436764065856,-0.048927531151029005,-0.04589859270966916,-0.034359087771666075,-0.04785095050816744,-0.046005812144664,-0.047036221918169224,-0.045467993220629686,-0.048927531151029005,1.0466548072644184,1.0488568090170045,1.051427049925025,-0.13940921470740664,1.0489716534379525,1.0484531509054262,1.048114614965123,1.0488909085306182,1.048927531151029,1.0539227453064854,1.0480442902270468,1.0508858530282825,1.0479888604924992,1.0473237158873263,1.0483693298925705,1.048927531151029
-0.013792257606165946,-0.01305979241299467,-0.00971004361006138,0.8219466526740945,-0.014589329320728957,-0.014280118220717406,-0.01325651403284051,-0.014394262666977744,-0.014423150246199388,-0.013612785341175847,-0.003024424570054851,-0.015033217191600319,-0.014863274712233912,-0.014263157711120153,-0.012463671972608682,-0.014423150246199388,1.0150922080501845,1.0152535045897497,1.0133459949919308,-0.15049458053948772,1.014272528392104,1.0142835799469778,1.012784657873116,1.0144914597418029,1.0144231502461993,1.0196260718615522,1.0129097060880647,1.0167480658529717,1.011739568396664,1.0116592929252657,1.0119044715284038,1.0144231502461993
-0.03486720104286116,-0.03572576189190931,-0.02826625674015947,0.8606586134993086,-0.03691961809813855,-0.036420166883087315,-0.033808736981866,-0.03680531575280748,-0.03683418340139527,-0.03603440692707336,-0.02535593204070518,-0.03526224640751501,-0.0349757949490571,-0.03254872436826685,-0.03017803419078731,-0.03683418340139527,1.03606172430225,1.037264634849632,1.0303460615685445,-0.08693742648058955,1.036732475266619,1.036686168577757,1.0372084015391667,1.0368693693750917,1.0368341834013952,1.0402626725167334,1.0307080514263567,1.0397665992138463,1.0361676793795895,1.0356986155797627,1.0384585264629522,1.0368341834013952
0.02694375659922913,0.02538611688382602,0.03982775385424832,0.9616379289754923,0.025006436730153448,0.02507225028413486,0.026252524172588693,0.02492830577012334,0.024979595466314668,0.021289632470476414,0.027292747102298343,0.020196591355537467,0.02550801031758365,0.026793488869844145,0.0247734773725325,0.024979595466314668,0.975427981496497,0.9750762270541641,0.974168808178058,-0.0011691011368564208,0.9749887762174084,0.9747208904241688,0.9743715969813429,0.9749772392291366,0.9750204045336853,0.9735380210450606,0.9625068045392793,0.9742608229220449,0.9743699232405771,0.9714152964636807,0.976314913243123,0.9750204045336853
-0.020120788614811033,-0.022578598424943565,-0.010239054689633542,0.9696913669414606,-0.02166367776384744,-0.021466951853226543,-0.0199842064679233,-0.021804502589708775,-0.0218247313917449,-0.02942513964491892,-0.018796201438805157,-0.02619653431052501,-0.02058754096763626,-0.019431103924700176,-0.02176035311556729,-0.0218247313917449,1.0214942127291757,1.0211122959375967,1.0233739270879323,0.00267680677749349,1.0218646852847189,1.0216561525474,1.0193178430907983,1.0218180413940834,1.021824731391745,1.0162965862315012,1.006673081797337,1.0239721385707048,1.0218823870284899,1.0205804478391671,1.0210254757101804,1.021824731391745
0.014429119711254691,0.014943598956075471,0.019688767832511174,0.9397759280155327,0.014501160501224806,0.014723317792715643,0.014114432918253228,0.014475755919532405,0.014498226809338861,0.00840037081428445,0.01836261017236927,0.012642056830123467,0.015349725035478842,0.017054276661345166,0.01831678636840036,0.014498226809338861,0.9836891720487533,0.9862879814804192,0.9867163645754715,-0.03187843441389426,0.9856130373197801,0.9853344607164598,0.9813076708719093,0.985452763179963,0.9855017731906611,0.9839607212094027,0.9747969895219941,0.9829459992577664,0.9840977655985058,0.985671054318406,0.9877916289931079,0.9855017731906611
0.05220187136226076,0.04861145092066416,0.06651709203685519,0.9433984435859981,0.04945356501588545,0.04952441514260248,0.05127982300343121,0.04933622433538914,0.04931986559575973,0.04762940498806092,0.058170988977173016,0.04936793292600869,0.05043568259324808,0.05259561550417717,0.05170209432355448,0.04931986559575973,0.9513645642775138,0.9500046888544563,0.9560606216014965,-0.023262681024807774,0.9506218638208017,0.9504957508998585,0.9505503385511274,0.9507121449575976,0.9506801344042403,0.9557413151106406,0.9463904689013949,0.9516800245693628,0.9499052112169919,0.9499080236801297,0.949476582697404,0.9506801344042403
0.018894537128306365,0.01942859701651904,0.01710852188845214,1.1832098501837969,0.01835103487580466,0.01871164981030494,0.02034319937855463,0.01843527759383199,0.018408687059514397,0.015799344118230006,0.02526238881553367,0.02176434287665194,0.01776146942296454,0.020307939738398884,0.020596385089808725,0.018408687059514397,0.9812462485153568,0.9814334758184152,0.9734302034976574,0.20889945664523935,0.9815020292839308,0.981165746546025,0.982256958462831,0.9816049926507271,0.9815913129404856,0.9860431029375842,0.9736305356953813,0.9885712315079178,0.9801544361512353,0.9783681502053416,0.9806259606508572,0.9815913129404856
-0.05862495572092428,-0.05821345316448086,-0.057578348467330426,1.1506782902333748,-0.05971108031794285,-0.05929056110681348,-0.05974968620435383,-0.05980050198234015,-0.05979619760406838,-0.06009598906328675,-0.0485463065310021,-0.05871174867078564,-0.0594185736269481,-0.061456971433533396,-0.05733745491842658,-0.05979619760406838,1.060080845387116,1.0605835646924748,1.0615917128126138,0.17626618026184004,1.059810109364183,1.059428814505928,1.0583291010230382,1.0598362580011829,1.0597961976040684,1.0609296111254238,1.0544028875323315,1.062492534323252,1.060031360365725,1.0576408600207496,1.0578901664384517,1.0597961976040684
-0.040119953947056385,-0.041975349867719634,-0.03331974749704272,1.0698817609603979,-0.04219466486054341,-0.04167330603906116,-0.04217415560923066,-0.042160709728434775,-0.04214656639560133,-0.0473884649422744,-0.03726906564273467,-0.041254687091326445,-0.04196657429348121,-0.04028199243335427,-0.04015109578535194,-0.04214656639560133,1.0422222029201207,1.041413987184264,1.0352838385523744,0.1149768999610703,1.042031920536491,1.0418962916018453,1.040226076496963,1.0421265341465695,1.0421465663956013,1.0380731672716406,1.03420145293926,1.0431346352875548,1.0408117404535575,1.0404958234975212,1.0390359811379986,1.0421465663956013
0.01350326350423217,0.012853781858684198,0.025497954223327166,1.0483776579967692,0.01200350655461498,0.0122352178849963,0.013513470945421744,0.012009716702391723,0.011980577274238178,0.0027499517309651582,0.017368857650974012,0.012545994342599762,0.013251297881303335,0.013207434487357915,0.01392040408941399,0.011980577274238178,0.988039301756509,0.9886878855806318,0.9927417670148619,0.07349326423079128,0.9880801031628701,0.9877792994880907,0.987780115957653,0.9880522657662761,0.9880194227257618,0.9825538746063617,0.9864321305336358,0.9909713530201455,0.986710555947469,0.9861342847749315,0.9870740008345147,0.9880194227257618
0.03159802578054052,0.02941113987368742,0.04515317857568994,0.9000268182773464,0.02900662664487751,0.029710608359496,0.030225842759843916,0.029115198142040218,0.029010476652709897,0.022235121341285684,0.031796414585337565,0.022454395684646668,0.028858273014001776,0.03497977732995136,0.038844172783850044,0.029010476652709897,0.9720807815477501,0.971203532969439,0.9702560381899223,-0.06549152144456571,0.9709732908899776,0.9710093307794687,0.9699913748140176,0.9710414251216019,0.97098952334729,0.9727690702588787,0.9594674956509699,0.974817999570646,0.9689662936958523,0.9715538128397522,0.9737026060627022,0.97098952334729
-0.047503839178794076,-0.04732300829604497,-0.037515477084636734,0.7556622129373597,-0.04827267063413258,-0.04797829336039837,-0.0489958790496794,-0.048216808796953683,-0.04822206781407986,-0.05507525067302602,-0.037546863258410154,-0.05173234314231081,-0.04591408882261707,-0.04763340678295113,-0.04700231341714903,-0.04822206781407986,1.0472279620313776,1.0483716020862583,1.037367284863626,-0.19407147025810523,1.0481821135584433,1.0477136739684083,1.0440930846727932,1.0481707059326268,1.04822206781408,1.0470312370749906,1.0417108642976904,1.0498529875135283,1.0464266447541464,1.0459970092558335,1.0442555494551047,1.04822206781408
-0.05437338013968482,-0.05549200809008864,-0.0502055031610108,1.1144181024354163,-0.0551352519218075,-0.05488118156710128,-0.055486865997549026,-0.05518887013596381,-0.055126067451754635,-0.06563135258681534,-0.05576444338726413,-0.054913323497759216,-0.0526230367049039,-0.05266772663072267,-0.05288081092522786,-0.055126067451754635,1.053573441770511,1.0541810118317716,1.057624483717357,0.13405782766234375,1.055097662926914,1.0548663342945168,1.0544058295785304,1.0550550514293624,1.0551260674517546,1.050439410406249,1.0430105454633254,1.0579350874765199,1.056064117485132,1.0538606821591154,1.0539980914773854,1.0551260674517546
0.0059522258445787535,0.0030548744889912077,0.008918021897335668,1.0882563305329462,0.0026256553426295412,0.0027919453382516573,0.004929537509546963,0.0026094132293039887,0.002580039872414609,-0.004684647572095614,0.006518239028321741,0.0025051800060664382,0.003378546504273448,0.003389575081708516,0.0018285671084410184,0.002580039872414609,0.9975162005803229,0.9973240410250782,0.9900519976300283,0.11834551728910081,0.9974385341087292,0.9970788607825867,0.997024055680117,0.9973852586685641,0.9974199601275854,0.9983260704856836,0.9894601319320768,0.9998011529018522,0.9972635913053952,0.9945753850759764,0.9954083376924441,0.9974199601275854
-0.024287805175631165,-0.025517513094007207,-0.02718404010851249,1.012915139916205,-0.02492640383918721,-0.0245075776155401,-0.0228706640735837,-0.024855720841502105,-0.02489555113370056,-0.03221278370037402,-0.02802200507417368,-0.03046447541672037,-0.023394500723347807,-0.02188369047398516,-0.023009009263209257,-0.02489555113370056,1.0242490642958582,1.0241515741383131,1.011959147847337,0.04516624400893898,1.0248592990960137,1.0247180769991582,1.0243201411001006,1.024971208660924,1.0248955511337006,1.0234623924606248,1.0119534743415195,1.0238863756073435,1.0214309121107905,1.0235337064994414,1.0212560170996101,1.0248955511337006
-0.0028596310329137248,-0.0027857084782218562,-0.006986785195205834,1.151387284157593,-0.003369862786713003,-0.0029034191077463973,-0.0009583513144237472,-0.003252751613539791,-0.0032653459265537766,-0.008507697291919825,0.006912634418556875,-0.0055440786052787985,-0.0032660821277942825,0.0010897618442779256,0.00042884473897831973,-0.0032653459265537766,1.002272624713869,1.0032529261769731,0.9905429663117283,0.17912018227859527,1.0030307904178055,1.003108938085972,1.0030321640825144,1.0032357742361155,1.0032653459265537,1.0028157537407383,1.001112764837841,1.0054610557433632,1.0019935966386055,1.0027328828309099,1.0049345351705634,1.0032653459265537
-0.12173264753740085,-0.12053506018055438,-0.11768089812633357,1.190052533123473,-0.12106633380858874,-0.12076813359481586,-0.12029244527566357,-0.12103114604745482,-0.1210483403443953,-0.12084969031045323,-0.11210232989999855,-0.12274698193575086,-0.11599413139640573,-0.11617066203824469,-0.1199446437740175,-0.1210483403443953,1.1177845018687866,1.1205915147814254,1.1097925722118231,0.24734031315409966,1.1209764046970827,1.1206024393576863,1.1190263722735736,1.1211241011088469,1.1210483403443954,1.1235686622064263,1.113221636985554,1.1220429737556126,1.121377748020075,1.1189877698550652,1.115609558222832,1.1210483403443954
-0.0009416795425020745,-0.0016725831769679159,-0.0008925026915340264,1.0464299863284905,-0.0017694334885701155,-0.0015228370023919544,0.0006414556378185915,-0.0019100785126538132,-0.0018520962743088548,0.0003031572028875504,0.005624398386158059,-0.004876414430698316,-0.00241554824218224,-0.0018550268999533578,-0.003437455096631353,-0.0018520962743088548,1.0011085201112462,1.001485803778992,0.9880140509354794,0.08139990528610064,1.0018567707268902,1.0017104309708738,1.0020859272889386,1.001870318035341,1.001852096274309,1.010213166455701,0.9980070833155795,1.00088541164042,0.999929501358545,0.9985321454405921,0.9962116714195427,1.001852096274309
-0.09335407713208049,-0.09250212416184041,-0.09106854632591353,0.7999505916403713,-0.09340777754095038,-0.09316732690240678,-0.09275045410374633,-0.09340335846968255,-0.09336451482511665,-0.093882592702872,-0.08912800218754037,-0.09362976484400308,-0.09368885382068529,-0.09089050273358944,-0.0909143533691566,-0.09336451482511665,1.0921127502484629,1.0929521535048117,1.0912710698880606,-0.16782862266635323,1.0932998766808566,1.092925281003792,1.0916151606766507,1.0933602085045573,1.0933645148251165,1.0991037705696753,1.0813663382800018,1.0951538711546356,1.0904423595998043,1.0912838249020358,1.090824987882632,1.0933645148251165
0.06676718903053602,0.06586909616357207,0.0605622145182392,0.993283990432007,0.06577234554261342,0.06622050858508002,0.06648687843509576,0.06588240199303201,0.06585664947868197,0.06481104852706969,0.07117799591655088,0.06442209324102574,0.06605328048202926,0.06979812236792096,0.0668192834326029,0.06585664947868197,0.9330083340539366,0.9336735521489188,0.9256063815479163,0.019249803930823872,0.9340770536150412,0.933938479334142,0.9323355311057732,0.9341724542289916,0.934143350521318,0.9350660414414773,0.9271089896115516,0.9370510668581825,0.9319761500250971,0.9345027851681627,0.9311122288873812,0.934143350521318
-0.039258626102607753,-0.04124259942630965,-0.03460021153769816,1.0366363868417423,-0.04128735882306206,-0.04086935631664161,-0.03918888831447116,-0.04115896451811479,-0.04117275988940399,-0.043008012071053064,-0.03346025998436549,-0.03913082611185067,-0.042113830461026694,-0.041280369244036955,-0.0408651549960168,-0.04117275988940399,1.0419525576296935,1.0405761154631514,1.0398145280457656,0.06384568168029303,1.0411734364977006,1.0408722868989104,1.0411353000261918,1.0411871252932803,1.041172759889404,1.0461609000367418,1.0360508081005289,1.0460556812712511,1.0374540052541708,1.0379945930172882,1.0369290022000128,1.041172759889404
-0.0028345351563609984,-0.004778529035882926,-0.008988650908557298,0.7563211770409832,-0.004160430656575776,-0.004118920024350179,-0.0030350510331358885,-0.004287370922036009,-0.004225850312105571,-0.0024747382028679253,-0.0016401438741886955,-0.004289532336078311,-0.004536905827943559,-0.0026705316939869186,-0.004238128576482614,-0.004225850312105571,1.0038010170043623,1.003334664870447,0.9889463914532517,-0.2102047146232917,1.0042319617264974,1.0039315986454664,1.0027596668443364,1.0041612571354261,1.0042258503121055,1.0086696264318797,0.9927869355646957,1.0060855093506655,1.0030771430286982,1.0027459616488519,1.002668321390225,1.0042258503121055
0.04071278271113487,0.03964383124658428,0.04382783909270283,1.0882839628955892,0.039581401228382294,0.04007048127310359,0.04164977165191662,0.03966115212076524,0.039685068848419464,0.03725003131384943,0.04720407554809457,0.034581131365189546,0.039415315354494086,0.040891892196609554,0.039683736956497774,0.039685068848419464,0.9586726261194808,0.9593237153569362,0.9502857441599821,0.12664274522108854,0.9602167029138668,0.9600771616164259,0.9616288183316853,0.9602561555084081,0.9603149311515805,0.9610707681644799,0.9544488808299406,0.9562778750609863,0.959137848647778,0.9585663948632686,0.9557837330863047,0.9603149311515805
-0.010899381992304216,-0.011934231596991004,-0.017703967658859576,0.9583505083604743,-0.011861928173029288,-0.01149156900392267,-0.011614869635376975,-0.011845918467568783,-0.01187078133473441,-0.015244008059803657,-0.005580855819725334,-0.013814642410688511,-0.013207529500022,-0.00855549465971,-0.008357821710452266,-0.01187078133473441,1.0112189368486098,1.0109492642870017,1.0027737134788948,-0.017023825361790257,1.011852580295389,1.011721650750278,1.0110481691260667,1.0119307667116342,1.0118707813347345,1.0126922195258787,1.005263318426067,1.0135354066342208,1.0087619577266733,1.0119650895031032,1.0106988069861074,1.0118707813347345
-0.023913417587280657,-0.021934334401726197,-0.015655949069990033,0.8387390581508952,-0.022847790545802268,-0.02282335258825031,-0.02422991706938012,-0.022955189111989627,-0.022921964274109554,-0.026249548112367026,-0.017547519484658578,-0.025954585671587538,-0.022313006213255916,-0.020302681478126052,-0.020458887556856556,-0.022921964274109554,1.0194949033600067,1.023536224320355,1.0213693742128034,-0.1253785984024376,1.0228869968968914,1.0226753197197012,1.0198915738686294,1.0229066483461298,1.0229219642741096,1.018169100746932,1.0170936971789428,1.0202751804655894,1.021510530032692,1.0220865759338513,1.023716507891023,1.0229219642741096
0.01813436869167838,0.015760776191552577,0.032233806506654444,0.9476795587669979,0.01507589273447246,0.014965080315735142,0.01769617573763284,0.015061358746768573,0.015030416167002039,0.013921468891410323,0.018801504317856262,0.01545274745323052,0.013763683118697719,0.017613366916767084,0.017621357904629074,0.015030416167002039,0.9854652946097603,0.9851620218861422,0.9929851688358566,-0.02035960322355579,0.9848833266724946,0.9845589464597295,0.9859360705689079,0.985039292627807,0.9849695838329979,0.9912752203740802,0.975098335698313,0.9861492837448292,0.983658166227096,0.9827653266489271,0.9825764531541772,0.9849695838329979
-0.051130493054543036,-0.05124356869689345,-0.04292710141183364,0.9656109968548999,-0.05167667777122792,-0.05147883627545623,-0.04963555319946943,-0.05176833635394881,-0.05180201707536543,-0.050699942342918525,-0.048117364738922,-0.05220433404730671,-0.04892034389138903,-0.04970295949832904,-0.048948175584887406,-0.05180201707536543,1.0514927828194631,1.0516679319143591,1.0531083461199662,-0.004547210874594088,1.0519440064697363,1.0516526417749406,1.0516253123313728,1.0518015575935749,1.0518020170753655,1.0601447856659245,1.0462423618214014,1.0528120184414074,1.0517764294268357,1.0500421267934885,1.048131495812286,1.0518020170753655
-0.03297493804028627,-0.034053683077667624,-0.025794219939281465,0.9086292108770598,-0.034260488461854754,-0.03420185649817974,-0.03271899576662606,-0.03433573196512362,-0.034304731504593115,-0.042883933863996755,-0.022823678634500726,-0.03722794169526065,-0.03341367822619826,-0.031975073016787016,-0.02946008746150613,-0.034304731504593115,1.0343179956135435,1.0338646059199115,1.0316223841044103,-0.0638038904450069,1.0342872077170522,1.0339885065073993,1.0333898893743916,1.0343504844250184,1.034304731504593,1.0342748038436118,1.034391734428668,1.034818561345962,1.0323597574144883,1.0327950028181985,1.0363643061487215,1.034304731504593
0.01327592393046346,0.012793761972487177,0.0077550575741175045,0.977521193000839,0.012014194696852118,0.01235149363345086,0.014540302744660612,0.01198205683333756,0.01196223461686205,0.010057906161214773,0.020475859556314716,0.005165604212318733,0.012300907941928044,0.01667828922464936,0.019335051186981055,0.01196223461686205,0.9890487335605466,0.9877470873530193,0.9785934363157226,0.005509683879325267,0.9881424670903163,0.9876715566590142,0.9882919179480129,0.9880999353354026,0.9880377653831379,0.9947644404326222,0.9816324053020472,0.9850430430610476,0.9857103783155039,0.9893397051743508,0.9889696679426183,0.9880377653831379
-0.0657473299689699,-0.06596897892817917,-0.051797668885395234,0.8719843872548069,-0.06625478365132352,-0.0659718137541825,-0.066108675674152,-0.06633843352673156,-0.06632249080113958,-0.07060950992408636,-0.06656067817801929,-0.06505194089580503,-0.0655509786205311,-0.0660518150481232,-0.06144535125787866,-0.06632249080113958,1.0661345299737348,1.0666827456467776,1.06782237153371,-0.09987623767750664,1.0664044102521932,1.0659234814279206,1.0657298011079572,1.0663279964894827,1.0663224908011395,1.0678091266709564,1.0581822332337365,1.070661963718467,1.0629968643733294,1.0628303416206648,1.0677035033309499,1.0663224908011395
-0.014605211441351025,-0.015816724779880102,-0.005113502797205408,1.213288417721103,-0.016270313901037628,-0.016049389634285174,-0.01384636348193321,-0.016246214489406215,-0.016319381353166667,-0.017012799529675694,-0.005601246080202329,-0.016090787509949817,-0.015567339355320713,-0.013583292122726966,-0.018856062626310288,-0.016319381353166667,1.0156192787934706,1.0157886867852222,1.0149655175327683,0.2515118451596392,1.0163159773625834,1.0161492456376469,1.014371182000808,1.01638837184022,1.0163193813531666,1.019821641890539,1.0153808534511621,1.018281411654851,1.0141368551649246,1.0150750801092272,1.011897952908319,1.0163193813531666
-0.03698468937400388,-0.03568912246629225,-0.03538687608025272,0.8578237484454558,-0.03643629297739404,-0.03579619564579492,-0.03537266907266446,-0.03630112486002134,-0.03625476114020935,-0.04360193774357981,-0.03952935925828862,-0.03637164132575859,-0.034801124120069055,-0.035460741950272344,-0.03123708721101619,-0.03625476114020935,1.0338719125795184,1.0354012124611436,1.0329956835091845,-0.13105159639842134,1.0359191471040852,1.0360791476301243,1.0348476883852245,1.0362322653436595,1.0362547611402093,1.037104241091279,1.0289077233154058,1.0433354582672156,1.0363953472125012,1.0335239356587438,1.0348636672515084,1.0362547611402093
-0.03870492746910628,-0.0409500911612721,-0.03244190894852818,1.0470891009920986,-0.04067116334008268,-0.040457636383967606,-0.03908476757340948,-0.04075937923055867,-0.0407080053235052,-0.04283487694748847,-0.026956553596082195,-0.03958155005470143,-0.0389842248948633,-0.03812495878932082,-0.044975802322965566,-0.0407080053235052,1.0414167515473405,1.0397496076886088,1.0377367606200198,0.08638146680417713,1.0407413391377358,1.0406013111708954,1.0402710359445795,1.0406829780004954,1.0407080053235052,1.042014056973584,1.0381969582576862,1.0367176266580482,1.0400863946802776,1.04061629332357,1.0380721233563772,1.0407080053235052
0.010332201162525053,0.012416047092749648,0.018730548154645733,1.0774220752524046,0.01188984534351929,0.012306218075556031,0.015034461853306423,0.011942888612125887,0.011988890694700665,0.006815225327492494,0.0214574086425106,0.015500437472963004,0.013719761006211981,0.011465633395973198,0.014488633439383548,0.011988890694700665,0.9855307067757969,0.988016379334181,0.9864937179341318,0.09855352392029737,0.9879440655630038,0.9879931035195271,0.9887204287515923,0.9880144693953926,0.9880111093052993,0.9890679115365266,0.9907616960706205,0.9951443188705572,0.9874192878518101,0.9847284679179095,0.985344817187607,0.9880111093052993
-0.06244672236401861,-0.06308866383873737,-0.05996696155596754,0.8994828182396628,-0.06295032375192444,-0.0629463298168181,-0.06156205843528018,-0.06313615081441387,-0.06307645503169126,-0.06807835673400306,-0.059053955052565645,-0.06157026079349051,-0.061048368329918855,-0.05934538266866016,-0.06343626884078073,-0.06307645503169126,1.0623274489232948,1.0624594363209319,1.0528879385006866,-0.055776470492361785,1.063098136764173,1.0626650371043624,1.062440445832758,1.0630731404211093,1.0630764550316913,1.0635048253093229,1.0509289889256386,1.0649001421084678,1.0618968685882177,1.0618508480185322,1.0567777748739555,1.0630764550316913
-0.01396516126530017,-0.013577506476361146,-0.015180054474103023,0.9076435810267831,-0.014324301122681335,-0.014346085179458809,-0.010518040905070395,-0.014400170752668308,-0.01443255296191613,-0.017715531635453585,-0.002563416086713523,-0.01663872084052152,-0.015696776740342894,-0.012196785946018333,-0.010767269951551642,-0.01443255296191613,1.0117535633513737,1.0153580873575583,0.9927567848843638,-0.03826290331316273,1.014489015203943,1.0139435364408163,1.0141528982210302,1.014404225572228,1.014432552961916,1.0114798420890219,1.0054575851349092,1.0173786966840308,1.0117979698931048,1.0130429558712333,1.0153151132688711,1.014432552961916
-0.021372482679272158,-0.020721350054521366,-0.01188930013430444,0.840540755775267,-0.020901418827184468,-0.020627316578145854,-0.020625589666989918,-0.020871655658957485,-0.020853952118077956,-0.0166177400606687,-0.006208391098903738,-0.023194564658201064,-0.0191185999810117,-0.021126221265171635,-0.01816736915501156,-0.020853952118077956,1.0179263788120703,1.0199520046292343,1.009338803428142,-0.11750216025361304,1.0207892438128137,1.0206833871031382,1.0204363439960746,1.020806948431717,1.020853952118078,1.0307038013314036,1.0215889970530274,1.0207278092373655,1.0203371407289816,1.0190018509131493,1.0190168208157109,1.020853952118078
0.02577329596338659,0.025649085507543162,0.02080080897936555,1.0566094730498046,0.025191644769125096,0.025515416437859425,0.028300691660678837,0.025190202046656892,0.02522047037647898,0.024160345960049425,0.033496249226042496,0.023797360441371953,0.026588767824071744,0.025234678672669774,0.025840005284279256,0.02522047037647898,0.9739218513392124,0.9742117210773653,0.9612410330153005,0.08019797360903935,0.9747141190715618,0.9744844826745014,0.975017707442654,0.9747672245637224,0.974779529623521,0.9821474530890835,0.9686817494215482,0.9780703822138624,0.9740829887629362,0.9733578432242105,0.9735977438094436,0.974779529623521
0.01565779586749659,0.016415817425791093,0.021741152737715187,0.7730878772884889,0.01608065315190048,0.016389729775149353,0.017055138901921476,0.01611519481772239,0.01615237603562491,0.011098482104357701,0.02175185082646051,0.016070919313725295,0.017725183046741068,0.018058290362237064,0.017266678001616312,0.01615237603562491,0.9814492071177469,0.9839965918589919,0.9828241957582989,-0.1959486909956849,0.9837875944171076,0.9836233381533273,0.9818034276806645,0.983832814045807,0.9838476239643751,0.9820423076291079,0.9746709535452568,0.9853161444100776,0.9835931780520016,0.9836046542433025,0.9818878770774291,0.9838476239643751
-0.016002665553739075,-0.01603064614439252,-0.012879885012346798,0.948851890018811,-0.016169479498654767,-0.015925578000193487,-0.013125279389012734,-0.016289736530947393,-0.016219873150835007,-0.02132222546996624,-0.011313653201203276,-0.015793573055194313,-0.017081187182042858,-0.01568074307157761,-0.01544526004927672,-0.016219873150835007,1.0144506960581576,1.0162327411158465,1.0184378902368183,-0.0343836514337541,1.0162359073768081,1.0159749745139928,1.0169110601333413,1.0161699021988737,1.016219873150835,1.01694281951578,1.0093900816285784,1.016463665524165,1.0149638443464153,1.0151603611970486,1.0165831618099634,1.016219873150835
0.03230836050759808,0.02886118754848147,0.039944246728379054,0.9780913660019146,0.02871119482324057,0.028913389231056352,0.030618644223671044,0.02886968615887993,0.028707893397123794,0.03158410446241381,0.049642902268778336,0.026611889889478664,0.030539311370929106,0.03023011872166741,0.02942276091587965,0.028707893397123794,0.9724310021062965,0.9708626799350956,0.9720041298459366,0.007118583839094694,0.9713361294261093,0.9710233684063213,0.9706561964166386,0.9714462936788991,0.9712921066028762,0.9811822791278121,0.9781399250277679,0.9755177332307429,0.9711732118709177,0.9692538526067428,0.9677545136923915,0.9712921066028762
0.026508309079600466,0.02734867318335962,0.02903380541500552,0.9958296889327897,0.027310895623584866,0.027495901021712343,0.026952485376149735,0.027271006926654084,0.027271575088731115,0.02446115133587575,0.029822606762074252,0.022852224576570202,0.030528070131913772,0.03005428773820826,0.027052578350682623,0.027271575088731115,0.9716814464544213,0.9721890647297111,0.963141302782992,0.02159064664453436,0.9726464106083673,0.9722471776424509,0.9723930023172636,0.9727523498737016,0.9727284249112689,0.9741590011715756,0.9669632975444613,0.973995422400028,0.9729599444164859,0.9714016883427795,0.968178094899376,0.9727284249112689
0.006355997680759626,0.006131014922804084,0.01657494544809164,0.9670008243937925,0.005768803841278218,0.0061197242543490635,0.006320499861721168,0.00554897588951778,0.005615177072761116,0.007224091655321093,0.013656659913135675,0.005060577858635085,0.006518517462594488,0.00612856452170576,0.0094141558645107,0.005615177072761116,0.9948009368846201,0.994853130515024,0.9873830957609195,0.008656893584851999,0.9944858867098875,0.9943098853851274,0.9932728137998859,0.9943645701193996,0.9943848229272388,0.9993930325714535,0.9870319052291981,0.9989259159696536,0.9931770597086785,0.9910215191613404,0.9925170908266943,0.9943848229272388
-0.022944083819078816,-0.024694799601664538,-0.02550828781493858,0.8677373015442731,-0.024344602495354646,-0.02420316553363101,-0.024966037087900496,-0.024450903899656807,-0.024428685884660007,-0.028775470460660757,-0.02129692670930177,-0.026927079460028952,-0.023073548491184013,-0.023604621298233437,-0.021512921493578283,-0.024428685884660007,1.0253280179490303,1.0228970702305875,1.0225340511302934,-0.12129606643173241,1.0245525143997074,1.0241015626160792,1.0214766650584264,1.0244265276993112,1.02442868588466,1.0274818220479576,1.0178200373036717,1.0277245917927231,1.0244096780921064,1.0233734962721714,1.0238593466782733,1.02442868588466
0.006986391327828179,0.006526918102216892,0.002288170377205593,1.142669652463073,0.00570396677460786,0.005950467854339959,0.007202862770046005,0.005800846445814434,0.005774511674927735,0.0023704116653301883,0.012408423639681736,0.009373692573628134,0.010321036057006655,0.005460430628611064,0.0043175442951768565,0.005774511674927735,0.994351628852216,0.9950072875973612,0.9818985179822657,0.17004507339556263,0.9942625273355225,0.9939346754167172,0.993189297806232,0.9942385161970977,0.9942254883250723,0.9979577988416367,0.9891697315789356,0.9962797969604104,0.995860322074943,0.9911853696465339,0.9928200296079226,0.9942254883250723
0.007738266309060313,0.005761576064107697,0.019798151046345424,1.0219711458922023,0.005256641796760688,0.005381501240514482,0.005305263106407554,0.005291997655536173,0.005263851552147695,0.0013593463452073724,0.007115793388882036,0.004223275338381745,0.004725254111083196,0.006433371091661746,0.00518844605438076,0.005263851552147695,0.9955201039121253,0.9953398990947252,0.996334683913473,0.05664012445301625,0.9947678490770575,0.9944612997869192,0.9920706068089046,0.9947262126972012,0.9947361484478523,0.9914309493898535,0.9821232525988841,0.9975982936220865,0.9925519469780705,0.9938243522828422,0.9927900535430597,0.9947361484478523
0.058714502507461595,0.05763002481604644,0.07415031680525698,1.1406793682823402,0.05779787509783899,0.05771494488217302,0.0594310267473049,0.05776967693041428,0.05771752039064235,0.053486332810938245,0.05914940993530296,0.056466567080525526,0.058324421140538776,0.06016571148467302,0.05958202981333337,0.05771752039064235,0.941685989946409,0.94181490032406,0.9434154412457679,0.17638532181081934,0.9424283716463827,0.9419988994803312,0.9416905418700772,0.9422922830468413,0.9422824796093576,0.9419717731050578,0.9346138161438415,0.9414495929751879,0.9400662700000676,0.9416992359751645,0.9412454861886776,0.9422824796093576
0.006234506183720145,0.007780564022006182,0.00421371536729534,1.1182264122180785,0.00688094155969503,0.00704645168356923,0.007694228668295298,0.006944109236907202,0.00693508937383829,0.0010719165803492392,0.012854761796157407,0.0027975268415499333,0.006724269092604049,0.009178988049951462,0.011646909816686687,0.00693508937383829,0.9921491965660452,0.993373196005417,0.979762750425048,0.139717605548773,0.9929834438353805,0.9925444175701224,0.9930142364647198,0.9931000745974189,0.9930649106261618,0.9997664184883754,0.9854783656776787,0.9940303955433796,0.9907081695883275,0.9923556577988059,0.9929221965567767,0.9930649106261618
-0.04629348924456335,-0.044101834865176215,-0.04587390725532877,1.022269274065599,-0.04584960104736509,-0.04516747144909619,-0.04416353330895077,-0.045604900578213335,-0.045640215881014495,-0.04913466227430783,-0.033100323874717986,-0.04341230256230596,-0.043485103828322096,-0.04609075475791392,-0.04285197886424243,-0.045640215881014495,1.043970305383794,1.0462260452647931,1.0371116169371881,0.06253563548575425,1.0455286352125561,1.0455658891942556,1.0418015815786803,1.0456951826776812,1.0456402158810145,1.043311546771114,1.0421150670049981,1.049641414232361,1.0450465547941725,1.0445331572595973,1.0433377246645943,1.0456402158810145
0.0028447277722786473,0.001286655993827978,0.014496113268894084,1.0402939940808331,0.0011328741175828205,0.0013345731769274095,0.0034728282898674055,0.0009166992891735474,0.0009077126605975054,0.0019253938277200434,0.0026792459859081266,-0.004198367095680512,0.0016546282289357874,0.0038219444930637078,0.0018270636839249606,0.0009077126605975054,0.9994053546977757,0.9990274467322972,0.9951004317253946,0.07660060529377444,0.9991463329512175,0.9988789669137019,1.000477363675844,0.9991257952498473,0.9990922873394025,1.0015322037710197,0.9906011460403149,0.9988578211576941,0.9978499430300003,0.9983768045540607,0.9972315976349266,0.9990922873394025
-0.05111532282915202,-0.050868383232871364,-0.05230483816307764,1.1377479048916548,-0.051796358910571424,-0.0513075890536606,-0.049956060640270805,-0.051798294119854475,-0.051807407032183186,-0.05463221082754661,-0.04513999878800166,-0.051829050975046184,-0.04958641146906035,-0.04786981500015544,-0.05058097300610165,-0.051807407032183186,1.0504136695081454,1.0516098994908036,1.0408202144896153,0.1717676118732906,1.0517552988156789,1.0516796181932275,1.052738345873746,1.051796579649602,1.0518074070321832,1.055343486695533,1.0426811281466988,1.0517255756316437,1.0524698759934228,1.0535318468053414,1.0487949112334156,1.0518074070321832
0.00891709058413862,0.009314068546198139,0.01266775975011823,1.139232559172117,0.008276468737735292,0.0083803721250198,0.007287388592530276,0.008243932896788167,0.008211843658957,0.0028937951793572745,0.01273508835482145,0.007623706915193657,0.007964482227844063,0.009302678397893355,0.00721124661710719,0.008211843658957,0.9906165332544913,0.991799203799013,0.988461973058998,0.16997727497404247,0.9918656742322678,0.9915406782323474,0.9887558251970806,0.9917947817996442,0.991788156341043,0.9926779587087936,0.9803861072137385,0.9914769162597553,0.9909920637949193,0.9905158659933853,0.9872720257032669,0.991788156341043
-0.048648261403103674,-0.050234909896365795,-0.03685443461434813,1.1405556152068168,-0.05037101100254702,-0.049882172720421857,-0.049338140900529584,-0.0504216383478868,-0.05039519805728143,-0.049526904623553365,-0.04060332730215634,-0.05462015554756825,-0.04970380146462878,-0.04876458899105474,-0.05105222751290745,-0.05039519805728143,1.0502110778761544,1.0500668481497666,1.0535129988883736,0.17124971592282612,1.0504192583225838,1.0503185841731086,1.0481235913459497,1.0503873644794552,1.0503951980572814,1.0543116940523787,1.0460887422862564,1.0510036907095508,1.0493425584626215,1.0500557894623612,1.047983298218786,1.0503951980572814
-0.05717027360185469,-0.056682829883736185,-0.05308411654486914,0.942123197150227,-0.0576642400225804,-0.05751416219453686,-0.05742945738523939,-0.05764880285428309,-0.05761334343817758,-0.058664801056257834,-0.049859871319116886,-0.057532568501668636,-0.05731914511604953,-0.05494460102582644,-0.05328720983691531,-0.05761334343817758,1.0563358203303952,1.0575824024291895,1.051968001217461,-0.032335975035128195,1.057539390096972,1.0572092421191657,1.0564517908489308,1.0575866238486606,1.0576133434381776,1.062752322341572,1.0551812523429107,1.0614562108840042,1.0554030974607704,1.057737915770994,1.0582477750741008,1.0576133434381776
0.0011321437067324074,0.00011736189903863061,0.007554237336256007,1.0685250899916714,0.0007929947605749623,0.001158720193507937,0.0023893097962856273,0.0006787512527992521,0.0007778003776006822,0.007565500782744038,0.011500204442307376,-0.004499917317460204,0.0036663992445861537,0.003133650459740582,0.003377213721851661,0.0007778003776006822,0.9958520049419773,0.9974139424050922,0.9911078899493034,0.12147166903729689,0.9991734679275857,0.9991171584569518,0.9974156224245293,0.9991354345247376,0.9992221996223993,1.0046556304556746,0.9996082394907433,0.994804266695539,0.9993372849653722,0.9974439941012936,0.9948861959944592,0.9992221996223993
-0.003866806670041408,-0.005124450418142091,-0.0022787417926626394,0.8814321428563822,-0.0047749457162560485,-0.004588431799421812,-0.003526846140814015,-0.004836243652829257,-0.004802387729605931,-0.00522480323985329,-0.0047713747736820005,-0.001721569604958121,-0.004568888831118905,-0.0027355334688848997,-0.0036321622847296036,-0.004802387729605931,1.0045653239090795,1.0046785870596588,1.0050232120060283,-0.10267979004087135,1.0048042485100892,1.004357650884158,1.0028952825733572,1.004769128833891,1.004802387729606,1.0101792476839369,0.9981648510239326,1.0088872083400895,1.0041650043760872,1.0033309086136737,1.003009591699959,1.004802387729606
0.03517641670805701,0.03553230993922292,0.026400786980701835,1.3185215793636529,0.03539092019368925,0.03566159196612613,0.038273863863295864,0.03537734956034308,0.03542715237198379,0.03203458914466414,0.0370383591965949,0.0347500804441832,0.0378460173579501,0.03728468060433152,0.03423894853992504,0.03542715237198379,0.964291157090749,0.9653524739924252,0.952044204158614,0.3295709793708256,0.9646003969616032,0.9644250485857903,0.9660758980253383,0.9645518953051152,0.9645728476280162,0.9653603364956541,0.9610805429939185,0.9644888842618944,0.965586592666921,0.9641123567231303,0.9628944696987732,0.9645728476280162
-0.03096394316611528,-0.032035008038000634,-0.027297610580496293,0.965482891323971,-0.031478874072801546,-0.030885539969650176,-0.02909691468876232,-0.03149271448771408,-0.03143898722090788,-0.0347821558766834,-0.020500676844843982,-0.03969484141481306,-0.030327398923370368,-0.027879098136025196,-0.03040901441020398,-0.03143898722090788,1.0307808958412212,1.0310416330036227,1.0244167799443222,-0.0015631106583731125,1.0314498763026756,1.0315338450647742,1.031526713638452,1.0314023469777465,1.0314389872209078,1.0305836753402469,1.0276080052501895,1.0254781899183596,1.0310068924636409,1.0313861863600842,1.0320273523496526,1.0314389872209078
-0.007414214196325881,-0.004660504846933984,0.0002847407209961506,0.8410285694778616,-0.006116640487624655,-0.005708520923071877,-0.00559099044458394,-0.006104765680729979,-0.0060703693787090614,-0.010262397996963789,0.0011736264233088546,-0.006242789568702271,-0.006346149746212969,-0.0032454657627632184,-0.0018495141349242513,-0.0060703693787090614,1.0043644525093178,1.006804407457585,0.9963373680050609,-0.11754013827148424,1.006020235850866,1.005927105390905,1.0043542324137535,1.0060690984696075,1.006070369378709,1.0062082145851288,1.0006451814758082,1.0084843679293098,1.0039254821595183,1.0041685723912344,1.0049131840695695,1.006070369378709
0.07456269917135853,0.07391407100192737,0.07149539150281514,0.9328721247052382,0.07368743030387051,0.07395919498578493,0.07744160488278543,0.07374695592381027,0.07374122479873067,0.07753583528694033,0.08416160653993603,0.07004840018403546,0.074196189253945,0.07549796006692602,0.07418254317454168,0.07374122479873067,0.9265755961448334,0.9259477407797421,0.9188902390340791,-0.03432238452882941,0.9261806838769864,0.9260390013540162,0.9253634041077161,0.9262453436320721,0.9262587752012693,0.9327493337324695,0.9232110112299212,0.923199340177911,0.9244315641923305,0.9248145989915089,0.9234620712598183,0.9262587752012693
0.019921992756369637,0.01778122243969388,0.026272573711632732,1.0650165070742645,0.016650156498617237,0.016692293178723557,0.016063412251405475,0.01662706326561412,0.01664143943547727,0.015355428913426495,0.019701505427208294,0.02341079905867182,0.016834207610589774,0.017957469043082163,0.021329057804863615,0.01664143943547727,0.9841511016352745,0.9837520753684518,0.9867551719589785,0.10186235538748922,0.9833525693467975,0.9829036057803712,0.9814283991410502,0.9833752455578294,0.9833585605645228,0.9877224911799957,0.9677303359141541,0.9884236784959235,0.9806420899082374,0.9820436757761131,0.9848104122381542,0.9833585605645228
-0.00355631351683532,-0.0027440692022291466,-0.009176041576740837,1.2263967831965144,-0.0024258398645051206,-0.00184771021452333,-0.0020075720186619266,-0.002484056139682388,-0.0024719972469413945,-0.0025338658426065017,0.010414962351927187,-0.007715769455293818,-0.0006065066324665748,0.002646189815131733,0.003031898984393177,-0.0024719972469413945,1.000353892389671,1.0021072996468698,0.9910959190884012,0.26280904103246794,1.0024320219491012,1.0026517139126383,1.0007611660123719,1.0024362011922785,1.0024719972469414,1.0027872190303158,0.9934461753269341,1.000197297423468,1.0026551378216326,1.0035955790080324,1.0055525896700213,1.0024719972469414
0.0004068393764141188,0.0005425159338589639,-0.004643976643185317,0.9015073777261395,7.207972035357398e-05,0.0003725950697256754,-6.333032041838702e-05,-2.722309743115921e-05,5.9614852878520034e-05,-0.0015103050552581693,-0.006220788916266723,-0.005998433783313691,-0.0006777724303939948,-0.000576858081392382,0.0005491416977124955,5.9614852878520034e-05,0.9977998914103541,0.9994000141322691,0.979229417950538,-0.07097997126358169,0.9999556585942532,0.9998574238558404,0.9984757978165796,0.9998697367554109,0.9999403851471215,1.0029279311401154,0.984346620956123,0.999947344083737,0.9988664913673131,0.9985244007379602,0.9968489830056024,0.9999403851471215
0.023595684516977,0.022920673925743523,0.043230123594086865,1.0225006972309818,0.022724019240998667,0.0226821899161577,0.02397656455419323,0.022696686181908295,0.022646558708921606,0.01972784960952937,0.03714713335795286,0.021435769554089053,0.024251694777190465,0.023924842732817322,0.021249156117209365,0.022646558708921606,0.9773002693940637,0.9770347256982871,0.9795437683339183,0.05383034384548102,0.977511489476092,0.9767163216925316,0.9775788586865052,0.9774028808196561,0.9773534412910784,0.9861244326227095,0.9746674630523439,0.9830638504244965,0.9772304773858188,0.9755813943505002,0.9719512054195019,0.9773534412910784
0.053524189169002444,0.053649050124260404,0.054943171930617846,0.9772983481459885,0.053414239418510506,0.0536345809362392,0.05471671027615644,0.05353018760817456,0.05349319441091513,0.05457061233009117,0.06459471797326866,0.05096047751602422,0.055125003303270345,0.052497791472715036,0.05403409330896912,0.05349319441091513,0.9455896229104305,0.9465130819709963,0.9376327481224228,0.004200014378774486,0.9463940565635689,0.9462371865917448,0.9466352418382747,0.946589225004236,0.9465068055890848,0.948248067684339,0.9478349254304225,0.9469989441261056,0.9453511897933734,0.9443726459349451,0.9451125673616705,0.9465068055890848
0.008823490103406337,0.007436951831447623,0.015505126184332935,0.8942540660253302,0.007632226711114061,0.00798600942612184,0.007600768485457215,0.007576100563445711,0.007641618879078433,0.0038221802692933915,0.013153954748777346,0.00596678841925648,0.009065389881732226,0.008742274729498928,0.010456212424945458,0.007641618879078433,0.9911688346754146,0.9922282142997256,0.9836827322023484,-0.05795946032659893,0.9922604546760091,0.9922450700491193,0.9880453323923621,0.9923032161643504,0.9923583811209216,0.9880990382603646,0.9823973766011208,0.9935342837574525,0.9912128523825466,0.9898845712259822,0.9927719678060544,0.9923583811209216
-0.06165080238734727,-0.061864521732406814,-0.06101691924565622,0.9816757762820366,-0.06251484494063062,-0.06260690525691572,-0.06256991491863632,-0.06264349256893094,-0.06263799501162538,-0.06722919986274636,-0.05675079613609816,-0.06451779642947608,-0.059147736276812565,-0.06201332409980374,-0.06198284322135034,-0.06263799501162538,1.0626079535880086,1.0634351818924717,1.054541837918909,0.011730191642653987,1.0627395421336006,1.062294922305465,1.0610312780924724,1.0626454158000767,1.0626379950116254,1.0640892394394985,1.0566187376623384,1.0638376087282344,1.0630700819214043,1.0600315451238254,1.0583612798955933,1.0626379950116254
0.005585656957371324,0.002999998667748632,0.013325937342816532,0.9914527670290401,0.0028404662652893498,0.003188746962047309,0.0026567381996646378,0.002994888151807503,0.0029291054864795706,0.006923129957104891,0.00926112992439658,0.0012444876278831579,0.0031189504174276555,0.0040884770718551105,0.0035644500558923904,0.0029291054864795706,0.9971466287603473,0.9961987164885534,0.9930523438179638,0.0380202869442855,0.9970209131392296,0.9967869733659265,0.9948112880900516,0.997129485987455,0.9970708945135204,1.003390572416663,0.9893269197449363,0.99529708532945,0.9952116076098437,0.995406598255645,0.9913267891644244,0.9970708945135204
0.04934846969538947,0.04888768629934742,0.05167800659776683,1.0444067137639599,0.04834615831220382,0.0481370249998458,0.05066415960171581,0.048383015409603616,0.048323895035763106,0.0418240488071472,0.06137189420281166,0.047250295355356076,0.049838544670934314,0.050219732513082156,0.05075042060228164,0.048323895035763106,0.9502832321590503,0.9520002072325099,0.9492803232146667,0.06685454736433039,0.9516169206626001,0.9511103118053497,0.9496921019032781,0.9517366685550785,0.9516761049642369,0.9500457618370869,0.9548723069615329,0.9586680089760704,0.9503070575785262,0.9494358581389887,0.9508495918993577,0.9516761049642369
-0.08933637041590763,-0.0901321640374124,-0.08206873364969504,0.7283613237692441,-0.09002814884660373,-0.08991202903478532,-0.09095459905777313,-0.08997675111724424,-0.09000774169964329,-0.09458259564974647,-0.08593930271742511,-0.09220283069736514,-0.09105854054364532,-0.08941874589794409,-0.08732515682774217,-0.09000774169964329,1.0899149974106912,1.0894704262954829,1.0872524982050162,-0.25207539421586955,1.090026827735937,1.089660275071045,1.0874529966832316,1.090040897597862,1.0900077416996432,1.09165836928755,1.083601812083544,1.092452452498318,1.0882437849689983,1.088087736811053,1.0912314712056128,1.0900077416996432
0.01594841222184353,0.016215734642164668,0.014053743473317488,1.0252296049890919,0.016155811697835587,0.0163749160202348,0.017927223546348243,0.016325936698693953,0.016360383547414172,0.01156910171977466,0.021795573966997047,0.013717104833633254,0.016871998262967595,0.015343148153426845,0.01786355671063986,0.016360383547414172,0.9821899977832371,0.9833917083509018,0.9744973991074656,0.048008915200168145,0.9834073905637569,0.9833057270018836,0.9828924300727704,0.9837023589666863,0.9836396164525858,0.9842921557429061,0.9760184966433046,0.9859676877155776,0.9826414358105376,0.9799290450860215,0.9827971668235156,0.9836396164525858
-0.0245493186734154,-0.024942043536207357,-0.021477602672726265,0.9472775574718546,-0.025568221050029077,-0.025132923489705188,-0.023609863117012665,-0.025410222074864472,-0.025417381986385972,-0.024361606514346323,-0.020689220878200482,-0.028038077727576653,-0.023612448750217487,-0.02282677520203946,-0.02414745040897248,-0.025417381986385972,1.0253683672219238,1.0256013647112918,1.0163280784312023,-0.027921768992559493,1.0253551127398426,1.0251737150718718,1.0253749965588699,1.025434695352945,1.0254173819863859,1.0332755275060792,1.0180700638137161,1.0270375101793199,1.0267712037308772,1.0249356324145702,1.0247281314746168,1.0254173819863859
0.03708029150480336,0.036701194402203756,0.03702234934743371,1.0410953405757606,0.03677511891836805,0.03687883912790541,0.03781828471210469,0.03682226309613113,0.03680653634662171,0.029923961793891844,0.04441879671399231,0.036203592339213275,0.037670409611464555,0.036740313918361044,0.03958126037236789,0.03680653634662171,0.9599697955887998,0.9627642714714524,0.9553012878327647,0.06776904797756211,0.9631011511415173,0.9629545801795342,0.9608149240021154,0.9631877510463817,0.9631934636533783,0.9623632371219788,0.9612788617870589,0.963111808869141,0.9635766721930109,0.9609517817689879,0.9614838509651503,0.9631934636533783
-0.02634617877833847,-0.026801285715287306,-0.010992821578806598,1.2995481275857819,-0.026527604936267928,-0.02628681454183552,-0.023746055310217968,-0.02666991494960446,-0.02657353389941923,-0.02398156309888405,-0.020513495234495995,-0.03468437957357119,-0.02319405010290957,-0.022572734416109214,-0.024797875588218565,-0.02657353389941923,1.0249332264715447,1.0253369804911538,1.02781871357425,0.35295692661811895,1.0265202706296397,1.0264172867185883,1.0272056986912228,1.0265440804901098,1.0265735338994193,1.032819609738593,1.0140292310749863,1.0192839609280726,1.0247012230884196,1.0246644819317379,1.0234999886788085,1.0265735338994193
-0.007586592877827944,-0.0074863291235534105,-0.003681125610388657,0.8992634982262983,-0.007652082106869304,-0.007580224260830209,-0.008033586888230661,-0.007708043976062194,-0.007736415293310312,-0.009555890053306506,-0.00206033252148496,-0.010781284150658432,-0.005285580805401797,-0.004765711480527101,-0.006152981814543956,-0.007736415293310312,1.006392753263863,1.0074155599651775,1.0044090349189512,-0.06777273011647522,1.0078248587168275,1.0073399351229142,1.0050439640386462,1.0077354503886948,1.0077364152933104,1.0085728118298884,1.0020220551796675,1.0064097409810575,1.0067959755396894,1.0073609129787378,1.0061800515649928,1.0077364152933104
0.03547859606628757,0.03365996573905624,0.0488283203796068,0.9802245814669216,0.033829787509433315,0.033956399029374564,0.03509387091939993,0.03366161078940127,0.03368035051218135,0.03754485305493978,0.03956406715129534,0.03348164384913879,0.03567300133619547,0.03485564561935457,0.03278692398882484,0.03368035051218135,0.9677010946845606,0.9659514821846563,0.9734430712842179,0.01319210286052308,0.966440215757495,0.9661020015344634,0.9652136118942451,0.9663342064915499,0.9663196494878187,0.9705620318243435,0.956777589307101,0.9694425283099607,0.9671737782599653,0.9639346306451695,0.9628143809795514,0.9663196494878187
0.011779126690211321,0.013120207653081261,0.012699139245103973,0.9515887745937188,0.01207289724618107,0.012349012165360659,0.012749042754420977,0.012184395411599155,0.012134596386499268,0.0054336847904285866,0.013660755080755212,0.014011384483177845,0.011050992686467904,0.011325753929749447,0.012839879199239101,0.012134596386499268,0.9867842097393943,0.9879989015644453,0.9812813321781221,-0.011178361659234248,0.9877412428704805,0.9876181419751926,0.9857264449885612,0.9879020326280994,0.9878654036135007,0.9801211169031719,0.9746730467020326,0.9939801378172743,0.9831976811687783,0.9830043553854092,0.9844524409743004,0.9878654036135007
-0.002783497012616944,-0.005022104889656556,-0.0026624525103065527,0.9773974313007305,-0.0046738993515612025,-0.0046045814262332405,-0.00403330319650319,-0.0048196789839737835,-0.004784008104548257,-0.0044546655412943,0.004164718018844217,-0.010098486115299923,-0.0038829976788762816,-0.0034282926932614937,-0.005616623799331223,-0.004784008104548257,1.005020942937603,1.0048118155452608,0.9973157245685057,-0.0019020235299023192,1.004757635592219,1.0045539337678349,1.0037471547085846,1.0047818980732337,1.0047840081045483,1.0102143263367054,1.0062467255304837,1.001472090535347,1.0030468480366823,1.0029548660508587,1.0044740269292582,1.0047840081045483
-0.049526684928398304,-0.050799615996283895,-0.04827562728677002,0.7450301747277731,-0.05073226065818431,-0.050488997121234516,-0.04964545145489058,-0.05073252610365232,-0.050732073444306046,-0.05264245376440863,-0.051294064631304294,-0.04687531160543577,-0.04920036562315714,-0.04856460916434776,-0.04937685954684401,-0.050732073444306046,1.0502125112332306,1.0498732638453485,1.0471304803073342,-0.22297032408088824,1.0507319235898547,1.050414252300092,1.0497588346637439,1.0507459537205843,1.050732073444306,1.053927984911101,1.04027600188445,1.0508819847419026,1.0491386654007293,1.049848527563942,1.0480584652715963,1.050732073444306
0.020160535328331085,0.020929236534787964,0.0230943106605944,1.1779683458539603,0.019893781303973977,0.02019268788921408,0.02047728562558236,0.02000757000440466,0.019946209107076437,0.016547319944341398,0.02758495805013366,0.018369646776189127,0.02072989993288932,0.020727644486267047,0.017836352222171743,0.019946209107076437,0.9774051263605296,0.9799345744896738,0.9734359405975614,0.20869036252495632,0.9799974613653175,0.9798754162947632,0.9782382708088585,0.9801293447877012,0.9800537908929235,0.9818480652608764,0.973606184864102,0.9809821959880312,0.9801024904535149,0.9789053908691107,0.9745843549418662,0.9800537908929235
0.0012516881539747192,0.0006477023560124556,0.007289505545214369,0.8897672389710952,0.00028322179133435785,0.0003337031642387445,0.0023130290902047194,0.00031883606026201144,0.00036698487816372343,-0.0056901484670747494,0.005350281652412182,-0.004915986272595502,0.002975282505560148,0.0016341990610738667,0.003655828332186145,0.00036698487816372343,0.9982747718089684,0.9988805257161936,0.996634729782346,-0.0836931016815341,0.9995867038152293,0.9991065641893857,0.998163927493134,0.9995932068810421,0.9996330151218362,1.0001220244596654,0.9940691151231505,1.0019420852477392,0.9995721421705983,0.9956045777667311,0.9999191013931976,0.9996330151218362
0.022506118725968503,0.022931922380016644,0.02771811734842389,1.0984266769918094,0.022630287247970723,0.02273992994971012,0.023735127103649396,0.022569009434615813,0.022640515707605745,0.0218162830993603,0.031693036560359794,0.02458466233984248,0.022821635735611374,0.02256870618323233,0.02691272330242664,0.022640515707605745,0.9773587906063269,0.9763995488897099,0.9745478256092786,0.12983776224643817,0.9772879373656863,0.9770486193396265,0.9771163526744993,0.9773183442748573,0.9773594842923943,0.974991370859112,0.9724648994535351,0.9854135687477648,0.9744966095934923,0.9740099871214125,0.9782501358165951,0.9773594842923943
0.04522212046406714,0.04409939566887677,0.051089488434369196,1.0012738207838998,0.043685511025966614,0.043968367775127006,0.045211477166396626,0.04375172057437392,0.04378989900935351,0.04430402085137825,0.051523883001220384,0.0447302786069814,0.0452061161325492,0.04754070575700683,0.04972612489702837,0.04378989900935351,0.9558490429546882,0.9566153847096771,0.9486166621725027,0.041168208644841386,0.9561151149343886,0.9559545244092554,0.9554845316784308,0.9562190563571215,0.9562101009906465,0.9609522956495544,0.9516611996341575,0.9599983418064111,0.9540240778923061,0.957339724472398,0.9565391738996194,0.9562101009906465
-0.04673116794346575,-0.04644438000805563,-0.034021064339904844,0.9614572134817556,-0.04683413478056937,-0.04651070681771828,-0.04828114879618454,-0.04683115723179664,-0.04689500794216881,-0.05366612787619553,-0.042987877958881406,-0.049204159241523014,-0.04722782506029642,-0.04576591473390277,-0.0445973841382255,-0.04689500794216881,1.0451737756139858,1.0468900625159097,1.0427449817858532,-0.000773779782996975,1.0468731532522522,1.046736821442741,1.044429832757426,1.046938148050487,1.0468950079421688,1.0478666662631073,1.035272692456336,1.047450972913893,1.043824917013422,1.0447911052654901,1.046047979965291,1.0468950079421688
0.024601251947350227,0.02276046635624717,0.02645183151357955,1.0411753472677177,0.02282623326160576,0.022938786693663237,0.023360070689090847,0.022649615329505178,0.022656348737142052,0.025317446788260166,0.032104089918445086,0.02023438956469408,0.0236304289147157,0.025090175824046896,0.023774432687430663,0.022656348737142052,0.9779781842652792,0.977328248755995,0.9695962514692378,0.08544826492105562,0.9773508578464015,0.9770782269585055,0.9745757421117007,0.9773727999415082,0.9773436512628579,0.9806562698157764,0.9690473331616783,0.976930620777608,0.976420394788049,0.9763140644817582,0.9746850537626025,0.9773436512628579
0.07120371378751505,0.07224140919973018,0.07205546400781099,0.9249526088410688,0.0718577683484092,0.07197337058605235,0.07315336040458414,0.07175145795442243,0.07185305873619165,0.06549821952349333,0.0673883707201875,0.06995915614246208,0.07135640474487852,0.07365144306206077,0.07164889119851323,0.07185305873619165,0.9265831334910043,0.9289338766871951,0.921651484434478,-0.0597295553136199,0.928055038819222,0.9278835049605398,0.9284890268353516,0.9280588109675987,0.9281469412638084,0.9235382922866686,0.9178374906787912,0.9324182152834256,0.9264351648361248,0.9256495136733512,0.9268787095036237,0.9281469412638084
0.010326562043307404,0.009931649684728733,0.017323411538492928,1.4086675564807283,0.010155090961327542,0.010319589308641661,0.013545136488695328,0.010067609129926472,0.010101739547833935,0.0037529525549311357,0.02020637050112519,0.007381091359678101,0.01379397315452947,0.010552161049265204,0.010735389676214584,0.010101739547833935,0.9879875004002601,0.9894578885412447,0.9828500444858108,0.44445331666083654,0.9899997997861963,0.9897111386277078,0.9900497779354079,0.9898883737104489,0.9898982604521661,0.987782759173261,0.9878054585584853,0.9903820365442185,0.991604729789106,0.986911351583728,0.9870977976754702,0.9898982604521661
-0.02408681433786602,-0.024630980685158455,-0.020689427879836183,0.8269229532229556,-0.025694228529831623,-0.02533623680888463,-0.02417964389018701,-0.025644813730664573,-0.02568845057559322,-0.021535276472073133,-0.021912770019246602,-0.028375448557490406,-0.02427113921823001,-0.0221488077990407,-0.019413643610563983,-0.02568845057559322,1.0243862383984508,1.0266315039637,1.0160703427870905,-0.1373282475505584,1.0257155337884707,1.02541665936854,1.0252514564193633,1.0256905848133426,1.0256884505755932,1.033896719206507,1.015338148380275,1.0326034338288252,1.0250924903773388,1.0234372178943159,1.0265776318791384,1.0256884505755932
0.05684368510616448,0.05499885533383822,0.07219042342243613,0.9090264425461365,0.05467172169091811,0.05484358666260597,0.05813233377987437,0.054761348959316856,0.054722650780899294,0.046860053616427956,0.06256337894812151,0.05602127640527939,0.055194121244843686,0.05788858856254599,0.05723094682790025,0.054722650780899294,0.944750704105993,0.9447903737103521,0.947801157525946,-0.04688826602818308,0.9452906758177628,0.9451807340730969,0.9452401210476009,0.9453016573070556,0.9452773492191007,0.942677926103237,0.9361604358012426,0.945244425112317,0.9444193170643436,0.9448540673424098,0.9453954606040431,0.9452773492191007
0.027479290120612794,0.02486241274356321,0.02886631817284315,0.9060285476497962,0.025267958151757496,0.02532254369162377,0.026564725204947223,0.025088852459778727,0.0251604989065475,0.021895232900901104,0.02771113145846473,0.02211859059089067,0.024623576871941312,0.026310790546127314,0.028007092532474926,0.0251604989065475,0.9758387715712874,0.9734978779929387,0.9685378488619009,-0.057960338634567954,0.9750488899636167,0.9744677184112822,0.9742003484713618,0.9747224162134073,0.9748395010934525,0.975905296066316,0.9618208610897028,0.9759957297959708,0.9721918377907062,0.9714101700902478,0.9729054114706557,0.9748395010934525
-0.06225709387073188,-0.06145150762588484,-0.060060982376072346,0.8443000203671019,-0.06265668161354977,-0.06270475880074514,-0.06065042266513063,-0.06271743158017742,-0.06273451281854764,-0.06602395725051222,-0.06061160339392762,-0.06195292010675235,-0.059773946274733585,-0.06304453197207381,-0.06010069285404129,-0.06273451281854764,1.0641368983537605,1.062522742039361,1.060410263485016,-0.12066301040202121,1.062800082029645,1.0621298693144716,1.060602251743672,1.062767054718518,1.0627345128185477,1.0607613856098188,1.0505515231953657,1.0694992749760976,1.0621855671130973,1.0584262403350722,1.0571427763928811,1.0627345128185477
-0.013708201324802513,-0.014304161366490136,-0.021402919888359753,0.9916090999526066,-0.01542368657240081,-0.015106283720309083,-0.014528351878304167,-0.015392368200719597,-0.015328608010847278,-0.024162839781222755,-0.009657240379685435,-0.016029407660412047,-0.012960632426908985,-0.013397836372995882,-0.014051359265824211,-0.015328608010847278,1.0139397795507,1.0149762042068486,0.9967123849231772,0.026897962173258905,1.0152011980556042,1.0149922846149158,1.0127174911585055,1.0152478512434766,1.0153286080108472,1.0130874002902548,1.0115189783928216,1.0169618971021455,1.0154822455509092,1.0133976940781724,1.0111943471706795,1.0153286080108472
-0.03408446306343967,-0.035343389389007544,-0.029110747920674123,1.0172698114513739,-0.03556436526856246,-0.03535246872699397,-0.0342261428410293,-0.0356163241829099,-0.03556009891431424,-0.04192896850226448,-0.03247604827291439,-0.03608053805637211,-0.03343235212223784,-0.031298017662924935,-0.03178047766356667,-0.03556009891431424,1.035525857368719,1.0345497274730568,1.0312733509986265,0.04619243430570963,1.035608274606488,1.0353282026450499,1.0356633601190357,1.0355052595596759,1.0355600989143143,1.037672564549751,1.0284546689231624,1.0355048921569423,1.0356480854064203,1.0348854254936508,1.0374401121502064,1.0355600989143143
-0.002619766767659893,-0.0031133436570586807,0.004569298044254013,0.9668588967445964,-0.002903620835789641,-0.0024966704887811942,-0.001069637054251945,-0.0030280585107139864,-0.003022787042878599,-0.008222305710978072,-0.0014087989011186063,-0.003944174466400952,-0.0005119003923382921,-0.00206647037257962,-0.001936794101043229,-0.003022787042878599,1.0013260409261031,1.0026008250465135,1.0004020651537666,-0.005369142331093757,1.0031068850923794,1.00301688289995,1.0015769591595098,1.0030777964075561,1.0030227870428785,1.006078299972106,0.9940905296020613,1.0049866724506218,1.00229370976405,1.000515004589128,1.0008582766512197,1.0030227870428785
0.04698746799432773,0.04650371471789271,0.05139552565792351,0.9336519040141626,0.04619690956161077,0.04626289267127026,0.04539308523827586,0.04621848112790117,0.04626952081786433,0.04459490040314419,0.048846232128172976,0.04782510387627962,0.048664384483452755,0.046812202379392265,0.046555166703580335,0.04626952081786433,0.9538766711938065,0.9533086031027032,0.9516353389395051,-0.03862451764403274,0.9537403291076374,0.9534756207066134,0.9516398289689704,0.9537466950721636,0.9537304791821357,0.9541507670542384,0.9453452000095506,0.9558914037881323,0.9542702934306838,0.9531045649826156,0.950066979744843,0.9537304791821357
0.012131630565285415,0.01423122298279623,0.02205357613638648,1.0842146254167004,0.013571057836451053,0.013707156213227044,0.014727231131583378,0.013529024543370025,0.013543478295126405,0.014176512996975312,0.03051261580615371,0.012612210146672432,0.015532103778078312,0.012558915885037845,0.014894608801608093,0.013543478295126405,0.9848529281293669,0.9866765289441178,0.985550693877286,0.11405422579265445,0.9865026823301034,0.9862944587335114,0.9847325814777298,0.9864745903791206,0.9864565217048736,0.9922129125694837,0.9889844446334366,0.9887391550521404,0.9855338984210467,0.9835088124732719,0.9847820122621422,0.9864565217048736
0.005866861547239029,0.0060071034904449335,0.014034354902585531,0.9948365809827582,0.005475353500758295,0.005914635008230935,0.008174167760445312,0.005645421123474092,0.005640571363888721,-0.0028488347181802576,0.011821289810060512,0.005422607134242171,0.007002378671721549,0.007262980589080471,0.008031005815804161,0.005640571363888721,0.9926052759188319,0.9933636239456036,0.9927211247136815,0.0284824703955584,0.9942973927679223,0.9942810715968209,0.9949604124768907,0.9943402881649075,0.9943594286361113,0.99197907466596,0.9838810313159466,0.9956600037286099,0.9941664002939075,0.9939810247132231,0.9932352666505004,0.9943594286361113
-0.03302985661265773,-0.033191388758055725,-0.027982792444622033,1.0595026601459105,-0.03288788335072281,-0.032701325241139494,-0.03246705887344103,-0.03299949607666058,-0.032948011380387235,-0.036433403590906625,-0.023480379492678546,-0.03326740005625737,-0.030562076387374768,-0.03332155145387961,-0.02786608253780238,-0.032948011380387235,1.0326126672483567,1.032513107317461,1.0204767238039005,0.09715837909492997,1.0330331838900497,1.0324820386211095,1.0320394277427698,1.0329055839740522,1.0329480113803873,1.0354766103579383,1.0307542974605015,1.0359432045161459,1.032550563753117,1.0304323994464344,1.03104829965405,1.0329480113803873
0.028754591288012082,0.030202746293325568,0.024960961749005098,0.6960010681161138,0.029617248436452512,0.02997581362548398,0.03159280625779699,0.0296544359123629,0.02965957574710636,0.030483564424012292,0.03955600413393068,0.030862279517828987,0.030007317840590835,0.03184974875415953,0.03080063424405073,0.02965957574710636,0.9693352525643508,0.970891539849728,0.9582445201951297,-0.2796041003458525,0.970353984006785,0.9702755188787759,0.9697595138422679,0.9703427427333348,0.9703404242528937,0.9764294899362218,0.9695740265781044,0.9702957132555633,0.9691245741067989,0.9708197692642203,0.9701969836223091,0.9703404242528937
0.03755214007565186,0.036425455728182746,0.050052159761937394,1.1578645865366786,0.03543445869494359,0.035733159067452835,0.035569996151342896,0.03543132624469367,0.03540363072436682,0.029259659120116372,0.040480417920079205,0.035285605536412225,0.03529853675739075,0.03545519725308044,0.04032063170043006,0.03540363072436682,0.9639338197327995,0.9650762312911165,0.9651248839151411,0.19267555718974094,0.9644889630612892,0.9644511116536987,0.9623630943297298,0.9646027431194527,0.9645963692756332,0.9641168660413605,0.9569240613623943,0.9651979947670665,0.9635794416031978,0.9630957571670972,0.9663278377598447,0.9645963692756332
0.03319782354681138,0.03341246835036374,0.0370329855099395,0.9808863544302068,0.03423176579243283,0.034539226001263086,0.03427359699822371,0.03398102612550388,0.03410896848676287,0.034437779961171144,0.033777724167574255,0.032071287898576654,0.03406780607162714,0.034342640656901,0.03609603848757565,0.03410896848676287,0.9633931067615449,0.9650164034588046,0.9550228231588765,0.018832991098688412,0.965925482108619,0.96582012481652,0.9639426251586758,0.9657768231295987,0.9658910315132372,0.9685263235067482,0.9542058352953365,0.9643602878901016,0.9645428013017245,0.9629501691309287,0.9622017062500019,0.9658910315132372
-0.026532196585614284,-0.02711304040871754,-0.025561812762654738,1.0596433088764472,-0.028553806359732946,-0.02842321805666306,-0.02612459961732272,-0.028575662084504676,-0.028652266709703035,-0.028983722927375964,-0.021677558826937452,-0.029921496700409955,-0.029352689515480177,-0.025866137618042812,-0.02638169754200492,-0.028652266709703035,1.028817141808348,1.0284876145484163,1.0241047490937973,0.08975968691602532,1.0287537329741825,1.0283225172816612,1.0282678803576928,1.028727088090731,1.0286522667097031,1.0335568321262354,1.022375966772667,1.0326947079165028,1.0275034400741858,1.0283629125513905,1.0255026899773763,1.0286522667097031
-0.03173111512110158,-0.03223611108830645,-0.03248817586371772,1.1331074510256212,-0.0329655205691739,-0.03237355758220305,-0.0330503534168965,-0.032888342480768856,-0.03289255077735471,-0.03620325474363812,-0.04051607914995725,-0.03399232916532174,-0.029262851762663813,-0.031054663267856143,-0.026875602261447796,-0.03289255077735471,1.032884491416545,1.0324675556753071,1.026609700513378,0.1698148214742834,1.0327982446153587,1.0327803203201733,1.029949816038874,1.032925946013471,1.0328925507773548,1.0336361667385017,1.0115768191275132,1.032954176282562,1.0324123896537054,1.0298200723281574,1.0340858894793532,1.0328925507773548
-0.009197337714647709,-0.00914250652769262,-0.00975792401524887,0.7805351774938564,-0.009148990368230416,-0.008881560878414744,-0.005778744332359919,-0.009199807140380347,-0.009177539739258419,-0.015361976083314226,-0.00933878920613899,-0.010980356524314288,-0.008887561755330795,-0.0056252659668775485,-0.006289737504291004,-0.009177539739258419,1.0075095217042591,1.00872854137539,0.9985216914312405,-0.18943601775385344,1.0090904601878508,1.0089527496563253,1.0108635011991358,1.0091987638149955,1.0091775397392584,1.0126792449997197,0.995741701138755,1.0093212971716676,1.008617685809107,1.0089219424970761,1.005380070795566,1.0091775397392584
-0.025634615455804536,-0.026520510303328616,-0.01843777788062727,0.8533266236128882,-0.02660564598708558,-0.026482505605893544,-0.024868351129344223,-0.026569120564691497,-0.026553407893046336,-0.030581776174326523,-0.01593421583768462,-0.02323264284952875,-0.027961193402157553,-0.024651935968305252,-0.026417418693372993,-0.026553407893046336,1.0272089993913343,1.0266801374119676,1.0249166979627848,-0.12390224285557694,1.0265510420416264,1.0261282533843379,1.0263696237884719,1.0265517224925993,1.0265534078930463,1.0277386157781796,1.0256429143282109,1.0350042975811444,1.0247871425915465,1.0238405586669368,1.0242020951698725,1.0265534078930463
0.01968788303218852,0.018488319911067228,0.02239942225059971,0.997054323505553,0.01847610823736851,0.018818912275136955,0.019700712730732397,0.018426471461540393,0.018464487817392485,0.02097059727248999,0.02412613057667146,0.019477461074948046,0.017993443969455517,0.01920014097319936,0.016714307643512005,0.018464487817392485,0.9814682027067633,0.9814942008418837,0.9770259276877008,0.024912070983842738,0.9815628555371761,0.9813168890237435,0.9794400842022207,0.981565684867507,0.9815355121826075,0.988812823071281,0.9789456263891976,0.982228272613423,0.9785907881681496,0.9779685775783022,0.9782469425922942,0.9815355121826075
-0.030690073513425516,-0.030980175740909815,-0.02488173880115593,0.9156006599537815,-0.030434858440681483,-0.030076488315903125,-0.028524824187070905,-0.030477334242784666,-0.0304701403789245,-0.03570676673309585,-0.024474774399948482,-0.03411800699605249,-0.03011398123332495,-0.02875802501426227,-0.03257300239208611,-0.0304701403789245,1.0285622391876772,1.029785755332382,1.0343078709215434,-0.06489922140538007,1.03057130430896,1.0302762410364017,1.0304868354612235,1.0304973310727141,1.0304701403789245,1.03439528027421,1.0206423612509699,1.0304221228505515,1.0271041861870758,1.0290633966680218,1.027295429752353,1.0304701403789245
0.0750077113429555,0.07382575661464083,0.09112128240963528,1.0857932728233404,0.07431651188392085,0.07443981336658663,0.07667917670869044,0.07425895625320511,0.07427017176243526,0.07755906985847098,0.07938307436934332,0.07253263064019187,0.07552277166096022,0.07633211069209825,0.0744587708382223,0.07427017176243526,0.9244739348366459,0.9249826994582337,0.9286306668991932,0.11682764787308642,0.9257188094863614,0.9253911284766119,0.9261429766016982,0.9256804469301764,0.9257298282375648,0.9339551722720731,0.9184520851053548,0.9258920117746505,0.9253716330249605,0.9254717848074987,0.9246311709266523,0.9257298282375648
0.01464399402627881,0.013769668317727074,0.017272218854007364,0.8818530670968838,0.013996006662507327,0.014776582525704756,0.015018122600243258,0.014193300893691314,0.01417734718163643,0.01318281786438644,0.022436248661910713,0.011510461500249312,0.01423222332295462,0.016944700399164497,0.014571412235904876,0.01417734718163643,0.984946580977937,0.9850534663919362,0.9854743080751861,-0.09716930245418465,0.9856603903604536,0.985972138701946,0.9840535090830903,0.9859117652866167,0.9858226528183636,0.9861169780711013,0.9867080655775512,0.9859256743442562,0.9841217211831209,0.9853261188012952,0.9844329937487869,0.9858226528183636
-0.028286571226776375,-0.028678151403652884,-0.015482827647667194,0.9212403024590688,-0.02841113308323208,-0.028224368599203412,-0.028517391585042386,-0.028375851746202902,-0.028365548167678875,-0.02913833892290729,-0.01725573139127793,-0.03248004680527789,-0.02650177037393459,-0.026513220715269865,-0.027232330297789112,-0.028365548167678875,1.0274093772091237,1.0280038708072892,1.0285946802504198,-0.030361843659029164,1.0283999647161286,1.0280267731081774,1.024775535795618,1.0283776221887269,1.0283655481676788,1.0275678695339097,1.0188192531129487,1.0257486127506372,1.0282680191745515,1.0265006217782204,1.0271858433935166,1.0283655481676788
-0.035528366511913045,-0.03800865237058881,-0.024075310329786312,0.8673738630782658,-0.038089701822197085,-0.037972459705747474,-0.033537202243771096,-0.0381827931076071,-0.03819404500033475,-0.039034476657303245,-0.029874154826384867,-0.03766941082594078,-0.037387603814552264,-0.0340760922675999,-0.032176782034998526,-0.03819404500033475,1.0380678486576447,1.037589743835146,1.0379873612099764,-0.0760250880364628,1.0381457017803175,1.0378261252884904,1.0389643692097543,1.0382188962790975,1.0381940450003349,1.0381169360659153,1.0270359934721396,1.038256820024656,1.036178783688742,1.0382476748292944,1.039526143084259,1.0381940450003349
0.03445192421866619,0.032943132578893815,0.03973833100641518,0.9113384328129776,0.0334962116009955,0.03373453988521699,0.03441071699191188,0.03338500634145232,0.03337377369010715,0.025822769385308336,0.03572022826146564,0.029852477757186018,0.03398985946409292,0.0377943488776166,0.0351460870349536,0.03337377369010715,0.9670200612840063,0.9658229844534336,0.9680283051680659,-0.059388061849999785,0.9666467005094842,0.9665870153323217,0.9655647651230427,0.9666697375205056,0.9666262263098928,0.9611809759078943,0.955893599859707,0.9635635158546259,0.9651162696801175,0.9697131238060557,0.9652956189852638,0.9666262263098928
-0.004106823526853637,-0.004226142268870417,-0.005375377046464536,0.8380948912653671,-0.003903358232755763,-0.003950011595433583,-0.003198840044961218,-0.003970092983671017,-0.003994658806048125,-0.01015650878855732,0.008432007867608988,-0.004302391708426601,-0.002784307843739385,-0.002058231629842248,-0.0015337570070025261,-0.003994658806048125,1.0030658711250755,1.002870573269239,0.9879820848073698,-0.11808895582710388,1.0042041635189385,1.003504613906335,1.0033898665469863,1.0040807031301615,1.0039946588060482,1.0031749872424462,0.9972548588953278,1.0055538960568102,1.0024106825407666,1.0028326295627188,1.0016203606774314,1.0039946588060482
0.07074564816671218,0.07169117393401354,0.06998381866412995,0.9832340658036159,0.07132818128569368,0.07177701742212197,0.07224146743960908,0.07137700118552387,0.07139071190484299,0.0663646612556781,0.07788778809542263,0.06895084554704208,0.0736094843670984,0.07361865739109079,0.06969765509186329,0.07139071190484299,0.9266414835712764,0.9280970012472942,0.9166841218677119,0.011813918792276112,0.9287450522451671,0.928626350943729,0.9276390444860874,0.9286566678960346,0.928609288095157,0.9305052943932259,0.9189703541248694,0.9307559301070774,0.9287125207271534,0.9287766945279092,0.9242718010708958,0.928609288095157
-0.034380762941900476,-0.03643323038572851,-0.02687802443847599,0.8852305893099054,-0.03586372032371133,-0.03569064014974672,-0.03451360688511966,-0.03584632867104211,-0.035907801544437394,-0.0354007804264016,-0.028614464619880885,-0.03740049041593767,-0.03591770192796961,-0.032086023136454346,-0.034513791398831276,-0.035907801544437394,1.0354126232461403,1.034965029150921,1.0409668631887021,-0.08344434244449794,1.035936621836765,1.0355951546792532,1.0355745501034692,1.0359907932864982,1.0359078015444374,1.0430577334498663,1.0251755585430131,1.036519183400869,1.0327810150669734,1.0359821062590306,1.0340708185951932,1.0359078015444374
0.03576824193815182,0.03378133563359704,0.03970396225235631,0.9504769608101972,0.03338819964421477,0.033621823455217345,0.03456200901922303,0.033324794521725654,0.03332616409470882,0.03402668665590804,0.0364388441322774,0.033609875821574445,0.03759643140412874,0.03474456125323059,0.03854547306626641,0.03332616409470882,0.9655981632488836,0.9668136998182048,0.9649462599861607,-0.013076536114222881,0.9666860641581725,0.9665398127965793,0.9646096856258437,0.9667136876273057,0.9666738359052912,0.9724708478565949,0.9589847863877263,0.9655631166501276,0.9675888430199042,0.9655545481144434,0.966858427005462,0.9666738359052912
-0.07471920925640811,-0.07423629600207679,-0.07017417974122046,1.0736566542265935,-0.07433523236511226,-0.07402496742233576,-0.07461917638158085,-0.07439702447942806,-0.07443319949936511,-0.0710503977979736,-0.06721754038795497,-0.07062891705573089,-0.0715231143854002,-0.07318190821802786,-0.07165210202332319,-0.07443319949936511,1.0728942744912136,1.0736666889431665,1.0795264610304585,0.10044184855403249,1.0745903436687614,1.074428011005699,1.0711900873831235,1.0744184738538918,1.074433199499365,1.08514298184733,1.0652178800358991,1.0749432588720145,1.0739465733968618,1.0732696771086894,1.076029433654259,1.074433199499365
-0.03708853922982693,-0.03604680689013521,-0.0407573036326205,1.026297335258275,-0.0369610069820542,-0.03683588086075664,-0.037610643200425634,-0.03699980417932627,-0.03695822911442885,-0.039260500788402534,-0.025506398064166633,-0.04390777096509655,-0.03481336756491176,-0.03506941287420456,-0.034947002359599154,-0.03695822911442885,1.0365052566103776,1.0373599124237707,1.0284697530786355,0.04696263601720607,1.0369794007534867,1.0367192397308422,1.0364873760375188,1.0369693345295143,1.0369582291144288,1.038605562619007,1.036641415561082,1.0358201646945702,1.0362127823366987,1.034974790325925,1.0355208307388877,1.0369582291144288
-0.022500634708598862,-0.02410814805341683,-0.012702772407507572,0.9252243757194648,-0.0242707049187367,-0.024138584250482525,-0.02391695312266519,-0.024194188619114734,-0.024268967066725083,-0.024744500566114793,-0.02094097515979899,-0.022937635613451177,-0.023929650608473973,-0.022976803784486438,-0.02390229115248683,-0.024268967066725083,1.0251223941729097,1.0243295871322884,1.0247276432419181,-0.04684297989614472,1.0242233986373928,1.0239328472041132,1.0225010377353525,1.024362430657671,1.024268967066725,1.0300524333025354,1.0177866554520139,1.023537981111619,1.0219943566694627,1.0242582668518367,1.0222146769615033,1.024268967066725
0.011494257620621806,0.010956617425864559,0.017339685861420484,1.0149624465861886,0.010670736719418148,0.010965096993518428,0.011665184356284827,0.010683428832188094,0.010669629703400327,0.010126827553395102,0.017736217384912552,0.007411256786195558,0.011487882576813756,0.015459787750708628,0.010221890372666667,0.010669629703400327,0.9893849155729675,0.9886305740664773,0.9855210505782365,0.04284333911917226,0.989354707319262,0.9889968189696694,0.9874348223462766,0.9893827319221361,0.9893303702965996,0.9925647247114269,0.9858877575545314,0.9916416502116465,0.9876877054732267,0.9904557826846676,0.9858528322699847,0.9893303702965996
-0.013717639503301945,-0.012994659695888105,-0.016396419092744672,0.9879627200330903,-0.01176125990562023,-0.011395577623796796,-0.010887266388847766,-0.011882712994081866,-0.011713318185529257,-0.013239269375298379,-0.010916093745104155,-0.012822637439846877,-0.011258537254241694,-0.010997622812927538,-0.011735508395667426,-0.011713318185529257,1.0083894505847226,1.0104024084147685,0.9978877214335168,0.015917762945966252,1.0116416897902896,1.0112255875991216,1.0098326883022424,1.0115470227244416,1.0117133181855293,1.0197002717723396,1.0006875153815076,1.0134470206476376,1.0092587307862457,1.00733610913057,1.007724551687811,1.0117133181855293
-0.025698280744390792,-0.026032598448713064,-0.020436065540512575,0.998617219315565,-0.026935380967082742,-0.02660625978412393,-0.02524524814935848,-0.027019925419345676,-0.02701225539875746,-0.02984026036686418,-0.013478259952305133,-0.02849460213440816,-0.025009646268677743,-0.021278332145385815,-0.022726180061809063,-0.02701225539875746,1.0262472373696243,1.027464619183391,1.0253096259236052,0.02710012771758541,1.0269788300744929,1.0267252390146078,1.027472768540103,1.0270977084732262,1.0270122553987575,1.0303516911379849,1.0296693879925767,1.0317271649931752,1.0265426908775355,1.0264200568589572,1.027098845356984,1.0270122553987575
0.05162317933072737,0.05114826955572597,0.05709664625751595,1.0345707386360363,0.050448303808384366,0.05065199943478494,0.05110195872330708,0.05049487941064062,0.05046766475854965,0.05555669194142791,0.06288450740980214,0.057092100640070795,0.051587431207086774,0.05125510574797237,0.04901008321853905,0.05046766475854965,0.9503544046577366,0.9500851318202823,0.9440311169368423,0.07364982438480305,0.9494830340330522,0.9492080927098552,0.9467195556933551,0.9495530512999317,0.9495323352414503,0.9559860004161942,0.9489028349438143,0.9544126453669652,0.948811066717153,0.9470512637413602,0.9459091360059989,0.9495323352414503
0.019766094160830656,0.01861964240444616,0.020508023713334628,1.040565234891579,0.018705863351421517,0.019152411958194122,0.01916548062306893,0.018664167320045683,0.018665497841618698,0.01996092532392292,0.021013664670264238,0.016158289638249293,0.02172944240706943,0.023165551524350257,0.021963020089630223,0.018665497841618698,0.9818699244651811,0.9812495093491994,0.9691401675096566,0.07656187660233149,0.9813556688331266,0.981296198309496,0.9806132911808119,0.9813478348902216,0.9813345021583812,0.9845007005294528,0.9715319871817871,0.9840338053746658,0.9813307127643147,0.9824214571843755,0.9799741588515207,0.9813345021583812
-0.011320071507920148,-0.011559047205907074,-0.014404892313410085,0.9940254084866023,-0.012005695116702185,-0.011690805676133174,-0.011129002252856726,-0.012049080605923574,-0.012101941032822703,-0.00880871552366552,-0.014254964821223277,-0.005222017959951837,-0.012629692450269375,-0.00883010766315624,-0.007614356681941547,-0.012101941032822703,1.0110343446989325,1.0121876098877334,1.0030553805720281,0.03374816773077849,1.01207647590116,1.012006292919414,1.0105040485813341,1.012180890390826,1.0121019410328227,1.0142737086354445,0.997454483422343,1.0177413147805745,1.008817019142023,1.0117095816585122,1.0125351398633111,1.0121019410328227
-0.08599790768705688,-0.086849382085498,-0.0810938178444241,0.6997161071777833,-0.08615578057661845,-0.08558426482136121,-0.08553637156375606,-0.08617245397371139,-0.08616752763401195,-0.08698857248120892,-0.081108883115978,-0.09264700037312969,-0.08567633565783969,-0.08392705983566197,-0.08165856327731313,-0.08616752763401195,1.0840061958081786,1.0852195444189912,1.0801125839861485,-0.26775935683502605,1.0861913679950763,1.0861239487617456,1.0833178040312412,1.0861791575545572,1.086167527634012,1.091335761725422,1.0756269171117172,1.085582484967397,1.0851326857693266,1.083824379137135,1.0873829078882637,1.086167527634012
-0.0006855569682825627,-0.0015393094669706624,-0.0015717629861626582,0.9763953288985825,-0.001938243642277312,-0.0013793514129158042,-0.0019120653778323168,-0.0018522399179545985,-0.0018325586566915774,-0.002327934971553967,0.0017009410712269886,-0.004771924260389413,0.000840952931005802,-0.0005975507990704104,0.0018188499593036615,-0.0018325586566915774,1.0014877536197735,1.0014945420106391,0.9928073649932146,0.008351942975884818,1.0017117412582137,1.0016472320560756,1.0006904677073947,1.0018487283563349,1.0018325586566916,1.0046442284595798,0.9954896241167511,1.001855645367249,1.0011074456691254,1.0003879192390848,0.9994100044265278,1.0018325586566916
0.0023854358493190135,0.0011242716621333007,0.009699668915184097,0.9483022050395663,0.0005711171721877715,0.0007544765912464792,0.0023012017930657156,0.0005560599472931099,0.0005848343642740173,0.001043336663563229,0.012327791773638899,0.0009471835091960366,0.0023837653011357218,0.0023194489736340714,0.0008097399150763895,0.0005848343642740173,0.9999561585509936,0.9993534113237912,0.9985608266647629,-0.011511865519675535,0.9992949191282241,0.9989601608104298,0.9991599947147295,0.9994331317507738,0.999415165635726,1.0034045976938548,0.9928972038388649,0.9996276195108027,0.9983341394282711,0.999730033605951,0.9960519705491291,0.999415165635726
-0.0019433458619981172,-0.004658451976264031,0.0013344335459129252,0.9331764298598187,-0.004275202231418252,-0.00417832006374159,-0.00343926730016784,-0.004201482793762692,-0.004214867112933719,-0.005423755224892115,-0.003100876603131013,-0.008891326902213005,-0.0035462528107027256,-0.004736467889861614,-0.0010878422187172254,-0.004214867112933719,1.0037871453078209,1.0031985814806594,0.9929262685000841,-0.02199814819486967,1.0041635842534389,1.0039578734559724,1.0015154321489173,1.0042357579784995,1.0042148671129336,1.0035626923331828,0.9890407811631494,1.001050443580162,1.0036638409350502,1.0030956042332888,1.0038159702422844,1.0042148671129336
-0.007437959555918502,-0.009116756679054828,-0.0011257416157062503,1.142980307733699,-0.008859913574426972,-0.008594151959786002,-0.008841812282487243,-0.009026361380151022,-0.008918702725672524,-0.013628538144764765,-0.0012911588206083436,-0.011229977708982765,-0.007112748790628964,-0.00632097407058378,-0.004851146077506542,-0.008918702725672524,1.0084800717972011,1.0085114505668762,1.005703052770421,0.17802147855850092,1.0089401955674213,1.008569336242339,1.0073413881594997,1.008871326168472,1.0089187027256725,1.0068165579223158,1.0034775817152763,1.0092700343071683,1.0085528024133787,1.0075685096584261,1.0100361310786143,1.0089187027256725
0.03043357241973042,0.03162263717881665,0.03407008622842567,0.9046480305712199,0.031077490260330465,0.03145243964556275,0.033474503688727876,0.031012611532181492,0.031013077516022027,0.030087287897195704,0.036437218797005955,0.025082928387762424,0.030366963943340656,0.032995123897394014,0.036162141923183386,0.031013077516022027,0.966367677998032,0.9687138129513916,0.9605802576411961,-0.06061610412385732,0.9689648505743309,0.9688747503869732,0.969968940700521,0.9689852009137692,0.968986922483978,0.9756562173792883,0.9610124948923054,0.9655434770876485,0.966837720382163,0.9671518881000649,0.9666683908264485,0.968986922483978
0.0018282250829565088,0.0009534009504604844,0.004704497628494089,1.084203086165419,0.0007730045198223596,0.0010807849974485038,0.001592436776808532,0.000769868050379902,0.0007553364397019457,-0.004771031017553067,0.008074761860214883,0.0022225327934894384,0.0037165568596383525,0.001151510129894502,0.0037407484847703145,0.0007553364397019457,0.9975694497972302,0.9985091838605825,0.9885869268187156,0.11872512756220199,0.9991710530728979,0.9991057093984738,0.9987162220224249,0.9992133017725603,0.9992446635602981,1.0006143105306367,0.9944366046130171,0.9982938466560459,1.0006166577391586,0.9978403405179822,1.0003356935917036,0.9992446635602981
-0.05131902182934749,-0.05117264467539076,-0.04269417764373757,1.0652278561076345,-0.05131960278950972,-0.05120195131255778,-0.049945413206678745,-0.0513523765807973,-0.051323093091178794,-0.04538072956349418,-0.04008857767134225,-0.05537801558674758,-0.048114072083121226,-0.04972558918253145,-0.046049936201887534,-0.051323093091178794,1.0510014121640803,1.0508973540361006,1.049042559381464,0.10515023997382811,1.0513128000887748,1.0509651072295303,1.050996391800836,1.051328848013853,1.0513230930911788,1.0570480824489346,1.0468557018327302,1.0520751745167523,1.050471794994184,1.0503098540280555,1.0521827045231276,1.0513230930911788
0.00408554024125293,0.0016520331393276087,0.0018550126339415371,1.1792746942110528,0.0013523755502641835,0.001718137136104764,0.004683019241052566,0.0014945600086937417,0.0014745617121439596,-0.0044754005487766015,0.010100461684010853,-0.0019147404332866289,0.002710615710449681,0.0035563395507090933,-0.00020981598372591087,0.0014745617121439596,0.9976867736183068,0.9985221828871816,0.9861136877516675,0.20893351974569596,0.9983393687371004,0.9982671798193115,1.00018099530921,0.9985330754471732,0.998525438287856,1.002785479430349,0.9945825416599412,0.9983686543247583,0.9975044718081428,0.9966970972964336,0.9932100750986573,0.998525438287856
-0.0005757636250373788,-0.0013545287918569696,0.008571827693841615,1.0220191429705845,-0.002568642225465268,-0.0025893145659853386,0.0014631553855398356,-0.0025408036276409387,-0.002586666380504709,-0.005086603414520543,0.011269205124235607,0.0017683628491002917,-0.004256378358579645,-0.00043872238675592585,-0.00012695889921297647,-0.002586666380504709,1.0028610798379993,1.0035148814920458,1.0061769804327994,0.06297248056750326,1.0025832939937638,1.0022765711636406,1.0037344750840642,1.0026477340533997,1.0025866663805048,0.996321684121036,1.0005405643426575,1.0058371074561383,1.000035558909918,1.0024562785394184,1.0025906676428085,1.0025866663805048
0.017801113915381868,0.017407761719203194,0.01619369953813946,1.043109726309139,0.016734302049824113,0.016884543145903836,0.016982671845892597,0.016764795996836144,0.01674453510678075,0.012204302819299823,0.024871503006200578,0.01848041281844514,0.017485932766066716,0.01671338485740516,0.016805705221226687,0.01674453510678075,0.9823918621408021,0.9838664369717178,0.970757156754555,0.08000898468134188,0.9831467597241688,0.9831006812267613,0.9808658100710089,0.9833164872545296,0.9832554648932192,0.9799285032955773,0.978781615654012,0.9886480947889702,0.9804427249415538,0.9784958414733061,0.9818096848171867,0.9832554648932192
-0.0787849123061563,-0.0793526109159634,-0.08051924281433116,0.9835150901132114,-0.08043582433743059,-0.08026367322161736,-0.07945117195941309,-0.08040876738834912,-0.0803723819737453,-0.08259936547439868,-0.07784532073816036,-0.08335829568167227,-0.07914547973436654,-0.08003216563509727,-0.07620526122431251,-0.0803723819737453,1.0813432022351759,1.0807719486751648,1.07146512084862,0.004412398701797771,1.0803889221024527,1.0799549305483027,1.0802482924243724,1.0803733713820813,1.0803723819737452,1.0861552522143896,1.0722680220675935,1.08310135257513,1.079320005115121,1.0785702272512507,1.077885508953223,1.0803723819737452
-0.03592043021562166,-0.0342347955139661,-0.036596892428455555,0.9715125124282249,-0.03485632546210957,-0.0345554330380386,-0.036050373999037266,-0.034855040216486693,-0.034818746498814425,-0.03484576640504224,-0.023674599191818368,-0.03467614544114397,-0.032536783802682656,-0.033474021479333,-0.03241721727307037,-0.034818746498814425,1.0334948790313108,1.0348997703366727,1.0253529293819141,0.0011486110280103379,1.0348258031257764,1.034838170319203,1.032366951395219,1.0348137297521292,1.0348187464988143,1.041483870478578,1.0318455288763766,1.0313608269736725,1.0350125243617372,1.0334807137106474,1.0363804247534212,1.0348187464988143
0.0010660784948322156,0.0007076042770660515,0.00863310617261572,0.9613469256965163,-0.0009993571338168712,-0.0008764165220011646,-0.00046275622609157996,-0.000968185478776754,-0.0010878222896668675,-0.0048763189548563755,0.008969948477013736,0.0007290345152542113,0.00042764799783648496,0.002562452572902618,0.002394783545458116,-0.0010878222896668675,1.000448414803707,1.0021792903418725,1.002728290589658,-0.008942907808892064,1.0012280537249167,1.000795746658962,0.9990229518983902,1.0012032321157414,1.0010878222896669,0.9997402215544156,0.9988072487208884,1.00784122735051,1.0021246332418157,1.0026320974301222,0.9993221394309723,1.0010878222896669
0.0005431219866654766,0.0006342811279081805,-0.0012878135308817247,0.8611615821695999,0.0003817429670151351,0.0007160710316806748,0.0037403680261908208,0.0004663791232926381,0.0004940453400487753,-0.00029367014460100744,0.007959729332696487,0.00417383388010863,0.0023889891044985307,0.0016704605249767792,0.0015965296055103699,0.0004940453400487753,0.9992633692429319,0.9993454511038135,0.996387871915809,-0.11581903108333957,0.9994993558728072,0.9991977401772069,1.000135247285677,0.9995314174151484,0.9995059546599512,1.004462039603652,0.9965530359612585,1.0043969215358768,0.9982340058207668,0.9963630766077483,0.9964967925595407,0.9995059546599512
-0.03032381941640786,-0.029880028765785552,-0.02932436735773945,1.019154467941958,-0.02978987892421842,-0.029554890908166785,-0.028241741245560434,-0.029999630721850835,-0.029886628514882097,-0.03327122432992479,-0.01645746824136664,-0.03773332200629498,-0.027202131685279688,-0.026535442747885846,-0.02853255774970889,-0.029886628514882097,1.0283194332935053,1.029867718752195,1.0234165869529979,0.04108952766104357,1.0298863441304933,1.0297639007678596,1.029871495124771,1.0298316286238587,1.029886628514882,1.030626160403075,1.0269226862451675,1.0328411608985757,1.0293938651721484,1.0306195448693398,1.0288528299158437,1.029886628514882
0.006798720456947813,0.0056678468593079736,0.014776145321543208,1.0639040982745276,0.0062596961826554935,0.006586732663662739,0.008983463920760692,0.006206388389376939,0.00622280623310346,0.010051921374715094,0.019143988490808405,-0.0031845835863654227,0.007760187622712763,0.011362486322861786,0.01099574409108044,0.00622280623310346,0.9924222377019503,0.9927729934570008,0.9887526620617596,0.10786504334725588,0.9938897709389477,0.9934253341160367,0.9936180191499856,0.9937126933628669,0.9937771937668965,1.0000566517791885,0.9897062884352424,0.9890127264338114,0.9923127772809203,0.9956440386501466,0.9929065170618427,0.9937771937668965
0.0016379870825961327,-0.001457160188315053,0.010158474294376904,1.024064076498107,-0.0004004343570031676,-0.00040147513811674746,0.0027424600229156338,-0.0004941503959664725,-0.00047125526313181816,-0.006388687689489669,0.006775021068346774,-0.0063712835034680166,-0.0009678384164720145,0.00031720193484137947,-0.000533502909371594,-0.00047125526313181816,1.0010456305593656,0.9989122236941177,1.004358873352257,0.05361338531969495,1.0004128404743475,0.9999436902377556,0.9995475232599808,1.000466378151913,1.0004712552631319,0.9989970341449846,0.9955223204078067,0.999568786594831,0.9990652681091365,0.9966989792166436,0.9950842995619437,1.0004712552631319
-0.048254987694050275,-0.04862469990799865,-0.03891720097053882,1.057401997757991,-0.049219720674140696,-0.048975202143047805,-0.04904751873311166,-0.049164640683971465,-0.04913132774949899,-0.06221665009654665,-0.044586976923521,-0.04745882355884868,-0.047541008794055234,-0.04941435237325946,-0.044606941403602746,-0.04913132774949899,1.0473604282624955,1.049300583952415,1.0399564197554954,0.10053391140802548,1.0490636540619132,1.0488622252267907,1.046036720223058,1.049035813684753,1.049131327749499,1.0442262421453268,1.0420265733681353,1.0487795505905784,1.0487402251325058,1.0464326745814923,1.0492232437838687,1.049131327749499
0.021609172966298988,0.021858860235961612,0.017133402491793744,1.0617954472502265,0.020297761244255426,0.020483232309684934,0.021153109226867736,0.02042716801611533,0.020384456990641963,0.019555453474624503,0.030487093091020507,0.02251219425890246,0.023729492581306435,0.021633266438168413,0.023391347848935224,0.020384456990641963,0.9791443078146659,0.9805298219194457,0.9721666407376776,0.09142551847855185,0.9795634239478741,0.9792609902603332,0.9776204519329839,0.979649964240104,0.979615543009358,0.9838329815977928,0.9759309889942018,0.98213834219148,0.979819096533214,0.9778179575154218,0.9800030403741278,0.979615543009358
-0.03615489576396267,-0.03607421192117325,-0.0412725273767479,1.05998463241171,-0.035609687634182145,-0.03491762795347325,-0.034384201842887686,-0.035607558676422846,-0.03557496811661233,-0.035269033210074345,-0.02836590005625766,-0.03773765413933767,-0.03308922615617462,-0.031774140935108,-0.030818269666365132,-0.03557496811661233,1.033614559385339,1.0347223888122998,1.0168595746965032,0.08239598397237868,1.0354559098307168,1.035680889851456,1.0345762519171997,1.035554059424157,1.0355749681166124,1.045356684711221,1.0331950047658391,1.037439343692356,1.0367872966859775,1.0372990147080914,1.0369170706184012,1.0355749681166124
0.04224555404214751,0.04205805850441871,0.05275495694417217,1.030344405052749,0.041532838960332094,0.04189629424861556,0.04290073610647761,0.04143457884183666,0.0414549714187199,0.034252462855782366,0.050771427646651913,0.04011398987320383,0.042860482596093284,0.04456378205908505,0.046677214290208296,0.0414549714187199,0.9574041515413695,0.9587435215149448,0.9588658828290048,0.0593379681149816,0.9585122957729711,0.9584569677622927,0.9594491609818759,0.9585067468663162,0.9585450285812801,0.958658882822492,0.9592821691559197,0.957480874774105,0.9571367942858126,0.9587343340120837,0.9578383357445759,0.9585450285812801
-0.039425613260576274,-0.041177626215613695,-0.034896721394821945,1.0113058758056734,-0.04068426333684086,-0.04044275377961975,-0.03899495696658644,-0.04079738136812649,-0.04074477666367487,-0.04293603263912891,-0.0391843642099677,-0.04363112669115717,-0.039959331196084115,-0.03723355351245875,-0.03588591951124782,-0.04074477666367487,1.0404577644527442,1.0401018343777355,1.040308017290709,0.03087304056975637,1.0407591595912606,1.0403703437980045,1.0391549168266287,1.0407118448429427,1.0407447766636748,1.0439414459217131,1.0379157525754603,1.0401811020492404,1.0404515800088516,1.0396026975946375,1.042054178328594,1.0407447766636748
0.034438276185197875,0.03157884300509736,0.03644536828152128,1.2120479471352787,0.03212582769226362,0.03248593530221435,0.03390437658294665,0.03210167676075138,0.03208885566526831,0.03583799019918029,0.04264766222089094,0.02591995905105838,0.03440051674751345,0.03315876213709335,0.031109537994121538,0.03208885566526831,0.9694690710689379,0.9671319034109684,0.9625599834022969,0.24472892283983438,0.9679063243861722,0.9676699358673331,0.9671524281138028,0.9679078812982138,0.9679111443347317,0.9720874374615617,0.96250664718066,0.9697352008486658,0.9689438187561413,0.9649965631940871,0.9638566249866567,0.9679111443347317
-0.004078644334007091,-0.00423951171826019,0.006750707898742946,1.0843888005876863,-0.005318982188152316,-0.005045612121975995,-0.005981824946956258,-0.0052143669081388426,-0.005278367107961768,-0.009999134628427242,0.009173323238004486,-0.0050279987475370805,-0.004174390355516764,-0.0030294626091485716,-0.0052553451707929135,-0.005278367107961768,1.006510266946317,1.0058275716175107,1.0039517065653016,0.12868015242115505,1.0051438885319948,1.005060128707871,1.0032518738632326,1.0053562525309803,1.0052783671079617,0.9978360369074822,1.0014240876007028,1.0120044523876233,1.0039748162613287,1.0035820017608559,1.0006455933120542,1.0052783671079617
-0.003939338185734091,-0.003891043473821546,0.0010949433289674153,1.0157605729037371,-0.004627209151097321,-0.004502718154058073,-0.0022083371686587136,-0.004657838417869947,-0.004669053592807568,-0.012856436677213944,0.004810107644505354,-0.004263941404518801,-0.002207545040616666,-0.0023350887669439397,-0.004416424613031495,-0.004669053592807568,1.0050050800055363,1.0052139845389005,1.0105308063473533,0.032890481166618635,1.0047588614574456,1.0044056134989778,1.0037772028248817,1.004721913140869,1.0046690535928076,1.0014001955269625,1.0054980967952114,1.0046540692723762,1.0048278853591213,1.0053923448615287,1.002164836758213,1.0046690535928076
-0.0459791398640461,-0.047687211002717125,-0.03541782071782813,1.0946429497750925,-0.04867923523103073,-0.04843124952291241,-0.04660629828753592,-0.048606933826178964,-0.04868324308635901,-0.04568186548614644,-0.04114107600683368,-0.04994313697679255,-0.04853106905512827,-0.04460994159106136,-0.044968041257667166,-0.04868324308635901,1.0493797235368056,1.0487174020481116,1.044882835223238,0.14113596800456263,1.048608203908466,1.0485459134440076,1.0482577732271647,1.0487152717041317,1.048683243086359,1.0582842914030246,1.043154493253377,1.0471736135308929,1.0452115978245808,1.0469610761757475,1.0484039570644457,1.048683243086359
-0.08527629406522945,-0.0846211211406913,-0.08682474338858677,1.0166209203154677,-0.08480978392113378,-0.08451243412470812,-0.08373288763574523,-0.08479308634329737,-0.08478365961628713,-0.0884212144652115,-0.07140079246597475,-0.08216197271543585,-0.08431582806574062,-0.08283539787948664,-0.08204803563439994,-0.08478365961628713,1.0834712435992473,1.0842940395783485,1.0697085094893286,0.05989198171630472,1.0847234106566892,1.0843367800025938,1.0845228281922894,1.0848133502954727,1.0847836596162872,1.0859829067570632,1.080726723439625,1.0903605414952482,1.084649613125183,1.0823269123457868,1.077934401841408,1.0847836596162872
-0.023109443440598735,-0.021832641886453574,-0.02934854447084873,0.8247817205137863,-0.02310140176672698,-0.022524326930321754,-0.02270917402857665,-0.022990689764793622,-0.022982363738926308,-0.02054444879202792,-0.010508238538645059,-0.023579790145560036,-0.019301925811114836,-0.024543563872522572,-0.020506635000114015,-0.022982363738926308,1.0216334315491638,1.0232706347267773,1.004456228433522,-0.1399227851149083,1.0228359273740737,1.0229357677332074,1.0206155148994027,1.022949990816907,1.0229823637389264,1.0283039161881837,1.0263653203539098,1.0214523639506363,1.024120209294993,1.0192494208668426,1.0217086472846084,1.0229823637389264
-0.04156961150316379,-0.04259606637954652,-0.0423678950047085,1.0972524302709858,-0.04266917840813139,-0.04223749057921891,-0.038301456733305886,-0.042775906098632646,-0.04277403194046807,-0.04468453735659395,-0.03886173146666235,-0.046121563806990715,-0.044464731019252045,-0.03978630172064773,-0.04308215857220195,-0.04277403194046807,1.0418383551456505,1.0419924005095738,1.0387658656587315,0.12202984446329845,1.042846193797107,1.0426153729189562,1.0437275909553703,1.0428084057056575,1.0427740319404681,1.047128981494954,1.0357391038423622,1.045154582402549,1.0384370966039593,1.0422361554482737,1.0375749921187365,1.0427740319404681
-0.01690133923810124,-0.016816857099208635,-0.01438458281420921,1.0215321932637256,-0.017096583186051704,-0.017160726900328268,-0.015362979917495917,-0.017152454949038116,-0.017179340658897545,-0.02181281898081849,-0.0117289012177447,-0.017309538417237775,-0.01631047933195415,-0.012535684504218247,-0.012915783264774511,-0.017179340658897545,1.0170299765948851,1.0161735285429012,1.0155916401812408,0.0398123799520026,1.0172338929149747,1.0166364074463796,1.018767530733774,1.0172642438751354,1.0171793406588976,1.0185188019599705,1.0151117235999707,1.0192612879228062,1.014909901304987,1.018274343409273,1.018537190525412,1.0171793406588976
0.0010255607166581083,0.00015264330329689947,-0.007207003277343548,0.7314733862139665,-0.0011028811840156872,-0.0005095883763838617,0.0003370323103468346,-0.000953633541151648,-0.0009704595364519284,-0.006255381264930902,0.003486827357902933,-0.0006507818746328028,0.0015163752144178942,0.0016706227032245251,0.00308014992116014,-0.0009704595364519284,1.0018869676046114,1.0018212395233057,0.991022490457794,-0.24654428737031364,1.00101804122005,1.0009068850442615,1.0003546661439422,1.0010449916474105,1.000970459536452,1.0058889989960411,0.9941478679637349,1.0007072013343041,1.0010119979388008,0.9997846500677716,1.0008317870956456,1.000970459536452
0.019082222126388104,0.020323333997946526,0.019767307590563846,1.0449977465104472,0.021015388599254167,0.020977784919879096,0.021486429797038967,0.02080557893322592,0.020905073754666256,0.02000303249032532,0.03062615814641172,0.015428646542677848,0.020782686945651843,0.02058200224818207,0.022563973635801263,0.020905073754666256,0.9760485404443487,0.9786416414538974,0.9685638088964466,0.06942069263212369,0.9791866406056925,0.9787160617930522,0.9767324048257799,0.9790292762013776,0.9790949262453338,0.984203918932036,0.9755501293671479,0.9783471888018315,0.9780581568622795,0.9766537228386536,0.978081346948711,0.9790949262453338
0.018426196556921026,0.01661284280965958,0.012623182866310962,1.0824315344119593,0.017046447105040777,0.017233776900327902,0.019503857153390453,0.017093063299799333,0.01706412024702894,0.02133365285367502,0.027031473340025248,0.01797730394262879,0.016795162744910667,0.01916388514832722,0.018311746209788694,0.01706412024702894,0.9829172310323276,0.9825163579966764,0.9720269581968195,0.11029749174093306,0.982874582853062,0.9826978146935456,0.9823549561850128,0.9829591108931325,0.982935879752971,0.986885681777957,0.98387188594425,0.9864004388289926,0.9816887535838164,0.9825553562736953,0.9799355120825589,0.982935879752971
0.01853674262082963,0.01755490933823318,0.0266096522421887,0.988016786416976,0.017042063495335505,0.0176041478617227,0.01888549635360622,0.01726176005401351,0.01724069569653598,0.017866005106670288,0.028135198920858674,0.017982036869403643,0.018616786942432684,0.02093785701513784,0.02086774033104261,0.01724069569653598,0.9815298515078567,0.9824687323777519,0.9846664087810901,0.025172214465629117,0.9827472248088215,0.9823996880076434,0.9820235228441104,0.9827698662370999,0.982759304303464,0.9859509347095535,0.9833585358813755,0.983190795692403,0.9820294740852876,0.9804585332269826,0.9816228377645579,0.982759304303464
0.010698788129371278,0.011641951923460578,0.011720220023483864,0.8271129955123315,0.01083440123347173,0.011259268592363562,0.012609126672710455,0.010877773557885346,0.010923727130565384,0.002662251224106791,0.012824621364164858,0.008674326072184536,0.010612620156106178,0.011349110914292838,0.016850124737097828,0.010923727130565384,0.9873902569336904,0.9900086602038749,0.9823699928185612,-0.15259295977824938,0.9889601363221443,0.9888394615865763,0.9893266956888923,0.9890211333138113,0.9890762728694347,0.9881594719495831,0.9783347574204501,0.9913569456378694,0.9876787414510352,0.9859960624286022,0.9926158316407252,0.9890762728694347
0.00503424714052518,0.004663761243975515,0.014869607675028177,0.9421115663143569,0.0033955029693357995,0.0034078340182828047,0.005989231888173532,0.003558903676781634,0.0034638380666405285,0.009660496346414083,0.014019807951882157,0.004581105341595876,0.0026133015632749984,0.0032437700819911717,0.003605304274014693,0.0034638380666405285,0.9963838228870073,0.997422131521326,0.9857012156796661,-0.011023991351013729,0.9964954242492837,0.9958110713762076,0.9959289942490633,0.9965253323339304,0.9965361619333595,1.0033301413492484,0.9959224187842062,0.9968889833015309,0.9947053700337044,0.9937904549908327,0.9953778350487339,0.9965361619333595
-0.02195677958424993,-0.022426241538197285,-0.01942900676971982,1.1505826554577039,-0.02398021707534271,-0.023472595967669613,-0.02222759806455988,-0.023877117294178213,-0.023917118189621583,-0.030890241281745036,-0.022394517953390192,-0.021829258042941828,-0.02237729290074356,-0.019449029871545474,-0.017790533532703014,-0.023917118189621583,1.0246060363111527,1.0245437378726154,1.0217183947304995,0.18803975825372155,1.023915187811403,1.0238829253594557,1.022898859466929,1.0239552390131896,1.0239171181896216,1.019120810765441,1.0114319877708766,1.0299482128773225,1.0221198559675213,1.023670792605821,1.023005259822388,1.0239171181896216
0.005731486853158942,0.004548553781200324,0.009934577498191918,0.9594187800165526,0.004073735954534192,0.004274915016809358,0.004843171568831023,0.004102959463645504,0.0040715340768888554,0.0004686372135873685,0.017018751340717585,-0.0006370981113344102,0.00408374599003195,0.004933968160616694,0.004783624933965362,0.0040715340768888554,0.9951873893691598,0.995604789592746,0.9859243225863404,0.00014843420813526187,0.995832231803702,0.995480797727798,0.992213654663616,0.9959503600383217,0.9959284659231111,1.0020564282675393,0.9949127528873378,0.994208280168087,0.9932785686249626,0.9914898950150391,0.9921243345963644,0.9959284659231111
0.060442075159285166,0.059169719788394866,0.054613103342908774,0.9167490979124058,0.05938772402843113,0.0598281315087742,0.06076444721280212,0.05930364518045601,0.05927824289912788,0.053223176115869554,0.07425233077170773,0.052373215028398167,0.058982320826167896,0.061574686359283,0.06396240681542671,0.05927824289912788,0.94075898318965,0.9399125465599584,0.923240858580876,-0.0446476701425953,0.9407373032377543,0.9406237854142416,0.9414960862575422,0.9407421734205478,0.9407217571008721,0.9412479836169784,0.9402886600984635,0.9369131303101189,0.9369518217072876,0.9405441623706231,0.93826080654557,0.9407217571008721
-0.0041469673616256805,-0.0015441111860643928,-0.00537846741072005,0.9874434252109014,-0.003064448203625759,-0.002670627720744183,-0.001167003251980441,-0.0029554614953372824,-0.0029695850372629946,-0.0007689267742263961,0.0058145157003457555,-0.0027179923173936372,-0.0012245106505757283,-0.0011206116143583004,-0.002170398741441855,-0.0029695850372629946,1.0002381306683124,1.0034253765957128,0.9900696454382418,0.027450005378457543,1.0028853897823429,1.0027454805122018,1.001821175978366,1.002936011138558,1.002969585037263,1.0101704248189423,0.9960401865784678,1.0032128509826916,1.0034225013257956,1.0013958505300828,0.9988261055834551,1.002969585037263
-0.03479561753034006,-0.03252423977405924,-0.035175548072972324,0.9179065313858545,-0.034198108498380654,-0.03398554746958814,-0.03439584717546537,-0.03409454843829553,-0.034110935968801576,-0.041995858700608686,-0.02636257962972425,-0.027492819540950755,-0.03306526519243435,-0.03295855560883703,-0.03455732776154147,-0.034110935968801576,1.0331171974362345,1.0342841261646214,1.0280796568723678,-0.053332024136267364,1.0341146763675721,1.0336670284536014,1.03066733430571,1.0341728733096833,1.0341109359688017,1.0342733972543585,1.0292327318955192,1.0406398092423552,1.0313970035999294,1.0329496842277461,1.028650818750945,1.0341109359688017
-0.015941080711859953,-0.014449334857458552,-0.013261927652429674,1.0330717848179993,-0.015599139374483968,-0.0151781163850589,-0.012584169752087905,-0.015600611348226632,-0.015647037018582322,-0.01644977288707108,-0.001948199653622505,-0.01604014223743635,-0.013790011872951006,-0.01352297487179459,-0.008129423049016137,-0.015647037018582322,1.0136161136897286,1.016092483893216,1.0091237156217883,0.07482819695021836,1.0156360302899512,1.0154858573961356,1.014800005667593,1.0156854799208281,1.0156470370185824,1.0195476433285078,1.0122608176763703,1.0181547425528785,1.0131792239884967,1.0143301849178188,1.0180180573977573,1.0156470370185824
0.0015868755590144857,0.001619791938565794,0.010934416859261872,1.0125944409839402,0.00091653659323583,0.0009427151563194489,0.002126308908752266,0.0007994396227146707,0.000779499899274025,-0.0006730672745862349,0.010787807365076505,0.003901656533219471,0.002202777586740198,0.00045789224453041854,0.0008628238457250336,0.000779499899274025,0.9992820821821234,0.9987213586175122,0.9975008402077715,0.04560170988061274,0.9993660874489197,0.9989712046159,0.9985350422508482,0.9992532987742556,0.9992205001007259,1.0000954699534066,1.0022420746070544,0.9985197842258726,0.9985314627832863,0.9979602914897348,0.9957038007213391,0.9992205001007259
-0.028393597151676775,-0.028689849647418025,-0.025777043589268214,0.888002929120188,-0.03016919793255258,-0.030041836073447088,-0.029097507669422873,-0.03019365429318556,-0.030165477727897516,-0.031639027145144064,-0.020950175414785284,-0.031406673871451546,-0.02823104078536093,-0.026919111184076628,-0.026522975232396998,-0.030165477727897516,1.0307962818722243,1.0303980884936668,1.027072703639361,-0.08259834370769825,1.030138320778433,1.0298349549374728,1.0305027662959187,1.030163337741827,1.0301654777278975,1.0361192912580255,1.0252737015206288,1.029083006986811,1.0314641617253189,1.0297768176583717,1.0287917965022935,1.0301654777278975
-0.009553015208261812,-0.010459002579995944,-0.0012892712074556005,1.035720529814044,-0.010400704882447083,-0.010147304003068043,-0.010023713165989915,-0.010567023184824685,-0.010486077701547431,-0.01074055378353551,0.0013016489789246433,-0.007810323136435432,-0.008545751932809877,-0.011169891671808006,-0.011601747743199957,-0.010486077701547431,1.0106099104289745,1.0101735701729504,1.0054939761548476,0.07757375874932648,1.010639828551062,1.0102009576314248,1.0075101887253,1.010431258438341,1.0104860777015474,1.013409241674176,1.0078701448570693,1.0109315720316543,1.0082321009427213,1.007162818422087,1.0106754414077652,1.0104860777015474
-0.0628638500427015,-0.0634588886075332,-0.05865208026217322,0.7797994120275838,-0.0630682493410082,-0.06254220105296737,-0.06167843026137737,-0.06311100884221982,-0.06308196695106062,-0.06181704075943014,-0.051092120445047136,-0.06779084046013639,-0.06136668511022198,-0.06101532473982822,-0.06109433215130415,-0.06308196695106062,1.0614893915502446,1.0628570355307263,1.0513637877508515,-0.17608281006949467,1.0630227344281682,1.0631016782974008,1.0623848898508639,1.0630530973229344,1.0630819669510607,1.0656436603894444,1.0612833573048415,1.0609781417257074,1.061805082828103,1.061589375356734,1.0607137122866337,1.0630819669510607
-0.06907686307287514,-0.07181575409377665,-0.06811477437434514,0.9640311867915076,-0.07090771780992719,-0.0707436241340547,-0.07037756289360608,-0.07100665107704825,-0.07099578734672779,-0.07290655331893045,-0.0666939091414217,-0.072069954877561,-0.07147960670774044,-0.06910890838685244,-0.06886827204860581,-0.07099578734672779,1.072476905796601,1.0693764804952612,1.066039804823116,-0.015763148865276966,1.0710232739777519,1.070462603984924,1.0692769571554763,1.0710864698029774,1.0709957873467277,1.0772010541769914,1.0669251125453905,1.0768711586712771,1.0693554622405659,1.0689455703432866,1.0654379412490562,1.0709957873467277
-0.009495388733119316,-0.009795960128457295,-0.009341467949617602,1.184665776176129,-0.00946278082378602,-0.009186309950966032,-0.007448270998096224,-0.009704460055756816,-0.009660596803091651,-0.006193344155273206,-0.001464944370841372,-0.011978411294895215,-0.00884200583832056,-0.007299378550344931,-0.006493302707847206,-0.009660596803091651,1.0077350241635958,1.0093906108802895,1.003819259573881,0.2187055046916947,1.0097742462099302,1.009563147395056,1.0089054013317682,1.0096106474711926,1.0096605968030916,1.0146078431591132,1.0038720110493506,1.0103342519915082,1.0087620750567439,1.007409430780448,1.0087903421460154,1.0096605968030916
-0.03757849382325629,-0.037800743339831466,-0.02024632132985226,1.2259728008088062,-0.03760138254287653,-0.036903106716678145,-0.03819048103775647,-0.03755709674417034,-0.0375411599721301,-0.04282070995945326,-0.032764790391706905,-0.03779636783471408,-0.0359250684687051,-0.034642841614169376,-0.03519199707188257,-0.0375411599721301,1.0347593068597785,1.0374077673684172,1.0378234953011483,0.2686357283336336,1.0375402089190646,1.0375134581656833,1.0346415278158718,1.037547339195811,1.03754115997213,1.0329382340574227,1.0296337565622808,1.0413559679426583,1.0370652025452336,1.036588380516701,1.0370607804062315,1.03754115997213
0.055744559915695255,0.056516314661109734,0.05658070793772557,0.9357307996655367,0.05617364045881216,0.056359206710398776,0.05605063264405882,0.056194046549459295,0.0562562292052636,0.05761632104065402,0.06543632987186358,0.057035306880252136,0.05627629480374663,0.05777633596662102,0.05461125750839092,0.0562562292052636,0.941678867814207,0.9441393885834857,0.9407851191388233,-0.050839095556388436,0.9436680059592054,0.9433952612349813,0.9429295694495321,0.9436974629348033,0.9437437707947364,0.9533902208781505,0.9437098925047741,0.944361776247058,0.9423940340374802,0.9424011800237535,0.9418344850524829,0.9437437707947364
-0.02237954635721021,-0.02116197284163432,-0.024548528118169852,0.8835225892317755,-0.022553520162323704,-0.022293268884494684,-0.022361097892539143,-0.022586358552779167,-0.022554703128754888,-0.02472354077241059,-0.011850009697196157,-0.020858959314231464,-0.02215031408530129,-0.0212118277689805,-0.018407847494366223,-0.022554703128754888,1.0217006418270222,1.0232293620683222,1.0216290312422538,-0.08659772211370043,1.0225535029864579,1.0222930596568796,1.0191402575411257,1.022563091129513,1.022554703128755,1.0214634252428447,1.0164851423861079,1.025850835253523,1.021200153536565,1.019472441231731,1.0236826955299134,1.022554703128755
-0.043881689287264276,-0.04689260578577404,-0.04330552650555976,1.1333699742821646,-0.046564748677600874,-0.04616176412209052,-0.04527537154322022,-0.046549690596234324,-0.04652549076064139,-0.05363463049733243,-0.0487624567042499,-0.046201991430747574,-0.044540472661675636,-0.044337070603752776,-0.04517261471074128,-0.04652549076064139,1.0469215834389562,1.0455638518081833,1.0425229620373668,0.17361584705434774,1.0464812102924,1.0464228160929163,1.0441794992361646,1.046465459814484,1.0465254907606414,1.041132244638284,1.0262408094012134,1.0498620147254076,1.0448177285987228,1.0448349686664162,1.0452256583578854,1.0465254907606414
-0.09481927955247235,-0.09519871175181324,-0.09325812184992778,1.0853693147270924,-0.0959468557261305,-0.09545925352447969,-0.09230590713547125,-0.09577939289810088,-0.09580921202705948,-0.09933429038861064,-0.0839877371746645,-0.09099035086079636,-0.09388039369642329,-0.09491408438756983,-0.0913354096635089,-0.09580921202705948,1.0931423561607063,1.096318712584375,1.0815032856114017,0.14301383109176125,1.0957284574037538,1.0955941610120243,1.0955511985634034,1.0957794962449379,1.0958092120270595,1.0918724864648448,1.0858591349210498,1.1011764145105776,1.0973511550608244,1.0921769388374951,1.0959639839836883,1.0958092120270595
-0.06736974024140205,-0.06704933312690155,-0.0646775121470925,1.1341502600672795,-0.06770601568019181,-0.06763687246851303,-0.0648873855590004,-0.06783874882453272,-0.06782842708532151,-0.06991319384383939,-0.05736560582639681,-0.07506567103471544,-0.06751572018907603,-0.06581911496953287,-0.06635500069220517,-0.06782842708532151,1.0661953606539574,1.0682709406076702,1.061087118148492,0.15468791291979656,1.0678261239707392,1.067441867266318,1.0655353063889572,1.0678873811971794,1.0678284270853216,1.0762949768871695,1.0658955533681769,1.069122967823741,1.0664987935767105,1.0661687295020388,1.0660211056510658,1.0678284270853216
0.006408172729350841,0.004108983252613353,0.01827741851831705,0.9619477851470816,0.0036374725878426765,0.0037926481840226305,0.006085651600397108,0.00365265726756273,0.0036531394493580223,0.004299353063942046,0.006927750972074385,0.0031504773178971826,0.004731920219993106,0.005747021975444867,0.0043133088571911445,0.0036531394493580223,0.9975371463545151,0.9956749807944296,0.9950006121775642,0.013274902675196265,0.9963808083254276,0.9960216595548418,0.9961449896423824,0.9963742746385014,0.996346860550642,0.9978411399246827,0.9875838764491167,0.993867203716219,0.9943224427255581,0.994719085420651,0.9922203646148522,0.996346860550642
-0.01125891117218641,-0.0131573790587861,-0.01422220448349941,1.1407062679060753,-0.012969075949505037,-0.012552125005094691,-0.011607016342564561,-0.013012509081597226,-0.012941648237594243,-0.013736460976793378,-0.005610838091798195,-0.01190902183028861,-0.01152623388979061,-0.013377826408671157,-0.01294800631955831,-0.012941648237594243,1.0119208821955963,1.0123953654294702,1.005111530429079,0.1660325618794507,1.0129107751113187,1.0125680450341863,1.0124470963176424,1.0129196263647096,1.0129416482375941,1.0170230836181495,1.0068364916111163,1.018464257549279,1.0120324498540822,1.0095601069310511,1.0109055910448204,1.0129416482375941
-0.012154990124997553,-0.012387576239404023,-0.01111187330805262,1.096881157545016,-0.013242927481359698,-0.012993810013726273,-0.010444889823743544,-0.01329489189050112,-0.013169273292697913,-0.01732091992685099,-0.011531853388877597,-0.01903792094498861,-0.012924586867130836,-0.012619622071030958,-0.009097289671307405,-0.013169273292697913,1.012009909125906,1.0138261010294676,1.0023982131270495,0.13080494979534185,1.013003590872279,1.0127829583451833,1.013248695144999,1.0131029986042168,1.013169273292698,1.0115941985138754,1.0050628335282372,1.0081473839130715,1.0110861352650187,1.0119895846035427,1.0146800140285928,1.013169273292698
-0.07404084516886171,-0.07468649526422518,-0.06879860362444068,1.0549153184509628,-0.07511437631381976,-0.07498355772831419,-0.0725057351823899,-0.07510121516110564,-0.07509017044267353,-0.0756409536849666,-0.06910035215764906,-0.07337858364360883,-0.07580532814604084,-0.075871156682802,-0.0746071324515672,-0.07509017044267353,1.0738182741878317,1.07533907700053,1.0637955635244063,0.10502113437454241,1.0749707022184074,1.0747777680280277,1.0736703765494486,1.075103135598471,1.0750901704426736,1.0714484279036567,1.069140115368309,1.0752352482143768,1.073042454645766,1.0732610895890378,1.0714262175748084,1.0750901704426736
-0.03244451062403859,-0.03287474763515057,-0.03707176642646636,0.955213107494407,-0.03317032681785903,-0.03303405214109402,-0.032078373548047025,-0.033310751329488686,-0.033259650573273854,-0.03902633852053275,-0.02855327023968938,-0.037623393720791376,-0.032146552296156226,-0.029709309428984188,-0.03357021516572622,-0.033259650573273854,1.0322966213822993,1.0330150708242851,1.0217767359007628,-0.020719319215310783,1.0333779145130295,1.0328422866666058,1.03230079955174,1.0332345055056074,1.0332596505732738,1.0296458647368005,1.030898681912488,1.0335538511791813,1.0324330000948438,1.0317253720835817,1.0311577083022514,1.0332596505732738
0.0557895684352917,0.05611777119816179,0.06010688253459742,0.9932483259246686,0.05633535172183102,0.05662834815375421,0.05571557903946636,0.05613724736987742,0.05617066645315895,0.047994264679639555,0.06335451781971399,0.057043961614193034,0.057811891121668554,0.05720788454156321,0.05692112751024426,0.05617066645315895,0.9427670975037494,0.9431021984279392,0.9412834539630621,0.017284644727897258,0.9439274928102686,0.9438119707293315,0.941895309681939,0.943854566322275,0.9438293335468411,0.9411021389779792,0.9427468885620001,0.9449791764167854,0.9420537006637348,0.9441410135823946,0.9392702007913157,0.9438293335468411
-0.0386813332073078,-0.03908210446615727,-0.040687036305516185,1.0891418144266087,-0.04015016435553098,-0.04003917777927831,-0.037777748571156525,-0.04006388372129781,-0.040138209300891466,-0.042418777613382926,-0.024813791012797508,-0.03652643818611696,-0.035848890979622246,-0.039734122801854975,-0.04314961020020456,-0.040138209300891466,1.0407060144825262,1.0408308582164252,1.0362020648373074,0.11520741924680133,1.0400929354222592,1.0398330466127663,1.0399288830131523,1.040193319694206,1.0401382093008915,1.0387578822212078,1.0440858444967818,1.0441871670348104,1.040985153319353,1.037335138431903,1.0376484260698966,1.0401382093008915
-0.003903664876425266,-0.004650824137244089,-0.0010493195319758815,1.011127580872019,-0.004657260146914699,-0.004196333358335219,-0.003095897165342366,-0.004746092535678036,-0.004716678599546317,-0.0060019930736886305,-0.015124211778184415,-0.007841411334021092,-0.0019124275247330313,-0.004442473457088156,-0.002926029915469289,-0.004716678599546317,1.003805892648011,1.0045523179132732,0.9938860225338289,0.05131177767668804,1.0047507235273476,1.004684377090574,1.003762212527184,1.0046967233889412,1.0047166785995463,0.9998326588757157,0.9880062878969291,1.007387356050192,1.0030776261165804,1.0020336227305555,1.0006644935799072,1.0047166785995463
-0.0019447699544679062,-0.0028658183377064544,0.006519788352310511,0.8814441149977731,-0.0027609081576301965,-0.0025166753627564134,-0.0028316270006471544,-0.0027830840447801786,-0.0028002741819021485,-0.007634989143469049,0.004571451912794583,-0.002266505799855484,-0.0010231631361679106,-0.00036955557641658323,-0.0006218934545316863,-0.0028002741819021485,1.0021275117459176,1.0024615134292807,0.9948336313050246,-0.07371827880321291,1.0028538890101366,1.002640533069582,1.000848810875015,1.002838385936199,1.0028002741819022,1.001520476265128,0.9974890303737767,1.0003727441024874,1.0023062098918378,1.0020262958493082,1.0028688346424968,1.0028002741819022
0.027067314842739637,0.027383947694564963,0.03094027394896678,0.8382071607451468,0.026827359748477112,0.027198167614768586,0.028373787177088293,0.026893089141524978,0.026906073474662253,0.019710393655544667,0.025479665698234403,0.02830909854799155,0.02876604189960848,0.02977028217907144,0.029856003574076338,0.026906073474662253,0.9720485075416277,0.9734908490210795,0.9744252527384225,-0.13484556544111648,0.9730669341539958,0.9729739246376946,0.9711343628176543,0.9731075092188358,0.9730939265253378,0.9684685565999946,0.9584767939236801,0.9758822271254146,0.9725211944838502,0.9724135272817872,0.9745075151669021,0.9730939265253378
-0.023386827448826985,-0.023278122841494754,-0.015990858547256764,0.8741285920639644,-0.02348790321925253,-0.02335455563457873,-0.02206128431994306,-0.02345088284069179,-0.02348885685569969,-0.027808153826524795,-0.015610770426765902,-0.02284388516513688,-0.02094628239678384,-0.023890321749000257,-0.022631695892112204,-0.02348885685569969,1.0226114464481824,1.0225829154768338,1.01846444184025,-0.08178644347056818,1.0234210021334713,1.0231110727822916,1.0213176373102864,1.0235480518818714,1.0234888568556997,1.025656879811165,1.0126198202893057,1.024745439018508,1.0240038167678789,1.0206562193171367,1.0185207315603992,1.0234888568556997
-0.01074753621443694,-0.011403314015569115,-0.006868721152469193,0.9685861341487072,-0.011752502988217298,-0.011327530203359068,-0.00911484452232329,-0.011810341923448573,-0.011787913882542958,-0.01267212818935548,-0.00367325144607354,-0.012962328568888622,-0.010878483637157986,-0.009576578699105857,-0.009882639436986954,-0.011787913882542958,1.0108308601093021,1.0115335170862896,1.0017484739723204,0.009939970550788213,1.0118900294135378,1.0117172800509107,1.0117247461232066,1.0118395739893475,1.011787913882543,1.0174055065021637,1.0044723510292606,1.0090298407092473,1.0111836047268186,1.0123936363348631,1.009059661271453,1.011787913882543
-0.007146550603006181,-0.00958020452740871,0.001671979062314822,1.2414017414023892,-0.010151754232678058,-0.009944320402800471,-0.00846102880470562,-0.010155481109417016,-0.010240835585142641,-0.014512430050433211,-0.004673810371554695,-0.007944821248050947,-0.010124986409806051,-0.009014713098970761,-0.010387161060210745,-0.010240835585142641,1.0108908916346844,1.0098057655792445,1.0125561216315393,0.2798141657376443,1.010220405480919,1.010068811986045,1.0094224163619365,1.010242954962191,1.0102408355851427,1.008063063042013,1.0012785718170132,1.0108278022115185,1.0069731022350559,1.009434794518067,1.0095502697118057,1.0102408355851427
0.029261068119976176,0.028493780903602325,0.03617297506149735,1.1328561526485892,0.028148399409408182,0.02821290408810776,0.028633406780953666,0.02807764615061489,0.02806344414936296,0.02752220451926418,0.03682567215312435,0.035055700919585965,0.028756557515355045,0.0281990357949287,0.0305014484506188,0.02806344414936296,0.9704596778841352,0.972133812738522,0.9748934037955675,0.16812105889264206,0.9719902367044858,0.9717506446667511,0.9700627734419571,0.9720246599223293,0.971936555850637,0.9718923291046319,0.9683055465226438,0.975445177616579,0.9716172435594203,0.969335780223742,0.9718167714038349,0.971936555850637
-0.03565510119913366,-0.03660163827993828,-0.03333719343894773,1.1636486970778646,-0.03676321614154919,-0.03622751724034328,-0.034937766305686714,-0.036639462093257906,-0.03668613670625345,-0.0379139725184225,-0.03990168433932893,-0.036492287292013315,-0.03544345525305586,-0.036859564694037034,-0.0341489951074447,-0.03668613670625345,1.0358410095524382,1.0357699427873575,1.0237023010541018,0.22142741391968568,1.0365633891240835,1.0363684482916362,1.0357948591642223,1.0367321274175814,1.0366861367062534,1.0391495535516315,1.0142585745934374,1.0385911166906305,1.0336724882865005,1.031342876791929,1.0309273487568003,1.0366861367062534
0.023881260867495094,0.02318311179001136,0.0237664263120674,0.9923482308723587,0.023594418775416317,0.02410600634769635,0.024219332607188778,0.023733948343906765,0.02367839217291364,0.022317057475306407,0.03592310155320921,0.024384284112950204,0.02451444420385884,0.024156215706242944,0.022121835479694953,0.02367839217291364,0.9746259859858295,0.9758221858831663,0.9775842153303869,0.00723210517840589,0.9762124187344379,0.9762707748911816,0.9741118956092414,0.9764448912249157,0.9763216078270863,0.9827399188293021,0.9747847209085303,0.9804757131958385,0.9753528299640176,0.9739454143713108,0.9731284515867515,0.9763216078270863
-0.013056256758251675,-0.014576573336796995,-0.004218710747904882,0.9863199670395408,-0.014889828713549874,-0.014511365432281776,-0.013660844103364113,-0.014835307083020352,-0.01475240916267754,-0.014811018740421148,-0.012283127074619964,-0.01826010254957196,-0.014821050434707007,-0.014241167729501014,-0.011925368029958115,-0.01475240916267754,1.0155245576777554,1.0143372326790643,1.0177562559593563,0.004166160326065427,1.014562509173454,1.0144130240199618,1.0147712545076808,1.0147009128696565,1.0147524091626776,1.0218206756905184,1.006039124412919,1.018417295274928,1.013912498839784,1.012399921997241,1.0128732180611872,1.0147524091626776
-0.02001319136459672,-0.01910664041244878,-0.020810667084206463,1.001578343292801,-0.02069084017728071,-0.02047495776885012,-0.019606358335327503,-0.020751845111278824,-0.020755024340719193,-0.026542017885749412,-0.011649054245269228,-0.02548234389668989,-0.01763566762486365,-0.015965256506220767,-0.018897958666072412,-0.020755024340719193,1.0202960635244467,1.0218510932715084,1.0121972483599355,0.03917864532960602,1.0208202555853594,1.0204978706404075,1.0201027752786234,1.020748068577301,1.0207550243407193,1.0191053669779888,1.0132023418074114,1.018569995867961,1.020092927045919,1.0203031098055915,1.01870405986504,1.0207550243407193
-0.04559921113340132,-0.044811661909889805,-0.0427532826165491,1.0925785183385504,-0.04552378712179674,-0.04509698394331585,-0.0460966579828357,-0.045371660943290204,-0.045391401738531685,-0.05083517683233429,-0.037379634787064187,-0.041677399827288776,-0.0440171067659681,-0.0432646524277333,-0.04368252160511848,-0.045391401738531685,1.0443973272957832,1.0446155087715372,1.0343517190177833,0.1322736503217653,1.0452440020578033,1.0450300137039468,1.0417758056695967,1.0454220255271969,1.0453914017385317,1.0441485622908704,1.0421064740314205,1.0501639522547688,1.0427613844629537,1.0432860624325204,1.0437515445969157,1.0453914017385317
0.027657087622647486,0.027895226603675403,0.027491100955726377,0.963814756942594,0.027719841136606416,0.02790084379038707,0.026502528586532837,0.027712932556301185,0.027777067851808952,0.021687090971504123,0.026671471622498652,0.03133647768526711,0.028916896978859886,0.0297659317522765,0.031730184080294196,0.027777067851808952,0.9690082387170817,0.9719039844801358,0.9687768244809938,-0.008697964635247635,0.9722141079889154,0.9719920460830717,0.9693606014379871,0.9722029982353877,0.972222932148191,0.9682027795777235,0.9605796269313318,0.9746370395276465,0.9723634063058545,0.9723741356574691,0.9717306582369192,0.972222932148191
0.023169502606829245,0.02192593864735836,0.020890672250504592,1.081010188852614,0.021397969168461574,0.021546807856608778,0.02318201028736031,0.021296805241047163,0.021243598191940945,0.02350938275377567,0.032395655109349566,0.020341420922537757,0.025059376296058568,0.025762742527126407,0.020930831873828624,0.021243598191940945,0.9797374692541805,0.9790997780261398,0.9707689507091973,0.11783513504501897,0.9788041536034726,0.9785962139834307,0.9783627787610075,0.9788430099701778,0.978756401808059,0.9845516825956376,0.9766269921121191,0.9784156471170282,0.977813196717794,0.9786921599599838,0.9740132709490006,0.978756401808059
-0.025641541049031505,-0.025340687626939036,-0.019271201325472536,0.8024146870022357,-0.025835898725574544,-0.025624648928582034,-0.02500332526896396,-0.025832961882051773,-0.025788815673890703,-0.02781119797453386,-0.0223992755543257,-0.026959172984864724,-0.023867571435718306,-0.024992243489829896,-0.02699964608255864,-0.025788815673890703,1.0246047989968816,1.0256407252151272,1.0105017071957252,-0.15239175891818246,1.0256705298879096,1.0254555908685759,1.0238464761450734,1.0257784390537839,1.0257888156738908,1.0253867158163406,1.0205401491688553,1.0234970472363787,1.0248127804819025,1.0245683514044428,1.0231553804081173,1.0257888156738908
-0.021834059236561343,-0.02144943859539658,-0.02569702706528202,0.8878691612988449,-0.022586009568765854,-0.022308531298990995,-0.020952537768798803,-0.022460805672798415,-0.022486819173545745,-0.026029941777809346,-0.01949751812564156,-0.022972874356669504,-0.021436830907529986,-0.021024380349051512,-0.019788591810041358,-0.022486819173545745,1.0220228061519228,1.0227500205208695,1.0150781191299096,-0.08946923510376781,1.022407165772474,1.0221127680596558,1.0231390866000087,1.022525962086025,1.0224868191735457,1.0227679096528417,1.0147858533614047,1.0242463856286188,1.0226701287633404,1.021511646777752,1.0207005905066282,1.0224868191735457
-0.011242972666021348,-0.011277248215019945,0.0036616998966929977,1.1100218825820778,-0.011560932599384188,-0.011406509746420612,-0.007211228614900669,-0.011505607767454407,-0.011522218086491547,-0.01951047364974206,0.00381443944653437,-0.01231661774056958,-0.01151616420522085,-0.00885421381504068,-0.012256929600780607,-0.011522218086491547,1.009572033253127,1.0114605200647595,1.0110772023096175,0.14540157696072598,1.011489156319502,1.0113169590685864,1.0116633329301732,1.0115639886685117,1.0115222180864916,1.0107013470812363,1.013382170198303,1.011175476736583,1.0101464238170585,1.0103496096880071,1.0103749091977914,1.0115222180864916
0.05196735224362462,0.05048196665951233,0.05619628325157426,0.9788151709977829,0.05101636206124308,0.051178898231668754,0.052947803583302394,0.05103791831987859,0.05101079393112332,0.05246409040288594,0.0631949189870809,0.050545116784809066,0.05229322577789202,0.05278342332806672,0.051005804729704535,0.05101079393112332,0.9490958189499514,0.947783627914296,0.9482442673527355,0.009967798541124728,0.9490662694634862,0.9487579003746385,0.949679578747597,0.9490378167132832,0.9489892060688767,0.9544486714746078,0.943011811076612,0.9497564433571267,0.9485373406252283,0.9479140333204107,0.9464870381709779,0.9489892060688767
0.001999499579232592,0.0025802357087814326,0.003929052271014043,1.0534941297211118,0.0021947474978136427,0.0023555914865031695,0.005571882054561419,0.0022314104524114725,0.002190398124432511,-0.003212115945267189,0.009132128200058811,0.004335920808154318,0.0025077062182865925,0.005159071347352719,0.002210819983534232,0.002190398124432511,0.9973145963444994,0.9986299364733495,0.9955101975655503,0.07293124441682053,0.9978678557497617,0.9975235743953241,0.9985487442078087,0.9978833438390815,0.9978096018755674,0.9999706770681472,0.9977029182744688,0.9991854206208035,0.9962372170702593,0.9963409707652846,0.9945580592784887,0.9978096018755674
0.031051953797518694,0.02887813397530335,0.02771007068105792,1.0523023660031308,0.029616826081254266,0.02967525750474717,0.030329809037444533,0.029390461846232875,0.02942119769192062,0.030834006458810067,0.032025847058951756,0.029641881466712316,0.03197402048621174,0.032433511781335286,0.031424924865392875,0.02942119769192062,0.9697343531262129,0.9697687620827076,0.9553739631516354,0.08521943720582137,0.9705979740434041,0.9703502566599248,0.9689816434482944,0.9705604516203161,0.9705788023080794,0.9749505757933385,0.9659916346014831,0.9729346736037314,0.9702304271373132,0.9700277144622599,0.9695748442797849,0.9705788023080794
0.05014210481993245,0.04973911704859311,0.050216074417717055,0.9434172747461332,0.04898522783355544,0.04897906211343955,0.04998737763963372,0.04895920551113075,0.048889873943302485,0.04881920435060153,0.06434758578603104,0.050438378404080726,0.04606425162454343,0.05073900490762086,0.05075603844354795,0.048889873943302485,0.9514855205345829,0.9514534985067413,0.9480905101734142,-0.04232497835307569,0.9511380051667567,0.950542684110831,0.9506488729571285,0.9511723752474918,0.9511101260566975,0.9580933759294262,0.9604801190458702,0.9566749954301599,0.9480430651836362,0.9485757777908156,0.9479237932255178,0.9511101260566975
-0.0036670480090018917,-0.0050971371064684225,0.005370328062270439,0.964490013059044,-0.0039261421240932804,-0.0036515942412730837,-0.002058945141000123,-0.003942252145755184,-0.00395046076848256,-0.004873662022757757,-0.00011925208038709237,-0.0013789707059073313,-0.003197029534938133,-0.0034961806336913613,-0.004341673843144684,-0.00395046076848256,1.0044766384247683,1.0027526917947134,1.0076671402784396,-0.006832835033612872,1.0039054351256462,1.0036641533829302,1.0046280922588096,1.0039376731267382,1.0039504607684826,1.0063172650104928,0.9978572775679804,1.0067667618226745,1.0007909135856106,1.0013653147419883,0.9989169115552712,1.0039504607684826
0.017955948403587926,0.018299988800327,0.015428453581673668,0.9890000630919892,0.018102735790446405,0.018264035644914467,0.019007140545900515,0.018120505603341535,0.01809819150939671,0.015221296175038413,0.028062214306597198,0.01243212190921237,0.019566258380684938,0.02161474909715818,0.019271165373978456,0.01809819150939671,0.9802577751180794,0.9810625013010921,0.9703552822004076,0.019511859345174187,0.9819886087742902,0.9816869361919817,0.980953153487548,0.981875969936985,0.9819018084906033,0.9826759975964972,0.9804593987343951,0.9802679663569543,0.9815731058704672,0.981542298673725,0.9774719364917794,0.9819018084906033
0.0013063458616016934,0.0012872052688349949,0.00022051785468242506,0.882868700458177,0.0005002092726025277,0.0005693978497865973,0.0011158917240226968,0.0004839145813352006,0.000584918081742414,-0.006629404149919436,0.006166244331105151,0.0007119870544222956,0.00044466967699497833,0.0035301523817108885,0.005672589330196835,0.000584918081742414,0.9991286505549921,0.9993985216493468,0.9967513345163855,-0.09157876163096601,0.999383455244848,0.99910954584224,0.9990004022196651,0.9993478748308446,0.9994150819182576,0.9954153709586921,0.9924860600609984,0.9998285558037581,0.9980775499672102,0.9993056997594925,0.999390794989193,0.9994150819182576
-1.121845251025291e-05,0.000207804568408112,0.0073017079484459305,0.8524063638408067,-3.9467645008770604e-05,-0.00017201070666621543,0.0006626218328025514,-0.0001708659220058908,-0.00017139775587561912,-0.003005688084138667,0.008290095686495106,0.0012697540225890477,0.0019377202318412528,0.001533236181684824,-0.0010300419075116843,-0.00017139775587561912,0.9988031038415497,0.9993869767058896,0.9920850889087315,-0.11337639983171566,1.0001073655176866,0.9997139430319475,0.9991196527216847,1.0002115984328994,1.0001713977558757,1.003721696538778,0.9962657837187245,1.0035101618934306,1.0012730829984324,0.9986298912039251,0.9971555968138975,1.0001713977558757
0.10495812819311186,0.10386101888674903,0.11022544891267026,1.1831942157313802,0.10368885652135444,0.10407582130385994,0.10571504245307786,0.1037432751779367,0.10371862359954026,0.0952227634578812,0.10360296243201439,0.10109872638540394,0.10534366671882582,0.10236080248365162,0.10456804639971556,0.10371862359954026,0.8963238502250848,0.8958938643526287,0.8878672922585904,0.20786834077905736,0.8962235876776752,0.8960996618744422,0.8965905960989291,0.8962955888120041,0.8962813764004598,0.8927052144342155,0.8899056529076841,0.8993891564298846,0.8968999457335294,0.8919441579799667,0.8929308675619223,0.8962813764004598
-0.009987371494591096,-0.010912362887156704,-0.006788208923404039,0.8293783898188752,-0.010186203082427849,-0.010070000009340645,-0.009814579935614617,-0.010312463976265946,-0.010296191612801469,-0.00785017932549091,-0.008401039908243865,-0.008333291979592462,-0.008873562888477508,-0.010669625483830401,-0.005381420761012386,-0.010296191612801469,1.0084491403283544,1.0093894077570837,1.004815095825274,-0.1355345181372456,1.010222240701733,1.0099919985966301,1.0073256461027769,1.0103112259438618,1.0102961916128015,1.0171844743527223,1.000791892531532,1.014391158244315,1.0089345325481192,1.0069938062105606,1.008357238409828,1.0102961916128015
0.025320599214355845,0.024184454212291415,0.03597829423332445,0.943316911668586,0.023883766304169534,0.024222419265678096,0.024626195329211717,0.023918965835808048,0.023898138833190606,0.02047845884835738,0.031989076817805884,0.023478525224496036,0.024153311100729047,0.027565149931580796,0.030023533978625984,0.023898138833190606,0.9766664645290983,0.9761929800415404,0.9787178334614836,-0.020054236415500748,0.9761197303390415,0.9758497424569144,0.9760986811795891,0.9761541163194405,0.9761018611668094,0.9722426657061769,0.9713257487544892,0.976792621242579,0.9746062733115651,0.9762568991651837,0.9780343775843062,0.9761018611668094
-0.00508887232251107,-0.00593032625993757,-0.0019264272621003944,1.0393547444127254,-0.006764609773359204,-0.00682421404023476,-0.004971912483989256,-0.0068029581205862255,-0.006839892437531843,-0.014459161700301206,-0.0007356203831984464,-0.006945534118913877,-0.004732688228858197,-0.005334092029292252,-0.005085894453748491,-0.006839892437531843,1.0073665373103493,1.006595599791017,1.0009867981189478,0.07514051716467185,1.006942093150298,1.0063460343879667,1.0048709369213644,1.006893611714237,1.006839892437532,1.0011173592099447,1.0022860246710863,1.0106850516580557,1.0053071623426866,1.0041226987680296,1.0050591636344497,1.006839892437532
0.03251565108162219,0.03251039443750614,0.03626587659267584,0.913887118990217,0.031821261462145214,0.0322994590109926,0.03284097083483646,0.03184584612763002,0.0318531529900359,0.02422166418609872,0.027250476072816835,0.03150103450690835,0.03291797621120963,0.03520882004177521,0.038431031843660694,0.0318531529900359,0.9677166189300193,0.968157448239073,0.9637175898108652,-0.046371970680355146,0.9680846527321971,0.9681291814000288,0.9672785903051151,0.9681732745300731,0.9681468470099641,0.9643090921116777,0.9455100217223973,0.9714816707379609,0.9656803262956606,0.9672465429564746,0.9691313825127658,0.9681468470099641
0.06554694959725314,0.06553443362179612,0.06519263964032582,1.042683886352713,0.06605700814342037,0.06612542131289402,0.06552247225708693,0.06597356280768785,0.06601349929040554,0.05914510290269121,0.0676588350689529,0.06552634151724716,0.06627221227758978,0.06923047665617933,0.06785849734334029,0.06601349929040554,0.931663261417951,0.932771956678274,0.9239573894317821,0.07550317456117694,0.933976793976812,0.9335914994174968,0.931429540008093,0.9339186988525503,0.9339865007095944,0.9280602190479375,0.9263391142699412,0.9362711262272218,0.933111774689043,0.931763901170393,0.9314081115381125,0.9339865007095944
0.0010851125568283107,1.788734422385872e-05,0.004830445808325383,1.1422873330758347,-0.00015914751552648386,0.00015131491859015757,0.0010538459203156385,-0.00024129931565651213,-0.000205897224016456,-0.0013201028058575977,0.010519865658692043,-0.001220003837906347,0.0014493437037945444,0.0009319268024504012,-0.002074054677275702,-0.000205897224016456,1.0000024280490147,0.9992163593792369,0.9957598980497991,0.1755459939656583,1.0002580373656857,1.0000694478670031,0.9988565289947225,1.0002146980606739,1.0002058972240164,1.0022782230051215,0.9995229733326253,1.0006636356120644,0.9987793427415909,0.9980739663658752,0.9958553341311716,1.0002058972240164
0.03030057637896251,0.030376087264803578,0.0239992839609413,1.0197819788039149,0.03114474475574503,0.03143470648986673,0.031315653766234484,0.03106695169749134,0.03110440458939021,0.029058158524521833,0.034953862634182306,0.02765521742545201,0.032617497433417575,0.03361846266354972,0.030969449708097483,0.03110440458939021,0.9667879504357396,0.9673498720048025,0.952737198622497,0.051671898040951625,0.968883761075437,0.9687074633495318,0.9687280761313425,0.9688659317603241,0.9688955954106098,0.9701814700132015,0.9612782415428723,0.9655396323125937,0.9678658166931197,0.9688219699207777,0.964555193212541,0.9688955954106098
-0.0031258447363746657,-0.0032312862484692026,-0.010691778013902992,1.0809745919649814,-0.0035441222522176186,-0.0033362379468812346,-0.004406475283346064,-0.0036416835417176995,-0.0036241509763609084,-0.008681383606307182,0.0039916683432889505,-0.0013195927960796127,-0.0034911563349741825,-0.002075702025400183,-0.002383177603037125,-0.0036241509763609084,1.001266007829366,1.004488324004315,0.989076346253406,0.11548670881822165,1.003580280149514,1.0033856814845907,1.0008222568642724,1.0035913544200585,1.0036241509763608,1.0025087058201414,0.9940531417439398,1.0082893203263283,1.0017492228200162,1.0004654890657223,1.002655356395696,1.0036241509763608
-0.03092061055544586,-0.031036133463772694,-0.03345993737392534,1.1033301304330076,-0.0315159235632609,-0.031326311658096954,-0.031215572895964466,-0.031525256375932925,-0.03150448745673486,-0.029491068772735916,-0.01751613430698402,-0.03229773272262884,-0.030030370846334548,-0.030450390640533488,-0.03335355377613202,-0.03150448745673486,1.0310040122176019,1.0320951657540414,1.0297845434679156,0.12319621708598227,1.0313648985309936,1.0311181301971382,1.0299749600391443,1.0315107298838506,1.031504487456735,1.0344492612922507,1.0312392294539885,1.035479409751577,1.0301859951596062,1.0299599130095893,1.0286870567755941,1.031504487456735
-0.009422712646179679,-0.010176160448483558,0.0011577378226554633,0.8702575605818305,-0.010186860207784901,-0.010042144532939286,-0.009983969145886538,-0.0101751643900602,-0.010209172734904716,-0.014156615675409007,-0.0019364691938752118,-0.011788910042912954,-0.010994241371666203,-0.00917800400738958,-0.006798641925177795,-0.010209172734904716,1.0103554261088665,1.0098735953925988,1.0122764431944653,-0.0998426174742828,1.0100910328852366,1.0099641435565407,1.008335969659803,1.0102524582087546,1.0102091727349047,1.0094192384609753,1.0051567641754282,1.0123778101450487,1.006018152242136,1.008613152888059,1.0115345736901844,1.0102091727349047
-0.07291366953321544,-0.07220960290975575,-0.06885322326078343,0.9884575922172785,-0.07307431140274835,-0.07282745956361181,-0.07213651221900295,-0.07299049524937551,-0.07293922059076938,-0.08163811613591564,-0.0679199652191741,-0.07190967649469485,-0.0706212149217377,-0.07183081158605409,-0.06839641472554886,-0.07293922059076938,1.07216957777689,1.0731036813918702,1.0627958203861907,0.013278135292659643,1.0727968494673772,1.0726961300364268,1.0722322247418452,1.0729836646627287,1.0729392205907693,1.0752296877413188,1.0710522974923398,1.073791073441715,1.0732523016972448,1.0708871674673335,1.072714437766439,1.0729392205907693
-0.06600437350697118,-0.06642061479309151,-0.05919801612109647,1.0405632247918342,-0.06668934312956293,-0.06661553825146085,-0.06622871623207638,-0.0667987160851635,-0.0667756099744994,-0.07358636359653659,-0.06238622816567033,-0.06795070573417197,-0.06684061427810843,-0.06303289694482564,-0.06543478438824361,-0.0667756099744994,1.0662307479594713,1.0657910961659511,1.0567017422387461,0.07672418324407726,1.0667712808873222,1.0666394764484453,1.0644115744766363,1.0667605485534373,1.0667756099744994,1.0692473238378613,1.0635405262083637,1.0687122796402986,1.0634207241677365,1.0668275491859176,1.0611759241628018,1.0667756099744994
0.06056876557571097,0.060310506096366866,0.06779296071776349,0.9802670665273804,0.05982542311278749,0.05994955087939646,0.06221243760453699,0.05973479888654402,0.05976862779680057,0.057613801952659346,0.06819817515796285,0.06175849677298779,0.06121277229151791,0.05889685768554179,0.06291727243990218,0.05976862779680057,0.939942171355033,0.9396190208523133,0.9384593087833132,0.014958518018235667,0.940284986698967,0.9399636771208266,0.9391678846383601,0.9401947110050287,0.9402313722031994,0.9436372992802176,0.9346193549444541,0.9401366820258064,0.9402372729907331,0.9383526087052245,0.9405546816495888,0.9402313722031994
0.04272147586883147,0.04380182503747045,0.040493273453307416,1.0783742434516537,0.04332288163435557,0.043788543030176645,0.043173333223582626,0.04344342755610713,0.04342140568113276,0.04020296242094947,0.054190135464487726,0.043537109588244,0.045055828521727154,0.0465080383437249,0.0487164091160597,0.04342140568113276,0.9534117565570043,0.9569479312812004,0.9391186945487315,0.1286799964106634,0.9564920559678903,0.956382060924956,0.9530081757847854,0.9565734139055726,0.9565785943188673,0.9571329775373061,0.9488668378739897,0.9565880562439014,0.9548922327157501,0.954532089843341,0.9586957799230958,0.9565785943188673
-0.08461118508347015,-0.08414137264552152,-0.08873370650828025,1.0871233807678229,-0.08467356120690993,-0.08459902353657596,-0.08394279379664558,-0.08462121165383782,-0.08463795109228127,-0.08577178721135997,-0.07702451518390825,-0.08081720343753178,-0.08497109635962917,-0.0841937411090875,-0.08777394179203199,-0.08463795109228127,1.0840665980504667,1.0843633931466912,1.0714276661934272,0.12077525130981193,1.0846043467331303,1.0842356676995328,1.0842564232989989,1.0846894198017931,1.0846379510922812,1.08731250380526,1.0778975758387142,1.084895656803382,1.0821328382558186,1.0843083093592873,1.0792975238961995,1.0846379510922812
-0.05615334874001096,-0.05744849405558825,-0.05735906554931439,0.7852657760357723,-0.058399905546172026,-0.05842515537179324,-0.05688161429047427,-0.05852551664766737,-0.05856256017928928,-0.05781269099622811,-0.04380769982383019,-0.06083995170205455,-0.05747309715633154,-0.05696018648153237,-0.05668074435309624,-0.05856256017928928,1.058664554436515,1.0583575780897292,1.050244882334728,-0.18179620510204098,1.0586743886719578,1.0582851190164297,1.0587963440503216,1.0585670498200215,1.0585625601792892,1.0630842792273567,1.058816398464282,1.0596949848993777,1.0587791586685789,1.0575366536674575,1.0550801706580035,1.0585625601792892
-0.04643328795683695,-0.04638923364609651,-0.04149948692924433,0.894863732482796,-0.047542575597127344,-0.04722775414942143,-0.047709870668614505,-0.04738818605125626,-0.04741455688414717,-0.045130631704774916,-0.032569880566128716,-0.046455746212883696,-0.04807231721405408,-0.04853275879889899,-0.045148634380643246,-0.04741455688414717,1.0467997943076828,1.0474620432645796,1.0458950494055308,-0.07495596965066542,1.0472884574406471,1.0471813769942453,1.0438610838946114,1.0474828457431016,1.047414556884147,1.0557018189389595,1.045665704726119,1.0512312019624637,1.0453837506084163,1.0453202944710076,1.0454557200548347,1.047414556884147
0.007003097747377787,0.006268707943934832,0.01394464067804906,0.9301530379000015,0.006517378398570367,0.006794028732819126,0.006789499815380803,0.006543621686463503,0.0066268748163056035,0.0051020241777846986,0.004956546393250799,0.009499805766603642,0.0089026508523832,0.004488745222570957,0.005281534193153247,0.0066268748163056035,0.9909255502707403,0.991755249066212,0.9844295850418934,-0.02454137910124654,0.9932410962242599,0.9930657248753221,0.9921478279329926,0.9932950964256733,0.9933731251836944,0.9963188156598203,0.9807229650089105,0.9939369705550024,0.9944059295894793,0.9875612764191575,0.9859647813281073,0.9933731251836944
0.033065076167205186,0.0332046191081267,0.027778560947475286,1.0520444889052887,0.03350075553293284,0.03371914478433022,0.03350586870345912,0.0335762511623512,0.03355269467781334,0.034032500500410325,0.03851484713799122,0.0360732718558657,0.035211936809286054,0.033632103720478625,0.03364327025206059,0.03355269467781334,0.9656886276244772,0.9656282597046647,0.9531644235197329,0.07732901226277766,0.9663475330403456,0.9660044119463885,0.9634076168267244,0.9665151216107627,0.9664473053221867,0.9714912578569909,0.9638104768985815,0.9716814281917284,0.9650604708333729,0.963327076134884,0.9616406723689328,0.9664473053221867
-0.05168640600649418,-0.052434396970891126,-0.043086748951095336,1.066815481377131,-0.0525140509988719,-0.0522676146627749,-0.0513784071366851,-0.052526751532125424,-0.052544000754696944,-0.058646507162453745,-0.047630943050164055,-0.056718739958589705,-0.0514912547793545,-0.04844751322208512,-0.04888061570679668,-0.052544000754696944,1.0525247480131625,1.0523799629394635,1.050487706414866,0.10249524797256948,1.0525541821093127,1.0522358696634553,1.052082927679174,1.0525885041845071,1.052544000754697,1.0539593172521906,1.0412393276895715,1.0497439062850422,1.0517764403888505,1.0520470056073783,1.0509776045463664,1.052544000754697
0.021231129354807397,0.021050583765783098,0.025034072392781593,1.1238469279746528,0.020584586638257085,0.020865761700881478,0.02390305553925793,0.020622648500809353,0.02054949622658225,0.019039337618359714,0.026597374438533043,0.01433483775432051,0.022342787835787577,0.02237751862373224,0.024402876787487267,0.02054949622658225,0.9785880777874961,0.9798868913592363,0.9690993211108375,0.1649449628694023,0.9794939580254571,0.9793220570246703,0.9793801915011211,0.979489976901669,0.9794505037734178,0.978123476370339,0.9717906760111207,0.9744240463783684,0.9788022049179698,0.9791963360191653,0.9814386303164367,0.9794505037734178
0.03657283753803801,0.03694220677568306,0.03727512523484495,1.2150294701631175,0.036343997844851615,0.03658564671288038,0.037125796118922375,0.03640189017892953,0.03643328756143064,0.04091183276972747,0.044260061354131464,0.03485683970668931,0.037243811336862026,0.03752998018927128,0.036956846973872845,0.03643328756143064,0.9629801672065862,0.9634607838086163,0.9596497040682677,0.2401539405153641,0.9634056187364858,0.9630947184778174,0.9619278144845921,0.9635209117771651,0.9635667124385694,0.9688580359210627,0.9600084936303992,0.9645959641464257,0.9625041888942941,0.96211539485145,0.9620223069903533,0.9635667124385694
0.001492341238923068,0.0001818827328632716,-0.001473578826163838,0.95967086942643,-0.0005553624940277974,-0.00019779214136502002,0.0013341690411426243,-0.0004052407287124874,-0.00043979159842622874,-0.0005687079786871584,0.002537428908923485,-0.0022825794783830123,-0.0021596640439434114,0.0019281215008179423,0.003120947405235006,-0.00043979159842622874,1.000223772407496,1.0002513184706705,0.9926054810310307,-0.011052787338856618,1.0004215432462764,1.0001647114891743,1.0001113013418657,1.0004673024409465,1.0004397915984262,1.0040131638772438,0.9922079234851642,0.9991343159171429,0.9975085960890234,1.0001852360341603,0.9994626979938945,1.0004397915984262
0.015956327545929273,0.016211653865741124,0.025142999149334683,1.07808073512875,0.016126155613960483,0.016731481110857337,0.01614337287827781,0.016162597945207188,0.01622346553524913,0.010125205211188296,0.015661357803746268,0.015941439290972737,0.0168735877465812,0.019160122291021677,0.019224266943977407,0.01622346553524913,0.9810367687725244,0.983780130145349,0.9814539916749289,0.1172660864858015,0.9836794310270587,0.9837265837218044,0.9817348106547208,0.9837836027305397,0.9837765344647509,0.9816958717600879,0.9720902606073178,0.9807797703445801,0.9830001536926343,0.9823731539510703,0.981903978628457,0.9837765344647509
-0.008412665060913422,-0.011173111921886743,0.0004706857237817275,0.854737066409351,-0.0105244749596638,-0.01033569820769496,-0.010651212189904348,-0.010725469923011703,-0.010719519873681606,-0.010163918659097892,-0.007681995137398541,-0.012425987312377961,-0.006074046864242676,-0.007649101086168865,-0.012722671668118593,-0.010719519873681606,1.0104802451965087,1.0101554829407013,1.009302314882574,-0.10325593589291948,1.0107897188318067,1.010630697561548,1.007519476273163,1.0107987722054717,1.0107195198736816,1.0115561486093325,1.0011737886805718,1.0151676827949416,1.010466138275618,1.0080506805112421,1.0055765575746975,1.0107195198736816
-0.04314071030561602,-0.04262588022350786,-0.045309935468558285,0.8898437926947279,-0.04242228063145463,-0.04217981435215786,-0.04208450410944544,-0.042504887881208535,-0.04242124695870765,-0.03992084599369534,-0.037680835941494725,-0.04505167215729922,-0.038628144985589585,-0.04037068190209762,-0.04187939177117112,-0.04242124695870765,1.0411405152057727,1.0419177098939076,1.0342558784878189,-0.08518963622245002,1.042447849699566,1.0420253513109279,1.041184556926053,1.0423651880564897,1.0424212469587077,1.0465028276939825,1.0366011808354199,1.0460350418834223,1.0426994268777026,1.0420531675732057,1.0377981475227585,1.0424212469587077
0.007771249033292541,0.007851272425147996,0.014842078255081737,1.1074399032020779,0.00754145814654115,0.007969483174885652,0.010093959215069672,0.007691168306260945,0.007670944820907219,0.007254061057201053,0.02124120919378532,0.00784719167503367,0.009335355780664483,0.008284893399336538,0.007638131115762324,0.007670944820907219,0.9916482505130073,0.9919288912549749,0.9919840534055148,0.1270450840232531,0.9922308326393059,0.9921372216418806,0.9925557104009148,0.9924272573711238,0.9923290551790928,1.0003422640875026,1.0009422642470112,0.9956022348785184,0.990867347183388,0.9904737459275579,0.9856699924432938,0.9923290551790928
-0.0016758069428796786,-0.0017844502176597903,-0.003568856986741049,0.9327705290239662,-0.002498771795130015,-0.0020367022244029104,-0.003529514972992244,-0.002386333576839989,-0.002430980745211217,-0.004886853431584798,0.0033020184621238764,-0.008788890856685624,-0.0012026016176049723,-0.0021768819123799132,0.0009438164016521926,-0.002430980745211217,1.0026586419928396,1.002434326463471,0.9895734672010947,-0.03701292482837326,1.002389788760609,1.0022824203506944,0.9997826978175579,1.0024817197415907,1.0024309807452112,1.0069528837790418,0.9979135834010646,0.9978034348435154,1.0016868594268677,0.9991756453766537,0.9997543049142202,1.0024309807452112
0.007588643872354708,0.00757437921593146,0.01439427268462364,1.1837687415346487,0.0068969919630409,0.007210115708438848,0.008227993598963724,0.006801663632692046,0.006853888616874424,0.005823430550529856,0.00908660276779642,0.005856791157019481,0.006565279112288281,0.008291594585412955,0.007853891644348346,0.006853888616874424,0.9910864729654285,0.9921736247856279,0.9847371194656462,0.2210396826367106,0.9930428982761405,0.9929855341076771,0.9934348438117276,0.9931241688779125,0.9931461113831256,0.9978479369866559,0.9850578209552021,0.9925271704567407,0.9920306741417785,0.992464470559764,0.988703075242124,0.9931461113831256
-0.02013556341662176,-0.0195084987585998,-0.017675473036507548,0.8268095370965183,-0.01999916027971388,-0.019958632506964655,-0.01982686703831317,-0.020156463202508138,-0.020023458639389903,-0.025548151569549905,-0.007330920882596307,-0.016138517161058866,-0.016712072456514133,-0.019354884512296413,-0.022136910794812732,-0.020023458639389903,1.018745757879081,1.019185029524132,1.0126048577299998,-0.1334808595730892,1.0199713505902446,1.0198221332520232,1.0179120844884515,1.0199656105621593,1.02002345863939,1.0170803718134755,1.0166824591709736,1.0222670773456195,1.020581126009799,1.0183352720371235,1.0158718676176206,1.02002345863939
0.062122695235782975,0.06333473128298173,0.06095947653325322,1.1920189653055064,0.06156400269786613,0.061587626670976614,0.06165468974917266,0.061570987894488935,0.06154514564148358,0.05527533249835643,0.071107878110214,0.06758385689839995,0.0630344820001407,0.06209111568852256,0.06452892662580395,0.06154514564148358,0.9372417451101858,0.9390777262377035,0.9302846114027141,0.220059334577557,0.9383474737004563,0.9380785984090946,0.9362623219476911,0.93854916273084,0.9384548543585164,0.9407859443308364,0.9345788270700751,0.9448835484711465,0.9377170160041781,0.9372740837774779,0.9377643906857019,0.9384548543585164
-0.02414273191628368,-0.023956734160533757,-0.023710108858940905,1.0160636315422165,-0.023517028784662324,-0.023247654045912745,-0.02428429981350955,-0.023493530225138073,-0.023475430132569412,-0.020935689859930856,-0.019827951165474245,-0.025682056791188054,-0.024031291858722482,-0.021774255934783594,-0.02334048660973499,-0.023475430132569412,1.0212011985440363,1.0229024294297258,1.0116473626703655,0.052494318273355156,1.023421235610574,1.0232541105094455,1.0212315299953199,1.0234692634060194,1.0234754301325695,1.0257733815948418,1.017331104939905,1.0206796201828077,1.0214238473574448,1.0212398562342924,1.0208902480403947,1.0234754301325695
-0.04347575306461,-0.044669760736283884,-0.040462728874589994,0.8282992032879516,-0.0452466092736474,-0.04533172144543573,-0.043513251223212326,-0.045306514375715604,-0.04528747093165676,-0.04917057550340767,-0.03924884591118945,-0.04521631202145758,-0.042951765797036,-0.04267351746312847,-0.04552576750076306,-0.04528747093165676,1.0449426290507884,1.045222566865705,1.0375168304182272,-0.13940694639524076,1.0452583896587682,1.0448419195623264,1.0425722638141668,1.0452777827493986,1.0452874709316569,1.0454327966189896,1.0376232243255825,1.048066063041574,1.0480312591655416,1.0456643308903801,1.0447062837421797,1.0452874709316569
0.03656973624222151,0.03777205186823457,0.04385394039261473,0.9535437026066337,0.03621459444340572,0.036367221722088595,0.03702601977615886,0.03624177277779668,0.03624824035089271,0.030329470992545095,0.04104470664802893,0.03873678048949012,0.035506909022907755,0.03617956219963379,0.03772009616927403,0.03624824035089271,0.962093143024038,0.9645240329956107,0.9637911058044673,-0.025403797966829123,0.9637452986111767,0.9633842612086979,0.9620602101158415,0.9637292993061741,0.9637517596491073,0.9651917828390878,0.9599440744991212,0.9696555444469667,0.9609238196475157,0.9610791266541249,0.9621837041968208,0.9637517596491073
-0.015541561680411018,-0.016351960581200815,-0.010699882153155229,1.0778648872379835,-0.016588868262009157,-0.016365747819571775,-0.014984056346546619,-0.016570884257094007,-0.016622690791306065,-0.020094262749649823,-0.0032268238380240323,-0.0174021329731288,-0.0146648062301356,-0.014772335994092564,-0.014291309193458154,-0.016622690791306065,1.0164255605113726,1.016609823483399,1.0095728792567498,0.11713575649185914,1.0165697769405917,1.0165111296199494,1.0154875056656867,1.0167183163221292,1.016622690791306,1.0180763753222846,1.0170636740763022,1.014349047921088,1.01625789795455,1.0159515167678141,1.0154264442189105,1.016622690791306
0.004864329415293038,0.002999255231297442,0.01574095184727722,0.9811589792903077,0.002944618019186261,0.003138350109450382,0.0039484140084648815,0.003022591828834916,0.003014598152746644,-0.0009257277502081945,0.008246756900814896,0.004102540613674059,0.00431919970053163,0.005861076876508151,0.005940380949907431,0.003014598152746644,0.9967765200461705,0.9964968184894788,0.995982161002154,0.011084840163800402,0.9968407277028911,0.9966027315900423,0.9976970707956061,0.9970669685948604,0.9969854018472534,0.999465824379329,0.9922147637236093,0.9996537245752334,0.9954299291467539,0.9968269900934147,0.9970051958904931,0.9969854018472534
-0.05560385797881132,-0.05580831295219387,-0.052053733424573624,0.9261330949356621,-0.05615953124743624,-0.05591926563601501,-0.05289078307489639,-0.05626793921997464,-0.056273368121954194,-0.0611689415609917,-0.05524088762813714,-0.05612553823686629,-0.05384935863490023,-0.05117074287398474,-0.051078840765880436,-0.056273368121954194,1.0544077941325065,1.0556637970398228,1.051603101124372,-0.03971756100644819,1.0562459840710086,1.0559574099284432,1.0571029818156676,1.0562876470089364,1.0562733681219543,1.0581740426318937,1.044457195183634,1.0612510321011077,1.055828518096427,1.0560534259508414,1.0545742424985416,1.0562733681219543
-0.003492685896814014,-0.004100722958876634,0.0001735970615399108,1.1335266437485991,-0.004654463189112506,-0.004300253880081184,-0.0019273347291411827,-0.004464425985636154,-0.004490079488551198,-0.0033381057530921378,0.007745051646717386,-0.008800800490148064,-0.0036947538400037574,-0.00038270191167924105,-0.0032642577544330525,-0.004490079488551198,1.0038880470833818,1.0033114699547545,0.9951188720927275,0.17781617994655696,1.0043865082460106,1.0042744167741302,1.0029782198966886,1.0044804135008436,1.0044900794885512,1.0073782934817987,1.003657407647395,1.0001145378595737,1.0036305823119267,1.006103062043296,1.001421734203248,1.0044900794885512
-0.020105802995756344,-0.021063378095382213,-0.02078002110849459,1.0528165805625829,-0.02091207527555531,-0.020743423793863215,-0.0194198340215062,-0.02096295203179643,-0.020997036767027005,-0.02314681356707529,-0.014016099856230858,-0.02412206821814446,-0.019488026036983113,-0.018893868182639908,-0.019501194306177482,-0.020997036767027005,1.0207782118610471,1.0206404784428167,1.0201333339598992,0.0788486210043321,1.021022515494902,1.020709109431875,1.0197243665421718,1.0210715357751456,1.020997036767027,1.0208931594258865,1.0109340511639782,1.024147616939369,1.0192928018723786,1.019198849665125,1.0193997357814588,1.020997036767027
0.03386374608458359,0.0325449816945532,0.04473760582214979,1.1099378483917577,0.03204077858292447,0.03253179788694947,0.03177918083667916,0.032152928973635024,0.0321270630316458,0.02807681632011793,0.03866484068725462,0.028381780401621457,0.033737327028179005,0.03334844097993083,0.034477596478889073,0.0321270630316458,0.967530001301354,0.9682604133845868,0.9687138009345835,0.13062947834712246,0.9678173857489993,0.9677269216219787,0.9660834770143343,0.9678939928720607,0.9678729369683542,0.973244565642244,0.9659519936308865,0.9664186472915601,0.9678992725975214,0.9655336974199336,0.968495715450153,0.9678729369683542
-0.039882151336566966,-0.03879065554184604,-0.0340994859072328,1.0059573337828875,-0.03972617911821855,-0.03963620119744125,-0.03829264038491688,-0.03996638791201129,-0.03993926593607271,-0.045472755001569845,-0.030030789797479158,-0.037602322674568846,-0.03934932243277746,-0.036872108118802996,-0.03621437003048598,-0.03993926593607271,1.039328050016523,1.0401172512821495,1.0386349456941084,0.03349075015808267,1.040061987094702,1.0397591551285652,1.0399097918127116,1.039894449790785,1.0399392659360727,1.0376134334348541,1.038694623992899,1.0458870818049943,1.0397772944479091,1.038739109716159,1.0397490296566554,1.0399392659360727
-0.03781421813372427,-0.03774439266897323,-0.03495096832217304,0.9504430895006938,-0.03797592814139305,-0.03766094098997864,-0.03815775151377186,-0.03802428333453138,-0.03797781897515386,-0.04144451529783914,-0.03430788284619585,-0.043869355334090566,-0.038785085511062856,-0.03751887195948575,-0.03433258044654728,-0.03797781897515386,1.0357244745071605,1.0380766325250588,1.02312830132964,-0.01691660198369216,1.0378957534902713,1.037707186563108,1.0365297842819357,1.0379242032009244,1.0379778189751538,1.0432683222774064,1.031519462634981,1.0336264611641655,1.034833691978226,1.034678661299939,1.0402243601385133,1.0379778189751538
0.055688803779624416,0.055311585170859906,0.062490181800510594,0.9287288222980491,0.05500414691169875,0.05511843334495323,0.05539530822625326,0.05499316790112734,0.05500472003258642,0.05532711947994537,0.06089910076061239,0.054331337876202,0.05891389298281993,0.055912959115106485,0.056372933987668544,0.05500472003258642,0.9446279934001472,0.9442954660988031,0.9439574381397982,-0.04222986108850102,0.9449702969238059,0.9446129861456672,0.9452302055326386,0.9449913616411497,0.9449952799674136,0.9528920833201929,0.9371756161798159,0.9480393060983712,0.9454821774164324,0.9425961567693655,0.940848887081713,0.9449952799674136
0.020823240748688892,0.020823079805936756,0.026280513382882606,0.914401568898326,0.021473511052335095,0.02173541410884369,0.02261167298462263,0.021249133056056347,0.021347233255662314,0.018443964052903987,0.03015875019816811,0.01817613879202916,0.023525639470379476,0.021717740026206772,0.02000706532100811,0.021347233255662314,0.9775026121041145,0.9780645497919824,0.9711296824857444,-0.038389869793669096,0.9787393962684471,0.9785659808458517,0.9772039661860562,0.9786150992231035,0.9786527667443377,0.9758013222461758,0.9635700117779962,0.9796866181002033,0.9771070830652213,0.9763576196516967,0.9754418494698337,0.9786527667443377
0.01684473582771765,0.015134097783262787,0.020916772450902656,1.1269592696839075,0.01494978662744414,0.015306669131201874,0.017434971825636338,0.014926840204166476,0.01487644546216943,0.009066662634270438,0.0217721110995738,0.012699962492747399,0.015409968905180583,0.0152347286186032,0.015175623481375411,0.01487644546216943,0.985517814885832,0.9840742604244609,0.9836445263674228,0.15053217800960428,0.9851675758223527,0.9849333901017148,0.9853175079504792,0.9852300521698465,0.9851235545378305,0.9921204566764131,0.9781090738950476,0.9861061400083608,0.9838207329484058,0.9821742459163104,0.9803692000278322,0.9851235545378305
-0.0008960125951760117,-0.0028318457912346407,-0.0014002267371363867,0.897620617411332,-0.0032925147083846616,-0.002981329052081992,-0.0026025915233095728,-0.003104852706777491,-0.003139426311191385,-0.0032367985049339136,0.004482257599000612,-0.004559934863850529,-0.0024611215204521173,-0.0022900483746757143,-0.0022328071986866364,-0.003139426311191385,1.0027424597582757,1.0028583729422715,0.9926841403757394,-0.05546382856576715,1.0029495764462961,1.0027185636890128,1.001330882236433,1.0032068119916022,1.0031394263111915,1.007499689935203,0.9884830161542367,1.0024116199038269,1.0009712619318658,1.0003211159577743,1.0011727784343731,1.0031394263111915
-0.04592501818839181,-0.04788429402233254,-0.037986623079874215,1.0131106872550284,-0.04730541312169518,-0.046884422551543715,-0.04570105067233108,-0.047433097133741275,-0.04737587474058406,-0.04396417296541781,-0.03577905351846121,-0.04477223316542835,-0.04791640546630255,-0.04264207092383236,-0.046582464731585276,-0.04737587474058406,1.0466451791348297,1.0461779422658568,1.0418437893025707,0.06866415714061491,1.0475107869728064,1.0474526446223358,1.0448207225362969,1.0473756534845506,1.0473758747405841,1.047477718564506,1.039011987822263,1.051073074465946,1.045465946353536,1.0492919234953981,1.044094312535832,1.0473758747405841
-0.019896138631011594,-0.01919117036275,-0.013432338724892382,0.8092806322552079,-0.01930452404934434,-0.018863897489541526,-0.018813898173246635,-0.019361259837548557,-0.019379611310465342,-0.020159840470440782,-0.012841724630067155,-0.020461690448242222,-0.019520622486146496,-0.017174836141648463,-0.01736031960180231,-0.019379611310465342,1.016964244456677,1.019398230024289,1.0045121695486627,-0.13897180962886813,1.0194093502077177,1.0191144698867967,1.018429412122887,1.0193777068153886,1.0193796113104654,1.021913029598699,1.010404860848321,1.020911855374323,1.016992652753208,1.0170827780957585,1.0147572487440497,1.0193796113104654
-0.0028215537977368333,-0.005488699747567912,0.011888545072078854,1.0137052087218683,-0.005192885541278129,-0.004907864206248842,-0.005219124035980209,-0.005204405179904811,-0.005255872970179349,-0.006389051793895916,0.0013160595556775574,-0.006091083903906937,-0.004142305114099995,-0.004753108767014248,-0.002842820615736223,-0.005255872970179349,1.0053593910801195,1.00503227835043,1.0081853853791214,0.04992410922873247,1.0052151795610829,1.0051005264242123,1.0035550308483605,1.0053043572666813,1.0052558729701793,1.0084819815383568,0.9995369602568118,1.006757494162872,1.004010506186805,1.0043943309220658,1.0022781637900098,1.0052558729701793
-0.055578995492800556,-0.05692076885181924,-0.05399825412842342,1.0188814662829795,-0.05634934806916729,-0.056348336252836195,-0.05530339824842389,-0.05649318625196326,-0.056483085660470944,-0.060498701695198685,-0.051751840276204525,-0.0594326635860024,-0.055781164410448655,-0.05325980903626741,-0.05594749035624497,-0.056483085660470944,1.0555420288536967,1.0561622790714442,1.052292021888508,0.04541273218980624,1.056551637757693,1.0560653963135966,1.0554539459609589,1.0565013649201942,1.056483085660471,1.056993323248476,1.0507470723520014,1.0578247109939256,1.055010616819765,1.0561642838669836,1.0515728713559762,1.056483085660471
-0.003366953520539583,-0.005366234470895787,0.00023747041810261857,1.2133351239960681,-0.005613538054868397,-0.005423114330249074,-0.003924248582394098,-0.005645983799593484,-0.005751914653610912,-0.011796720315633228,-0.0002229996323986574,-0.0074102261162244335,-0.0063136108955815775,-0.0030736495276921954,-0.0018178729964833532,-0.005751914653610912,1.0056956737182914,1.0054276826582225,1.0003434726021847,0.25303992724891156,1.0058509985993869,1.0054414912925405,1.0056018266764692,1.0057779042938209,1.005751914653611,1.0045807509706084,0.9968709401469058,1.0047821927281542,1.0033263421001601,1.0052113794409159,1.0045941534428762,1.005751914653611
0.013831067756103758,0.014878559142471933,0.009705292035580793,1.0516910967266335,0.015148949562580883,0.01564149630422062,0.014026537163910224,0.015129885086575853,0.015186800383125094,0.012956732368741687,0.01533873688814636,0.015511180348150307,0.01637983990735843,0.016015821424053025,0.01326141364200529,0.015186800383125094,0.9821157859796996,0.9842730328102434,0.9646387793680903,0.07879167988274849,0.9847858508311611,0.984885206629413,0.9822169688321202,0.984742188199008,0.9848131996168749,0.9898753970907246,0.9750245936461113,0.9842717238094404,0.9849609112137148,0.9848331745923484,0.9810208515461755,0.9848131996168749
0.028493860772441856,0.02768433805291761,0.033782600972922794,1.0108458875977036,0.027319506622044062,0.027705371704561194,0.030178656217797892,0.027443897217015484,0.027397365980127875,0.027689806777496894,0.02218327996231136,0.02855381377117759,0.027105449424082047,0.029746419863681844,0.029801036762991718,0.027397365980127875,0.972196349395862,0.9728632312293394,0.9670665213625105,0.03836992267420203,0.9724352340278773,0.9724675012480082,0.9729915296490793,0.9726041737884618,0.9726026340198721,0.9747523396255068,0.9595524205529422,0.9757715827129898,0.971194905911064,0.9730568183004319,0.9732192499655129,0.9726026340198721
-0.0015650253320849549,-0.0028576755100742056,0.0019591653634942496,0.9124684261010211,-0.0017346155445953386,-0.0015593612644856118,-0.0013098580067654561,-0.0018844840216227054,-0.0018113216885275855,-0.005500226962426195,-0.0006525176898167483,-0.002518769094451448,-0.00023185215632940794,-0.0013162566181262316,-0.002299823105353451,-0.0018113216885275855,1.001111199135088,1.0006583349408111,0.9915111709722846,-0.04998710483434943,1.0018243878225415,1.0015238109711486,1.0009413241889609,1.0017205937392624,1.0018113216885276,1.0026219217505643,0.9895725879360082,0.9986331903793774,0.9995025247912155,0.9997331576236096,1.0009126061497047,1.0018113216885276
-0.029424501454586076,-0.028901183191351595,-0.03979695241266073,1.0763894606101219,-0.02962985102616784,-0.02924663182151865,-0.028627370086012443,-0.029528549429722946,-0.029526707402306923,-0.03219805262625805,-0.027701214244502777,-0.030682459059591896,-0.02875795379086139,-0.027543462743761283,-0.02696922585013459,-0.029526707402306923,1.0289895624396814,1.0292187762788418,1.0124879660704877,0.09892671208883619,1.029457311111952,1.0291877829928449,1.0271567435524827,1.029545558877401,1.029526707402307,1.0357477182025874,1.0225142609594358,1.0311095856446566,1.0284006231391896,1.0282065693553726,1.0268989278550158,1.029526707402307
0.018465871954826615,0.016664311924013905,0.026352933447923867,0.9288953533953538,0.016120392116731438,0.016721654217553665,0.016167679297004047,0.016148573439672187,0.016143255059322684,0.00547328027786592,0.014250994094059782,0.017509629436900244,0.01402994346518817,0.018663656393018528,0.020092344425227223,0.016143255059322684,0.9838101073503266,0.9840112100623758,0.9821117941101195,-0.042254131225132996,0.9838656599807812,0.9837970007640837,0.9816605804135966,0.983853084292249,0.9838567449406773,0.9807161533895074,0.9745794704838396,0.9889625185515165,0.9802943502104646,0.9810393622782485,0.9813897456061547,0.9838567449406773
0.023780087506196507,0.020279264468423906,0.038532995857744376,0.9126215173023483,0.02066509200481768,0.021112768009704495,0.022062599119129923,0.020718436734581534,0.020659214357300983,0.01246097655984728,0.024434566400949657,0.019461223884289072,0.020651413559181653,0.024721717726011453,0.024156415559532907,0.020659214357300983,0.9797790942087445,0.9783731224527956,0.9856287593498473,-0.05524640439468387,0.9793001928857291,0.9792516128787248,0.9786793896270398,0.9793851884713103,0.979340785642699,0.9803157257114145,0.9684914767423757,0.9760690775568546,0.9785013610468017,0.9799771792280614,0.9812873199087,0.979340785642699
0.047041506323136376,0.047459716189910024,0.052336955271409094,0.7973634219618619,0.0468114732416801,0.04718813515913805,0.047592221663772194,0.04672662686615737,0.04672746358655335,0.05066370373995424,0.052645203149988266,0.04238135942144517,0.04729296337968606,0.04940953154482484,0.051616162468296575,0.04672746358655335,0.9513097310126869,0.9536987676223541,0.9473749133053464,-0.1693548618508811,0.9533671931560213,0.9532305159110979,0.9521180604116483,0.9533247677617664,0.9532725364134467,0.9617062894363607,0.9433462764392901,0.9549640721402389,0.9519439732922033,0.9529943347314405,0.9530244367441562,0.9532725364134467
0.009550758539565884,0.00945539564924991,0.014471369886292378,0.8682760513003263,0.010194154584190698,0.01028167028230671,0.011671256354593288,0.009953966470017454,0.01000357187682595,0.010560597478923588,0.010582384992885682,0.008034654856935223,0.010220487376446517,0.01167138571654396,0.013466387898497145,0.01000357187682595,0.9897034863450487,0.9891525786876963,0.9878009104149239,-0.09654425505127873,0.9901255243205237,0.9898633013463086,0.9894520449913792,0.9899722081944616,0.989996428123174,0.9908455968667376,0.9734092333974215,0.9873673308107107,0.9891710111325508,0.9881057338836983,0.9915135358791987,0.989996428123174
-0.009024954807065786,-0.010245040428461407,-0.020805982730983563,1.0626557303116417,-0.00943531971867625,-0.009175106457149146,-0.007589155503163084,-0.009386810796865791,-0.009383233649318189,-0.015716959158405326,-0.0017000010180797892,-0.01150523501433333,-0.008514406388541462,-0.0077632416554596845,-0.009651524052427694,-0.009383233649318189,1.0089690618904907,1.0084373590212112,0.9971093814903651,0.08697873109917931,1.0094355334767724,1.0091966188980104,1.0072690853036894,1.0093496767389472,1.0093832336493183,1.0095603122170027,1.0040638555780002,1.0046650217656068,1.0085472153704058,1.0085479460811433,1.0059843234646633,1.0093832336493183
-0.0278607516806133,-0.03119155100565387,-0.023522803508892173,0.98958623007205,-0.03202063470011897,-0.03231054900974514,-0.030739282962627703,-0.032033377890941524,-0.032120922249082855,-0.029614932402400457,-0.028082217208393528,-0.026044642577947395,-0.0333187795818402,-0.03141418126963707,-0.03028889620069538,-0.032120922249082855,1.0332732205133603,1.0322650886717297,1.0341714054061162,0.015103312907961852,1.0320983854112384,1.0314445371644803,1.0323241407013901,1.0322199778113046,1.0321209222490828,1.042326501015743,1.0274013440663377,1.0359965027308784,1.0280481398591976,1.0306486365145175,1.0319649930638641,1.0321209222490828
0.04536246233270265,0.043752236145357656,0.05230385810081566,0.948270675607756,0.042835113447211436,0.04311964250704657,0.045150044021446914,0.04279190406288679,0.04283330198703959,0.04116254157722454,0.052911689512084824,0.0414063346580045,0.044541612131351355,0.044046290668251706,0.04374108886337872,0.04283330198703959,0.9575716255861466,0.9573118049836599,0.9507427498277311,-0.014908644523445647,0.9572675503133652,0.9570455454120078,0.9562576379321889,0.9571078308414148,0.9571666980129604,0.9606682996263606,0.9546221834959635,0.9578455235138352,0.9569628660453521,0.9548890821579573,0.9559205427601181,0.9571666980129604
0.012492074901978957,0.01341588233987883,0.012810432041215581,0.7286939117912873,0.013192144345905925,0.013687839358925495,0.014211637843752484,0.01326512354768602,0.01321149412713479,0.010822179006304476,0.013987477297747422,0.010482898296739363,0.013720914569003224,0.013315319402494887,0.014822665339178106,0.01321149412713479,0.9841707815670313,0.9862523467514012,0.9828172630298284,-0.2508856132300159,0.9867641479259953,0.9866670047519148,0.9844309548385991,0.9868136601057199,0.9867885058728653,0.9945931079178688,0.9723211879089664,0.9881648041142372,0.9862492012909986,0.9820993917251123,0.9861760214638126,0.9867885058728653
0.03893790231742561,0.03817360155234461,0.031474353388580116,1.1853926858449728,0.03796859533552632,0.03827843218341365,0.0400623991819211,0.03800141921477856,0.038033101134607276,0.02785156189869768,0.044031608585446885,0.03222517805714467,0.037742955047558376,0.03753422935819962,0.035497139979518505,0.038033101134607276,0.9615406361380767,0.961740869410631,0.9495267522828257,0.20917558882846565,0.9619566620064812,0.9614324253924639,0.961799022743583,0.9619689142798998,0.9619668988653928,0.9549383905694826,0.9564770859110714,0.9634172084821112,0.9584205648984495,0.9579052052662601,0.955850310310594,0.9619668988653928
-0.004469636176707242,-0.0034692528840874646,-0.0024267353550188383,0.92014836295272,-0.004240219181576038,-0.003925699393412489,-0.00421446707096497,-0.004203476677266594,-0.004180925916185232,-0.006027327690682642,0.0026590484808181832,-0.009431223215559868,-0.004050508081876977,-0.0027339802250143427,-0.001208562296950866,-0.004180925916185232,1.0019201662491688,1.0041013496576694,1.0092914772985997,-0.06260835319171232,1.0041875275355021,1.003970750397443,1.0022388417696948,1.0041645218874393,1.0041809259161851,1.0071737025850764,1.0006040847310003,0.9997201237311568,1.0025686205303224,1.0019894056467697,1.0040112083055,1.0041809259161851
0.0079454920480436,0.007381889010629523,0.01022247108806374,0.8947021469762191,0.007125109611842079,0.007295106650380874,0.007751743069863085,0.0072758250294005225,0.007238448841762201,0.0019647848940803924,0.016353424929335267,0.007572351237463742,0.008677785881965877,0.007573549221668,0.006749971970089326,0.007238448841762201,0.9922787322954639,0.9922622108165888,0.9978270193278268,-0.07117556481941856,0.9926193793901065,0.9924162698691391,0.9907836211495156,0.9927803129915226,0.9927615511582378,0.9872573927981451,0.9877153631483849,0.9925741457210526,0.9903046269162832,0.9897917784732163,0.9864024102928136,0.9927615511582378
-0.03224939300058839,-0.03202010489211318,-0.033458869549457995,1.1055191174155012,-0.032505280962878816,-0.032204798449829326,-0.02978252338906904,-0.03235303718315547,-0.03237987540892922,-0.04202874833673052,-0.025431420276392055,-0.03320734258600216,-0.03179214082911873,-0.029637234537834817,-0.032598706364158056,-0.03237987540892922,1.031441157776784,1.0326325064951785,1.0348381015354602,0.1225771713977929,1.0323571502608169,1.0320076806563876,1.032413223046154,1.0324266766931254,1.0323798754089293,1.0280216417705108,1.0301011419752157,1.030129885479261,1.0304483307410666,1.0319893536178426,1.028537440439109,1.0323798754089293
-0.01590466897327066,-0.01599951147612988,-0.02023405275578772,0.9883209161176695,-0.016696374090705027,-0.016184417041887087,-0.017420152464965134,-0.016709099890060496,-0.016601492961435,-0.0225949557716568,-0.011636904786821648,-0.015340182999710048,-0.0155855332064793,-0.014286738996943677,-0.014804886858673724,-0.016601492961435,1.0146584040166324,1.0162406747797348,1.0064848085065388,0.008786007049348843,1.0163917246829386,1.0166812755744354,1.0127366273283076,1.0165294130437657,1.016601492961435,1.0199464484311571,1.0114249274984868,1.0212187406291648,1.0159554673883533,1.0150958434996071,1.0155164138094313,1.016601492961435
0.0014041887554056855,0.000685197976676746,-0.005214318243124951,1.0092946793236623,0.0006892978441349622,0.0005558326114798074,0.003654163728762988,0.00042249813132037584,0.0004186185518316094,0.0013418857944924739,0.013232524024001721,0.002475918085299965,0.00034549480770613175,0.0017945996737003499,-0.0034045425203412224,0.0004186185518316094,0.9991929661002364,0.9991029892220612,0.9882265969935522,0.03689210523750819,0.9998344416483277,0.9991473423207979,1.0004747909228082,0.9996055189744072,0.9995813814481684,1.0053758648508129,0.9945275256456761,1.0087583144716263,0.9986938400014953,0.9959787665899864,0.993055083077119,0.9995813814481684
-0.00011060240230625389,0.0002570858238684813,-0.0006413957873596569,0.9122889758656749,-0.0004283969285781136,-0.00011398251790066751,0.0012979490036369489,-0.0003598252812478892,-0.0004077508238847336,-0.0020756751927688876,0.00965495518430179,-0.0008925947826812168,0.0008695329202391302,0.00474347264793625,-8.025435624509069e-05,-0.0004077508238847336,1.0010629439033152,1.0006091066605145,0.9955509759302883,-0.06391976447425729,1.0002816323996035,1.0001950436463876,0.9994250967060424,1.0005421616501962,1.0004077508238847,1.0051980146025568,0.9990785895869049,1.000148329412553,0.9986304551630169,1.0002283693530052,0.9994070233352116,1.0004077508238847
-0.02071964512732773,-0.022301499179539396,-0.014140484625489537,0.8933900995895613,-0.022158140152920374,-0.02184457489257767,-0.021285670109317645,-0.022172065728090384,-0.022156542898942533,-0.031891811500924676,-0.022666498335462793,-0.02020493930986697,-0.02157109104905151,-0.022120379063190806,-0.021200310809037493,-0.022156542898942533,1.023663890091259,1.0211255519666926,1.0245098800196744,-0.07784203536406897,1.0221407971030674,1.0219180721562031,1.0189591548823622,1.0221555273091654,1.0221565428989425,1.019636068094823,1.0109525889587123,1.0227390203035829,1.0212940590287054,1.0191162527016775,1.0172902673711286,1.0221565428989425
-0.034867772631969024,-0.03544409158245166,-0.03361832199589204,1.1585820502481916,-0.03507047601497474,-0.03446486175738412,-0.03466195459959573,-0.03500630674837302,-0.034939233775216856,-0.03677697817311033,-0.03067467125778178,-0.03481183036622542,-0.03155063416789802,-0.03287802024834431,-0.028749122857116116,-0.034939233775216856,1.0330364376848111,1.0341186144255692,1.0269266759500437,0.18453122671924937,1.034837477332926,1.034893036334157,1.034497318131767,1.034928873295281,1.0349392337752168,1.0394767834249987,1.0335095340869804,1.037821397379997,1.034886736517617,1.0333542584146853,1.0341589512923226,1.0349392337752168
-0.028759476287447645,-0.03171682036633969,-0.027762402311182672,0.8397091928151134,-0.031588161186531294,-0.03109768313128952,-0.028297727620451185,-0.03162255356156625,-0.03165289921343342,-0.03649267398781947,-0.020419664620189567,-0.03317330634521415,-0.03257878022262427,-0.027502465266327877,-0.028807674869338024,-0.03165289921343342,1.0324653445472907,1.0314981382798516,1.0223501242447415,-0.12680337485195192,1.03166290998102,1.0316403554041873,1.0314577939571088,1.0316687692206488,1.0316528992134335,1.033513588097191,1.0255332940954591,1.0360270152304885,1.029601435395379,1.0329784789106855,1.0314913293217454,1.0316528992134335
-0.005259524425574348,-0.0036925351142287647,-0.005349751580904725,1.027875792199902,-0.0052983762805291195,-0.005217288979337615,-0.0050819992089669985,-0.005302009372441607,-0.005354658934484383,1.533066727927991e-05,-0.0012242506890193265,-0.01231925402350341,-0.0065717283512199375,-0.001973897220974507,-0.0016940504488969403,-0.005354658934484383,1.005574707010156,1.0053266609633973,0.9940527216094586,0.05894840260833467,1.0053886045762024,1.0050058639942911,1.0031272325473486,1.005413893456114,1.0053546589344844,1.0148699042701255,0.9985722941886181,1.0044469002860466,1.003142636232225,1.00417213435929,1.0030742047798606,1.0053546589344844
-0.01987375818974953,-0.02126710123729369,-0.007924015262930864,1.018645066705626,-0.020942367231330885,-0.021000342197202357,-0.019978581275663494,-0.02093709304792341,-0.020976852797743122,-0.020107698389866726,-0.015164243569098559,-0.018026284025781786,-0.020339468199831748,-0.01958535082937881,-0.02335571535535789,-0.020976852797743122,1.0208007114625257,1.019968802765345,1.0242238253705556,0.0462316034348752,1.0209730348296493,1.0203912365170995,1.0202128890292392,1.021015906173218,1.0209768527977432,1.0287626376102512,1.0168550692358231,1.0257459543589056,1.0193515113485436,1.018580725206513,1.0139282294643417,1.0209768527977432
-0.0037036773773235832,-0.007212658880966019,0.0008908694148072681,0.8696747517770346,-0.006885836613591918,-0.006658914300877747,-0.006256249396264044,-0.007031251767977389,-0.007032208056648534,-0.00960501952023295,-0.0009653635239133409,-0.00605737801011168,-0.005469332630750669,-0.0029210854673326304,-0.0018523779583705063,-0.007032208056648534,1.0083593374976845,1.0060470800327799,1.0074088777920875,-0.09065145176696654,1.0071833172158708,1.00669259929009,1.0062700908958262,1.0070399195118713,1.0070322080566485,1.003692474333561,1.0022513509513338,1.0073855622368275,1.0069144078355627,1.0066168346608335,1.006250364929812,1.0070322080566485
-0.006741121813058125,-0.008043444083671338,-0.0050363056001414145,1.0206546608898508,-0.007993811425283302,-0.007857386263588728,-0.00551156552337137,-0.007868655380347495,-0.007788649115345754,-0.011160448079514435,0.0009836669606107275,-0.010966304444936606,-0.008258021414528275,-0.005790107560334389,-0.005149515055965473,-0.007788649115345754,1.0075551669273575,1.0068201431422614,0.9923192232357854,0.06228148922317256,1.0075608606798425,1.007308664078664,1.0061582308226868,1.007708598426383,1.0077886491153458,1.0074949378140856,1.0044383625454179,1.008983805933136,1.0050134824616126,1.006712696651354,1.006345401516853,1.0077886491153458
-0.0783967025272753,-0.07652744966562473,-0.07371073493464247,1.1260410508033647,-0.07733143011897928,-0.07692536966606123,-0.07640186986126037,-0.0774679007507889,-0.07741413671577536,-0.07981324425096073,-0.0655981731760822,-0.08513989586338162,-0.07539423088135568,-0.07349594132699175,-0.07010501348031904,-0.07741413671577536,1.0755561303084356,1.0773455797596756,1.0693872930044823,0.1586970311009065,1.0774909488103306,1.0771198488814284,1.0764935421612327,1.0774218084875007,1.0774141367157755,1.082185499641701,1.0762752084724947,1.075266920741004,1.0784735196959463,1.0777757042270502,1.074996945761899,1.0774141367157755
-0.02004512288715458,-0.01816555764114411,-0.014468329533703826,0.8052608265310599,-0.0172601784711801,-0.017247266048534965,-0.018497244926801423,-0.017481285360529657,-0.017447690586544752,-0.014296634252766723,-0.011078146662789109,-0.022115677829541425,-0.016285861270031888,-0.01647275427454858,-0.019021433044180438,-0.017447690586544752,1.0145559930322463,1.0168223726931436,1.0107346666388948,-0.1629230225229228,1.017583920131453,1.0171790810525512,1.0142764781473093,1.0174576202757823,1.0174476905865448,1.0249601121240803,1.013657454679841,1.0115569126340835,1.017297308447701,1.0145481270866437,1.011456504230311,1.0174476905865448
-0.01862067543911826,-0.017196871452698805,-0.012636629483265167,0.8022135825717426,-0.018212564694725594,-0.017946297148263353,-0.019507663813263153,-0.01835376892026085,-0.018251328414472974,-0.023735049721708687,-0.007699648826624281,-0.02245357227914452,-0.019320807994380386,-0.018164044833583033,-0.015126420243336443,-0.018251328414472974,1.0167352076110774,1.0184005734855996,1.0172338513291328,-0.17212417832465943,1.0183900382836042,1.0181454142164073,1.0146964219915593,1.018245700555355,1.018251328414473,1.0267647756951586,1.0138665613172595,1.013600096107261,1.0149842675687157,1.0163763531771726,1.015070648345229,1.018251328414473
0.0292178546943714,0.027724824217146258,0.03920007842734826,1.0799941528631598,0.0277607881517203,0.02818615119027561,0.028202479950755657,0.02772427088179028,0.02779089530984972,0.0233978706052444,0.030420082370745973,0.027438512309044587,0.028341488012329812,0.027667934316270414,0.02804631365548383,0.02779089530984972,0.9717075388872833,0.9719013746643028,0.9690960040070546,0.11299069267391026,0.9720757061294374,0.9720308066116498,0.9707102578860819,0.9721804331921173,0.9722091046901503,0.9696436039804606,0.9649437704514173,0.9735223449175052,0.9715202849147787,0.9696817333997871,0.9709371330514383,0.9722091046901503
0.015053057343138762,0.013115768160361248,0.02622732481257743,1.2612959698682809,0.01228610110364459,0.012811814904869186,0.014037987914633412,0.012317714550080329,0.012312297334471999,0.00912813241955149,0.014464852126071846,0.01471777063399727,0.012852694476678004,0.0156475118541383,0.012967133897916604,0.012312297334471999,0.9885971494723096,0.9879419698186027,0.9895474020799588,0.3016780155732458,0.9877186452877676,0.9874156111850075,0.9872457822327844,0.9876870074573011,0.987687702665528,0.9828892524774052,0.9716443234883108,0.9976890629466341,0.9863468479668095,0.9867619389264635,0.9857772707173452,0.987687702665528
-0.012070412182763422,-0.012369975380777245,-0.016386810923702547,0.819528432799314,-0.012719487473376631,-0.012549268175711547,-0.011734748503091353,-0.012834423424095446,-0.012780340641765432,-0.023248014811470572,-0.01299087814211759,-0.014621580353640294,-0.013647407697712362,-0.010103296785080262,-0.012941146624303138,-0.012780340641765432,1.0117908034470702,1.0125267915904037,1.003690805406772,-0.15971070608029625,1.0128484090081127,1.0124877670917853,1.0110297768059722,1.0127861856472933,1.0127803406417655,1.007564395337496,1.0026932819083212,1.0168830377584446,1.0110704144563227,1.0111444082955943,1.0091852027270616,1.0127803406417655
-0.02076850578929471,-0.02145627214605917,-0.009724772238805902,0.8499170163425087,-0.0219761388011762,-0.02186037384633283,-0.020770033172836086,-0.022024348635019227,-0.02203654376024921,-0.028344669756524058,-0.019382130524941487,-0.021567046773807448,-0.020805652256813245,-0.01951971399135044,-0.019794669892487658,-0.02203654376024921,1.0213319986816305,1.0220083666173978,1.0256991887831441,-0.13054535355391383,1.0220075050706035,1.0218172454908736,1.02129342885445,1.022080291840278,1.0220365437602492,1.0273268526229171,1.0181525234921238,1.0226322589654442,1.0212609178996208,1.0211024452650717,1.0206650202500365,1.0220365437602492
-0.037388855504670845,-0.03778962234116886,-0.042751021158139085,1.206578474735788,-0.03757604911074542,-0.03711627348570306,-0.035404724014367485,-0.03743620404073907,-0.0373911891905116,-0.04310161502392628,-0.03206554589781271,-0.038497122297026794,-0.03520402155427763,-0.03731355844755052,-0.0345192580471979,-0.0373911891905116,1.0360029407763758,1.03660205460822,1.0293870880773293,0.23313772889249196,1.037238053841975,1.0373318248642778,1.0363065112027687,1.0374107193521203,1.0373911891905117,1.0361098969550036,1.0299511858857815,1.0361995596003288,1.0363150674633086,1.0356815064823857,1.036800155958243,1.0373911891905117
0.04955689182228997,0.05010248135857778,0.05633219789391919,1.1069284986171837,0.05019303627419261,0.05045096344761148,0.04934536117219507,0.05020682406532245,0.05026722747356532,0.044200542021022825,0.056625730134882764,0.05090864019698719,0.05139247095046511,0.04990526076045789,0.052996819687399555,0.05026722747356532,0.9484828912820391,0.9491456172838934,0.9490901348128741,0.12723157982636712,0.9496771204195509,0.9494390385833857,0.9463861802274984,0.949730733131135,0.9497327725264347,0.9550257696974638,0.943287629337071,0.9534806924125838,0.9482713990883027,0.9485510598039908,0.9466396619302204,0.9497327725264347
-0.03602915623921046,-0.03810342877810401,-0.0349221062831624,1.1343948823677275,-0.03813020709336762,-0.037930592791244715,-0.03625014956880508,-0.03798670597550045,-0.0379917501034219,-0.04071811758837732,-0.028894358772152694,-0.03481347381164224,-0.036542059744206185,-0.037198720613895904,-0.033980421132766565,-0.0379917501034219,1.0377382396474715,1.0365698289976397,1.0324296429043813,0.16752057307649526,1.037831359818433,1.037577498040242,1.0359362276110438,1.0379333477031651,1.037991750103422,1.0404753839419898,1.0343920298071525,1.044805279596104,1.0375139297346603,1.0346469999781664,1.0363876356499815,1.037991750103422
0.019787074576828188,0.018882456828375405,0.02268012730211589,0.7633971473234259,0.018574293182609874,0.018863585669064844,0.019428357288937832,0.018610666264776157,0.018604141567012844,0.01494673863956997,0.026576142020066352,0.013948354409166447,0.019295898766240892,0.02018160745634083,0.019207205997073207,0.018604141567012844,0.9809919122854828,0.9803257970569146,0.9688654764758274,-0.1925892133861673,0.9813947564645795,0.981069868764075,0.9809569873847763,0.9813744813178249,0.9813958584329872,0.9794737926258126,0.9737428685655722,0.9810428760167894,0.9804582175288007,0.9796041364096257,0.9768359473484192,0.9813958584329872
-0.04232567431195593,-0.04237427902799415,-0.04488031350745281,0.9939093357786597,-0.04293124701852437,-0.04246666816480737,-0.03972642714922018,-0.042907483472027316,-0.04291527373008679,-0.04464278387192628,-0.035425295483733486,-0.046062404659557396,-0.04095111202384396,-0.040905129733614466,-0.03966884367849082,-0.04291527373008679,1.0419388726987553,1.0425580492434376,1.0353832790131972,0.02142277091850664,1.0429107140348648,1.0428461420502955,1.0442921696126917,1.0429250421335738,1.0429152737300869,1.0454402529654612,1.0389021411107653,1.0403008570919268,1.0429301892543055,1.0419206290549037,1.0419610590563353,1.0429152737300869
0.033216408858569385,0.03287799927366481,0.03365164589486633,0.9136227630630379,0.0323965342595349,0.03235198172000345,0.03368110238828576,0.03221378840834091,0.03227883037006989,0.03238973688083738,0.03886067565759929,0.033103275174864985,0.03222557725611456,0.03176263472833393,0.035732607688845654,0.03227883037006989,0.9661272962065229,0.9674233390425987,0.9564243927539345,-0.055731339028676,0.9677893567627279,0.9674831761211561,0.9680994213061821,0.9676811974075157,0.9677211696299302,0.973493270900489,0.9653477673834241,0.9677583836195801,0.966180391864352,0.9654312342009106,0.9673178909043307,0.9677211696299302
-0.025685170983404587,-0.025089904233287386,-0.027473522785350767,0.9581129392954205,-0.025946647218557512,-0.02581858111343719,-0.026325433395583138,-0.025886695360550584,-0.025860217920978607,-0.027861776475243728,-0.02105632979111119,-0.028097155687830916,-0.02461739561343161,-0.028028651747824315,-0.02526083128708062,-0.025860217920978607,1.024672153997881,1.0263231258226082,1.0136775174272261,-0.009160359480882452,1.0257479239362608,1.0252107323619246,1.0244959532027482,1.0258374798039323,1.0258602179209786,1.0237998231638832,1.0205548729552607,1.0296787020383114,1.024821213165017,1.0208880537496894,1.019582969323132,1.0258602179209786
0.0021440033434300585,0.0001721423350327426,0.008366735735768044,0.9342569145568431,-0.00026882152676171707,-3.9334477305266166e-05,0.0007556205465459982,-0.0002540140882204388,-0.0003011851814224442,-0.002371776683325955,0.005208184067218065,-0.0021583810407613565,0.0017275288206600155,0.003037168767074083,0.004801471480591599,-0.0003011851814224442,1.0006198350691922,1.000096467331893,0.9983410055140538,-0.03061752077910107,1.0003467932574033,1.0002516354072304,0.9994216118316657,1.000332175110121,1.0003011851814225,1.0038045021718638,0.9910730822656161,0.9995488266853431,0.9994332231897775,0.9999732835085782,1.0025122177431032,1.0003011851814225
-0.04779520708256491,-0.04659907586990201,-0.042414894056339886,0.8379922142228113,-0.047441727391881044,-0.047237161545404284,-0.04806779507600838,-0.04740203235753689,-0.047447182968495996,-0.05256190035674728,-0.039552375236767905,-0.050594690839757546,-0.045659067966282635,-0.043858142561259264,-0.04695299038323507,-0.047447182968495996,1.0443261676615885,1.0476776369003034,1.0448218204622697,-0.12052866139570062,1.047440619670205,1.0471717203328568,1.0445181874614107,1.0474534907200383,1.047447182968496,1.0455614574485468,1.0355952179871477,1.0457587773166457,1.0463899289044236,1.0478446797446173,1.044660173032521,1.047447182968496
-0.0018461779337418083,-0.001287061721091601,5.628485518082445e-05,1.2247324966667803,-0.0026196077040707933,-0.002199251906259338,-0.004691949766433257,-0.002409964945614245,-0.0024552117302211714,-0.0044144939314947566,0.004247058244023804,-0.0029987881423346363,-0.0014568797428811202,-0.0008842599547783234,-0.0033700916736169755,-0.0024552117302211714,1.0020320591825846,1.0022988899886152,0.9947865443229497,0.2551579076304795,1.0023690244247032,1.002171435881356,0.9976757786707108,1.0024711166830187,1.0024552117302212,1.0053644022110704,0.9989259480257928,1.006664734044072,1.0015251365392648,1.0000182260134662,0.9951116541759787,1.0024552117302212
0.0008592637949091378,-0.0008506551359739367,-3.5809366865240906e-05,1.0101097749260388,-0.0016696519072701321,-0.0014125931673071642,0.0005857068167650128,-0.0015812118095009688,-0.0015531831513164764,-0.002562198927257718,0.007816927708664037,-0.0014172619207536387,0.0009922578869769427,-0.0005609100746529897,-0.0015335015120009725,-0.0015531831513164764,1.0021679179405012,1.0017989874926811,0.9939511297296713,0.04325527795768125,1.0015791467767265,1.001143249669549,1.0015368360767152,1.0015694492009155,1.0015531831513165,1.0044426598056357,0.9949232419527012,1.0070062706755107,1.0022103552642583,0.9986803833269109,0.9966449441220806,1.0015531831513165
-0.07575561415141957,-0.07800022981778905,-0.07049524385870859,0.9490574894073568,-0.07834028612436708,-0.07800614775400724,-0.0759854082667177,-0.07830922700343738,-0.07831221732085519,-0.07834809957936069,-0.0684307049397636,-0.07685242394721901,-0.0780132400752754,-0.07862884200055621,-0.0777315141155583,-0.07831221732085519,1.0798865612237936,1.0773862499020885,1.0760679062381981,-0.006949870473581088,1.0783685650010597,1.077954839150189,1.0789517051765056,1.07833845269967,1.0783122173208552,1.0818673564377481,1.0689058981605575,1.0808799536631666,1.0778002082655331,1.0744509987094442,1.0711569683497557,1.0783122173208552
0.0031696953389957205,0.0030598942069816463,0.005020237575694279,0.8838050025348977,0.0029576642206225207,0.0030216594379860184,0.004307633367797607,0.002879584480297174,0.002925348450786219,0.0026800369609861333,0.007274438099021036,-0.0021894527192030523,0.003210162842104278,0.005684108290049127,0.004362716418649431,0.002925348450786219,0.996556557795903,0.9967764750717059,0.9912800893819608,-0.09433577316271369,0.9971106458385023,0.9967323411894751,0.9953068368221968,0.997070972693935,0.9970746515492138,1.001460194738547,0.9913432639615517,0.9969099633562328,0.9957971298922034,0.9964563006979594,0.9969335842884073,0.9970746515492138
-0.03144116109572142,-0.030520353896033005,-0.02777038544220651,0.9656594782783945,-0.031723726160600665,-0.031839235687160565,-0.031633383754209154,-0.03180877003148821,-0.031745633828919186,-0.03405479217333091,-0.027301303431384105,-0.03267484937523803,-0.02998952709716042,-0.033605212555514685,-0.03345517849912963,-0.031745633828919186,1.0307000231894086,1.0325176153307567,1.0321387976748118,-0.006065353931938411,1.0317608789282686,1.0310945559325797,1.0302878221072735,1.0316929660503145,1.0317456338289193,1.031673670295888,1.0257671717932726,1.0313201475733704,1.0291229488936722,1.0267827814975032,1.026343698843412,1.0317456338289193
-0.039561330230988574,-0.038513871361410344,-0.02949856992737438,1.0067898456538098,-0.03912933718791821,-0.03897301525260904,-0.03818790840732243,-0.039099214935473435,-0.03906121662160167,-0.03831660007895103,-0.027967173497104484,-0.037199581892335264,-0.04021926398930705,-0.04081333993526374,-0.0412512995120724,-0.03906121662160167,1.0377137708034543,1.0388856444649102,1.0299156767993884,0.04779201430286095,1.0390156898510587,1.0386299725757642,1.0376400621086614,1.0390845207818498,1.0390612166216018,1.0381304547910772,1.036447905098701,1.0429176834641456,1.0380472367202611,1.0354781103996786,1.0367552711933814,1.0390612166216018
0.043894134314625674,0.04202667816958933,0.04000247553545936,1.0043830959976456,0.041634789717948734,0.04154158510615222,0.043981194973466996,0.04176026842806123,0.04157557953988071,0.03819767235363739,0.051795724286262466,0.03926785906357348,0.04122282858431878,0.04448731074285279,0.04205350864398018,0.04157557953988071,0.9584646870691597,0.9585488906737354,0.9570879268652178,0.032434847141223244,0.9583789903931254,0.9579649843090602,0.9585338846889494,0.9585778268155596,0.9584244204601193,0.9571481969764342,0.9515847855310218,0.9605423671626758,0.957273620435222,0.955990633347247,0.954043848758727,0.9584244204601193
0.010683044838665343,0.01055877620083932,0.023998894471212225,0.8664537880913066,0.009895824150235646,0.009809314095502076,0.010279215045485957,0.009931597188974193,0.009921337238211507,0.009168083794399623,0.01651665456304031,0.0072703909046216405,0.011528922462702354,0.011398492419891687,0.012788151404852826,0.009921337238211507,0.9894931494845624,0.9895211552959364,0.9868922861986223,-0.09007685557396661,0.9900417904579982,0.9894067098243943,0.9877191227777233,0.9901154951756184,0.9900786627617885,0.993924199356049,0.9878030213168304,0.98881345008957,0.9892832902190166,0.9872740169194985,0.9855767081465631,0.9900786627617885
0.0016836542912051244,0.001429049422744946,0.01144461754826104,0.7793208049530205,0.0014913019813509885,0.0017444376359622435,0.0021240631832175317,0.0013600649593898343,0.0014222041883060162,0.0009425259907325049,0.005133098260421266,-0.004244035498933623,0.0044884059787345075,0.0031067922936583794,0.0019002377092254832,0.0014222041883060162,0.9977680364821829,0.9982033281825325,0.9990301611603462,-0.192399675162376,0.9986176259017071,0.998495420448914,0.9964405975327223,0.9985849075568405,0.998577795811694,1.0016572043861083,0.992972340391638,0.996597002450319,0.9989160231532526,0.99723665275611,0.9950162061762757,0.998577795811694
-0.010814457305705745,-0.009311589370868343,-0.001706770238591485,0.6533379395978427,-0.010481995576865468,-0.010461975346776032,-0.009869165304722228,-0.010534999562780178,-0.010536354904994032,-0.012104656135312914,-0.008239286972309466,-0.01199938184882873,-0.009738201446846752,-0.008580993038925176,-0.005974845175707475,-0.010536354904994032,1.0089444847930178,1.0106867065988445,1.008117293908545,-0.3107396164321188,1.0104503975137478,1.010281517305725,1.00847014811397,1.0105339238672753,1.010536354904994,1.0115222152092267,0.9975420658503743,1.0160486507006974,1.0075359202516496,1.0096498170258323,1.012018785608511,1.010536354904994
-0.07677501299391418,-0.07676143604452002,-0.07463914670993851,1.0347466819395592,-0.07669896023601051,-0.07619999116629358,-0.07759843214170671,-0.07662505985353549,-0.07663526637950466,-0.08097155262714202,-0.06651347007349157,-0.07540699166621553,-0.07425749095454756,-0.07412057300436047,-0.07274385226057851,-0.07663526637950466,1.0759784189459543,1.0762134518057018,1.0727829455935964,0.06310519780865265,1.0765634392039365,1.076466204542961,1.0747577083869486,1.0766629999609094,1.0766352663795047,1.0782240137775936,1.0725981985278146,1.0809475918859108,1.0756155291884413,1.0749484253954342,1.07580412377485,1.0766352663795047
-0.056556875978412344,-0.05447197470248452,-0.055770461275653826,0.8582224107696645,-0.0550079940158023,-0.054685430998182905,-0.053931586114907996,-0.05517870587777319,-0.05507006265759229,-0.05160859805885549,-0.040841961586478084,-0.060325696348702634,-0.052045710495280804,-0.053220497678562004,-0.052830579313377896,-0.05507006265759229,1.0530877813053685,1.055076375354368,1.0497994058780193,-0.11515731652813077,1.055118275406864,1.0549717570550339,1.0545890911422362,1.054980113123576,1.0550700626575922,1.062593548453609,1.0534854047907658,1.0546303456320607,1.055831443621394,1.0557574892374733,1.0514406069849773,1.0550700626575922
0.01551865624582436,0.016256065182897586,0.01932651283356238,0.826916009396739,0.015762419596493406,0.016501658960095617,0.01750935788690488,0.01580217076057001,0.015759656045075832,0.014221005353562247,0.022492643660415278,0.01021986044657674,0.015793682907952945,0.019930098363283206,0.020495695341178656,0.015759656045075832,0.98094841993645,0.984164332242213,0.9738791632451247,-0.12328353266081549,0.9842726237775511,0.9844870934255125,0.9834326916441793,0.9842407670820255,0.9842403439549242,0.9833610083065117,0.9712554906185722,0.9831111329132789,0.9826067359174118,0.9850810321353141,0.9831534934215124,0.9842403439549242
-0.002367111195993606,-0.002750943081432482,0.005345424686439988,0.7735120203076239,-0.0027226163480588883,-0.0020762292745754923,-0.0017780315907484218,-0.0026450290141107275,-0.0026313285936143856,-0.008578976496068967,-0.004158905316482512,-0.01035814871748695,-0.0020280631425230317,0.0004337845989491112,0.0027479135728288202,-0.0026313285936143856,1.00150636516203,1.0020700952731247,0.9985014771151409,-0.1970791291374958,1.0026424448456654,1.0024692448862191,1.0012342482473195,1.0025956533398535,1.0026313285936144,1.0038895847548306,0.9916890215299234,0.9985224080265206,1.0008527406837506,1.0019609029781829,1.0021002919861888,1.0026313285936144
-0.028219889296743773,-0.028787400954883496,-0.02517258572692551,0.8602504928462726,-0.02852308412431513,-0.028388115955350984,-0.028039285082727863,-0.028633426231539295,-0.028607506995552784,-0.023880239293275485,-0.023443876664950944,-0.029703701079008386,-0.02812723111423328,-0.028230703736345286,-0.028741278381329696,-0.028607506995552784,1.0280565648565505,1.0281000074773168,1.0207680726226624,-0.10901934478509046,1.0287167702031712,1.028371807519456,1.0253365400128105,1.0285610855746896,1.0286075069955527,1.035187230502762,1.0260253889903828,1.0278200112380738,1.0265024889751013,1.0275659161118333,1.0259407078796379,1.0286075069955527
-0.054902497698037525,-0.0559089905272861,-0.051602793785715875,0.881053123770747,-0.05599059596406433,-0.0558070250033547,-0.054877083690490186,-0.05603878741107344,-0.056036099692627094,-0.05969917040927867,-0.05213474083717974,-0.056441496174516645,-0.05380903604295347,-0.056571688133788614,-0.056301895548756704,-0.056036099692627094,1.0554171916684236,1.0554489213167682,1.0527506555828754,-0.08532333662354441,1.0561290426604752,1.0556181111552703,1.0539443264230197,1.0560677378554115,1.056036099692627,1.0577795579617044,1.0441456250196355,1.060583172686881,1.0549992146787983,1.051629438268411,1.0516050693199963,1.056036099692627
0.061417197810092965,0.06143706114420873,0.054212795163551666,0.9802275173435606,0.061777293761627494,0.061859686745797206,0.06309710789993203,0.061583064382115714,0.06165829384318118,0.05231809595405377,0.054627038704799354,0.05692767095941755,0.06164612073776274,0.063825836441642,0.061858022574794974,0.06165829384318118,0.9365475248555797,0.9382551676073727,0.9234052120722298,-0.0005099652039324276,0.9383445772783634,0.9379912700107562,0.9379508239674513,0.9382776751315337,0.9383417061568188,0.9349143723426867,0.9211487524041091,0.9418764168029584,0.9353367086855027,0.9368098643540723,0.9350232147121466,0.9383417061568188
0.045988177348658614,0.04430016439052258,0.04866249198210144,1.1268946961228747,0.04560792323554398,0.04569583834177301,0.047386904770485065,0.04552765565104312,0.04549034356337233,0.04776544988831003,0.050197756114789854,0.04171926311564376,0.047836164191731104,0.04625009455734405,0.04481713754048344,0.04549034356337233,0.9540685743514401,0.9529093457628461,0.9514814619561637,0.15714843967922332,0.9545381742168326,0.9543416141446946,0.9551022788048346,0.9545596501833683,0.9545096564366277,0.9594486012432154,0.9440033917519172,0.9545370962962764,0.9536729722331441,0.9517440879523416,0.9509640467635059,0.9545096564366277
0.01825080903472201,0.01885630712806527,0.019373949527370735,1.0974033818692392,0.018655495540028287,0.018889108735779245,0.019240774248994494,0.01866621293983935,0.01869302985007161,0.013832805755342667,0.022841463536819335,0.018519913372611205,0.020263766873906835,0.01961987633556988,0.020524357743440323,0.01869302985007161,0.9789984866331957,0.9809651001512341,0.9756423681129959,0.13309815500171096,0.9811714787960446,0.9810758817363078,0.9805799322983316,0.9812455043233481,0.9813069701499284,0.9760436078941293,0.9694060230297563,0.9813904817121986,0.9790165871211685,0.9801676108281742,0.982196713090728,0.9813069701499284
0.060221852288734695,0.06042334362336589,0.06596169778644675,1.014217372905818,0.05944566443177231,0.059694005482473424,0.06261513837629512,0.0596072359521147,0.059619074566399546,0.06445309677996265,0.06737638314492042,0.06275136305890168,0.06110414476282243,0.05999672999125773,0.05918597596174313,0.059619074566399546,0.9383864798958114,0.9413345621391456,0.936781018109681,0.05373783939829535,0.9403126689543915,0.9401019790395918,0.9400436720179867,0.9403962390861683,0.9403809254336004,0.9456945184640559,0.9340937678471838,0.9419629512065896,0.9401528940870955,0.9385184458032622,0.9384485478298541,0.9403809254336004
-0.039971892558420034,-0.04224007728874143,-0.03172956173863497,0.9510822359192429,-0.04225411439208935,-0.04222704865839921,-0.04189715553395725,-0.04242874770131251,-0.042340279489915596,-0.045359065131157866,-0.03778521441160038,-0.04395048756358224,-0.03957353562882735,-0.039500806601889434,-0.037895365197952995,-0.042340279489915596,1.0437669243577936,1.0415913931491998,1.0431383764515834,-0.017482026059944422,1.0423983231437874,1.041968050662797,1.0412070446588642,1.0423063558349832,1.0423402794899157,1.0451668533554923,1.0346793522654925,1.044435959846467,1.0417980919183412,1.0413968878640731,1.0408042506740522,1.0423402794899157
0.04130532027841992,0.04210639570924627,0.05135243245488629,0.8514502638485034,0.04180203529931722,0.04218338320905539,0.040270811438135067,0.04168921318457229,0.04174427068804553,0.040387586682073026,0.04755627018562806,0.03920271732069363,0.043162021333051415,0.04368570183185561,0.048401289375691235,0.04174427068804553,0.9575165004844194,0.957547357268331,0.9536115386586521,-0.10500673072905609,0.9582504341162574,0.9580343034159381,0.9545182435459719,0.9582031310512933,0.9582557293119545,0.9577341445854364,0.9491977714541311,0.9581773450327529,0.9574469764398431,0.9569153492153413,0.959553597049918,0.9582557293119545
-0.015261782895861435,-0.014905419561296013,-0.014362987176015954,0.8254910333690034,-0.016141846634092332,-0.01576993497482723,-0.016100337154936386,-0.016062717185486346,-0.016097499120321105,-0.022254422709006617,-0.014530077613187682,-0.014311259197834755,-0.016011391513321913,-0.014853506518153477,-0.011114712616106479,-0.016097499120321105,1.0163675274336503,1.016806838346528,1.0105411804092894,-0.15815520269963512,1.016136803828783,1.0158974849757887,1.0130891438795435,1.0161503399641254,1.016097499120321,1.023002432314676,1.0059242010106038,1.0200509189729667,1.0148586571488138,1.0162770804228856,1.0169377372656168,1.016097499120321
0.0011791203006039583,0.00130493264142344,-0.006216936278343096,1.2608707121904417,0.0004577204056492107,0.0007492320950838299,0.004513799746388227,0.00042109789717245926,0.00044155590778733136,-0.007790003470138904,0.001998802000030658,-0.00033668619962253307,-5.1473479699572206e-05,0.0030569811289620046,0.0028991407989999948,0.00044155590778733136,0.9980153033767767,0.9995362597608726,0.9820706870814923,0.2982545578986857,0.9994370351143161,0.9993345080757332,1.0000947947927852,0.9994988060091702,0.9995584440922126,0.996075906307148,0.9904114752779872,0.9994714966589145,0.9972923260221412,0.9984049475081461,0.99663894917364,0.9995584440922126
0.011106610710223782,0.011003931138461522,0.018955614898812638,0.9153431516271697,0.010856547381641398,0.011027671851293852,0.012102196669984992,0.0109737002641017,0.010928346628053445,0.010450016390905056,0.02022830998476665,0.009574579683227334,0.011176755439029679,0.012269179411974975,0.010900896653767226,0.010928346628053445,0.9873142194347069,0.9890054054846519,0.9822825568417041,-0.050882533228024496,0.9889866543694938,0.988651779009222,0.9869493611288819,0.9891144609415827,0.9890716533719466,0.9931321649784149,0.9846367980193397,0.9951135553268398,0.9875348735649024,0.9866952764083056,0.9853710244941478,0.9890716533719466
-0.041624395217970345,-0.04102680789601094,-0.03863283494096016,0.8601509715255504,-0.04121389662850228,-0.04123728646389359,-0.04145243055730972,-0.04144287537093432,-0.04138734947063345,-0.04447971526981759,-0.03734227771749211,-0.040290228167523624,-0.03874286396235442,-0.03991814013585948,-0.042890056538770455,-0.04138734947063345,1.0395826427653636,1.0408986581585893,1.0433753769603844,-0.13290856083132274,1.0414973416532003,1.0410042170168203,1.0398373703282227,1.0413741638032332,1.0413873494706334,1.0479381437535502,1.040597986580106,1.045844961230517,1.041220585408303,1.0399950480810565,1.0371580504634925,1.0413873494706334
0.0567758439256016,0.057084721837983424,0.057168916281961864,0.8643991746107544,0.05608883669274145,0.05634214656822797,0.05707213070417264,0.0560277761853868,0.056024624001167964,0.06254698050933279,0.06511043492847264,0.05438042513901998,0.05823269346834849,0.05964973007654839,0.06067968971569784,0.056024624001167964,0.9422550455634696,0.943801277426763,0.9390105065424394,-0.10198057252507575,0.9440324797160906,0.9438918229650824,0.9428976374164073,0.943999151281868,0.9439753759988321,0.9526382589317423,0.9430956696350322,0.9421453697127538,0.9431991063651894,0.9441925704598733,0.9439888076219352,0.9439753759988321
0.0393361418981685,0.039756378587062206,0.03544079873795804,1.097347711689124,0.03936569638685985,0.039712247715154095,0.04098576691287854,0.03939391079098321,0.039390784860630954,0.03840589735788238,0.04778946266385639,0.036330641064974065,0.04026325905421824,0.043964154345475084,0.04272981647941553,0.039390784860630954,0.9602366967418196,0.9608487253723386,0.952207360291027,0.12624698986609917,0.9605871304457678,0.9605497080526039,0.9593073304452271,0.9606103807989248,0.960609215139369,0.964863531163807,0.9537164309859304,0.9604918568299303,0.9579953597730106,0.9619410511537305,0.9592219378920387,0.960609215139369
-0.04135255571505897,-0.043957531794606465,-0.03834247113885059,0.887100123920207,-0.043836653319187055,-0.043902973681787,-0.04064280153409312,-0.0438745206292198,-0.0439116938731444,-0.04202762517065626,-0.038516909597559254,-0.04763671306555105,-0.04441339026028697,-0.042284585545066866,-0.04054271021051726,-0.0439116938731444,1.0448327653508387,1.0425874787741694,1.0451915969470433,-0.08267687750642994,1.0440673858700331,1.0432297614194503,1.044758301830086,1.0439345858981146,1.0439116938731443,1.0492544287394578,1.0355829919727395,1.0441933620329447,1.0436046571534263,1.0410593747024801,1.0403261510973094,1.0439116938731443
0.010277630062781507,0.01018119865445344,0.012063913648580234,1.0202895903574074,0.011292844360885236,0.011200096488045737,0.011454998895631079,0.011213203526568356,0.01122206635421421,0.013909888206662628,0.013583784543000967,0.008684823146400537,0.01302037732545984,0.010410066982495025,0.012137397572455279,0.01122206635421421,0.986715090456452,0.9876955436149545,0.9825972444585606,0.045721219679381586,0.9888397004686117,0.988299884369592,0.9864140245605919,0.9887957555768039,0.9887779336457858,0.997187781468883,0.9806919889281063,0.9884968490665917,0.9868739574189698,0.9863792533541309,0.9858176976056819,0.9887779336457858
-0.03981099667333619,-0.040549556325617,-0.04087308983624202,0.9692253975971055,-0.041313911699935923,-0.041022235115150844,-0.04266881161960499,-0.04141621854543012,-0.04141780969483204,-0.03939914526441616,-0.028447674187535105,-0.04079980387070108,-0.03822278611297688,-0.03813191233446007,-0.03331273749864211,-0.04141780969483204,1.0419842409639,1.0419874354206218,1.035868142195783,-0.0031938051594990746,1.04143890830547,1.0412320242142086,1.0381978215700176,1.0413787303113098,1.041417809694832,1.0494936696299877,1.039344717830392,1.0462076475258184,1.0426469398207416,1.0406510286777335,1.0450811113688043,1.041417809694832
-0.017869897054873334,-0.017668982386095225,-0.019457759156166928,0.915577746013782,-0.017148675589985514,-0.016643813193992035,-0.01627185549939952,-0.01713276258243714,-0.017132945839245243,-0.02121992247309039,-0.01430265775402293,-0.017831817704889882,-0.016020747387450775,-0.015967758217701657,-0.01793793120185638,-0.017132945839245243,1.0154234663892006,1.0160550040179386,1.009662498266061,-0.053071413604165674,1.0171001094309216,1.0170856494565081,1.016454851852812,1.0171438783622138,1.0171329458392453,1.0153064991091572,1.0076028252697073,1.016240154353634,1.0157715872149715,1.015970092310812,1.0111722274851687,1.0171329458392453
-0.0005945183753176785,-0.0021922285571635333,0.0020598203199858433,0.9663233025270175,-0.0025920676322804983,-0.002533205000375711,-0.0022502807845272005,-0.0025773982593565573,-0.002595854601575218,-0.00938331863039587,0.005400041998828729,-0.0024230715594010057,-0.0012539445845471315,-0.0010293440624756945,-0.002496225222376445,-0.002595854601575218,1.0026711534561432,1.00248118284853,1.00319017653852,-0.010683335129915372,1.0024925473473885,1.002152076492761,0.9999084427626366,1.0026364203865787,1.0025958546015752,1.003755162711257,0.9990289892356154,1.0063611336612022,1.0010223069493955,1.0022364991684554,0.9973257235491654,1.0025958546015752
-0.017743918439455893,-0.01687985765821975,-0.01925554085343765,0.9355063016451614,-0.017722009055573328,-0.01767939301478454,-0.016288103607899135,-0.017748614332808502,-0.01773811583000229,-0.018990769138901402,-0.014603637543909243,-0.018070302840982117,-0.01790697052190338,-0.018097889201510065,-0.017016156448823313,-0.01773811583000229,1.016544267431566,1.0177891403485229,1.0134287592200408,-0.0460715025139764,1.0176411687500146,1.0171471688871292,1.0176762692286627,1.0177420111375235,1.0177381158300023,1.024994982640162,1.0121675823240925,1.0219278875552884,1.0133535213394929,1.0142607055701518,1.0127214289369033,1.0177381158300023
0.022209658979740803,0.02254589431069979,0.028343195009934128,1.0281998294344568,0.0223426106679957,0.022721386352832638,0.02206360836240761,0.022215947589229828,0.022250913416298566,0.024162564072822343,0.03190800031320978,0.022411944599853146,0.023493736632328715,0.022888098611333056,0.02778188709165375,0.022250913416298566,0.9765327472846161,0.9773911113457373,0.9745666354973842,0.0591433024612108,0.9778209180655648,0.977681106488485,0.9761566139509563,0.9777414676339258,0.9777490865837014,0.9829725041800379,0.9761508966323048,0.9764487235217646,0.9771177467442963,0.9757823960792146,0.9819413066972372,0.9777490865837014
-0.008389788761833127,-0.007723750726480278,0.0016156205464707707,0.9865406483103619,-0.008296500785067712,-0.00800113381325157,-0.007817871547684672,-0.008492909765147244,-0.00844385990105374,-0.004091660481865806,0.003664358839193274,-0.013590170621493718,-0.004012176747217301,-0.004625266939397928,-0.003982398250241623,-0.00844385990105374,1.0077505482313354,1.0080211183072871,1.0046971182754059,0.024931744583119198,1.0085179256807137,1.0083473734431845,1.0089674952777616,1.0084852138180156,1.0084438599010537,1.0147351606398392,1.0119644348094616,1.0043531689710041,1.008715037019501,1.0089397995244362,1.0085486373720824,1.0084438599010537
-0.067962808307969,-0.06775630529508243,-0.06859639989924275,1.0102203912553445,-0.06820011642480582,-0.0678310734053887,-0.06778324478882063,-0.06816005055999479,-0.06809086568075541,-0.07571330491175475,-0.0673020743828518,-0.06964925605804236,-0.06836145292029071,-0.06777556490631229,-0.06327600593149961,-0.06809086568075541,1.0666723522861628,1.0675024347972577,1.0621715949139938,0.039535702455094746,1.067966847482606,1.0679997151717397,1.0670564464965793,1.0680416113665718,1.0680908656807555,1.063714007203299,1.0534676955790232,1.0682555904371478,1.0642942499705206,1.0649820293680414,1.0727729740882854,1.0680908656807555
-0.020394903141849118,-0.020643899270842207,-0.014626425451318719,0.9843067541401532,-0.020626611660313106,-0.02067556113040972,-0.01828276445588762,-0.020676303879911644,-0.020676258856288578,-0.02076535129379639,-0.011628311508001116,-0.017910580936900736,-0.019048385544607353,-0.020181034850110684,-0.020208245118478498,-0.020676258856288578,1.018663378310365,1.0196847126289246,1.013545165315732,0.02626828339419196,1.0206970497883014,1.020161999813473,1.020261871003714,1.0207242516932011,1.0206762588562885,1.0251933122945438,1.0145406852650423,1.0222491067944786,1.021388646777547,1.0194892152220163,1.0157001198185525,1.0206762588562885
-0.006103637968731746,-0.008284083717876237,0.0006195317710701613,0.9193833367624403,-0.007521776350624905,-0.00744560898244685,-0.005603379377353791,-0.007658465452236621,-0.007621748777711653,-0.013774541851362026,-0.004442663433179196,-0.009190093428524412,-0.006959782139271704,-0.004777960698614448,-0.003298705751304001,-0.007621748777711653,1.006952659694832,1.0063244197738774,1.0004435978971467,-0.04680239746704995,1.0077175915680228,1.0072598489765443,1.0073896436420298,1.0075376606160724,1.0076217487777117,1.0111258405861072,0.9987839677475281,1.0060663835092816,1.007337167639199,1.0074106182138594,1.0077412465497877,1.0076217487777117
0.08357562725793409,0.08286370905890598,0.08719090823775602,1.0188375080271108,0.08251209221349488,0.08292929377994036,0.08635463040823602,0.08253418457111449,0.08255003690408289,0.08241428527756312,0.09135392991158743,0.07735110050156399,0.08475153319247622,0.08672620864956568,0.08929239610680285,0.08255003690408289,0.9160279816869349,0.9173540376669501,0.9184398220650145,0.05194829407586887,0.9174931425489308,0.9175091655303579,0.9167920277979779,0.9173930479326364,0.9174499630959171,0.9189985721670317,0.9150788477105893,0.9155338727264675,0.9183960930846721,0.9150776602349961,0.9188165305274051,0.9174499630959171
0.008914987523155728,0.009288179197720847,0.008082052510126416,0.9919650272075209,0.008861237160685508,0.008880502013352998,0.009658893420995006,0.00856556274818761,0.008628302636467057,0.004669773125880545,0.008526803973290985,0.0034404486579579464,0.009608775923230641,0.009442989345458,0.010489685698587733,0.008628302636467057,0.9907704369170715,0.9910330107703507,0.983823667105972,0.03009031348989033,0.9914698800662163,0.9911840545874537,0.9903363023617251,0.9913458375371168,0.9913716973635329,0.9900447680518957,0.9751938387897022,0.985813198896915,0.9899718916732285,0.9891091909572763,0.9884467780102213,0.9913716973635329
-0.017962315525111423,-0.016687340668804902,-0.0177786463295355,1.1153661162016195,-0.01734298713337534,-0.017331673868497682,-0.01564236551517844,-0.017423331862802153,-0.017347621546399516,-0.026441402980328113,-0.01152392673728212,-0.021925917797717995,-0.014279908069667589,-0.015507604295577954,-0.013909279368774015,-0.017347621546399516,1.0163942111997368,1.0172114515951765,1.013410714504457,0.1310845696133206,1.017246408701654,1.0168865495068626,1.017497114887374,1.0173329686481911,1.0173476215463995,1.019411853540809,1.0137661882400824,1.013855302934478,1.0177637636595223,1.0164667265383613,1.0164823026296725,1.0173476215463995
0.05717018777070408,0.05583567336566654,0.06668629768207816,0.9888691810686624,0.05549935940527865,0.05576296614443307,0.05754934465873276,0.05555519589736427,0.05548922556256823,0.05347639993732569,0.06349944887722409,0.051524120678902836,0.056973007032886804,0.059417757201149585,0.05589715270851894,0.05548922556256823,0.9434933213150066,0.9442898510710699,0.9415848890176619,0.031917855675869244,0.9444564419580899,0.9444213943672659,0.9423191061394866,0.9445919585536391,0.9445107744374318,0.9438749237815985,0.9370321625286324,0.9421338066594082,0.9431795995157838,0.9468378360718893,0.9424207454758284,0.9445107744374318
0.00745723077319918,0.008092194443853909,0.006799713560679447,0.9193902847615514,0.007694555237847312,0.007926191019871041,0.00714035704810135,0.00764479717293682,0.007751290893670958,0.005261588867377998,0.01750179604680543,0.008242788914357556,0.00790540630146556,0.006701284739407851,0.00725220157730196,0.007751290893670958,0.991547454984681,0.9915887522360538,0.9885005528020885,-0.06122126557175234,0.9922043527713663,0.9921155928163996,0.9902972660259205,0.9922441253271521,0.992248709106329,0.9944539565511292,0.9930634078601114,0.9900853701060907,0.992022273225044,0.9900060803132787,0.9885332121582999,0.992248709106329
-0.04656236278733673,-0.04684501797133696,-0.04840118036360737,0.991894304871643,-0.04780116304903138,-0.047678075390162,-0.04546945359699635,-0.04789906283796396,-0.04791137625460192,-0.05321545537038346,-0.036126045834345956,-0.046998936769146904,-0.04719488170656556,-0.04827921093233116,-0.04351362442460344,-0.04791137625460192,1.0484670722957934,1.0482774772814203,1.041222152878231,0.01939352455876775,1.0479600423211857,1.0476282162808972,1.0471996168304898,1.0480052600525005,1.047911376254602,1.0490072788641855,1.0468573046289809,1.050033000835764,1.0460369716324014,1.044659915242054,1.049129676439087,1.047911376254602
0.05616635925689365,0.055257212788024666,0.06414892329623857,1.0118789068613718,0.05489690056101686,0.05500156101420376,0.05496968662408093,0.0549546149008821,0.054895837757546424,0.04741314639946377,0.06515345828898562,0.05553261038220847,0.05413748572282595,0.05533527954540603,0.056498933395019935,0.054895837757546424,0.9445247176877083,0.9445074287306294,0.9424406182060933,0.06087994850104139,0.9451231674416452,0.9448857047418223,0.9431534957844245,0.9451946952557208,0.9451041622424535,0.9416157753155493,0.9326809345128825,0.9476073713277133,0.9405337855530566,0.9427170988391889,0.941772169819088,0.9451041622424535
0.04855751396801043,0.050417364024992806,0.05835235689126911,0.9204987929018069,0.049945825618786834,0.05050690330412509,0.05018292797738673,0.05002155909940129,0.050038514720702414,0.04942255401374269,0.06294071814711714,0.041814392313527585,0.050491335784834224,0.052626341438810086,0.052986017601289945,0.050038514720702414,0.9471357420296391,0.9493118689892102,0.9497302327005152,-0.04196690412774817,0.9498211871233653,0.9499534386286693,0.9493307531071683,0.949933066928993,0.9499614852792976,0.9499902843329109,0.9454824925413563,0.9449841250250768,0.9474724914833184,0.9502162634795808,0.948540457802954,0.9499614852792976
-0.033159810614067156,-0.034576146568369215,-0.01904232375851657,1.0654443543212861,-0.035470448581841146,-0.03543549691033179,-0.029596625278597927,-0.03543112952838162,-0.03550179426528513,-0.030445096235277344,-0.0275590637283409,-0.03412551874897253,-0.03505984665120032,-0.033486946402524906,-0.03564283058583718,-0.03550179426528513,1.0365343975962333,1.0358342994092593,1.0342717093596057,0.11583920038505513,1.0355458807615034,1.0350257388649722,1.0367045829497523,1.035528974985775,1.035501794265285,1.041181843091917,1.0261327341485507,1.03907630710046,1.033843121889421,1.0347278813217522,1.0314727991161778,1.035501794265285
-0.011600496538638637,-0.011156777539883122,-0.004618267654860927,1.155984606663431,-0.011094415237257498,-0.010612560744293254,-0.010486738112177308,-0.011155959079435932,-0.011137784175668344,-0.011073480368397863,-0.005068224264896067,-0.021872327159505597,-0.010805286676851362,-0.009897280219856438,-0.004694453939775837,-0.011137784175668344,1.0099734150965571,1.0102056566505475,1.0094742945973596,0.19056541411459493,1.0110477914919487,1.010891362239306,1.0088518611541701,1.0111470268594445,1.0111377841756684,1.013899122774526,1.006799004364345,1.0065821479895258,1.0092482421937579,1.0077623996940912,1.0082622786509026,1.0111377841756684
-0.006701481590898853,-0.008239247879033965,-0.014892669760135016,0.9536837730243446,-0.008407392090694745,-0.008238385485630226,-0.008350589858968062,-0.008323978400837049,-0.008299875671146853,-0.01118359245339354,-0.0005004125446100762,-0.007996468694034909,-0.006881777794850889,-0.006591172082882029,-0.004263899503969096,-0.008299875671146853,1.0071660762721262,1.0078796588891168,0.9992200781487725,-0.010029263933462707,1.0082605588990696,1.0080559131120732,1.0049724934050162,1.0083691411084024,1.0082998756711468,1.0064714222774545,0.9985270743696337,1.0100972934761152,1.0062415562952072,1.0088033793200402,1.0073180157388189,1.0082998756711468
0.011600838151101505,0.012823734498119722,0.018821728739188807,0.981615542759848,0.011677927484605095,0.0119820178706474,0.013763074026228573,0.011748469611319878,0.011761592432306272,0.0049746393792623024,0.018840550147536717,0.01032460196272359,0.012724267184354057,0.011319524659213901,0.012873524035152266,0.011761592432306272,0.9870889767613955,0.9886300298699806,0.9919876072263979,-0.010920018644316798,0.9882004277916191,0.9879634971840829,0.9882667068416271,0.9882878194924908,0.9882384075676938,0.9941947723449817,0.9880508373751508,0.9895556397316946,0.987667100553079,0.9854422380964106,0.9863199385366094,0.9882384075676938
-0.031794288826529536,-0.031713183773999835,-0.027340920637284993,0.9288989077803095,-0.03173579203103622,-0.03128174299871439,-0.03027348120774487,-0.03167496276395502,-0.03170627643325331,-0.03382358183887,-0.02477201149035768,-0.031695294527323406,-0.030874937692383614,-0.030967255176229273,-0.03193635752384526,-0.03170627643325331,1.0307598220235912,1.0311713161011147,1.0235907225270382,-0.03186377669520657,1.0317220864739582,1.0311922868578487,1.0315094219661332,1.0317389057971864,1.0317062764332534,1.0327771007544748,1.0226299251697681,1.038105815523104,1.0287085888769087,1.028057373675892,1.0256735158323427,1.0317062764332534
0.0694029296219858,0.06780085597145345,0.07425124823040154,0.8251649032596552,0.06872927282031807,0.06861990792424041,0.0690267191672531,0.06848438843113419,0.06850582693383953,0.06919626061547245,0.0757270599183016,0.06686963968540213,0.07134449942552451,0.07060572589576297,0.0644175943805171,0.06850582693383953,0.9292010472532684,0.9300467421653691,0.9135656927622453,-0.12266757615988522,0.9317015097132236,0.9310509998133744,0.9279715006685267,0.9314642008961199,0.9314941730661604,0.9328355552792422,0.929047642609109,0.9310983327227191,0.9326363837022243,0.9299940962106643,0.9227818601653562,0.9314941730661604
-0.014922469379034497,-0.015797679927755603,-0.007442206413951625,1.2444746692185402,-0.016379295008610243,-0.01617789627233677,-0.014403231480354075,-0.016281504038825712,-0.016313983470080725,-0.018053089725553712,-0.013975172592481485,-0.021463862239089106,-0.016033139581830638,-0.01124262328801805,-0.01844893819335966,-0.016313983470080725,1.0179030706905774,1.015757280155201,1.0176806933452363,0.26132562736616016,1.016215044253504,1.0158645471217462,1.0164249305329436,1.016392118855581,1.0163139834700807,1.018014721815179,1.0162460234856712,1.017531701884745,1.014419293853076,1.0167563787406382,1.0088069987624813,1.0163139834700807
0.0025091911618379216,0.0018102375115949954,0.0143773297028167,0.7428332110555992,0.002354011433479297,0.0024951369167793757,0.0033801126583472446,0.0021073339396457244,0.0022335556129242577,-0.0035046332292550087,0.0037492369852792813,0.0022055152727161664,0.002634590921964692,0.002935276672333293,0.00551438065194264,0.0022335556129242577,0.9959867084176975,0.9966810899008077,1.0023517673908657,-0.22426794814106032,0.9978058338277879,0.9973835462737692,0.997466994137592,0.9976988794713487,0.9977664443870757,0.9971809358960297,0.9848254185928381,1.000399134064295,0.995374246281522,0.9954290624977972,0.9955398699034808,0.9977664443870757
-0.06821856378930523,-0.06804426830546138,-0.06742401491168672,1.0727730212394682,-0.06879407280099335,-0.06869493108108597,-0.06821155229574706,-0.06884514206420778,-0.06884783045459497,-0.06839599511220085,-0.05721495491456243,-0.07187763095976288,-0.07013001020210101,-0.06810594387754729,-0.07075483756720438,-0.06884783045459497,1.0682171237185052,1.0683756139651737,1.0585328174786564,0.10388766279462325,1.0688746819758879,1.0683621564968162,1.0670162795137825,1.0688492171025417,1.068847830454595,1.0740925240300239,1.064066576907328,1.0737645952144752,1.0658663094373615,1.0671215980805073,1.0627952408100914,1.068847830454595
-0.07443054272218104,-0.07629938531741197,-0.05930297115239341,1.0756564811065223,-0.07715536125889795,-0.0769985531920078,-0.07821733335564364,-0.07730388863658814,-0.07731260564330493,-0.07874632015321346,-0.06102854164463076,-0.08045960724320086,-0.07673202234169156,-0.07685512661603627,-0.07481010197799984,-0.07731260564330493,1.0779587203705248,1.077259679238644,1.0795085902772474,0.11229670142408865,1.0774469439587726,1.0771455999878614,1.0752019082483188,1.0772723895362544,1.0773126056433049,1.0835186759452418,1.0801642376716787,1.0759714077664317,1.0768277179688526,1.076161646890259,1.0734045473784515,1.0773126056433049
0.011009339431425652,0.010699143422672492,0.016251217773333233,1.1103493472129475,0.010296138496499654,0.01036615965116528,0.011763500544359871,0.01022802186018623,0.010268161079344978,0.011060691724752242,0.01657072322518698,0.008770914845838819,0.009731756142814402,0.012842331348690575,0.012902686981828618,0.010268161079344978,0.9897263072085122,0.9891399207509772,0.9806491558753843,0.14559824891295214,0.9896538137019067,0.989488856905754,0.9874827943217489,0.9897152179411666,0.989731838920655,0.9967155118937422,0.984463702963754,0.9878960520417049,0.988640917607946,0.9899677207362465,0.9893444250789329,0.989731838920655
0.05123346649176432,0.05195893752740595,0.0572352223519751,1.0091229744200099,0.051520330275988756,0.051830488524716875,0.05186303140421539,0.05151310035296958,0.05159071827761924,0.055393363189237675,0.05313357228938894,0.04828421117257606,0.053002440814767626,0.05350870513255666,0.05530791810818364,0.05159071827761924,0.9470369363129321,0.9486399471150754,0.9408205700951761,0.043786161568225235,0.9483836228040581,0.9481405626718846,0.9440945756730413,0.9483687021436372,0.9484092817223808,0.9534780542119572,0.940521153357288,0.9499535535049435,0.9475639519055992,0.9469187109725734,0.9482850622504939,0.9484092817223808
0.055324363509304524,0.05284774935260743,0.06207786843656802,0.9788901240943988,0.05392342492795041,0.05397988627190952,0.05535423576559412,0.05388897823971464,0.05389640762628841,0.055403816495776116,0.063215603785305,0.05302849255872586,0.05561277036483807,0.055279308613194196,0.05571660380317392,0.05389640762628841,0.944378544408471,0.9453601288328762,0.9381713422247263,0.02729998846438142,0.9461151426982406,0.9458565922208939,0.9429668324017884,0.9460790799101674,0.9461035923737116,0.9468519924979818,0.9411176401734231,0.9480207402811361,0.9458187274831716,0.9450400190766749,0.9427631838618791,0.9461035923737116
0.010204777293169895,0.010026061890812869,0.012363436635175723,1.0705101388247111,0.009513129158800435,0.009523500981311949,0.01085104703244388,0.009450918967349163,0.009532380484196152,0.010276145794597435,0.018247178815978836,0.008775675460677168,0.00979441454987572,0.00879071007571319,0.011279582415737201,0.009532380484196152,0.9895921493236204,0.9904597422282043,0.9837022255560816,0.09727955459230508,0.9904460027914705,0.99011476391042,0.9895122718073397,0.9903960031678947,0.9904676195158039,0.9909802390183983,0.9896995350922309,0.9928265559691704,0.9894988512364984,0.9878592212465228,0.9910461276621351,0.9904676195158039
0.044520624722823414,0.04421818061165927,0.048765401712645685,1.0025012620463494,0.04382489527295999,0.04425596455207493,0.04526988009476749,0.04382808064570485,0.0438095590926357,0.042472682820452065,0.05096731199025035,0.03876592844743349,0.0424594141934978,0.04300704374232614,0.04900394409423868,0.0438095590926357,0.9560220433043225,0.9561706386376887,0.9452138025174959,0.040194240837879036,0.9562008367983477,0.9560189386127638,0.9553066315445622,0.9562242037873566,0.9561904409073643,0.9575676949304851,0.9536989620160335,0.9523335200882226,0.9531005748875339,0.9527600088926662,0.9567662583010553,0.9561904409073643
0.017878182902920033,0.01880990068294486,0.012979075810426769,0.8448698430660241,0.01793358583289979,0.017965504170295965,0.018376015830154965,0.01799522283542223,0.01800517984915106,0.014710046470926847,0.022197515530814754,0.016317022896500555,0.01834412450031056,0.01815284352683343,0.02174125017703729,0.01800517984915106,0.9805660819131339,0.9816690645412818,0.973587236527563,-0.12823249216254462,0.9819074649582593,0.9816435479641878,0.9790077010275426,0.9819972040496323,0.9819948201508489,0.9832052791782835,0.9726187991216687,0.9823697772993484,0.9803951349139687,0.9797051096953142,0.9813125946013147,0.9819948201508489
-0.04769992672264546,-0.04602712767921509,-0.0400752140581422,0.8561041548920256,-0.04671046258615327,-0.04646969957871568,-0.04587750696688461,-0.04684897351018194,-0.04677244997038091,-0.04979374753388135,-0.03812472132766112,-0.05025214178992776,-0.04594430338891887,-0.04375748794798962,-0.04222914431529145,-0.04677244997038091,1.045148976560814,1.047415526105162,1.0420436493949818,-0.1117502740783951,1.0467415851478314,1.0466232039301893,1.0446122242494627,1.046673315213458,1.046772449970381,1.050557318449296,1.0414641552108395,1.0462115745211447,1.0449048569854305,1.0456317341944028,1.0477651675750472,1.046772449970381
-0.011378130084902531,-0.011703647835840195,-0.012893527471397865,1.0204226457744994,-0.011794299159430303,-0.011437291292162614,-0.01162891975971665,-0.011993144214372146,-0.011862601296681161,-0.011465699817544663,-0.010376877548572524,-0.020960378509322714,-0.010372296667485742,-0.009258371298121104,-0.006186033573175045,-0.011862601296681161,1.010742630444157,1.0109641404909455,0.9991380624554798,0.059343586200153564,1.011925457995225,1.0117636023505938,1.0087629150289634,1.0118181050034614,1.0118626012966812,1.0148095181787817,0.9984651944081431,1.0095504055284403,1.010436132207669,1.0115960231364458,1.0114845915075552,1.0118626012966812
0.016923489468521753,0.015771554862715937,0.0301502919354056,0.9945866692284673,0.01536221291927419,0.015384549702198448,0.016737676254151367,0.015255452072580446,0.015235099489815421,0.012601713660142426,0.02063939638746094,0.017652107786980037,0.017589200698636353,0.0169255846304107,0.018263510144059865,0.015235099489815421,0.985275551347777,0.9850029365474683,0.9919717021808724,0.019567452569882127,0.9848065236591441,0.9844460645940023,0.9831627467501117,0.9847980041672053,0.9847649005101846,0.9874299643418243,0.9845682197148337,0.9903979119302124,0.9848132784754959,0.9826204322746213,0.9817062910875207,0.9847649005101846
0.0033496120493475986,0.0012665739816228212,0.009194298220676848,1.03754410918164,0.0008204248917203788,0.0009655286028563509,0.0030023110049345225,0.0009080998185497389,0.0008122630095236189,-0.003122262982565594,0.012345515365780678,0.0034498574610586047,0.0034246272777002924,0.0018705951256272992,0.005989937434711581,0.0008122630095236189,1.0004425171726112,0.9994990174182055,1.0005246043954252,0.07217376214926108,0.9992427363197721,0.998920412567531,0.9979793665483331,0.9992552050866678,0.9991877369904764,1.0049270588986483,0.9959961936465638,0.9968622885181138,0.9980152785174802,0.9965915041824794,1.0024254207022094,0.9991877369904764
-0.001119857149997688,-0.0011390916984511971,-0.002790435612587185,0.9790985461152916,-0.0016009101534594859,-0.0013219436425257818,-0.0007063692475585223,-0.0016368036848855639,-0.0016717891754190822,-0.002568695021491113,0.0075953035731208245,-0.0040444189041809195,0.000644388184950008,-0.0009248946077107204,-0.0014211755128867858,-0.0016717891754190822,1.001117274130635,1.00150662082769,0.9981051041725966,-0.0007141641065881998,1.0017336465735307,1.0015365040844122,1.0001116915046735,1.0017250211558908,1.001671789175419,1.001994989650764,1.0024336125729274,1.0020360976642222,1.0020094834050897,1.0005158357746684,0.9990867910186089,1.001671789175419
-0.0212733102499833,-0.023393922213184964,-0.010054628155767827,1.081239112882563,-0.023648372238242586,-0.02353265669984453,-0.021923160308546807,-0.023606569632787348,-0.023623742691267217,-0.024327891210571623,-0.012191947889738939,-0.02530053946258062,-0.02258585193681317,-0.01953624268204932,-0.023260828089529003,-0.023623742691267217,1.0241932745526587,1.0232520272015209,1.0273253013409605,0.11304279991689792,1.0236671296064113,1.0232384141784425,1.0236111622833326,1.023665946954025,1.0236237426912673,1.02462638471606,1.0189624099334236,1.024541667648863,1.0235994096594168,1.0266858228111977,1.0217084021104144,1.0236237426912673
-0.022562883848244997,-0.023920581082454418,-0.015424049863990149,0.8492633291295983,-0.024233835324578873,-0.02390204117217531,-0.022568850236725783,-0.024247213946655362,-0.024238127201660308,-0.02222884743404952,-0.017082626643429195,-0.020203061024319083,-0.023657360958816466,-0.021034958613521806,-0.022566576586788588,-0.024238127201660308,1.024387307975455,1.0234801788103243,1.0224811773782123,-0.10218628258797224,1.0243571590426708,1.0241764969124618,1.0237976421055273,1.0242480634444922,1.0242381272016603,1.0243703183834096,1.012643294417315,1.0274052516026146,1.0226391200185319,1.0235406393469118,1.02277807228967,1.0242381272016603
-0.013957436481133501,-0.015279230676228845,-0.007085968871017997,1.1115778379677022,-0.014895208155441392,-0.014715616993881488,-0.013660199961732735,-0.015078945972497253,-0.015071719202033622,-0.013250123849675484,-0.0056008997682468345,-0.01587293732142825,-0.012222408852040342,-0.010874478092081516,-0.012335457321456383,-0.015071719202033622,1.0136218762384008,1.01412148249664,1.0017427098532714,0.16063671839265437,1.0152376220796526,1.0149796820614776,1.0120781603591515,1.0150411139273912,1.0150717192020335,1.0181906792279654,1.010509861210606,1.0191350862918214,1.0172421517861758,1.0149970975202702,1.0132458146151406,1.0150717192020335
-0.028966177575705507,-0.02879782455697747,-0.031147370144225917,1.0043090528828127,-0.028079515167898045,-0.02791946822689851,-0.02779807566702279,-0.028054108302843998,-0.02803117476455198,-0.029563352068416645,-0.023776217203106628,-0.03299404003086222,-0.026198203818629025,-0.027899945505252044,-0.027084526753387055,-0.02803117476455198,1.0252472536843515,1.0271007486251038,1.0140178200682257,0.028926666599184192,1.0279035807207961,1.0277741368815878,1.0270605908516388,1.027978752919082,1.028031174764552,1.0344668450246834,1.0229342632398966,1.0270730883277335,1.0279866594025375,1.0244027362907149,1.023932957232869,1.028031174764552
-0.06908395195669742,-0.06850605786306518,-0.07039507165020262,0.9432385745904432,-0.0692109974982827,-0.06890296302836767,-0.06907457365305865,-0.06933155311160512,-0.06929570535417036,-0.07216721532153633,-0.06405043281804841,-0.07470733133503589,-0.06868551640335034,-0.06727768083828549,-0.06402392381618921,-0.06929570535417036,1.0682732298116242,1.0691731929250625,1.0672093574678916,-0.029917213720622282,1.069315616016853,1.0689542630421054,1.0677770359687488,1.0692986144929333,1.0692957053541703,1.0741521357636357,1.0597862249489727,1.0679838544634783,1.0656760145652584,1.0669009369025397,1.0686974624995125,1.0692957053541703
-0.04068268605065223,-0.042724938595289946,-0.041179425558056953,1.04031473828932,-0.042518196126090896,-0.0425287229445641,-0.04094339436359409,-0.042603923992447466,-0.04260719607978045,-0.04083702767233704,-0.031193357940361172,-0.046018175028164764,-0.04195354174075482,-0.03967135753924081,-0.040148957750097525,-0.04260719607978045,1.0439147302108343,1.0422720423797576,1.0347872676979133,0.07211180201331913,1.0427048480127952,1.0421557213075925,1.0412727854800614,1.0425850519828788,1.0426071960797805,1.0507811041165205,1.0384305589811575,1.0434217175330491,1.0400758898076576,1.0431546937059168,1.0407231629402767,1.0426071960797805
-0.04902291563974829,-0.048870664082990393,-0.0402372572840428,0.7711077387916889,-0.04966754304721268,-0.049498414736549375,-0.04765963798462839,-0.049681431358887584,-0.049712178492263885,-0.05466404572954467,-0.039136380642007064,-0.05119956608342123,-0.04820424465784692,-0.048308350496024804,-0.048921976469944596,-0.049712178492263885,1.0490587793970827,1.0498178268224647,1.0425109012555314,-0.20649202788090748,1.0497220393743936,1.049360652159074,1.049730939131093,1.0497591419910566,1.0497121784922638,1.0556981758467148,1.0546887404508705,1.0522574349623302,1.0482669165607963,1.0475649039892665,1.0488554300288844,1.0497121784922638
0.0027369133271834003,0.003859878460829704,0.005311982554240536,0.9664134082377843,0.0022074294232391346,0.002349946775661033,0.0023428203800628495,0.0024038293155913657,0.002402065232160764,0.003014351812003386,0.006020788486218147,0.00040720767992398813,0.0023763249061356305,0.0019395603691087567,0.004811280194291167,0.002402065232160764,0.9979120521182033,0.9987387706366232,0.9924541433053047,-0.014943810478051045,0.9975575264402012,0.9970263431538877,0.9968428770290435,0.9975840902175902,0.9975979347678392,1.0031157516895624,0.9904530839501581,1.0050812722094582,0.9949666000265831,0.9941831449793496,0.9938436241559032,0.9975979347678392
-0.009819125617611644,-0.010872925531474254,-0.0069611410279585015,0.9322478032689945,-0.01121991702334757,-0.011060913433535253,-0.00913856765728957,-0.011301390270800522,-0.011259816697170067,-0.014788858601495211,-0.01367048483083694,-0.014708464406206913,-0.011324428872912701,-0.010356426898308832,-0.006236458025606881,-0.011259816697170067,1.0109220434943036,1.0116545814766114,1.0059450059379578,-0.049525794480597796,1.011329052560145,1.0109308894881872,1.0117038053519014,1.0112574652637913,1.01125981669717,1.0164163062065983,1.001573409778039,1.0121820283990641,1.0097712549538385,1.0094883685360658,1.012217264463985,1.01125981669717
0.02996634407694677,0.02800815854309092,0.03240642690893534,0.7948595991617916,0.028790608480210627,0.02904354399027259,0.03083749186992087,0.028650993054690568,0.028679551117688967,0.02592821188570305,0.03623485183731497,0.024015724985739045,0.028431256465320215,0.03066106472193048,0.028780049767169073,0.028679551117688967,0.9708205468126816,0.9711994229191594,0.9637246257463941,-0.18549631620345375,0.97132715804426,0.9711895776496846,0.9706518938936376,0.9713311226926015,0.9713204488823111,0.9720187493665666,0.9762353621166583,0.9705007136693146,0.9694644999748666,0.9704625374869863,0.9692189320873654,0.9713204488823111
-0.04695424074381455,-0.047787178047020915,-0.046067440305496435,1.0591455197625899,-0.04633781876508614,-0.04605799530292596,-0.04506456779785927,-0.04645302573047304,-0.04639470680205145,-0.05208218017916403,-0.05092697407493324,-0.04747132508016482,-0.045450059613359996,-0.042602268087640546,-0.040937745070972836,-0.04639470680205145,1.044128651966929,1.0452566375444718,1.0345420999125738,0.10271859525078941,1.0463295222953635,1.0461356995067013,1.0450494201261118,1.0463659886792238,1.0463947068020514,1.0417100789223726,1.0299977027511762,1.045050232305493,1.0439193923577637,1.046214575222874,1.0469723584584392,1.0463947068020514
0.0013131748844485297,0.0016630277653219081,0.00826062164800226,0.8281458668265567,0.0004592700770215561,0.0007900078292867711,0.0012901603551634235,0.0005910737345697188,0.0006168039371744925,-0.00507687266959256,0.01116902068655643,0.0047400366558951485,-4.826017420772516e-05,0.002734048870808516,-0.0035887297324143337,0.0006168039371744925,0.9974480458317325,0.9998765869122777,0.9969321996781109,-0.14023083751902754,0.9991138870552702,0.9989866392033402,0.9970560426976255,0.9993567387607777,0.9993831960628256,1.0032551739391438,0.993432112255502,1.0052762176608723,0.9974871211929319,0.9974085053930023,0.9923936696790538,0.9993831960628256
0.05464254103220812,0.053880141893168504,0.06302435766312815,0.9656789810174548,0.05426744694410852,0.054247884195129346,0.054809868690459146,0.05415576911201369,0.05419665061918282,0.05255699476756021,0.06249906852523041,0.058477689620506104,0.055677229088069845,0.05324927588258424,0.0532492812589002,0.05419665061918282,0.9449846175618669,0.9451599822468021,0.9519683379182603,-0.016680869872854887,0.9458411064811522,0.9455114690827634,0.9437246384544066,0.9457907673091306,0.9458033493808172,0.948876745703716,0.9450928763421472,0.9541327553423331,0.9444961231131941,0.9419833975843505,0.9431319494396303,0.9458033493808172
-0.02755861213684472,-0.02900226985102069,-0.022268289156685675,0.9883895839636799,-0.029277724775555982,-0.028762280901854655,-0.027985025281421425,-0.029065839740154656,-0.029191808370576475,-0.028187004696963724,-0.014409335171076577,-0.0319758996719604,-0.02605834929196959,-0.02774760960380514,-0.02570452483941847,-0.029191808370576475,1.029648391610725,1.0289409451628984,1.0267966086101723,0.025884179924805073,1.029166742764419,1.0289679524759767,1.0273553829085018,1.029272511292567,1.0291918083705764,1.0276070008544687,1.0288011346459482,1.0351641683341948,1.0299432141631963,1.027192042595922,1.0267100917906355,1.0291918083705764
-0.05774728801163234,-0.0582655561408985,-0.04418457823380898,1.140607249154566,-0.058653034396431034,-0.05794231281612175,-0.05747968217872113,-0.05872474251160052,-0.05873328795584204,-0.06432847041868735,-0.05301197144732932,-0.06356772140536117,-0.055947002341695855,-0.055150499581099174,-0.054960714353973865,-0.05873328795584204,1.0582027789840192,1.0574604812719746,1.0588576996439847,0.18339150305110108,1.05878759737686,1.058999349862637,1.0566783663953887,1.0587165799916565,1.058733287955842,1.0576240322048263,1.0497557591008766,1.0574031723899744,1.058251946317256,1.0588795244296734,1.0578058990250336,1.058733287955842
0.020442343943791567,0.020275544213504016,0.03125668515712455,1.0009949130715952,0.019599334757391652,0.02016744721613761,0.02069226587417265,0.01961913641825713,0.019659218272168228,0.01744476423482618,0.01779705623896554,0.014522984385255077,0.02036634742831663,0.021900305703651056,0.024824521260838586,0.019659218272168228,0.9800992166219049,0.980017057551337,0.981856258399473,0.021534569473266485,0.9803456143157697,0.9801794174576318,0.9787959747651855,0.9803219040956912,0.9803407817278318,0.9865060243373673,0.9706027911925146,0.98216751545239,0.9797808967340396,0.9785339141725695,0.9799202268809788,0.9803407817278318
0.033402165502693815,0.03156195091838058,0.029656546085818,1.0585796057115504,0.030985769913452494,0.031374043850205854,0.03164025362277653,0.030969061302281387,0.030984204545474747,0.030317841865511924,0.030744285364807823,0.03144564121018867,0.03136601592830895,0.034688381030668076,0.035500029194610414,0.030984204545474747,0.9694518766108563,0.9694489818662981,0.9537081713374762,0.10161951837922867,0.9689861213008015,0.9689230813233097,0.9672419104521921,0.9690132879364325,0.9690157954545252,0.9667258637313696,0.9583639017515736,0.9720162618537399,0.9656044254336184,0.968052908941276,0.9713870456797791,0.9690157954545252
-0.05075991474187475,-0.05215901195242789,-0.05811627252129484,1.150208951466087,-0.051554435403282424,-0.05066719090499249,-0.04933332338728141,-0.05153997731973008,-0.05149926147360711,-0.05125476309172373,-0.034126397064924624,-0.053497034445322666,-0.047721620193796714,-0.0477443848938064,-0.04778659073289773,-0.05149926147360711,1.0511143225224966,1.0510778703963906,1.039719166076563,0.18672338456613047,1.0513633615065197,1.0514623046341331,1.0497881743277548,1.051508964765755,1.0514992614736072,1.0536919472536668,1.0543427292194223,1.0553283655093746,1.051174951826508,1.0484406477368677,1.0496563732170805,1.0514992614736072
-0.05544182399680287,-0.05555009530818416,-0.056443908266818985,0.7927170173298334,-0.055405021611926855,-0.055161573630570296,-0.05385637366222212,-0.05559416155697862,-0.05552164402487601,-0.057778557437728285,-0.05030415349192009,-0.05732406422592632,-0.05319031049527707,-0.05411016535805353,-0.05298860286482313,-0.05552164402487601,1.053295533776818,1.0544609313994064,1.050100282703665,-0.1859545205990667,1.0555923778662748,1.0551023598523452,1.0556970374684669,1.0554594467453986,1.055521644024876,1.058889664234231,1.0549836862855582,1.05593276287867,1.055078568224104,1.0538281906497704,1.052438823536343,1.055521644024876
-0.029091982954498104,-0.028822430012307,-0.022169344853152438,1.159053372606215,-0.028651994213616888,-0.028058807459929506,-0.027274566240304117,-0.02865689546682883,-0.028635176924521125,-0.02622393222865438,-0.018022894212008193,-0.029538300776581854,-0.027078021832500524,-0.023921206308125862,-0.027891667446805362,-0.028635176924521125,1.0273896872536932,1.0281367524745717,1.0255577953242891,0.1965698484269014,1.0286592203007068,1.0287092618901954,1.0272897044425724,1.0286586778844913,1.0286351769245212,1.034863241302308,1.0253166260847342,1.0276069185356065,1.0270227640946241,1.0286514587266116,1.0270095103999144,1.0286351769245212
-0.043531317829570315,-0.04517145159725233,-0.03855996743879446,0.8819199215766834,-0.044965174343077396,-0.044727023827284974,-0.04312680808760893,-0.045087997894032755,-0.045108708404189506,-0.04493665435404226,-0.03862620109969624,-0.05049679227709707,-0.04424980698293402,-0.04329335735114547,-0.04433271489923796,-0.045108708404189506,1.0445542487036747,1.0438658939456544,1.043274045076739,-0.08107004453298439,1.0452002745865248,1.044944822350411,1.0455541920453,1.0451055104058078,1.0451087084041895,1.0514944505565942,1.032854816701706,1.0438994974717624,1.0438933931977485,1.042224119878299,1.040618743474512,1.0451087084041895
0.05319040271312109,0.053066945882042166,0.049264528889005635,1.0548615205078775,0.05319773984296995,0.05300035428060613,0.056684992087839864,0.0530173634071972,0.05301192214690582,0.04941004250115747,0.06247625554685695,0.05227273230360059,0.054332844499168885,0.05322387956938844,0.054150763101978756,0.05301192214690582,0.9464939603888459,0.9471049085749337,0.9418229352633309,0.07482504991856798,0.9470223201604901,0.9465244780100989,0.9496381067179532,0.9469840771625494,0.9469880778530941,0.9462120055519109,0.9440337503230205,0.948212061255724,0.9457340782884815,0.9438702949291069,0.9463506901520717,0.9469880778530941
0.02018748493403598,0.01701943671975104,0.028169199118361327,0.9700652278696392,0.01763886590645566,0.017985966839964444,0.019648158316779043,0.01765613078561486,0.01768240652865893,0.01711410399292518,0.013761292862106422,0.014164337676721024,0.018695452046874138,0.01941454683394297,0.01949521829489616,0.01768240652865893,0.9819704121267552,0.9814033474575737,0.9742991364469843,0.0016111576869564104,0.9821281344227969,0.9822258998098957,0.9834617319514691,0.982266954549694,0.9823175934713411,0.9901580059908077,0.9719072632170531,0.9803643734208481,0.9818583383360683,0.9803964509893532,0.9799265391630526,0.9823175934713411
-0.05539781553223592,-0.05566259823775008,-0.054631098358331354,1.0320589554479593,-0.05656691116194153,-0.05629304155484042,-0.05554953044018163,-0.05657499016881495,-0.05659610608368575,-0.053149126066366924,-0.04901495274184442,-0.05896823402629431,-0.055675494171339525,-0.05295800115392084,-0.05121510973555336,-0.05659610608368575,1.0557144886059293,1.0572401502494464,1.0479520464324108,0.06618534288870859,1.0566007954390755,1.056239513018845,1.0543554615941233,1.0566530066293642,1.0565961060836857,1.0625953808853632,1.0547915136597283,1.058085562751939,1.0560440608722692,1.0563768265630482,1.0551710795436549,1.0565961060836857
0.031676077401646505,0.029493036238889925,0.038007914114248115,1.1293522830721414,0.029936049143310956,0.03015884837925186,0.030135534156660114,0.029865792866821225,0.02985358048780879,0.02586740725397859,0.03141928241575546,0.03550912729211758,0.031377876752386284,0.030108372524817763,0.031725186897611196,0.02985358048780879,0.9701082702358266,0.9699178178405774,0.970445735402075,0.15590136485975858,0.9702775949041785,0.9699011106241578,0.9692216861684633,0.9701943600128766,0.9701464195121912,0.9706761541031322,0.9616438401170775,0.976382786683219,0.9706142985629282,0.9661105017681235,0.9698884038522537,0.9701464195121912
-0.06470410761662151,-0.06446605069492131,-0.06377591414467561,1.0196740498902126,-0.06543404124080554,-0.06501071788636947,-0.06363771516838751,-0.06521961768928242,-0.06526280624269157,-0.0672806833471867,-0.05222007855196202,-0.06527881734511325,-0.06530650871903862,-0.06442420516052082,-0.06142158052052994,-0.06526280624269157,1.064164294406017,1.065706171617964,1.0649636756096221,0.03957508929285736,1.0650546280063555,1.0650109924462532,1.064178138009463,1.0653517623407949,1.0652628062426917,1.0712059417568849,1.0660643523604985,1.066992441135943,1.0627171520325074,1.0631511132105431,1.0660755404635622,1.0652628062426917
-0.0488421108985341,-0.05016474621522245,-0.047154680076110275,0.9727065980747422,-0.05009232518489657,-0.04984239440266692,-0.04571062343615071,-0.050215528668935666,-0.05021147003779925,-0.055111769565606546,-0.0432847735863854,-0.05378371978749938,-0.04747435416747716,-0.04849280127990462,-0.04764409587607939,-0.05021147003779925,1.049482799766923,1.0499525917023718,1.0495765840367683,-0.0019434779587190754,1.0502250473015164,1.0498671238092592,1.051805261168822,1.0502224386583183,1.0502114700377994,1.0518861344202937,1.0486457380510508,1.044879230229933,1.051108713588467,1.0483998930977687,1.0481265141651657,1.0502114700377994
0.029266115650925,0.02699126955378893,0.039694014938663376,1.056513185724895,0.028053181215767713,0.027909917217239334,0.02977417722249543,0.02786588409368552,0.02791568996422009,0.024706772132084994,0.035137909074567916,0.02841779241307144,0.03073511103192235,0.03016090559985324,0.026066742339512287,0.02791568996422009,0.9725102311601334,0.9711574671220268,0.9692851130658059,0.09580932537352949,0.9721463653736899,0.9716106688428142,0.9710268731025248,0.972091854514667,0.9720843100357799,0.9735602956008684,0.964775668499727,0.9749223609922391,0.9714502433560984,0.9709875797028729,0.9669388164642051,0.9720843100357799
-0.0036595383796393256,-0.0025838810360467933,0.0071998308080380765,0.7639399376049782,-0.0038269186822085352,-0.0035374363996414997,-0.0015257310698413083,-0.00394077163496072,-0.003868405339934629,-0.004561094796809473,0.0028083145638983847,-0.010159589288904713,-0.003385150848109415,-0.0016644085188864404,-0.0003905651184846981,-0.003868405339934629,1.0031306680970593,1.0048925284243677,1.0082842141114388,-0.20349178408368496,1.0039549623576767,1.0037968618216295,1.0023952719855787,1.0038163862594005,1.0038684053399347,1.0086203150028488,0.997664211724951,0.9994791496940226,1.0001193391513936,1.0021354704641805,1.0031717819363215,1.0038684053399347
-0.0017638834911431621,-0.0013250234676784503,-0.0030462813195341076,0.9478779719971113,-0.001987146025113701,-0.00191550371957774,0.0014934916289393802,-0.002105717916658807,-0.0020866477842304875,-0.0008898408032238222,0.0006226402678347259,-0.008036307296137076,-0.0008937654911228195,0.00013629985583443245,-0.002197312878444438,-0.0020866477842304875,1.0014023366309077,1.0024874914207071,0.9910013886689562,-0.023027689933817985,1.0021812956773946,1.0019192305516276,1.0015542929837924,1.0020834392930156,1.0020866477842305,1.009487241588841,0.9950507997441315,0.9985560189881352,0.999465994333786,1.0006629049129754,1.000554005921812,1.0020866477842305
-0.00857397709071531,-0.009152157338107638,-0.0016040951723919764,1.104297222964038,-0.010172498359939877,-0.009851336753170632,-0.0059099989802198225,-0.010000232195904674,-0.009951167932708779,-0.014021109231893623,-0.0028048559379509827,-0.00933795451297603,-0.006918320551842054,-0.0064792476080964174,-0.005502036072077747,-0.009951167932708779,1.010415417973303,1.0100613438476715,1.009606463570211,0.13558345510626735,1.0097965956808101,1.0097876045962544,1.0102591871509792,1.0099599291876669,1.0099511679327087,1.0091597083487258,1.0078202264972493,1.014323316480675,1.0097771292456394,1.0111751248606708,1.0080806922081171,1.0099511679327087
-0.013418104963477383,-0.015575460695053585,0.0012680687936884676,0.7911781903634867,-0.015118088906072257,-0.015178253847544752,-0.015301997542467553,-0.01515578397996985,-0.015081648647123433,-0.016383381146421707,-0.012798455089021674,-0.013524797758228275,-0.016331007447607498,-0.016654915555078573,-0.015165768194785665,-0.015081648647123433,1.015172043663461,1.0138302532504984,1.023520700393743,-0.1843837806408437,1.0148944016372847,1.0147294294142843,1.0141185201399605,1.015052276098029,1.0150816486471235,1.021243600189706,1.0053951250536295,1.0179873349342778,1.0108706945911103,1.0126231338838483,1.0119368199746672,1.0150816486471235
-0.05189127020531309,-0.053340099414687155,-0.04990400749802504,0.8891413840034743,-0.05396300198153167,-0.053612253530221574,-0.05373065617463544,-0.05393368350037217,-0.05397204267478269,-0.05627923492119013,-0.051986379287911756,-0.06077548025754635,-0.05285407140994062,-0.049619820483228744,-0.048217249673815764,-0.05397204267478269,1.0544341548884177,1.054160067444569,1.0496110340454776,-0.08389604197054523,1.0540783404945258,1.0538825192237908,1.05364262359238,1.054030513824922,1.0539720426747827,1.0586950726477518,1.0435226174484729,1.0496321810852374,1.0533914932317137,1.0554772745215755,1.054598451513501,1.0539720426747827
-0.04908820456764194,-0.04774134495642951,-0.04432134950470224,1.088705031582274,-0.0483497831136292,-0.04804420502030926,-0.04799566529190845,-0.048256192608539465,-0.04818612577678581,-0.04830580410777245,-0.04470918209959261,-0.05101470013051805,-0.0476252565832364,-0.048092756061994535,-0.04750291119699713,-0.04818612577678581,1.0462533715471367,1.0482024362642313,1.04418339833008,0.11433804159173411,1.0480602842685272,1.0478949084243983,1.0464425738231153,1.048179409047608,1.0481861257767857,1.05095818403549,1.0414936890105415,1.0509690547590735,1.0467386902820195,1.0449089256037825,1.0435287144903564,1.0481861257767857
0.05333480084842147,0.05253070594974855,0.05730681058835771,1.1095960428783103,0.051934399816398066,0.05207655155273317,0.05027923925635058,0.051864010960360606,0.05187713988815906,0.043856086618550574,0.0557514837118391,0.05536158055250591,0.05118914506620844,0.05370900644214106,0.05476018323630798,0.05187713988815906,0.9484860803456776,0.9482148864599849,0.9392155941554263,0.13767349843733045,0.9481784967024243,0.9479365530287275,0.946356242214029,0.9480919875453706,0.948122860111841,0.9499696648316889,0.9446474591651615,0.9510479164872544,0.9449657399695078,0.9458411057263408,0.94620138308003,0.948122860111841
0.026567594888693067,0.025646589098048466,0.03318308712908702,1.0713355183896,0.025674652011755637,0.025539953331077347,0.027236480585810158,0.025572692953838808,0.025597468805474418,0.029196315764011223,0.03597138991674665,0.029494569700052146,0.029859604295516734,0.024268210839623175,0.025456389012537686,0.025597468805474418,0.9747756069203491,0.974003085345473,0.9732019057053762,0.10511047554299857,0.974454328305604,0.9737278801373428,0.9736838039106027,0.9744566393712247,0.9744025311945256,0.9822190225329186,0.9722483991047928,0.9819693827686449,0.9742516535293281,0.9697818926166488,0.968541546083306,0.9744025311945256
0.012178735637366739,0.01078215485619252,0.02656217239546582,0.9722804474092647,0.011055066336786169,0.011204357573934282,0.012854623373198032,0.01109996619050369,0.01110673671297674,0.009593906887103178,0.019301190275346908,0.006931001931930407,0.01195678490971215,0.013485107508231153,0.009758766430349172,0.01110673671297674,0.9882186185230079,0.988134167707243,0.9925378342529366,0.01500723621424327,0.9888558929778583,0.9884896426691006,0.9867366611289802,0.9889092254999079,0.9888932632870233,0.9890850739042223,0.9813330400536862,0.9893570986681473,0.9874500007729718,0.9856041347137743,0.9837467558312362,0.9888932632870233
0.05436609551078139,0.05364540363210111,0.053061880064491085,1.0103919523148377,0.053106127934192365,0.0533578827422593,0.05434072190475834,0.05311540853186164,0.05313549299797362,0.0567621049032611,0.06276784584992533,0.050078421006184246,0.05264916978547067,0.055793991391639625,0.05671922940302302,0.05313549299797362,0.9466704332584501,0.9463870400953912,0.9418471189660408,0.035100233331827324,0.9468788525763556,0.9465329224326672,0.9475224007756592,0.9468379129751383,0.9468645070020264,0.9563033634444204,0.9444690151838298,0.9434761626425404,0.9463336464644577,0.9457350621904373,0.9465000446721852,0.9468645070020264
-0.006414306434303607,-0.006874155422850206,-0.0008426802640676217,0.8844839178355243,-0.007509708774874403,-0.0073219416699330355,-0.007138811425942182,-0.007582528725802167,-0.007599645772151526,-0.014046963420181328,-0.00484626756114971,-0.005654976579211562,-0.00730212954387664,-0.006502537961811923,-0.005089203922664082,-0.007599645772151526,1.0075227769637187,1.0078704111596857,1.005341446768816,-0.08911016950238415,1.0075544983453775,1.0075214630595566,1.0051313792193957,1.0076129910813543,1.0075996457721514,1.007779970520544,0.9965639980435024,1.0124042661408514,1.0057333811341553,1.0073255826968046,1.0076376252233388,1.0075996457721514
0.056570130749293755,0.056167409138095765,0.056741295171214665,0.8904153826101182,0.055832281834563756,0.056207882487502164,0.054840552604106196,0.05589978886194427,0.05595963236103035,0.05289134807649365,0.05713466452124787,0.05680763871328911,0.055839934547918336,0.057546496055288617,0.05871443681909025,0.05595963236103035,0.9446218582614417,0.9436358585761406,0.9360319130417787,-0.08925428606996189,0.9439482893965374,0.9438334796585506,0.9424094987001411,0.9440551157784811,0.9440403676389697,0.9500093727242088,0.9362185676702603,0.9448292405978025,0.9416436029085178,0.9437614026691481,0.9437745842501489,0.9440403676389697
-0.008051995309629755,-0.007882373747171092,-0.002907347020266806,0.83484847037094,-0.0072634068234646845,-0.007015921975721358,-0.00686563507419005,-0.0073165772575136305,-0.00733393695652154,-0.014277644267318501,-0.00871005983304964,-0.005555922808253233,-0.00488253526558391,-0.006290303896914921,-0.004768151056738656,-0.00733393695652154,1.006563516467897,1.006546446493999,1.001819807262798,-0.13986532525125894,1.0074375534158895,1.0071419633476435,1.0060122609181172,1.0073622938569757,1.0073339369565215,1.0079097999918956,0.9987241632513552,1.0064402206553074,1.0068912105948542,1.0060589517064813,1.0080597473810886,1.0073339369565215
0.019245480067679663,0.01775093623218363,0.024085626733307303,0.7791668965496386,0.018364424674776253,0.01859413945889007,0.020258651484237798,0.018283768108940158,0.01834340648592295,0.023151011442965275,0.031393807694575046,0.011183017836424164,0.020351746710982013,0.020287322340433858,0.019657909924683664,0.01834340648592295,0.980685228595377,0.9817646272157957,0.9735389972427823,-0.18192273601988918,0.98170040645781,0.9813407253191571,0.9785963657625544,0.9815968533753712,0.9816565935140771,0.988648557207885,0.9801674704225629,0.9812604761531671,0.9809830122511719,0.9801691029951407,0.9795575151448472,0.9816565935140771
-0.015865891323968567,-0.01565821195067578,-0.01149335883071686,0.9551308059296412,-0.016117371665696524,-0.01594344853337883,-0.014964528781560522,-0.016111641084945658,-0.016085297363189085,-0.01595211212797042,-0.006077697919158929,-0.018824221345987924,-0.012272192175778976,-0.013944925089282816,-0.01489127686390493,-0.016085297363189085,1.015252696063591,1.0156463072562483,1.0154578850568063,-0.013740273024638094,1.016073551374118,1.015990574695844,1.0150583008836547,1.0160643600656483,1.016085297363189,1.022347388670083,1.0123183039853783,1.0077972948309748,1.0177611585473374,1.0158219582043782,1.0153148699410735,1.016085297363189
0.018204507906774116,0.016689514158893404,0.01983924133834662,1.1272591010798472,0.016938100636145478,0.017117768687688398,0.019702450829541116,0.01691288766376608,0.016969987610860587,0.008923292876296389,0.020231781677665976,0.02166106660183788,0.017442672513536865,0.01505301396319264,0.018073720712957802,0.016969987610860587,0.9828885519851399,0.9826204367251091,0.9718273098374826,0.1602637511608962,0.9829959843900231,0.9825584586243686,0.9822662214484459,0.9830506892308265,0.9830300123891395,0.9766325198105329,0.9772230895253569,0.9898928060208176,0.9813154334291221,0.9800158911972738,0.9803338149324506,0.9830300123891395
0.04366752235138498,0.04247389066771563,0.046766279356615474,1.059250543407643,0.04180909411516972,0.04172802891292906,0.042461262433154096,0.041625359582000476,0.04159963384440057,0.03870367795022251,0.05734133804227533,0.03600944441030541,0.04339293722098028,0.04283191332846381,0.044217986196988454,0.04159963384440057,0.9598475839155253,0.9587776134278454,0.9490674878644585,0.09305885682100212,0.9586296417483685,0.9578195884856158,0.9570122225133676,0.9584455914850255,0.9584003661555994,0.9608537324942078,0.9578481386784641,0.9626003779223772,0.9573803387847127,0.9561122490229917,0.9557595163926829,0.9584003661555994
-0.004493274547614571,-0.004112672557787864,-0.0023060560862625612,1.0551305823016779,-0.005131740672652268,-0.005058953609485938,-0.004501101424554928,-0.0052690285166481785,-0.00527432637496614,-0.008962238267384091,0.0006294537296840109,-0.011933068640820896,-0.005275380833499206,-0.004777076255407575,-0.0029671486590901654,-0.00527432637496614,1.0044591797390667,1.0053061311465978,0.9990154489888997,0.08677487293942887,1.005350699742046,1.0051354608759713,1.0040489636700614,1.0053231431751795,1.0052743263749662,1.0074758161711568,0.9965512480838621,1.0046259264690822,1.003348810104782,1.0014942978141639,1.0016337972116804,1.0052743263749662
0.010000223617501946,0.009738020760469967,0.0015268002299292057,1.0202536858167124,0.009418298924589048,0.009722682307051433,0.00922758118610172,0.009385074349942839,0.009367319174082627,0.007613652424083608,0.008104029854630459,0.0016195702609626851,0.010571006587766442,0.011729178140217672,0.01273408480537604,0.009367319174082627,0.9895771629143585,0.9900950213622448,0.9746822020002841,0.0563214514900765,0.9907348083507379,0.9902496612530958,0.9885034134886154,0.9906350738097188,0.9906326808259174,0.9905952950348141,0.9762425026083412,0.9886460065375955,0.9897376217094223,0.9881366366865146,0.9863441334103207,0.9906326808259174
-0.014147653000794371,-0.014690880058836685,-0.018105580504303376,0.9006309508145545,-0.015054271006184214,-0.014951654368930348,-0.012657932304114992,-0.015073400714362781,-0.015058260236486914,-0.014704657881061501,-0.012229323478684589,-0.013861079686144135,-0.013498837814504264,-0.01343078894702616,-0.011929825394558316,-0.015058260236486914,1.015735422657706,1.0148146196275354,1.0048165028595721,-0.06643300838235744,1.015118571792036,1.014784566422035,1.0147038130664638,1.01509583713727,1.0150582602364868,1.0160553632262248,1.0082036169607114,1.0168396327816138,1.0135754020352916,1.0126320787777687,1.014249698273035,1.0150582602364868
0.005946298701268313,0.005656814440878119,0.016057710345961523,0.9460753663381072,0.004950960776041811,0.004910116335239109,0.005812220891498776,0.004907954579002504,0.004771790954539288,0.004765702181305937,0.012988460350414274,0.004674613020682792,0.006255351079057274,0.006862214271382272,0.005725404020679965,0.004771790954539288,0.9955527607408529,0.9954092603861391,0.9965194181992694,-0.024517916126038486,0.9953698117185106,0.9948395084440781,0.9941624217681444,0.9953477715334246,0.9952282090454607,0.999846370836541,0.9947006837881965,0.9981219129911234,0.9931628026494441,0.9941197503317436,0.992341456933937,0.9952282090454607
-0.044858154710448246,-0.04346812270446992,-0.03790618503997153,0.8222618774427898,-0.04419795068321767,-0.04379382518385385,-0.044812404184328934,-0.044281479881342574,-0.04424546707915963,-0.045241477260519865,-0.03649884978394444,-0.046172876485401367,-0.04141385927975779,-0.04215269014295646,-0.043731357803732905,-0.04424546707915963,1.0420983807711859,1.0448442132438969,1.0400307748617421,-0.13862492506389734,1.0443527442945655,1.0442070475408936,1.0424603505922452,1.0442256889959218,1.0442454670791597,1.0431844085251338,1.0348011416986238,1.0425271149780662,1.044753210654472,1.0439681366781701,1.044512490956504,1.0442454670791597
-0.0008612801360608014,0.0007007974852915701,0.0032524820494402103,1.0505884580749838,0.00035407346558709275,0.0010796819679310047,0.0008250018634436552,0.0005437586339184577,0.0005892571297684684,0.001758079317400912,0.013919684342502322,-0.0012629346578274276,0.0012749581729549035,0.002560261583812464,0.0015160027530034981,0.0005892571297684684,0.9978719743199383,0.9997779330942957,0.9945328019260432,0.08060671000865294,0.9992006389217618,0.9993852375824441,0.9978679708516969,0.999356876441138,0.9994107428702316,1.0030409633367814,1.0022748952952043,0.994582265231486,0.9985015820666324,0.9981036042022922,0.9987340500613229,0.9994107428702316
-0.05853680682694339,-0.05898609824207936,-0.05919918165659918,0.8201321638512626,-0.05904255393528366,-0.05883376225340952,-0.056900766982800444,-0.05908896760255462,-0.059094591564436576,-0.05886307428303794,-0.04474731279422306,-0.06100666287316347,-0.058389279725701744,-0.06046317463627093,-0.058596284318775047,-0.059094591564436576,1.0585143423195127,1.0586759927566598,1.0482381231512299,-0.14411368712696127,1.0590820979373723,1.0587116810888582,1.0577932432792643,1.0590793857239618,1.0590945915644365,1.0656127908950535,1.059364387539061,1.0588759183404004,1.0576849414076293,1.05489051803131,1.0535912998157038,1.0590945915644365
-0.05091360212659928,-0.05136231346850713,-0.04892550175355374,1.0505939189086317,-0.05125270546999136,-0.051004589165664055,-0.05008168223914157,-0.05124804297201236,-0.05122178828519194,-0.05338176439002708,-0.04905698219699606,-0.049556849643844214,-0.05262784129507892,-0.04966009213230051,-0.050455612622075215,-0.05122178828519194,1.0497002537286353,1.0500690580632348,1.041519118248889,0.07901036857606447,1.0511954473549814,1.05086685738245,1.0502465792684874,1.0511543312262377,1.051221788285192,1.0532819984923376,1.0467054882139115,1.05157679532872,1.049979126365402,1.0485966934340754,1.0508581500321346,1.051221788285192
0.02711593634910978,0.026956031307909883,0.036028056245010244,0.8343691377731762,0.026081147846434692,0.02644098946679855,0.026099041903339594,0.02607720029476063,0.026088055259441058,0.023620355715551718,0.026362323186948936,0.023975783419169876,0.023867120523080175,0.027024101400127915,0.033028367399971024,0.026088055259441058,0.9741003870190209,0.9737962568449224,0.9839522446562733,-0.15353769810637274,0.9739100016012344,0.9740616491384122,0.9720843145379708,0.9739185480477957,0.973911944740559,0.9801363219672736,0.9661934302952422,0.9711297137012251,0.9711541603114371,0.9732436428051746,0.9761136165660135,0.973911944740559
0.0052213901231933715,0.003820394768868093,0.007600999171447267,0.9466285482440944,0.003647226789055832,0.0036210476992971303,0.005678298091841184,0.0035301278945719266,0.0035108435202105418,0.0020529323642188386,0.010993286403927976,0.004512219559048595,0.005037922313977031,0.005880772659319948,0.00015741634732566377,0.0035108435202105418,0.996422753063325,0.9958360054549249,0.9883827331378346,-0.02374020534921195,0.9965795311447023,0.9961438444492607,0.9968531972878351,0.9964554865652222,0.9964891564797894,1.0001147911145338,0.991976211578113,1.0025444803716093,0.9967351186453554,0.9955557624544685,0.9897496514133859,0.9964891564797894
-0.04294953732537772,-0.04472554695872912,-0.0425437723061613,1.10033049669661,-0.044246743553219836,-0.043668111708056866,-0.04508659895649498,-0.04427524430703839,-0.04424847085232141,-0.04338067273979546,-0.04090882860646972,-0.04899766391100768,-0.0452640063545259,-0.04354700979799105,-0.04134600082638053,-0.04424847085232141,1.0441769880348133,1.0434934238447846,1.0356905790987472,0.12809573612815628,1.0442799878659095,1.0442267651381085,1.0431853990995814,1.044265375900968,1.0442484708523214,1.0503604887655358,1.0354135461758072,1.0401536844274106,1.0399769667671095,1.0434572738098997,1.0451924339969878,1.0442484708523214
0.026845575499976064,0.024964729025862952,0.03984312943648959,1.1757838418136344,0.024702440128983157,0.024967303115415954,0.025607741274505793,0.024818929517167868,0.024762917169751663,0.01596758995754226,0.026051076847024353,0.029825768841258683,0.024583342313382037,0.026669435938893662,0.024362638136983656,0.024762917169751663,0.9764713483943128,0.9751294646873175,0.9756027715913229,0.20369203615549258,0.9751816549140622,0.9750527404497146,0.9752325225918577,0.9753182227251284,0.9752370828302483,0.9729381420661196,0.9689249459036902,0.9755941838725046,0.9735336752635012,0.9748673954779427,0.976688322731269,0.9752370828302483
0.0034172567837372756,0.0030300331951242723,0.004619759835105329,0.8961017092412786,0.002913915153137415,0.0032382314010201236,0.004196862985408871,0.003029999909488766,0.003052657754845713,0.0031377674262081296,0.0019248893246353847,-0.0010866715194190165,0.004067533512829003,0.0050874603984713785,0.004214153183521026,0.003052657754845713,0.9974361639690268,0.9963302155297634,0.985484345327136,-0.07492077507424955,0.9968538205188998,0.9966604577116147,0.9958857548679902,0.996958991991767,0.9969473422451542,1.0037558837744998,0.980190204292594,0.9998626722165121,0.9944277029292278,0.996342528248182,0.9949097419495696,0.9969473422451542
-0.02448397926688958,-0.024964356865559374,-0.013834048675339473,0.8211059937904918,-0.025957540491403114,-0.025806495117537947,-0.026090388899342693,-0.026055394525677785,-0.026060238956319228,-0.030857758244072386,-0.025994066564053713,-0.027391296112280607,-0.024686548679551938,-0.02442794608148327,-0.020294589170266802,-0.026060238956319228,1.0270598957552675,1.0261980179685442,1.026545040123705,-0.14740849018298152,1.0261396503641929,1.0257820778303188,1.0260930299153053,1.0260667365852711,1.0260602389563191,1.0282428065979485,1.0161373328491932,1.0255461357417444,1.024482242269348,1.0243195339063356,1.0254441019166656,1.0260602389563191
-0.006556498288456286,-0.006089256907382251,-0.007598585141829137,0.9547110842685558,-0.006372409966204789,-0.006052586892908133,-0.004437425931097976,-0.006352076944004499,-0.006311717046559465,-0.007507456877043368,0.0005271212298651531,-0.011965840387632164,-0.005207842345143159,-0.003981201171879995,-0.0004426491977077565,-0.006311717046559465,1.0050371588328995,1.0057216267246472,0.9946445117245348,-0.014004661880749225,1.0062213936487006,1.0058931550760735,1.0039606510238452,1.006316459280643,1.0063117170465594,1.0091186018606662,1.003622885996406,1.0083783046381611,1.0048383805285281,1.0031758679751608,1.006012830976586,1.0063117170465594
0.07482625462570627,0.07531808098678384,0.08581874832149176,1.056128590354685,0.07542593037755947,0.07572722988376382,0.0750009050890223,0.07533549791358714,0.07538698526209696,0.07297017415555616,0.08077254671374555,0.06946166032646778,0.07484839207450704,0.07516552674308564,0.07909324328412334,0.07538698526209696,0.9226432619907784,0.9241945681783412,0.9277603917249452,0.08634511976838888,0.9245814124389093,0.9242667072329201,0.9203554631078545,0.9245192605807594,0.924613014737903,0.9265232291457806,0.916647596340096,0.9242241252734436,0.9226953833747515,0.9197455815164889,0.9231992819861009,0.924613014737903
0.003918665503370541,0.0056275163386651636,0.005297734021215606,0.9567028699709287,0.005301676003894875,0.005771851510237329,0.005682336760059172,0.005180093972986904,0.005205775856398913,0.0025113942167167558,0.005204693937214981,0.0004796696480499809,0.006270973011394537,0.006677801052361666,0.010174834964080585,0.005205775856398913,0.9917837965947888,0.9949121580034772,0.9843845431682259,-0.02297914325293582,0.9948253980625432,0.9946222387427901,0.994397377898519,0.9947484692536823,0.9947942241436011,0.9970387530823804,0.9862573621815603,1.0001869301461987,0.9941528619687693,0.9925270450140331,0.9945342906194036,0.9947942241436011
-0.030068576951699958,-0.028309131950709523,-0.034246381591669844,1.0458084572543849,-0.028993836782123066,-0.028615201268227086,-0.027950165110679295,-0.02902706379868855,-0.028947186589992336,-0.03404923706013614,-0.019182578364175477,-0.029185391596302922,-0.028879048578597737,-0.02727445846279842,-0.02911261523676141,-0.028947186589992336,1.0268811753202187,1.0287086874983307,1.0177582579357518,0.07333430363086968,1.0288866030102075,1.0289669886485022,1.0274772944955122,1.02887925064339,1.0289471865899924,1.0308119316126272,1.0234166727010934,1.0302694787937026,1.0263935759874208,1.0281637065725735,1.0249707852479608,1.0289471865899924
0.008281992553113588,0.006126594707942015,0.017260690616386472,0.8538999270351538,0.006127047870372522,0.0060795089277652405,0.006591992648384495,0.005836434617775003,0.005848391806337299,0.0034432487081793857,-0.0016181613267768416,0.0047722292329791145,0.007517011980666181,0.006885631720620302,0.011257981426733928,0.005848391806337299,0.9945250021392326,0.9939800753512741,1.0030232447019811,-0.1220048594280927,0.9943399639781388,0.9938579987422683,0.9924642655882497,0.9941352291274047,0.9941516081936627,0.9939012023593607,0.9792997563606154,0.9965071426295516,0.9928367293122932,0.9915304955165412,0.9947308662247637,0.9941516081936627
-0.030773607220780996,-0.0309473354039744,-0.022283491182033304,1.0425420365264264,-0.03139643980208553,-0.031055984892319286,-0.029626340507262913,-0.031355808116530236,-0.03138698731759108,-0.02989546215608641,-0.01737535873561398,-0.0306524463606119,-0.03031140568076959,-0.028019412925260192,-0.02986818086082938,-0.03138698731759108,1.029848760234605,1.031966507142526,1.0256262514259313,0.09162323701820385,1.031413989681717,1.0311528287243739,1.0302652909373406,1.0313697775512152,1.0313869873175912,1.0332230555471908,1.027912220326386,1.0329963366427597,1.0296999321050064,1.0309689643433126,1.029506339661376,1.0313869873175912
0.026492096134827708,0.025244530281207416,0.026154130929977926,0.8957404112692311,0.02426887586402995,0.024453011027026954,0.02431788762037289,0.02422209478464138,0.02428638853759812,0.020256905199045064,0.02825431765049928,0.02553684274613479,0.02714740884715481,0.02479905790190157,0.0252867623485532,0.02428638853759812,0.976404988093674,0.9759509948579942,0.9690240681133927,-0.08270011766526975,0.9756656138156551,0.9755108580845725,0.9742700503064919,0.9756964252069762,0.9757136114624019,0.9756049637776065,0.9756437922273921,0.9805601538929357,0.9764498984591224,0.9730817799958542,0.9720457971654258,0.9757136114624019
0.002044703824238127,-0.0003868726783633654,-0.005166355770615051,1.0647812787824935,-0.0003389052622286114,-0.00039696575932693444,-0.0012268388071926283,-0.0005693463416783151,-0.0005244617085606875,-0.004983559155636437,0.012344869111642962,0.0021576052000668697,-0.0003514211065869487,-3.446790197362849e-05,0.00468642023786034,-0.0005244617085606875,1.000799372129544,0.9997002768218347,0.9904293302475785,0.09758984546334804,1.0006960063818078,1.0002061460140226,0.999553945904246,1.0004580219068389,1.0005244617085607,0.9992684025517328,0.9977346469496309,1.0035363044120036,0.9999704548983859,0.9985117556587924,1.0002356148727343,1.0005244617085607
0.021413149200191373,0.021348321137459884,0.03524932435483965,0.7935142195399851,0.020575657800836394,0.021099126735467377,0.020377146498521553,0.020658454252451743,0.02064593715430538,0.014306009776841924,0.016714385504361644,0.01845011673260966,0.022678556712356336,0.02179657176692853,0.02226448005640432,0.02064593715430538,0.977794332142951,0.9791611414082417,0.9893151898042946,-0.18081311452187698,0.9792343239160203,0.9792848180279997,0.9759270675153052,0.9794263670638315,0.9793540628456946,0.9782600460205373,0.9644102267723847,0.9812464226754486,0.9786167287715535,0.9768262853331107,0.9766759956987405,0.9793540628456946
0.044521405520537356,0.04142402257169817,0.052689667533233536,1.0861830216805557,0.04166923118057502,0.041876681836189714,0.043504480037056786,0.04171294996837899,0.0417272953859835,0.03640216848729327,0.046140547816868174,0.037949667128413335,0.04316792416926304,0.04573391335571206,0.04632257938480588,0.0417272953859835,0.9577021395902144,0.9576061805623489,0.952531174570237,0.11858718923686007,0.9581422193438749,0.9580856502398905,0.9585734310153299,0.9582306711237003,0.9582727046140165,0.9590861520934983,0.9533891315799832,0.9576896242947666,0.9592196678107087,0.9578870692560415,0.9601460909477153,0.9582727046140165
-0.0004730541686841431,-0.0006025501785862883,0.004378701795099261,0.9158454953943406,-0.0006245838373425205,-0.0002535390936334698,0.0008813796602938466,-0.0006742122844886204,-0.0006663048886202437,-0.009200236591840267,-0.0006105327076901067,-0.0024303256209452233,0.00020719727912247465,3.7318615328741984e-05,0.0030243026225735712,-0.0006663048886202437,1.000203975846434,1.0001635585543625,0.9945425230473635,-0.06330469282376638,1.0007507718439252,1.000573182251195,1.001689320299942,1.0006916692894054,1.0006663048886202,0.9978798593103786,0.9894365036772242,1.0069538696225608,0.9991757918991466,0.9995090943067642,1.0003777997077008,1.0006663048886202
-0.016936542265687783,-0.015935349862542046,-0.004845839971005524,0.969571740586171,-0.016934804333333813,-0.01620889465829955,-0.01621237054766676,-0.01675536289650939,-0.016808203403265616,-0.015381937818351888,-0.006265989731211169,-0.011745997939862635,-0.015980220096087572,-0.01523541204773423,-0.01380001676529173,-0.016808203403265616,1.016260378640228,1.016597598372638,1.0223553908876968,-0.0034697270603383235,1.0167814641575124,1.0168260658294543,1.014867753489893,1.0168787583071404,1.0168082034032657,1.0231294434245266,1.0172738817626814,1.021536940892958,1.0161396982824942,1.0147453882377275,1.0174455487743914,1.0168082034032657
-0.08588144444309112,-0.08456426121487731,-0.07625976167019069,0.8907527843942884,-0.0852186677739329,-0.08498654628600107,-0.08470683105359558,-0.08531002138741593,-0.0852313502957842,-0.08786857210859603,-0.07805605120124984,-0.08994002044203524,-0.08372715589386696,-0.08413712560174222,-0.08332147930219994,-0.0852313502957842,1.0838851237981748,1.0852273281937228,1.091311386787537,-0.0754256101852333,1.0853159009967739,1.0848931565854145,1.0844693303608153,1.0851793523116162,1.0852313502957842,1.0856451771539892,1.0763422054197014,1.0791948104477114,1.0840500212367452,1.0834178329366015,1.0823340585954224,1.0852313502957842
-0.05188453066997233,-0.05330821224699531,-0.04975651226739942,0.9114658783197966,-0.05318178658145617,-0.05303141959730302,-0.049741205125899295,-0.053253924087269325,-0.053235615422510665,-0.05549701614188259,-0.044089203107291475,-0.0492691016126625,-0.050547103262424634,-0.05164686447415401,-0.054820586597953615,-0.053235615422510665,1.0528189899175764,1.0527989218101088,1.0465079001784414,-0.04712382251713643,1.0532891387497498,1.053148936581544,1.053478593810732,1.0532308582430912,1.0532356154225107,1.0524433420976747,1.0487399664067254,1.0537298617447253,1.0533755728598322,1.0534201517640598,1.048989344089918,1.0532356154225107
0.041546909247068844,0.03795471097801663,0.05120244233116768,0.9322579976556672,0.038587342807501694,0.03872719033063003,0.040652772428360205,0.038571394741362126,0.038550573226978996,0.036115860240087796,0.04158735944323551,0.041307908501241386,0.03831780735781599,0.039895161341472606,0.0357886927377512,0.038550573226978996,0.9609557484128181,0.960403926543778,0.961382231913701,-0.03174131037139927,0.96152404593251,0.9610817539566445,0.961165260773841,0.9614509475304961,0.961449426773021,0.9628195138714828,0.9542440883778684,0.964874901198929,0.9594261854939902,0.9597893741839782,0.9546897319909318,0.961449426773021
0.00946376006510727,0.008723707937058713,0.007627178865505619,1.1398493150092168,0.008378292544962173,0.00873535954614718,0.009741098868001799,0.008368113936533712,0.008357965244319098,0.003494233845763343,0.0038372153095423234,0.0028948366701618943,0.009017448588981913,0.011458044694676291,0.012909688308615679,0.008357965244319098,0.9902135626585722,0.9914928483422175,0.987815364521162,0.1452574464227051,0.991527668977565,0.9914436146538279,0.9913199976108248,0.9916626123733547,0.9916420347556809,0.995220144140855,0.9838503119328625,0.9924189742540566,0.9910533742710944,0.9910432225954231,0.9942737362112202,0.9916420347556809
0.026052300353870357,0.025883797863224818,0.0345929087404779,1.0688363066897502,0.02540712482180255,0.025867322683830116,0.025769849562833364,0.02566198307899473,0.02567260865819371,0.02431961128399741,0.03978299524917317,0.02320938265610046,0.02713114085008332,0.02643140836511261,0.024012943361788528,0.02567260865819371,0.9728310365765837,0.9746487925391292,0.9729034977551146,0.09643469606770982,0.9741315277294388,0.9740617544372787,0.9743684742008348,0.974332364828562,0.9743273913418062,0.9809906597376775,0.9732873775950756,0.9756772698609553,0.9731693349697217,0.9730243993157037,0.9684048994085571,0.9743273913418062
0.002271053091979482,0.0017832679134912666,-0.003753103482694388,0.9516151740678584,0.0009725927080931424,0.0011654653638834243,0.0012436391344648103,0.0009951854154975708,0.0009910675184529928,-0.002325717776493934,0.002199206522444691,0.005115435884222187,0.002444054273882248,0.0023496882416629943,0.0016746928865692852,0.0009910675184529928,0.9965543488177999,0.9984117213922583,0.9788901341637288,-0.0039051362835968995,0.9989668521069096,0.9988434540953728,0.9972059812265676,0.9989690779356946,0.999008932481547,0.9987396321551605,0.9872044368365234,0.9983776293345789,1.0007180472455397,0.9983051087627912,0.9971731387874565,0.999008932481547
0.030677328890293717,0.03244666605021398,0.03720115321378223,0.9871646242270132,0.030903721941446576,0.031101306276860557,0.03173560433412756,0.03099737510662697,0.030960485286899136,0.030174821358369467,0.039825955745062036,0.03140339889788981,0.03162888434502013,0.03136929804117507,0.03418937842964774,0.030960485286899136,0.9668401689587701,0.9702388924986868,0.9625521351851518,0.02459491657213775,0.9689517261291786,0.9686436417910425,0.9675003792180883,0.9691150042578504,0.9690395147131009,0.9710868688474256,0.9668733284312963,0.9675877148840146,0.967836978153948,0.9674785535608218,0.9691272548056642,0.9690395147131009
-0.04699957234665899,-0.04738951105715666,-0.043786648368102185,1.0157794535118847,-0.04809288266695677,-0.047950026471535484,-0.047183345570954105,-0.04826740115515668,-0.04823739405576326,-0.050996981941767425,-0.03924053623380652,-0.04609189029990344,-0.047346424193683345,-0.045820804991391864,-0.045810006953117634,-0.04823739405576326,1.048087598245585,1.0486634803540738,1.0454976091045285,0.053150892752122036,1.0484164050268197,1.0479021674153295,1.0477303911421987,1.048258601443986,1.0482373940557632,1.047642353563634,1.0447354174863133,1.0496356626309422,1.0471121539195394,1.0454112666598188,1.0453393852611879,1.0482373940557632
-0.0018380693810906741,-0.002348042224532256,0.01638683222262707,0.9717044488989545,-0.0035529141177165946,-0.0035527450796566918,-0.0016631747107032904,-0.003476820158954066,-0.003563194228760627,0.002197259794286667,0.02039496615759482,-0.0036075748379825823,-0.002318277410425994,-0.003317502497541956,-0.005908915786299069,-0.003563194228760627,1.0027440841695807,1.0043517936520276,1.0029393700979523,0.034427045120745126,1.0034982545205726,1.0029490357922433,1.0014440653068992,1.0035627351749186,1.0035631942287606,1.005929722691748,1.0058924548398582,1.0030341129710942,1.003311711497983,1.0007245798486386,0.9996729145441451,1.0035631942287606
-0.001266835024776296,-0.0022768783600731883,0.0006564725936186312,1.1580226938842615,-0.0026132930285941314,-0.0022881346848392654,-0.0026441913189458838,-0.0025789042269567758,-0.0025907618871766143,-0.004705622238889741,0.007276634155153609,-0.004333069648841832,0.0004235957948381594,-0.0005894317649165839,0.0024662412613637693,-0.0025907618871766143,1.0025257475587501,1.0018786810807727,1.000187795952534,0.19136907274667436,1.0025986490109489,1.0024954053772828,1.000040799973304,1.0026316244702225,1.0025907618871766,1.0043974788331074,0.995207343185121,1.0023912743521028,1.0022763399686943,1.0032675533188327,1.0047319635135035,1.0025907618871766
-0.004355775863934223,-0.0047917837509516,0.001581412953331538,0.6484412589476138,-0.00576160402732873,-0.005460391171138055,-0.0043606440208904685,-0.00571806972565969,-0.005735552270565268,-0.0007109121093426778,0.0065621340328151315,-0.0066291369395011885,-0.004089893773266846,-0.003029613869608794,-0.002411131737743807,-0.005735552270565268,1.0065071855448025,1.0058766689323282,1.0027116745574511,-0.3093026431867847,1.0057498751772795,1.005440368746099,1.005207634554919,1.0058012044086928,1.0057355522705653,1.0103485052747194,1.0021499725487868,1.008091614205902,1.0053227173824415,1.0035669528117215,1.003874469693874,1.0057355522705653
-0.02422446637001971,-0.024430249226286435,-0.014752414378745861,1.022983513825134,-0.02458256402775191,-0.024333215290104574,-0.02330414675405168,-0.024619440983658737,-0.02461308036474443,-0.03036948553880312,-0.01780817469151024,-0.028651098500597008,-0.02384398614420952,-0.021182537127304557,-0.021765615483745417,-0.02461308036474443,1.023748316802773,1.0243777598376516,1.0245455471543206,0.05110249444245052,1.0246410350727124,1.0243555485576041,1.0225804120541446,1.0246426586227133,1.0246130803647444,1.0244175409520926,1.021457353953616,1.0261770590327843,1.0223520773242307,1.0248025826116323,1.0221490412213106,1.0246130803647444
0.008701429287871983,0.006138985229169195,0.00901436276755755,1.037827558140456,0.007729951158061841,0.007980673594072863,0.00850279696612803,0.007786499110454211,0.007788466358686058,0.004836768383895395,0.012376949024463537,0.005344697621729578,0.007354892439313736,0.009277819859803865,0.0035670432326901386,0.007788466358686058,0.9923415696266012,0.9902031418896554,0.9848972003638858,0.06267185792365781,0.9920952619758576,0.9919602721374814,0.9909763720617321,0.9922467986752925,0.992211533641314,0.9924837518256855,0.9874661618986352,0.990721007868995,0.9906196198532924,0.9917870335271638,0.985187871462185,0.992211533641314
0.12443647504602097,0.12504859919918007,0.13322038054740817,0.869734291917497,0.12572268550838891,0.12570738957215422,0.12513874887633739,0.12547896520755478,0.12555913632213314,0.12768901143857142,0.12340082354921314,0.12155740969468927,0.1287816544456733,0.1234966251946391,0.12758868860337247,0.12555913632213314,0.872528032440381,0.8736741585310999,0.8659853660579848,-0.09721505278261344,0.8746837098654932,0.8741607151639521,0.872746688916068,0.8743947384281523,0.8744408636778669,0.8799595679637687,0.8614844655522212,0.8725415638514379,0.8747204589553307,0.8710321308862361,0.8742110431974008,0.8744408636778669
-0.020331180154722996,-0.018440222727755817,-0.012594857204680758,0.813426793965957,-0.019145406069246744,-0.018758679693114056,-0.017787822797939123,-0.019091422419529984,-0.01913285742625208,-0.020272970812373076,-0.00625229333121631,-0.020223102288963003,-0.01692706183534688,-0.017128078600268062,-0.01769284898282348,-0.01913285742625208,1.0167898980044325,1.0194447647480585,1.012719849447839,-0.1449518624715056,1.019228616546792,1.0189638408881003,1.0156963129189742,1.0192289271565809,1.0191328574262521,1.0205382205379854,1.0145503664911597,1.018516290216172,1.020406009268671,1.0189426302394577,1.0177907260345929,1.0191328574262521
-0.08354104260806544,-0.08653720971834496,-0.0834389364719871,0.9337387196389743,-0.08602876921982276,-0.08567296994857443,-0.08358566893067806,-0.08605548102567091,-0.08607332019988187,-0.09006415507432988,-0.08439286334086789,-0.08829291273268006,-0.08662385854046997,-0.0849969676508008,-0.08637538186914229,-0.08607332019988187,1.086152015948805,1.0861022500088973,1.0743249702529922,-0.039383154343921145,1.0861194680519812,1.0857552124939696,1.0860361990431935,1.0860841260500897,1.0860733201998818,1.090587135778248,1.077301291606852,1.0846416791650186,1.0846145062144232,1.0839677794872606,1.0852859524847704,1.0860733201998818
-0.056604567322505,-0.05970300503961546,-0.05029715101372323,1.0994323074996462,-0.05869281988902071,-0.05852898638654948,-0.05846655114755398,-0.05879864721332286,-0.05876895893626591,-0.06787439791439767,-0.060996549600171396,-0.05641409882314096,-0.058844410616155016,-0.056546463025259494,-0.05625214701626331,-0.05876895893626591,1.0591615835227854,1.0580475658676347,1.057295691261883,0.1295432873318857,1.0589300626339728,1.0585302626020408,1.0570885621174646,1.058767008143842,1.0587689589362659,1.0587646940825868,1.0432604713730804,1.0603622662992767,1.0568720003634444,1.0586598664006068,1.0573022754537802,1.0587689589362659
0.023154742940831873,0.02152258505324936,0.022582372768754928,0.8542419902068966,0.021701734884052564,0.021889189640791333,0.02152500805020347,0.021657842398411637,0.0216717234412649,0.02262887555387008,0.02694095487561165,0.020331872354066777,0.0229503595100806,0.023380865343012563,0.022245601089911367,0.0216717234412649,0.9800577232708839,0.977495879146515,0.9719177186661884,-0.11886976832439067,0.978307268519214,0.9777346531202074,0.977435000416303,0.9783363020080226,0.9783282765587351,0.9840162538789393,0.9713638198637571,0.979354035140108,0.9762671080610067,0.9765254779849212,0.9750039514244909,0.9783282765587351
-0.025546952382166283,-0.027452732637351193,-0.01849580135809108,1.0731462931798845,-0.02658136689636193,-0.02656325839289361,-0.02457133516838563,-0.02667063280991271,-0.02661446655700051,-0.02541880515220076,-0.01926883761334732,-0.023931978261457754,-0.025593088124804417,-0.02684538755527184,-0.02617611430588097,-0.02661446655700051,1.025516878204339,1.0257207104291173,1.017069964447937,0.12757122771162432,1.02655174396016,1.026351158882365,1.0251381469684062,1.026531585669656,1.0266144665570005,1.0284264517020951,1.0173235369217306,1.0257311819149677,1.0260186041412191,1.0238446052226415,1.0239157536487846,1.0266144665570005
0.010501397091511542,0.01107368949749811,0.004575311894924541,0.953836609060551,0.01065544796038934,0.010971769937843894,0.00958143568804845,0.010641882949414608,0.01057304481577483,0.007669908607181974,0.015617273537318014,0.010931521392433521,0.013194229263195236,0.014914610201972813,0.012273772522438076,0.01057304481577483,0.9886438454515074,0.9889271891987537,0.9782411425652406,-0.023190854971154806,0.9895945041980702,0.9892858908837466,0.9852020474555865,0.9894914988284338,0.9894269551842252,0.9898655007329245,0.9874897040564229,0.9904681584312321,0.9893128492137069,0.9917137387806604,0.9883691337075592,0.9894269551842252
-0.05489948072219252,-0.056798758200256094,-0.04313455407307132,0.9982779912980614,-0.057309824926861534,-0.05731199688478327,-0.05599521408242276,-0.05742842804137769,-0.05744666208190614,-0.05675628654218415,-0.04481148042552243,-0.05854445769586165,-0.05594063362850409,-0.056739550973225666,-0.05658668757786829,-0.05744666208190614,1.057767839090212,1.057514853791728,1.0607332138327439,0.03684733285335984,1.0574337017656767,1.057239006278563,1.05534654970209,1.057492136085503,1.057446662081906,1.0640284072717545,1.0504985194542247,1.0566521368121709,1.0574068332664937,1.0557138946508848,1.0569236497507737,1.057446662081906
-0.07164049309986256,-0.0715279939803226,-0.07164287234069934,1.204805594059188,-0.07196499319458038,-0.07180757192940157,-0.070902329931262,-0.07200934056839516,-0.071980188604834,-0.07618100414477098,-0.06513872806283544,-0.07442576364196726,-0.06971053301384485,-0.07167521210493442,-0.06938860767943653,-0.071980188604834,1.0709450862309746,1.0715574003420285,1.0631515342267615,0.23007577431892567,1.0720073816030202,1.071647192640566,1.0707292910037185,1.0719832672794902,1.071980188604834,1.0769265851565755,1.069342163264565,1.073934777092471,1.0709792440752655,1.0677718247445342,1.0699755422218402,1.071980188604834
-0.01635506830683619,-0.018380340538659286,-0.013731364311038326,0.8729767414135842,-0.017440407887975424,-0.017198598699980545,-0.01592260968764584,-0.017453339746386416,-0.017439122712264544,-0.01594180208386665,-0.01769501376080261,-0.015341115326070302,-0.017997880051826672,-0.01625635628716597,-0.017407436636509895,-0.017439122712264544,1.0160935617530371,1.0157786489902476,1.009070394104974,-0.09232120347067863,1.0173476514752544,1.0172160204491494,1.0164389147969837,1.0174005568800608,1.0174391227122646,1.0245251111124558,1.0061557956354987,1.0173160012403633,1.0161079106304547,1.0159480926408226,1.0144963459503145,1.0174391227122646
0.0609900972504539,0.06096008797558508,0.06330280315822528,0.9332830236861358,0.06057717002276447,0.0604499724817973,0.05957934673184362,0.060450459700283565,0.06046778398347151,0.05944948653688271,0.06405147339431892,0.05494160601116168,0.060319326520869083,0.061659741639758715,0.05962800867925829,0.06046778398347151,0.9378615359991627,0.9396421155187092,0.9265494567799792,-0.033062723985593845,0.9395023884841442,0.9390867856724385,0.9369180344744392,0.93948349814836,0.9395322160165285,0.9439609936589088,0.927083243098326,0.9418734110958338,0.9347567742575129,0.9389972974100029,0.9369729569848058,0.9395322160165285
-0.04164154144389355,-0.04101250411132683,-0.033042557718821905,0.9736488539043593,-0.04150609721883295,-0.04120901925382247,-0.04073420482193404,-0.04144584870567011,-0.04145651082068633,-0.03974985209787026,-0.032752784550459844,-0.047332957562795035,-0.04085041714916258,-0.04125671707409043,-0.036997002879003746,-0.04145651082068633,1.0407884271692696,1.0412330442065818,1.0412632469337313,0.0022160562295964192,1.041359402142328,1.0411536485503365,1.0401133668960159,1.0414816060464591,1.0414565108206864,1.0478255121483788,1.0369332832151592,1.0410549857171392,1.03856190702361,1.0378561551177319,1.0423678040247017,1.0414565108206864
-0.023965782281601445,-0.024471731780633225,-0.028996030822758718,1.0892319112684903,-0.024643932970449818,-0.024345616235199232,-0.021213940492806983,-0.024655459523081583,-0.02465313323671113,-0.02990321938909661,-0.017653570991789776,-0.0279848513191648,-0.02354959906115004,-0.02369268794288624,-0.02066368683165087,-0.02465313323671113,1.0239650704797796,1.0241302759220154,1.0155620834644816,0.12398067137772284,1.02475363334678,1.0244613619942877,1.0233606121238745,1.02466191236116,1.024653133236711,1.0218926898759848,1.0181123201740314,1.0212053675734116,1.0243571551802606,1.0211835446240438,1.0250063256169248,1.024653133236711
-0.025425287498680338,-0.026171660186103157,-0.02168078186993865,0.9683349301368097,-0.02597065858159246,-0.025852002343294246,-0.025086340925504526,-0.026182299402131702,-0.026166671477061816,-0.03737628696493337,-0.024391594215608277,-0.028412575896183928,-0.021310248295827557,-0.02406153673818515,-0.024013368522298642,-0.026166671477061816,1.023048481393102,1.0250005600374381,1.0055513202154522,0.025006848765101397,1.0262817207520694,1.0259416301320559,1.0228478375394514,1.0261380558970448,1.0261666714770619,1.0209460064885496,1.015113862295895,1.0229392332075256,1.027864242009025,1.0248751178467415,1.0241375513631106,1.0261666714770619
0.042226512351931075,0.042211700313922636,0.04244182148940089,0.8912602088253686,0.042623358749570794,0.042947038361755986,0.04132587082949636,0.042666926161968204,0.04275471245807419,0.03550965671676469,0.045602673779247746,0.04137087638340558,0.04244184374196131,0.04414229210255936,0.04116938390993656,0.04275471245807419,0.9563935811835973,0.9563378175406902,0.957959476685168,-0.09220494689974301,0.9570391228305315,0.9570116047193982,0.9533267519264021,0.9571943958012356,0.9572452875419258,0.9558070131104992,0.9516207260354359,0.9544138731366413,0.9546792648280618,0.956379103902925,0.9534773182177633,0.9572452875419258
-0.012149105775837096,-0.014314970521780438,-0.0023158968477516367,0.9166674831617416,-0.014876104908553602,-0.014987996183955705,-0.014550465984938097,-0.014794571701908664,-0.01486448982452731,-0.019116765420179444,-0.012222600610773763,-0.013779953310621585,-0.0148970572991636,-0.013828900116641517,-0.014743524430442875,-0.01486448982452731,1.0151989661011005,1.0146812553667426,1.017567336247863,-0.06149803701370371,1.0149072665311372,1.0144520714040466,1.0124034716383254,1.0148706705669475,1.0148644898245274,1.0195183988578316,1.0110711897357358,1.0135137670252368,1.0141693041338953,1.0138207462099345,1.0136632132989127,1.0148644898245274
0.04777327092834333,0.047863589511473834,0.054713966137586674,0.9519237364951578,0.04733116946182155,0.047779488842035686,0.04650831472625883,0.04735672633773248,0.04737436002612873,0.04024716520589049,0.04887510405069524,0.04775335451965569,0.0485530197879054,0.04651065878596993,0.05147700808085343,0.04737436002612873,0.9505924917739265,0.9527604439456663,0.9508660882420655,-0.024633241859188804,0.9526071183123749,0.9524310925212347,0.9502377571904498,0.952612694947778,0.9526256399738713,0.9553723830494465,0.9414187307989258,0.9564219432761828,0.9516349055911543,0.9493368069501847,0.9532469041075009,0.9526256399738713
0.04336860278478407,0.04302730166067035,0.04989102549309289,0.8391221868516235,0.04245078345032807,0.04266933201654239,0.04332226759861688,0.042472380328618414,0.0425304654001846,0.039506848126001554,0.04581475328715499,0.041582122915653316,0.0441797903293874,0.04469786208548811,0.04343275226809399,0.0425304654001846,0.9575981973272167,0.9576206690870632,0.961362253876198,-0.13919706134047405,0.9574209790286646,0.9570228810286575,0.9567605851102295,0.9574266683548435,0.9574695345998154,0.9594663542333297,0.9499948207654019,0.9593785842213611,0.9566305609279206,0.9549611251796897,0.9549847631549736,0.9574695345998154
0.029740495022796465,0.030038414442621036,0.035246096636425965,0.980936351309715,0.02986843068202717,0.030055780648930098,0.029361948402005136,0.02978735868585631,0.02981387963339254,0.024360664358708928,0.04238471777915598,0.02816476425963825,0.031093966686511636,0.03128926453008265,0.031475012163917876,0.02981387963339254,0.9697665901162997,0.9696104470715783,0.9603649028782002,0.020336817597083723,0.9703465770915574,0.9701435702597382,0.9667252769844332,0.9701639180013226,0.9701861203666075,0.9681991319328468,0.9677387291550452,0.972175901004151,0.96834215483858,0.9696433855164224,0.9673170817774147,0.9701861203666075
-0.029850724346417234,-0.031889574676928975,-0.0283834765428671,1.0796973364469993,-0.032527560120265066,-0.032055032607919025,-0.03265409207308087,-0.03244392463842619,-0.032448531654779705,-0.03631804782002619,-0.023366493625521765,-0.02998788385533107,-0.03128920974346188,-0.031281262520829675,-0.026857319529121137,-0.032448531654779705,1.0324178450792656,1.0316778165738276,1.0257294072659764,0.11927598345766044,1.0324722951336034,1.0325246592120627,1.0297562775971083,1.032523603623457,1.0324485316547798,1.0316896075031978,1.0243420281179694,1.038221789006664,1.0304816229933078,1.0316141195745683,1.0342372228612446,1.0324485316547798
0.01970541829650303,0.02102145658416204,0.018063411190482985,0.9491524672039255,0.020648946041683144,0.021015783459912146,0.021446134663887804,0.020665240738236133,0.02074038968035245,0.02169570288090283,0.027424411161883506,0.016028072063538932,0.023574351207036517,0.023619042640354748,0.0243525598623583,0.02074038968035245,0.9777876765212736,0.9798900866348766,0.9635944107754202,-0.02439943138486167,0.979186705527415,0.9790996114270115,0.9774278893953249,0.9792604182082382,0.9792596103196476,0.9850960599087176,0.9771803669643676,0.9798841606614052,0.9794643729825704,0.9775925096877912,0.9801140252692505,0.9792596103196476
0.010138572550714691,0.007041032398916291,0.019501040543212278,0.8915364450986215,0.007879778196770973,0.007860467151069896,0.009418276350796326,0.007760726190213462,0.007713227506415137,0.0066651890485284054,0.023091549185698876,0.00447057127888033,0.010378121193650544,0.008884339294548986,0.004512485935455056,0.007713227506415137,0.9937771544516838,0.991222040513103,0.991577582658051,-0.07833635624513535,0.9923958153021227,0.9918568694695278,0.9928942039557608,0.9923398509374514,0.9922867724935849,0.9954856978077369,0.9944886172796317,0.9922637399331453,0.9921778159654643,0.9911774301284202,0.988211737074655,0.9922867724935849
0.026340990902441234,0.02582204589363465,0.033888504326358204,1.0522711382431575,0.025998897361961655,0.02627104333555534,0.028337008755323526,0.026089561043614196,0.026101087308161845,0.022032576177671123,0.028254481773220142,0.0240706570977043,0.02580155614836605,0.02695954699759026,0.02476386583618184,0.026101087308161845,0.9731015018663344,0.973131596463109,0.9746397664878342,0.0802841072135676,0.9738239995645599,0.9736408109854708,0.9733021228505593,0.9739090272469033,0.9738989126918381,0.975022017863412,0.9618292765141383,0.9769954665229303,0.9712862770131153,0.9722657533686706,0.9676232199557107,0.9738989126918381
-0.007419631582678287,-0.006241160994846983,-0.02031051127715673,1.1814310114144742,-0.007543542070252066,-0.007236184684027644,-0.006271322797224663,-0.007495392142379791,-0.007451350273317112,-0.00817086283301273,-0.004267738025689134,-0.008509349942547394,-0.005031078239268032,-0.005885537426970363,-0.0049890039480674055,-0.007451350273317112,1.0067973946810125,1.0089977652623265,0.9915462335322396,0.2068307961140976,1.0072782416908796,1.0072558576486281,1.0065204064465023,1.0074604419460864,1.0074513502733171,1.0088369555393295,0.9965451368164161,1.0087779588074621,1.0074179632974107,1.006964220100366,1.0069426828504182,1.0074513502733171
-0.007433443663161513,-0.006174924196021652,0.0013806032084297656,0.9025983167049206,-0.006390696418709096,-0.0059415275867691275,-0.005776997476365462,-0.0064415991594635544,-0.00647435961905965,-0.01311196642661747,-0.0009793095052435035,-0.009440233660514899,-0.005908188623560457,-0.0023858676582117697,-0.00311075711614692,-0.00647435961905965,1.0047100566810787,1.0067486354873771,1.0066785869789852,-0.06404385391449918,1.0064694082858874,1.0064085361498567,1.0050133480522805,1.0065046404872844,1.0064743596190597,1.0019308022543671,1.0022604380129145,1.0012375814908334,1.0053006640044808,1.0075666622772586,1.0053129314875633,1.0064743596190597
-0.000526344175440722,-0.0007450626460375466,0.0022652233532104364,0.7552120351249874,-0.0008296417234721396,-0.0008604557326751012,-0.0011649042869707625,-0.0009208965475533263,-0.000898532777579818,0.0016393850745307736,0.005738010581504904,0.0007872426081901187,0.00026736611638843654,-0.002026497505236387,-0.004163261185086137,-0.000898532777579818,0.9991289164611961,1.0004912474992758,0.9952650489681123,-0.21359318362856672,1.0011332669088813,1.0005207390440412,0.9983758742449615,1.0008594922936662,1.00089853277758,1.0091852133426222,0.9904933818510542,1.0060062335265183,1.0002920002499835,0.9962584133775456,0.9965210607615216,1.00089853277758
-0.020313103183802753,-0.020674797338386095,-0.020936016525212903,0.9453520101881987,-0.02093612895473661,-0.02075440842168959,-0.020952923888634258,-0.021128228115021623,-0.0210827635743324,-0.02027946194836304,-0.014042848317099673,-0.027755135440046423,-0.01855022768524783,-0.019646583090723223,-0.022428646893062766,-0.0210827635743324,1.02097709908511,1.0208887348583635,1.0115583165420676,-0.018870068550955965,1.0210702057936794,1.0209052640760132,1.0186436922708944,1.0210857719620219,1.0210827635743325,1.0227837177396697,1.011983127894253,1.0164181582896121,1.0205978079900822,1.0199661717534676,1.0189209766321639,1.0210827635743325
-0.05598056480400384,-0.05680108505819535,-0.05194799987182077,0.8836310258977984,-0.05642514977179093,-0.05671473784194126,-0.05685228125830803,-0.05642638623716518,-0.05639670817301465,-0.06266531749536262,-0.05423243866541196,-0.05457812453108743,-0.056093985307870305,-0.0566451361713357,-0.05675500965161579,-0.05639670817301465,1.0550131454657303,1.055862619648502,1.04387775960445,-0.07816140967158769,1.0563272093942795,1.0555946052943213,1.0539593924081863,1.0563727922679238,1.0563967081730146,1.0567511814570134,1.0440070712210106,1.0596864696974935,1.0542322471186085,1.0533634932582188,1.0535740558380737,1.0563967081730146
0.01166137213892493,0.012000368726832165,0.017482884563956646,0.9167347526131059,0.012171549444292237,0.012295456621127304,0.0118105758607863,0.012140054541427721,0.012168659593379698,0.0017066985980239778,0.014048789620386441,0.01058301280832459,0.012374056573563576,0.013704243665877669,0.013572719684937293,0.012168659593379698,0.986347456161314,0.9878726920407738,0.9840758245549299,-0.06448419273679895,0.987839735987304,0.9873453480238003,0.9853300761335086,0.9878217595503699,0.9878313404066204,0.9865538659548635,0.9783914567538852,0.993386050135987,0.985459892773528,0.9859992605015424,0.9858300751926835,0.9878313404066204
-0.028916791232435138,-0.029176140930883117,-0.02339528311319339,0.9953360979356102,-0.029463973586398812,-0.029286362651283086,-0.028874858545581337,-0.02949674348579403,-0.029462575230483866,-0.029666454893714042,-0.01602887548910375,-0.030806980279935187,-0.026064625959601424,-0.029478390813104157,-0.02769349912854764,-0.029462575230483866,1.028595760104648,1.0301165557989374,1.0245857881863278,0.024959683339318195,1.029428442080588,1.0292662144198326,1.0289562583389014,1.0294300574177293,1.0294625752304838,1.0359672737659866,1.0309581134108863,1.02977976129505,1.0297723159236234,1.0263560635154132,1.0274097806268248,1.0294625752304838
-0.030373984769336955,-0.029963486276503797,-0.02684986480819802,0.9637952307496385,-0.029773315397280717,-0.029519342808572123,-0.027894705286025934,-0.029874978992401588,-0.029786194226495765,-0.034790297553134716,-0.02533932302710152,-0.03269890578496014,-0.02831581748560089,-0.03146367545849824,-0.027872173023940735,-0.029786194226495765,1.0276290528897603,1.029007246086173,1.0307385655828247,-0.012729088384628717,1.0297982290947205,1.0295890588604144,1.0292555714774212,1.029693801064622,1.0297861942264959,1.0290081213299827,1.0195277222851722,1.0289965519932,1.0289165802098403,1.0275554588259068,1.029676474157914,1.0297861942264959
0.03924689865128651,0.03913681563955943,0.053672760489732185,1.0101007662731607,0.03877484173390554,0.03930499745147597,0.040780686562315656,0.03869867011464454,0.03872360849802526,0.03680372356581202,0.04961332779681302,0.03576809292885546,0.038839250319988076,0.03968818147354721,0.04499329248697155,0.03872360849802526,0.9597436761546696,0.9601713752591614,0.9600267354111289,0.0504680649742173,0.961151140259922,0.9611690577103615,0.9607111627653947,0.9612337065146229,0.9612763915019747,0.962259809603368,0.9615866074530118,0.9618871124110122,0.9596498211896961,0.9573154631649041,0.9631366946151345,0.9612763915019747
0.00581134874838622,0.006184412129764531,0.009088287775023945,0.8789191056423974,0.00618709033274598,0.006274194924244363,0.006751269056122143,0.006028175490522906,0.00604403073286693,0.004674757838426948,0.01068157944674852,0.0021425862471433866,0.0076930993982224204,0.007663198937104489,0.007598001524931663,0.00604403073286693,0.992341076198481,0.9931320951964999,0.9900621960979513,-0.08949953904183827,0.9939315178618547,0.9936162373963329,0.9933646969918432,0.9939654998026601,0.993955969267133,0.9959279978291483,0.9836040237533799,0.9945918756349429,0.9941170271212714,0.9915805635816028,0.990228377182753,0.993955969267133
0.018266901907827555,0.018491469033185427,0.018594207421810054,1.0693923981871827,0.018094019734490915,0.018400234140752533,0.020099215327084915,0.0179962518908868,0.018028472424924374,0.020620754832083033,0.020844936111367236,0.01395201078824998,0.02007185944788213,0.02195538967815676,0.018552539347427212,0.018028472424924374,0.9807065314883703,0.9813483854503969,0.9648650783433231,0.1102258388984464,0.9818968127723506,0.9819330959788531,0.9820237745877732,0.9819574141673887,0.9819715275750757,0.9878006569830788,0.97229919189711,0.981184764526292,0.9814018005318171,0.9814483267195149,0.97884001363181,0.9819715275750757
-0.00813819563272504,-0.008837180354751305,-0.007275006116971891,0.9746531334883586,-0.008601793359653154,-0.00844092663613381,-0.007968524425338715,-0.008821756357064593,-0.00878820390565921,-0.012207248149559185,-0.005427185094033112,-0.012444943619715421,-0.0067992776343680054,-0.006892835443112911,-0.008138664890633657,-0.00878820390565921,1.007560079510255,1.0075755057193194,0.9987581868292098,0.0057084292200820785,1.0089072321991972,1.0086786379092207,1.0061244046774518,1.008798143679734,1.0087882039056593,1.0133109213842912,0.9972422733802951,1.0073783889027195,1.0102340501273355,1.0086600678823106,1.0068139017978726,1.0087882039056593
0.025493790793557944,0.026629787577430526,0.012958306347693857,0.9247901916371981,0.026394582559515597,0.026683513186989947,0.025732849300341358,0.026475122350168002,0.02653290488022423,0.02754540833721835,0.039573993095440324,0.022632589161211383,0.02645798836026359,0.02669367598832777,0.02727141386456183,0.02653290488022423,0.9704018492217563,0.9724998212077907,0.9610618318003739,-0.04974190599075645,0.9733519256345748,0.9732409584148756,0.9724667284668718,0.9733994714027898,0.9734670951197758,0.9772327974673748,0.970620501293749,0.9703629145184178,0.9711047847214869,0.9701088430627163,0.9716169472293926,0.9734670951197758
0.05430844170512797,0.052785336261083504,0.05794499725626934,0.86109183962269,0.05348513347075825,0.053729478797678566,0.05361887790741473,0.05337744663002034,0.05336336798074917,0.052777416630632894,0.05717325911614386,0.0476425122303002,0.052141904307385946,0.05533602231407264,0.05400604435288045,0.05336336798074917,0.9463043962469164,0.9459445586971337,0.9459453494789248,-0.12221521462801954,0.9467953382773525,0.94638954984099,0.9453987638960124,0.9466810760951623,0.9466366320192509,0.952467386964962,0.9389372812015957,0.9486991279512917,0.9436925411819336,0.9451979105485798,0.9440450512946126,0.9466366320192509
-0.03428917626495872,-0.0346622140858097,-0.023094847722895155,1.0660062269159831,-0.0347157070399556,-0.03452013248051777,-0.03259118479559696,-0.03474653871950401,-0.03479444831258809,-0.03822609489804047,-0.02185204101807713,-0.0334857521166248,-0.035477562797590734,-0.033896846285305836,-0.03463364362648101,-0.03479444831258809,1.0337888845327556,1.0340627427108966,1.0350197422361056,0.09899300711977976,1.0348225745328774,1.034801786474602,1.0330769567976352,1.0348830635475803,1.0347944483125882,1.0403115500667728,1.0334112565948275,1.036500162089917,1.0320644624505186,1.0336155605795092,1.0321670692321,1.0347944483125882
0.03477942128068925,0.03637897199237661,0.04018780120935075,1.0424163844935908,0.03496869073693584,0.03514448952826232,0.03509298044839041,0.03492465824188172,0.03492167571081107,0.03121181413375199,0.040111037171550616,0.03590762483118103,0.03608568075542881,0.036245027711228034,0.0403258424309093,0.03492167571081107,0.9640938506032563,0.9654259120679652,0.9611207713568162,0.07260465844081843,0.9651431414766958,0.9648893918658207,0.9638522219039989,0.9651029407415267,0.9650783242891889,0.962811392571898,0.9602619144248398,0.9662971515133518,0.9652683792202502,0.9660475760069515,0.9651084524429634,0.9650783242891889
0.03848352198110565,0.038201670668351055,0.04113825259774003,0.9140948532828104,0.039174731363556516,0.03943462519969868,0.039024830007376166,0.0390694821589723,0.03909467676207789,0.04528037272789264,0.03486786300574606,0.036112180598826205,0.040310068970567915,0.04038202722108996,0.04122447586890127,0.03909467676207789,0.9594644818861373,0.9601631083528283,0.9516120083454428,-0.05019248303425505,0.9609025441644822,0.9608189621492421,0.9576125905585676,0.9608816638738381,0.9609053232379221,0.9685206391054676,0.9449133254713815,0.9589869793483617,0.9589180241921225,0.9613190299065767,0.9592305009071233,0.9609053232379221
-0.0061883073340895526,-0.00713133059533508,0.004368133148292816,0.8835386365418904,-0.006416337566028062,-0.0063376587770781105,-0.007125746261409039,-0.006463775026273012,-0.006496149299287758,-0.009553608998779068,0.0011960777903129863,-0.006158486980232361,-0.005154326657807877,-0.004994932873499264,-0.011191076746927731,-0.006496149299287758,1.0048001902026098,1.0061679301918935,1.0063605797265929,-0.0915643133161197,1.0065754001993066,1.006276256056453,1.0041225306217985,1.0065234983620164,1.0064961492992877,1.0085182473313237,1.0045470664609792,1.0029918150161818,1.0067441301806814,1.0069001859055946,1.0033895121671779,1.0064961492992877
-0.045429447718841304,-0.04510244490227187,-0.03960837943094492,1.0101354371938378,-0.045714068991192014,-0.04568936469240771,-0.044874968084088696,-0.04566902928555201,-0.045612810117247465,-0.046804636507801055,-0.03845944002969688,-0.04650642133187897,-0.04517387197169531,-0.04638464191909487,-0.046483769091075454,-0.045612810117247465,1.044951532880571,1.0452112587054276,1.042608894797443,0.03451935149723806,1.0455977791805033,1.0452135521285855,1.0449189162245769,1.0456158339774553,1.0456128101172475,1.0529334748324575,1.0418007702150927,1.0448794206945018,1.0434624334458507,1.0431263812093754,1.041944090072187,1.0456128101172475
0.023694762246763416,0.02293818646757278,0.018567128560161933,1.1183206597410027,0.023410747837516902,0.023624899786403114,0.0249538158218666,0.02328238542050219,0.02330871203353593,0.02446543595938101,0.024934326191727214,0.017339264916024312,0.02464344505262606,0.027317694866638827,0.023883399920743432,0.02330871203353593,0.9761616747467071,0.9757648939133609,0.9617053839281021,0.14159617774681188,0.9767765310832384,0.9766432788029764,0.9746877480366438,0.9766966589813607,0.9766912879664641,0.9805322491882893,0.9718946075998498,0.9762266949070177,0.9763371312083204,0.9770887781039231,0.9746411957185559,0.9766912879664641
0.008352753716476306,0.00950220462279994,0.011683170642655824,0.936254911685476,0.008360220297573105,0.008519889035715324,0.00867423796939586,0.00832389049596782,0.008385668053539455,0.007032381396026819,0.01974641348366352,0.0035945492779795286,0.007460909566620688,0.009973207510534099,0.008661537732731678,0.008385668053539455,0.9907826114457511,0.9911383355436197,0.9783297519241934,-0.026213429559669654,0.9915408681771154,0.9912201675901156,0.9900226803584389,0.9916094085794376,0.9916143319464605,0.9958850911665844,0.9888257749774334,0.9913400277760792,0.9898847602334635,0.9897708790089865,0.9853988118904745,0.9916143319464605
0.002887492243953129,0.0032313440876361767,0.011860320886108196,0.9003280498072417,0.0023570020896001177,0.0029698375398706316,0.002879121245745124,0.002330524717588405,0.002384255022409744,-0.0012051277808076165,0.010379287885425081,0.0010919750245784905,0.004124523652721284,0.0021328161582537955,0.00802631558173905,0.002384255022409744,0.9969637333628005,0.998226116412456,1.003485735977243,-0.07585871371710784,0.9975787708979162,0.9975688766535915,0.9982365682065643,0.9975905201912103,0.9976157449775902,1.000096103658116,0.9905671506700744,0.9988456023657472,0.9966446406653571,0.9945498127120894,0.9998957880653401,0.9976157449775902
0.07164201871720423,0.070835852711894,0.07208655327946827,0.8551279610598009,0.07153807883106157,0.07163791473004338,0.07322934063272371,0.07139198279517077,0.07146614721414853,0.07364270573463744,0.07911020120622236,0.070099727677678,0.07091056353074539,0.07364893273409921,0.0714256459400901,0.07146614721414853,0.9274762300165195,0.9265878048834832,0.9206524276199428,-0.11265743288548813,0.9285158147225632,0.9284073790623076,0.9291493607287712,0.9284899992867217,0.9285338527858514,0.9343936750625674,0.9207334905725,0.9272813834095905,0.9267269794260004,0.928124859710296,0.92672057284486,0.9285338527858514
0.002279057181293965,0.002636733512111999,0.005719413532360158,0.7569302393742436,0.002648678571995321,0.0028064008940469924,0.0025653137146164962,0.002622154376381845,0.002578774858000241,-0.003768315512472333,0.009231084515833857,-0.001191689282843069,0.003295978864219631,0.0034378955565622354,0.002324228358896012,0.002578774858000241,0.9974931732464171,0.996187168292661,0.9974420447795154,-0.2214962637101594,0.9975612753746791,0.9971564107733869,0.9954700033482213,0.9974826535330504,0.9974212251419997,0.9985632074657298,0.9895317946246771,0.9977365323392159,0.9957701084602107,0.9948545951600556,0.9928835188380015,0.9974212251419997
0.04892208439807549,0.04898638808839708,0.0520108149834965,0.907711236654627,0.04824513857766032,0.04848411868803257,0.049704213968868954,0.0481989199968338,0.04819488930812042,0.04695756569094306,0.058035173389710655,0.04693314181392405,0.05117818863542647,0.05029026534305498,0.0493306617494274,0.04819488930812042,0.9504024662498591,0.9522264162822641,0.9461106622030279,-0.0637148319472054,0.9517103066207018,0.9516732464491235,0.9508067934102515,0.9518381154142765,0.9518051106918796,0.9529901304466444,0.9517115913857812,0.9543742527755831,0.9531606939316466,0.950760483752404,0.9508619575109734,0.9518051106918796
0.06512257528390218,0.06368619139984398,0.0753763689913319,1.0032331605733182,0.06381489865188286,0.06404603440558124,0.06452492870294148,0.06364267851636363,0.06366621550901146,0.06174076523118566,0.0675203532650452,0.060360457891645854,0.06426562548150414,0.06357505795784116,0.061468033619571996,0.06366621550901146,0.9371272924482991,0.9357809247066966,0.9334270892547494,0.03845252287580625,0.9363922478033403,0.9362096883317138,0.9349604895188239,0.9363503900431871,0.9363337844909886,0.9402386454181432,0.9237306107777522,0.9361092500025503,0.9354022312905982,0.9338803885174696,0.9315130151337095,0.9363337844909886
0.012985260151312196,0.013385030985695446,0.015033283885360566,0.9993372740721375,0.012434887267391443,0.012481767220827913,0.012652335832908519,0.012450490639437017,0.012490825595351125,0.012395691355212284,0.014938347002382512,0.011476980742520886,0.011519757901935478,0.011507479023227135,0.015795870692920957,0.012490825595351125,0.9861768471324063,0.9877031977085948,0.9763822326816239,0.04151501227399079,0.9874127136848133,0.9872343277381992,0.9850417834815781,0.9874999791998402,0.9875091744046489,0.991671966735546,0.9773033093713577,0.9836999585108841,0.9837008502424625,0.9840512990727371,0.9867625188122516,0.9875091744046489
-0.024240757097802892,-0.023812803567438062,-0.022250625651956093,0.9660773167506065,-0.023784798844703317,-0.0235341004882378,-0.02153160965052538,-0.023794158576847857,-0.023761643801038648,-0.03022959062606611,-0.018807788305445865,-0.02338854405505119,-0.021235686380860565,-0.024798489261024608,-0.019171790245367002,-0.023761643801038648,1.0224072136003275,1.0234052400474012,1.0219002140392521,-0.008145111257720217,1.0237739848726128,1.0234087189948036,1.0233832972722923,1.023737958706554,1.0237616438010386,1.0238261633595016,1.016906838470137,1.022639276246221,1.0232434865037634,1.0200253628953015,1.0253332955363057,1.0237616438010386
-0.0009113763553995212,0.0005264781723249436,-0.004267294350673436,1.1526670449553154,0.00021412033298312877,0.0007695259734424756,0.0013979551167007931,8.217437795430668e-05,0.00014988685307573528,0.0006736637778005839,0.006549079025357223,-0.007994803562959394,0.0055920209517565855,0.004649380705664357,0.0030645934535566575,0.00014988685307573528,0.9973915381014683,0.9992895997015554,0.9877298946081646,0.19078541706359253,0.9998079048240436,0.9995838882959954,0.9985271675571916,0.9997967834124144,0.9998501131469243,1.002520291506158,0.992171835367543,1.001260655437911,1.0009029080462597,0.998204188518451,0.9936306159303887,0.9998501131469243
-0.0005935902092957596,-0.001610959418835302,0.0047170056075734705,1.0320639643105984,-0.0025045981451600626,-0.00270400232555784,-0.0019613989027635953,-0.0025293343751513955,-0.0025497762277526636,-0.00990679306004314,0.0023787240908606827,0.0033427440036874452,-0.0025882980828330652,-0.00024518043867907387,-0.0014177327812769057,-0.0025497762277526636,1.0024780990820632,1.0030247349764754,1.000813604329661,0.07155709687598455,1.0026917004431894,1.0019177902147474,1.0007528844832776,1.0025420823359472,1.0025497762277527,0.9963780799245049,0.9920766405891106,1.0061792046483449,1.0011263659691045,1.000688194799117,1.002568081607957,1.0025497762277527
0.002186862578487972,0.004577484761750004,0.0012708685714259535,1.007598799269928,0.003911691102978126,0.003901122864507733,0.004765398533595126,0.003758207270328177,0.0038381642284053014,-0.001518974740029261,0.011260105106174232,0.0010174838327321294,0.005606991395451143,0.002653635140694031,0.006955442543598377,0.0038381642284053014,0.9935126729276778,0.9952405365673418,0.9871809152280758,0.04687146280044652,0.9962929145388183,0.9957566412150236,0.993978424011619,0.9960744315190398,0.9961618357715947,0.9954632995546525,0.9855479455634497,0.9937952504750169,0.9952919445868967,0.99212997590058,0.9937106327039497,0.9961618357715947
-0.002042996068927799,-0.004800709101540682,0.00853004988536769,1.2257354462575192,-0.004799282218039998,-0.004743880850926088,-0.0047185249993257185,-0.004998845339924811,-0.004944396016772691,-0.00794612092683376,0.0024660751269151137,0.00019686996412670148,-0.0032044486902956474,-0.00354742223445055,0.0014126288561071322,-0.004944396016772691,1.005016319943076,1.0044460610279002,0.995416566440642,0.2772197575018983,1.004902852915247,1.0046328808187377,1.0034569952027175,1.0049131477086306,1.0049443960167728,1.0094598874873815,1.001692519902334,1.007691339923765,1.0031861807239548,1.0020874679554768,1.005570122190972,1.0049443960167728
-0.054253510138141135,-0.05378150668105416,-0.044969174612958546,1.0268824593583166,-0.0542894564970496,-0.0538545419552197,-0.053417517027082605,-0.05435894098946791,-0.05441031588992172,-0.05433318064167696,-0.05102483174988254,-0.055162425258108085,-0.054722311829768014,-0.05008962821791757,-0.05366536319503115,-0.05441031588992172,1.0533794284138032,1.0541804577533167,1.052257601237359,0.057121420973045844,1.0545133127911583,1.054245158676615,1.0533489512422225,1.0545249707710482,1.0544103158899216,1.0568508070166456,1.0469074717271163,1.0571494750388737,1.0521827961175756,1.0555389785556506,1.0539303016465646,1.0544103158899216
-0.03579848957077955,-0.03368432430360193,-0.028363991982219068,1.1518510920545217,-0.035326835645559836,-0.03498447426297846,-0.03624607076762842,-0.035347506160639794,-0.03528892916863016,-0.04264627512018652,-0.025637232686872003,-0.037405813807604375,-0.03463239804138202,-0.033762673241556754,-0.031695109263738294,-0.03528892916863016,1.0341546554520622,1.0360150541892328,1.0393518604173024,0.17299798296037738,1.0353179557461805,1.0350480413837273,1.0321034921871264,1.0352953570206758,1.0352889291686302,1.0342399956456758,1.0341918351236281,1.0338666633659228,1.032764999106137,1.032816906529856,1.0373627426419003,1.0352889291686302
-0.03791868920216381,-0.03764354010328755,-0.024086142347702764,0.889787327591507,-0.038638456405751635,-0.03856690870426046,-0.038300779027009714,-0.038714855813972646,-0.03873836263961688,-0.0429969236950132,-0.04245779339771286,-0.042702251120587384,-0.03785800738638413,-0.03891040974389332,-0.034593472360550485,-0.03873836263961688,1.0376584963470075,1.038325874517982,1.0331420483613427,-0.06499777927692141,1.0386196279146984,1.0381515397000265,1.0376878796599498,1.0387035711780563,1.038738362639617,1.038827039188224,1.0265236197506926,1.0349726767861451,1.037075785389108,1.0353727062325317,1.0362158760840872,1.038738362639617
-0.01842181615191692,-0.018417369059043488,-0.0175040035133155,0.8334572497123911,-0.01848673862236136,-0.018442832161217424,-0.016825474421190856,-0.018445082582928603,-0.018446134562423406,-0.01907173509469135,-0.011033914500585247,-0.013226533818434602,-0.016451979310349432,-0.01811055464066809,-0.020040657763194844,-0.018446134562423406,1.0163584674464268,1.0179357759686036,1.0142564862247374,-0.14073095873084718,1.0182794403051725,1.018207610094182,1.0173361167806159,1.0185370537720757,1.0184461345624234,1.0248103493628626,1.017628826909641,1.021021369005527,1.0164849996796559,1.0171581991294238,1.0142321586616547,1.0184461345624234
0.0023506967803697933,0.0021390973849153452,0.0021702262534958002,0.8678522369637782,0.0022161410840958033,0.0023289993956946762,0.0018755573657010804,0.0022421828225330006,0.0022579446156600733,-0.00288171714619715,0.0037251811479733637,0.0045711711532416465,0.004036511732994503,0.004471952190835487,0.0011970258611517914,0.0022579446156600733,0.9967419186804113,0.9976264981741904,0.9945139301950662,-0.10621363096822956,0.9976501370575452,0.9973464731481405,0.9932116930448498,0.997774019530595,0.9977420553843399,0.9929223671838089,0.9890202433314305,1.0020723246760774,0.9963376798480394,0.9969493110644401,0.995817512561862,0.9977420553843399
0.0007949133062903245,0.00019652717722434655,-0.013559749463265743,0.9945077664139506,0.0006368423749766656,0.0008856376225053467,0.0007281524738527582,0.0005938999992161746,0.0006058745761532617,0.002140445738602626,0.006246200332362658,7.515444101334693e-05,0.0022019247835291028,2.976967730682728e-05,0.0027047611363648287,0.0006058745761532617,0.9974494712443697,0.9977531712192258,0.9826872042666874,0.022700906854845937,0.9994330200711848,0.9993008730039439,0.9977188332701636,0.9994427616160477,0.9993941254238468,1.0025583827163234,0.9936042867663542,1.000373987305045,0.9984247802428917,0.9960519129775197,0.9971956487697776,0.9993941254238468
-0.0049338084851744835,-0.005279263259138435,-0.007043870723903404,0.9233689133155218,-0.005580441572227671,-0.005161361376356672,-0.003959305697262233,-0.0053543062876728565,-0.005376965119055876,-0.013234493145305318,-0.0031211719372390857,-0.007583832048627761,-0.005910194826747046,-0.004667957384567428,-0.0025846814821849167,-0.005376965119055876,1.004982301071864,1.0046137463018094,0.9915988650533549,-0.03354652123382329,1.0052233649076239,1.005118955101873,1.0041493048009031,1.0053741319460898,1.0053769651190558,1.0045892027547494,0.9866903866247476,1.0015583995911184,1.0050596740620592,1.0023620173198526,1.0032465873262022,1.0053769651190558
-0.0007494543192776437,-0.0009537222000741136,0.008507908955015697,1.0448862568004953,-0.001046777426158612,-0.0006892982228030805,0.0005841487889549823,-0.0009483413070099405,-0.0009528647229804657,-0.0008393070471205911,0.006952559161540363,-5.3046053457725896e-05,0.0020859757174172544,0.0026364305839039377,0.001288124383086733,-0.0009528647229804657,1.0003967354261165,1.0004597798658958,0.9961331186789881,0.09252146950625084,1.0008390776850897,1.000733284471501,1.0015031394848541,1.0009752758266928,1.0009528647229804,1.0008553307501924,0.9907696303989169,1.0026475877890657,0.9998738769797982,0.9992198996475133,1.002728132633453,1.0009528647229804
-0.045055812010398696,-0.04750109627849019,-0.038210989578220576,1.1047684156329753,-0.046540017422324005,-0.04645552622410891,-0.045660401891743016,-0.04670038632332179,-0.046675624190280554,-0.04760135555392823,-0.04549010719022879,-0.046196594850142395,-0.04400452383553685,-0.044937043411703195,-0.04419030364669291,-0.046675624190280554,1.046325818153698,1.0460632476823732,1.04497764594142,0.13063359803461128,1.0466884052349328,1.0463529305120107,1.0465200602112208,1.0466560478490683,1.0466756241902806,1.0534277994089254,1.0403784183139695,1.047993756871421,1.045347488932137,1.0447060628715124,1.0462724891082291,1.0466756241902806
-0.01818366019773398,-0.018957226493233975,-0.010464049748544715,0.971625773937239,-0.018687582150460406,-0.018177013727793054,-0.017528541225602805,-0.018600370831047087,-0.01867122298766776,-0.015015055401966489,-0.01825162334370915,-0.01634674085409629,-0.01810361668599844,-0.017347935597465423,-0.017341842073447224,-0.01867122298766776,1.0187672218856076,1.0184115958535385,1.0219610580299001,-0.0015807327099373047,1.01868879009696,1.018642369280402,1.0191889863182544,1.0187322909869263,1.0186712229876678,1.0224527500460798,1.0026547324135673,1.0269398134940564,1.0150403325566724,1.0172537062347566,1.0187097931690023,1.0186712229876678
-0.019546012918108844,-0.02109408702357675,-0.013610698972940424,0.9424604945286823,-0.022140981528430467,-0.021964231517174634,-0.02168451370012631,-0.0221261220522926,-0.022170095587053573,-0.020426556617047398,-0.0091174674161974,-0.022342042320134203,-0.020764581975577314,-0.020344628177296105,-0.02312489622167574,-0.022170095587053573,1.0221866213206638,1.0217722904227302,1.010329119731284,-0.0035862551519485475,1.0221388575064667,1.0220648981043015,1.0208062768542658,1.0221554780964033,1.0221700955870536,1.0246621623733299,1.0148090187960037,1.0228337016869338,1.0224027699996985,1.0213290654370952,1.0193495714655203,1.0221700955870536
0.02631064462048089,0.027255139307386402,0.028877531742670284,1.15889460972021,0.025586328497208422,0.025695049705056813,0.0261075989739879,0.025533088346709382,0.025511873954502596,0.01768432127600118,0.042519393933609456,0.024947637982260698,0.027744941885334502,0.02794951691798439,0.02528371378400901,0.025511873954502596,0.973295539109347,0.9756928182451646,0.9692759526584274,0.18960810597767108,0.9744861285086027,0.9743082345150829,0.9734713450257093,0.9744438330240364,0.9744881260454974,0.9708193877725734,0.9777144499682366,0.9760921333151812,0.9753662385666643,0.9728044740762498,0.9717029498011316,0.9744881260454974
-0.023348244613152287,-0.02415304422875172,-0.015549150684706215,0.8502867122369993,-0.024742602741000527,-0.024522812350593535,-0.025784006931553215,-0.024723654567560985,-0.02473243480014675,-0.023931456011209745,-0.02251551455240257,-0.025330440508298822,-0.024778971676582204,-0.024499234357697252,-0.020058829704572227,-0.02473243480014675,1.0245451570982353,1.0254270414614823,1.0262867216197218,-0.11568011572900705,1.0247383667678895,1.0244029263878596,1.0229607083085897,1.0247114196173752,1.0247324348001468,1.0259940844803443,1.0144711048905704,1.028288223497703,1.0219274436737085,1.0206049346419712,1.0233349515975727,1.0247324348001468
0.017167275179527243,0.0168252027681583,0.0184741309358173,0.9525000982781537,0.016158750928173784,0.01634398116299336,0.01803206425686083,0.01610933766598052,0.016143818336958743,0.01372446117097818,0.02391130659842685,0.022027142989367775,0.016847688937616203,0.01706400826426989,0.016989570442018757,0.016143818336958743,0.9826234955941644,0.9841383644602402,0.9722925126892957,-0.006327035606187303,0.9837757015431092,0.983736727783066,0.9831328385112038,0.9837752974724653,0.9838561816630412,0.9856920635779546,0.9755859367915277,0.988830976625764,0.9828530035285032,0.9825288563564423,0.9832217465312922,0.9838561816630412
-0.012901773481813102,-0.013918143351429855,-0.005140020121757149,0.9227797339919538,-0.014050515342002641,-0.013845342728429843,-0.011591381340412437,-0.014054976993993884,-0.01410257360938918,-0.009980783612747055,-0.009106354615722317,-0.013131555133404749,-0.012220498197337448,-0.011995708067224704,-0.01313824139284762,-0.01410257360938918,1.013797541610425,1.012628089975135,1.0165498841525924,-0.053891961742731365,1.014279409588466,1.0138075126698387,1.0143610395682876,1.0140958982573318,1.0141025736093892,1.0265651931971427,1.0109224386383437,1.0152279575508565,1.014147355946817,1.012978337922448,1.010246535038058,1.0141025736093892
0.022027104050189317,0.02157168379552049,0.02125006471493158,0.9602201877055235,0.021542745169536175,0.021926924825919673,0.02162396804178772,0.021451685661862625,0.02150838551511258,0.018434208101843923,0.02732034294045932,0.018726789499378862,0.025796749538609647,0.022459096001060712,0.026886532280017278,0.02150838551511258,0.977966145208863,0.9777731587964194,0.9689441463851364,0.000595412275268159,0.9786356007641527,0.978354955438459,0.9759043975738761,0.9784294670965256,0.9784916144848874,0.9781047457605598,0.9654822463575885,0.9815312128840413,0.9800472223874623,0.975526444651181,0.9782986493289005,0.9784916144848874
0.0026330184477054413,0.004841891383124745,0.004087778232577074,0.8733993481703645,0.0034664046044058125,0.0036906761743752668,0.006553873087856459,0.0035652537033461712,0.003574049087219755,0.0017407455129245504,0.015312591279277627,0.0004951860589344993,0.006720418752321333,0.0035479150339514623,0.006083563647018542,0.003574049087219755,0.9950845962008575,0.9973954739942155,0.9933315921883416,-0.10666266510521005,0.9963989425110595,0.9959429974107243,0.9965354240435197,0.9964767662601619,0.9964259509127802,1.0024571280520955,0.9977615106154117,0.9987445970426019,0.9954893054749462,0.9932679020393016,0.9943822522066408,0.9964259509127802
0.04220808379757955,0.0410184266818755,0.049897176290233616,0.9281320752318183,0.04132934095031745,0.04137548340279772,0.043085209855240995,0.041130032114446095,0.041223223993229446,0.0374963967333005,0.04440709873265222,0.04168894518016895,0.04182138649534578,0.04047763544264582,0.04232612468712359,0.041223223993229446,0.9583349695569696,0.9584234514206375,0.9581720557256165,-0.05116116432202622,0.9588265825682009,0.9585057221767961,0.958745085516733,0.9587429729105507,0.9587767760067706,0.9634476213160693,0.9516943230666687,0.9642611867752829,0.9563345523667373,0.9552914877406684,0.9565718640495435,0.9587767760067706
-0.0024895070505317526,-0.003503433150647035,0.00030620512165426407,0.8007433909956136,-0.003277951728941208,-0.003159792427141044,-0.003299750447624036,-0.003481109353280301,-0.003408845036943664,-0.0024993708962474967,0.002132235136426332,-0.005387481635724138,-0.0009529386457154266,6.794760180515092e-05,4.477095700553709e-05,-0.003408845036943664,1.0024829829417192,1.003496364974385,0.9986343310974022,-0.16505472385729125,1.0034474318199693,1.0032424166227745,1.0006906969508111,1.0033908291356235,1.0034088450369436,1.010605066951474,0.992705890087902,1.0039894463284045,1.0034538077465924,1.0039002187353936,1.001648521393726,1.0034088450369436
-0.07821723838691706,-0.08096608014236346,-0.06030544730663067,0.8113848346848024,-0.08099975853386344,-0.08086579122555689,-0.0790396081330333,-0.08087170996429136,-0.080970695706526,-0.07932155402982174,-0.0729953024653416,-0.07754159324521404,-0.07986969989912346,-0.07737790752293436,-0.08222356070394826,-0.080970695706526,1.0810124499228646,1.0810039352256444,1.0849827225382542,-0.15382100184190217,1.0808808104751746,1.0805556802154228,1.080650855792177,1.0810944327144794,1.080970695706526,1.086036902112145,1.083690657131223,1.0860965659062005,1.0788356855955687,1.0803905416726833,1.0771608261215673,1.080970695706526
-0.011934840428735926,-0.009559081722012462,-0.01004766582382806,0.8572882626137174,-0.010222553713202711,-0.009711239668681882,-0.007772260891292896,-0.010361945726402168,-0.0103463696886402,-0.004469904968063535,-0.00857374719471886,-0.014419929107367146,-0.007129739025175443,-0.007445666617581361,-0.007030950111262946,-0.0103463696886402,1.0066702286180986,1.0101702638389418,0.9950092122649186,-0.10181559528967088,1.0104258132273207,1.0106190693334982,1.0083901566488267,1.0103494317509083,1.0103463696886401,1.02075010304543,0.9991243427782258,1.0061540708324075,1.0118990489304467,1.011145562270756,1.0106500122005122,1.0103463696886401
-0.027514986341223045,-0.028087484932365285,-0.018814111438301476,1.1257463668979544,-0.028333731185420714,-0.02824783160298634,-0.02771184047348026,-0.028318116027949883,-0.028311582481044862,-0.027772942025856107,-0.02075365479750661,-0.02656636488382062,-0.025908136550607697,-0.0260564864769909,-0.03060994509972801,-0.028311582481044862,1.0278249770026975,1.0277359523402207,1.0278106081343439,0.16522549799530728,1.0283363543820334,1.0280150313319851,1.0265879071034427,1.0283063518761204,1.028311582481045,1.0315770751751558,1.020525581924118,1.0299755537237971,1.026761163182248,1.0280848025229847,1.0228639082240487,1.028311582481045
-0.031195127203411836,-0.03207047386851445,-0.03544642700104326,1.126498401571428,-0.03175215932236151,-0.031665314022530186,-0.03158411618863322,-0.03181108280757968,-0.031747956769112615,-0.031025136987928716,-0.03292909550783634,-0.028722070758920026,-0.03197399816989157,-0.0310703234453699,-0.03048076233221307,-0.031747956769112615,1.030970313408027,1.0307615444966918,1.0228657473227618,0.15662079149656272,1.0316564320919903,1.031347934667689,1.0284916110108773,1.0317306261190105,1.0317479567691126,1.0356089574392713,1.019302258093269,1.0345760191271167,1.029785701351303,1.0299275927254472,1.0287747211071785,1.0317479567691126
0.05814264641832033,0.056984961176894076,0.056810243312479074,0.8965988301132232,0.056567971152774565,0.05656839874460311,0.05744849030350038,0.056523744917129116,0.05652819921577452,0.05696913611799311,0.07031291184208201,0.05375263754482047,0.05777933605706812,0.05929826922660164,0.05783781138770245,0.05652819921577452,0.9437664911517001,0.943982723697664,0.930047920954185,-0.0727700445077375,0.9434475125628403,0.9430674211888729,0.941529196048305,0.9434928745456168,0.9434718007842254,0.9474595006209231,0.9489289601861637,0.9409418997693426,0.9429020667181837,0.9444185801527796,0.9434791884182147,0.9434718007842254
-0.060287199752986895,-0.06269726222131215,-0.06090457290564175,1.006505555332754,-0.062109306283731805,-0.06187610339931653,-0.06132450877968309,-0.06225527181464412,-0.06228831138417389,-0.05989488996342425,-0.05400584751467519,-0.06243718962770371,-0.06289726203758066,-0.06043806021166233,-0.06215635047249342,-0.06228831138417389,1.0621417771799475,1.0610085085500118,1.0485856670343303,0.040940564363203924,1.0623516671333928,1.0623624403881928,1.061335848384723,1.0623599535542063,1.062288311384174,1.0695514634306944,1.0609975335060227,1.0661624018411948,1.0610485220924628,1.0604836197107979,1.0563293074605675,1.062288311384174
-0.0005904491867893191,0.0009352546315440237,-0.0037399110982262976,0.7921701575469102,0.0004260004053969077,0.0006876659380001236,0.003234510694644273,0.0004208582834631116,0.00043676907228147756,0.00474932684954645,0.009865411238380506,-0.0003412838603796495,0.0006707826983024458,0.0022368008104638208,0.001849901645616128,0.00043676907228147756,0.9990022496417507,0.9995028510969851,0.9919610531609174,-0.1847643878632952,0.9995756223312883,0.9994870357117275,0.9980665959444521,0.9996429967061393,0.9995632309277185,1.0076366476815668,0.9937124064506229,1.00558725799292,0.9981381220040001,0.9969805576817014,0.9992460422257027,0.9995632309277185
-0.08668840274691791,-0.08822125958243592,-0.08130725324443719,0.8274307806028253,-0.08817773841751164,-0.08789111782416958,-0.08631137167457514,-0.08819682547986402,-0.08819219888573154,-0.08328129473328168,-0.07905736597780964,-0.08737005749174355,-0.08728800148593759,-0.08670695606605565,-0.08547436637345608,-0.08819219888573154,1.0887319415018852,1.0872794929331329,1.0800214867664448,-0.12926061891473273,1.0880808391968082,1.0878834522655465,1.0873379230238096,1.0881933183315204,1.0881921988857315,1.098294516566994,1.0817177947496508,1.088337873829209,1.0875447407511953,1.0858902303540838,1.0867538797459013,1.0881921988857315
-0.017750481403649005,-0.019080667125265863,-0.020230045479308015,1.1015571286634984,-0.018772726745481732,-0.018519375331216628,-0.01768860505033394,-0.018770453440762173,-0.018651709155254517,-0.02345111590037566,-0.01866528700174784,-0.016190176275773842,-0.016177258380336703,-0.018948041640257363,-0.020160253405038447,-0.018651709155254517,1.017876001581592,1.0175268288221784,1.00725912105824,0.13153758754214617,1.0186489735758606,1.0183867906447364,1.017497968453218,1.0185341554808234,1.0186517091552545,1.018462656788129,1.0080636607681506,1.0216914914356936,1.019185968141486,1.015275049543383,1.0151968906154614,1.0186517091552545
-0.010985968853926907,-0.011759864113217952,-0.004547075861488999,0.8371838898992833,-0.011790241534880489,-0.011608763479486908,-0.010112737944939406,-0.011689446957608231,-0.011698111834652214,-0.012259711297308304,0.001310538603741223,-0.019046582520484568,-0.010942590759445207,-0.009737944222246631,-0.00939108805547424,-0.011698111834652214,1.0120128697815673,1.0107075768549254,1.019356998792864,-0.13387636670922798,1.0116183150635374,1.011407418963404,1.0104066861102337,1.0117502474149436,1.0116981118346522,1.0180388084313585,1.0035656942786555,1.0097321226965132,1.0078730255354105,1.0110469888016718,1.0093641839141958,1.0116981118346522
0.010669216084938484,0.010023592489996735,0.014032496675814108,1.0980413074424378,0.009921907054872212,0.010208949035147923,0.010568353113477678,0.009996417373570751,0.009948117881931251,0.006377999132744831,0.009824675162519784,0.01606936482576241,0.011775887869262857,0.011320816446092017,0.012235663613463857,0.009948117881931251,0.9897600318437121,0.9900593773066321,0.9910385213002907,0.12067840882306535,0.9900420848202027,0.9897299533055212,0.9877938125055328,0.9900947578272364,0.9900518821180687,0.9931448055992538,0.9852446474842159,0.9907081207617096,0.9888231412613868,0.9897951034327888,0.9876740171280937,0.9900518821180687
0.03232711437009083,0.032558887802833995,0.042637077756531735,1.1864273543887793,0.032489196043319374,0.032579405285126824,0.034088696360092936,0.03240310758052052,0.032389500559554724,0.02622910634535308,0.03482174325393304,0.035817314612171976,0.033497896490605424,0.03516120138062882,0.032677413626489224,0.032389500559554724,0.966683596704617,0.9672580623059304,0.9658951508789038,0.2204442384851859,0.9677076263425785,0.9673879219094662,0.9660935227211114,0.9677086245253246,0.9676104994404453,0.9652242854313873,0.9602830438712049,0.9724680261050834,0.9660067683121312,0.9670745947412757,0.9644648874664695,0.9676104994404453
0.0027997322501577162,0.0029285298061225715,0.003741490166605313,0.951687262709309,0.0024073136052610517,0.0027718769000481965,0.004992364347378744,0.00255349354093455,0.0025457991517554464,0.0029272333565900535,0.00913722532534364,-0.0005993240222742678,0.0035877722421468676,0.0016239561142815835,0.002694947250099997,0.0025457991517554464,0.9955999868831673,0.9977399014676515,0.984417690888469,-0.018026832461011777,0.9973787750708201,0.9973069989139017,0.9963411444526881,0.9974473733829625,0.9974542008482445,1.002386255873006,0.991104052226376,0.9993395949802741,0.9986059513310146,0.9940642932290603,0.9953326689415143,0.9974542008482445
-0.02643393665456956,-0.027037715859193873,-0.012461539561037314,0.8022916524948445,-0.026969340746442798,-0.02682305697350256,-0.02572680617371873,-0.02710585974736772,-0.02712579298138042,-0.031934801301057164,-0.02180555426302653,-0.029237201889793663,-0.026123121023468795,-0.025153052770866473,-0.027601971212643316,-0.02712579298138042,1.025790065244189,1.027185560272765,1.02765420652565,-0.16956537564751462,1.0271493115622685,1.0270301733282574,1.0273729440712671,1.0272154531931632,1.0271257929813804,1.0306735915353393,1.0179598827220002,1.0306085264590905,1.0269554011563093,1.025890757851353,1.0234010508191957,1.0271257929813804
-0.023681153941235558,-0.025218392274100325,-0.014191825335364039,0.9720114874301367,-0.024898682205058895,-0.02496532880075026,-0.022764353946745697,-0.025056804430921578,-0.02501993060403063,-0.02708268357567881,-0.021679115911299642,-0.022452943943732057,-0.0234363843227356,-0.021883504416958948,-0.026889759872395134,-0.02501993060403063,1.025329788871094,1.0242335091120764,1.017449853610552,0.012765838075508573,1.0249778040631208,1.024670649536033,1.0240951430573708,1.0249908831540329,1.0250199306040306,1.0280376746678483,1.0129558314718492,1.0319662658352526,1.0237464763681157,1.0242021805065187,1.022314133851652,1.0250199306040306
-0.0890806783329795,-0.09008353512881014,-0.08085791441053503,0.986752386038202,-0.09059590735456999,-0.09020519571460658,-0.08614025923893233,-0.09040165085188902,-0.09046379330225236,-0.0894289764025394,-0.08068013750132982,-0.09088713713858444,-0.0893144825663324,-0.08785967479388143,-0.08928166618710218,-0.09046379330225236,1.0890325297126133,1.0904084044574922,1.0901654046735683,0.027976386544296017,1.0903359435128905,1.0901625921389575,1.0906657270476332,1.0904930227789233,1.0904637933022523,1.0940705366673746,1.0873779445414422,1.0913716672164417,1.088677514206699,1.0868732660718405,1.0889937784880939,1.0904637933022523
0.0341242933675405,0.0328952852984159,0.03591102436339386,1.2246294197759249,0.033076467657066747,0.03309482650242208,0.0340273546981409,0.03301137869088018,0.033030862918946094,0.029013282728339723,0.04629672852197442,0.027252454084989663,0.032858677631305205,0.035121953842688874,0.03358840235605979,0.033030862918946094,0.9655970538591515,0.9665335757079175,0.9550139571377964,0.26857838184262295,0.9669663716163194,0.9666893513510625,0.9650403751410075,0.9669800192855211,0.9669691370810539,0.9646816221945042,0.9622727947961883,0.9676668113523269,0.9647892722482635,0.965690296852493,0.9627662903849987,0.9669691370810539
-0.045462947460541754,-0.04466800740091858,-0.032222608445264735,0.9061301498192421,-0.04596991266315842,-0.045924628663023014,-0.044794597401429374,-0.04597561372049539,-0.045994239013513655,-0.04357971312573276,-0.036700899164686544,-0.04482045134752932,-0.04604314659176392,-0.04681993673999727,-0.0433031453681961,-0.045994239013513655,1.045659484795757,1.046546272351131,1.0478083631938697,-0.06146330277523737,1.0460053065860941,1.0454705534843645,1.0465880595807533,1.046028342701042,1.0459942390135137,1.0523105401825177,1.0412716825368604,1.0477085395970893,1.0438245070463268,1.043997421503953,1.0462636784488273,1.0459942390135137
-0.071144756784321,-0.0713634485186503,-0.07064605797755864,0.9922497024328512,-0.07152305528038534,-0.07155702596390934,-0.07054724710628682,-0.07173128686856595,-0.07172040520641239,-0.07290311004503333,-0.06608183162360826,-0.07080437134183247,-0.06996597701244978,-0.0709516561891148,-0.07263476312349257,-0.07172040520641239,1.0707556261872917,1.0717503433820512,1.0597437398476528,0.03512233000074527,1.0718399608946219,1.0714162352591434,1.0707472267437275,1.0717622406139475,1.0717204052064124,1.0740998959903445,1.059784619272914,1.0733088938805793,1.0703106353409402,1.0699769276314621,1.0670511820596105,1.0717204052064124
0.04629625931266815,0.04648087249487221,0.05221147043067579,0.9587637678352297,0.044832337173910074,0.04516140835133309,0.04571464752378962,0.04509561884364504,0.04501092160771156,0.0458894473559885,0.0532130052734469,0.04579667677276113,0.04498844953229763,0.045452991308657605,0.0494321914993244,0.04501092160771156,0.9536076018780508,0.955607168616301,0.9450866390337919,0.007532826960026551,0.9548208513101119,0.9548278328745381,0.9551388986291867,0.9550262965226781,0.9549890783922884,0.9570811135896725,0.9467011325541623,0.9579872780138151,0.9521099044489323,0.9532862701162271,0.9531916859355462,0.9549890783922884
-0.017770062003018828,-0.01847419044201036,-0.011225406577380201,1.2268778086774759,-0.018253889169624286,-0.01815079971343325,-0.016405161711476317,-0.01826215520594319,-0.01819838623894969,-0.026941441979827355,-0.0147689289567216,-0.02155100540513473,-0.018547692129417325,-0.017136536403361616,-0.015987817236067896,-0.01819838623894969,1.01755685033564,1.0175007526438493,1.0116184502186691,0.2535144315140049,1.0181124721698185,1.01809274854291,1.0178763071183126,1.0181402133345476,1.0181983862389496,1.0173307141854178,1.0076936936695264,1.0185167062129876,1.0167589886359594,1.0173611322447784,1.018585626978646,1.0181983862389496
0.05820293305982672,0.060727809339946315,0.06226450470903197,1.0937800901474963,0.059567845011703986,0.060043115763962394,0.060596699020357206,0.05949399061564138,0.05956219572353238,0.056267140254437485,0.06256912027009066,0.051096428024550986,0.06242136482085212,0.060856966554513364,0.0648909315460996,0.05956219572353238,0.9395267446185805,0.9403366963960947,0.9333009827057698,0.12139149387880832,0.940402893042878,0.9402553879030661,0.9400813600807154,0.9404177062193998,0.9404378042764676,0.9423145462355368,0.9319749788599715,0.936315766124209,0.9403261668708461,0.9389004477018457,0.9411882974376827,0.9404378042764676
0.022038637659995326,0.022638262094898182,0.025527750738618352,0.7865586277756521,0.02142743644399004,0.02179506325100667,0.021802515534739577,0.021480464503543014,0.02145879229851236,0.02130038370450827,0.0317874552886774,0.014730116779326327,0.020313051712596043,0.023761003659784997,0.022724141649999613,0.02145879229851236,0.977240804636855,0.9789267690886129,0.9693874218315792,-0.18308154670313348,0.9784611636034819,0.9782098933348677,0.9761837549543267,0.978529137720283,0.9785412077014877,0.9816965775749756,0.9792194847806837,0.9758359657928838,0.9749184621756837,0.97815885951797,0.978010993907434,0.9785412077014877
0.010287849774107353,0.011537633981544667,0.01651782937013203,1.0376723273161754,0.010616835574660753,0.010819993442814436,0.012869688059119741,0.01065195666899099,0.01070740561044547,0.003926789930551839,0.017540762348109806,0.005859393547507347,0.012165220690379638,0.010596814396984278,0.009532628498245583,0.01070740561044547,0.9870612227961051,0.9891135697720158,0.9894430859715451,0.06426630224088126,0.9892796702494275,0.9888328903269977,0.9886550238622022,0.9892879136324723,0.9892925943895545,0.9868412410393645,0.9883563502178273,0.9880940827875571,0.9885329261367279,0.9863693229356644,0.9801362515150424,0.9892925943895545
0.03468430975202715,0.03385486099493001,0.037770572520438625,0.92476699308692,0.03435972522179497,0.034359819162866574,0.035522546899334546,0.034241285124874864,0.03429052202354391,0.02926168997496982,0.042156178549752295,0.03263953289306751,0.03578522337184571,0.03387552505767326,0.03419376056986927,0.03429052202354391,0.9646275084084747,0.9644192805643957,0.958884806432614,-0.04463755003270431,0.9656724472409868,0.9653918255792138,0.9641895359960873,0.9656353193466397,0.9657094779764561,0.9663868444758146,0.9584120444152446,0.9701245248850134,0.9652931813471284,0.963109828312873,0.9610375960598477,0.9657094779764561
0.0007438317618540905,0.0004644524721560867,0.0062968611689256035,0.9510821098742176,0.000142647901065918,0.00024116318678558837,0.0007144740671969665,0.00014661353169329887,0.00019595627519871365,-0.009142585365672643,0.0005410688157762051,0.006465302739647882,0.0019025484597220803,-0.0005986443623840938,-0.0005664933091702213,0.00019595627519871365,0.9997218133955581,0.9999838715098146,1.0001269092804101,-0.014915027989812701,0.9998227584314917,0.9993611912531539,0.9973310098394733,0.9997957382907576,0.9998040437248013,0.9944578109169018,0.9827592145478691,1.0062577964667458,0.9985315909978126,0.9953728088597161,0.9972137848554207,0.9998040437248013
-0.013605284938027,-0.014472425936436422,-0.013076912268221542,0.8866409556344516,-0.01557586156064344,-0.015079678993347206,-0.014027904264888173,-0.015564084343093655,-0.015617542702094825,-0.02174865552511481,-0.01091438643402525,-0.016539935116128033,-0.014130327409922488,-0.013563163722267815,-0.011442630005729327,-0.015617542702094825,1.0153184866307952,1.016063746467417,1.0097106780648113,-0.08187690622927568,1.0155992370618447,1.015625956812938,1.0148571445157064,1.0156692465380983,1.0156175427020948,1.0177274876638736,1.0094671357518787,1.0141641083433466,1.0148851207028757,1.014335229044421,1.014401630676724,1.0156175427020948
-0.012970058878526113,-0.013776809125493398,-0.00334257705103172,0.9367033300269481,-0.01428095555244313,-0.014005427857868496,-0.014339916727292887,-0.014228584387656163,-0.014308310287820711,-0.012455047640870964,-0.005822894850123981,-0.009453764244915544,-0.012879067836212794,-0.01336500591272174,-0.014192804919352112,-0.014308310287820711,1.013953319665762,1.0145591082507084,1.0140768796690744,-0.03679855301363655,1.0143112989361682,1.013959428475288,1.0143494359060328,1.0143855982284606,1.0143083102878208,1.025041427486307,1.0163277202868326,1.0177703839402819,1.01187376804618,1.012286634002215,1.0114419856159547,1.0143083102878208
0.00797299711624358,0.0059588942524180216,0.02588913056559864,1.0281661845756185,0.00559426241204109,0.0057722448033139225,0.007894801236695078,0.005644878589319707,0.005552342814174605,0.0025734988799445335,0.013324643256006958,0.005334855255908878,0.008013488542231365,0.010408148889598894,0.007923937265478808,0.005552342814174605,0.9954960897119256,0.9940740872373437,0.9934500002169225,0.07285729201590507,0.9944300118563529,0.9940256915045241,0.9935980224652814,0.9944855104060618,0.9944476571858254,0.9949831701061752,0.9895667652509003,1.0007620443812775,0.9938743907887392,0.9945898233881528,0.9925300704472624,0.9944476571858254
0.040884021902961046,0.03913334863873445,0.0523626416906699,0.99841768751729,0.03938719544958873,0.039742475344203526,0.04288571758778584,0.03934032677318987,0.03933207421351139,0.03744749794529187,0.04919845703572126,0.03743881980027959,0.04169974679417886,0.04048010645081809,0.04202109601711146,0.03933207421351139,0.9610678514696592,0.9595355206984266,0.9595677322676908,0.029194755264383532,0.960754623695129,0.9605180307168821,0.9616261920785938,0.9606851242920629,0.9606679257864886,0.9662509503149033,0.9595178765146644,0.9602176786403067,0.9621174409293823,0.9595247907949876,0.960224031963938,0.9606679257864886
0.01785630264299532,0.01855195548843824,0.013125286317743593,1.073025140198613,0.018580358897770342,0.01924333845308154,0.019486633218556235,0.018677470779240615,0.01870595713886148,0.02276730489953367,0.02713274427513335,0.012746833020732441,0.018900566328852262,0.02165768907516704,0.027194106304281707,0.01870595713886148,0.9803061083531749,0.9811098178039499,0.9752712430034665,0.08926816919995118,0.9812202876955531,0.9813947744522743,0.980096587040691,0.981265783647355,0.9812940428611385,0.9888627171500693,0.9790550149098739,0.9804018939267597,0.9800535382226208,0.9804765521012206,0.9846632690532321,0.9812940428611385
-0.030079808675446004,-0.033517150063679765,-0.01575947631683947,0.99292606216323,-0.03302645741693049,-0.03285892884480633,-0.031037753763709586,-0.033060632688815386,-0.03314489790846787,-0.03323972578444496,-0.028680921118710748,-0.029209837332336317,-0.031329581940224394,-0.031039210546727484,-0.029444083392518666,-0.03314489790846787,1.0338763814901422,1.032571853132423,1.039219442164345,0.02846827429520271,1.0332370756393985,1.033068573520619,1.0327783106162949,1.0332223419567466,1.0331448979084679,1.0412498449980834,1.0249042399305544,1.0365573037517315,1.0321493056238775,1.0314953174065635,1.0315537205458225,1.0331448979084679
0.01697565068614326,0.01618178332707124,0.01745714413722936,0.9145151126436106,0.01677673768959057,0.017072991632437046,0.018902991237136,0.016827953300200905,0.016826560100265897,0.014647484874065822,0.024508649505072477,0.017443648548816432,0.016768003036442766,0.01741355461083374,0.01716476717426106,0.016826560100265897,0.9811889799485927,0.9827064176783566,0.9787005218941438,-0.06551220186279272,0.9832173107860164,0.9830320909435832,0.9824648588504404,0.9832107681868989,0.983173439899734,0.9863940080111471,0.9839820104234018,0.9842296757581537,0.9823773514934926,0.9806085456459059,0.9805768830826883,0.983173439899734
-0.020927133813846227,-0.02211946958118125,-0.023556477611269614,0.9907101886819079,-0.022102043210801312,-0.021823362173152797,-0.020205312299401392,-0.02211998945690844,-0.022155492896303877,-0.024439973126001033,-0.015724658116383745,-0.022182400446438117,-0.02153157799403227,-0.01891913820892447,-0.018241257592640656,-0.022155492896303877,1.022194789737835,1.0218721204936467,1.0150546084259744,0.03764743445076313,1.0221591141895323,1.0219842186478623,1.021258224521747,1.0221612577001433,1.022155492896304,1.0186175215602562,1.008212461606406,1.01964724882397,1.0207285136251276,1.0212947277329605,1.0227732255359623,1.022155492896304
-0.0006217427462929288,-0.0034496976135734415,0.006660768137537486,1.1069246246649993,-0.003093446564790839,-0.002678766519064509,-0.000918252744985111,-0.003041580773228896,-0.0030635033668704177,-0.0037810141352133063,0.009022677270114165,-0.005490306100671817,-0.00019047741219564997,-0.0006396424415488884,-0.0012346992618607455,-0.0030635033668704177,1.00138965246581,1.0025066759206396,0.9889961711674605,0.16282609424180838,1.0029657852388962,1.0027881721738343,1.0024840384027307,1.0030559755817232,1.0030635033668704,1.0066780191174676,0.9955969800774538,1.0059059211012564,1.0041808265495766,1.0005164043683812,1.000102403898905,1.0030635033668704
0.01704884995684788,0.01544981343801186,0.019321990780731473,1.052238929339825,0.014977126846935307,0.015105673730563521,0.01783197944066281,0.014984409663805542,0.014975240825435887,0.0077332653680447635,0.01703914538093256,0.018581829361057543,0.015755161373580233,0.017710611855199333,0.015453897780800144,0.014975240825435887,0.9847672260448929,0.9850749595807629,0.9812311950746274,0.07849708521347876,0.985010233215064,0.984539234499058,0.9849979795757171,0.985035802636616,0.9850247591745641,0.9865500695089167,0.9787786488046972,0.9883602434704034,0.983706015959024,0.9851049498861882,0.9804095211253481,0.9850247591745641
0.030282617901402083,0.030413173669136262,0.02652745915307013,0.7713686098109338,0.03008464272188449,0.0305074732326491,0.031664705239180344,0.030097619551762232,0.03008720877835108,0.024787016334808,0.027828930700948017,0.023953652123434036,0.029576386722995215,0.03021769997314021,0.032248312281273936,0.03008720877835108,0.9692233154676245,0.969762801323207,0.9634554929749494,-0.20124863195526999,0.9699341822780196,0.9697774647970449,0.9687208261241615,0.9699493837684274,0.969912791221649,0.9709794686255716,0.9540414110744238,0.9667491716396074,0.9669628917187559,0.9658597092619435,0.9656020335635068,0.969912791221649
0.02448657925219971,0.022357283689221616,0.027411963808940946,1.1061774570513192,0.0221985672279235,0.022265220165817928,0.02358268904597012,0.02229775139243671,0.022240614643968787,0.021538822744320885,0.031819507358736926,0.022065073809660742,0.022590084718598014,0.02310032000053073,0.020357124116413015,0.022240614643968787,0.9785262409197151,0.9779693970312353,0.9762826676089992,0.1308493661735608,0.9776536725864753,0.9774221425384114,0.9758652439803513,0.9778085695505938,0.9777593853560312,0.9813658925250506,0.9727122327982881,0.9788217369736181,0.9769001609777662,0.9769974267508728,0.9766923074624382,0.9777593853560312
0.06450010372144932,0.062501830942353,0.07408435618397737,0.9766869660642087,0.06294988060998112,0.06324305356638027,0.06587390010074454,0.062901589790384,0.0629048497727161,0.061491338178905515,0.0597000001059019,0.059482038411810316,0.0626536589150937,0.06717082028785043,0.06856232000281187,0.0629048497727161,0.9372715799864931,0.935630037513583,0.9359517634199113,0.016767000194834458,0.9371007957924564,0.9369403143319344,0.9368506321228818,0.9370977575632414,0.937095150227284,0.9391543639709533,0.9210454039289543,0.9356334680208203,0.9343125472468624,0.9375930819229206,0.9365096906428722,0.937095150227284
0.006666278485840526,0.007442886005948584,0.012830735450534305,1.25198744898067,0.006514753650038742,0.006964441418238779,0.007919776911277559,0.00646059048482922,0.006476398310901482,0.0004519810035561228,0.011431792205664612,0.005919855074118601,0.007339218183037664,0.008554096401905268,0.011005366915998184,0.006476398310901482,0.9928312006764413,0.9935879863717269,0.9897936387195715,0.28790261188646116,0.9935180068345137,0.9936161178670097,0.9924263465511536,0.9935391756884774,0.9935236016890985,0.9929224428920593,0.9884314405983933,0.9929856529800949,0.9918631968350153,0.9907822451056226,0.9922589131581478,0.9935236016890985
0.039465206658345575,0.03857831464250887,0.044862738637931075,1.0685061767107984,0.039084485365333814,0.0395388789380339,0.040614115161092444,0.03910578700016721,0.03910800992045447,0.03675556461988476,0.041753259933498175,0.04029920964258995,0.040459097060681994,0.04215467424347021,0.04010677161739411,0.03910800992045447,0.9600984463180426,0.9600221133191439,0.9572853846831268,0.09247063589295978,0.9608810559625967,0.9609907262449533,0.9605088001782894,0.9609038058883165,0.9608919900795455,0.9642297624906382,0.9558974041642233,0.9611259251170992,0.9596493644022697,0.961978335204107,0.9606783014618387,0.9608919900795455
-0.03512375430240226,-0.035488054278232525,-0.03467412724672424,1.2567178855284553,-0.03568168750584628,-0.03525493428296095,-0.032472910818178255,-0.03569467704459026,-0.035587216142262575,-0.0358566571154525,-0.03323491971194067,-0.036955434251604455,-0.03501014625637414,-0.03326531491884812,-0.036212332150221405,-0.035587216142262575,1.0344251525532815,1.0351659852358592,1.0293204164912353,0.28306818563984326,1.0355469063008569,1.035528230661994,1.0346852249856515,1.0355131392896202,1.0355872161422626,1.0399998193073317,1.028109337272296,1.0350815305046024,1.032922093946799,1.0348075024696648,1.0354411077577752,1.0355872161422626
0.013278263520664928,0.012791774126897356,0.02320699437565377,1.0360308954420838,0.012310443176436942,0.012602154014450175,0.013892794905704433,0.012342146243634505,0.01230402941129914,0.012880182979336338,0.015380293107494116,0.010372865989472145,0.013148327323603841,0.015883392939093487,0.015431288710569348,0.01230402941129914,0.9881988242753608,0.9880130826307608,0.982755324176819,0.07036079075075696,0.9876176075333791,0.9873746206027705,0.9865021819985768,0.9877604118886331,0.9876959705887008,0.9896326985170403,0.9838350461455659,0.9906438828976942,0.9856030952181758,0.9859220421810706,0.9879807256892801,0.9876959705887008
-0.007591623997634932,-0.006598486605565181,-0.0005311379550181861,1.0079466752305373,-0.007554255120863675,-0.00742005645232686,-0.004022769012212608,-0.007521103959094083,-0.007503591770256009,-0.008615458245276073,0.005088255539702478,-0.009194521323660311,-0.006653068667940431,-0.0066434757123078,-0.0054970389054408075,-0.007503591770256009,1.0066486069243399,1.0076433985196864,1.0020810540101976,0.04762174495065008,1.0074979719490273,1.007238117308999,1.0074632138902786,1.0075357888226737,1.007503591770256,1.011241626101588,1.0035984611883715,1.0076835321679214,1.0043857420486166,1.0068244992568247,1.0050065439487879,1.007503591770256
0.0007197729080789728,0.00187595591905722,0.0064492004581363244,0.9372963537962525,0.0007990521252344332,0.0011127658800328775,0.000685452581553559,0.0009658888124078602,0.0009769180523629818,-0.0050318599501814375,0.003606285845625335,0.006194731677138875,0.0033407098359669925,0.0025280414224256855,0.003987876260413205,0.0009769180523629818,0.9981683886537526,0.9991651198529745,0.9955203981782497,-0.019695315489912435,0.9988726266246062,0.998798023782947,0.996880234618158,0.9990557684615023,0.999023081947637,0.9954272101024725,0.9858988617210488,1.0012975889568194,0.9981822249464168,0.9970396189052744,0.9959765401743195,0.999023081947637
0.01467334538636816,0.012329231898423772,0.020662228877202208,0.9293448462088689,0.012548086603920473,0.012707602815843549,0.014972077997076448,0.012528948514070534,0.012514087640932986,0.009528065494225262,0.021115557197175217,0.006478238654387926,0.012972906213581468,0.0150451193580028,0.015418702811539706,0.012514087640932986,0.9877065144249668,0.9866191439001405,0.9820535090199407,-0.03364454331344824,0.9874573220489048,0.9873072142942261,0.9866806837694496,0.9875158092251454,0.987485912359067,0.9916643158603979,0.9840626193955493,0.9815275126303019,0.9855589371285229,0.9857578677958204,0.9866733927198462,0.987485912359067
0.035854939585697375,0.037102942973256337,0.045042741949705575,0.8308178376003994,0.03645073870576936,0.03694350196941655,0.037657739813350966,0.0366082587833994,0.03653530262314181,0.03878136373387475,0.04940947326193323,0.03405659646988752,0.03803870941596662,0.03534178151071521,0.04027560206195184,0.03653530262314181,0.9616143069203501,0.9634665899575032,0.9639593906645074,-0.13940496117631662,0.9632999165267847,0.9634774259258582,0.9625633582660111,0.9635864092463355,0.9634646973768581,0.9674850448089436,0.9647950907572184,0.9629282158734974,0.964246724376638,0.9604546898651938,0.9618190213514757,0.9634646973768581
0.009297825461663219,0.010318671693497077,0.016207452958757022,1.1138027963115866,0.009585295215811182,0.009723326381946716,0.012352490654637928,0.009567993054074752,0.009642759429358948,0.009797374357506525,0.008667509315499729,0.003864010371163268,0.01082236754070956,0.012018440741331772,0.011463355302668307,0.009642759429358948,0.9888139815538819,0.9900613147495941,0.9873628042766722,0.1390049094806659,0.9903082361098022,0.9900170207233359,0.9899029148469624,0.9903030998580524,0.990357240570641,0.9954207972306439,0.9795688700033164,0.9906995275463476,0.9897399798013098,0.9913689734183534,0.9864544089769272,0.990357240570641
-0.044045305136169194,-0.04447160720567626,-0.0463231457489338,0.9454526495786815,-0.04451446958946554,-0.044354096893836875,-0.04350704919716232,-0.04463713776515297,-0.04459360364738902,-0.04710609335663539,-0.03444854779022888,-0.048385563998126394,-0.042875498371075,-0.04329328958918024,-0.0458775362545059,-0.04459360364738902,1.0431936574790128,1.0442670703539148,1.033556101897883,-0.02180330860900659,1.0445922203309996,1.044238599733691,1.0415289790460918,1.0445503500765017,1.044593603647389,1.043831684134794,1.0415257267453382,1.045757290280485,1.0451862433845698,1.0415838591579363,1.0410878658109526,1.044593603647389
0.03404574087812476,0.03439797513127222,0.037375398931911157,0.7899001838916909,0.032805534196457056,0.03313376677655161,0.03321929057947719,0.03291291570737971,0.03294119413806353,0.028463151911751212,0.03811885195840737,0.031046573808567682,0.03373063931601833,0.03655396884481549,0.03867931742392273,0.03294119413806353,0.9673127796529045,0.9680419378707852,0.9697904588779405,-0.18940454320689382,0.9669615233848003,0.9667351180168026,0.9667923366213406,0.967120910997407,0.9670588058619365,0.9687636059402114,0.9619644456956828,0.963771327681126,0.9660974507159295,0.9680418881653832,0.9679089178438921,0.9670588058619365
-0.016741649729156826,-0.01795149440427345,-0.009724509178249883,1.0310579052201116,-0.017584727642776896,-0.017371970911343352,-0.013998593332954822,-0.017741480084078696,-0.017723331537465824,-0.016244547747154718,-0.011130825705341619,-0.025041323477486794,-0.014963500772330593,-0.015052587135518939,-0.01631032961471731,-0.017723331537465824,1.0172774956908361,1.01728760147409,1.0228473860581464,0.05881645004184022,1.0178374563333747,1.0175851142956098,1.017685068279462,1.017701825544904,1.0177233315374659,1.0208092820232209,1.011318311764222,1.0156019615216525,1.0186792209210742,1.0165775486458088,1.014325694674487,1.0177233315374659
-0.05943021608753426,-0.0603435188594555,-0.054130528890919224,1.0813395526565515,-0.06019551919792354,-0.06014662523424988,-0.058346913307047145,-0.06017280872514407,-0.060140203964467426,-0.057899060392736984,-0.05058758506718751,-0.061057586615298386,-0.05630436117371569,-0.057358448360113216,-0.058903556034570925,-0.060140203964467426,1.058506065659077,1.0594471451206697,1.055397580739132,0.11881532077742796,1.0601009386806273,1.0597312971499575,1.0599757802892231,1.0601334154086433,1.0601402039644674,1.0644331918301217,1.0562203817233964,1.0643114874252655,1.06162571550638,1.0601991012033884,1.0542099399894156,1.0601402039644674
-0.023612095117090122,-0.02288131283369941,-0.022604163636156974,0.9262705191161849,-0.02373484898636689,-0.023209546242640825,-0.02212331925612325,-0.02367464493814081,-0.02370768368401022,-0.03365787876421684,-0.017171108651276943,-0.026810115754083912,-0.023370828210147226,-0.018636364807080974,-0.015732927032835752,-0.02370768368401022,1.0227842727175638,1.0240179408850376,1.0141839090295799,-0.04610213350430992,1.0237315168119832,1.0233463567620222,1.0241385296802517,1.0237732820355832,1.0237076836840102,1.0209478647748058,1.0231488538130273,1.024032274259493,1.0221628074721696,1.0249778109756242,1.022425275613295,1.0237076836840102
0.017117458927054678,0.015651721047668307,0.02599137608840894,1.1124147791727614,0.015138301672494458,0.015111767821248406,0.016838676405173544,0.015214596310388604,0.015183856661639282,0.005954562061663853,0.020241588227025268,0.02089735347143841,0.01645058385442737,0.016250406485561766,0.01181767091506714,0.015183856661639282,0.984687422112891,0.9840187643555699,0.9824196652034286,0.14448494688705693,0.9846718640400943,0.9842816157350598,0.983860346082227,0.9848408409593978,0.9848161433383608,0.9860083238254517,0.9774220222012187,0.9891893424646284,0.9843851240093796,0.9821722039691694,0.9796984200076801,0.9848161433383608
-0.032056060187801945,-0.03281882035197149,-0.028305434606358176,1.0147148177618999,-0.032492200904754326,-0.032117160985856034,-0.031105308062953186,-0.03253122816896093,-0.03254460483577271,-0.03398835437155305,-0.03065575454979453,-0.03402455413629372,-0.0325425973304181,-0.030999612540382634,-0.02881412758259376,-0.03254460483577271,1.033016824007662,1.0320265271747977,1.03214864644147,0.028574577313390526,1.0326654839452996,1.0324558793715533,1.0339111182933012,1.0326005224106414,1.0325446048357727,1.0409652916824341,1.0249686800178541,1.0319915614817923,1.0301340656688234,1.0332648101068562,1.031921992432003,1.0325446048357727
0.03791843899186245,0.03881513786411145,0.031584712517850916,1.1460393364242778,0.038504576541334115,0.038785847926858893,0.04032452199047808,0.03844044374671634,0.03847868033919813,0.036967689341838306,0.03891720344041558,0.03980342425409044,0.039726707315248695,0.03784576647584511,0.03883984315417728,0.03847868033919813,0.9599886180114771,0.9616127290654553,0.9434888292780784,0.17398994458495842,0.9615500013838623,0.9614463104271803,0.9606145536939205,0.9615188348896188,0.9615213196608019,0.9641945560155397,0.957329795031272,0.9600726194114514,0.9612771404282034,0.9585271727527783,0.958006922575618,0.9615213196608019
-0.02863267716600338,-0.027626029787443624,-0.02577759769177924,1.0072636378297286,-0.027690276357232032,-0.027335738771706506,-0.026619645806881514,-0.027654724665244407,-0.02763875006754147,-0.03674236866017061,-0.021633860086812867,-0.03370529572332243,-0.025568358846349816,-0.025527968460102857,-0.026520838738702857,-0.02763875006754147,1.0249219837553933,1.0273147812988483,1.0241502736211627,0.030773970675165407,1.0275277573166477,1.0274620880820793,1.0263990337489783,1.0276892635244812,1.0276387500675415,1.0247352804323873,1.0212335497814242,1.0259418677806988,1.0278012213950665,1.0257083324607703,1.0256161599559175,1.0276387500675415
0.017561830562542683,0.015774852266246565,0.024142941478685207,1.0713305897346121,0.015272996914226997,0.015822408591456432,0.01725619648724149,0.015294415784382334,0.01528171366909995,0.013375052967813631,0.01993791988200043,0.01627111353310064,0.01969342732322696,0.019054712598183275,0.01873873162206598,0.01528171366909995,0.984700521228825,0.9841258257312561,0.9744337600693782,0.10852915727874424,0.9847348023116915,0.984880022872068,0.9853950669871732,0.9847556047708903,0.9847182863309001,0.9897390716039848,0.9793745410630689,0.9855507479260552,0.9871586369626872,0.9864807878066225,0.9853696804114248,0.9847182863309001
-0.0926024420876968,-0.0899501538619636,-0.08621277880337141,0.8754649265185405,-0.09164902836890913,-0.09123932854650588,-0.09036515941273521,-0.09156139829960949,-0.09159647695063328,-0.08742557340854383,-0.08115784902638289,-0.08959031056173014,-0.08952653454368928,-0.08843789222584689,-0.09031232294214067,-0.09159647695063328,1.0902291006640057,1.0921635612015175,1.0951420096845659,-0.10744971499857314,1.0915805425890088,1.0912324429129965,1.0898794986080977,1.0916902340893397,1.0915964769506332,1.102711233900965,1.0933823671927225,1.0952500626807533,1.0918338727488937,1.0919494606504485,1.0907435970705408,1.0915964769506332
-0.0056569069349277044,-0.00582497905695475,-0.0015838779731513054,1.0403925952506283,-0.006258777454262381,-0.006078041363654845,-0.005494493009524031,-0.006298064167175093,-0.00630231270077462,-0.006759103177144553,0.0037201418938285365,-0.005957176793648206,-0.005243447105143202,-0.005562357974722945,-0.002456884167539317,-0.00630231270077462,1.0052798113691301,1.00620871643042,1.003405660316295,0.07606433531677137,1.0063974580674848,1.0060278259041477,1.004760332764924,1.0063003148333851,1.0063023127007746,1.007325380333932,1.0035222194291475,1.008029666950829,1.0061803424850044,1.0025557182809879,1.006124735781219,1.0063023127007746
0.015408040982451916,0.013145041041133159,0.015863750641086458,1.1413435834216066,0.013319912877054856,0.013490222779894666,0.013755958454367317,0.013277944501699222,0.013332162584903141,0.01301651276132207,0.025987310382068713,0.014120239414713512,0.015488564685356468,0.014803874883445164,0.014406925869451834,0.013332162584903141,0.9870369475362495,0.9867752057847708,0.977501468392728,0.16935995835081763,0.9866573542461311,0.9862741901498704,0.9862929502419922,0.9867023158587573,0.9866678374150969,0.9877671623876583,0.9839362643572067,0.9925854707658885,0.988104775121177,0.9873816252590905,0.9865083786725892,0.9866678374150969
0.005299219213828116,0.0031245409000308358,0.007455432126409121,1.2372054186214663,0.0034330901505024575,0.003772768048437462,0.004867756387938026,0.0034643349728092345,0.003510745391522134,-0.0039032860967547593,0.005491112325257279,0.002545088317060668,0.007441452139739804,0.0026903401207181723,0.00934892301474098,0.003510745391522134,0.9975080141919385,0.9953235442406965,0.9952341710720004,0.2646922852669016,0.996478739017118,0.9961732119898495,0.9955519258576709,0.9964629595892434,0.9964892546084778,0.9945308504779568,0.9862031069691097,0.9972879027712961,0.9984489933486862,0.9936578340347536,0.9959333473379384,0.9964892546084778
0.00011297765258516948,-0.00034068093206772134,-0.0016067984558406794,1.1430034847630688,-0.0010421413965318886,-0.0006677901866581746,-0.001529597138726967,-0.0009907480665462113,-0.0010157585599785306,-0.002428802297962624,0.0005816077143222018,-0.006906066335503593,-0.0007861281156776553,0.0003160033306721985,-0.0002494320252517395,-0.0010157585599785306,1.0012631828317928,1.0009277613415315,0.9971528092381112,0.16195318184908736,1.0010432273752148,1.0007346275959572,0.9982664284384292,1.0010830143799725,1.0010157585599786,1.00548908165451,0.9945410876936901,0.9975841480071838,0.998427846958946,0.9998008185531548,0.9978182940509164,1.0010157585599786
0.04644490188101705,0.044607191698065665,0.05215112682727088,1.0912924436668865,0.04456598989831324,0.04463991440142407,0.047697971265559094,0.04453936207856561,0.04451799965748789,0.04382166710391475,0.060993240276038065,0.04576101248591646,0.045337236542780116,0.04617238006169046,0.045017643688035514,0.04451799965748789,0.9548419409511781,0.9554434326021777,0.947379407412677,0.1450191786351922,0.955363943528853,0.9552057455218,0.9556651573443208,0.9554691619557099,0.9554820003425121,0.9530462828894256,0.9517001803708945,0.9572775852409632,0.954032052035677,0.9549710488450526,0.9530310854525634,0.9554820003425121
0.03668056190107686,0.03655280415856676,0.04389694773258741,0.9742473668708669,0.03582706964213327,0.03630136698440219,0.03489507514491804,0.03588329377865538,0.03593148945829071,0.0356393606980354,0.03941107619878705,0.03285976979741239,0.03604466674909083,0.03760226252216295,0.035529591358028446,0.03593148945829071,0.964968870860682,0.9644315976997403,0.9717100512681075,-0.013451644711415467,0.9639827281326394,0.9638198105439214,0.9601072244780936,0.9640872966981665,0.9640685105417093,0.9709954962939185,0.9560944890771064,0.9670717959686873,0.9625568459547773,0.961249539250964,0.9609556340777199,0.9640685105417093
-0.03749176146560697,-0.037557662641754044,-0.026045157846808813,0.819626487644635,-0.03791822646263197,-0.03736288584433483,-0.0375433771422148,-0.037832143846137825,-0.03782195961822069,-0.03730405571990605,-0.028166358970703506,-0.04021201701482427,-0.037236693458867196,-0.0368552390796284,-0.0350759628350045,-0.03782195961822069,1.0354722535017584,1.03824046848742,1.0394946821781743,-0.14786183194158764,1.0377251440707738,1.0377557139799591,1.0368930635867386,1.0378955858029464,1.0378219596182208,1.0425782593384665,1.033420229159088,1.0376123102769652,1.0367838259892401,1.0358499793068097,1.0363768732752032,1.0378219596182208
0.043917062245096686,0.04282354047091456,0.049464719707220134,1.1569275840100879,0.041818312647418095,0.042360264262065336,0.04312002737863772,0.041989295453391015,0.041930225101474906,0.042095884344108395,0.042229371734610215,0.03387035390457149,0.04161509653651642,0.043309299457831026,0.04646759595091677,0.041930225101474906,0.9583478445987627,0.9580792620854934,0.9557998143113445,0.19133379681619833,0.957874523577819,0.9580553681501917,0.9569935477483079,0.9581011528421066,0.9580697748985251,0.9607229506723668,0.9481125255713221,0.9551761644536633,0.9541030848668371,0.9562813787148896,0.9559661240055357,0.9580697748985251
-0.0019651117549084776,-0.0007296160364557034,0.0072798399630155984,0.985354448922449,-0.0009185682995911132,-0.0006650781120335222,0.0006678616280181602,-0.0009865480356927377,-0.0009218460509053347,-0.0006293024067348396,0.00680839165120311,-0.005991331735077782,0.0010089772999575877,-0.0007423059150203888,-0.00017970706091054297,-0.0009218460509053347,0.9989890400468204,1.0005634231505758,0.9963424093501505,0.01803625966977107,1.0008019167497157,1.0007520974181237,1.0012722112066712,1.0008701013589096,1.0009218460509053,1.003465017802234,0.9987451278935546,0.9987941035078253,1.001156885273935,0.9977200099516366,0.9971914619600968,1.0009218460509053
-0.01681277419599298,-0.016808172781637182,-0.011115266456738175,1.1268170195579632,-0.016786485247429983,-0.016384643235714817,-0.014198229659164386,-0.01667613811702153,-0.016683812744016653,-0.019272487703842812,-0.0033922372055641193,-0.015181242188887698,-0.014878593710358694,-0.01657015088217899,-0.016968632731404396,-0.016683812744016653,1.015466452748657,1.015721626848209,1.0127320746121236,0.15397511054757906,1.0165983910779302,1.0164765728784164,1.0166965524028446,1.0166828148999205,1.0166838127440168,1.0165064373112056,1.0223857785280117,1.0202184638855536,1.0174775443682642,1.0147845415267012,1.0128603334660615,1.0166838127440168
0.01102362388966644,0.009829091924978306,0.020240219654130406,1.014413693698651,0.009966477752383617,0.010304625669738993,0.012365770809203534,0.009936154259500016,0.009963280777493975,0.013295367218006676,0.021521365086079512,0.007576739500787789,0.010966313508777976,0.012035692203978142,0.008616869593575797,0.009963280777493975,0.9900193861759709,0.9890497738252615,0.987505317373565,0.04853899875829171,0.9901216995890725,0.9898791895243755,0.9894023021672392,0.990012046654733,0.990036719222506,0.997905442658497,0.9907778639259744,0.987206029005249,0.9890428394151771,0.9896950176457135,0.9870416938436134,0.990036719222506
-0.020732829308965046,-0.022188641037752317,-0.015590140081641913,0.9087804738135438,-0.02185783500277852,-0.021638202117581395,-0.02145195986192512,-0.021912633833768343,-0.021896037320774452,-0.02319540979713892,-0.014294380511211032,-0.023697442017638043,-0.019417172504551262,-0.019779329626281573,-0.022389442306601913,-0.021896037320774452,1.0211950757299852,1.021304965237878,1.0241033181843728,-0.07380252999828141,1.0219238463003322,1.0216058251573248,1.0200650223798302,1.0218538329514224,1.0218960373207744,1.0319409785040428,1.0157476783279615,1.0252927786787687,1.022463418393253,1.019200095766269,1.0192617282424572,1.0218960373207744
0.07303609598840873,0.0733930323093387,0.07892649091941246,1.121502625525227,0.07321797439873565,0.07345852421291459,0.07476867216016173,0.07323922581067686,0.07324059354295548,0.06492122201335068,0.07703708935704501,0.07246546018064448,0.07250850882273588,0.07289683619869229,0.07279055571192493,0.07324059354295548,0.9248540297432492,0.9267425839650401,0.9236820239678788,0.14300843289470533,0.9266843844446199,0.9265048196780945,0.9240087110265599,0.9267868714607774,0.9267594064570446,0.9260828835661724,0.9215457402286696,0.9323068038082373,0.9245255886961219,0.9223532766006401,0.9224466279445789,0.9267594064570446
-0.033634737691167226,-0.032735671780125486,-0.031942235635502025,0.8575116985975251,-0.033314470414022634,-0.03298147266090152,-0.030543026923371998,-0.03329884957035894,-0.03320501780034027,-0.03215763986187927,-0.02762746988997071,-0.03682113314128757,-0.03308157742343781,-0.030811371184191912,-0.02836162641104137,-0.03320501780034027,1.0318250667636508,1.0327820849077696,1.0279899892589528,-0.1138087896821276,1.0330825752400723,1.0328689539036402,1.0331050151659977,1.0331329434494876,1.0332050178003402,1.0357351892375555,1.029726631036835,1.0364938155120473,1.0313256293106436,1.0309095344669343,1.032382386075364,1.0332050178003402
0.005384689518700729,0.0032877751030079864,0.021351902785013272,0.9870157802780003,0.002746582952014279,0.0033352623828565727,0.002329510150858429,0.0027608858565865316,0.002802956336042943,-0.0007929723417358927,0.004397716752948678,-0.003116072497278039,0.004868105598806027,0.006388373855420942,0.009032659840600346,0.002802956336042943,0.9973676083020719,0.9967073797103604,1.0058982606033409,0.015256286047618861,0.9969530921779389,0.9971439086246227,0.9957834042019181,0.9972196945850842,0.997197043663957,1.0029796594981082,0.9853878597687273,0.9941071914864477,0.9969520599518344,0.9969038165274817,1.000418329480652,0.997197043663957
-0.025293497056104605,-0.024901928514047152,-0.018437639653341793,0.8307647448723832,-0.02525749196250638,-0.024595217109620832,-0.023674092406252668,-0.025310645072898274,-0.02524391151308352,-0.03069498549440011,-0.025006599611231303,-0.02549136026826629,-0.02399150342148,-0.02198684660617873,-0.022150820357961145,-0.02524391151308352,1.0228976804479668,1.0243427907553546,1.0162252644015668,-0.13182120500230177,1.0251959607867505,1.025481284406784,1.0240814165863947,1.0251919407550114,1.0252439115130836,1.0238234890785878,1.0143371888685548,1.0284866383725597,1.0257837811928834,1.023593648440215,1.0253004954306377,1.0252439115130836
-0.03620800131987289,-0.03656890591168562,-0.033911137088913364,0.9644831974050286,-0.036660533978054514,-0.036638924657087735,-0.03630473893719285,-0.03664293611807253,-0.03666551878986209,-0.042967990105211185,-0.02900219426618714,-0.033322790118477,-0.03573306146324936,-0.03515932759467286,-0.03560486214363084,-0.03666551878986209,1.0354536935533412,1.0361533650089134,1.0328005607389268,-0.020542879889302146,1.036562177377339,1.0362181047353685,1.0359862442387098,1.0367000619979008,1.0366655187898621,1.040553739077026,1.036666156804856,1.0441095065298434,1.0344727439210233,1.0345519119062168,1.0351837261495704,1.0366655187898621
0.0007762624774030222,0.0010859865588295652,-0.010158986448160224,0.9067117215718503,0.0006494304350303069,0.0007805090792417133,0.0034083419240356844,0.0006122963512286131,0.0006101939930168444,0.0024225727949863146,0.005501883035792863,-0.0006230217520746574,0.00034885212212306863,0.002007129279599071,-0.0014117377425120435,0.0006101939930168444,0.9976111766267429,0.9985287094711893,0.9803309086679004,-0.05807498459088145,0.9993599146233768,0.9989902656295114,0.999624219108286,0.9993903365783544,0.9993898060069831,1.001396283880595,0.9928749595540508,1.001933438175512,0.9970782828070036,0.9967150368426999,0.9926436304848155,0.9993898060069831
-0.0025414303444939506,-0.0028589948440735815,-0.005119938661752568,1.0305559479687876,-0.0032352002592153065,-0.0025489187839460746,-0.0005399000759623294,-0.0030784773422102133,-0.00311485456251747,-0.008329919754896936,0.008668534722069304,-0.006576089585336838,-0.0018476070868387786,0.0007095433809466007,0.00020030803987298405,-0.00311485456251747,1.0019700677952927,1.0025367694591052,0.9993507929327275,0.05440135144759828,1.0030819331047143,1.0032213625645636,1.0024021230313638,1.0031387509013603,1.0031148545625175,1.0037817149894483,1.0032906586808747,1.0018434235537248,1.0023445856944466,1.0025087155680195,1.002629735985709,1.0031148545625175
0.000872887472359182,0.0015616765050886056,0.008792838897968397,0.9678309861520659,0.0004493559098071421,0.0008037564732993924,0.002950115268605083,0.0005022520812416015,0.00046404500038095005,-0.002329475467140326,0.008052200254975035,-0.005829747979901997,0.0007263678846780442,0.0016256075176434486,0.0011692925005635235,0.00046404500038095005,0.9979068451389528,1.0000507450295688,0.9901175448481796,0.011896032292979863,0.9995003441164118,0.9991899265981506,0.9995925411323481,0.9995140705136858,0.999535954999619,1.003015291927256,0.99072228387556,0.9947966308486664,0.9984605663277583,0.9965873790216205,0.9974221574643054,0.999535954999619
0.026767680848975527,0.025456872222956853,0.02757737670161938,0.9785590245400064,0.025853604791134903,0.02571721359332866,0.028025894113235278,0.025802345286236077,0.025810498713902553,0.03223825414050749,0.043070816930678636,0.026663788762790516,0.02837798452468655,0.02796657302313499,0.024465307878187677,0.025810498713902553,0.9736909407298185,0.9741634581975488,0.9610433301439163,0.02534142853301502,0.9742989210667307,0.9737077454290589,0.9723015688369601,0.9741668048660869,0.9741895012860975,0.9806410519124447,0.9752346446242905,0.9756412221762365,0.9740229622630027,0.9738294951936162,0.9716284068602433,0.9741895012860975
-0.006123992192527049,-0.006171705318487035,-0.0018845535454628756,0.7848304155043664,-0.007002622628910018,-0.007011982329815309,-0.0065447139279465084,-0.00705454104140461,-0.007084182183446454,-0.014246583808646992,-0.0018680295394137786,-0.005679271235269626,-0.007859281072257173,-0.0058386297800180524,-0.0041505421212065146,-0.007084182183446454,1.0063233799006406,1.0072529700619715,0.9985801665833365,-0.18460432657135084,1.0072207333582646,1.0067033977637416,1.0043415396001532,1.0071352101033741,1.0070841821834464,1.011181171024687,0.997116302840773,1.0104723038329655,1.0042433110107587,1.0045490060314701,1.009183847799961,1.0070841821834464
-0.019528682621013045,-0.01897229673072756,-0.01057315514118613,1.066385763998451,-0.01967934459438934,-0.019261496069763132,-0.018622425687530284,-0.01970363971652367,-0.019675774343878433,-0.01726108327991936,-0.010812686942831148,-0.020988968564132002,-0.016569702217819848,-0.017602426905296318,-0.013979339827234724,-0.019675774343878433,1.0187910280137453,1.0201116298342698,1.0165454845864872,0.10903063524102674,1.0196306870869494,1.0195890889061392,1.0174383767050519,1.0197159662615263,1.0196757743438785,1.022598178667551,1.0111860412666889,1.0223996264176145,1.020257170287869,1.0185812919122696,1.0216879016546179,1.0196757743438785
-0.05052536357083801,-0.052712658954151725,-0.03199435016135272,1.0088722259474863,-0.05377915479726403,-0.05364676531328904,-0.05191844863711766,-0.053833489291615966,-0.0538232804318671,-0.058254663256249575,-0.051754126058556615,-0.05459666218756592,-0.05373511296935656,-0.051409187694455794,-0.05302113336847892,-0.0538232804318671,1.052023504393582,1.054297509591414,1.0512195823460428,0.044613431798731895,1.053901835707865,1.0535049028350139,1.0524188527561085,1.0537907798159938,1.053823280431867,1.059570097603415,1.0515670145408458,1.0571984118250997,1.052492160185237,1.0507852272382092,1.0515947233324598,1.053823280431867
-0.014600452637453633,-0.01311920710529998,-0.020786273716754736,0.9248811715516788,-0.01370700465829851,-0.013427761049028463,-0.012775986533404912,-0.013757042861781362,-0.013705389249270042,-0.01624803284532591,-0.005213328078117132,-0.014660105893225136,-0.011412353482109134,-0.01068966544292695,-0.009668616645198557,-0.013705389249270042,1.011523359694803,1.013054422199713,0.9988271745171643,-0.03923800687055734,1.0136477969053577,1.0134861453351112,1.0129949926123032,1.013708906160475,1.01370538924927,1.01564439654684,1.0041574740815273,1.018298786630116,1.0141863177407415,1.0121422432481444,1.0112881561490403,1.01370538924927
-0.009626185461870823,-0.011970683230936655,0.003118860624576058,1.127577755527397,-0.01217441801810689,-0.01189555086684327,-0.009364605771727557,-0.01232465185075463,-0.012341727338187962,-0.013474846973794861,-0.008588249277617787,-0.015097163097027388,-0.010545279798971576,-0.00882321697698932,-0.005948817815902401,-0.012341727338187962,1.0132190642832684,1.012277209092087,1.0147134173304826,0.17234221064011634,1.0124367668047052,1.0123559078425497,1.0116626681764436,1.0123476375561629,1.012341727338188,1.0099281805023805,0.9981929306987881,1.0139398753892046,1.0112951871992122,1.0134380870790534,1.0164985268296596,1.012341727338188
0.00197322243812823,0.0011598549947179752,0.0003234732634751052,1.0426729393724556,0.0011937003988240248,0.001522744938332414,0.0023074989509996708,0.0012107112815764366,0.00121962181548759,-0.0005368166209126436,0.003229503713188706,0.0011778190175460582,0.0013321912112267077,0.002567504765325417,0.004257426716438925,0.00121962181548759,0.9987191523285003,0.9980672987769932,0.9913631857040978,0.06940774223683754,0.9986067258521635,0.99844209467913,0.9973746974956151,0.9987685170752979,0.9987803781845124,1.000178684415869,0.992660348040653,0.9990722923552238,0.9981900034894046,0.9975597515084446,0.9962416045974177,0.9987803781845124
-0.05083704803414617,-0.052669608764056484,-0.04697913479970372,1.0654006108218728,-0.052739343143865317,-0.052412227861303534,-0.05248970694201004,-0.05280082675733944,-0.05277408188494525,-0.05195010172474951,-0.04137736635192769,-0.050201384594649054,-0.053032673779216166,-0.05057439614249724,-0.049538954795157346,-0.05277408188494525,1.0536728765471273,1.0524530972446593,1.0496844206717846,0.09959860481959659,1.052697252859465,1.0526328624874584,1.0526384265421738,1.0527676359071332,1.0527740818849451,1.0560873358633556,1.049605969617989,1.0564319690465953,1.0504628106917993,1.0504321206456846,1.052574053152831,1.0527740818849451
-0.031811014122901715,-0.030657799320468748,-0.02489467532842299,1.073328837433645,-0.031577966725442136,-0.03149207019553023,-0.03157367963043707,-0.03166832855449267,-0.03163047682394152,-0.030706361957695834,-0.022232860139470498,-0.03369610983520849,-0.030450873666282373,-0.03179970238676051,-0.030509522877894844,-0.03163047682394152,1.0310087702120037,1.0320445807232472,1.0303728873404752,0.09117844069190628,1.0315999391335686,1.0312399065531104,1.0302548846018944,1.0316280683088932,1.0316304768239415,1.0402271383380284,1.031407300757251,1.0330066300549992,1.0327963045448578,1.0300575381583885,1.0276279423620516,1.0316304768239415
0.013304238271329817,0.013904723977847503,0.022071022226449497,1.1069273800131392,0.013713798703065298,0.01403182765695264,0.016748735293081633,0.013700580731686663,0.013699883584735529,0.012297919570063057,0.019245271164396286,0.008366755443609862,0.01276010392939599,0.015195885168057905,0.014634986677665801,0.013699883584735529,0.984580386572212,0.9851760401067557,0.9928465577242089,0.1350499069649167,0.9863169448690328,0.9862219923332203,0.9854873440288248,0.9863358947636846,0.9863001164152645,0.9899055974418751,0.9727285046077092,0.9841877905773502,0.9837856276751447,0.9846699898628818,0.9860546932876562,0.9863001164152645
-0.0002324442376427342,-0.0013632130252616077,0.0029800108700880875,1.1726727411616789,-0.0017844740567679613,-0.0013689370596012605,-0.0006955004321866692,-0.0017236100931514735,-0.0017580425031449053,-0.011126846170363771,0.006971701256280942,-0.0021113101749371524,0.0012310691052112173,0.0014060375875941814,0.005782904884205144,-0.0017580425031449053,1.0006920869098523,1.00193479943098,0.9914195052774251,0.22618308187670577,1.0017028567189419,1.0014869932228465,0.9994355014129613,1.0017975629105336,1.001758042503145,0.9982655301863157,0.9910280326793206,1.0029244850334535,1.000401970203987,0.9998967412600119,1.0028104948018506,1.001758042503145
0.04224017559962112,0.042575881444259354,0.04010468411784184,1.1884724505480484,0.04248387967579339,0.04273439528418496,0.044743176190996756,0.042529365330917425,0.042537881255482905,0.03259450358508583,0.046397543215903794,0.04462522703602946,0.04699406394057118,0.043353698502945986,0.048232346817924064,0.042537881255482905,0.9570709508048382,0.95727265210665,0.9493777874925556,0.2108136982978681,0.9574358952320596,0.9570807246131651,0.9569256004606852,0.9574925565917006,0.9574621187445171,0.957043758486278,0.952068422131692,0.9610809940267664,0.9576553687121011,0.9553730893041342,0.9576886812885302,0.9574621187445171
0.02826182532809792,0.027245841410123282,0.028585984585506055,0.6629125989040111,0.027189449059581733,0.027270646238316362,0.029037212832127363,0.02714052154920756,0.027145757429074786,0.030257825974374025,0.0288726788383988,0.02947278757135549,0.029110664350879768,0.02844445206710594,0.029797466957491563,0.027145757429074786,0.9717958710673334,0.9720052818107116,0.9656182754803624,-0.3012494262668055,0.972860604291814,0.9725380001746303,0.97053223064033,0.9728802680324827,0.9728542425709252,0.9728950119755495,0.9626558925920239,0.9791111158140787,0.9724219464592457,0.9717381269295119,0.9741753672497232,0.9728542425709252
-0.010153709727250201,-0.010618822676955254,-0.0027934992138460065,1.150330381725008,-0.011022188130917487,-0.01068468030368588,-0.010711707048835846,-0.011033351811737405,-0.011016054518179831,-0.015367048323740412,-0.004978611090175581,-0.01673839975482655,-0.00783537179400381,-0.008362975041330293,-0.008333212802597648,-0.011016054518179831,1.010808980992263,1.0103474995881436,1.004328560107768,0.19050347179145088,1.011057336107243,1.0108571349238804,1.0090464269578425,1.011029825425302,1.0110160545181799,1.0114803129380943,1.0077378649386124,1.005354285326253,1.0107166359234803,1.0092899430415032,1.0086501412071511,1.0110160545181799
0.017946100472264363,0.01766732783679529,0.020879569881751228,1.0123009743079874,0.017491159131252924,0.017735542801762698,0.019331656229255968,0.017532452821098932,0.017493426150292916,0.02114472201586074,0.023329026727553014,0.017441452110439057,0.016814711487857067,0.020247834650434657,0.01753205117029143,0.017493426150292916,0.9808296592365348,0.9819324112012086,0.9724850764820578,0.04776072053380087,0.9824137122809188,0.9822485855303682,0.9812509299527039,0.9824999315255821,0.9825065738497071,0.9955446408685554,0.9712952097647454,0.9865239015853757,0.9801304441445652,0.9807236242600537,0.9801747806103474,0.9825065738497071
-0.03945836037531931,-0.03929273303096759,-0.03148258235625773,1.0965552685864213,-0.03986985527016642,-0.039826069804355185,-0.03876876851552418,-0.03987664763806872,-0.039934369421373545,-0.0396227485929599,-0.03191246608026261,-0.04422365648985312,-0.03804100451269424,-0.038399185424943375,-0.04084783405904566,-0.039934369421373545,1.0394575238398307,1.0396234821779458,1.0368040969338292,0.12899697334684368,1.0399038306268862,1.0395305182718455,1.0397803060759785,1.0400098083650415,1.0399343694213736,1.0449315790528875,1.0358751879311061,1.0370511181431397,1.0382726951504178,1.039416062127142,1.035922694129132,1.0399343694213736
-0.03043935141396461,-0.031180766192193878,-0.010908973350369312,1.1937131546079427,-0.03203951807436435,-0.03209318184281808,-0.031084170838203806,-0.03214079773929561,-0.03207369763011173,-0.03305060720373185,-0.026638838012963826,-0.03261912024349527,-0.030696769715535175,-0.03322819307284908,-0.03140717673631021,-0.03207369763011173,1.0336678657542602,1.0317157731563138,1.0451955003087137,0.22489939452761054,1.0321682458268941,1.0314578144336954,1.0317074984708146,1.032052340355388,1.0320736976301117,1.034369332642333,1.0208885490242245,1.0365699707975624,1.031779273901585,1.0265689853171267,1.0295438591379504,1.0320736976301117
-0.031675362904289954,-0.030965759818735946,-0.02610060036129921,1.222438345056221,-0.03164744219495323,-0.031194137527255493,-0.02946386915457877,-0.03162690831459136,-0.03160971154396839,-0.03491505836757022,-0.018405360266656588,-0.03134209254286197,-0.030561713145157786,-0.03015599838472083,-0.031578397833620465,-0.03160971154396839,1.028821955748292,1.0320096111663848,1.0246470680857533,0.2633434949556882,1.031497340366929,1.0312850527003299,1.0311107515745497,1.0315094479567464,1.0316097115439684,1.030207228829525,1.0267734864605769,1.036783008100638,1.0303367905819985,1.0284573637290133,1.0293758539969056,1.0316097115439684
0.050639581518691384,0.050925177801793425,0.05852976128288456,1.124906740769528,0.05036780669597092,0.05039576682585418,0.05196618624855161,0.05036622935418899,0.05042074275270318,0.04903905305921175,0.05063013260048144,0.04722342088845022,0.05116765547187883,0.05212810402356669,0.05258453156242607,0.05042074275270318,0.9492518199401293,0.9496217695190627,0.9506894038807463,0.14316278521163528,0.9495965983469704,0.9493041656753681,0.9486503995164629,0.9495569563622648,0.9495792572472969,0.9527048600974032,0.9480841792372355,0.947376621483045,0.9484025744863293,0.9490866850731962,0.9462717399119381,0.9495792572472969
0.009464818045902278,0.00891379754162822,0.012289804987722263,0.9837284093281933,0.008031695701265681,0.008271841471481575,0.009056114526063967,0.008083166017938188,0.008056860668270233,0.003529353455548011,0.011507705361201949,0.005192235227745648,0.006798535782194342,0.011205370238204247,0.01319193459517726,0.008056860668270233,0.9898542830335458,0.9917946282672462,0.978237591579918,0.028316887715262196,0.9918970816960196,0.9917413307503746,0.9889336326450697,0.9918898117771093,0.9919431393317297,0.9941727716531852,0.9806339978490008,0.991061789239386,0.9910410373432644,0.9910812393345094,0.9921532941558315,0.9919431393317297
-0.02226333632967108,-0.023161782127626637,-0.011623061314665879,1.0015832464750116,-0.022506207892582723,-0.022461783903655663,-0.021856395072693463,-0.022627032294902427,-0.022575028042901436,-0.02926104221258896,-0.011110847279876771,-0.030969509532809573,-0.021349220846537398,-0.020741974987383442,-0.021257036994631634,-0.022575028042901436,1.0207646880890984,1.021884970392966,1.0227632051383406,0.03904874489512289,1.022603815216334,1.0220394405675581,1.020365723600853,1.0225652016007734,1.0225750280429013,1.0244372223749856,1.0186111635271808,1.0166075896043578,1.0213560814436882,1.0200710046183012,1.0165974319049131,1.0225750280429013
0.02720209305918112,0.028760559789233364,0.02368472186732619,1.074044545910015,0.027461159142651598,0.027822248574354457,0.03021463831484816,0.02755663851747136,0.027579068599915393,0.02096484564398921,0.03384706328297114,0.027303810592376635,0.028625542145261706,0.027240834364510722,0.028139361250972675,0.027579068599915393,0.9721414080911551,0.9727071581296521,0.9581245385523166,0.10726789799926606,0.9723371771003948,0.9722862787661392,0.9718342620767986,0.9724599780089365,0.9724209314000846,0.9686264622984807,0.9624834105776434,0.9749807781661669,0.9717607111887399,0.9709727248383099,0.9713940370941774,0.9724209314000846
-0.04864781686596621,-0.04764986362052253,-0.04354168441942868,1.1004532927908273,-0.048371730208084586,-0.04766035390555854,-0.04716615979357527,-0.04824209281988934,-0.048161464539091224,-0.05314928067686454,-0.04197568678316346,-0.04879584349088603,-0.04663696151912014,-0.04446151454569308,-0.04106821223728415,-0.048161464539091224,1.0458443870740242,1.048379075061612,1.0398931897307715,0.12848154985932914,1.0480269286380397,1.048038512747638,1.0471129807242237,1.048136312361829,1.0481614645390913,1.053031597177954,1.0424112876917395,1.0516702488769276,1.048859096354144,1.0487978124285713,1.0487720929440993,1.0481614645390913
-0.048791537011445556,-0.04971134591459623,-0.052871843419381,0.7492208787515591,-0.04924006244818963,-0.04902942534827722,-0.04868149396742353,-0.04926217022923217,-0.04927492983354482,-0.050416247624784326,-0.04481630021111508,-0.04339842416514769,-0.047125765358085325,-0.04726176842992001,-0.04777676556533573,-0.04927492983354482,1.0472317154603719,1.0485386405749468,1.0333952833173476,-0.20988818599385195,1.0492478888578158,1.0490573770686664,1.0469365271475541,1.0492964566036835,1.0492749298335449,1.0525232175685892,1.0437330085211758,1.0509992725062798,1.049223440730191,1.0463163361722068,1.0478505843863903,1.0492749298335449
-0.014449458638843019,-0.015403145595944221,-0.0004147109282750664,0.9301104424531592,-0.015812661855640377,-0.015540689180745687,-0.01561471636495067,-0.015856684210042313,-0.015859500239633482,-0.02200047457824231,-0.005920121407754862,-0.012445977199584382,-0.015866355952425987,-0.01338059814780777,-0.011766846174747927,-0.015859500239633482,1.0152582003382395,1.0154045914086212,1.0156916120735586,-0.027839104817133142,1.0158845751426737,1.0155963947537,1.0143204791027294,1.0158839714485315,1.0158595002396336,1.0156409577306091,1.0082314794478386,1.020155560684066,1.0144580169186304,1.0148630771458105,1.0164671130497172,1.0158595002396336
-0.07279371546114553,-0.07374296330175492,-0.07093804124234146,0.9697138054880379,-0.0740378539427036,-0.07376973406779297,-0.07123341239138677,-0.0741077715614721,-0.07408735429411799,-0.07431869471385984,-0.06524546572677029,-0.07508097644738167,-0.07429367365212673,-0.07322297579992268,-0.07361363997883535,-0.07408735429411799,1.0747832287790478,1.0743442515083457,1.0708441853664314,0.0036885847261612925,1.0742537207868834,1.0738882250525894,1.0731641276343038,1.0740943925912938,1.074087354294118,1.0756657094674953,1.0683449319252833,1.073587361035949,1.0729278527586705,1.072612508499685,1.0701935880291282,1.074087354294118
-0.04738499390288081,-0.04671852303492744,-0.04167552341017857,0.9880551497555219,-0.0467021311435241,-0.04619989826470135,-0.04513815167294143,-0.04656547814936809,-0.04662370801257299,-0.05317036409072858,-0.03992645165775876,-0.04961199282433754,-0.04384820696860742,-0.04359921060048524,-0.04587317609543956,-0.04662370801257299,1.044898219162702,1.0461832164672102,1.0435662591881285,0.02098570440799541,1.0465848423391753,1.046367282195469,1.044645263915007,1.0466803476235915,1.046623708012573,1.0432417812237547,1.0428533877513655,1.048491752969857,1.0448408872999153,1.0458273199053858,1.041314199371971,1.046623708012573
0.016812724246873956,0.01587473637206514,0.026312726161553987,0.8456039967635501,0.01560629007184363,0.01586780219044067,0.01920402268946343,0.015480605272933391,0.015523899770550903,0.014123483171159744,0.01793682676479474,0.013974875593784717,0.017266676253501517,0.016229603325368998,0.019007373726779197,0.015523899770550903,0.9838034350418403,0.9846185057214452,0.9806943618149165,-0.11582428476967754,0.9844068273156058,0.9843152947830641,0.9830388066559458,0.9844580443981158,0.9844761002294491,0.9848312561142106,0.9798627124123579,0.9836362461414442,0.9847933190582621,0.9812080404629683,0.9843402125536034,0.9844761002294491
0.04125427157110356,0.03886694594961984,0.05705553506275112,1.0714872880365092,0.03856451070857777,0.0389654784201898,0.042059124738764206,0.038551083051170554,0.038555094856029225,0.035134794198258594,0.05139433903583441,0.03744179209690304,0.040977854571337964,0.042814902157195925,0.04112985731166641,0.038555094856029225,0.9610366876981731,0.9616835513597068,0.9609193325430994,0.11832185204228307,0.9614222327967142,0.9612227374436152,0.9618393037049544,0.9614617966189339,0.9614449051439707,0.9632601600342288,0.9538034032259364,0.9649538862145168,0.9626708615355416,0.9617481160556932,0.9612250574328695,0.9614449051439707
-0.00746080620961954,-0.008589237118754303,0.008487837873132655,0.770079631977587,-0.008874513899205332,-0.00892468507565402,-0.005655018011443409,-0.008878023115226227,-0.008861246024502386,-0.006303985737796683,0.0003464224912883303,-0.015477478456631343,-0.009256213212023896,-0.007082758445237399,-0.0063780465885938074,-0.008861246024502386,1.007985004712041,1.0085983807541727,1.0122577585463224,-0.19646678047636845,1.0087490614082057,1.0083957861487796,1.008097518187813,1.0088531376550478,1.0088612460245023,1.011581728944708,1.0021565225717428,1.0109150554085953,1.008181379342876,1.0072036217450275,1.0103771088549856,1.0088612460245023
-0.06812962499176543,-0.06937973600216554,-0.0612035836873452,1.0553199673863811,-0.06974048407913713,-0.06933088996980379,-0.06924766850119182,-0.06972953306932968,-0.0697849396269623,-0.07611277702588042,-0.06262483807440894,-0.07012383809406209,-0.06964929166361296,-0.06764286054307463,-0.06935658699635518,-0.0697849396269623,1.0691305005012943,1.069999952859598,1.0653928614979356,0.08384915205282584,1.0697320625317122,1.0698173032511662,1.069139175131188,1.0698200455944695,1.0697849396269623,1.0713270080199573,1.065881873899042,1.069669003860294,1.0683623060294447,1.0694369821032044,1.0677514658960852,1.0697849396269623
0.005546042247355261,0.005954190012672511,0.004027188202985413,1.1021173785585137,0.005722847652954452,0.006172462682723973,0.0063528318517581455,0.00586410969796714,0.005832566465311622,0.0005345949469459243,0.013025938843760814,0.005843472219115616,0.007402894009275073,0.006933516127225099,0.005488346351011625,0.005832566465311622,0.9931006298995501,0.9935563272495378,0.9853241298550353,0.12997561997657858,0.9941354917349714,0.9941039394050278,0.9936532183837133,0.9941808729606922,0.9941674335346884,0.9986896548319032,0.9853478014370004,0.9966600443740872,0.992721735853483,0.992543744684453,0.9881307330428347,0.9941674335346884
-0.0035818616060524764,-0.004874159672782968,-0.007604879492308024,0.9796845852923162,-0.005581216345795988,-0.00519101147884805,-0.0035661157237014247,-0.005533742233548774,-0.005577507575656413,-0.005670199011990297,0.004700011542917573,-0.004317332392505527,-0.00464469713497504,-0.0037130337555105935,-0.009588368453104599,-0.005577507575656413,1.0046959798896196,1.0054603205811776,0.9949180114025304,0.007906688091869785,1.0055852464970125,1.0054472804741814,1.0052685221492166,1.0055687647870641,1.0055775075756563,1.0114207548678154,1.0057357333937929,1.0050416493854384,1.0052285918794797,1.0049260521907377,1.0000315599061458,1.0055775075756563
-0.02192106664650986,-0.01990477251922634,-0.021042932285262425,1.1007253769280467,-0.020465553548276606,-0.01984622480203339,-0.020008073220258375,-0.02038461493117673,-0.0203336577318126,-0.026075722279309186,-0.01665967606229017,-0.015590499235271463,-0.01958409476597538,-0.01797343215233863,-0.017512900870701925,-0.0203336577318126,1.0181312163007776,1.0207306255695057,1.0169766023612037,0.12317574851898738,1.0201970216314888,1.0203932182423074,1.020179302902823,1.0202922635582123,1.0203336577318125,1.0181949513472577,1.0068804241821139,1.0258058138690627,1.0205625892783532,1.0213302343194819,1.0211878048290626,1.0203336577318125
-0.04054393696296792,-0.03980635582308621,-0.038186371844758524,0.9350559978713763,-0.039857856833271095,-0.03914534746793343,-0.03814967107702242,-0.03984524531127548,-0.03985441094737657,-0.033375157566073684,-0.031030953536534286,-0.04774373377334059,-0.037379352926179395,-0.03616155808027959,-0.03532108151521421,-0.03985441094737657,1.038769972300439,1.0391296816161468,1.030459353528687,-0.020981471768081628,1.0398166347789057,1.0399338962895774,1.0387839027279262,1.0399197591332978,1.0398544109473766,1.046205532034195,1.0295102740071858,1.0379074287665004,1.0387404034488426,1.039237425662094,1.039601783480706,1.0398544109473766
-0.018089888898461744,-0.015746362325666924,-0.023937210214229367,0.9222444518461851,-0.016676726168096276,-0.016329920295662548,-0.014138043683847213,-0.01666904137984299,-0.016599364227633466,-0.018615697167551164,-0.010145348640090007,-0.01975634993627425,-0.013471107610006071,-0.01418939846043793,-0.017408058926302844,-0.016599364227633466,1.0141349969367428,1.0165189861583905,1.0053046585102416,-0.043999603048773706,1.0165074592340402,1.016143879940771,1.0164912513186246,1.016523653247875,1.0165993642276334,1.0156075589780678,1.008475561209877,1.0190485877386701,1.016750592398657,1.0134978887583461,1.0103135676878534,1.0165993642276334
-0.012249224364433944,-0.013219363389631868,0.000263882975486055,0.924755819759352,-0.014273389854830827,-0.014261348586396333,-0.013801074783748831,-0.014345858659001039,-0.014385295327626613,-0.015738776079760528,-0.006406372241270313,-0.017161601758528062,-0.014372468834288566,-0.014911278751795792,-0.011003971450996155,-0.014385295327626613,1.0133620356954383,1.0150916620805384,1.0146419336695216,-0.03275263488298297,1.0142928075959627,1.0140185171142144,1.0105243370335608,1.0144268126102738,1.0143852953276267,1.016521541191967,1.009255220926098,1.013194094019073,1.011932962650739,1.0119338067632035,1.0144929178887516,1.0143852953276267
0.07186204765190853,0.06963055038697356,0.06510470781909049,0.9277455270921363,0.07003555947495062,0.07025978702523357,0.07305469924107681,0.0700611379110632,0.07006502714953194,0.07290094469999875,0.07968248796263674,0.06490842115587915,0.07147706792007566,0.07382674536498966,0.07367700950040047,0.07006502714953194,0.9291692783682663,0.9300163061932704,0.9153031030090721,-0.03997792571023617,0.9299426432039332,0.9297886218273784,0.9295293752994152,0.9299105702216058,0.929934972850468,0.9369609670738455,0.9288111354303049,0.9274908805318403,0.9277534943592245,0.9300125292144885,0.9308066690765305,0.929934972850468
0.028367905881077817,0.027892326061898495,0.02859809654279153,0.9424544099891248,0.028341107601759702,0.028595486738180693,0.027919679864171897,0.028421801235843282,0.028398816322520736,0.02886489572248005,0.03942121998733628,0.026323010985122137,0.029614825286314376,0.028865636285228098,0.028135407617248177,0.028398816322520736,0.9707561230848898,0.9713652089778378,0.9671360912213848,-0.03933438587626359,0.9715997399722373,0.9714895849089943,0.9697001067664766,0.9716630058137229,0.9716011836774793,0.9779404576413945,0.9715847757631897,0.9707280296015647,0.970180923340331,0.9692512814589493,0.9707894059489697,0.9716011836774793
0.021234854982810338,0.019638243712953498,0.026978673947357014,0.7093951842723223,0.020165744919456247,0.02024798753150627,0.022165025932439558,0.02006472828225431,0.020036100485856488,0.02674835388613577,0.020139523896036234,0.01831441810225193,0.02262840676011353,0.02229447488572683,0.02325772363479419,0.020036100485856488,0.9776776895153645,0.9787571122362322,0.9715930881504145,-0.2558210002729293,0.9799084134778012,0.9797323719687953,0.9800696853608174,0.9799879530098694,0.9799638995141435,0.9979685270513885,0.968524291426937,0.9801139712834346,0.9807861355420912,0.9779146733116245,0.9770793949513322,0.9799638995141435
-0.015115462043689312,-0.015577844963740728,-0.010106388601658401,0.9918873953785129,-0.015015332364516193,-0.014724268861438834,-0.014521225687537286,-0.01509803763139529,-0.015069406314824646,-0.022210089320810568,-0.010692816195807,-0.02093356988664857,-0.014802061057877262,-0.011829850404417742,-0.017725826496630882,-0.015069406314824646,1.0124184769581641,1.0141657233264123,1.003503344089177,0.024142744406259298,1.0151323903576033,1.0148356331941129,1.0134002471286772,1.0150209723486845,1.0150694063148247,1.016294408322294,1.0096554538426035,1.0116952821448326,1.014521715793652,1.0135205063294583,1.0099133980558166,1.0150694063148247
0.008691817588965964,0.007562481046185939,0.011240821123741794,0.8964757167780463,0.00771845848700183,0.008114910980084914,0.008972095250138465,0.007682123002760023,0.007619127706926366,0.004872654304911843,0.014496713660489933,0.0042510416917444045,0.009466480832797311,0.007107720436564648,0.010718041749514599,0.007619127706926366,0.9923439006321507,0.9918624256558749,0.9880306603277158,-0.07561667000897865,0.9923887358850373,0.9922256203285219,0.9909190577551398,0.9924466828661574,0.9923808722930736,0.9950819718467384,0.9839408231465614,0.9932648254858106,0.9921110859085772,0.9909847423568682,0.991061281670785,0.9923808722930736
-0.051376267613208425,-0.05377610265265291,-0.0490560402558312,1.001154283513085,-0.05378385305106474,-0.05339490141498372,-0.05217190550148693,-0.05371066348232566,-0.053732155029528966,-0.05003318210638413,-0.03848502282104039,-0.05708599483804872,-0.05103524901748018,-0.05323752752138068,-0.05054024341057908,-0.053732155029528966,1.053450409210796,1.0528073169917533,1.0436332576985805,0.049831470030762826,1.053713020835462,1.0533981048135015,1.0528509696245618,1.0537553845844159,1.0537321550295289,1.060348332507488,1.0510988097063476,1.057013268624227,1.0531267732203131,1.0496701499926389,1.048925097894028,1.0537321550295289
0.05990656267105253,0.06025198911462225,0.07321208143710439,0.8478174355633497,0.06018214393348436,0.060321261531206906,0.060178311491301005,0.06013290526519822,0.06010349421029871,0.06717954585869418,0.07027138758523355,0.05603025893027408,0.06104971942615295,0.06201859240205411,0.061291564472841446,0.06010349421029871,0.9388981468175461,0.9397458398753932,0.931084095673826,-0.11065531746352009,0.9397956367527242,0.9394804372073571,0.9387435776204653,0.9398921528916271,0.9398965057897013,0.949685636453738,0.9348601129168608,0.9427567288899372,0.9384911303455932,0.937600959903323,0.9384832089740631,0.9398965057897013
0.03224716144888377,0.032117988752342404,0.03381517248291397,0.9322939215572612,0.032134890107725377,0.032848270956831224,0.03238195120772419,0.03217489710214301,0.03216761472592802,0.02991888362308592,0.03980116418541079,0.026087415847994923,0.032566646177131446,0.03420533047646977,0.03660788400090953,0.03216761472592802,0.9671490492214122,0.9670141375774989,0.9679036271157789,-0.05148031560608235,0.9678430057032371,0.9679320084549025,0.9663235759505289,0.9678766677284403,0.967832385274072,0.9729835189898423,0.9602669605102052,0.9688025122344155,0.9677190868798744,0.9673574329628849,0.9663397906871483,0.967832385274072
-0.05389135448325255,-0.05469507502801236,-0.0495617985284055,1.0582684362290642,-0.054599628037777556,-0.05425345289104073,-0.05228587859147743,-0.05461280555013283,-0.05466547478028421,-0.05218934889972173,-0.04910465794826231,-0.05955683559189651,-0.05454178128750889,-0.053869062912256224,-0.053956144982949414,-0.05466547478028421,1.054776074640632,1.0546386104730805,1.0497627364682833,0.09027618833374562,1.0547168215823977,1.0545436183345873,1.0525617656320636,1.0547432164921866,1.0546654747802842,1.0578459421636925,1.0452908258095706,1.0578626089161223,1.0539080611415073,1.051346762484445,1.052112722360806,1.0546654747802842
-0.018197914856592723,-0.019354655753174785,-0.01393260105815094,1.223772482030428,-0.020095197258674535,-0.0198391692151743,-0.019981113858807756,-0.02001631328190153,-0.02002619475751389,-0.023967665366015453,-0.014268178759011993,-0.016933527453484337,-0.01958211370924668,-0.020293503361364085,-0.020869097120448488,-0.02002619475751389,1.0183941254954554,1.0200604093544694,1.0182178590022584,0.262377834485262,1.0199927966917837,1.019779844117392,1.0180017874375558,1.020040135834298,1.020026194757514,1.0189997389540042,1.0103832555898908,1.0210143461075554,1.0183344783669004,1.0186940656085717,1.015115568797762,1.020026194757514
0.013857274320636928,0.012932940277427066,0.010249204528519714,0.9389524165861965,0.012826734883686625,0.013111503039136899,0.015399093283074886,0.01277708261115549,0.012812299297853257,0.004918206535992833,0.02866872826184383,0.014236733211409704,0.015564916897739997,0.015432926678642532,0.013748335882032892,0.012812299297853257,0.9852462182654286,0.9870565039089236,0.9676389289658528,-0.015521006659314773,0.9870309253958597,0.9869839987230012,0.9853867105695875,0.9872120727244638,0.9871877007021468,0.9862197986976794,0.9863838448098465,0.9898882627265404,0.98603536527338,0.9866929901063602,0.9871387516284704,0.9871877007021468
0.005591701501230803,0.004955324924099661,0.011196925029637117,0.9996538885775388,0.004869096725060159,0.00508175242711373,0.00611904161549783,0.004961575006966689,0.004972948509100514,-0.00266539648684879,0.0039991565091735855,0.010674530478204144,0.006493916959841423,0.007069618809101112,0.007990971212972542,0.004972948509100514,0.9946385567023398,0.9952017141956951,0.9941769056583225,0.02317590318435203,0.994935635963127,0.9946978241871186,0.9946006791474566,0.9950387058546486,0.9950270514908995,0.9912998918857323,0.98623354003693,1.0040574802187059,0.993271734424063,0.994168197481879,0.9941260372715063,0.9950270514908995
0.004160937563957967,0.005343162028795328,0.00790225070257117,1.0945010284049015,0.0051812431935345975,0.005502332723058068,0.005147507144586007,0.004980392384490115,0.005023484480412037,0.0019142586746469196,0.009265195850430017,-0.0003005942590085197,0.004811023637171124,0.0053008769187431,0.009825766905088856,0.005023484480412037,0.9919519748687391,0.9944221217739876,0.9887410147513783,0.12816329954332228,0.9950388996426748,0.9950774375953909,0.9919722257097544,0.9949946343146235,0.994976515519588,0.9970989934578349,0.9854275194302107,0.9930124614045094,0.9933224526632712,0.9922009484120337,0.993529936090244,0.994976515519588
0.014189603717462,0.013247152303919527,0.00626552470947639,1.187956584700991,0.013862996781395362,0.014211765201023317,0.015379397918931781,0.01401161702647851,0.014012269824735964,0.0204416080426133,0.017977143276529595,0.010909029885874224,0.016153437612313016,0.014787666214012892,0.016088754572482367,0.014012269824735964,0.9837989366943518,0.9847429282693054,0.965730753454535,0.22096670780217098,0.9858872087925891,0.9856735349440461,0.985490229966232,0.9859270196253631,0.9859877301752641,0.9926031832025451,0.9809608434782703,0.9874612989825834,0.9863643977372177,0.9826739059258386,0.9852352272466992,0.9859877301752641
0.0061228267557592924,0.006143827069309531,0.0028020974433562535,1.2450579390046743,0.006372326438499576,0.006759911192982612,0.006268721941706705,0.006196763579181837,0.006307499658321455,-0.0030978424610848664,0.004982525785882798,0.003100837208753479,0.009925961769569157,0.010624568907880483,0.010079969222166087,0.006307499658321455,0.9915083625875912,0.9928966372251182,0.9763152663153492,0.27720961851647263,0.9936641347496933,0.9935292624815844,0.9910236349305594,0.9935664032745569,0.9936925003416786,0.9895906462780826,0.9823296354622295,0.999751303395271,0.9945002087011643,0.9941808154133595,0.9902636250241496,0.9936925003416786
-0.066089848583107,-0.06727197021589829,-0.06525924640096935,0.9818246054990762,-0.06742823885413962,-0.06719015168564879,-0.06755480981229241,-0.06743797178405829,-0.06743447281478379,-0.07380665665101056,-0.06083928085404067,-0.06658577242446595,-0.0656719226985412,-0.06664033515619597,-0.06516649196869155,-0.06743447281478379,1.066167408889364,1.066272525121169,1.067443965578603,0.010317651066492628,1.06748401898736,1.0671232037894183,1.0639005019517158,1.0674357569548292,1.0674344728147838,1.0671752435773914,1.0566285958195027,1.0708957941412323,1.0688718197323541,1.0645632872436734,1.0661719023200373,1.0674344728147838
0.03226192013867252,0.03044319512014802,0.032158254344401345,0.9161924534537276,0.030483944644900077,0.031021926227948544,0.03218714359753584,0.030521073955844302,0.03050926977606791,0.025642513196990704,0.03708282002062388,0.028575988097617813,0.031212486037951948,0.03308186352230774,0.03549414444703654,0.03050926977606791,0.9693460118579443,0.9690350055829465,0.9635187268821993,-0.05821857432998723,0.9695236388613456,0.9694588627611899,0.9689798797336303,0.9695044557991442,0.9694907302239321,0.9707516541357009,0.9663861693243704,0.9683049432331012,0.9687935408736464,0.9683737353068848,0.9714006054806459,0.9694907302239321
0.015636024236860738,0.016258388145117618,0.03232462213513352,1.0397216182116136,0.016755906141948104,0.017046341138220365,0.017606014251050652,0.016566965017722,0.01668759983445318,0.016060744988114068,0.021735623004424394,0.015458586189041166,0.017282309010652714,0.018806538603791532,0.019439690568282465,0.01668759983445318,0.9818685746897202,0.9831780984402283,0.9904802995387585,0.07308531248571914,0.9833012164345796,0.9831077150969699,0.98193562680792,0.9832933499371954,0.9833124001655468,0.9858393697113176,0.9741937546931192,0.9825652816296021,0.9793856244719341,0.9821509556794494,0.9849741704047184,0.9833124001655468
0.05337331663302146,0.05380996349229789,0.05690913910210659,1.0676844782058053,0.05304938772987005,0.05327394061737843,0.05230810022546116,0.05313713853911942,0.053101168994986736,0.04601466133480663,0.05968958345818696,0.05420066276456095,0.05343343238518893,0.055485006231244846,0.05571213479251449,0.053101168994986736,0.9465587802963962,0.9470868700232069,0.9441401469345098,0.09857180982409486,0.9469217126094229,0.9465751179076154,0.944347762230004,0.946956275361127,0.9468988310050133,0.9432175904966692,0.9406696708495579,0.9454329812648903,0.9462167291830076,0.9460215449166546,0.9468200608396233,0.9468988310050133
0.011264365495001566,0.011639615188455995,0.009468783956150367,1.0870355013039121,0.011258656747885176,0.01183359059095584,0.01404490348947543,0.011374649065316347,0.011433333238480677,0.01303518743602372,0.021106376049907685,0.012423079966299195,0.011903730889731854,0.01275237278931854,0.011743455547055387,0.011433333238480677,0.9871020882735985,0.9886844006470151,0.9806629974187998,0.12301865763501796,0.9884151542386178,0.9885159892767663,0.986252819313683,0.9885945153993557,0.9885666667615193,0.9930753721096814,0.985452980382502,0.9873527848445465,0.9865505725497412,0.9858255980069002,0.9854230482378357,0.9885666667615193
-0.046994057586316355,-0.049788990877484826,-0.046286457532668523,0.9653514531483122,-0.04901614112700908,-0.04905417982181958,-0.048330641890448625,-0.04926080262887471,-0.04921395158975773,-0.04966492073193407,-0.04589606143004364,-0.04643933863440291,-0.04786966542587398,-0.04833284819313076,-0.04988429255334596,-0.04921395158975773,1.051156506714957,1.0477038772163012,1.0418054966831263,-0.00559378872404892,1.0494165211764441,1.0489217693808333,1.0482909401906677,1.049196637685737,1.0492139515897578,1.0542625346053456,1.04343368676953,1.0505303847140193,1.0481482357432308,1.0483626794034804,1.0451518542054516,1.0492139515897578
0.009056357565406918,0.01047214619703721,0.002347755279883057,0.7789810391988872,0.0092898947601503,0.009268520944334396,0.009842434309579083,0.009390622032313943,0.009357918381112185,0.015056702414538716,0.019128093563750285,0.008576505150661912,0.00968861616126916,0.008545998655921053,0.012765887304291599,0.009357918381112185,0.9884759304066124,0.9904809691821951,0.9830258378932117,-0.17935196806628406,0.9906217722434155,0.9903265437015663,0.9886619443526573,0.9906996785783866,0.9906420816188878,0.993282987050883,0.9792988148471207,0.9912647139668199,0.9884678657455072,0.9868364040893169,0.989696080515866,0.9906420816188878
0.03019294523887069,0.030567115791485973,0.026462064892446877,0.9210913399268233,0.0302679063077069,0.030609326421419697,0.031080373273154865,0.030362658248333403,0.030395672602907115,0.02784785230475586,0.036258524119837265,0.029052782677224772,0.03008491958518432,0.03065249840198511,0.034516683903083864,0.030395672602907115,0.9679715075056738,0.9692701966347679,0.9555363457489396,-0.057154036050013124,0.9695332351771669,0.9692895432889418,0.968614145281566,0.9695654979957158,0.9696043273970929,0.9728985625911682,0.9686515010328836,0.973370138845696,0.9678028639843795,0.9673263608120455,0.9683896303434617,0.9696043273970929
-0.07630088259749371,-0.0765064580448753,-0.06760582880473415,0.9290841730524974,-0.07599858131385896,-0.0757267892540356,-0.07596251759118276,-0.07613555553867755,-0.07608718823162727,-0.07782715063760874,-0.07298448108194183,-0.07887945531268178,-0.07627002442323824,-0.07638004490074292,-0.07463602036406776,-0.07608718823162727,1.074717431709837,1.0757670686391025,1.0734558434839168,-0.045120546088659674,1.0761937165723485,1.0760761191666741,1.0746492623064199,1.076033059039897,1.0760871882316272,1.0808720272210672,1.0705598816103885,1.0709609848784454,1.0764379693710837,1.072118500133307,1.0752685086099325,1.0760871882316272
-0.045508428684627664,-0.04506604663231038,-0.04923715211188183,1.013502463328783,-0.045828141833418,-0.04576229947294316,-0.04421747818909256,-0.045822179188161234,-0.04581800320413839,-0.04235470982601465,-0.04041684753392143,-0.04752230743635727,-0.04415380079185343,-0.044583401235565416,-0.043645770884115254,-0.04581800320413839,1.044351857690747,1.0451392723154431,1.0364049107364073,0.04788887722281232,1.0457636029729382,1.0455471194439045,1.0436947148852955,1.0458124413756784,1.0458180032041384,1.0537425218701926,1.0378976528712642,1.0450880172332626,1.0458733925602663,1.0426872510647105,1.0424286469727733,1.0458180032041384
0.0010135063562409048,0.0012041292559919561,0.0020325135088077218,0.9070959835744975,0.0016414360084513187,0.0019341992095508061,0.0033726653154775295,0.0015745119669514206,0.001616095547925634,0.000911248242081006,0.0071478220230766784,0.0027924401437457854,0.0030717950637239033,0.0005421684372687825,0.0034846955390493086,0.001616095547925634,0.9956224384133772,0.9974013810952373,0.9888812851954909,-0.0632389528733508,0.9982981144483213,0.9982477195617703,0.997671101366251,0.9983354122001,0.9983839044520744,1.0049976855351619,0.9935748074253182,0.9986700520931979,0.9978700750816343,0.9950024810001455,0.9960831775083681,0.9983839044520744
0.008952269499955682,0.009479653807193834,0.014671604862681053,1.1039854485113003,0.008244911488753217,0.00842628454211218,0.008691252691550789,0.008228117335682284,0.00822360414861869,0.006823639223618482,0.019206559339331408,0.010512637861069634,0.008407113862333953,0.008280191235755867,0.009550196093245254,0.00822360414861869,0.991090088655937,0.9925966374696668,0.986453908500838,0.13776687407478172,0.9916809910362204,0.9914228048497346,0.9916427283232753,0.9918245275483215,0.9917763958513813,0.9937452092807637,0.9914882182608755,0.9927159392098887,0.9901476689105463,0.9890127991464759,0.9900365047803855,0.9917763958513813
0.021209006250852182,0.022346648676100943,0.02993323084914234,0.8395765780423299,0.02273373663570711,0.0229785329196709,0.022819975887630545,0.022703540427704057,0.022708355942306312,0.018685696767706778,0.028269799264563494,0.021046506951173903,0.023201876416753614,0.023277498256338104,0.022294179465278407,0.022708355942306312,0.9757151493485033,0.9765230239414964,0.9763889304268991,-0.12250448934805291,0.9771907992357557,0.9772343811882647,0.9756675061679567,0.9773552060353626,0.9772916440576936,0.9766159324697353,0.9615239866178099,0.9758225729782277,0.9742553803517152,0.9743940774539969,0.9768576792694853,0.9772916440576936
0.07550613562091761,0.07380288548203105,0.09624093466758483,1.1096737353731883,0.07315567142960497,0.07345941883512118,0.07459626553037983,0.07325348918830654,0.07322781896855128,0.07025444743799272,0.07696979841887872,0.07117372801539576,0.07410968792756659,0.07520235632772244,0.07227596861015251,0.07322781896855128,0.928173824914071,0.9260690087237403,0.9317535085666407,0.14495397226212736,0.9266889696142431,0.926707604481982,0.9263569585336928,0.9267617003116203,0.9267721810314488,0.9318862823295473,0.9179356667724041,0.9259953615327146,0.9251096990228888,0.9259189199700149,0.9236690751940383,0.9267721810314488
0.009258429384066584,0.005346445386213455,0.020259712027444435,0.7673661200394963,0.005699561662165628,0.005950426734709778,0.005568696255175383,0.005752454517474028,0.005687030100987886,0.010556948560051856,0.017072504715595484,0.007400364107316581,0.007491282748716497,0.005980237827654733,0.006623220705981759,0.005687030100987886,0.9969658072517649,0.9934763690918984,0.995220798370675,-0.19766567017459002,0.9943321037498092,0.9940231395719877,0.9927479257770525,0.9943443005935731,0.9943129698990121,1.0042162514233688,0.9946220350463058,0.9934140791744325,0.9947756014255249,0.9926427442509549,0.9917285438194967,0.9943129698990121
-0.0019497803649335369,-0.002575074871757249,0.0014801174490621375,0.8581386691659821,-0.0023297212640883435,-0.0022214018759505474,-0.0012291739026197347,-0.002273117839137472,-0.0022695733554911664,-0.003926294806074036,-0.0032942435198876634,-0.004125365295640549,-0.001866536900092934,-0.00021845939191757842,-0.0033396215780303984,-0.0022695733554911664,1.00134008288126,1.002093348245835,0.9887254419562683,-0.12341371884036523,1.0022063399048702,1.0019310364759815,1.002100867913043,1.0022265195810283,1.0022695733554912,1.0049292205969642,0.9971053441610158,1.0059804410349333,1.0019719390136153,1.0027727001347286,1.0004317393775,1.0022695733554912
-0.046866912487258175,-0.04661241444292917,-0.04678247899533266,0.9302979704969078,-0.0469858000582437,-0.04681217284265807,-0.04552005904996952,-0.04696609979047531,-0.04696542028984667,-0.042455546994798664,-0.03118438032830979,-0.04699645080347092,-0.04643514093568916,-0.04550150860528449,-0.04721415793738072,-0.04696542028984667,1.047052230518881,1.0469962916490865,1.0351914935028435,-0.04624458725634195,1.047019489764103,1.0465815281396098,1.0472215666951563,1.0470403223888347,1.0469654202898466,1.0575928562195587,1.052759460526871,1.0521977754373273,1.044363183798516,1.0455276148848798,1.0447674582200068,1.0469654202898466
-0.01658207812208764,-0.01965158576375804,-0.008421758702949629,0.8961687698206868,-0.019610642822767595,-0.019524504398080494,-0.017551087761273395,-0.01968551891024223,-0.019699113854130396,-0.02109798816522941,-0.015952970649249727,-0.0216445440283618,-0.016854995188479074,-0.017504662699132544,-0.017532779378720095,-0.019699113854130396,1.0209329709076294,1.0185994479027167,1.0217513129200624,-0.07149751055482523,1.019772007028555,1.0192731545819775,1.0197783349026737,1.0197096369915857,1.0196991138541305,1.0236062581935728,1.0111949634858528,1.0229420776209934,1.0186339523577375,1.0183304745288864,1.0157669247665038,1.0196991138541305
-0.03410233819371533,-0.03471333679360325,-0.03219115463805097,0.9095262034494714,-0.03590800713966005,-0.035598972598085935,-0.03331994789189314,-0.035819320618904096,-0.035912687634335846,-0.03621835019111922,-0.026842886815849183,-0.03408405777715186,-0.03350496334795904,-0.03636756036985186,-0.03351133861975268,-0.035912687634335846,1.035326619165475,1.036201283828375,1.0316970784469932,-0.06623197724374674,1.0359591535561707,1.035712533978408,1.0360688934890299,1.0359564277251356,1.0359126876343359,1.0397777761064357,1.0364153744348517,1.0404734888147507,1.0357878372302243,1.0338316238144265,1.0355801002395748,1.0359126876343359
-0.027508249706363383,-0.0274409995702821,-0.03125883407534123,0.8783882766637414,-0.028108289502763156,-0.0279181049551982,-0.027778223695628622,-0.02814949295828192,-0.028173808667516537,-0.028554111381256256,-0.014754554113330988,-0.031450460685268536,-0.02580412599943701,-0.02553328807146135,-0.024627999358351464,-0.028173808667516537,1.026713217355719,1.0287078979066406,1.0148563783765414,-0.08637870610566645,1.0282028462573163,1.0278422316087261,1.0270621459691147,1.0281529365490483,1.0281738086675165,1.0347840505644084,1.024171729975631,1.027569962882213,1.0266754602825492,1.028115342767292,1.0279078987609358,1.0281738086675165
-0.05708253717024884,-0.05941807588687439,-0.042646133108165514,1.060911267850871,-0.05862609243222958,-0.05844047200379921,-0.0582722711824522,-0.05879057006205828,-0.05871866264666383,-0.06833939707926534,-0.05623658697229981,-0.059793223771803454,-0.05531630938486024,-0.05771719733414918,-0.05649351394358078,-0.05871866264666383,1.0587818519273346,1.0579064714059925,1.0649290412510695,0.09288730778478493,1.058784550783438,1.0584139229917064,1.0552982655903957,1.0586801501901502,1.0587186626466638,1.0532622702242673,1.0468733209055172,1.0601897142620058,1.060031975950061,1.0579140982596489,1.058722212167566,1.0587186626466638
0.030273061349653237,0.029061519984046928,0.03707780069034877,0.8493790634960506,0.029215178479513573,0.029226982617699866,0.0322954959574515,0.029078693404568298,0.02909809606703186,0.022787356584633794,0.03317968912864503,0.02958912931551243,0.030926945486318136,0.03147796771291264,0.03098186789526081,0.02909809606703186,0.9704283994138216,0.9694209527697928,0.9667731882369105,-0.11181207851254293,0.9710605331190121,0.9706113739418583,0.9709955985941341,0.9708850255522345,0.9709019039329682,0.969858256931984,0.9618459553999343,0.9726205450619057,0.9710608655182132,0.9699799770009931,0.9671703902067758,0.9709019039329682
-0.012342899833503906,-0.013131356069941215,-0.008624847052395822,1.1393083530329637,-0.01380920331337901,-0.013675301423962394,-0.012197273535962507,-0.013858681708570174,-0.013874865264851778,-0.012301468540104004,-0.0057565671585441455,-0.01354926513983806,-0.011086181919754003,-0.011395924822599733,-0.009796224232200345,-0.013874865264851778,1.013835670642399,1.0147395302361841,1.011755950526619,0.1567713251160714,1.0138305112962336,1.0138127227375138,1.0134821851820235,1.0139379507183806,1.0138748652648517,1.0215600427966576,1.0170624334667917,1.0168522950650396,1.0145628143870173,1.0120328359863973,1.0161978018953288,1.0138748652648517
-0.015527384053662099,-0.01562607571466409,-0.010826882601631742,1.0546062807585332,-0.016264558439405757,-0.016056889222737597,-0.01455106213412868,-0.016182414186997417,-0.016219566057271668,-0.021997380596070717,-0.004242392801209552,-0.01658719194335101,-0.013696211797972008,-0.01623423541552609,-0.014207430741730575,-0.016219566057271668,1.0163951163011435,1.0163764851225527,1.0221758774962477,0.08218572725906848,1.0162030370162745,1.015980228558081,1.0151656744484125,1.016276929872595,1.0162195660572717,1.0178464921470591,1.0109440102220089,1.0140050779728227,1.0149264168953076,1.013429807208069,1.0146372210481873,1.0162195660572717
-0.04222430741110062,-0.04312334916572774,-0.039511568890838844,1.0934584149928936,-0.04369571539533244,-0.04326451636009489,-0.04117216242586491,-0.04358676468502951,-0.04364687542401126,-0.04076479042921782,-0.03223420783071042,-0.041331407851919584,-0.04231357520769635,-0.04295361648594341,-0.04409705772844174,-0.04364687542401126,1.0451738330070959,1.0433387926314008,1.0360352345911468,0.1321044026965016,1.04363104598822,1.043434123873938,1.0437925089803215,1.043732617582153,1.0436468754240114,1.0507950813974325,1.0368367460694348,1.0470576245196173,1.042677458969722,1.0411120254643615,1.0403910840355144,1.0436468754240114
0.04996915870657636,0.04933964695514391,0.05838267439955879,0.7456875128248716,0.04801578681439409,0.04849633424939183,0.04944945271643339,0.048190735674660694,0.04820090732764945,0.04469885396014836,0.053765865182358055,0.04747352711756546,0.0470409217372941,0.049433381589209735,0.05364386024756072,0.04820090732764945,0.9519047999165959,0.9522672780479284,0.9533027341011242,-0.21805703290728906,0.9516093789669002,0.9517417465443253,0.9515789189391609,0.951814661483228,0.9517990926723505,0.9496976850364383,0.9458376092788535,0.9499256610738619,0.9483805181754689,0.9497062823828837,0.9527482561603212,0.9517990926723505
0.061530793724164624,0.06085125333497143,0.06499667204900121,1.0490334605914224,0.061098472146331836,0.06159372889487264,0.06055424415662763,0.06103273890826283,0.06100593986403638,0.06044577952315268,0.06822403791841077,0.059574515275701054,0.061355794747146794,0.06558638609820114,0.06342975669646057,0.06100593986403638,0.9389725318960203,0.9384934912472804,0.9383551065520864,0.08366685304016352,0.9390038143146997,0.9391299861068572,0.9353600796491365,0.9390421875201792,0.9389940601359636,0.9402028903145873,0.930746949423495,0.939330312858369,0.9367702089446767,0.9385142781770803,0.9371003909317211,0.9389940601359636
0.03408145596093459,0.030295910867008845,0.046228043336422095,1.0611782285140263,0.03088483135377027,0.031210939100273283,0.0333285852342517,0.030872004629678058,0.030888076558468917,0.028869494070421907,0.041090650870812255,0.027573947819277068,0.030697659234773505,0.03312173918665334,0.03267067400722446,0.030888076558468917,0.9699173331482263,0.9680921257999818,0.9699681836300392,0.09768687929737141,0.9690678367100334,0.9689552984268041,0.9698514801457228,0.9691211507296189,0.9691119234415311,0.9725839633478722,0.9642662892529811,0.9700615724540149,0.9658158951379976,0.9674531765396525,0.968752003172667,0.9691119234415311
0.05947267716094925,0.05672657656587238,0.0593281572209191,0.7516272480617497,0.05633680715896205,0.05635783286744117,0.05732855943209411,0.056380611782757384,0.056366461034115516,0.052779076522561925,0.056035715409193526,0.057254149312563056,0.05755449241781464,0.056715717797069895,0.056330209341644996,0.056366461034115516,0.9453354433807817,0.9436685571795519,0.9354126898694696,-0.22895446685032717,0.9437281075115561,0.9430756186663745,0.9425321459883055,0.9436233693854306,0.9436335389658845,0.9471260679773998,0.9401347220443736,0.9442390291224975,0.9437597646137277,0.9419856689508193,0.9409862797709551,0.9436335389658845
-0.020750891351206807,-0.020027966238602958,-0.023789369851380252,1.0400927647967204,-0.020769058303850875,-0.020427624643556373,-0.020367923996385744,-0.020827199235497994,-0.020760871649430773,-0.0287869674745704,-0.010179351112136486,-0.01891843743128213,-0.019305331115595178,-0.018983132428528462,-0.020949117243486075,-0.020760871649430773,1.0191705174246988,1.0201133475250752,1.0003811122979198,0.08022116014752079,1.0207414114214193,1.0204896676441542,1.0192250115480384,1.020613892485445,1.0207608716494307,1.0231567580887015,1.0106644619210365,1.0248786156407494,1.0213985767555653,1.0196704612472425,1.016140389561487,1.0207608716494307
0.03644906087382056,0.03566325177106843,0.042677302280776604,0.967514212391552,0.03596107931745921,0.03600550660490909,0.03496158794435075,0.0358944585286993,0.035888785118893214,0.031807276245460446,0.047659674023093075,0.03733783642642688,0.03762240540735984,0.03616440624485824,0.037556261523645516,0.035888785118893214,0.9628327173080535,0.9631494588806269,0.9614221675144141,0.007670168948825995,0.9641646123884569,0.9635559282270084,0.9613358424276133,0.9641441581324357,0.9641112148811067,0.9625305415182491,0.9632396151734932,0.9615018739392427,0.9643931448893708,0.961498190066177,0.9613501426422665,0.9641112148811067
0.019639815639769943,0.01904859283808088,0.026668487116873307,0.756841157918523,0.018768901635325016,0.018931683147900794,0.01930076368171756,0.018809402900838868,0.018823825389378143,0.017525287472234252,0.02627211830508616,0.017017890916359885,0.021171063871508206,0.018063308643509874,0.02341053034071603,0.018823825389378143,0.9806142056786981,0.9812100136552296,0.9738988526476495,-0.21063819516974647,0.981178098195589,0.9806983557385628,0.9793753016445315,0.9811810192351718,0.9811761746106219,0.9837074335686617,0.97935624908722,0.9823369270795039,0.980416444337358,0.9784999925811325,0.9821882931990005,0.9811761746106219
0.016292812733784873,0.01564961955636964,0.019462794987332187,0.9601892791254665,0.015664264585660954,0.015689689812751723,0.017781941501621826,0.015545031022262255,0.015527315736061973,0.01133236775073869,0.01754482336471291,0.013845794044786296,0.0171677237294169,0.016812680162810813,0.015306264153525054,0.015527315736061973,0.9837833804704178,0.984423812192456,0.9807746489449133,-0.008992361406525484,0.9844740213477343,0.98429359576827,0.983890697080192,0.9844690429919267,0.9844726842639381,0.9837533240582899,0.9754614491833336,0.9827241205669242,0.9827512269994327,0.9829217073835655,0.9826501497703012,0.9844726842639381
0.05581197254766418,0.05518266829220555,0.06923062684393476,0.954288655105875,0.05503633789869357,0.0551019073532894,0.05405650632233073,0.05472359668545298,0.054802789569016984,0.056604840809341306,0.073127699728191,0.05110491061459854,0.05782607396089657,0.05750727318613388,0.054207429280954116,0.054802789569016984,0.9450067844068928,0.9445103559658611,0.9429091420792903,-0.004477228983388537,0.9453193227819101,0.9449252819203972,0.9423130600433229,0.945152632647627,0.945197210430983,0.9493243636643883,0.9435076571113031,0.947152221634786,0.9465164857602607,0.9441014479375971,0.9441595533879997,0.945197210430983
0.014263824788408468,0.013814905161376496,0.015393901268999591,0.9568876312778587,0.013706373695049961,0.01377775072886663,0.01450515855073973,0.013622061156182096,0.013652333202365207,0.00814914525082381,0.021774376577829546,0.005467204007971515,0.014928612100367887,0.016567215688743912,0.012000835439735175,0.013652333202365207,0.9859817062947565,0.985868011799622,0.9838475448583365,-0.015990808284814362,0.986485442182665,0.9859505447145048,0.9855711162780679,0.9863635801123135,0.9863476667976347,0.9882965332390657,0.9799899033020661,0.9783205365614668,0.985031682112983,0.9853938940033347,0.9819266843606054,0.9863476667976347
0.08574438743262637,0.08341769249419737,0.09545080399962536,1.0789780819484918,0.08349805081572768,0.08336175022186783,0.08492635374518406,0.08339633879676321,0.08342433910033112,0.07683050774606638,0.08673103895032697,0.08171770473450803,0.08352342023907695,0.083867959464684,0.08279660197318567,0.08342433910033112,0.9187457261866638,0.9163557268122575,0.9160069445802542,0.09723540494504734,0.9166470384068779,0.9160296072454502,0.9165237794913608,0.9166074450171279,0.9165756608996689,0.9168476836801607,0.9113198614087408,0.9171417944928497,0.9148540523741001,0.9159462436307972,0.9165097003846708,0.9165756608996689
-0.033729526368119774,-0.03368090708213161,-0.028977388790523858,1.1431328260439606,-0.034480064833669256,-0.03429217809128243,-0.03533902687806011,-0.03438978760792174,-0.03443652812606093,-0.04596757630401112,-0.03162183525560112,-0.036133467482711075,-0.03113393525495708,-0.03255058922062344,-0.03568664553242668,-0.03443652812606093,1.0330723806790578,1.0339136895740142,1.0198232808252552,0.19080176119146852,1.034279050325321,1.0341767588929736,1.0315571460247646,1.0344985497860275,1.034436528126061,1.0288128073230118,1.0229670885595785,1.0332927843649478,1.0332721874634525,1.0335105766138712,1.029469727421497,1.034436528126061
0.004506038021045994,0.004138127780912308,0.007418591742515099,1.103667371324053,0.0034397461290269805,0.0033478660278097793,0.0063446275451845766,0.003301828061466687,0.003403407963088543,0.0002195588821727837,0.01063337284377351,0.0010821495934415007,0.004791377153667274,0.004664082153111864,0.004477732340885454,0.003403407963088543,0.9965107725095411,0.9969738228973029,0.9879378677960762,0.13584968501886596,0.9965384058546899,0.9961689189851402,0.9969132668628679,0.9964748286673888,0.9965965920369114,0.9988391346113337,0.9873549460227347,1.0008864243660687,0.9962977268921134,0.9931734614276466,0.995291924182801,0.9965965920369114
0.0067078764701904575,0.007618250845191644,0.013192119911293562,0.9335892195457259,0.006849280857670964,0.007123812096429624,0.00661212947794989,0.006832388321202391,0.006875335288125488,0.0069046234025338495,0.01736571882787962,0.00853959325362193,0.00851463274829728,0.008017184601620674,0.00786067359224726,0.006875335288125488,0.9916192629986288,0.9931581422606918,0.9894555055313109,-0.03397845036105562,0.9930802587704469,0.9928506698265213,0.9905076988084089,0.9930697933959401,0.9931246647118745,0.9958081410841314,0.9910435085365081,0.9946316460242935,0.9944846525985913,0.9893635263014068,0.9935348887930313,0.9931246647118745
-0.0105937482200049,-0.009414238212320588,0.0032451396326964163,0.8987807108260889,-0.0103710705071755,-0.010213636116490996,-0.007740922500765561,-0.010308381863247288,-0.010333858186060132,-0.010594136806318346,0.003844009046683568,-0.009811363242234538,-0.011400982588490394,-0.010257398879609775,-0.006561514469252545,-0.010333858186060132,1.009530147340493,1.0106334640028054,1.0158846881399588,-0.06898081532832845,1.0102951357592929,1.0099907804610098,1.0101995426086896,1.0104169065549868,1.0103338581860601,1.0143623022217951,1.0045196289515173,1.0179337747710564,1.0079757526287867,1.0070242089768535,1.0103462680629915,1.0103338581860601
0.049249267187635865,0.04911240017737981,0.049192852835008724,1.125419653655912,0.0488764339466398,0.049116256204554315,0.05168310163344989,0.048959957384360646,0.04888164469705096,0.04985482454795551,0.05598689696637897,0.045075244214380354,0.05048621669580905,0.05272977597068455,0.048477648937537886,0.04888164469705096,0.9492438315320322,0.950640094086818,0.9519646609666996,0.1394166581804802,0.9511341568185568,0.9510120953461797,0.9514041207439397,0.9511828300873042,0.9511183553029491,0.9578424919314954,0.9464435055723442,0.9517127694869546,0.9517545346679761,0.9509020085106022,0.9504852554226388,0.9511183553029491
0.00571912283902611,0.006369249887065941,0.013099123129345067,1.0155526437197375,0.005851855308839559,0.005928274685756864,0.005435391830803659,0.005755456380418874,0.005784351455833607,0.008031764024121325,0.010905928640131205,0.0027886651391561585,0.00602422294940635,0.007127358012240646,0.008654952718582387,0.005784351455833607,0.9928788252270375,0.9937096352744272,0.9961914575507377,0.044765580020940554,0.9941876376906027,0.9940082091439503,0.99225431934525,0.9941872364996188,0.9942156485441664,0.9987034192148161,0.9853606746055037,0.9949017876789944,0.9929618240044072,0.9924062585642012,0.9939865343991652,0.9942156485441664
0.02809360941433332,0.025314365332088393,0.04423322843863268,1.1099000562423058,0.024459605483616743,0.024837150755266515,0.02582325417302175,0.02457810862128015,0.0244712889132566,0.01729775010220242,0.03724164632701732,0.024016393595610544,0.023345747383565055,0.02717175921730174,0.025616166781507854,0.0244712889132566,0.9774453993802255,0.9757885947278435,0.9810176802648323,0.14709755636160482,0.975552888793609,0.9753477781008493,0.974034317435996,0.9756753434682458,0.9755287110867434,0.9768624420910733,0.9731142814261636,0.9775203438513324,0.9715904309908318,0.9745324164442166,0.9728595746859054,0.9755287110867434
-0.024557330880564113,-0.025142167354353102,-0.023291360420890254,0.9850368319221077,-0.02454164081240824,-0.0241931115820721,-0.023511158804475102,-0.024867696965875045,-0.024722140542655226,-0.0337377552318223,-0.02245879598403752,-0.0293334820988779,-0.024376834098883547,-0.02177677078997412,-0.02163087554123682,-0.024722140542655226,1.0235188432574305,1.0234866863909984,1.0146217132536062,0.013844183041575864,1.0247486302380802,1.0248792255813355,1.023093258218942,1.0246046510921425,1.0247221405426552,1.0269555407385986,1.0184928040511696,1.0182168762237334,1.022950444760349,1.0238663190635908,1.023363057431225,1.0247221405426552
-0.03110843113348946,-0.031121950566895182,-0.024575892901619493,0.8845895749888892,-0.030905419236665024,-0.030612093238733627,-0.0308978244376839,-0.03110023267191047,-0.03102478338898509,-0.027904675148145215,-0.0350547260418833,-0.03817960184447343,-0.029577597540406488,-0.030907670034176205,-0.0279212788327765,-0.03102478338898509,1.0305712074545168,1.0304220615829764,1.0277799438949806,-0.08502930263263253,1.0311507095638888,1.0308473517115673,1.0282438110461727,1.0310051419966142,1.0310247833889852,1.0316200288778286,1.0208020354598804,1.031011753326996,1.0293291848675468,1.028261945020092,1.0291056523464048,1.0310247833889852
-0.0644628148687495,-0.06368720386637816,-0.06682997198424256,0.9657441244616106,-0.06434053138253117,-0.06415534818320846,-0.06381803644607527,-0.06452368484319813,-0.06449655382387202,-0.0678844874172042,-0.061147633222834015,-0.06452584383133239,-0.062309571965626365,-0.06216439195279673,-0.06231556808723512,-0.06449655382387202,1.0644145506665335,1.0645498647805298,1.0527856793831334,-0.001297891212818314,1.064679975604448,1.064348998540671,1.0625239802222792,1.0644337665524604,1.064496553823872,1.0652372591319155,1.0550772581241132,1.066706884268171,1.0650365589742403,1.0619962851811562,1.0624167821054158,1.064496553823872
-0.04761251185431715,-0.04694347272545271,-0.04097186454362977,1.2020013056258887,-0.04700133400070306,-0.047253392720702024,-0.04558998087060562,-0.0471294282649321,-0.0470793212853674,-0.04947741982772128,-0.032882444392332066,-0.0446526277764572,-0.04509280764851009,-0.04735216834599064,-0.048613853032806256,-0.0470793212853674,1.0462008977156034,1.04715765191948,1.0476604435209111,0.2335552945992052,1.0471389529226933,1.046455901725077,1.0456058126597412,1.047066073359357,1.0470793212853673,1.04993041923469,1.0456238286076476,1.0497776759239488,1.0465089273323496,1.043233837106298,1.0420989792845,1.0470793212853673
-0.015595455815926137,-0.016325702612237133,-0.019007118361355532,1.1855665585920423,-0.01562669462984683,-0.015270467115420521,-0.015039240972744904,-0.015678125815256776,-0.01563826841196388,-0.015436359990753117,-0.010414655086796377,-0.016361935812333295,-0.015988910688551062,-0.01617562138787156,-0.0160849761792487,-0.01563826841196388,1.0132738682473685,1.0151010293630203,1.007229862619978,0.21649010083115305,1.0157373471918905,1.0155913696087213,1.0140990209370828,1.0155834478980186,1.0156382684119638,1.01637161549108,1.005977814966433,1.0134048229454156,1.0147098601730193,1.0140943056699299,1.014759862269724,1.0156382684119638
0.1172170546613327,0.1167604181158713,0.12110752615954923,0.8541404800093226,0.11692158237417974,0.11704277834597328,0.11766879821536118,0.11692707555538014,0.11692675260029198,0.11754139454464385,0.1221360603026639,0.11580812259317826,0.11891950523536787,0.11850538655594753,0.11806460387340503,0.11692675260029198,0.8821639617766445,0.8825569036972041,0.8801839246293499,-0.11746296125888267,0.8829768990938369,0.8828373212459877,0.8828293866649882,0.8831052827721352,0.883073247399708,0.8836768988352255,0.8764854618628456,0.8822320384203587,0.8819549319088343,0.8837175382984227,0.8834334091475763,0.883073247399708
0.012457518167060313,0.012515776481861156,0.016450467203918535,1.208987145355854,0.012397860800900624,0.01270085682005838,0.013423122983624827,0.01229752936205712,0.01233399253778534,0.004716752374942247,0.02798779919830811,0.010967287155255075,0.013248306461375073,0.01277737092817301,0.015313295388000558,0.01233399253778534,0.9870585513739843,0.9874039198991654,0.9804944599303157,0.23782950134865044,0.9877574649664292,0.9875999908968703,0.986815372333616,0.9877188414303308,0.9876660074622147,0.9877563081293153,0.9885832515976172,0.9866058351699474,0.9881419314256698,0.9867634426207778,0.987180690780738,0.9876660074622147
0.015869306881486644,0.016438813637012963,0.00927390514709236,1.0405025878671053,0.015834212507686272,0.015933969525236357,0.0165542157614541,0.015833088087202542,0.015787126634636984,0.01566949990526391,0.017093430585440966,0.018526237556318187,0.017299239449848042,0.01707861788360046,0.017168250929079306,0.015787126634636984,0.983602101973757,0.9847721917796564,0.9732043444475545,0.06548781732450137,0.9843699444492112,0.98388042558548,0.9823323832721718,0.9842447756586951,0.984212873365363,0.9910021579358963,0.9772984089902739,0.9858147738465812,0.9829262276208556,0.9817298874506315,0.9808563765388678,0.984212873365363
0.0157058233164757,0.015480902502982483,0.018963859731674356,1.024805973316975,0.01485825037137546,0.015215455159131626,0.01678088675244213,0.015041874448756865,0.015005456799344225,0.008062715765415722,0.021665864559572683,0.010237354749823978,0.018323128885550082,0.015126263560480276,0.017887319601011687,0.015005456799344225,0.9848879542156213,0.9850929301669699,0.9808130730350952,0.05465357017718264,0.9848317349943589,0.9848008989238796,0.9827987330525769,0.9850371840665136,0.9849945432006558,0.9827700536772157,0.9783191166117456,0.9863713359864633,0.9836085961139999,0.982363025088789,0.9840810875867337,0.9849945432006558
-0.04718922369957841,-0.048483906435486,-0.045834403980062874,1.0752436614902965,-0.04917654505288399,-0.04890779250898125,-0.04904475834802026,-0.049082178738613993,-0.049058925866509714,-0.05133989121094103,-0.03720284373329277,-0.04642657265240787,-0.04750613257563977,-0.04448388446251249,-0.04918913197073921,-0.049058925866509714,1.0499139907647648,1.0490342945782034,1.0394892098468411,0.11399032856914326,1.0491296978017002,1.0487498656671634,1.0485604805849071,1.0490950556478496,1.0490589258665097,1.0510705484642584,1.0419186617330387,1.0511481785892216,1.0485072511298053,1.0520561792549008,1.0458972575011383,1.0490589258665097
-0.0004186136485995245,-0.002283052125603694,-0.002170676000709325,0.9466908416852413,-0.0010549416880516066,-0.001072026683602403,0.0004914946745068208,-0.0012072636697189564,-0.0011997765076963477,-0.004593609334462303,-0.0033991144825380303,0.0029207516722744562,0.0009362516826493265,-0.0023020172311207306,-0.003174640635496761,-0.0011997765076963477,0.999660762653041,0.9999077888810577,0.9883750757851947,-0.02029951790070106,1.0012289049690741,1.0009870762351198,1.0011253948575038,1.0011689649880018,1.0011997765076963,1.0016459059632326,0.9918262610028431,0.999582515730132,1.0018348890367943,0.9988100594296082,0.9973602419045793,1.0011997765076963
0.026054753830040727,0.025678424124040707,0.025673537246969712,1.2784494732692167,0.025731575043686946,0.025816895635168587,0.025535559242897955,0.02557221143002016,0.025645151560606285,0.0200327849237397,0.028806537629602936,0.0231930070097811,0.02652392862111008,0.025679194447682085,0.028596736454499533,0.025645151560606285,0.9731826450779608,0.9741784880919222,0.97414372154617,0.30091921495446805,0.9744283245055361,0.9740312996631957,0.9719694725041775,0.974282435368037,0.9743548484393937,0.9744055674328392,0.9654055896956751,0.9746392426686371,0.9715384044215346,0.970272121570388,0.9743946818603613,0.9743548484393937
-0.011756072001397139,-0.011354550138555509,-0.004101128166257452,1.1001519808554348,-0.010677767392721131,-0.010429751386369222,-0.009705694947677977,-0.010734263141184308,-0.010734621154878632,-0.011424887787305658,-0.0037962710775973738,-0.014699425255164877,-0.009959419709082118,-0.009076139211676491,-0.004221914745690831,-0.010734621154878632,1.0097097416122411,1.0098643742775617,1.0188688363718656,0.11241364685791355,1.0107737695348056,1.0103266791931214,1.0098035047212233,1.0107729464265347,1.0107346211548787,1.0173096660394514,1.006668509890959,1.01175835315048,1.0106481526816469,1.0084582817663237,1.0119047949835278,1.0107346211548787
0.032671447122608915,0.030507428302084083,0.03397014821261281,0.8826266762274182,0.031246921575610046,0.03152099583623468,0.03302205765539485,0.03133406313750895,0.03131682454268169,0.03312196840903924,0.03759991158186314,0.025131434220024347,0.03157097408265378,0.03219991406948059,0.03292323290686397,0.03131682454268169,0.9682986665065543,0.9676091332962155,0.9601381814739072,-0.07947760490347355,0.9685628126962104,0.9683692492594852,0.9687672128313851,0.96873624283678,0.9686831754573183,0.9739959040684153,0.9602008111155448,0.964083666253843,0.9667967943814774,0.9657376603903086,0.9654191519719264,0.9686831754573183
0.025578562884708812,0.024682796470038383,0.02390394134923263,1.1044583538592736,0.024986113961129618,0.025062271466202216,0.02766496189550432,0.024962686706790978,0.02500575384002586,0.02601803114916099,0.03204273475815858,0.018971685947218934,0.026744797964571482,0.02500887782563258,0.02688268610168499,0.02500575384002586,0.9741072338463878,0.9735540829543484,0.9633628598500589,0.13430130708053412,0.9749740295737164,0.9745608615235376,0.9763510792157623,0.9749754069544216,0.9749942461599741,0.9776431370888059,0.9726622517978896,0.9736226223636086,0.9741186024292154,0.9736594245798084,0.9729063612632257,0.9749942461599741
-0.005209400532944043,-0.0051507477958142095,-0.0035225456022171735,0.8985110128129407,-0.005361912491054358,-0.004912863184803156,-0.003140208859266468,-0.005337851953842207,-0.005319566227701073,-0.004620338847731238,-0.002366847180900305,-0.00799404437338878,-0.00400170670554714,-0.004350199349924265,-0.0030658235428357838,-0.005319566227701073,1.0029046152953256,1.0055755541638691,1.0049704979402554,-0.06718151674237482,1.0052209581013596,1.0053514146271656,1.0047343224364504,1.0052955202344787,1.005319566227701,1.004888099186969,0.9945455849671005,0.999228886808574,1.004693135443419,1.0034478490285235,1.0061610406089543,1.005319566227701
0.04394456630296887,0.04267636989753982,0.04989980479287336,0.9509027982650731,0.04289679961264731,0.04303118071855835,0.04476981012489784,0.042838734595971734,0.04284516409223854,0.042450427159944626,0.04380727679410757,0.045833876823755844,0.04431404838359733,0.04363031974100553,0.0451615050672546,0.04284516409223854,0.956810536179408,0.9570432547581244,0.9619165057322455,-0.027279978434645358,0.9572298565388339,0.9569877128117703,0.9566007107494308,0.9571768492370262,0.9571548359077615,0.9594604560910203,0.9504508517388507,0.9604453691118338,0.9568002851645121,0.9546089863618015,0.9563970904871036,0.9571548359077615
-0.014682313725246164,-0.014816764139409723,-0.0032836005966087813,1.0862285389358952,-0.01541362692891142,-0.015328287357313519,-0.015602716051144213,-0.015481461554122694,-0.015519284506933458,-0.019748332468876507,-0.003366481117028565,-0.012143546274472674,-0.013464319842898843,-0.013041941524536986,-0.009435766036657968,-0.015519284506933458,1.0142545603051045,1.015416295587288,1.0165098347685197,0.12210295420845507,1.0156010498949624,1.0153420450573694,1.0127513657332943,1.015570038537321,1.0155192845069334,1.018110510819935,1.0152388402372756,1.0180007035620153,1.0153929082065194,1.0148421379783643,1.0172677986551228,1.0155192845069334
0.0048409199782136,0.005285362538333704,0.0005859344193277162,1.1047878062087346,0.004740123736589515,0.00508996360560596,0.005834235018956766,0.004824626954209135,0.004769962771199035,0.002995120614343899,0.022777055854063512,0.0048441692625275775,0.009216149119757943,0.007263025619874507,0.006916729467474654,0.004769962771199035,0.9950902857019008,0.9951116083802191,0.9832353051377644,0.14683639601429355,0.9952585869506111,0.9950456930334234,0.992950483241638,0.9952499419162326,0.995230037228801,0.9967191135890369,0.9931322551751727,0.9974426051712908,0.9957658774158978,0.9954464782562429,0.9926373437188567,0.995230037228801
-0.004572545596387674,-0.003937306780099935,-0.002075102601580604,1.110308283607547,-0.004734800710684103,-0.004480342523198052,-0.0034603313347665227,-0.004711430444517161,-0.004724247344325928,-0.004506694454470442,0.002759697193578336,-0.005320144373258443,-0.004865101297347876,-0.0032077581138905014,-0.003488758425296252,-0.004724247344325928,1.002917316735245,1.0042247602424894,0.994699549199656,0.15296908748588178,1.004710026783924,1.0044302356889716,1.0041363275395838,1.0047495208963362,1.0047242473443259,1.0063463632747949,0.9974185797914923,1.0028845876371515,1.0033502314248954,1.0049553760116952,1.0017577112451637,1.0047242473443259
0.0008667922955016242,0.0013742267218715407,0.0034879623068442963,0.9012302560366667,0.0015769203134753983,0.0017209335808094318,0.0007823020428778225,0.0014935593994545892,0.0014895225951022462,-0.007541774122661709,0.0031806775782520966,-0.0008074008828874045,0.004860098777383826,0.0038565492524573588,0.0055935396087733935,0.0014895225951022462,0.9972730582434763,0.997826130811511,0.9963402240566587,-0.078138437797028,0.9985482708155241,0.998262183655068,0.997508883079345,0.9985374502747671,0.9985104774048977,0.9927043856754325,0.9891579683830465,1.0031387339171967,0.9984592842831154,0.9979388284834605,0.9979352382204174,0.9985104774048977
0.04165103917130883,0.03954376201652354,0.046088371030166546,1.2038585758705556,0.0403947896131511,0.040572135599845974,0.04064315031297319,0.04033538365379714,0.04032243917397657,0.03748414656755652,0.05489679829596312,0.039492793041020144,0.041332941921694184,0.04151258954922986,0.04093024966905368,0.04032243917397657,0.9602863569054186,0.9590824008835964,0.9614486693224313,0.22718127814504752,0.9597335033568161,0.9594685396311503,0.9577060713660555,0.9597337816251089,0.9596775608260234,0.9587222631444249,0.9621443303707053,0.9646406604130214,0.9582963511190858,0.9569900704128593,0.957580379493874,0.9596775608260234
-0.04125796276541578,-0.04079714674553016,-0.03966242034606474,1.0130102015797335,-0.041716296496087234,-0.04136994184932385,-0.04126959468164542,-0.04177178124083481,-0.0417192556497976,-0.052692042213522604,-0.03693621039602508,-0.04307536843238972,-0.040865898561627645,-0.03869313680198942,-0.03572487197990806,-0.0417192556497976,1.0400295935358221,1.0422145801861131,1.0346329586701266,0.044799087427324635,1.0416265368256343,1.0415314396428133,1.041562203377645,1.0417119686231955,1.0417192556497976,1.0366838807932683,1.0291028729136509,1.0440868217431736,1.0401418629256363,1.040939777275542,1.0453407634301775,1.0417192556497976
0.02204272038737063,0.02076546527815558,0.022083115165475002,1.056807291776566,0.02073874547824897,0.020726831404365802,0.023682992073602475,0.020604747496578098,0.02058732479237073,0.0154598853382413,0.025974156410389648,0.0167214894575904,0.0235533964835132,0.022864651597600913,0.022654931628203395,0.02058732479237073,0.9794581264679927,0.9790540501807066,0.9729296630234932,0.08820492071773156,0.9794306618250043,0.979245323460671,0.9799130144227977,0.9794337098315457,0.9794126752076293,0.9787345954347121,0.9716340134752508,0.9775889528772209,0.9803810763697597,0.978676741250347,0.976786794486665,0.9794126752076293
-0.014970871643127697,-0.01704723598524717,-0.00928100108075803,0.8856910599304177,-0.01698466274859629,-0.01689491902658486,-0.015225226995587732,-0.017032104145630125,-0.017072679421949254,-0.026360834375905296,-0.009243005716708537,-0.015450568095871602,-0.016303934484491932,-0.01600289729735938,-0.016437238291040726,-0.017072679421949254,1.015939677766234,1.0164628808728091,1.0087194003020474,-0.07762413619664432,1.017172615176287,1.0165741199362133,1.017584156645188,1.0170778301647125,1.0170726794219493,1.0207465551490547,1.0117937955786749,1.0203792851258306,1.0138087858327727,1.0139199341035554,1.0125073756314626,1.0170726794219493
0.008761361842380775,0.0077987106053568865,0.002106628776959182,1.111935120517512,0.007372136350002811,0.00740252859640294,0.00799724499228593,0.007549283569525494,0.0074251294653805465,0.007406714118227336,0.012784016990618525,0.00968352727744382,0.006710153884893132,0.0068500253084038025,0.005925432066341098,0.0074251294653805465,0.992688867197851,0.9925930618876015,0.9808980612552881,0.14645181748091962,0.9924504566492597,0.9920126154000896,0.9915533049218676,0.9926285564198861,0.9925748705346195,0.9913070738660051,0.9888724478403749,0.9929810117855449,0.9872963246739298,0.9900803039297513,0.9885505608229943,0.9925748705346195
-0.059438700532651434,-0.059643427398745875,-0.05515992196243831,1.097813670755493,-0.06011879434233694,-0.05994793352510579,-0.058458465076362154,-0.060074704023730156,-0.06007172399556676,-0.06925868734697217,-0.04896814297431718,-0.06433558235285691,-0.06031079946138093,-0.05958474533856928,-0.060390301139558004,-0.06007172399556676,1.0603372979343177,1.0599083892798518,1.05453119548676,0.10873344854664224,1.0600400062891033,1.0596707935963856,1.0600878120048192,1.0601608149128106,1.0600717239955668,1.0629807949322019,1.0632325499591695,1.0625971257951996,1.0587218093967017,1.058531421327221,1.0567254746971764,1.0600717239955668
0.03436189452192979,0.03431472124691293,0.039167369490405834,1.17586128600456,0.03337416520009725,0.03368547521719908,0.03379568032879322,0.03339921207879412,0.03341779765509445,0.02712539744095237,0.03732703929719169,0.033687253617875494,0.0343020059646955,0.03358380176179705,0.03353889753829953,0.03341779765509445,0.9665964064899804,0.9665554349773409,0.9641930397638101,0.20148720734226755,0.9665649548899286,0.9664737068444226,0.9657541324501928,0.9665846063200041,0.9665822023449056,0.9647711441300834,0.9616621385080961,0.9681286827146566,0.9642153859702112,0.9641184882404721,0.9635931261836305,0.9665822023449056
-0.02195303331614372,-0.02077119556474578,-0.019269754314973294,1.003800785196775,-0.021359357740279875,-0.021046317747644188,-0.02280330150263161,-0.021354884279894945,-0.021266529893259677,-0.02380863602354734,-0.02102080110919837,-0.023591268336167995,-0.02163951404773893,-0.021811675701349724,-0.023709798751431106,-0.021266529893259677,1.0190020681764085,1.0210624902658372,1.017068301009473,0.024790942646951364,1.0212405319240638,1.0211466173068076,1.0188652281830293,1.0211671848757549,1.0212665298932597,1.0213844938318992,1.0087220141627158,1.0222702664380492,1.0217486039693704,1.0185251743935435,1.017819331308718,1.0212665298932597
-0.030514012189923577,-0.03045179838495176,-0.026041838756674998,1.0413197801048415,-0.030623375867501836,-0.030434146574290794,-0.02922820613677657,-0.030737224313118115,-0.030759639968386408,-0.03581706836117636,-0.030808743394147783,-0.033712219967300866,-0.03006112756216529,-0.02868413867826669,-0.02957186095594776,-0.030759639968386408,1.0298143685537977,1.0301729537874225,1.0286215352507369,0.07231856697628214,1.0308349168437676,1.03056744949588,1.0302468585782298,1.0307667048313298,1.0307596399683865,1.0287200324385912,1.0148305550984198,1.0286506268652087,1.0315974020566239,1.0307472437379455,1.0282168561241043,1.0307596399683865
-0.032810361517512925,-0.034336918443110966,-0.03536441189203412,1.1791782925381884,-0.03386984596834033,-0.03366380768498605,-0.031554023379965636,-0.034040022011973446,-0.03397005108746377,-0.04350801342275279,-0.0294233580285349,-0.037058624346636204,-0.03436883440937441,-0.030795632055276287,-0.029448126854756663,-0.03397005108746377,1.0331957549704207,1.03377116996004,1.0246169006110875,0.20248205089003268,1.033966281825078,1.0337188125354893,1.0341976440588803,1.0339523485712148,1.0339700510874639,1.033301213091128,1.0307033705481305,1.031440515227761,1.0330055514484529,1.033020341375153,1.0332863451828127,1.0339700510874639
0.06938085910496034,0.06974046514338471,0.07324656013667824,1.0024391817648244,0.06944124895519448,0.0696651557060777,0.07005812265513088,0.06941922482987277,0.06941768920873416,0.06618886461544968,0.08049166917134072,0.0717598690595252,0.07240714021702198,0.07149939580804954,0.07305383953262701,0.06941768920873416,0.9299466585431159,0.9301603922227994,0.9251082314554822,0.030325723413354377,0.9305340458224292,0.9305039497676038,0.929745120329696,0.9305852552610557,0.9305823107912659,0.9338148064744085,0.9320242965763691,0.9317412520344024,0.9309963979957877,0.9295644324284547,0.9304052445224849,0.9305823107912659
-0.029738907806958703,-0.029980122851642553,-0.023576089916655885,1.038550761005892,-0.030939184939690962,-0.030687368746151963,-0.030230097546659455,-0.030946597601272597,-0.031026197412817424,-0.03343559550202138,-0.019327054100283157,-0.029640160067788784,-0.029187994485871973,-0.028002324802260784,-0.028570267140499688,-0.031026197412817424,1.0307789449155742,1.0314800909821193,1.0249963127113404,0.08278841704327222,1.0310468759024065,1.030837459834816,1.0294414556360476,1.031047552827534,1.0310261974128174,1.0252698282124584,1.0264155773414736,1.0371895368825033,1.0311089370155826,1.0306590855545144,1.0294280924918353,1.0310261974128174
0.04827620657021957,0.04769834321167501,0.05291588217244787,0.9674760122886493,0.04808638814006206,0.04823882622796848,0.04733659516088547,0.048103835015530894,0.048076898593391926,0.04588576755688704,0.04953797929203706,0.04557961585248312,0.046615810363759815,0.04806833126584053,0.04706008590215857,0.048076898593391926,0.9506076016034908,0.9510225344833511,0.9412640570962267,0.00040440615115122647,0.9519646411696324,0.9517764518740213,0.9485517944066078,0.9519529246037741,0.9519231014066081,0.95301632899618,0.941030634692941,0.9527911317207278,0.9495488413766364,0.9493607376637915,0.9501819131878327,0.9519231014066081
0.04879206165200894,0.05072432357351043,0.05400429110642754,0.957183319309666,0.050492605422954265,0.05086807634247953,0.05011082515783743,0.05055906988601141,0.05058076545154532,0.044462148473151754,0.05632155914982425,0.05017501521364538,0.051555316870004975,0.050467172602656714,0.05285794414549773,0.05058076545154532,0.9469186378248456,0.9487560368981589,0.9508999397913118,-0.031009511464703765,0.949338994483543,0.9492898933915371,0.9474963977011885,0.9494525010957839,0.9494192345484547,0.949556456150468,0.9493198987886999,0.9519927186227563,0.9486444875576455,0.9466890851022405,0.9481305904705974,0.9494192345484547
-0.030164231073244275,-0.02944511177687128,-0.029458970193622255,1.0518556861599064,-0.03055914955544936,-0.030610412529533802,-0.029234512545516927,-0.030701709609488766,-0.030670982178164,-0.03229534969813365,-0.0282320668961222,-0.029907112353977187,-0.028470835182087918,-0.02876917244680647,-0.027360040771753205,-0.030670982178164,1.0303499056726715,1.031146358981849,1.0233485384557397,0.0782200931760898,1.030691600648174,1.0301418740818944,1.0301299252963687,1.0306393343746354,1.030670982178164,1.0374014269540237,1.0222494919058613,1.0337338390177089,1.029572568954545,1.028702775478609,1.0303264862757122,1.030670982178164
0.002815425444118789,0.004596783966959124,0.01144064165176568,0.92925358792814,0.0041528646924838,0.004314102235476024,0.005082421202026746,0.0041319174147343984,0.004064373869779394,0.005949977679759382,0.008783477291310028,0.005150438255893088,0.006394535680473889,0.0053076079944977626,0.004562935733758382,0.004064373869779394,0.9938212956862387,0.9955103606672638,0.9961815746673592,-0.03981795880818528,0.9960112435923762,0.9957861668285264,0.995740507449124,0.9960409741734397,0.9959356261302206,1.0003957648832416,0.9906949739691999,0.9940963496374986,0.9956886044453526,0.9941950743167384,0.994390816337082,0.9959356261302206
-0.01770722105709127,-0.020381012002347515,-0.013377530478787874,0.9047130286417657,-0.020073387755023927,-0.019722232534600814,-0.01721934622557534,-0.020130860781284992,-0.020133518589932276,-0.021188801268844187,-0.00909269786990475,-0.022254265273235343,-0.018729498702400524,-0.01693343077677664,-0.017870164004279203,-0.020133518589932276,1.020281359069916,1.0197039944290762,1.0181692234460058,-0.06669898345825742,1.0202201289270105,1.0200872397512033,1.0203023166302063,1.0201193481151147,1.0201335185899323,1.0251973296732266,1.0194358771319587,1.0208591922475603,1.0186443120502051,1.0203131682432673,1.019431642672197,1.0201335185899323
-0.05315016614435963,-0.053383957145033335,-0.048187951559823396,1.0941860088991477,-0.053392505953171174,-0.053264754396123715,-0.05124075400317177,-0.05349143592807308,-0.053483596964095256,-0.0605700321708816,-0.04555067188088644,-0.0584184976628474,-0.04980567222092296,-0.04924049052597133,-0.05117492931321619,-0.053483596964095256,1.0537363947970528,1.0533641349431813,1.0505917691078082,0.11749882925322797,1.0535483793548928,1.0529210106413485,1.053616221833245,1.053497377366157,1.0534835969640952,1.0561271906283622,1.050622777275166,1.0530587071641224,1.0546586657914712,1.0531710963475238,1.0493531322797718,1.0534835969640952
0.03387919446168044,0.034285271517798414,0.0344251045969625,1.1564570275752484,0.0339478570232086,0.03429519680179703,0.03526358576262629,0.03393405527310298,0.033942779931953805,0.0340393799585935,0.04267613711524401,0.02759639848598393,0.034522890649412476,0.035302955198639754,0.036960707997450076,0.033942779931953805,0.9647036778899144,0.9658725598968609,0.9583952538804563,0.18337902708692666,0.9661537841671856,0.9660342298966469,0.9652514753558286,0.9660199672816548,0.9660572200680462,0.968525793827972,0.9609335053044101,0.9617845878744783,0.9659579513606501,0.9663666336535158,0.9673601661107556,0.9660572200680462
-0.017896358141056112,-0.01724794243287478,-0.016815509983014322,0.8557796389513069,-0.017610280582365898,-0.017350147396091073,-0.01762586036555337,-0.017692438092240824,-0.017647611668932025,-0.01857782778353751,-0.00968565056550067,-0.018470185288049782,-0.015373540596522494,-0.017129117006044796,-0.013595838629003319,-0.017647611668932025,1.0156463625713936,1.0170751666396136,1.0068343916280724,-0.10686539663238359,1.0176167009754657,1.0176302156934853,1.0168191899377101,1.017614566862702,1.017647611668932,1.020129597917947,1.0135248339584495,1.0170512637214415,1.0173237844258534,1.0149288625593431,1.0170241722357196,1.017647611668932
0.030728476737179166,0.029425870465050043,0.036680881527830944,1.0611224232487402,0.0297904831801042,0.030061342632037184,0.03204247610715936,0.02970108471130607,0.029717928828263348,0.02924730007147403,0.03783469218062822,0.03319261760834255,0.03169108032529056,0.030796971440056616,0.028603916548941403,0.029717928828263348,0.9709852391204109,0.9702562511774834,0.9693834631059269,0.08424833304120316,0.9702923395446198,0.9701456400983978,0.9701380445350398,0.9703823674783608,0.9702820711717367,0.9790927382675348,0.964803565822763,0.9757039442700418,0.9699656762743377,0.9694653084974459,0.9652097584252464,0.9702820711717367
0.020084350278932163,0.01906819415370976,0.02809595959073486,0.8397436896175258,0.01875779831136488,0.018950829178759617,0.019948080410717255,0.018781417628063454,0.018809484777395746,0.015924259703303315,0.030513647285345325,0.020558537954006424,0.019233745714488812,0.02088346144360293,0.02364580885089821,0.018809484777395746,0.980536970510703,0.9809894571462062,0.9748926018317365,-0.12074238116298375,0.9810741674391212,0.9806978782514646,0.979820865034689,0.9811237196013154,0.9811905152226043,0.9810260104910462,0.9828457610360846,0.9871491279215495,0.9809946787997865,0.9772894992862682,0.9804881904045367,0.9811905152226043
-0.010262209434018208,-0.01081887018038474,-0.003363990232451096,0.8022396872527332,-0.011158362864421002,-0.011255421968053571,-0.009112435195897833,-0.011317996382500098,-0.011296421986954278,-0.014808492380399638,-0.0050730383858508905,-0.012113333117941407,-0.010904027759223476,-0.011001991275353158,-0.009587334937194755,-0.011296421986954278,1.0109436882117036,1.0110354839729996,1.0111104617122835,-0.17010152359077924,1.0115104440984528,1.0107476771697412,1.011006015274485,1.011280016074384,1.0112964219869542,1.0176039966612611,1.004874503989653,1.0093385924316562,1.0100415538332927,1.0084581190077995,1.0092487507717578,1.0112964219869542
-0.048122508599795895,-0.04832160091350685,-0.03831942799378663,0.9586813326245648,-0.048846536721296414,-0.04855813847082033,-0.04816106143228925,-0.04885620442403112,-0.04879810021126695,-0.049206444892212424,-0.03876841721756066,-0.04846958123050925,-0.04713520032581429,-0.048211811209385606,-0.04690064064739239,-0.04879810021126695,1.0467624118721202,1.0487315315076413,1.0431710389866675,0.0004041141991503183,1.0487418449798496,1.0485103431172713,1.0462940843277662,1.0487294176481692,1.048798100211267,1.0528136120784464,1.0452559673712345,1.048912280289632,1.0483988256580352,1.046876742624121,1.0480149871287503,1.048798100211267
-0.05756685975308199,-0.05846449693148289,-0.04537901749413221,0.8810884583057013,-0.05972518810524844,-0.059127829682371714,-0.05973265961125619,-0.059510731887720957,-0.059573764702481664,-0.062278401765823714,-0.05125568404025693,-0.061215813571589714,-0.058197162327728674,-0.05837313311367464,-0.05652629641230088,-0.059573764702481664,1.0606786027645292,1.059891010643824,1.063978385913588,-0.08317810501689493,1.0594424601390884,1.059462753947234,1.0573705273806873,1.0596457984984045,1.0595737647024817,1.0643008384087238,1.0505063558304397,1.059868169618192,1.0577289057196726,1.0578950151115263,1.0583957152893664,1.0595737647024817
0.05443977717461607,0.054336510266398394,0.05866696338538767,1.1129055812892752,0.053596238421859205,0.05393627138555858,0.053911139110574435,0.05381191491548055,0.05385816836024338,0.04806537542145382,0.05553491162937503,0.05445897871462577,0.054594095198966526,0.05451505464297864,0.053818486223745195,0.05385816836024338,0.9450560834330374,0.9452139664156105,0.9427636328753365,0.14113823153141825,0.9458893637523155,0.9456978283869905,0.9445050766500817,0.9460872966792325,0.9461418316397566,0.9437122565192304,0.9373406610576733,0.9500223757021086,0.9456453426664254,0.9432440055390562,0.9422858071086689,0.9461418316397566
0.01803552293064847,0.01669457257225258,0.02756396567144976,0.908440651448259,0.01687925847401065,0.01692795214699811,0.016723770581199626,0.01674969277377467,0.016774582073043463,0.009843437637297526,0.013720318988427146,0.0232013224441898,0.018178810768274416,0.01831067332803664,0.021212622098355394,0.016774582073043463,0.9830502532452216,0.982445970038173,0.9854259862733731,-0.06005035360353883,0.983269070705199,0.9829193894776327,0.9817519992018257,0.9832054287341961,0.9832254179269565,0.9829871383427153,0.9691989255308855,0.9886559113705237,0.9826852535950651,0.9803394426272909,0.9835499451994093,0.9832254179269565
-0.020599146231572926,-0.022282672976953362,-0.016257875587512505,0.9866512500360346,-0.022195004502580867,-0.0221237914555785,-0.01957731350954026,-0.022308584838270168,-0.022301298710402543,-0.02405419737109778,-0.019015279712300808,-0.023508164330402464,-0.02221388527461755,-0.02125803400406213,-0.024387041315746826,-0.022301298710402543,1.020816221544016,1.0224250762018066,1.0190811439524712,0.009291781132286459,1.022407410105778,1.0220738849291142,1.021905345351056,1.0222805222170421,1.0223012987104025,1.024996918569187,1.0152607258014426,1.0262542105790144,1.021874748350767,1.0196707028742924,1.019523892899768,1.0223012987104025
-0.075299751427351,-0.07602698286446227,-0.07074610205334791,1.055961078535942,-0.07673987536664807,-0.076567543147204,-0.07609775963570824,-0.07666189549759404,-0.07664566652794232,-0.08786093280978059,-0.0772294419603996,-0.07851811226226954,-0.07589290894521655,-0.07353049186187914,-0.07287150063458821,-0.07664566652794232,1.0767095903243442,1.0761583556258363,1.0750861706173465,0.08268629576874886,1.0766005529591856,1.076335587310528,1.0739393805342319,1.07668080000879,1.0766456665279422,1.0703948032328794,1.066156989104674,1.0781849771575196,1.0746285404940263,1.0766379150723502,1.076856936299928,1.0766456665279422
0.022854699870283723,0.022033738471677694,0.03166355051189678,0.8658049668784192,0.02166312168084498,0.02192468738933185,0.02343599555841391,0.0216534305634597,0.021631056559002902,0.02095117472295121,0.027194816061842333,0.014938195126356323,0.02212179066248066,0.024133866478861565,0.02429120807432147,0.021631056559002902,0.9777590256146751,0.9782468167851532,0.9779530565922955,-0.11124025179040498,0.9783604872903081,0.9781908752430213,0.9777299845780039,0.9784027331854417,0.9783689434409971,0.9872595658864776,0.9693613617166827,0.978643663092635,0.9772250843091432,0.9774808504138014,0.9792337480437003,0.9783689434409971
-0.011360720497825098,-0.013296812199664717,-0.0177807432458938,0.917075327044457,-0.013368906830870516,-0.013461736703706602,-0.01223885472499067,-0.013539586884079899,-0.01354424258386202,-0.014107439842104713,-0.0008271301314008437,-0.011526033530146213,-0.014048775172131284,-0.011689523662078623,-0.01495030347394846,-0.01354424258386202,1.0118909530131457,1.013713400212203,1.0097549532074397,-0.05603692416719652,1.0136840084714427,1.0132143362661292,1.010553855682768,1.0135624426843692,1.013544242583862,1.0168345122536824,1.0114650561124963,1.0177977426819063,1.0098431855730443,1.0125251650711755,1.0097299631289571,1.013544242583862
-0.025775893628183243,-0.02659189147449169,-0.01943966820554269,0.926287066630522,-0.027259474971231542,-0.027187069605022315,-0.02768772957340305,-0.02730137647299117,-0.027262528020227425,-0.02782793056735385,-0.014254769187350093,-0.022598057393421977,-0.025942569751473677,-0.026230483081238848,-0.02401685202458116,-0.027262528020227425,1.02670223650873,1.0271523679835979,1.0227276124532094,-0.03496754490415355,1.0271907656671608,1.026768219637769,1.0257895982091016,1.0272351060117288,1.0272625280202274,1.0345048506614682,1.0229356206760547,1.0336339361070574,1.0265452803366444,1.024294532572349,1.0252766575240715,1.0272625280202274
0.04147441310499722,0.04192675402842644,0.04368828612972485,0.9728918947349229,0.041658732852384715,0.04196195557483734,0.04442747223355101,0.041724140305900256,0.041699763202960025,0.03911282766198157,0.05081630715038056,0.03710357960307022,0.04337979647654331,0.04339645254573522,0.040976190658540766,0.041699763202960025,0.9571046062238879,0.9584963016506969,0.9554873043147558,-0.01179838682954415,0.9583296464596217,0.9581244917515679,0.959320319439714,0.9583354447658944,0.95830023679704,0.961410082975508,0.9554657750658004,0.9604692644089633,0.9592139733900207,0.9566389451604094,0.9560108098674793,0.95830023679704
-0.05838482693189477,-0.05675171447434296,-0.04860150773379963,0.8640501582268868,-0.05836611197980134,-0.058260317981249456,-0.05738965917479918,-0.058316073909940605,-0.05829682227164298,-0.06375275941620526,-0.049118634011628685,-0.05862281317685944,-0.05755740593274966,-0.05623114078765073,-0.05445613540216954,-0.05829682227164298,1.0561707743785833,1.0587222475878801,1.060580847458535,-0.09886546493073345,1.0582359340363863,1.0577832791437232,1.0570272520504131,1.0582730190843177,1.058296822271643,1.061519320734539,1.0450851490442632,1.0573448941673904,1.056512336030971,1.0570238409369759,1.0611489241530152,1.058296822271643
0.05797385263019553,0.05605052435037082,0.06545643659062919,1.1802546773842002,0.05594059739671326,0.056153693613634384,0.05653050233178246,0.05586885888508305,0.055804308520548365,0.05155860032337669,0.05418985426579623,0.05906582790232092,0.0552959422089279,0.05831537934160813,0.058470837481656754,0.055804308520548365,0.9438390669906286,0.943166945705781,0.9448653953285427,0.21263452137633432,0.9442624392359411,0.9440216045240534,0.9440886699152341,0.9442294580760929,0.9441956914794516,0.9442667462414683,0.930222619648304,0.9478564940855999,0.9422273032399835,0.9442909100817124,0.9436300340106414,0.9441956914794516
0.07755493193484515,0.07788980702115932,0.0923568986045684,1.1145014654670737,0.07754733303612937,0.07793241488288893,0.07946583230811984,0.07775832008603786,0.0777072102191822,0.07692393134733568,0.0840144291170512,0.08113647303242333,0.07952352502039377,0.07824940283714614,0.07879033636497888,0.0777072102191822,0.9204658908786163,0.9228332264173305,0.9199021668762769,0.15593387884018817,0.922026459482145,0.9219656186600425,0.9211979901935454,0.9223730457033787,0.9222927897808177,0.9261215303600975,0.9130513288339901,0.9261444529550332,0.9226825868887157,0.9203367142993061,0.9209332391725732,0.9222927897808177
0.017018307699826256,0.0170156600952183,0.025374530568616285,0.8870116210740013,0.01647550677657696,0.016720454678525985,0.017341780278302348,0.016428709334324245,0.016430071234444624,0.0068966551654479815,0.024892720729538406,0.017473890755334155,0.016415408458122265,0.01769371332214045,0.017381587968585164,0.016430071234444624,0.982606839310975,0.9829377422552903,0.9780489963296234,-0.08466846743701884,0.9835255205018513,0.9836322543953154,0.983485833287373,0.9836134834468324,0.9835699287655554,0.9860904337181596,0.9796869846412404,0.9861353789924505,0.9830088125051524,0.9818230310883818,0.980108944289443,0.9835699287655554
0.035620693293679236,0.03351703148072237,0.04425928760092659,0.9304528851146292,0.03401734524317589,0.03403902143993673,0.035053986007205086,0.03394902512113893,0.03394857678951103,0.033539482788027125,0.03854722180290674,0.037865452331987515,0.034455274501606875,0.034410336015808715,0.03707658344007574,0.03394857678951103,0.9667384182555949,0.9654343032057046,0.9628009102474453,-0.0363400538419576,0.965979956719695,0.9657681204283886,0.9644535386891475,0.9660856449580686,0.966051423210489,0.9704062324994653,0.9568445472593583,0.9762176604352352,0.9638204126648277,0.9638260369462852,0.9648791407254024,0.966051423210489
0.04180512053798618,0.04130639062898927,0.0529534716622353,0.8799067116427676,0.04160585065578001,0.041817061367329676,0.043166142245442476,0.041600429173224,0.041579456446019514,0.03944406328199867,0.048663490687780454,0.0393223878263766,0.04279452649199139,0.04384052365635756,0.044931802688256965,0.041579456446019514,0.957632476365034,0.9579742238975932,0.9563953767762551,-0.09178232580946433,0.9584080096927644,0.9582508416961734,0.9585145077857103,0.9584462061229382,0.9584205435539805,0.9598101300271349,0.9554045807944338,0.9555448935712478,0.9580808311135603,0.9604911531666988,0.9602366244632163,0.9584205435539805
-0.04188644352286478,-0.04270153578327891,-0.028708670250208488,0.8849974738497038,-0.043345505109495766,-0.04296127524853482,-0.04304543547960146,-0.0434336705155942,-0.043456807708601115,-0.046670740285180326,-0.031630739945175845,-0.04645268824349179,-0.038118500451605794,-0.040236002646931515,-0.03681648714403923,-0.043456807708601115,1.0430018048867515,1.0432783006079518,1.041881409868158,-0.07956256560849218,1.0436030704415076,1.0433182283071731,1.0418354809590549,1.0434597294529857,1.043456807708601,1.0472579597774088,1.0445533206716893,1.0423605176005195,1.045853596792569,1.0432258404179233,1.046395349093023,1.043456807708601
-0.032026038318488506,-0.032425460631230155,-0.032317974269221894,0.760835151135166,-0.032841223158207276,-0.03238792006302562,-0.0313771073088921,-0.03295137934410124,-0.032915381203933516,-0.03346732781793481,-0.025752592976409788,-0.036310676851276,-0.02984786196023287,-0.028754810151921977,-0.031183329296870083,-0.032915381203933516,1.0316496810992442,1.0331849196852259,1.022903807139788,-0.20409130168155376,1.0329517501408867,1.032911302747017,1.0324780309755557,1.032924943811424,1.0329153812039336,1.0368224088334421,1.0233620727437645,1.0340989759419592,1.03351007507455,1.035703454056381,1.0298330390470345,1.0329153812039336
-0.05716054539633702,-0.05695586035781003,-0.054334278494836845,0.8460181993983247,-0.056484777579551886,-0.056304065606494015,-0.055781126126740056,-0.05643302380340028,-0.05642491291918208,-0.06368051539135999,-0.05785014849932691,-0.05375919281876766,-0.054733835740099976,-0.05613970837595339,-0.05388011548910118,-0.05642491291918208,1.053354076118563,1.0552816327423629,1.0596977382692212,-0.13608003411164082,1.0564162890765798,1.0558371592143767,1.0553474486825223,1.056377704878763,1.056424912919182,1.0550600239190617,1.0436195543812312,1.06284296129276,1.0562395142174752,1.053828997547911,1.0535415329966877,1.056424912919182
-0.00891700289547308,-0.01035208761549279,-0.007914011063071323,0.910123635374064,-0.010052421967511611,-0.010070789454013313,-0.009295755222593995,-0.010116067729068609,-0.010113101332684693,-0.014316680280127003,-0.0023260715852226207,-0.011035091388600354,-0.008560094130615889,-0.008302515169107055,-0.00792870794894176,-0.010113101332684693,1.0083546276664117,1.0096310481567274,1.0031492763390524,-0.05747600635717598,1.0102339614716846,1.00975119010936,1.0092397454022686,1.0100732281218239,1.0101131013326847,1.009802888148103,1.0059586230041868,1.0082038143128436,1.0103018941616382,1.0090706856453209,1.0097139102961985,1.0101131013326847
0.038606412221447894,0.03957018875425794,0.0359039287481909,1.008464672492972,0.039065756776536155,0.038941111966133216,0.03968037110859013,0.039028699285155816,0.03906951450280932,0.03441549005763138,0.03713967903133287,0.037776377985787236,0.03809581329094367,0.04064141593527495,0.0368775655788188,0.03906951450280932,0.9591613602016491,0.961129846331298,0.9522484512462162,0.02574062666191823,0.9609380351982189,0.9605666497227262,0.959112765200117,0.9609081181507708,0.9609304854971907,0.9615680764596856,0.9523686759157184,0.9599218027728679,0.959076883725167,0.9605950820994406,0.9569163306490465,0.9609304854971907
0.04030557739146833,0.03959164233557278,0.04660737929616409,1.2283902385614947,0.039127580912237635,0.039861668970572875,0.04002799867358666,0.03926944698241859,0.03927654190157107,0.033149659885831205,0.04726487579377415,0.038484208145299244,0.04247315723879366,0.042411850030080786,0.040778084284597525,0.03927654190157107,0.9609882254440939,0.9600923835815439,0.9625835668204281,0.26148681953377684,0.9606036789553523,0.9608057250267946,0.9586562360896618,0.9607378846126367,0.960723458098429,0.9587116441429671,0.9520066269653873,0.9615604561768172,0.9616255487402007,0.9607821708543451,0.9582094137720069,0.960723458098429
0.008629390795299553,0.008560034172253614,0.009116590146872355,0.8717707367514516,0.009166258832600915,0.009682259859937805,0.009170248527619234,0.009155772598541532,0.009197750956904312,0.0038009319660229903,0.007626605709312742,0.005943787014097667,0.011684795437022968,0.009150909137817487,0.010383636789521098,0.009197750956904312,0.9875925690940944,0.9895844352887784,0.9807106289984807,-0.08941374007061809,0.990695308721474,0.9906087663722565,0.9889390162627426,0.9907505527306012,0.9908022490430957,0.9875349732157302,0.9776907441633912,0.9855638801520749,0.9911333656899561,0.9866069587878408,0.9892030313017028,0.9908022490430957
-0.018323856133522602,-0.018318458544971154,-0.006440208050475238,0.8899411036433594,-0.01868349096189938,-0.018492766586316746,-0.014480000638929354,-0.018687334318403005,-0.01868909077886576,-0.020673946614396126,-0.0069609161558435015,-0.02437635536987974,-0.01767959124793909,-0.015529053326988583,-0.01548149747292848,-0.01868909077886576,1.0173546660264805,1.0182187209310354,1.013095506894876,-0.06015098086147619,1.018701554788529,1.0184110627198482,1.0195285207908922,1.018710545507368,1.0186890907788657,1.0170902361311904,1.0124622277305733,1.016579241091291,1.0177782452735942,1.0179823823023482,1.019264008729622,1.0186890907788657
0.008159039546959856,0.01006437065328689,0.009126757644030438,0.9378942585876273,0.00913025993998316,0.009463928323327422,0.009571047544425823,0.009159513342437852,0.009205586935509316,0.002818346131918799,0.014654124158549284,0.004703078851267915,0.01017176754606874,0.011577575035341705,0.009123105612549424,0.009205586935509316,0.9879990167916738,0.9910422791001584,0.9835639316515903,-0.030451322759313726,0.9906872260758586,0.9904577441732866,0.9883068917647738,0.9907520049435015,0.9907944130644907,0.9865492010244755,0.9860095552219417,0.9899405000955277,0.9892207248426463,0.9878238759508052,0.9870848642263318,0.9907944130644907
0.054554259163871605,0.054211358575864996,0.06010646381234069,0.9571087023593463,0.053428304657753736,0.05360369387891811,0.05700911224726742,0.0534819948156598,0.053472566645352465,0.051256082660869534,0.05647420155041726,0.060004938273831784,0.05599180026347494,0.05407911911602606,0.05601851748539702,0.053472566645352465,0.9469834814608574,0.9469883122965391,0.9458113621117641,-0.013277822417181007,0.9464843690572132,0.9464542931379022,0.9460963054914583,0.9465311848002881,0.9465274333546475,0.9490883523427661,0.9377177863728811,0.9530279557544987,0.9463780467467332,0.9450494025657324,0.9460846268414722,0.9465274333546475
-0.02364079304747649,-0.02516345202614167,-0.01638212676522055,1.0741569949740188,-0.02533830936066976,-0.024988967265786314,-0.02422225314489631,-0.025322261952556133,-0.025368606786193112,-0.034242186617133165,-0.01638483253314485,-0.027521799501235344,-0.022931923006028088,-0.02408480847172708,-0.02220171585632222,-0.025368606786193112,1.0259346510486735,1.0252470054908605,1.0311325089214554,0.08891159887725464,1.0253052660393418,1.0251234871236612,1.0253833608265774,1.0253631894259976,1.0253686067861931,1.024629587818956,1.0241123598162492,1.033195101126645,1.0261304079592783,1.0216933390278893,1.0210553351911744,1.0253686067861931
0.038267469403221975,0.03991099429493103,0.04838591691439245,1.0012660288850106,0.03876931317668008,0.03890031406668254,0.04009380015590602,0.03885332617113879,0.0388123879896503,0.03675077625728725,0.04435588144782521,0.04083349902199677,0.03947076485221939,0.04138247188158074,0.03927796951755047,0.0388123879896503,0.9592667669472896,0.9614829726683236,0.9604223979240548,0.03426909612876683,0.961073833591093,0.9609941089213747,0.9607497799882476,0.961208070043861,0.9611876120103497,0.9631773243516516,0.9567110564945058,0.9621162115709011,0.9604089956493778,0.9608315781034676,0.9575576320513625,0.9611876120103497
-0.017279796913530442,-0.017138997285171355,-0.01865450218785434,0.9760545009974697,-0.01804036295100275,-0.017595694503471038,-0.01582313923099321,-0.017957022444831217,-0.017989554059434854,-0.021741893325120217,-0.014581808886575827,-0.014178390399363474,-0.015905470362247154,-0.015817295522148854,-0.014772436720335203,-0.017989554059434854,1.0180069102000555,1.018047666330362,1.0115445983646731,0.00799699260651765,1.0180095992264875,1.0179571811171348,1.0175328909632142,1.0180430216142293,1.0179895540594348,1.0184839754641903,1.0099041439026506,1.0201894481899707,1.017765248882388,1.01719483425244,1.0168375310898223,1.0179895540594348
-0.030073519288061974,-0.03052129959300843,-0.019089148535728837,0.9784236117908626,-0.031322379967882015,-0.030999240209356498,-0.0283291317360441,-0.0312978313936698,-0.031306334337098216,-0.03220248204009918,-0.01617299924499283,-0.028528466818358474,-0.029544894451073535,-0.03032693974612807,-0.029496685550982303,-0.031306334337098216,1.0311654415900002,1.030586022756895,1.0307182753059068,0.02245645672707275,1.0313749293610779,1.0310144163207617,1.0300606469658757,1.0313088257192498,1.0313063343370983,1.033976668156404,1.0305604809930673,1.0347176227189798,1.031351609539489,1.0289686773410927,1.0295477771041202,1.0313063343370983
-0.019025085728867665,-0.018105603030910845,-0.014445829323049228,1.0744622076341828,-0.018282922277583085,-0.01798621776873342,-0.017475772497274077,-0.01826985059254401,-0.018238197384906826,-0.0217269310487492,-0.0103383440763153,-0.0204514733500146,-0.014113297396549538,-0.018308664136973598,-0.01582065442342272,-0.018238197384906826,1.0164959736689407,1.0183396380927014,1.0094207576588485,0.10700401807315774,1.0181856379574454,1.017974860649698,1.0163807408807037,1.0182148727641827,1.0182381973849068,1.0189110116425475,1.0120163289172515,1.019926649225003,1.0199102008274252,1.0163040416191476,1.0179230970679018,1.0182381973849068
0.029686144707014923,0.029561249348428752,0.028477139157598665,0.8571031824747523,0.02941952266796336,0.029732274594429425,0.03220945296549935,0.029355811449840456,0.02936595748559281,0.03402401499239487,0.03407715500072739,0.02394679526552365,0.03132222313637237,0.031529208456963984,0.03171128121627453,0.02936595748559281,0.970221151030747,0.969896473614814,0.9671303063896683,-0.11784000484295665,0.9707953698408954,0.9704557487752501,0.9708304689820911,0.9706610160356821,0.9706340425144072,0.977397650763997,0.9624289824168788,0.9685596132631339,0.9705919133783227,0.9710020246930796,0.968322546714848,0.9706340425144072
-0.0328644322934057,-0.03338311620047357,-0.040357730261856496,0.8935403184409639,-0.03426767953845332,-0.034314260279235384,-0.03169387587847545,-0.034274981699119474,-0.03428636300744998,-0.029207497783454772,-0.027331725962358434,-0.030086043097709774,-0.03258657730106303,-0.034300165090646026,-0.034092188727009434,-0.03428636300744998,1.0322815043918678,1.0345259133706555,1.0257929095571592,-0.0760961203842716,1.0341741628954173,1.0337746332467286,1.0338075994329914,1.0343237966465972,1.03428636300745,1.0404646190114777,1.032916213231658,1.041890994141625,1.0338809462830274,1.0297607328949487,1.0285687738936495,1.03428636300745
-0.02418219570275904,-0.02570776644466487,-0.024756530761032385,0.9037218355422322,-0.026118632654490073,-0.026128768998252516,-0.025007353755999735,-0.026161641655096712,-0.02619544725073558,-0.025497884357026653,-0.01002603248980976,-0.025730688083233203,-0.02366345886058159,-0.02673853594899925,-0.02831762207161403,-0.02619544725073558,1.0269844306531766,1.0255397298638596,1.015861149352188,-0.0481362196905073,1.0262490641612356,1.0259923035134964,1.0253160210232517,1.026257657822441,1.0261954472507355,1.02977750009006,1.022965799961314,1.0248021815277504,1.0253234974859124,1.0247398000214163,1.020068122052057,1.0261954472507355
0.04859433281644904,0.04916285536939795,0.042732989446951086,1.0451763106159244,0.04892192763788873,0.049111968841411606,0.05075402207287605,0.048930040642942055,0.048980877749244714,0.05095707954791267,0.05776515518070071,0.04731067623855709,0.049594311579554365,0.05218748630928099,0.05130265781164865,0.048980877749244714,0.9494048944537863,0.9508876306627271,0.9392159512414294,0.08360318600029548,0.9509304583234329,0.95063245033035,0.949419546099397,0.9509862668943819,0.9510191222507552,0.9539775865144347,0.9457255939605578,0.9477642937897737,0.9487397210543232,0.951745477010055,0.9482137888408898,0.9510191222507552
-0.06693103264735366,-0.06756569493594666,-0.05737692591325088,0.8007743973393338,-0.0679699208241945,-0.06798276511598564,-0.0666231358698659,-0.06820701258263975,-0.06815432415705058,-0.0665031331954514,-0.061732191439643404,-0.07052174625969444,-0.06804617763974584,-0.06791736979385017,-0.06443347322405636,-0.06815432415705058,1.0669608900858225,1.0682490878280027,1.0721693146133648,-0.16041950689948714,1.068210431925637,1.0679846918765956,1.0675141742315677,1.0681467449886948,1.0681543241570506,1.0741499138967616,1.0596801535961438,1.0642426235964755,1.0647650682546856,1.066234847424792,1.0662280752978905,1.0681543241570506
-0.026152985978838333,-0.02850143409158262,-0.029090036122071245,0.9829377756236678,-0.027706461964620427,-0.027770967261006363,-0.026980295901721414,-0.027907330568441257,-0.027893463592833623,-0.029892716960070953,-0.025394659495060402,-0.030597132128599415,-0.025152773011182933,-0.02717928716673635,-0.027693317674164823,-0.027893463592833623,1.0276434821226672,1.0271360095937834,1.021116406138414,0.0020884692850348108,1.0279448403823777,1.0276878917780055,1.0267482229650835,1.027929009282555,1.0278934635928336,1.0329225822394512,1.0215896693884772,1.0265626707299802,1.0278450456628818,1.0274884740139918,1.025683471588199,1.0278934635928336
-0.03484807978124897,-0.034280007784772006,-0.03884341561272047,0.8513990648721924,-0.03512666313597846,-0.0352801475620514,-0.033925538215959714,-0.03508637869695278,-0.035143350872267096,-0.043431522555685526,-0.028493559626952582,-0.03531966752136289,-0.034147947811322896,-0.0336740209869628,-0.0350855887433536,-0.035143350872267096,1.0347329084950434,1.0349077124931583,1.0248916520495586,-0.11805349491498651,1.0350966380260984,1.034551661522844,1.0334495437573998,1.0351768040879576,1.0351433508722672,1.0304070799273495,1.0257643894229758,1.0381638994473108,1.0344413620755104,1.0320221148572863,1.033670625842508,1.0351433508722672
-0.029242072869211815,-0.029783454095729803,-0.022606701433752225,0.922887942675032,-0.029835287185634014,-0.02961695707168508,-0.030930488756243168,-0.029817435455333052,-0.029817833739221488,-0.029325984544335593,-0.016126876850963364,-0.03071389802629166,-0.027945294484705615,-0.03176219078596895,-0.02877768058069509,-0.029817833739221488,1.0290294173092218,1.0292722350441006,1.035072573728238,-0.056240377262391616,1.0297915908396982,1.0294839071285617,1.0283543546017422,1.0298084463145363,1.0298178337392214,1.0358989021778253,1.029976292772686,1.0279917393317883,1.0286910633175093,1.0270993946848013,1.0295842818358716,1.0298178337392214
-0.03229044081665628,-0.032929809722961875,-0.025509658072423454,0.960624975211199,-0.03299416922831606,-0.032681653517472646,-0.032443445605480674,-0.033063720515915454,-0.03306200158956849,-0.03599600680056843,-0.025834869705596286,-0.03581356909203779,-0.030289315807115712,-0.030764078368131588,-0.030452940555037666,-0.03306200158956849,1.0338193265548048,1.0325434363104526,1.0284735581748075,-0.00020162341300444808,1.0330983117714791,1.0328306067102566,1.031329813094559,1.0330604116976783,1.0330620015895684,1.0338195631890927,1.0240525847577726,1.0347202447367478,1.0320337141023377,1.0321046606535507,1.0299164798121943,1.0330620015895684
0.01510177482728143,0.01471134528528733,0.02234540975741356,1.1320154612366882,0.014691204767707518,0.014676960045423643,0.014641971749866376,0.014341491418797779,0.014497001118225812,0.0063186629889715835,0.017137125070407003,0.013730045968254797,0.015893951122506425,0.015429934403384124,0.014983681734791744,0.014497001118225812,0.9849681638911397,0.9849556241334958,0.9874807678815499,0.1623052657052967,0.9856103561895995,0.9850915801684457,0.9824972750718054,0.985431915894649,0.9855029988817742,0.9816198023337578,0.9694507834520478,0.9925221049159203,0.9841127875661925,0.9814781644118519,0.9832795629974547,0.9855029988817742
-0.007047543863196858,-0.006963567577859869,-0.002634740042388116,0.857387581814581,-0.00717650163951825,-0.0068482688816909,-0.00614719182837656,-0.007105142265786431,-0.007102602822338595,-0.007909116801541534,-0.00018432474651982112,-0.007811322974792704,-0.007107951782384329,-0.006871334843345284,-0.008411022935801933,-0.007102602822338595,1.0052702160202593,1.0068778390956041,0.9974398858148679,-0.09495252648519092,1.007037709452186,1.0067438413817655,1.006076049192508,1.0070578234113643,1.0071026028223387,1.0060367778721326,0.9965755664630405,1.0037449052271399,1.0058079600809149,1.0062437843017737,1.0023147546537043,1.0071026028223387
-0.004137963302114758,-0.004832953126294957,0.0038103931029139643,0.8522221890571835,-0.004845660037791507,-0.004598389076800098,-0.0031984353733463676,-0.0050463941003092115,-0.005005040950127226,-0.007768685011745655,0.0033285477470010546,-0.0038746742413197336,-0.002002602145238986,-0.0007276712732020741,0.00036310298886567545,-0.005005040950127226,1.0050672071828102,1.0042399589308328,0.99974564312424,-0.10318488727645181,1.0050704011340545,1.004749591264122,1.0042070229601576,1.0050481341868225,1.0050050409501272,1.0068995281344673,0.9998523904041837,1.0069371145716992,1.0038897982669508,1.005279149500186,1.0043306397385057,1.0050050409501272
0.038662738896333856,0.038640053299859915,0.0409695386316898,0.8551525940364307,0.038514650353204304,0.038786687858260165,0.03916064073478095,0.03850167125343862,0.03851963105300242,0.03846112944950052,0.04635541858168182,0.03985230763544467,0.0429673742427414,0.03920946757575221,0.04031724124549293,0.03851963105300242,0.9600692248187591,0.9614431061214268,0.9511888932726394,-0.10651221197720218,0.9614284792811618,0.9612143179692363,0.9601165629839886,0.9614708157966264,0.9614803689469976,0.9688350445578838,0.9532758171018405,0.9631531454993827,0.9626600665251139,0.9593951072746787,0.9592918715238383,0.9614803689469976
-0.0073401625591803105,-0.00788308519114005,0.001394025863237382,0.9530912517225776,-0.008546645084484411,-0.008481203388262672,-0.007671815528609967,-0.008693855615154775,-0.008600766120976275,-0.010974918345293492,-0.007802168058044344,-0.0032352910161004716,-0.00893802329818841,-0.006703034845621789,-0.006476899846792906,-0.008600766120976275,1.0089429708039526,1.0089310850834463,1.003175576319389,-0.008766977146939192,1.008638939792613,1.008276492260971,1.0079910607367906,1.0084999775512657,1.0086007661209764,1.0122631346788509,0.9942198372446284,1.0130367929807944,1.0059516671920856,1.0099028997087858,1.0062881421172598,1.0086007661209764
-0.04404403868038607,-0.044015510745116795,-0.04381769933537009,0.8967588453038451,-0.044623477627539015,-0.04428323791284582,-0.04362430320683934,-0.044633686058695464,-0.044571635311763204,-0.04105733477357429,-0.03937632458557918,-0.04724926084558858,-0.04336608033183893,-0.04311902585119434,-0.04058322373709195,-0.044571635311763204,1.0440924493178199,1.0445809985161723,1.042044631129749,-0.07967079295772628,1.0446679107181165,1.0444057922252303,1.0425950083612259,1.0445582580690225,1.0445716353117631,1.0533097977643835,1.0344432151734415,1.0449933736273485,1.0439032096239742,1.0433145896028377,1.0468497642170305,1.0445716353117631
-0.0022946923144050264,-0.0025449727154614895,0.00026669076512489794,0.8748088504601383,-0.002907088293308258,-0.002939124834152936,-0.0023231390967018758,-0.0029898188649627455,-0.0029850678815116537,-0.0022071447454209457,0.009567411754284997,-0.00152512803879514,-0.0009492966699912864,-0.0012797386270082518,-0.0012471493199207612,-0.0029850678815116537,1.0020116935819052,1.003308971676505,0.9973130401334084,-0.10493917145980736,1.003089310589872,1.0025714231041525,1.002404490022928,1.0030325093120367,1.0029850678815118,1.0126028771114954,1.0094991575818237,1.0057144522998847,1.002828512104564,1.0023574499516115,0.9997099697494628,1.0029850678815118
-0.06375330258765227,-0.06298836067546562,-0.0568507973232715,1.0469941293936946,-0.06381812438593519,-0.063637534730728,-0.06411010102284158,-0.06387122932806602,-0.06388231327196359,-0.06581744629147904,-0.053267425944570936,-0.06324805320242367,-0.06226522508393152,-0.06273811136268834,-0.06468687473963208,-0.06388231327196359,1.0624691164602573,1.0636912135629606,1.056189331242544,0.09020458229280981,1.0639592891036262,1.0638114695602867,1.0586177039126916,1.0639001385667881,1.0638823132719635,1.0653807625590677,1.06438423028708,1.0629741524356575,1.0627475169961285,1.061736013248999,1.0592020809587497,1.0638823132719635
-0.05927264192527723,-0.06092354045718881,-0.044768135401573435,0.9940871854294808,-0.060758002876898566,-0.06052162463810606,-0.05978310009950892,-0.06094051644531745,-0.06082322847356798,-0.061623687701509305,-0.05528836823845769,-0.06651525956760768,-0.060699228738285906,-0.05757570332767223,-0.05864568001896066,-0.06082322847356798,1.0609454157703266,1.060199194519215,1.059705873494299,0.040211847839118575,1.060768078233136,1.0605370166156425,1.0596652605013444,1.0607685296916105,1.060823228473568,1.0628631529941623,1.047919567449662,1.0602373713149635,1.058904809963493,1.0595372408262602,1.0597276391681127,1.060823228473568
-0.02272456950590697,-0.022676162488981754,-0.024321153783791696,1.0074151243416603,-0.02342274749645702,-0.023070812339564685,-0.022540267967349197,-0.023325473098588904,-0.023353033280127836,-0.02773038166917663,-0.01935257407562948,-0.024090478295065137,-0.023912645341964845,-0.0223388627196064,-0.019640028220346554,-0.023353033280127836,1.0219317752251713,1.0228426876448946,1.0189284783733465,0.024359037128798278,1.0232766504784279,1.0232825271762107,1.0218456610063085,1.0234125411110453,1.023353033280128,1.0294585523967814,1.0182656855945782,1.023649712778012,1.021390309269537,1.0216663928207044,1.0239008292805327,1.023353033280128
0.03895812664781992,0.03787961184635402,0.043811922724055236,1.1719032516104984,0.03745162359524996,0.037656459058402335,0.04013132767852097,0.03734724046230272,0.03731770599776848,0.03164501604799569,0.044586737475277215,0.03626600287004723,0.04082903627705444,0.04097452974729986,0.039484590531006614,0.03731770599776848,0.9625131713040883,0.9630585526097871,0.9578913873179036,0.1997953674605566,0.9626873461281724,0.9626586277515261,0.9634566997858288,0.9627279719145396,0.9626822940022315,0.9638422166631107,0.9611897150251519,0.9654524421487687,0.9626911658307765,0.9618508075583078,0.9621265777150753,0.9626822940022315
0.06577474713324766,0.06462590029169453,0.06820870657071733,0.9997268919985445,0.06375751880639163,0.06369637446884807,0.06439834742158998,0.06373736494578683,0.0637148392389057,0.06812354936240901,0.07821737183227818,0.06885654194486505,0.0659713972216313,0.06529885848265934,0.06308768552466543,0.0637148392389057,0.9361605897356854,0.9363454205088584,0.935591151186944,0.04183637993146527,0.9363812916435502,0.9359216763233662,0.9348723269380739,0.9363402415348996,0.9362851607610942,0.941184053572211,0.9311888272333645,0.9375777097215674,0.9370622173143867,0.9351728167588211,0.93333923349825,0.9362851607610942
-0.039464341593288134,-0.041799076916959096,-0.048882950034723954,0.9296220753438901,-0.0421230266782236,-0.042024295230639115,-0.040375273714474066,-0.04210043116842299,-0.04212609091277425,-0.044445005877488626,-0.026159938276989383,-0.035138404257971885,-0.040804509039546966,-0.041177925963441254,-0.041391910000327437,-0.04212609091277425,1.0416960036683276,1.0422976048087589,1.032370273539453,-0.031860083060059496,1.042047720379267,1.041731015146673,1.0412650100436114,1.0421085615155476,1.0421260909127743,1.0432039835016909,1.039533124624767,1.0469206638366975,1.0412146648023672,1.0401263812630248,1.0387182965733492,1.0421260909127743
-0.013354480078197827,-0.01206197976745904,-0.010366695451401842,0.9803823382922258,-0.01326999103872016,-0.012977112825666253,-0.01025245873341723,-0.013204612499738014,-0.013204997320585348,-0.015228899035661556,-0.008833209523298644,-0.015528736428163239,-0.011286399561121528,-0.011276932890764922,-0.009336487240422717,-0.013204997320585348,1.0114368078600282,1.0129454257782744,1.0087612439470628,0.017431350898955533,1.0131462558782016,1.0130456304967046,1.0134327539239936,1.013235124009676,1.0132049973205854,1.0160639984618316,1.0056383702369414,1.0111904871508957,1.011631871390293,1.0120947281125698,1.0107912232845429,1.0132049973205854
0.011988454412127356,0.011104386802609133,0.01602687424902446,0.9873632117598372,0.010852010519587396,0.011293054336503707,0.012500913567341787,0.010991018651589204,0.01101646553343956,0.009738433394206599,0.01706252521176858,0.012369861488364805,0.00974692766055274,0.012021912167871091,0.012932031570515576,0.01101646553343956,0.9877688210693466,0.9883916866980939,0.9783164416487659,0.02342353490558946,0.9888444611374073,0.9888037967285097,0.9877423052879362,0.9890148516334119,0.9889835344665604,0.9945709598922743,0.9849666587409369,0.9884743325670085,0.9863157113296939,0.987426478940175,0.9884861161549419,0.9889835344665604
0.028013142522599333,0.024343301015579456,0.03775968946762573,0.8756525526534614,0.025799825644452348,0.026030975677287464,0.026895351014058065,0.025870515379749628,0.025881935285908625,0.0333532540064816,0.037721545935108354,0.022547962220150063,0.025771004361304677,0.023803088066863588,0.023498277735407625,0.025881935285908625,0.9747386958949477,0.9725283063934508,0.9729050350092153,-0.0883387835456404,0.9741527207132389,0.9736226290236616,0.9730813355613789,0.9740855196064491,0.9741180647140913,0.9824092547142621,0.9752760121928525,0.9740739771960011,0.9708017797710645,0.9704814560074556,0.9669411834610284,0.9741180647140913
0.016959966574359303,0.016632316029162583,0.016480010526141366,1.014259873216472,0.016153934423447747,0.016260302665915913,0.015816009050148423,0.016153276952486282,0.01607875248688107,0.017853266078074158,0.02435818931808114,0.015636967585036472,0.01577729312315734,0.016756615365495945,0.018582016668544837,0.01607875248688107,0.9820277234983832,0.9837472655875833,0.9660599938587129,0.06377818246107236,0.98382870008664,0.9836517256987367,0.981999728283578,0.9840218771919674,0.9839212475131189,0.9843910488272224,0.9765249347003182,0.9842774168276497,0.9821953628119923,0.9819747101373594,0.9825198419071701,0.9839212475131189
-0.023133142623855726,-0.023977000344208615,-0.009894064432740666,0.9233137571445885,-0.024523446484269983,-0.024499864626009664,-0.022975470951234395,-0.024555030291539822,-0.024523778653670534,-0.02923211946623426,-0.02890294090320013,-0.022201674748539128,-0.023050398230879957,-0.020797141485695288,-0.023234525377626276,-0.024523778653670534,1.0255259928356415,1.0245353081490627,1.0337160858778445,-0.06185853725041679,1.0243908265060733,1.0241031915708656,1.0237324556185334,1.0245616871276564,1.0245237786536705,1.0234115518928735,1.0146745928937428,1.029470178773183,1.024046927710838,1.0266919830328876,1.0242560091922386,1.0245237786536705
-0.034803423987234856,-0.03553919905527663,-0.026146746670534775,0.7740559938262314,-0.035017025463667785,-0.03471609661253379,-0.032310059109111805,-0.035212238899487616,-0.03510387025708412,-0.03463387536619093,-0.02425132104655097,-0.043651573095499475,-0.033617733959154544,-0.03390739433085002,-0.03133924357698904,-0.03510387025708412,1.034636767308161,1.0343291672386157,1.0385144064650842,-0.19335911867704536,1.0352622919729948,1.034988535625375,1.0333791159599166,1.0350378019641922,1.035103870257084,1.0420340277555755,1.033000350003933,1.0301802642514364,1.0334410104258889,1.0309962865857607,1.0331463322049632,1.035103870257084
-0.027971408817126387,-0.028896890481401514,-0.02212736916930578,1.2058688340197115,-0.028626186857739766,-0.02838543898965158,-0.02521350427707014,-0.028637280163887224,-0.028626934870672992,-0.036971394470459364,-0.025978291241905302,-0.031115605210389523,-0.02607529007161891,-0.026432278659624928,-0.02564866152640041,-0.028626934870672992,1.0275998696902224,1.027579071624004,1.0211902011693614,0.2510079557950843,1.0285569903060416,1.0282646614474449,1.0267634942777903,1.02862445020447,1.028626934870673,1.0248659914645921,1.0141404542902748,1.0291381283584005,1.028676149285491,1.0274985719919614,1.026005152403279,1.028626934870673
-0.06414685371792997,-0.06286445947888147,-0.05224986530225907,1.0238493564334892,-0.06310741994289172,-0.0629417808844755,-0.06305014564118498,-0.06304299560502921,-0.06300422768984605,-0.059643114394956696,-0.05655663405174248,-0.06428053334967589,-0.06208826108045348,-0.06282258446148381,-0.0623881757897756,-0.06300422768984605,1.0614265507148626,1.0624682878958607,1.0716460889111217,0.052182089033939616,1.0630279590341332,1.0625865002982475,1.0611868260608093,1.0629599075782394,1.0630042276898461,1.07001238518045,1.0525305829134042,1.0658080349541468,1.061204646509718,1.05862387760074,1.0591107488974545,1.0630042276898461
0.04074307247694253,0.04037668282154794,0.03688642539831537,1.142203900615998,0.039652827305786766,0.0400597412307829,0.04130443003188856,0.039783540640120615,0.03969362657204075,0.039401515638780596,0.04858585516103159,0.03721008727926485,0.03989692049465366,0.04421600716418315,0.04268327255829133,0.03969362657204075,0.9602711800368522,0.9607121031131167,0.9510680561707275,0.17049707933458103,0.9602768899072832,0.9601113235566247,0.9603224274211968,0.9603982608675046,0.9603063734279592,0.961446629591697,0.9570731480745884,0.9615333287282671,0.9592210069714364,0.960987482824578,0.9595079184485649,0.9603063734279592
0.01435879415596183,0.013525280778152342,0.010159177435338142,1.1319062188219968,0.013351509842324692,0.013564464330088183,0.015216354690571718,0.013354726934115057,0.013347792701790063,0.008293258219851114,0.01557866907954283,0.013933540598155903,0.013180584521016865,0.013072632727771188,0.010570475714659341,0.013347792701790063,0.9872687517429132,0.9861752998967913,0.9849258440364294,0.14981728622237722,0.9867092074662606,0.9863452613728174,0.9862959674480039,0.9866812921969752,0.9866522072982099,0.9824720650237386,0.9802809142140791,0.9903981288848375,0.9847434062704399,0.9833161188303392,0.9795222768624056,0.9866522072982099
0.05769748628602718,0.05672696996152441,0.06676006561319241,0.9311038377294737,0.05606551737970592,0.056146315968061085,0.05878818718548467,0.056036787221546806,0.0560183033120625,0.05010026265179435,0.06612104774806882,0.0565178299134136,0.05540262857661922,0.05895892582345539,0.055755690127398304,0.0560183033120625,0.945007611079185,0.9446176949658881,0.9418425192559048,-0.03767077455179435,0.9439512342525581,0.9437044437159912,0.9438980288423794,0.9440695490561825,0.9439816966879375,0.9423442884871167,0.9388111435321473,0.9490644602486908,0.942882103741446,0.9439333288284361,0.9411540622100001,0.9439816966879375
-0.011667695803995954,-0.0111297325154441,-0.009081638808835045,0.8617546263447895,-0.011590600998288774,-0.011400727104557707,-0.00874861144621317,-0.011532120702394124,-0.011517547533710728,-0.00949943022036796,-0.003149201262621906,-0.015040282571117494,-0.008917864166951695,-0.01242780257731756,-0.012819780284729463,-0.011517547533710728,1.0098891625522135,1.011784033769264,1.0013444333638712,-0.10013726687778557,1.0114421070808846,1.0111026802021885,1.010937437858007,1.0114792105793997,1.0115175475337108,1.017085903501621,1.0028551521551907,1.0124093349780696,1.010227342703149,1.0084299248604613,1.0076217011422808,1.0115175475337108
-0.010336853809088928,-0.011861810233744897,-0.006159248043916196,0.7830269347641975,-0.011093087716282824,-0.011210235230657804,-0.01076975982706948,-0.011179566149496785,-0.011170993951804676,-0.010825112977283426,-0.004707803528475772,-0.010859885994204047,-0.009643482535588431,-0.010116173627075465,-0.011597528286652618,-0.011170993951804676,1.01005131744315,1.0103952105057357,1.014013234513197,-0.19661338683006635,1.0112349255730606,1.0107926759924377,1.0086686032069534,1.0111550901181035,1.0111709939518048,1.017749444980265,1.006047210998873,1.0131916446657723,1.011031037282,1.0081067636269891,1.0094191162234702,1.0111709939518048
0.01261987259942974,0.013506197090603668,0.017144430534868162,0.9564862065227975,0.013745098497810528,0.014112977677932466,0.01431120579986762,0.013823910229088797,0.01385974636577509,0.017054878869654965,0.026291109349598916,0.013119604338242264,0.01591985898386463,0.01760726326174461,0.013342114311438271,0.01385974636577509,0.983567367358364,0.9857969754477074,0.9795755270330457,-0.009344870356067236,0.9860169102852422,0.9859990841081453,0.9847442773472769,0.9861160946622081,0.9861402536342249,0.9948524124187916,0.9846238292994361,0.9849503189546096,0.9844852456542486,0.9861560708359017,0.9838007527711738,0.9861402536342249
0.004554044969454266,0.003934653503016274,0.003791238699211032,1.0444789269317196,0.0033711363786835804,0.003834097912353827,0.0034930344814286442,0.003281646369030184,0.003290102586291985,0.007198204766081681,0.012556163334093894,0.005496542348354603,0.005296906035830766,0.00544898647062944,0.005250977682861706,0.003290102586291985,0.9958716969915854,0.996980011753232,0.982538138723606,0.09158524425937409,0.9967504137247136,0.996686673707309,0.9952866426845323,0.9967562138599909,0.996709897413708,1.0017598870951658,0.9894739005314639,0.9986755825546453,0.9952036738337661,0.9959885574532262,0.9961605114920178,0.996709897413708
-0.016873939094470956,-0.016697645036083064,-0.006924631113886013,1.1066306329835196,-0.017254491550434327,-0.01674204515296276,-0.01772668779860298,-0.017203454384804515,-0.01723622063596072,-0.023738057029327502,-0.014105926021754749,-0.007713824883296968,-0.015045227085979317,-0.015095969051959144,-0.016885548083654733,-0.01723622063596072,1.0160603973295863,1.0174389537821418,1.0058556213880032,0.1516704029880528,1.017311103068844,1.017301534454269,1.0148099419026642,1.0172380858419796,1.0172362206359606,1.0129301337486751,1.0107595814613273,1.0248604953987233,1.01760008833438,1.0161088064645158,1.0157091774998512,1.0172362206359606
0.028248514964798715,0.02854841923890468,0.03848935758447638,0.9761147854845957,0.02773555925531567,0.027966326691660305,0.03104342093913927,0.027885591110093,0.027883245832270875,0.020200499554547648,0.039392090143563804,0.02748288010840526,0.028312235753792974,0.03064140087891508,0.030519056288591702,0.027883245832270875,0.9710757921366527,0.972560836117829,0.964647200462657,0.025544871946375225,0.9719416320290378,0.9718211693780753,0.9716739667830454,0.9720734444446008,0.9721167541677291,0.9662481387776931,0.9680611525341266,0.9736337384160603,0.9716806647550317,0.968754345244512,0.97068641840798,0.9721167541677291
0.0038432945649418803,0.0024172197743090327,0.004928208514689465,1.2422099299435163,0.0024015217507577266,0.0024177286140241875,0.004082666336650537,0.002302110171997691,0.0022725020197675184,-0.005491540269214314,0.0070701499898359185,0.002071557903898549,0.0043855029675080115,0.007132620084022738,0.0050429489099220095,0.0022725020197675184,0.9983150452242843,0.9973787764879793,0.993325779929651,0.2674642500037827,0.9977571432563788,0.9974623517663723,0.9970883201490727,0.997745574112904,0.9977274979802325,0.9953997009856184,0.989967853169102,1.00171975472896,0.9973094114855285,1.0000382576493836,0.9962107745662075,0.9977274979802325
0.007962465828166985,0.006864707322568317,0.013698868090171646,1.0550260112042502,0.0060145040157622825,0.006320514409756772,0.006412780159925187,0.006025186954935593,0.0060264107361282905,0.0015327562488278725,0.013495783174756837,0.009034001976021867,0.008211487822350087,0.007826652481784827,0.00823248960945792,0.0060264107361282905,0.9931735316159728,0.9937532638316424,0.9936338784128619,0.08922785960512192,0.9939294225205179,0.9938964562469602,0.99250251573874,0.993976089945999,0.9939735892638717,0.9931903269067419,0.987129818324396,0.9958947737710525,0.9931050194361498,0.9939839350560605,0.994140887776504,0.9939735892638717
0.026615663252087914,0.026718915348926515,0.0310858419756768,0.7128316087028972,0.02612783483877067,0.026353575040577507,0.026357940526706994,0.026117894048181767,0.02615744553734933,0.02353653676427326,0.03319924102660631,0.024066074488692517,0.02805574188406213,0.02786485907927922,0.02893732995683045,0.02615744553734933,0.9716119373629342,0.9735812668304039,0.963884097979068,-0.23890609028331133,0.9737378214591145,0.9735224850154639,0.9704262297242312,0.9737811954249914,0.9738425544626507,0.9740322421465821,0.9664130492979265,0.9702911328169737,0.9736232353949767,0.9723711045737978,0.9722520496040264,0.9738425544626507
-0.06461178740213319,-0.06543988622941577,-0.05753833744302414,1.0471580286320548,-0.06560587401817129,-0.06489384203047639,-0.06314501426146714,-0.06546919829740301,-0.0655362594794886,-0.06826166694414282,-0.06053891270277387,-0.0708733554038228,-0.06453706816349393,-0.06338808052408694,-0.06100500522040266,-0.0655362594794886,1.06545465417625,1.0653092201730399,1.0641816434489002,0.0783881904207061,1.0654329420868052,1.0655028364770045,1.0664678714751545,1.065592798485835,1.0655362594794886,1.0653113748126821,1.0574009487245377,1.0611905605872491,1.0644266048468294,1.0657874172505954,1.0677683366616009,1.0655362594794886
0.09190734728134531,0.09039795786907047,0.10194487208066864,0.9726488070239411,0.08984702487905279,0.08988216686429677,0.09118935022747271,0.0897481116511989,0.08976322918230846,0.08674785543562198,0.10106239883794235,0.08589340529280709,0.09228922810321905,0.09060626748345219,0.08929653161272653,0.08976322918230846,0.9112313444726503,0.909927134500218,0.9079283896025675,0.0077856021995938995,0.9102475854891154,0.9101076647016914,0.9090123751126561,0.9102631345524077,0.9102367708176915,0.9145950571906544,0.9075353000901812,0.905508446516069,0.9113922384617151,0.9092006423323542,0.9076532147494826,0.9102367708176915
-0.01801016117017491,-0.017704001476701602,-0.0007143892058840002,1.010120161339938,-0.01841628849602363,-0.017810486114687274,-0.01735970001901154,-0.018266770490870422,-0.018339044595628125,-0.026985596851922925,-0.014508363714389254,-0.022151561624623353,-0.017761560157781662,-0.016560819020736244,-0.015835497677178283,-0.018339044595628125,1.0175377305123343,1.0185692995797742,1.0187521220537834,0.0417673145470171,1.0182511946985653,1.01809038052606,1.0180677693789677,1.0184176375767844,1.0183390445956282,1.01985318088659,1.0100911345535641,1.019729823477932,1.0151941305099734,1.0163007718820465,1.017358676707305,1.0183390445956282
0.000436386198264054,-0.0020141846386140722,0.006377513695369231,1.2293750445683023,-0.0020986309735339325,-0.0019556096204156634,-0.0001226911706526876,-0.0021976015331615878,-0.0022530809032161314,-0.003676409800879851,0.007218274733400003,-0.0006671024635357776,9.785349210007957e-05,-0.0008199649056290154,-0.0016722642324008138,-0.0022530809032161314,1.0031183258902139,1.0017430404117584,1.0041786508868478,0.26251435195748063,1.0023537720938418,1.0021211956189344,1.0024924597609448,1.0023004275825584,1.0022530809032162,1.0050596603341104,0.9968672840961375,1.0032212629730597,1.0015235859853961,1.0014603886080984,1.000794903920826,1.0022530809032162
-0.006370268833731681,-0.007433420792319488,-0.004296550313102122,0.9929595023793019,-0.0070769617071280416,-0.00699751065709919,-0.006938960830862116,-0.006980908648884595,-0.0069591527605171325,-0.014185895787018737,-0.005890129226698111,-0.006159353095527942,-0.005977745706775063,-0.007998192712087956,-0.006148696585969943,-0.0069591527605171325,1.0071843628523565,1.0063002273228168,1.0065582239098536,0.009308238233519783,1.0068491966177218,1.006624371390149,1.0062540116281256,1.0069663261541888,1.006959152760517,1.0071748080738003,0.9955628290945957,1.0084339715787447,1.0070157250005298,1.0044096151525481,1.0055106744467865,1.006959152760517
-0.07416188486273931,-0.07430763683568083,-0.06140263494598825,1.0375309368281525,-0.07443035471047237,-0.07428669992902179,-0.07375180792068632,-0.07460488877609883,-0.07461063728785622,-0.07949064952004163,-0.07228976670411442,-0.07541184806900446,-0.07460077694380864,-0.07294959580130148,-0.07268354351308824,-0.07461063728785622,1.0739445550171547,1.074456968751232,1.0711537771258484,0.07613636869705553,1.0746559460486143,1.0744156456605352,1.0748854154066945,1.0746365343374535,1.074610637287856,1.0692579821563473,1.0622926060385147,1.0766938998877804,1.0734458294366094,1.0747401579732112,1.0741296674677627,1.074610637287856
-0.05539438915749619,-0.054555956158110624,-0.05420942510224594,1.0149700060818434,-0.05504619082522402,-0.054644864580844686,-0.054125395861688526,-0.055127221397075946,-0.055131851890734676,-0.0509874467068101,-0.051209817624120746,-0.058715403423049976,-0.053180885721306886,-0.05304835384362787,-0.05161168038067023,-0.055131851890734676,1.053850572801827,1.054625377515303,1.053085363035736,0.04825629775413387,1.05516156909714,1.0550528125093257,1.052371152053551,1.0551949828514136,1.0551318518907347,1.060203696896842,1.0469569491195094,1.0540187941265393,1.0542218992288748,1.053264844515459,1.0533562961344944,1.0551318518907347
-0.04367054435706625,-0.04416951034152089,-0.03855971103768545,1.0836359258193686,-0.044414600980760464,-0.04398440140276142,-0.04197016762228622,-0.04432122737408445,-0.04432436417713055,-0.0493119803864535,-0.03683120930486944,-0.046998622144314516,-0.0447119966504108,-0.04229085788314396,-0.041281266921639324,-0.04432436417713055,1.042692284721883,1.0440405869487666,1.0436534221610942,0.11028748413492839,1.0442740789113931,1.0440673865958459,1.0430375886425554,1.0443107992559653,1.0443243641771305,1.0440254830833948,1.03674898900877,1.0480753731022994,1.0438065494987727,1.0435815241432496,1.042987826574042,1.0443243641771305
0.08641411735224525,0.08623772379343064,0.09074861841655375,0.8625678829622914,0.08517852606928734,0.08541542600287577,0.0897036728029885,0.08538479058174958,0.08537266348947314,0.08235919377316853,0.08657175578023958,0.08463211583333899,0.08561297937359315,0.0872378724883531,0.08570691261375417,0.08537266348947314,0.9152776088231207,0.9150328812292154,0.9118227715703854,-0.11428926491300939,0.9144644754713341,0.9142833431364076,0.9173578608609534,0.9146149093692358,0.9146273365105269,0.9172307294256988,0.9040750880513071,0.91426355571362,0.9134282589255495,0.9141885183321465,0.9141392910192426,0.9146273365105269
-0.031759092560172314,-0.031822973550174834,-0.03621019478857011,1.1621573900533868,-0.032847803999883345,-0.03230690351546297,-0.03339193351554874,-0.03269910205377274,-0.03272004391852753,-0.03551112236031615,-0.02774142183984657,-0.03326872263648784,-0.032805540690946426,-0.03254748688588692,-0.026805681912953603,-0.03272004391852753,1.0324340694378265,1.032704739441913,1.020646702982304,0.19377741196112996,1.0327160446414914,1.0323681910316176,1.0303380938328783,1.03274058588265,1.0327200439185276,1.0377730242085572,1.0245585858868722,1.030441798521697,1.0315378246286868,1.029405526629183,1.0343809461357685,1.0327200439185276
-0.009245113588329482,-0.008569086360787117,-0.005087111232548486,0.9873890204086084,-0.00817566014993659,-0.008176809502985646,-0.008274010693905135,-0.00827797522731493,-0.008182373846625903,-0.019829848633087774,-0.004804137527045586,-0.009383055866452472,-0.007154380267243354,-0.006456864906633883,-0.005532342299579343,-0.008182373846625903,1.0059215263889827,1.0075588692858175,1.0034710348753393,0.011212262019925201,1.0081390875737282,1.0076576413781841,1.0074305321881547,1.0081099157453823,1.008182373846626,1.0027668599311632,0.9986165746344426,1.010304559124127,1.007279663945344,1.0069123267602749,1.007919542214411,1.008182373846626
-0.01111032233914968,-0.012522897863123172,-0.0029793716152629528,1.024947140729112,-0.012717721038536444,-0.012431060141086225,-0.010681067643258628,-0.012614449356741183,-0.012588747184877265,-0.01254134747574367,-0.006230443820551146,-0.013896913727251803,-0.013316145837513206,-0.0123801040527236,-0.009658234744914488,-0.012588747184877265,1.0117941667908594,1.0122874158389508,1.0087441968387563,0.05883531105734141,1.0124788099885982,1.0121723309088748,1.012489288128888,1.012592417448291,1.0125887471848773,1.0144254274764506,1.0108687083933052,1.0140442968713173,1.0090473884395006,1.0111234782394083,1.0109704944545548,1.0125887471848773
-0.024310095435937224,-0.025435775802614826,-0.02382978980313163,1.2366336417697341,-0.0250739571607853,-0.025208672734187722,-0.02308553801065721,-0.02527028795779251,-0.025259827382005835,-0.026144000759647013,-0.016406654392155003,-0.025181220697279353,-0.022777847282578558,-0.02590989961540921,-0.025001857501564015,-0.025259827382005835,1.025427889607276,1.025046358548064,1.0162848526232346,0.2661026443919914,1.025339966528584,1.0248594939864835,1.0254298764500271,1.0253311912096903,1.025259827382006,1.0311710759445731,1.0213783381349846,1.0243434283290256,1.0247405679599646,1.0240687397518642,1.0219422286671305,1.025259827382006
0.0004136727059256529,0.0007899711833440791,-0.0009572981985746868,0.767477770080427,0.000800297701749242,0.0010762380845395557,0.005074931873387332,0.0007622483721410817,0.0008466605788380651,-0.0008597764316938311,0.010404907720056521,-0.00510465003930039,0.0018809190173345763,0.0018164638969521856,0.004404311249700319,0.0008466605788380651,0.9985121064531777,0.9983079928078548,0.9919454930392433,-0.2123687275873689,0.9991253288823534,0.9988101324774555,1.0013382876545276,0.9990899291679263,0.9991533394211619,1.0055216215858713,0.9977061813247599,0.9973041465770518,0.9979654646146128,0.9968142731664753,0.9984925053585202,0.9991533394211619
0.011316999210219603,0.012583064866844369,0.020967857688821666,1.0250220542263682,0.011930134419061884,0.012503887557636552,0.012899623399170881,0.012048829811667577,0.012005914723632893,0.009838795642505942,0.021135699136312247,0.011707960324482482,0.014382978737849848,0.012113097161406098,0.012244002670225601,0.012005914723632893,0.9858251992222248,0.9881841730053641,0.9915604541540777,0.0481533620458493,0.9879118621551438,0.9878941571763965,0.9871481059432042,0.9880673314067139,0.9879940852763671,0.988683761425948,0.9862197333169755,0.9918967880235737,0.9885165089735785,0.9860056268055197,0.9844896663567787,0.9879940852763671
-0.0030253760608742663,-0.0027250337592238816,-0.0004421954091653474,0.9311377688914257,-0.0032240499649944655,-0.003060132594909867,-0.004140457505422391,-0.003413849548769376,-0.0033293801913291546,-0.010129436636556348,0.00505843038088505,-0.008633402952638886,-0.00248314395518214,-0.001184461781871817,0.0016323868666438658,-0.0033293801913291546,1.0024170831637937,1.002708123771083,0.993088670435889,-0.03431258075591459,1.0033356026397158,1.0029803477561297,1.0011132475626616,1.0032891582334107,1.0033293801913292,1.0029257808833758,0.9996443897644707,1.001611475753752,1.001101236288122,1.0029688970099992,1.0021155170402372,1.0033293801913292
0.006207976161657235,0.00585082193484371,0.008916409550214499,0.8799532872303343,0.004941939185423414,0.005338216553688474,0.008425242123619768,0.00497316860655437,0.004948828201972903,0.005255107899175786,0.012003818975642793,0.004936272683374947,0.006491659580123895,0.0052228779328011695,0.008011649354178278,0.004948828201972903,0.9940837679079826,0.9948069293795254,0.9979827785806161,-0.08653275900564261,0.9949702355984884,0.9949783562380086,0.99598256834275,0.9950680567397329,0.995051171798027,1.000749190894929,0.9863898268724934,0.9924688626544244,0.9944234100030962,0.9917314962712133,0.9936314209111565,0.995051171798027
0.007555591087121116,0.004909881212975474,0.012573669543730943,0.8981033143767477,0.0049903017528713815,0.005312184176713438,0.00695569633547205,0.004994534102291801,0.004932187585130068,0.007584764082235982,0.013849340641853973,0.006326654353870309,0.005741663031036136,0.008400215851471679,0.004414318032775443,0.004932187585130068,0.9955787571979154,0.9946379492745322,0.9906838805150954,-0.06597967219072798,0.9952145765558157,0.9948332235910237,0.9950921860482006,0.9951265379779434,0.99506781241487,1.0009151715871867,0.990068770621697,0.9967148953623183,0.9939127225503035,0.9952523039234811,0.9935991668697631,0.99506781241487
