Current density (A/cm2),Voltage (V),Faradaic efficiency,CO conversion,Crossover rate,Capture energy (MJ/kgCO2),Electricity price (USD/kWh),Membrane cost (USD/m2)
-0.0017777284423584536,-0.039873073144695306,0.05447667321794453,-0.09107812569848961,-0.0011159872536369397,0.03888435905565369,0.0001861232012573405,0.000985003535979181
-0.001160505279108542,0.059609775677835694,-0.0064199795537750294,-0.07102861425041776,-0.0007905837985053695,-0.026048347935630253,0.0003905251835345444,0.0012612735930034329
0.00021163407726588427,0.09180211293285379,-0.06269563335000689,-0.024732818611285592,0.0005745780345506631,-0.0019969031866432477,0.0006682584400961788,-0.0013591705249047332
0.002236879793807714,-0.05170288932685867,-0.057265362833455596,0.014240103323602748,0.0,-0.04525518940008037,-0.00013932902202179465,-0.0005322776804298033
-0.0001301408089154398,0.015026594708316507,-0.05273791839335768,-0.0746140039856514,-0.00017667766333339982,-0.01145122142994585,-0.000123774758816253,-0.0008275925186157322
0.0029175642906666415,0.019816588401289765,-0.009566487857043237,0.1042569615459757,0.000724320945421371,0.05244381544194539,-0.00022769017318079182,-0.00017001817121112262
0.0020918146966844805,-0.08732133684523745,0.037493556479936296,-0.012841672362220615,0.0005097189621283021,-0.034000918445762446,0.0003753879466719401,-0.0004835955659949534
0.0024850387970443296,0.05455812257758543,-0.059916736578086265,0.14073492205695504,-0.0002319591156453567,-0.054306562062736125,-4.4554517720035713e-05,-0.0006167549887167869
-0.00041282831191751006,-0.03152519027284324,-0.07734359473481336,-0.06294904208901689,0.0003170869555290945,-0.024864831271156237,-0.00011797513249845575,-0.0007123951571983804
-0.0019242354282456742,0.00019864898427499606,-0.09058421242162036,-0.053753004585547756,0.0005215454319608033,0.0372099967137789,0.00018367362614774008,0.0
0.0012360153496512073,-0.004777452155180373,-0.022024671359281756,-0.03061024705517819,0.0004299379173310192,-0.024351156239464853,-6.770974583474032e-05,-0.00132604269545512
-0.0004916404658825424,0.07182905659915202,-0.054913548346033104,0.046438488448821556,0.0006334455003512519,0.053217691353030006,0.0,-0.0009061504119330564
-0.0004577325498508655,0.06366271676458855,0.11103838241393792,-0.04973649110344409,-0.0008727000483017745,-0.021845176490707274,0.00052702914246978,0.00012815707057119152
0.0030728650944788355,-0.06867910319711452,0.12179717451895761,0.06263374343487328,0.00011675256914830956,-0.05408509133398422,0.00020824878992269961,-0.0003665565832855934
0.0010257903308135009,-0.04678290403952282,-0.08244775827224426,0.0064577235694920476,0.000382344391885656,-0.0331003622612648,0.00020293416971414735,-0.0003169140140738937
-0.0009594278982733457,0.08135691180283298,0.04301485540124649,-0.000591453613257426,-9.51455672935381e-05,0.01703066166066178,-7.12246849224607e-05,-0.000624468168875257
-0.0019194503881346148,-0.0772712966514058,-0.06058876935854871,0.01460255563881727,-0.0006245332321630937,-0.0398568363870463,4.8315137643833994e-05,0.001509312944139488
0.0021489316933801087,0.016388136256069486,-0.01510395962728683,-0.05482351581318272,0.0004830300459177442,0.0012160966467686537,0.0005398835233646647,-0.0007933442401875862
-0.0010752557911716282,0.0894296478913049,0.013870525774074983,-0.025282105104072458,-0.0009335908567517157,-0.006036504457986397,0.00032014817867183354,0.0006175330359169698
-0.0034741478306405935,-0.08059837896048631,-0.004433760278411065,0.024499244450044436,-0.00029804479612570173,0.025149912627190282,-3.825307171349823e-05,0.00035446726016619156
0.0014642749382435152,0.05982978151405571,0.14552024723945545,-0.04717275712467926,-0.000786004635623053,-0.01596316697164132,-0.0005336523249782343,0.0006662194758308439
-0.00026980844017838155,-0.006101022947800795,-0.06342500420939681,-0.023335249216563027,-0.00044912100237767133,0.019475453120151063,0.0004351257521428009,-0.00134557444442793
0.002868505802612481,0.03824639996752698,-0.024660580254384116,0.07083141956740226,-0.0006788198454225467,-0.017401868526074955,0.0,9.891639584924672e-05
-0.0024280760956243244,-0.009294957472489727,-0.09307143199022216,0.0208290539337203,-0.00010831894674840743,-0.04411329221311585,-0.0002408160130507843,0.00021913879695578675
-0.0017568525616143073,-0.0036799149800766416,-0.10100257502412247,0.10596691021289865,-0.00040357610009557105,0.07093145381550267,-0.00036127355422742313,0.0009109625533192173
0.0010619772650127962,0.049268296524717245,-0.03500898063930855,0.018748132025489774,-8.296281306282751e-05,-0.012798471190206896,0.0,-4.970921270947351e-05
6.339779537027461e-05,0.08482164486985426,-0.09250768767193664,-0.013653999874942358,0.0001293370131650379,0.00905129662681527,0.0002385545373198903,-0.0009806792165954715
-0.0013115261732006295,-0.06932078438342308,0.11893615926466791,-0.054829992687580854,-0.00041136743223130716,0.023520573470617243,0.00032904556739411436,0.00041787922419678214
0.0002660179685150671,-0.05081250454584312,0.021483135037263058,-0.024088301804593093,0.0003134683919454189,-0.03552966052872151,-0.0005724376327606009,0.0011856414750287742
0.0018439025017536277,-0.057944621207530515,0.1265070659380766,-0.04558932639448587,-0.00022067304657638964,0.02933091251019393,0.0002869320577393826,0.0001380621067074636
0.0008412156287515454,0.05792073052384575,0.11847032855657265,-0.005156177627921452,0.0014362116188833326,0.03008517861872608,3.988735412108202e-05,-0.0005120189579119598
-0.0020905276603107883,0.07619204219509833,-0.08813024978218197,0.024641789832551657,0.00045723140650351336,0.01813568133792184,0.00012787755407700843,0.0008674869166853032
-0.003051332808769948,0.03893231160832204,-0.04200722958555345,0.013082868588669696,-0.00013242538595665057,0.00038519336463551886,0.0,-0.00028723797882389013
-0.0005766334414770725,0.03572557188358012,-0.01664099949155976,-0.035227350789896306,-0.0008213648479190406,0.012657407393924125,0.0006161645012655202,-0.0013070727850287415
0.0005299236280334478,-0.05011712244238647,0.08243365928607393,-0.077208578031415,-0.0005315752284936565,0.013444823781082235,-0.00037909656338284276,0.0009868365450032654
0.0014752725087962242,-0.005045420011126474,-0.06632911104654103,-0.07301898725088857,0.00022849385396814248,0.03389851175537179,0.0002499312512188927,0.0008107924303261506
-0.0006353083344863012,0.016207457570308205,0.1271672361106538,-0.013607633729991159,0.0009900755186757466,-0.014004486783870982,0.00015544012284263165,0.0010073864152845028
0.00046586692814009283,0.09737681129671256,0.041843288092448125,-0.08967396328010854,0.0005483609128349657,0.03981666279937573,-0.00018185469151134337,0.0011230531344088794
-0.0010731237204974205,-0.027994533287223275,-0.054451570447098724,0.058141521504788615,8.958243530740595e-05,0.009673876112110786,-0.00020231703784513922,-0.0001562972373868664
0.0020809959369059955,-0.06611609045603963,-0.015678227102763675,-0.04035449632841434,-0.000689917548916668,-0.02013675962784336,0.00030448258952744944,0.0
-0.002518963901804235,-0.02462187861509965,0.055200898957720415,0.1290278350070129,-0.00038168274604986815,0.006879086549120224,0.0003453154488750839,7.257619598219356e-05
0.0019136314614366591,-0.06302203882170006,-0.05298191436747245,-0.06115840556721484,0.00043461851971907843,-0.0012818410435036895,-0.00020325292246417548,0.0
-0.0013103315106645442,0.08116732691478593,-0.08993917747437818,-0.029302819351074316,0.00025561346017778034,0.02303126232613061,0.00011192313640386378,0.0009358879352993543
0.0008746600137150084,-0.09167743038614519,0.03646512990899813,-0.024086638093232794,0.0008264482152194945,0.00023928794540734044,-0.0005175294716470601,0.00029896207341426685
0.0009114429694881613,0.03236228017463689,-0.05355996653842063,-0.054276590040528434,-0.00042984704075960497,0.00018422145416145482,0.0001175331477272501,0.0006238914679593301
0.0015581570489552788,-0.03581240502076978,0.048063103452379914,0.10671164927041436,0.0010393554804637196,-0.044270190309844776,-0.00016368643165574903,0.0005092864401300594
0.00015965693245634238,0.0028407538910963813,0.10461603605111523,-0.009253881199244484,0.0005272300492218841,-0.0012590487184494657,0.0004401753132389836,-0.0002469395246456549
-0.002293023323176499,0.0021997300042824026,-0.09761171570421094,0.08871126097785587,0.00031841639876706307,-0.01023162240610292,0.000199144181327722,-0.0008731034657718565
-0.0009693673582362119,0.08032321468690617,-0.012040428851230606,-0.09482704647484975,-0.0009118314477489712,0.033593692042629464,-0.00042754713655644347,0.0001920058286211234
-0.0022245161639047072,0.015682163981143356,0.02016913094099219,0.13848104098863245,0.0008715435437287712,0.07231743084007837,6.223534911534156e-05,0.0003672026055649729
-0.0015789989885110435,-0.06103777365618996,-0.02878377223912639,-0.04531675295708516,0.0003364286702848324,0.037836750849034324,0.00011976434483093601,0.0008381808306265603
-0.000750612288378202,0.05706541275075373,-0.02859744593569901,-0.046987524553856776,0.001073232181695334,-0.03663503885157336,-0.00041994127065832237,-0.0004113289723915378
-0.0005684980319445003,0.0489781461775917,0.13240535096184164,-0.012993209861267913,-0.0003855750526482763,-0.036345418102302324,-3.071714964550387e-05,-0.0009326153322162863
-0.0021967412620596052,-0.09449805712673484,0.01931699529710814,-0.0217437288650441,0.0002806079913895282,-0.00041717218906934145,0.00031591432265897244,0.0014359785866993584
0.0019379479011193686,0.05968362461368685,-0.11217149685230711,0.12369290235696927,-6.174076349942104e-05,-0.02991474809484351,0.00035207504962998467,-0.0003350231239598609
0.0007022245828734661,-0.054350848517135106,-0.00854123936687695,-0.04272202297836656,-3.4435303350441315e-05,-0.0007875881015511148,0.00045038931426693045,0.001490273419488165
0.0008436372135899111,0.04434252673273025,0.14210425392382509,-0.01016361010126956,0.0013943617175175233,0.009378183203622945,-0.00029672489044060835,-0.0009212910413329366
0.002149229143837671,0.053744146417862335,-0.104254030318041,-0.00039786760101960425,-0.0004523451053413844,-0.04147982608153065,0.0002669043001145982,-0.00119911243974596
0.0017498335713812747,0.018522039554080626,-0.06808454752405063,-0.018915860392223222,-0.0006213155917882536,-0.03617648088766855,-0.0005770432886182952,-0.001301807458786185
-0.0002487756174862763,-0.007889414314252002,-0.07110510902296693,-0.0027833500111833277,-0.00038354857321664044,-0.017768812101502718,-7.27133194945162e-05,-0.00059693926361229
-0.00045180149185400137,0.07742291316948974,0.014370972765525385,-0.005224281352328175,0.00042881116753675836,-0.030066819732218652,-0.00025217660111836305,0.0001616299086680123
-0.0018847674508687808,0.024673160561859295,-0.035387597362956366,-0.00967448797796979,0.0,0.05622803952745712,0.0,-0.0005527533686477126
0.00023932045345888525,0.05959694622630401,-0.012716390614580334,-0.07053433297149188,0.0007870739511139536,-0.014441645326089526,4.6924029155549773e-05,-7.37121613494683e-05
-0.001866411575952493,-0.03217681561305749,0.03108513351647975,-0.022124447731633773,-0.00027885223470628816,0.017219720224713266,0.00011170971271626685,0.0005018575352179705
0.0018993167018483707,-0.06046841878592627,-0.08891266079963518,0.0450966895502973,0.000480327938087749,-0.04840749263451263,0.0,-0.0011986883752494462
6.0169199768020376e-05,0.08610118702914143,-0.055411325968026115,-0.0988060726956508,0.0007508037913382888,0.027781047416149843,-0.0005994590447060099,0.0008217603922972634
0.0005030942121014848,-0.04781476739915177,-0.08202371895484037,-0.07705785598366789,-0.0005966241926758088,-0.025071875354135978,-0.00023334185888830857,0.0007404889669676808
0.0008311055983783081,0.1057370600281582,0.0789532801192833,0.11422036123897863,0.0008889524115549644,0.03610830402410753,0.00035221885498643024,0.00039526772208641815
-0.0018349983351525904,-0.007918715633972792,0.023033233454855386,-0.014965679598695268,0.0010072290800092385,0.036869228327849946,-9.175450595168971e-05,0.0005197079052252263
-0.0027371424588194426,0.009790379972595633,0.07974941967180448,0.09089630325757282,-0.0005191168204888405,0.07115457110981237,-0.00036205113921389254,0.00024018704075378153
0.0006264292077354347,0.023626133668423657,0.021330381852119423,-0.07849564956086195,0.0003761031403613839,-0.020826166718979713,0.00016666260361757057,-0.0010671798458181348
-6.597012488515519e-05,-0.055421233029478226,0.010998629608631991,-0.08691328123928754,-0.0002040735638733696,-0.01022132201195683,-4.07429837062101e-05,0.00013839305044691688
0.0016309594498900967,0.08556843576149788,-0.04919622703684091,0.034859386451287375,0.00013050862543755322,-0.04984483518006726,-0.00012105382508796614,0.0011871794315768752
-0.0008715944172402911,0.005938694973437344,0.10893771667631387,-0.07094004655525696,4.4035338167096316e-05,0.010619880107495313,-0.000183209932144465,0.0007143243002052048
0.0013079975714695253,0.08496546088022768,0.002661594860886109,0.06908977155834731,-0.0001338547589108674,0.065678623717256,0.0002554717949474943,0.0004079169929403778
-0.0013004506936296293,0.021676172403708043,0.005597789604416455,0.15320896893532643,-0.001008403891611465,-0.018096251943688094,-3.9776058131879566e-05,-0.0008006333741783828
0.0006898191373522702,0.04566998120296789,0.06505958701924353,-0.03773995757929461,0.0012075690600384867,-0.020375324319971598,0.00050565143374081,-0.001303490983106408
0.001149172371578663,-0.005422733016994132,-0.06125109971415698,0.017608123454172665,0.00042533012385936577,0.05767823289929016,-0.00016743568713918633,0.0005671851869537155
0.0020113830892550294,-0.018638599869800782,-0.04445883996044493,-0.06862836667592052,9.570327287206082e-05,-0.014234247954283293,0.00022199574972867775,0.0004767444946450629
0.0009247698294459275,0.006304842310051838,-0.10079159462233243,-0.058555668744286075,0.0006785122656115684,-0.01737566709400073,-8.228971424806275e-05,-0.0010419473555688644
-0.0005069042510777234,-0.023169369975496772,-0.10311453996816827,0.048162387078304045,-0.0006477594159479592,-0.02165667577552008,0.00041452169502796676,0.0007802085087811162
-0.0007604834425367847,-0.005900282306451094,0.11720672977562323,-0.017109576651357976,-0.0005553318079724188,-0.016723515411230853,-0.00015332286800170958,0.001326567074184041
0.0010948851064769014,0.05077471792820983,-0.0986787124547784,0.18267142935628536,0.00037531496410132055,0.05382147110187593,7.261145001538627e-05,-0.0006603735237831748
-0.0024052159858988682,-0.07837161066624616,0.050478495631924046,0.0050480611602606714,-0.00028195258122087246,0.016198826361730024,0.00016756968168393655,-0.00010218102769507346
-0.0023725944720713434,0.05180669271572654,0.06072172352845643,0.016601982271545832,-0.0006291027191697979,-0.0005531620158027919,-4.78217549384069e-05,-0.000588233283945862
0.001043379660753666,-0.04753078199377214,-0.07809886280716867,-0.07668568865295376,0.0,-0.010315687172067664,0.00011594448313426153,-0.0014505083835256638
0.00040865380309510293,-0.011697078635149462,0.0582659275736005,0.14515090406149392,-0.0014580848268689456,-0.024880348610603585,-0.00016729185929009738,0.0006788682541796519
-0.0013051956239911256,0.03219355008916043,-0.04420586442244061,-0.057379753425564575,-0.00019982962299704143,0.011169474631005656,-0.0005959747470051782,0.0
-0.0022886201173710164,0.05687570656489162,0.1134210705406806,0.12821314977695644,0.00034192520880249296,-0.06206956020239406,0.0003151157963210273,-0.0003834839834084003
0.0020361733247306548,-0.047220986321229425,-0.06354295446697195,-0.05140995953060817,0.00032343730923584113,-0.007736211298674358,-0.00013670027057377935,-0.0008914188104025892
-0.00148388897010008,0.0803616926845644,-0.029001062244911467,-0.050853535541283884,0.0012704388520759558,-0.038659122148564234,-0.00042723543402703457,-0.0013676872973924963
0.00046419809208691115,0.04705622534029267,-0.10669503987342431,-0.08338917827664288,-0.0006689534300384632,-0.016364358592875577,0.00011800392429875406,0.00140930120969283
-0.0008296600009798449,-0.09801911131724865,0.12396041208684845,-0.05114148655629694,-0.0008229199874138925,0.009937208788482439,-0.0002799945020537861,-0.0002900541412773941
0.0019563417170123712,-0.006800290454857744,-0.08520894636861058,-0.04326484383329932,0.00034048126083212945,-0.028597187309792164,4.791701985307206e-05,0.0009412238012924731
0.0005350703008741323,-0.065189524326953,-0.0648476088943889,-0.06510692586356161,-0.00036079500619298104,-0.025874091157284892,-0.00020668178948815563,0.0008655595875912093
-0.002050747282191485,0.06367139378223356,0.005286311806661761,0.02078599918174765,-0.0008089654627256696,0.013435239119352961,6.294162234937728e-05,9.903128596295085e-05
0.0013492223310512905,0.07108525525462495,-0.10773372441533134,-0.07756922225330568,-0.0003383645721147799,0.024154430277717433,-0.00034383537136597906,0.0009252753069935366
-0.00018300525624229125,-0.01472596990220949,-0.10003112069351094,-0.001611319168808568,-0.00047474255352999056,0.04636649056390719,-0.0002630822421137167,-0.0007296336155853636
0.0030993671441722145,-0.03708369788258342,0.03579572192045561,0.048032037713664225,-0.0008398504441542093,0.05820260015640378,0.0002863539181058583,-0.0005682794770237106
-0.0017945020068411528,-0.022138249245777498,0.05027407513191042,-0.008469745815917383,0.0008360894725796464,-0.036250037044912684,-0.0004590626481765198,0.00036298646600612175
-0.0017170201924972355,-0.07229040808232831,-0.026842023205016437,-0.045721250995660614,0.0008003433812553231,0.030355797631797677,-4.2639526871807165e-05,0.0013647170096000168
-0.0016403788045893817,-0.10038456017327958,0.0791591860658307,-0.03724199170053384,4.99016867443261e-05,0.038814469236790994,-0.00029135903233988114,-0.0008941175361024187
-0.00140317050394775,0.03608391920054013,0.07356862288391768,0.00012338476538957532,-0.00038946080818498936,-0.04160891123444004,-0.00023206822379262022,0.00023389426050421762
-0.0005444796545698252,0.021844993918456013,0.10023285785394741,-0.009337664153011752,0.0005184063673222201,-0.020133022393468602,0.00021907996165277562,0.00014161972892019759
-0.0015352859474166798,-0.05834074498452496,0.13015601767437548,0.048121918064585364,0.0007240406077719731,0.06604030396952883,-0.0002673044098998544,-0.00015236151697142764
0.00019010821172865677,-0.027254856439832532,-0.09076010494989005,-0.0647945644412012,0.0,-0.026264776019243197,-0.0001612279648988262,-0.0006238339556539422
0.0010592638987331684,-0.04547543748488556,-0.08398381785263032,-0.023811138689956074,-0.0007845146224843957,0.021222182871970766,8.596514532563382e-05,-0.0012071880138025928
-0.0023456576014413526,-0.04610323245729395,-0.05971845518891059,0.16223783157540952,-0.00048401468437078753,-0.03128496888632663,0.00039065856755151306,-9.378108651238865e-05
0.0015269937101280696,0.017325100503471014,-0.02483859879021775,-0.03509285776263497,0.0006127928670050242,-0.008075798991370843,0.0,-0.00116840919312758
-0.0016065248634376417,0.0909428229153052,-0.03712231430489979,0.1303625595159705,0.0009367566437339983,0.0705176097007067,0.0002528573679664303,-0.0006178672257309653
0.001761609157416694,0.051837813483281335,0.14551997486633683,0.10920700307912012,-0.0015875495637720865,0.06390600798065703,0.00016618427387965484,0.00045369505166909706
0.0016646719800382215,-0.1030793366018322,0.089694900176265,0.005820021285135867,0.0001385946924070472,-0.030969259293937755,0.00023765462139077367,0.0008304671207485503
0.0009339958189361738,-0.017396050372791988,0.07458688793438166,-0.0885057953951294,0.0009926333143249846,0.018641353344373265,0.00039718261206143446,-0.00030996236685673813
-0.0017443915899204038,-0.060119757833214764,0.1220408715943887,-0.04296072363591425,-0.00013110796009840192,0.026124584554398377,-0.00025871952860358097,-0.0012018383586167676
-0.0007034391093487385,0.06147400808492112,-0.08481823964692548,0.0007501608146104767,0.0006992032861281535,0.011869139043873586,0.0,0.00037781763787888255
0.0028822148991681823,0.02436175778653915,-0.04288208619105775,0.14448085474683317,5.943652792839179e-05,-0.06362432090137421,-4.6062267483465424e-05,-0.0003484868398200985
0.00040027434381015195,-0.07680983287616276,-0.03377500708294878,0.0004241260176144737,0.00036788011468248097,-0.025101073947934593,-8.233824110540078e-05,-0.0015020639438215909
-0.001818368952073167,-0.04446466496830614,-0.01922456220768071,0.16853287868522715,0.0003332873368632347,0.04052683413195818,6.614688986500417e-05,-0.00017805572035785777
-0.003009624816924021,0.019106155859100037,-0.07677325716740216,0.03739496290237325,-3.583024904761645e-05,-0.005464874265849327,0.0,0.0006967984214377671
0.0016193115871205766,0.06325981873487962,-0.09131767047620165,0.176347728533771,0.00031297792293733293,0.013511667365070798,0.00019120660590377092,0.0003143548331002037
-0.0001635106202493436,0.039794653143935536,-0.1006328248245661,0.10115216971221618,0.0001969687432469755,0.00855710484888409,0.0,0.0002436987356325346
0.0010185446733616205,0.05677311557494367,-0.06855780998721797,-0.07393133078792141,0.0005053304832217244,-0.03835608574986391,-0.00041628494734305535,-0.00030646329093429736
0.0009292059241742749,-0.02424529865465282,-0.003685123975173599,-0.07994991623504963,-0.00026808111214582375,0.04279665798717623,0.0,0.0010122069774406175
0.001854157414253949,0.10467942209564796,0.14495291399552768,0.16247531017013722,0.0008493282379465657,0.03819465437082788,0.0,0.0004275637239992691
-0.00392656543604737,-0.08887190810292303,-0.03734169034157382,0.14737558206833104,-0.00017800200031064964,0.03347958402866896,-4.2788271319114946e-05,-0.0004268614856234943
0.0008209183945743466,-0.027426000958332922,-0.06839616698542354,-0.05903928162109725,0.00022136392522434378,0.0020069494321661666,-0.0002307228759473327,0.00039172869094394696
0.0008117586890387126,-0.0013286770859300048,0.13861286821637162,0.02599927137978217,-0.0005159545606082355,0.04254057259734245,-0.0001345947686648974,-0.00013942612944327799
0.00025505908657687845,-0.055690185871626274,0.11135325181218599,-0.047605776813609786,-0.0012116461117338798,0.003791458735967494,0.00042429494370945767,0.0001530287963163058
0.0017560559635116542,-0.0873392908419795,-0.015623352138262329,-0.05095981755197946,0.0006654262218473118,-0.007151432131335481,-0.00016140517948190491,-0.0009798620513706982
0.00033484769037976647,0.015513074883209407,-0.05073432409084498,-0.08645860899967954,0.00039598995986569574,0.0262995491852358,0.000610158357466375,0.000543604475961641
-0.0013381347361646574,-0.07564455240719399,0.016595738774605337,0.1459889156843653,9.199975159711327e-05,0.019392074491584636,0.00012709979424805883,-0.0005005818530207945
-0.0013457366331122971,-0.07319367749291324,0.0805154751285618,0.0033572301795578427,-0.0014778095310677324,0.03647528376733582,-0.00010576526098711458,0.0002625968750892235
-0.0007478754909894032,-0.052689710456027876,0.03303393685654282,0.01643794751901144,-0.00033944934113991517,-0.031401628653853826,-0.00031885960239828176,0.0
0.0018732227824200024,-0.023103619163418434,-0.05444766738073867,-0.044403401573720164,-0.00042420962651919757,-0.03161890676140937,0.000339411952707952,-0.0001757431909311728
-0.0016967827193836082,-0.060673958012485894,0.010570045646483223,0.05268724251015882,0.00020600806737898305,0.024882522368909706,4.4638890839231865e-05,-0.0007798827225140016
-0.0012971011038230658,0.06459933177366417,0.05477013005861544,-0.043307649149553096,-0.0011187733064877972,-0.032241487189918566,0.00026986684893463364,0.00010850470589396366
0.0006692471224650129,-0.05107089866603624,-0.08073129072471943,-0.09266085252038343,-0.00011775258601107175,0.02799779805984509,-0.0002420183479027201,0.0007003258336300999
-5.155716717847314e-05,-0.08710990388325736,0.11703127550573104,0.010864659963576639,-0.0013209216818142362,-0.028760511589608847,-0.0001880667266608831,0.00011417116061172181
0.00021778433220925875,-0.011204660643778992,0.014704192816726091,-0.041340745102562255,-0.0003899865215097628,-0.036099946495516635,-0.00019812237273249988,0.0
-0.0014493994760618875,0.010207721011097166,0.08340730033444903,-0.003766172332236016,-0.00032668995715207094,0.002574955525702618,-0.0003484424131754443,0.0008634296380362987
0.0007239053593140611,-0.019705705821247255,0.028397527261304588,0.09937231481007541,0.0006076267668537953,-0.03709184455363622,0.00041244873825283283,-0.00036685321446075503
0.00102882773696391,-0.021494270399645802,-0.10154238265707646,0.03757938403093554,-0.000460281665299216,0.003292286856839369,-0.0001564166536170558,-0.0010343482250243644
-0.0013548601150394463,-0.05296583770686758,0.05607652305787321,-0.08189300993789767,0.0012338021742760205,-0.01909693059432007,-0.0003288464713702699,-0.0006494323477848767
0.002692675929551513,-0.023862957093551608,-0.008433852690067193,0.05576300972126262,0.0001698439667424223,0.0017533777807623777,-8.72471888403413e-05,-0.0007205250688809696
-0.0005950426309051762,0.10504951571997599,0.031146574942491158,0.018029173879833115,-0.0013734908360173454,-0.030231459658045554,0.00014295476036364774,0.00019916296675472598
0.0008856446513289984,-0.06954710204816433,-0.08735825284997054,-0.01358768207992969,0.0007900343730360483,-0.02248978036761924,0.0002708893147902458,-0.0007758265816775884
-0.0010270678829665608,-0.08606165717839102,0.11538690171320862,0.0040030445982126356,0.0007257573825102107,0.04592255598011834,-0.000260915039966475,0.000661459183605586
-0.00239887661151262,-0.05995508399954063,-0.05645446141675308,0.00316930198229676,0.0007943473195798825,0.00808883371052897,-0.00034750181462434027,-0.0005985221021201037
6.85624818206228e-05,-0.07807291201845427,-0.04740680825830959,-0.02514481959633595,0.0002140713287729623,-0.03100296834761195,5.256797477914965e-05,-0.0006164401696917256
0.0014919658973445177,0.06345245393251993,0.07270575659732766,-0.05130700658234209,-0.00027963939190611144,0.04276332867467153,5.389492396101758e-05,-0.0011189707770734708
0.00011647281824050254,0.005266355896916353,-0.021685123221161076,0.0027538110203872974,-0.000269244144098571,-0.02823319056655661,0.0,0.00023965249340113053
-0.0014765913393486767,-0.043634665366441706,0.12059758071948952,-0.045396453142314525,0.0008921207602912342,-0.01752245716251819,-0.00010105207391749617,0.0007184959409363347
0.0026827852097380447,0.017402867925824406,0.07165768836934842,0.0036408106820639678,8.663914271204227e-05,0.03488659713870638,-0.00024939111040558903,0.00031358490088750576
-0.001109024328970687,-0.08094555223593665,-0.08446360979101473,0.10570497769957195,-0.000268295040497712,0.01392932524051953,0.00014577023375388076,-0.001061017562081522
-0.000864896694336436,0.011159045527811282,-0.08391347665250942,-0.08242713688135889,0.0006264297014593833,0.02061244925855258,-0.00013868818028453522,-0.0015351882583988202
-0.0010654562939984961,0.062042804004356085,0.061801168496103426,-0.03825425090637488,0.00024045891022572707,-0.014811851201350394,0.0005499967796442879,-0.0010150058692980242
0.0018654503802795212,0.03407743707639375,-0.10966678220395125,-0.04965765784872978,0.000519630628359477,0.02591074249468368,-0.00026042130650068274,0.0015587557354425703
-0.003756204667143482,-0.024046973570252237,-0.09999025449237356,0.08385075769354222,0.00075406952270464,0.05785085225508705,-0.00046317168872482106,0.00017833720226266038
0.001786530204085113,0.022847842181028418,0.024509773743998976,-0.06110614562131953,-0.0008548756437789995,-0.026468084969632547,0.0003714971402190084,0.0008380103839832584
-0.00043520594523810467,0.007941295615716557,-0.08885950367990968,-0.07386454722784931,-0.0007157625865008482,0.008094653297682747,-0.0001492164064562651,0.0013674167370587435
-0.0006911055752330511,0.039043496182686134,0.02271175202147179,-0.04034379866861909,-0.0002568993451198178,-0.03470530186908231,0.00053697550016863,-0.0013469189589400581
-0.0017638243990943793,-0.08018575902439415,-0.07282467400621481,0.09789546456432567,-0.0005135575568484486,-0.0028327417650638527,-0.00031590547527905743,0.0008851596708114694
0.0020321441362787696,-0.026459252203782795,-0.09589869283307836,0.07938298622664851,-0.00032766599090759056,-0.029019865465348703,0.0004620311495908832,0.00018772253047674714
0.0001250787513295148,0.08984664007212795,0.02513598607319722,-0.04878174327705329,-0.0011281890548842358,-0.010475900576347692,0.00019768513525998514,3.548351427445917e-05
-0.0006881395024838919,-0.1027138520717128,0.09509118315249623,-0.012481309187520068,0.0,-0.0019683872433380457,0.0002654499791810925,0.00010576952288014405
0.000676292404875618,0.005835872111308629,0.039504387404298395,-0.032228361508440384,-0.00012781470443493093,0.02342891047391343,-0.00026874032086471664,0.0010729706977516244
-0.0007686227189452358,-0.05386762217730549,0.047441296554214224,-0.05959150043750013,-0.0004610781136551936,-0.018495958409985736,0.00011922468116290497,0.0012304461288914323
0.0007421529431520206,0.06409398171213156,-0.05180078982065634,-0.09453976518867716,0.000560279240103609,0.016713676056728594,0.000651687598285131,-0.000597670775928108
-0.002490578451812444,0.05575214947180097,0.01844705714767867,0.03622509073992891,-0.0007177753976698689,0.007415894250374732,0.0,-0.0006348330830074911
-0.000500502380105129,0.0803008841472507,-0.09171098752790632,-0.0638391102606338,-0.0005021486806168627,0.023913764704066375,0.0004344782004008091,-0.0006368071652516459
0.0008094431044704823,-0.01126144522576929,0.08379080887235642,-0.05411062874247733,0.000960508356089919,0.009632255407575573,-0.00038222750266364916,0.0012951483146684721
-0.0010372113143384083,0.011533503201528603,0.0638167592921042,0.09495534457394672,-0.0007448688323434231,-0.0645623814413691,0.00023026787792933268,0.0004136940868823439
0.0009958364946018878,0.08723724315198061,-0.07411552650456485,-0.04504612019910409,0.00026490132830231383,-0.021910986485716835,0.0006375407300180457,-0.00069418739821122
-0.0005946409872890418,0.060323344959268,0.0449468926852478,-0.009895057370603135,-0.0008580948372611169,-0.018282651026341506,0.0003883378436788376,-0.0006604818404640865
-0.0021681018907555435,0.08263110668946488,-0.044306210207848515,-0.017876533467931832,0.001073848470075051,0.01871073422542212,-0.00011602585099144969,-0.0011196740791545306
0.0011666162946997148,0.042932952155358556,-0.06797585770161026,0.005786688742788832,0.00033015373319431003,-0.009521078598639382,-0.00016721581855043063,-0.0012125650021081562
-0.000532692921751534,-0.04338304497194173,-0.07831624219024017,0.0870188340636095,0.0008610475028460986,0.0032961154743840287,0.00040864147858559174,0.0007126548938071209
0.0007407264495063693,0.003745439251128688,0.05233276428347141,-0.031241478838649066,-0.001421033489116686,-0.021597015749631333,0.0004323361975471481,0.00047112452406509835
0.0026353241637975785,0.03153018937189943,0.02680761224718659,0.14524933832421555,0.001262176190344628,0.01667402975944484,-0.00039897389415330387,0.0005144702555607969
0.0008488290513322847,0.06422496769866393,0.009473392946459007,-0.037429092610613786,-0.0012125716392353922,0.009556400432424294,0.0001211843537128679,-0.00038571029774026695
0.002871171454417248,-0.06001070592161952,-0.10031468730501389,0.06793796907740968,-0.00034041563646072803,0.009226511236298973,-0.0004037612375524467,0.0011503479594590998
0.0010844628590523056,0.05366384192971251,-0.090918359075249,-0.051495551914775756,0.0004557968633401791,-0.020926085908893218,0.0002748120725385439,-0.0004423602496552994
-0.000574413363326049,-0.004560361429580957,-0.07414435030584404,-0.06104815105049744,-0.00017778978968152614,-0.023307252244489977,-0.00017957859203181065,-0.0007927880577674627
-7.747289467106757e-05,0.006825131747316031,0.02183315854049959,-0.04634504319705384,-0.0008320621856222679,0.023400755396063923,0.0004371380932333602,-0.0008820715006965427
0.0001011304501667698,-0.034311182719829185,-0.03643750109922218,-0.08923563850117769,0.00047093729695061524,0.02871803822202232,-0.0004093295057984227,0.00037196227057092806
-0.0018379072826674068,0.07406461790835754,-0.11424426205383116,-0.015055974146194714,-0.00027767775879469834,0.0037854551165822353,0.00020415628540138703,-0.0014218785918109116
0.0016617390244473057,0.016487030901940664,0.0919841537116369,-0.09117297087420673,-0.0014017501260862079,0.03371901131285068,0.00048014757691351717,0.0008646967147669408
0.0003018311882388436,-0.05763903452127046,-0.05781117529049461,-0.05276119792431707,-0.0003658292747917644,-0.023633967038966065,0.0,0.0010070094133513875
0.00160400376439701,0.05464473523117814,0.08723365937007535,-0.09012186845085861,-0.0011108103349466024,0.029087584402028615,0.0003769076239019675,-0.0012613320046817235
0.0016679506468584746,0.02074985396115406,-0.05387727222515667,-0.04963323260869033,-0.00036117151835366595,0.022998919359722515,0.0006241082783967834,0.00031237824049642614
-0.0011816752818905292,-0.05168243993646729,-0.04811312674426578,-0.06407623061337074,-9.647661934894525e-05,0.024247746126241962,0.00036207409775334794,0.0005232166408474744
0.003131701803057703,0.05122785118807915,-0.007149014491249738,-0.0031867773887650948,0.0011386292755815642,0.04937440483201594,0.0,-0.00041462476511808233
-0.00018354757067801097,0.018388064340618085,0.06307173420246709,0.006122678396788861,-0.00046109206743735786,-0.024831456539032428,0.0,0.0003440855037023563
0.0014345878793177297,-0.033163101763829334,0.10965197959364337,-0.034782946423215395,0.0008537252229201824,-0.034725575146851456,-0.00029007495244847277,0.00023944132343479106
0.0011603754296836434,0.08201855353339482,0.06355862428212694,-0.08051687513882227,-8.723699422334696e-05,-0.0016587341648668472,-0.00037176092674611627,-0.0010741039423392321
-0.0027853948489489767,-0.015864407914606214,-0.08462671104204163,0.012231007299075043,0.0006997512216313453,-0.012443216101102621,-0.00023765504196601728,0.0009017783685182764
-0.00044292626955579994,0.06733354457755962,0.05127351692950554,-0.06615265776987023,-0.0007337559270511947,-0.029341166078085196,-0.0003789788866774661,-0.0005862787192448014
-0.003401639919896553,-0.03289465873348035,-0.07800214314833297,0.15604935722595084,0.0003058449018495856,-0.015133393866069414,0.0,0.00023910082315236822
-0.0001622406492503628,0.09243922330301269,0.03196585678215043,-0.06661905418682568,0.0004938250555724066,-0.007139106425503425,0.0,-0.0006004033211145734
0.00017581560599735924,-0.025587522870456045,0.11829664262988632,0.1408578731780881,-0.0008988010099045433,-0.03614423667183439,0.0002493527140142695,-0.0006566602294560882
-0.0007803601103769541,-0.08000702159277323,0.04535751467946166,-0.07140360749416645,-0.0005919985806273675,0.017944665172358376,-0.00039905833557850285,-0.00032067996866297355
-0.002478025728291551,0.02300006126550116,0.11305884521097051,-0.002942949890556661,-0.00040773688605075573,0.024697015182383958,0.00013317010678617902,0.0008573235610012676
0.000772613260568199,-0.07419901653759242,-0.004623381789299977,-0.029407402380346424,-0.0006369786764594073,-0.038155503076199776,-0.0004010378288117563,0.00011767852440847104
-0.0009355308366156602,-0.05448121018742938,0.05778347054968997,-0.024258099987317462,0.0013292816606643154,-0.020166908331701358,0.0003331664014832111,0.00026072950332582667
-0.0008048350315102833,0.011630981342450965,0.049648005516190044,-0.08645931364769927,0.00041496488666841277,0.012087148698454876,0.0,-0.0003075001099161704
0.002190784841154418,0.10108159986849913,-0.009738615095167743,0.09490028093647776,-0.0006812665757488848,0.04513976684998372,0.00018990612482177094,-0.00026178848553240486
-0.0007024896743891524,-0.06292833800350611,-0.08151366724504415,0.1542232377431246,0.0008819261739313066,-0.048718567239393135,0.0,0.0002987534680238754
-0.0012620723173221544,-0.003611827561756309,0.12491684289834615,-0.058783256270500364,-0.00024148162759050397,-0.011694426215743495,-9.13973541858959e-05,0.000978548552526769
-0.00028296263171479174,0.08747435581015811,0.13990215233841993,-0.03236357817816102,6.288925812009127e-05,-0.01976909913019708,0.00017918943044361804,0.0007709460810400917
0.002378257709451949,0.06456514750945799,-0.0739316245014089,-0.0764550991534482,0.0,-0.005853724703619616,0.0006470347112735031,0.0008823049305598374
-0.0017794774498056058,-0.04725995887572052,-0.0644982790958254,0.11172149685065673,-0.00042807707721942217,0.0502428220152347,0.0,0.0003473662403367106
0.000807654700815375,0.019171804904592225,-0.006486523797220654,-0.02556712901096473,-0.00015232319138912959,-0.03046813198959551,0.00043973201880942935,-0.0007818471316460327
0.0015557635618045128,-0.10040378348802076,0.05596574272074511,-0.05081801277386697,-0.0010349287986863868,-0.02586309863850711,0.0001321226293682365,0.0012750365473850373
-0.001573990040989448,-0.008908300674615665,0.053556729747448836,-0.08181095799316597,-0.001331393374797156,0.03441838452521325,0.00018112572202750275,0.0010650610888295158
-0.0009797937210574395,-0.038251759448986115,0.0840502263313113,-0.02916544022614436,0.001288806417405151,-0.034316194140351475,0.00020321292535072782,0.0005343691443839354
-0.0017847392330654793,-0.07168617765454736,-0.07559666547691556,-0.06300609757578168,-0.00017891257057839338,-0.027968680877725676,0.0,-0.0009087196445146204
0.0014537226512364126,0.07760824453382,0.13927615420250433,0.12809226626262749,-0.00015366723776999436,0.019051935909849337,-0.0003254193396729114,-0.00017338517452412307
0.002184107432517832,0.06280281067060145,-0.08402765283989883,0.051717080403051376,0.0006182250128095609,0.05131291761545304,7.058126980889756e-05,0.0
0.0006617394354277548,0.026713966569519715,0.06114500071963916,-0.06017405611233319,-0.00033048064398966505,-0.00538335407040119,-0.0003114588256391271,0.0012335193374004903
-0.0006702774239386251,-0.03287462872507041,0.048786686563891554,-0.0315857231765656,-0.0005802076418987312,-0.008769814464722098,-7.348639539820484e-05,-0.0009959495570069294
-0.0010517875395551627,-0.006954268211881208,-0.028012058768210054,-0.0213159752165436,0.00025931734542108953,-0.03318496717228036,-0.00014001345717646428,-0.0006266410036315031
0.000870819780001836,-0.010947738565002649,-0.021365972143243463,0.025341802596355576,0.0005206211834227853,-0.045330372366602874,-0.0003918135566188391,0.0005728450180167449
-0.0005643095575453838,0.033335350461097736,0.1257524587523519,-0.022188927023354517,0.0,0.007529780906149981,0.000316823235609573,0.0006704884447504007
-0.0017963173301821112,-0.07825733087347127,-0.07399868668013222,0.07253310831887157,6.700705045992184e-05,0.06691411144620524,-0.00033698221314512557,0.000516795705581277
-0.0012249040473824497,-0.019704897631222025,-0.07338089572690096,-0.06712830640773823,0.0006136541463894995,0.023649558338190057,-0.0002794056833385145,0.00039416275019169
0.0011736467438425524,-0.04834898342033227,0.05821957419544504,-0.015917745791664547,-0.0011593903535448234,0.000644992265503052,0.0002765039083638468,-0.0007721829562013176
-0.0017450208203748116,0.021185495060058793,-0.05500333763554312,0.015302651916709657,0.00043245476682282483,-0.013402787694875212,-0.00010811310691610787,0.0006734536914943644
-0.0009469813866061287,-0.016227125746947922,-0.02925321831292818,-0.05064017282604925,-0.00027384222498894354,-0.035243007550035996,-0.0004672870848963877,-1.1355112260219569e-05
-0.0016616740959280705,-0.09117595343078674,-0.0005273721468334368,-0.04619301171507849,-0.0006755642774229401,0.02411602373423034,-0.00027897408983812433,-0.0012171601248020653
0.0003476388715262613,0.02453679487018222,-0.029613938016633083,-0.06102615314400525,0.0006743127355363263,-0.036839315007068,-4.022556626337437e-05,-0.00041737999623576625
-8.241274162218426e-05,0.07449767939331739,0.13542121174730792,0.08956555645263581,-0.0002973544146905739,-0.009674580234531525,0.00018649565570022413,0.0007686046012374711
0.0030956024118618686,-0.049727748550979445,-0.09292012339179137,0.05968625711386911,9.26057288727529e-05,0.06416406677557714,-0.00025022953765719256,0.0006988261319003188
-0.0008548238588666485,0.030438102467391693,-0.10527691874767521,0.0700240601119445,-0.0005224482239142054,0.07057479071904414,-0.00019182779279297568,0.0010423309821525405
-0.002175038574094205,-0.0577531913896694,0.07478392134937559,-0.02912574794168475,-0.000580345625552264,0.04708496274020462,8.115007363110327e-05,0.0008864853204137378
-0.002644830971255021,0.024665901315755065,-0.10513578498377753,0.15396227396754583,-0.00016650477293520677,-0.04683939660740834,-0.00021883977431591227,0.0011012788627219377
0.002201524553493863,-0.06590473334683634,0.06744572949821107,0.109291564626283,-0.0012477609478866245,-0.03971537188644799,-0.0003255938021928806,-0.0004572069847389775
0.00165233245157893,-0.009990258250792083,-0.07762623755425857,-0.0561798228016619,-0.0007624944018488213,-0.03408608870859387,-0.0001652221133875975,0.0014141994713395886
0.0021500645936596446,0.01576645885057383,-0.06819294788390524,0.05742372491058558,-0.000284190717872692,0.014141310680646453,0.00012063689001261855,-7.761300227961121e-05
-0.0017743655608406957,-0.035796875430636366,-0.05005433549769163,0.09213787195710646,0.0002719064782312139,-0.03860894190140396,-0.00027643795465933795,-0.00027923020890596706
0.0006686818098340266,0.02286948338802475,-0.0741908039878636,0.08697321389180014,0.0002002957181569569,0.06006710845105799,-0.000143794763434138,-0.0004545653726006158
-0.0002130070900724229,0.0321063623682207,-0.06736224268305774,0.1539303261174332,-0.00045849500446741055,-0.045284356217883216,-0.00024373602027577646,-0.00037733028237446387
-0.0005027064504536371,0.06183122214390921,-0.07621049835026462,0.07835374355632002,0.0007414868852007223,0.006237006553275826,2.6462629341500454e-05,0.0006544437142783947
-0.0031334505469634596,-0.07188274894657361,0.007429876724874698,0.052878961858572326,-6.896947000845782e-05,0.053632286871747044,0.00012179086809757359,0.001032888974657822
-0.0012519085183890547,-0.08810172277110215,0.010084683522564203,0.16313686309115666,-0.0008115977459953228,-0.023328590134188577,-0.00010946418607185593,0.0006535829397813704
0.0008783179437162089,-0.08629169435343244,0.004738370813684885,-0.049775160770138334,0.00025343139179691585,-0.006961753880718923,0.00019671080233754634,0.0006071514453777378
-0.001829594121992682,-0.042997206903692034,-0.04432324837356754,-0.042386425505708626,-0.0001325034527536583,-0.027338232596387194,-0.0002725233796754596,0.00034171241879121794
0.0014029123066586226,0.08281642314138328,-0.03012703260832016,-0.054137632091672556,0.00026608541077934413,-0.037524486680665464,0.00018283899449198643,-0.0005634582261218492
-0.003027711341458219,-0.047560886464109116,-0.04198613626855444,0.07511455268431941,-0.0006356731219483547,0.05609683943055616,-0.00022873151822325882,-0.00032281314922729873
0.001476073842359659,0.0891096337632278,0.09974565358096764,0.15296406167696888,0.0,-0.057849217593869386,0.0002230888929018354,-0.00020983593453327565
-0.0017181739918292192,0.10485232468161446,0.06403854379140127,-0.06748104371639807,-0.0012168392904434405,-0.011860446755608588,-0.000377512426403453,0.00017301924781440436
0.002715576102725162,-0.042133585789428316,0.09324402557976853,0.11517777616302516,-0.001038457708149136,-0.06832567704738654,-0.0002641005070533331,0.0005810070694941589
-0.0001675903467538218,-0.012799540311488477,0.03252687097436682,0.021812388132115126,0.0003865964581245741,-0.03233002569264168,-7.162754806382815e-05,-0.00029747633472457295
-0.0013220767123067179,0.03440042236410134,-0.00372704280531368,-0.06757569243014822,0.0004838927621101361,-0.036071881598769014,-0.00015440184942255852,-0.0012016173271936846
0.0001358370171583017,-0.010469322967681549,-0.06661591652552488,0.024702653280157343,0.00028459181998362435,-0.03521130837011205,3.128191107827638e-05,0.0007355561856379756
0.000853438774312915,0.09151154295828848,0.03522718131848588,0.029966590243308118,0.0,-0.05345017297653622,-0.0003566440136352489,0.0011094879681425257
0.00033474100501785115,0.08402230311236454,-0.05174611890885277,0.04968123981649837,-4.042567794551588e-05,-0.06271888487561778,-0.0003264674029438364,0.0001910503802667714
-0.00011990462531859258,0.0017025221644023662,-0.05722166508962599,0.03212463125227196,-0.00018710748426134234,-0.05269953543500957,0.0002778455309668966,0.0
-0.0012726298807602418,0.030635137557765195,-0.03771270290672602,0.13631836056552427,-0.0006753254716398053,-0.018326082588678648,-6.82783987325658e-05,-0.0004495647508733176
0.0,0.009821341481445658,-0.10184021240165017,0.002789152295166013,-0.0007082210860884279,-0.01860202768106746,-0.00024478488786727965,-0.00022653897276672663
-0.0023372162075067588,-0.04648159198379802,-0.054971065112361085,-0.02863694641632915,-3.551633050752345e-05,0.025315605022774624,0.00025858156459824134,-0.0007270102551992088
-0.0007284287989081667,-0.026537859016006984,-0.0736692841873083,0.08305483046029252,0.000544157715741525,-0.06683717014902599,0.0,-0.0009484431543994846
-0.0006223166628727396,-0.09274362212109723,0.121873909590823,0.00751817645557167,0.0007352688944787576,-0.012421600185195596,0.0,-8.252614151726956e-05
-0.0014082965187938617,0.07494523495891377,-0.03108964198851758,-0.05182841013069358,0.00018697794308894953,0.043146827844610665,0.0005309291152139819,7.30719832326629e-05
-0.0009203039012201599,-0.07851829412931975,-0.08677859806284363,-0.04444885623974166,-0.00015796949313433804,-0.003209949279108473,0.00024911452176343274,-0.0015882925120434086
-0.0031143904662155773,-0.06919375619606516,0.017235613035847978,0.049833933418535675,-0.0007178992478854616,-0.0100186525345843,-0.00019437530954352633,-0.0005212291039953403
-0.0016821804410911139,-0.04082035152151686,-0.033578377868848125,-0.05868967596680406,-0.0003795226792747324,-0.006975667413800969,-0.00038082570259000863,0.0013240160076994356
-0.0015907676409118868,0.09844884700646334,0.03953869274911079,-0.01595618727953718,0.0005196998834659662,-0.0067870841748351885,0.0005495508967755913,0.00044989955178079133
-0.0018852802508276783,-0.030867411141641758,0.03008780172553424,0.05964753107487101,-0.0013645242284638438,0.05626066985887346,-6.128622645402981e-05,-0.0003752760074302997
0.0033478479954423893,-0.06183177037665308,-0.05821995851395225,0.12931283376476127,-4.7280231810003506e-05,-0.014310834088960233,-0.0001477974438287291,0.0010666096499579742
0.002615276592933487,0.03798949635080804,-0.07470279976257813,0.007400351683380969,-0.00033972134141040355,0.052785072657509174,0.00011756802012918843,0.0002241959518246262
-0.0024188488768663277,0.06768172982540928,-0.059143114127364275,-0.026182052887956213,-0.00016102833771826128,0.021674181704893374,4.9078732010866344e-05,0.00042901382271298455
0.0,0.08345396401747984,0.058223136841173355,0.03226605252642317,-0.000795288208125232,-0.05151956336426447,8.881914664761459e-05,0.0011035401785285997
-0.0017534800753211763,-0.07225327310333275,-0.005609209537207298,-0.08085075220391216,-9.65483049430966e-05,0.010746147288994496,0.00017619880232516705,-0.0005064855722799993
-0.00043848459718727353,-0.07365627351647532,0.11071228734149109,-0.07780203861460072,-0.0008907874516597223,0.03430742490292609,-0.00014982663749404067,-0.0012441518662876336
-0.003125452609059956,-0.025731060638613513,-0.031942973908936925,0.10225035709897487,-0.00029304715516092236,-0.019391884394609468,-0.00023139850130899503,-0.000779135043703889
0.0017627328396196604,0.07597861172911959,0.015879109852993428,-0.010915197072497978,0.0006539910737434816,-0.026579046616111754,0.00034141033431459716,-0.001223509011313815
-5.7821145571318455e-05,0.02898423496491243,-0.058313916207121536,-0.04231931515336671,0.00038229672705466996,0.032083429550760025,-0.0003782251435253504,-0.00014737163257970813
-0.0016362909077488965,0.061353885779740915,0.06469107665180601,0.003853473365544184,0.0012805673437342006,-0.0279781520334829,-0.00026873664655462093,0.00029315478252229876
-0.0014868107659068753,0.08307167897569331,-0.091391091311877,0.06949891198092437,-0.0006310495586101163,-0.05820969437799816,0.00014049920534019546,0.0009611980554894416
0.0019379816872827785,0.08935804495875109,-0.09050648340209862,0.11678768077458213,-0.0004593954699548264,0.04262159935990494,0.0,0.0009396602119513156
-0.0001289117554406673,-0.07912830944259744,-0.022657499440189074,-0.02225599804165757,-3.777765253989984e-05,-0.0032405769761028966,0.0003210759080820782,-0.0005835947713717048
0.0009484585263757385,0.05384303597642444,-0.1070474928224584,-0.005645989245803457,0.000553967228633729,-0.0388670457019957,8.484037247284693e-05,0.0010979882569130222
-0.001953330484340571,0.0698992486416111,-0.03582893054253904,-0.026435481081947893,-0.000228228301037881,0.03151752960066053,0.00032913546724799375,-0.0002071249109822787
0.0017648262104618551,0.021125197779386096,-0.09428249020515811,-0.03574101956871561,-0.0006605376164438581,-0.006568137611130479,-0.00038121283200692746,-0.0016141704394121083
0.0003768154778352184,-0.052409134157428705,-0.048356083088744665,-0.017759041874051206,-0.00013512387153281845,-0.028544023258037215,-0.0003627623203900258,-0.0012649276654968793
0.0011170870829749888,-0.030997384674374136,-0.05197446955157602,-0.06882385319362717,-0.0004942901552037401,-0.02499827286435181,-0.0002997216018110056,0.0006218393129707456
-0.0038684917301547166,-0.008398556885705342,-0.06089956368074701,0.09005476366999454,0.0007065208814574167,-0.01820365117242898,-6.475388776908293e-05,-0.0009328383866629536
0.0007776578219920745,0.03588709115795057,-0.03322637030153572,-0.08003246491375324,0.0005360833615756649,-0.011136821088827532,-0.0006680937643573215,-0.00046728975161018687
-0.0007105396584554695,0.010489563263186317,0.07556782765754984,-0.08956942858437529,0.0004419276145544924,0.012388400441850383,0.00028059556486829257,0.0009469829427128912
-0.0011643439811922082,0.02758887248915107,0.0615342040377095,-0.03991762792511898,-0.0006641622805135317,0.015308795805206886,0.0001501730439156454,-0.0007432288120747312
-0.0008653997921933333,0.08801579873502664,-0.06667092147721658,-0.07340764677832409,-0.0007968969389237486,-0.03626545903658727,-0.0006828078646571767,0.0013975015957027603
-0.0023508215294679845,0.06550524942320582,-0.08416404656353553,0.1101342283439861,0.0007057885025075578,0.039850102073895534,-0.00022370483304362532,0.0010418747866551676
-0.0004103178147750355,-0.10145844710485173,0.12726671580248503,-0.01979109343672208,-0.00111715731348533,0.01072430847200793,-0.00023610541221779843,-0.0011726193806220876
0.0007637508536346805,-0.08039428195531048,0.04802180114381411,-0.02329609234846149,-0.0006453424438498108,-0.005719401408782074,-0.00038712449469876435,0.00018476627689942293
-0.002111505760523251,0.08105831354624367,-0.08075499477061328,0.04839053481983849,0.00040712584478679384,-0.06089831099780351,-0.00037509231427271315,-0.0004534222730098325
0.0010791915423541605,0.011451436915743018,0.06736871479657235,-0.031899483313863886,0.0007180315785865685,-0.02947772024519052,0.0,0.0013143084765650523
-0.0017043912898784272,0.012233864703181439,0.036667821394210286,0.1419878787439393,0.0007127331508102516,0.04798493429285378,0.00042180675791705707,0.00028971030922134156
0.0017876015623686937,0.046005544468008225,-0.08754980001433467,-0.06973416323043659,0.00046272494821873733,-0.013155633747073197,-0.0003510931148201952,-0.0005852859464765271
-0.001733322621553109,-0.05495135686357375,0.12682468910957737,-0.04335691513459544,0.0011980869435216691,-0.007189906928728406,-8.751685832473349e-05,-0.001273714227511325
-0.00017021971937841718,0.08544702689961056,0.14497962735310654,0.09890576325656956,-0.00017600681878289254,-0.02979017103015703,0.00039714304150546945,-0.00033456580849295297
-0.001444909774624983,-0.06871733990498756,0.10548505489690456,-0.07440085734673087,-0.0007545068053626832,-0.02840720564395728,-0.00020038002664621302,-0.0010120204268126024
-0.0010251716427071,-0.032123659995340635,0.08439516595617333,-0.08034816549832655,-0.0010753445538489272,0.020321927525676724,-0.00014662542547154087,-0.00029500264737164283
0.0011135482751765695,0.04205538583582716,0.07200988721849264,-0.024458077793227697,-0.0004477716523414822,0.003133316814258196,0.0,-0.0003117100925532912
-0.001493089719739243,0.02382848912927888,0.11281800117940198,-0.006495404196605826,0.0006879681909178752,-0.014445043440049366,0.00045130044958890947,-0.0010397895942890602
0.00019944258809498296,-0.06072732292776273,-0.07131027093865537,0.016355069286966974,5.091483615984882e-05,-0.045411698706733866,-6.945250225366211e-05,0.000556854099007688
0.000821582013616261,-0.027822489067172784,0.10863057098324806,0.13505070724479137,-0.0004074291278450359,0.015772912874154596,9.679010240778996e-05,0.0003007701337551501
0.00047925693489758725,0.08741811606317397,-0.0141809237947302,0.04956785180259121,-0.0006170569968497935,-0.060765192833751654,0.0,0.0012149219587018433
0.0021060893722765705,0.014841175486278377,-0.06100382216106068,-0.07856205800188552,-7.448103348825508e-05,-0.0181670519712305,0.0001248862875433615,-0.0010429842602810097
0.002447260645968694,-0.07241308077193036,-0.0502844038455323,0.11724636388170231,0.00030446941952061175,-0.05762668223846237,0.0002348408168518801,6.930467161583159e-05
0.0009500081029235103,-0.028428960100336062,-0.02604623314600997,-0.07986629358409227,0.000601430593815538,0.0004133814300852634,0.0,0.0007808345574157941
-0.0008048551652661713,0.04406315970538002,0.11199947826783446,-0.08009523293291948,-7.172392694919372e-05,0.03926806697412043,-0.0002594561650441592,-0.0006938508491691158
-0.0008111635314112146,0.06681864371925089,-0.07851602600041054,-0.06656590988200499,4.528993774211704e-05,0.03448511946114617,0.000415920071834414,0.0003750344156707198
0.002723961165981676,0.0019410793552804297,0.07146810248825533,0.09125529291318696,-0.0013641288510752453,-0.016007950448013692,0.00011949817882238656,-0.00011813360310472532
-0.003707306447925926,0.0017866633658346683,-0.012887262548495836,0.08912193165729795,0.000851426182306831,-0.0012313953086540517,-5.433238809754437e-05,-0.000596067112471818
-0.00013622583829129079,0.01635885016045321,-0.08605606242124966,0.029057010105814247,6.465944490614828e-05,-0.006945132887458741,0.00013925156160924626,0.000496148277105576
0.001169210855557681,0.0893407989193981,0.01844917737445429,-0.06163661078993213,0.0004748760607303741,-0.03225544511098834,-0.00015763280767358556,0.0
0.001990222851486978,-0.023129671926592408,-0.050966983474524656,-0.015221116830644406,-0.0002605197471681614,-0.024742468478646265,-0.00034925839457669605,-0.0010600837896535798
0.00012849442138827133,-0.004364814529906343,0.13538119148326466,-0.07974977035900147,0.00036090906905049706,-0.006085845262910823,-0.0001466566448665512,0.0006340571351850297
-0.0004992699754797199,-0.04726561657812577,0.06532178091752334,-0.017252191424216974,0.0013146338365276824,-0.030435542764020045,-0.00044305655404483404,0.00047089116665023634
0.0011335958977652441,0.04288356676474574,0.011708299971149716,-0.07799002159935436,6.308616520227586e-05,0.013319013911777014,-0.0004680471032001181,-0.001117576882625212
0.0013193725625349677,-0.10188111975499974,0.05126462504424176,-0.017347313923324947,-0.0006450253942090499,-0.003598422981324367,0.0006812257206890991,0.00025431522230609516
-0.00024733600516427685,-0.09430802866723746,0.1033376631087692,-0.06314523458680367,0.0010372153972719096,0.03558243720197215,0.00011303446509421458,-0.0010620153555738893
0.0022342103389334693,-0.006657048189603743,-0.050805142897637254,-0.01412209847046172,-0.0001477652412530811,-0.008673719983099935,0.0005068656623866339,0.0008826823999536674
0.00044509676047660055,0.05923624060490616,0.013795693547682675,-0.07555177781153816,0.0012117865709854834,-0.02279348994438694,0.00035017804063553154,-0.00030320323375683175
-0.0005572077395936493,0.012343124468364802,-0.09095520851542435,-0.0920762938908454,-0.00024798236296577625,0.03745393085886511,0.0004136620067181981,-0.0005911592684436515
0.0001792129333912476,0.030293383892960376,-0.01904899598113247,-0.014085249183126826,6.796705532322728e-05,-0.007570942325801669,-0.00021237282316633875,-0.0004929437238173415
0.0007113691633712953,0.06247019198860156,-0.0508993047448397,-0.03934569164525477,0.0003810868006225618,-0.02403469795193218,8.811222187360412e-05,-0.00012135100338774046
-0.0026010200292884192,-0.0465132918579559,0.1238856590291628,0.019262578819284035,-0.0006151437888876633,0.02685329477988727,-0.00016541944431860197,9.865448927323661e-05
-0.001049487724693038,0.004678458996435803,-0.04784062383631119,-0.022489006410885002,0.00027828206707455894,0.04940503761520005,0.0,-0.0011606525740531937
-0.0018116063617805447,0.05101630834038698,0.12334692017341431,-0.09020316757164071,0.0007504973241683454,0.013979940202166044,0.00041528549001297246,0.00030999440982731885
0.0012473238092447836,0.05972167558580701,7.10344357726031e-05,-0.08629669777733925,0.0008554292594121335,0.006420530350170625,0.000134379897718345,-0.00048682325381476093
-0.0009605180392804909,-0.07613801669623027,-0.03996368679117274,0.05628524166418741,-0.0005102918296008367,-0.02251418770480454,-0.00026218948111556006,-0.0010599345870598467
-0.0009385094712220006,-0.02833083911085325,0.006589737075585417,-0.03592738677722796,-0.00014067348416104547,0.02621287933865511,-6.0863021351248436e-05,0.0012689030274566442
0.0006927908938378877,-0.03298452195118442,-0.006858742565235333,-0.04337746739443842,-0.0006681014754402035,0.0004949163602418567,-0.0006222103100147825,8.732111103677831e-05
-0.0012517497590961541,-0.07350079479606521,-0.08225515321561515,-0.04456352822266191,-0.0005395327874355842,-0.02581324494479546,-0.00012292979876010746,-0.00016230443099559002
-0.00034760571104314924,-0.05141473364706554,-0.09688449990419112,-0.06607500550914072,0.0005591184993632844,0.038681277543353515,0.00012901251454969231,0.0009490662102433134
-0.0001054793660090203,0.0781082278912561,-0.07602727483310749,-0.04389136421121468,-0.000464472154647527,0.02414470785440223,-0.0002640909196910543,0.0011137993050099571
-0.000890254808193909,0.06438163371728955,0.05409600530938808,-0.032988219768975084,0.00021437871751098236,0.03422237213745692,0.0,-0.0004199067447232476
-0.000911896911385475,0.024370609871633038,-0.0021408468592816346,-0.08074227423053698,-0.000265711293043272,-0.026932296540987586,-0.00043755264431373606,-0.000426724725674067
-0.0009660700766500561,0.08650367982114558,-0.10188296071526835,-0.03923877094663293,0.0002807778426277552,-0.01859965258234628,-0.00020380331321775147,-0.00023977987477558156
-0.0011978538359048991,-0.0034152788777630973,0.06657656229995747,0.15136317891863968,-0.000220564969128576,-0.016390409510327688,0.00019305302170535374,-3.258576408904368e-05
-0.001744393198049508,-0.012175273066369521,0.0887980913065248,-0.01736292168578179,-0.0004948317861025031,-0.030545576040504386,-0.00031897846542318766,0.000537797582500471
-0.0006845162697831965,0.03601461994582238,0.02013994939276049,0.04361702960146888,0.0006696650034049262,0.06032034786683363,-0.00028446443280155664,-0.0006241748567595545
0.0014083099526767057,-0.01782894632224664,-0.045622545934299666,-0.07983968582294565,-0.0004282231345999224,0.009201872013879427,-0.0003652595095650357,-0.0015068646742680584
0.0012317826051267658,0.10006663375582188,0.07835674650319188,-0.046617249955107944,-0.00042859184634524983,0.024666196204251048,0.0,-0.0011606413658634212
-0.0003906419601637153,-0.060218422187120126,0.06390448561928487,-0.0219135914137533,-3.63417396767457e-05,-0.012402715810187339,0.0001262387332977063,0.0011870341850173918
-0.0016613721129842393,-0.07343703006290642,-0.034591628311791245,-0.039450530558528984,-0.00020719769300784488,0.02586077942424797,-0.00043831544171443195,0.00036475031043600725
0.0008899833575009257,-0.0812774719329031,-0.0665913952345246,0.005381489276379185,-0.0005036112594759756,-0.023533248293551752,-5.2912868320126316e-05,-0.0012474302296844968
0.0031094302402965047,0.01985284255389686,-0.10700579331030913,0.0032722292424418467,4.073645440349355e-05,0.037946216084060055,-0.00020253534287143187,0.00030328925504521557
-0.0027598558374008733,0.05233324697526509,0.13730951950558792,0.0666235484365119,0.0007380592391949276,0.01993457601341175,0.00032615941407880425,-0.000638426234864875
0.0014795441453891603,-0.037455816917652845,0.023849698898457092,0.16473662696579489,-0.0007512953070912755,0.019164898794806536,0.0001150585931771475,0.00047868268892180537
-0.0014319934022909533,-0.00019213951859368183,0.05232330361511972,0.06594958321950738,0.0008626067150471419,0.0651428296884877,-0.00019000511111614906,-9.057098922252149e-05
0.0012987588151682089,0.031155247645877293,0.08275181186292437,-0.030698782747813732,-0.0007038368662596527,0.017063452781484804,0.00026881865105196856,0.0002561331838550063
0.0004086844085075536,0.07591539378083641,-0.11381171706988957,-0.08671986219868796,0.0005450731570839086,-0.0035080038311757346,-0.00034684691281720306,-0.000932958643959933
-0.0018075074064370054,-0.07701646478518469,-0.07277978086592679,-0.07459646620537189,0.0005952892262593252,0.016950230454765333,0.00024012374927360284,0.00015338006483220368
0.0004890418319229211,0.07600427705866528,0.039939658256103114,-0.00393268743147408,-0.00020343932822784928,-0.005528024463579953,0.00016306788331429956,-0.0011778666137828616
-0.000682089274431875,-0.005887743556594922,-0.0938038288488781,-0.0296968645638248,0.00044301139335058674,-0.0018575576900296059,9.480409873291462e-05,0.00058364814705556
-0.0009117717543861233,-0.00025534328781487604,-0.06994831992590385,-0.05249879031967185,0.00045770146043306106,0.007148424609093947,-7.287600100830405e-05,0.0013154774055898226
0.0012239617062196008,-0.03329201100917907,0.10065273077643166,-0.07523368572528696,-0.001459607997716615,-0.006376811520654174,0.00018855428708288748,0.0005776096062309436
0.00199360160400838,-0.05220363668851077,-0.05710037492630759,-0.08185164049970473,-0.0007117821962982082,0.012659166790762932,0.0,0.0002623335622969347
-0.002104896994673997,-0.0038506297653615293,-0.08227582321117882,-0.009958504152107622,0.0007528722898393209,-0.015822886860348856,-0.00017749815896371936,-0.0008149407976051773
0.0011630429465348381,0.09269603131361197,0.037044346972560004,-0.05476524413073935,-0.0012997735855627332,0.027493547259265172,3.180495507773551e-05,-0.000130133854427623
0.0026296759908050783,-0.052032561563207284,0.008603528843641281,0.1227144959179713,-0.0007035263539699465,-0.0169136761129481,0.00011047153497806575,0.00010752510308681407
0.0,-0.0375460669311801,-0.0781688270600405,-0.012785124491207259,-0.0005935060023999738,-0.018324433669343713,0.0,-0.0005331434467613083
-0.001509095108253652,-0.03239443075006544,-0.03981898784791864,-0.08339723592324125,0.00031710718000975326,-0.011304487026580781,0.00022383181903587457,0.0010729352304147362
0.0027914545348913873,-0.057142323731802745,-0.08964712296643697,0.12485860859003364,-0.000543274140176872,-0.007936556195238677,-5.48799127538958e-05,-3.768312945094318e-05
0.001220181908568745,0.04044376103882181,0.05278452566015356,-0.007675216941704758,-0.0009426264132604378,-0.03098743596935912,-7.845709833189524e-05,-0.0008794084438540713
-0.0008845846656912781,0.06210380002669285,0.0779020160099239,0.10613437785923988,-0.0006531738496529743,-0.035030047160085905,-0.0003947954741649051,0.0
-0.0019180413970871502,-0.09373694177279289,0.04661640086118937,-0.035312700025331045,0.0,0.031661172012920354,-0.00016657884364527226,-0.0006780711991905949
0.001555968952128925,-0.0022362373267966447,0.02378447060010058,-0.06625759187419382,-0.0003679000074116111,-0.008898643385141847,-0.00021862781975214018,-0.0011121985374608029
-0.003336414774711299,0.034871523976172464,0.031252043764905715,0.12575356673560498,-0.001077941385315199,-0.0088879372823598,-0.0003888516906866424,0.0008131285431499649
-0.0009674072138751336,0.07810156730605461,-0.07354358321656708,-0.014456158107300169,-0.0004402529690751264,0.007209032239587662,0.0004918910702834012,0.00023537053781282156
0.0008972398273982293,0.07271045060548362,-0.06168211089780268,-0.03621691023893926,-0.00018623411617630162,0.006093022469613505,-0.00047059473851683505,0.0002631265048656087
-0.0020304405762158148,0.06690693349579471,0.13903988609495296,0.017102114530754862,0.0005764720189424126,-0.009482183526699363,-4.992696623795645e-05,-0.0008804145216128881
-0.00040470923538296947,-0.06436985662941071,-0.06590305789269833,0.10757322219402204,-0.0007186484773621717,-0.06900885277207591,7.984277312578225e-05,-0.000527109661839824
-2.7182071445197575e-05,-0.06767367780480245,0.024218872629518558,-0.0700281659935012,0.0005103534849807745,-0.008676961775461418,-0.0004328198874654017,-0.0010291503105856578
-0.00035532433007828666,0.07515278309416679,0.1453208937431299,-0.054402476942107224,0.001415015462348104,-0.01825646052748237,-0.0003010913850936825,0.0005655421561904505
-0.0015917757764037372,0.0744233926441681,-0.0889878621552281,-0.06044360724482335,-0.00040169047574715463,0.038810191456979864,0.0001137743388445675,-0.0006095755277961998
0.002358819086767714,0.008750212068300693,0.028264648942218567,0.07227358618486851,-0.00101985778866992,0.01046918490099142,0.0,0.00031336091422639125
-0.0004617278368529101,0.018716383013150005,-0.10571234675839138,-0.008618492916929808,-0.0007002056831926271,-0.0366313488608627,-0.0002680954375011424,0.0010811005996382353
0.0001944936191969516,-0.0574537863269666,0.015306559944896105,0.0169265941776393,-0.00043605923821834607,-0.015722430241299906,9.108980853084203e-05,0.00036861226504960026
-0.0013704649803864778,-0.02776688351023797,-0.05698259850163839,-0.08707125437028383,-0.00043260534011768675,0.027523710467594824,-0.0003425432284990815,-0.0009374796013590133
0.0030198448337586683,-0.0685177551698173,0.07642185794713861,-0.018451635296491367,0.0014525374850641543,0.03470242050867415,-0.0001833078971883277,0.00023966949521022382
0.000872303580319087,-0.07152276159307244,0.028749281512273243,-0.002423756729818254,-5.886470330390692e-05,-0.01791328302379657,0.0006727013679144565,0.0005338806145326301
-0.002197106982688497,0.06162370152696482,-0.11155393158640986,0.005141791682910169,0.0005545415216969314,-0.02822412719972538,-0.00019836745533956257,0.0
-0.00020176292361816459,-0.005934139660769543,-0.06848456972875018,0.030877551692519968,0.0006584790708169319,-0.043026098928865636,-2.2590657729873453e-05,-0.0014609910733763079
0.000366295806024329,-0.006963925781060828,-0.0840988801988502,0.13201319890085897,-0.0005893690968746387,0.02198645308936408,-0.00020075113178234794,0.00046275558046112743
-0.0011673025688349586,-0.07412549825168085,0.01595287149565596,-0.027594071639852436,0.0004249614183044065,-0.01216961740859854,0.0005234630310567535,0.0005001882297766015
0.002267052005775734,0.0085058699310163,-0.04442116206285999,0.06994319896913422,0.0002565124029037184,-0.03838097511727599,0.00028817922839325364,0.000847437904903573
0.0033466731563836535,0.02565864074921262,-0.03677713491837604,0.08406188390875824,0.0005094268164791006,0.014204829869266905,-9.437716664513485e-05,0.0005071867560736103
-0.0005396720760899005,-0.013021693247807846,0.07451705777982395,0.11007045311395995,-0.00039305270203111663,-0.015936909769497933,0.0002760054349043306,0.0008245530701292031
-0.002195472821759972,-0.082943393566573,-0.01898819374014704,0.020915377919457762,-0.000642462593278364,-0.039423511171690385,0.00016493944070077038,-0.0015554097280091712
0.000967545003007914,-0.05968992268796648,-0.10017340326775706,0.0174881331552684,0.0008275476877807666,0.002969630818436262,-0.0004245064622073406,-0.00041893750979840605
0.00033826478114826197,-0.033087559730978565,-0.0729811498284963,-0.014423632310326624,0.0,-0.00666707293150797,0.0003669650391732026,0.0006280078468148029
-0.0017156591836270556,0.004141442508955136,-0.025285349365564064,-0.06444822750502203,0.0001837550662262076,0.008699461737614437,-3.468277034819611e-05,-0.0008308304880313628
-0.000741000832081357,-0.02607205588256237,-0.07788274985098108,-0.06518584556379428,-0.0005720307829416716,-0.012647024826442326,0.00022337765576354524,-3.478829822609053e-05
0.0009439794255976577,-0.05966478277577239,0.07343347315301235,0.008785744953852185,0.001484596538175603,-0.010384474777005952,-0.00022157281546031533,-0.0009173630217875554
-0.0010562491376831474,0.029273187680807364,0.004360461432973342,-0.0732604500660922,0.0009010864852347295,-0.014243595095250286,0.0,0.0003514898466024513
0.0010984522681141463,-0.07576980427459373,0.09775746993689012,0.10279641329032875,-0.0007795009569074993,0.02496929750390215,9.796953030588584e-05,-0.00036280940045201136
-0.0012720579820058506,-0.07445089171441564,0.09324693681321546,-0.06547680649099132,-0.0010319060077606807,0.03355364447586076,0.00014750498606107623,-0.00025941519888001996
-0.00014849654689980119,-0.07372682425072946,0.08750841144905092,-0.027485617492831953,0.0,0.016039811375779683,0.0004162778698835925,-0.000516744991175385
-0.0030433979836289775,-0.07519625401303823,0.003191172922933142,0.17431634746168484,0.0005378377362527375,0.036384576849139774,-7.350353377319485e-05,0.0009202616936906604
-0.0022917992320381493,0.03370022157362543,0.019470089421657934,0.17356333189490922,-0.0013752542978652648,0.03547142003465203,4.028772977060502e-05,-0.0005110497719389379
-0.0005097690024000152,0.025767630003178076,-0.10507010526443183,-0.040295623426558215,0.00014502693884759638,0.007846020376962757,0.0003643596185812712,9.350892560977542e-05
-0.001764000080742865,0.09402772626214673,0.11289323231856935,-0.0660644908412932,-0.0009712676034717827,-0.030887015197497283,0.00046122313462448883,-0.001076335220011627
-0.0008517782674966174,-0.014528976620065292,-0.09167072448874386,-0.07271041721016964,0.0005910276774343555,0.023230983536990865,-4.098103894617511e-05,-0.00016062386194542192
0.0023042202520313724,-0.050407207273577705,-0.010319146519405858,-0.021559771876758217,0.0004964929650081283,-0.015641406153519406,0.0004728602763288403,0.0008624154001866826
0.0019407738103309096,-0.007648805233292735,0.12102985150455506,0.006689817752327647,0.0014492018012103678,-0.00898960584634208,-5.946245714902321e-05,-0.00018692059475842513
0.003059635226810304,0.007372519326309804,0.03471068119655529,0.09776437000772792,0.0003391849853776456,0.030206168488769728,0.00017383866463540422,-0.0005445682824182507
0.0018825152569846605,0.07978456377487106,-0.058867804728140134,-0.01677234763615222,-0.00032869477564643167,0.010772993646144473,-0.0003468846078285222,-0.001291746598032473
-0.0013972860685031346,0.02987303428211788,-0.0027649261920072417,0.11391291163735667,-0.0006419255980333597,0.03829923197992434,-3.307652780257242e-05,-0.0001278421916889171
0.0018169860950517792,-0.08725871598608625,0.006519635297751905,-0.06526219403820299,-0.0005354200816250044,-0.005871189687038462,-0.00018828681376459322,0.0014251275852614242
0.002868521374744035,-0.02847310857940947,-0.03536495589739426,0.1226787510482423,0.0,0.06884586138232858,0.00029492128722116706,0.00041907133907066393
-0.0016675969554454783,0.04307966854338316,0.05322535288613778,0.007201458333640732,0.0010859514753198754,-0.01444746751694823,0.0002065772934133885,-0.00022625938728863815
0.0035461882009256533,-0.04548153311376071,-0.058129132231680834,0.1660755050904726,-0.0004486431150670698,0.04356647324554675,0.00022951003534379955,0.000247568934342945
-0.0012441661893016205,-0.0557192534684657,-0.08730889237857857,0.09852251502228425,0.00046483398852920077,-0.05539864559936214,-0.0004623846311724522,-0.0007716453330615769
-0.003985568063243231,0.03832462453399435,-0.07315113728478495,0.14570403709000973,0.0007405252828172336,0.013795309934353352,4.424487455761961e-05,0.0008004702535313416
0.0009623646122466862,-0.06966342714312662,-0.09243178183774421,0.08517434348167528,0.0005689124275603338,0.018063621651248446,0.0005323793475133868,0.0001922557416981288
-0.0003700027072839756,0.0817463765850516,-0.07233277148905375,-0.06572745346746599,-0.00035176179994854395,-0.03902511970924589,0.0005447926931430856,0.0007592694716054264
-0.0010358148549372182,-0.009525645326522834,-0.0028246319939622525,-0.02921068371799811,0.0008084984667879227,-0.023621785671266625,0.0005553301209113015,0.000578082280285408
0.0023579129073126016,0.009105645438077885,-0.07712517375990499,0.06269857231112753,-0.00039594729159743295,-0.03755622254102969,0.00029423268652537665,-0.000933759113675738
-0.0009363100924556761,0.05049114871576522,0.0052093634638829996,-0.00443643485014672,0.0010847790667110357,-0.03306066645278795,8.229982364267585e-05,0.0
-0.0009388599765575503,0.09616535689730199,0.05453094299050287,-0.07825673705785773,0.0012319676651887572,0.027683272299445106,0.0,0.0004388586239257031
-0.0007239049616009269,0.004486810318286422,-0.04899686135946271,0.054745636840730735,-0.0005043647842414494,-0.010313048693357628,-0.0001348045988877843,-0.00022136717454499766
-0.0018665701265285829,0.012139194649982333,-0.08742348249590869,0.10172331211298899,0.0,-0.03157366313518989,-0.00013805365082178878,-0.0007379608690757091
-0.0010137341204814467,0.06517278184276903,0.055490080113927004,0.13103793160919044,0.0004537422089421091,-0.017035462616756602,-7.250630683477977e-05,-0.0005096693847600089
-0.0012188782471373167,0.03848704414919593,0.07248210470381512,-0.021795260943727943,0.00013507844388443296,-0.03045943833979477,-0.000496296029360317,0.0009768642422055553
-0.00048292839717986157,-0.09928024000815584,0.03623342875748458,-0.042858144442474364,0.0007329992804148544,-0.03324480084291086,0.0005295514950998947,-0.0006141783637834988
0.0013373853226699138,-0.02298702435403997,-0.09023920559160296,0.16424123464721394,-7.515137885002309e-05,-0.021095342318208535,-0.00025849760501389597,-5.863852284673787e-05
5.390050611025349e-05,0.05799423412348815,0.038426456521812195,-0.05499906504688243,-0.0005741890837576073,-0.006804959490682929,0.00022628435766441479,-0.00062611459825937
-0.0002614926953660643,0.08371805029098557,-0.010390617312225986,-0.09314682371851328,-0.0004810764395345539,0.008376990838558241,-0.00014861336553087003,-0.00046921979001382004
0.00161652300308059,0.0859235728281041,0.12714254446531076,-0.018485718657805628,7.971232452819166e-05,-0.032234675750517056,0.0004670252854895505,-0.0009892822533188294
-0.0008543470386608834,0.03438777708858928,-0.04994833864748879,0.05551479220027462,-0.00041617165495331376,-0.002143219928875976,-9.615884460281027e-05,0.00017178679637893242
-0.0031993069766106065,0.03042635244867401,-0.044719175117753425,0.07311491685391798,-0.0001243066288554584,0.02323746209287609,0.00022579141221977265,0.00031480842458421883
-0.0019366590428596035,0.002324360362479603,-0.07616022289176734,-0.0871807659139809,0.00018676951555987586,0.023651381927721923,-0.00020355080126601942,-0.0014535647984783016
0.002201226970557266,0.029302816143416042,-0.0459272875047882,0.002233003894278298,0.0005016955817037968,-0.029733254692178166,-0.0004005215257404729,-0.0012819396696652544
0.0003518736867981113,-0.033773160038765536,-0.08132269468349797,0.10652488396615796,-0.0006832990833140376,-0.02828900185886507,-0.000178115330278103,0.0010992743855471323
-0.0016489272797716528,-0.06121135583932784,0.07869039552267236,-0.009234615693781409,-0.0007385156554739757,-0.0061809939427583125,0.00031916605301118535,0.0009540299036182289
-0.0015497223209098017,0.0601346837777831,-0.05009088227593288,-0.04373268193822035,-4.074192058278747e-05,-0.0006447813033092531,0.0006430356777474694,-0.001232028017237131
-0.00021640133583604058,-0.050754845074951434,0.09172576793676014,0.07041249905926442,-0.0015015146405572416,-0.044593758241505015,0.0001131756291753161,-0.0008471098514677358
0.0014476358644007496,0.005801601880597489,0.12708419136056776,-0.02570309715405794,0.0011028861361383794,-0.01102894866616514,0.00043901869773155244,-0.0012011857654060498
-0.00026629643980848955,-0.08958624209405679,0.0416760802583983,0.0017928458264512752,-0.0006844685744190513,-0.012507960111079621,-9.40426634118488e-05,0.0010428747547768934
0.001947119922911807,0.04536567667448574,-0.09055894772473641,0.01673706623842928,-0.0004054211911863243,-0.04081268156905227,0.0001407531813039653,-0.0009917661350722197
0.0005431621034939771,-0.0780855974519522,-0.07159466602705732,-0.0448326000333324,0.0006523339954187046,-0.021895534875982024,0.0,0.0016303128760162475
0.0012743014966255278,-0.04395086322942025,-0.01705248945731574,0.007968956863265432,-0.0001430413573533934,-0.04320869931257725,0.0,0.001052575991126195
-0.0007728082067846234,-0.08043184061859109,-0.05668545375966865,-0.019835985680611606,0.0006147118290435493,0.05010323853921841,0.0,-7.488584669906873e-05
-0.0013237693181919702,0.07162334322832148,0.043423052791677096,-0.05132990633490039,-0.000573797346828315,0.019176805460744593,4.171445316378253e-05,-0.0007490275994048044
0.0016650084187565105,0.07918599822838773,0.08669274885787104,-0.05542237988417524,-0.0012716210358145066,0.02782288933737101,-0.00040019743180980116,-0.0012686298749540836
-0.00039246666998514045,0.05230365651389834,0.011715078404146432,-0.06000271564560601,-0.0001851033751586852,0.003069978794958585,-0.0003198191851386473,-0.00031048163012021586
0.0019777750523193535,-0.07296104675282591,0.014789682500227106,-0.09814797329605747,-0.0002786664356060342,0.03014001662065035,0.00034822075662839454,0.001222015266673046
0.000602793342871398,-0.036199554768042944,0.13235068342449938,-0.08762415518606602,-0.0012816421115478436,0.002357776325431536,0.0002429434195053825,0.0008418902821643656
-0.0018136180792322977,0.06275078606344317,0.09627760387631466,-0.05238639239619921,0.0,-0.0010825376318535486,-2.9599367420987677e-05,-0.0008725963364338015
0.001685474192022553,-0.02534314457517973,0.1211408593847482,-0.05871958654678736,-0.00019873263914232941,0.036272604020362,0.0004791641357448954,-0.0004651981641200218
9.488995537511313e-05,0.01916075937853682,0.07898875690399701,-0.0021399885947922786,0.0013838470395304253,-0.011684922395053579,0.0003458006387787382,0.00021323639614936776
0.0006269196669507214,0.07560731203582757,0.10160482621886044,-0.09832174949773317,0.00020529806840931413,0.039375985758458826,1.5200871542581096e-05,0.00040439354270562454
-0.0016144263340359905,0.07410217101969904,-0.07852679244555692,-0.00854396663753793,-0.0003151628213180316,0.008615818092324666,-0.0002571763775945104,0.00035923613893965554
0.0003383042837710972,0.08403959843660021,-0.059095239777750046,0.05658663214915815,-0.0002984591614807031,-0.06580972677990643,-0.0001421537226497186,-0.0005585724814388166
-0.0028964514695610185,-0.014942146354801539,0.007264169140868368,0.08755675980472179,0.0012932993348528645,0.054396361879960504,-0.00018051060738056253,-0.00017772387448197757
-0.0006928614431511317,0.034765649467042296,0.08290084440316002,-0.02828455490548166,-0.000339506196455163,0.016685500123965392,-0.00010213704402028956,-0.0008996335933330063
-0.001530580755438612,0.07939258903372691,-0.016730303393292623,-0.030994533828129292,0.001223461769407696,-0.02206621065906737,-0.000321069226945506,0.0009766119017422953
-0.003317495507803095,0.0864704631494757,-0.05427960569638738,0.05744184419572122,-0.0004530908608064155,0.054186002561655386,0.0,-0.0006783518998439321
-0.0009878593575840646,-0.0026082178583466888,-0.019102336288594986,0.011550634538745153,0.0005656864870122887,0.010518005666660325,0.0,-0.00010737437806411163
-0.00025165251419606,-0.06069771244330909,0.002442968637908299,-0.08514319184563321,0.0004624519971918083,0.021150952633317177,0.0,-0.00013169046431341092
0.0,0.08883338991652087,0.017816681083132963,0.07913800450789353,0.0003502104519772291,0.06503818323465337,0.00023184823879596195,0.000401957395661769
-0.0014484316949595363,0.08710280620596099,0.0468285462333693,0.08686673443131154,0.00128909171217478,-0.015481830638217906,-7.808603504355638e-05,0.0008071908447005687
-0.00037499113703999955,-0.04104732633521733,0.06547941567932948,-0.07637990376536817,0.000720557578085677,0.02769219757733781,0.00024813371487868505,0.00023054987865507234
-0.001186599370047649,0.015452998502625156,0.10496337173979238,0.005274560196708489,-0.0012693648771833856,-0.008546655494155545,-0.00034792233383568183,-0.0006123139578840628
0.002533519999561558,-0.0835155883811222,-0.05088011943741056,0.1523518937063549,-0.00043537916543868424,-0.030708344146393608,0.00045930450728146055,-0.0006643407009333343
0.001469101441288784,0.03290760051662102,-0.0654032966524385,-0.06271931211063002,-8.84992686588787e-05,-0.010078069119715793,-0.0005284407234197464,-0.0005927560114210767
0.0016396145509248062,-0.008271800588306228,0.13732976274306405,0.10056116953060984,0.0008782348571549212,0.012918938709981563,-0.0002473312022432853,4.7623944801927776e-05
8.39737290518755e-05,-0.0015751992894279423,-0.008569714018587546,-0.08890578294737352,0.00025709067190143447,0.003471107174467818,0.00035565563596988263,-0.0008953479377351921
0.001598263581165275,-0.08665543668623023,0.06512742367822895,-0.0249597455727901,-0.0008532035621065959,0.030206074719441357,0.0,0.0009959666444095635
0.0,-0.00942998684812214,0.03882352889872755,-0.039808746258499186,-0.000196282891604718,0.01027376548140618,-0.00027611881708023426,0.00041650431782292975
-0.0007203326851287475,0.018471306875441282,0.04068780789291211,-0.08266892125325975,-0.0003615722503578023,0.027252254523327062,-4.0123932321674055e-05,-0.0011436736105260004
0.0012940270335367742,0.021591250753547085,0.05663133710743641,-0.0517462451358096,-0.000647278543353623,0.008216465079131654,0.00016729049481567504,0.0008162563868703341
0.0008520780435462277,0.01999632081960763,-0.10479492710674436,-0.009493335505965724,0.00016561788716843985,-0.01446778275419512,-0.00015220374343331844,0.00153361402556767
-6.998446130604408e-05,-0.0646792734485679,-0.03224789788623075,-0.060467859171363665,0.0007419306023119997,0.0008882884804166415,-0.00024364068843564794,0.00041531261898603364
0.0008548798269429831,0.052882699692001406,-0.1075407515778256,-0.0012020135262689054,-0.00031355429626323266,-0.018795473944472063,0.00010877273919578101,-0.0007933062663185635
0.0007463371122661223,0.09312729705194797,0.008494751560476565,-0.0762617808222756,-0.0010551421910007638,-0.023587256375546033,0.00039672445638848624,0.0008189665211186161
0.0026601113852138996,0.027113498673557158,-0.05778656305129646,0.1153858768957383,0.0004494613644828222,0.020219567690526952,0.00016634973931797803,-0.0008734282472989902
-0.0021975180264534235,0.06874945486036108,0.06761540189521575,0.015295202594568473,-0.0013156063261473318,0.0526713308229848,-7.022382127777616e-05,0.0001685323471710518
-0.0006770156797095176,0.03825925181874762,-0.08137088433839526,-0.07254466911783088,-7.350134664149688e-05,-0.01763416844334231,0.00032810229876057784,0.0005153325221320017
0.0010651380720580197,-0.04427455094657617,-0.004305746820134103,-0.04868482981813275,-0.0001447326173429353,-0.03823155883391017,0.0004332952254329393,0.0012759737117645376
0.000918801642268838,-0.047339405635384926,-0.06840870672658132,-0.05846929561270177,-0.0007750707876800904,-0.021535789656659806,-0.00022989460795830308,0.001440054500287255
0.0010316550567942904,0.036204562733654744,-0.04673177453423062,0.010464590698857655,-0.0002373655742048273,-0.03175922069234935,0.0001547084229308604,-0.0009758708921007444
0.0014727926333269342,-0.06631244536158377,0.0004351465835204978,0.05014129878441305,0.0002253167786244554,0.06513485880005726,0.00019545711483574812,0.0007766749427272069
0.00033391941726657254,0.06340461061577946,0.05500174345260885,0.11135577991855547,-0.000232106772198315,0.06604961116391653,0.00012590004692709182,0.0004452219455543294
0.0015620240429993109,0.08641573002193847,0.06200401544378458,0.0611217837598788,0.0005786841299246049,0.040204245246013556,-0.00011431155057178843,0.0007084032831235558
-0.0021861340623627683,-0.01332052635258348,-0.10135671253927833,0.16784306636884175,0.0004469343172055634,-0.002091296392168778,-0.0003485912556783176,0.0
0.001113346518636099,0.09092309163542438,-0.023366892076382352,0.09352933210968435,0.00011656291613308423,0.03094605077632547,-8.660104946692226e-05,-0.0004798092481158587
0.001576859205458988,0.02405427129413411,0.09661108329736011,-0.01649147947410439,0.0004137813844251359,-0.004336394644977274,0.00047197733555415434,0.00038855819905164735
-0.0012739886255654174,0.005309611497693497,0.02368569474990113,-0.07232391443406334,0.0008233566845095957,-0.014953968280262709,-0.0004244366714492853,-0.0007176914226327437
0.0006703495803142287,0.07632220789688732,0.03361743188894433,0.15657313328633554,-0.0003737058592734536,-0.030497654818467727,-0.0003495841261503818,-0.000781516337422083
0.0009135519715717164,-0.08446316082065447,-0.06607037647924248,0.16840601996560206,0.0,-0.018654674964148778,0.0,0.0004689540625230093
0.0018386469845108608,-0.0009610656109541601,-0.10463069173684302,0.09269398157365123,0.0001673811714608328,0.0031589494134911487,-0.00041882126531416733,0.0005544821394764574
9.689468233805426e-05,-0.020988417513812693,0.031815940466433566,-0.08437863255808106,-0.0010044699617692,0.0351010665729754,0.00028959034432237497,-0.001281485564186294
-0.0013668401911928322,-0.0894531054848852,0.015896109816739907,-0.05646239538876251,0.0008350805960417616,-0.019396505528452207,0.00016408464435999082,0.0014305138570551799
-0.002041880116688951,0.02125264293880415,0.11349550836832682,0.04678557614439381,-0.000930792850256673,-0.0577103342427581,0.0001455587161003219,0.0002742571082713611
0.00044859174782169587,-0.068085427797499,-0.05782716854657449,-0.031647547746544984,-0.0005259784874002141,-0.02962303256516957,0.0,-7.099160550783079e-05
-0.0007831033217611616,0.03675184715214105,-0.011221865993802541,-0.06662353623288689,-0.0009426263208397624,-0.03837653375167623,0.0005131434115450556,-0.0008577209290139958
0.0008155980746093923,0.06666355275531911,-0.02863450889018193,-0.03255634108292722,0.0,-0.00330194489144217,0.00024121331427000986,0.0011769512739503328
-0.0015154478535917306,-0.017718011252709737,-0.06078748332660476,-0.013474650191571985,0.00032083787135253616,-0.03206213536149425,-0.00015643370790697226,-0.0006921689813387974
0.0024433626264463762,0.08794907905568786,-0.016649445152312186,0.18584867309541217,-0.0010761406422896073,0.06630369690501377,0.00026034411199676866,0.000489328430863775
-0.00021820867119245782,-0.009399069219035513,0.006059764329023802,-0.08939699689792945,0.0013744346973946862,0.025264291941404178,-0.00010155434075713454,-0.0005166749373861511
-0.0007747916823057402,0.006537813832008876,-0.05182387308580667,-0.012297296440615918,-0.00023906732544638765,-0.007053956779951295,0.0005560073511478392,0.0
0.0011076032754259778,0.07857283320392007,0.01044843130968462,-0.06473709059498732,-0.0005016458514667449,-0.02976462079487768,-0.00010303800833652392,0.00048387710224726834
-0.00028160897663174675,-0.01609535885169997,0.07454596496122394,-0.022372705437129166,0.0001407649806206686,0.021307972228429607,5.735580031055593e-05,0.0005156940078910217
-0.0008540637812993363,-0.055830948464910324,0.007657901413959017,-0.054060736607101846,0.000977031904218266,-0.025889353366272443,-0.00016998357992437096,-0.00034070821155386487
7.612829943544341e-05,0.06519480638684466,-0.09644483444064579,-0.054994344423152194,-0.0005572816787392361,0.00022063841155638307,-0.0005505844059460076,-0.00032600912581817363
-0.00028772792799808267,0.08073950384920764,0.07299595069750248,-0.014480296404374475,0.0006256052132074202,-0.020484057424182456,0.00037476518667442656,-0.00013658159574561624
-0.0018244714083020593,-0.0774605873068685,0.020311674743949754,-0.004225416384862358,-0.0005533060585760411,-0.008697194435976434,6.724739547768477e-05,0.0007775086459249957
6.681710736099536e-05,0.01018241566025741,0.02725940366666112,-0.03164867687313351,0.0013335866114984353,-0.03487177159683971,0.00027534273088965336,-0.0010991604681458305
-0.0015491719597659473,-0.06013873962856672,0.10106992897655694,-0.056129867534323585,0.0002744643858452503,-0.03126803590150333,0.0001845151718466928,-0.0012084573493269803
0.0030951179662554295,-0.062217435337468034,0.011050377205429084,0.07244650458937353,-0.0004254744820983507,0.05077958058834692,0.0,-0.0002379751081797027
0.0022869176298859085,-0.04482161096517788,0.05199457851776156,0.1313701636031462,9.993046639797038e-05,0.026057517314079175,-0.00018752435033219696,-8.338939219817987e-05
0.0003962575801084156,-0.07476086328354804,-0.08047929135471177,-0.031749147914622515,0.00012631116660591357,0.020382664697682247,0.0001733809828922856,-0.000479001323392352
-0.000967231452361686,0.07927848971632581,0.04779712595397654,-0.04167108437938459,-0.0007064422968076006,0.04314688530582432,0.00043832886936595594,-0.0005656993331456711
0.0009867778783832313,0.060569009539786015,-0.06259947256747929,-0.030193071295557122,0.0005526486967355609,-0.03784289219511656,-0.0005655292535955469,0.0014140945336158376
0.0025497366143482246,-0.026649891950243927,-0.08880741719412441,0.0600893230604278,0.0001455392013256021,0.01871306498545927,-0.00033793431483525717,0.0010171566571155683
-0.00014516399851601677,-0.058341149617310135,-0.06501756785790726,-0.058204372047354284,-0.00028757360623064186,-0.010984103465197166,-0.00012410846813531995,0.0011503451319654784
-0.000600071539495322,-0.056199500090477625,0.10080190700501199,-0.06027837134573036,-8.913078099127142e-05,-0.039472427636884494,0.0002849686872884209,0.0007194434910628359
0.0010516070357831577,-0.03382790824903804,0.09316457210273005,-0.09257784198513373,-0.0008191013334785189,0.019613591688343836,0.00044238159453416186,-0.0007508376653081339
-0.0004521382768953647,-0.042091755523219386,0.007887185297647224,-0.043079615763565615,-0.00012575458167410347,-0.03938286431849842,0.00044076937527541587,0.0012767724803014588
0.002068448097573846,0.08667970250720258,0.06997151881310966,0.05103792816853165,0.0003841722158710555,0.028934472478731585,-0.0002034563325196137,0.00021634582624035134
-0.0016510962352667589,0.07895071246605684,0.014007205357986491,0.18570485646924625,-7.623239563608886e-05,0.06319930798736931,0.0004255146537629727,6.342135134495876e-05
-0.0003816240782517857,0.08615687303159948,0.11987336458476223,-0.06223136070503231,0.0006514184371439806,-0.03469923819875132,-0.000196395450437592,-0.0004933325040625762
-5.704904320427695e-05,0.07507643760339294,0.10022108134182639,-0.00829122455118183,-0.000445045167236358,0.03529667762602774,-0.00015746915995165498,-0.0007871490295194053
0.0019578660196983184,0.0003748360265589307,-0.08114786372242017,0.0022206521936702097,0.0,-0.026488496964943053,0.0,0.00033549557984551004
-0.0002596293658126117,0.0030977586369848264,0.00573897111869313,0.1080446627893087,-0.0010852691969936879,-0.03727185851428777,-0.00014687666546288336,-0.00019138825645909676
-0.0031142628851559017,-0.08062420474159597,0.014709113288174381,0.05091098050342821,-0.0004362951381907265,-0.05747598525225901,0.0002072909996634481,0.0003527077349693574
0.002092951290992429,-0.029921944965063653,-0.004183360320090413,-0.0027985428403821348,3.261591835776456e-05,0.012682445221928554,3.718992857956586e-05,0.0008378861980372019
0.0015615642946831176,-0.029861265257591293,0.0076397300275450825,-0.07839134576571515,-8.498090405127667e-05,0.024045662014482796,-0.0006486365060794452,-0.0012170207839862107
0.0,0.021878567552121232,0.05089421286422687,-0.0737272727329229,0.0007375136406317149,-0.017114175295258875,0.00042416457465746515,-0.0005593975679245178
0.0,0.047608231001716766,-0.05625954659780081,-0.055817400393040305,0.0002032045036173477,0.025168406304318883,0.0002476442404357805,0.0004402162337847375
-0.0009508031811752349,0.03151152634491885,-0.0019952138449254083,-0.03940452170653245,0.00046609927523661235,0.04188348235960262,-0.0004890933236183598,-0.0004732896138816548
0.0002551781849551344,0.026193796672916957,0.09124457330939839,-0.043923660599237184,0.0013556152292415375,0.012285820547373755,-0.00019003502800127303,-0.001110597193462724
-0.0011382623326415744,-0.0703382399997654,0.007133706300615934,-0.03421908186582731,-0.0001036602447889076,-0.03149142377512449,-6.174297737371326e-05,0.00040494415036093206
0.001002518328627498,0.05157457717757529,-0.09068463058077668,-0.04771557323700538,0.00025058678860792605,-0.016852870120448823,0.0004790826843055696,0.0016275166951282638
-0.0008321722267501405,0.019394835436595786,-0.020243017517013,0.001168608619692471,0.0002023736742219305,0.024691678872270376,0.0,0.00046238562824209035
0.0007842303626757718,-0.02351384706662825,0.09852493943783969,0.08521904351044783,-7.943623250930565e-05,0.04887292653070477,-0.0004005773265929018,0.0004990139068398132
0.0016763381943371554,-0.05890843966547334,-0.012528686472474142,-0.09904959876330374,-0.0006508920291766714,0.03083924012844056,-0.00029150259299851045,-0.0006778623193934703
0.0015675720803290248,-0.06589655415341981,0.06760270966155801,-0.06940506359571415,-0.0006040933913493894,0.004204542219595898,-4.524044349559636e-05,0.0006644559513927803
0.002509782893383319,-0.010893654394075783,-0.07617648923862066,-0.03266511483510409,-0.0006037149662596747,0.04167492702295382,0.0,0.0011234025536476845
0.0012113594523762863,-0.04066802198060425,-0.07991396430369119,-0.0748562229071038,0.00019519360985417045,0.005620872910775945,0.0,-7.807769748729987e-05
0.0022110342624301746,-0.06484961688654112,-0.05920019658081921,-0.05365515129550842,0.0003923620536949139,0.02674121409438104,-0.0002737789877564799,7.20261278038814e-05
-0.0005334605248169471,0.029094580306592878,0.012094680524802764,0.1645482755741335,-0.0009957477469370794,-0.03746505593416294,0.0001197073462210485,0.000871492269058547
0.0018507952581095042,0.007549666994657652,0.06658279105448744,-0.03543442329308509,-0.0003979949319540604,0.0035195750553484503,-0.0002318280435468223,-0.0011762415105452955
0.0001743659833470296,-0.08725756022026415,-0.015366357131259462,0.061293712977490554,0.0001450460205046772,-0.03200192445644613,-0.0001557335071163921,0.00018370077343313372
-8.302659786615806e-05,-0.03461263442909259,-0.04243850514618552,-0.04808325273124153,-8.713273047708841e-05,-0.02410901813734323,-6.277300427501298e-05,-0.00019169554299991627
-0.0015155284296733055,0.050814524398886625,0.06673697202165361,-0.02334766882153401,-0.001013581023726277,-0.029349495544980977,-0.00014148273947997558,0.0006912788833274987
-0.0017793692292682802,-0.03036365848490226,0.028272375891513445,-0.05769793454558365,-5.0324746469793125e-05,0.021457430563171103,0.00037500147895530166,-0.0007886344086552975
0.0013116225519758874,-0.06681435232004394,-0.048194181712197075,-0.07808906081607786,4.681099388201271e-05,-0.014286307832369831,0.00029891669536860914,6.195829749064176e-05
-9.069682849219274e-05,-0.04221712308652597,0.015610568219572563,-0.052252871014590155,0.0008059157138349453,-0.031420477723909004,-0.0002046506196626977,0.0013497912038386965
0.001260072077851023,0.014405834341691267,0.12254332752942702,0.1294205536059042,0.0008146587559439612,0.004200636633485202,-0.00025553690565679343,-0.00023910780749064608
-0.0008892934495448702,0.014078480878107475,-0.08611867271627836,-0.042564934019368984,0.000512996296995416,-0.0315832251891118,-0.00024106301919979753,-0.0003465101254339494
0.0028558669495431055,-0.015842266167421883,0.024464749432896612,0.1704416005653142,0.0003560521936521627,-0.00985667969023793,0.00010932527861998165,-0.0005677570424269401
-0.0030175201301368376,0.07771473490307247,0.06777541487222298,0.03298062409402959,-0.0014546632553434828,0.0069830097016974155,0.00023382580115454592,-0.0002760543533880111
-0.0022167643641363903,-0.07713968036363071,-0.07791439465620993,0.0105022455526443,0.00043665296157913445,-0.028465766518717423,-6.83143571723055e-05,0.0007144341083477887
-0.0008483478736640524,-0.08204980916832201,0.011070910853299911,-0.0689517080925399,-4.1283096861476106e-05,-0.0016578177374509534,-3.543856874099749e-05,0.0
0.00040132153552932054,0.0497096720606772,0.1385157944936178,-0.020837882850544373,0.0008284374254540861,0.000784358753891253,-0.00015796886514468644,0.00052660652364556
0.002192776754355173,0.0404275418657862,-0.04745726404637709,-0.09202152436655749,0.0002568388079438877,0.04128802036374414,-0.0004642645734379817,0.0007962802959237261
-0.002818437290550513,-0.02003261535648227,-0.10051677883264994,0.09833392916736128,0.0007189007446163787,0.01817449597602465,-4.654414231151146e-05,5.62387327365825e-05
-0.00013012717684009488,0.0429167027586242,-0.0798151810241949,0.022062808968211355,0.00012096081591042585,-0.045876023121276366,-0.0001976515424081513,-0.0015276295035799537
0.0012403436491954252,0.028616383063774897,0.06613229145147366,-0.08183728005608751,0.0007810096901456922,-0.007144056728609799,0.00022655158042490103,0.0002445095484579038
-0.0024384476048592714,-0.013565099367829302,0.13893866324468024,0.09708278925048437,0.0011300732258216453,0.02897497934782205,-0.0001625017483230795,-0.0005626634265382335
0.0026206318646935746,-0.03761558234340511,-0.051846562563847565,0.026475166366279765,-0.0005989683258327519,0.0631987495909672,0.0,0.0010469170702481156
0.0013952400909465132,-0.03456242854997023,-0.03142794296439009,-0.06864785444430688,-0.00022430307352426464,-0.01889063674418664,0.0001759795112548923,-0.0001615457879952236
0.0024912617652985912,0.011808842176090618,-0.022359378645028915,-0.024542994791734298,-0.0005949616119574029,0.004141885286383537,0.0006389166239912737,-0.001229179521359305
0.0008490658406684083,0.07575221409214461,-0.06453059896534996,-0.026010487557277338,-9.08562890250306e-05,-0.015565994895342421,-4.53661836729187e-05,0.001112711476913835
-0.0019162584935906862,0.07663048872072148,-0.09243740598700294,-0.08344675405107392,-0.0007987585989760015,-0.021657356664961866,-0.00041784090603094737,-0.0010843774226800636
0.0008642598752794323,-0.018474276598867394,0.12067439110276773,-0.0698377689405604,-0.001061111088216145,-0.03272467581446789,0.0,-0.0009089306601160738
0.001233277939674392,-0.05945007037258809,-0.07458766988739453,-0.009379780313016164,0.00030936799804222987,0.04661449070053927,-0.00021837397952398363,0.0
-0.0028953445391306032,-0.06663324789237207,0.0665731863982648,0.14297032787338837,-0.0012212747131115011,-0.008594462474865582,0.0,-0.0006819942412409075
0.001732446067520356,0.04826720910439736,0.09329423697065853,-0.05898854565121134,-0.00137895582334243,0.037720346155394865,-0.0004196371486760997,-0.0007920072365187762
0.001988723557793911,0.09660113835660744,0.005887408385010701,-0.00748970782499137,-0.0004318510698987894,-0.011232750015501142,-7.983409517335616e-05,-0.0011927562765551623
-0.0005309189605597123,0.03433130389064973,0.036898234673342155,-0.024072315130190047,0.0013198131336313184,-0.035596076641231496,-0.0004846657912354925,-0.0010893262661780987
0.0,-0.023301168878881742,0.05491567049455524,-0.06123736434254262,-0.0009444232951848099,0.005431586230599295,0.00013390291942888544,0.0008236092054120298
-0.001056574519876237,0.05983524806118673,-0.09192527393521673,0.12646604412374854,0.0003768932679488168,0.011602075576707664,0.00012284377646040734,-0.0006187280002963629
0.0027226249455171046,0.04482753720240011,-0.10625099773011297,0.0019997225887207273,-9.039409582977526e-05,0.04559797492972481,0.00020423459031216186,0.0009785037531354834
-0.0006710039385885053,0.04030259378853373,-0.1112247609726418,-0.044092814293916566,0.0008132423564166911,0.021886973088303,0.0,0.00030105081928165356
-0.0005463497483135405,-0.008903931903333195,-0.08428622520467195,-0.004918008537217155,-0.0005854909707972866,-0.017193534237894614,-0.00020656565668830673,-0.001306223276411861
0.0030974005681529723,-0.06469486615413976,0.0025020020493752536,0.09521155465247776,0.000685211429201972,0.04585446822183926,3.803942230805324e-05,-0.0009777492780647674
0.0036662266518723142,-0.07165844003750815,-0.04640676161567059,0.1416935616723375,-0.00017924242896481812,0.05815414489293365,0.0002730388655745541,0.0
0.0015796736548664332,0.09685123408253885,0.008965700691447075,0.01967623400387162,-0.000442916333457416,0.03852879530091347,0.0,0.00023175820012203116
0.0003652493314011584,-0.05867841752829593,0.12635316765752763,-0.09553437862741639,-0.00034388849915287754,0.032460082594570595,0.0002821112140545881,0.0010787807509861926
0.0,-0.05076625385040402,0.12856709535729008,-0.07748663967851586,0.0010428440224530555,-0.024867112588475678,-5.094790599133314e-05,0.0005281584380763786
-0.0007271347095993897,0.043277673916893356,-0.1050734663910385,-0.056851601062703476,0.0007940280982011309,-0.03671454128550727,4.9869757144854754e-05,0.0005645700768297064
0.0009569293786225774,0.09392798534419335,0.09938583897239048,0.06348165320494592,0.0015698757821328362,0.014460277318477727,-0.0002835432618920608,-0.0005636588679397961
0.0012607288332035314,-0.03156371006524005,-0.0944761782959731,-0.07460496239757405,-9.688477404926066e-05,0.019828801527883657,-0.00011081190511038994,0.0010437694927247488
0.0018071472591277653,0.014469169030381063,-0.08721676801284053,0.14559455021179973,-0.00044398270592315727,-0.002270558022800559,0.00016405214667618295,-0.0007109576103550942
0.0009659891048157418,0.06766825925173561,0.03135867645491927,-0.013197800639592435,-0.0012336154188663903,-0.02854383902819682,-0.00018445876257273952,0.0008013919459929559
-0.002481928004903918,0.07126849145326801,-0.08254967250947937,-0.019933705154321496,-0.00025751831169618485,0.006968290041911039,-0.0002460067304156828,0.0
-0.0005032453340216934,0.026014976810065937,0.07287525657775046,-0.048462100850113016,-0.0006887374578550081,-0.03402854477379423,-0.0005337452099984963,-0.0011362786551548695
-0.0014874807898146213,0.02460173437510784,0.06933982322335823,-0.05706649183461861,0.0013474287775803399,-0.037335396159058794,0.00021448279891317086,-0.0010290969609535188
0.0004887372636983573,-0.02977186723275173,0.11117980975180457,-0.031399131023819575,0.0006662164504542485,-0.010574173620723189,-0.00030948146771439533,-0.0008517119298925886
0.0015853862056702628,-0.07399063463077708,0.10887516825169705,-0.054316501787058394,-0.0011348879972250358,0.04221185298018006,-0.0001237897027753128,-0.0004046430159530027
0.0002532108929697921,-0.0834503192953622,0.11354428175361164,-0.05296843184552765,0.0005807066790625351,-0.012985386425876839,-0.00022138831230498712,-0.0009309887093070203
-0.001337355048135336,0.0007719755284003517,0.019970232143677893,-0.06568273624015918,4.885110404320714e-05,-0.016720600754002373,-5.224302482907712e-05,-0.0004331664882062231
-0.0021726761244580044,-0.004797509408642306,0.05107291871642288,0.11835258653883193,0.0009863764900835345,0.0019170492383800038,-0.00027701767521604026,0.0005258001438310306
0.0027392652966008423,-0.007405883512404177,-0.05248275948500109,0.02069177554693178,-0.00019393265564600164,-0.04615473315402438,-0.00015357082232467234,-0.0013846736783614368
-0.0014580080626931768,-0.0381436139111624,-0.09042344299328575,-0.05466716454155896,-0.00027913851503912247,-0.031932435675421415,0.00019198963900621258,0.0
0.0019501103265035602,-0.054529817151732926,-0.04252115250323797,-0.06722560667938808,-0.0004075995463254419,-0.03185196197221741,0.0,0.0007930098768442473
-0.0004409434608726322,-0.08078131387674069,-0.033644001893460215,0.04377832781719903,0.0005102185591500899,-0.058475797035469214,0.00013786847133956392,-0.0012394393084936444
0.0,0.013810796624889104,-0.06683715471514066,-0.08530031176310077,0.0007611271588194187,0.008096010804989786,-0.00032467368505315064,-0.0008966585844517934
0.0010089461868949279,-0.031223660341537323,0.1354478654691597,-0.10188672987123573,-0.0004367646940703282,0.03419087530085167,-0.00040001262511121793,-0.0012127280383968195
-0.0014679784745298523,0.04950098714016161,0.06269163470800787,-0.07653530459448761,0.0013358198927968634,-0.03601419136785155,-0.00043129623363881214,-0.0007502575242757538
0.000652052579016164,-0.013183767220766614,-0.06233736378687241,-0.015446792137140715,0.0004988045873734748,-0.03428386772514117,0.0,-0.0014222613638603266
0.0015077071758188905,-0.03322552895272589,-0.05452644736165738,-0.05422168025932878,-0.0002509029946744859,-0.011812754736646454,-3.462881506524629e-05,0.001060336272390749
0.0017598264209258449,-0.07616549675143182,0.08627840565758464,-0.030956339492789857,0.000743727273676694,-0.0024088750123834836,0.0,0.0006671813332532021
-0.0016555187713212134,-0.07501067879614137,-0.08625573671101552,0.17657362714380323,-0.0002880926178619902,0.037429187601926484,0.00032023308781869986,-0.0009065999015158134
-0.0007593906103068474,0.07723044946488747,-0.053693575232581975,-0.040055824598432196,-0.000649386598293978,-0.02211390518324496,0.00036368102365221444,0.00017229388706714588
-0.0017580071742103569,0.060355896984021586,-0.10851260324683715,-0.058218091110836624,-3.682870391344406e-05,-0.02097046433713614,0.0003852036505950835,0.000676748444197825
-0.00015896206231598667,-0.045049649897020747,-0.061513504152973596,0.009438371052600017,0.00042208875334935424,-0.0361222569378721,0.0002449369928177181,-0.0014247145933317471
-0.0006501550760036513,-0.03460466097810822,0.07069168909007516,-0.012745767673368772,-0.001202551242638706,-0.03260862774344938,-0.0004955864482657675,-0.0008359067488769656
-0.000401125027953247,0.0013737598470962616,-0.078746220695659,-0.05144033758806391,-0.0006736995141268096,-0.0041110098794534065,0.00027476460157943583,0.0009063311400442416
0.0007311240065699901,0.038028940695064864,0.12309777659022884,-0.05645855894505148,0.0013612839899458829,0.015953103477336087,0.00042404633057172014,0.0011901395730569604
0.00014701822240398353,-0.0058196356760463665,-0.09157279663604244,-0.00991340987383613,-2.6576378904491493e-05,-0.03773222151155125,0.00019282503367349976,-0.0012935864854793496
-0.0010559764877794305,-0.011430747122687056,0.10777902744556161,-0.0053626446084201135,0.0010956456721049094,-0.029902701159029908,0.00045073317434374954,-0.0012701354332765276
-0.0030823375030745327,0.04335178194785445,0.0879350936738118,0.1238292341019837,0.0008387266729498678,0.05686479675151117,-0.00018632452573238287,-7.19346192816217e-05
0.0005846071968523379,-0.07484435724876524,0.0392060465763872,-0.020230910104464907,0.0007552558263006195,-0.024756707112465484,0.0003821366385810543,-0.00133777400613012
0.000692841061891143,0.10280480516470077,0.1136298421187157,-0.059806824373203206,0.0009767858760114493,-0.025828989969561896,-0.00020191596383745125,0.0
0.00016757747493798686,0.0743578137164523,-0.045683029554621335,-0.061200626336008666,0.0,-0.025098370254811788,-0.0006357786707164153,-0.0009041038465220449
0.0015811481539034988,-0.004527851728837712,0.08261183384201348,-0.04308017713979515,-0.00023242873218022307,-0.02455745266669141,7.682082379933432e-05,-0.0005415214528907063
0.002918897341583779,0.07314740024503615,0.03604873385875012,0.11105218269826052,-0.00010221568517138069,0.04142386241894262,0.0001579531943836647,0.0004006967832588445
-0.0009569001683683724,-0.016485169945198903,-0.07651105870033571,-0.06424429588228886,0.0007003417218445718,0.025808045615570253,0.00014539914685801625,-0.0008231751926483402
-0.0018743972363131176,0.008891672085453847,-0.0911005872845085,0.08197483423666825,0.00013149345574375165,-0.05011098096890417,0.00023048088937273266,0.0
-0.0019638096746992114,-0.0665133630691275,-0.045980310094558045,-0.017826365497873597,-0.0004938288787258872,-0.008712018424793334,0.0002450075661495632,-0.00027313676819748956
0.0038208047588910877,-0.07558308186424625,-0.065714760681215,0.16215382343442633,0.0008135702105245542,0.03376003325448455,0.0005014771333632859,-0.0010777295617957826
0.0006805582352659929,-0.07784913584876223,-0.058955740049646356,-0.07573743495091696,0.0007627535719918227,-0.003165509335505643,6.969164618134127e-05,0.0011894066037781519
-0.0029575501442706165,0.09232647397052171,-0.03434937114633414,0.07867541715390965,0.0010023283498143594,0.06396457964411575,0.00033913054157186373,0.0006134167877807855
-0.0004658695075619274,-0.08732455356600627,0.04189509094963464,-0.0714677798368659,-0.0009564150016555618,-0.007639246104602814,0.0004866130530096491,-0.0009361132707401334
-0.001009758871685314,0.04510271466259694,0.08858335689448088,0.11889876686794625,0.00037225475447240694,-5.8713472771183684e-05,-0.00014981754712918935,-5.296256003256561e-05
-0.003035522220924331,0.0300371369392707,0.020202610162158505,0.030690190828799074,0.0003923003909121174,0.035864490950489,2.5364092616067535e-05,0.0007846078410187107
-0.0027944389708865207,-0.0008953192695074735,-0.040751040491490746,0.0022140566906077275,-6.039180102390178e-05,0.041340225961466734,-4.949452171748781e-05,0.0005107901747483682
-0.001009430632384131,-0.04778725317056467,-0.04703172286418471,-0.028400647760866305,0.00048440624140377864,-0.005171648072729758,-0.0004373480933818157,0.001439869823758544
-0.00027415745944988924,0.09420112875381227,-0.0336177292491167,0.08562262789971162,-0.0005313852296046972,-0.01991454784475439,-0.0002305121506778196,0.0007118218947780954
0.0004690399330754518,0.06411160467645043,0.1245287998622099,-0.05834557274936728,0.0,0.019646135413559487,0.00031641148491290405,-0.0009143607022651379
-0.0008554843107333131,-0.054805340653091,0.07631560980436715,-0.05200718070293159,0.0006139122544441315,0.023751219558368997,-0.00027330755591820164,0.00043449702917492745
0.0017802167013160203,-0.01211000984462766,-0.07407373978711936,-0.06466731801775814,-8.355092819942178e-05,-0.018339849958990042,0.00031269267317117207,-0.0007590898379593604
-0.0011813389617301687,-0.006265953261400472,0.11224859419216644,0.002467591094310924,-0.0005184166477673313,-0.03132112671933181,0.0,0.0005825036734726924
0.0018702138535636407,0.0872731037245382,-0.10260896781009357,-0.035231282310541526,0.0004972602550303971,0.008219277768741148,0.00036544042995637765,-0.0008670799665403393
-0.001815235541488691,0.07675516181196347,-0.11012132427372592,-0.0758498245012016,-0.00012461155813631164,-0.03049344277557044,0.0004105561559755551,0.0011050568157806046
0.0031397521726671423,-0.07273918936338662,-0.047420529066254415,0.15713663538991046,-0.0005843798288419159,-0.034432573533801,0.0001291119894272436,0.00047973817321555166
-0.0030955221816804175,0.06529221484181767,0.11381957317958713,0.09425541477772022,-0.0002402778842744416,0.06494178621043159,-6.441398282258648e-05,0.0007335794853718955
0.0010461133985878671,-0.02674445698472759,0.003349777009145588,0.05142115167886254,0.00047621390593450554,0.0535857631820588,8.751567272933988e-05,-0.00021441989937964756
0.0007868400122190535,0.06306013945941018,-0.06998742622839547,-0.08145629607392571,0.0006324345739667484,0.023327944588575667,-0.00048575613036905274,-0.0013632754182084522
6.607973294728287e-05,0.05231468068433566,0.004662567134176439,0.06480022971646383,-0.0009315762076787396,0.06275417775046903,0.0,-0.000847652355622907
-0.0002598260460947661,0.06472187321211706,0.0873548928283894,-0.05877279380378873,0.0007526397527115803,0.031225237093694146,-0.0003476863878774748,0.00010716060135357308
0.00045751803585771525,0.1022318861648333,0.12335970780833298,-0.029127104406136584,-0.0003794963141532027,-0.025272655387588515,-0.0001983180774047799,-0.00019861474072373415
0.0012645749784194267,-0.030856845761627352,0.13910159202327332,-0.0414304673696689,-0.0011198012759526537,-0.028286867721258564,-0.0005120862834038242,0.0007703972808580026
-0.0012140961508564179,0.03649446237069562,0.11241069712696541,0.0003729368498691233,-0.0009490038306497828,-0.03404938950893835,0.00022825661976996758,0.0011821300528959008
-0.0011976904376739185,-0.09707824251621718,0.07815309060326865,-0.06162638915426378,0.001003710777964555,0.006465839000317553,-0.00040981264573856924,0.0010716350017494
-0.0009686282693691865,0.04876004253839682,0.020695631358422725,-0.07955105063489547,-0.0012734556889780141,-0.02315740735450598,-0.0003859456758587218,0.0008603127209561815
-0.003062951349586699,-0.019979215603042385,0.03385900516490819,0.08700670335844372,0.0004693443832568294,0.0578336550738521,0.0,-0.00016731541644898762
-0.0017861237511116873,-0.10041209201945586,0.05997166156416411,-0.02524945300982594,-0.0009522115518556915,-0.020441751114124065,6.736443490104604e-05,-0.00015923142409814193
-0.00017345082377479763,-0.032330808267614544,0.027175194521798368,0.14940263132406573,-0.0006576321894966752,-0.056005025015006295,-0.0001302136696139239,0.0
-0.001972817206790152,0.028905592749152345,-0.10294047802407318,-0.04111919085062793,9.063112220095149e-05,0.014455167307983552,0.00011445001779952309,-0.000137315257468364
-0.001266567853067067,-0.06443793070312641,0.05711213079507467,-0.05842571766438538,-0.001258831320317488,-0.0011920937451391045,-9.66678577299096e-05,0.00033537008015131206
0.0014516509804388977,-0.02499058378175305,-0.08726885544021766,0.12973644012793945,0.000372546110514554,-0.009773622458923353,0.00032979698265247657,4.057566792783386e-05
-0.0008302979924932383,-0.02368984881964337,0.12047210510830574,-0.03463489033658759,0.0010803674847531346,-0.0022337836128275778,0.000173438568080983,-0.0002375486044128947
-0.00020929172977034866,0.04087423518280689,-0.016539624444181233,-0.0652576101435322,-0.0010596923247281082,-0.007822739766158203,-0.0003599788233295171,0.0
-0.002120380373285228,0.042438635745317116,-0.061346466166448524,0.1220222652829891,-9.836398195403606e-05,0.05128152232711368,0.0,0.0007555596440654831
-0.0011762010812606262,0.006763818124249733,0.10269688761503551,0.11955742905214067,-0.0004992029652401,0.05008210725500479,-0.00014816295246866673,-0.0005081364516964375
0.0014174142289530337,-0.012115136781852625,-0.02072467673178223,-0.02831187777970969,-0.00030881082986116017,-0.03736686273836901,0.0007367219663037411,-0.0009116218914049845
-0.0016285557552436004,-0.06114767709410688,-0.04844247527915542,-0.033676177170697486,0.00012512047601243026,-0.023972122478079342,-4.5412394247870066e-05,-0.00147551752426925
-0.0016367500906480962,0.05282740973779758,0.03429000390260608,0.016558890107517793,-0.0005402131425202499,-0.02001660282896666,4.7856115057837156e-05,-0.0008151289083336463
0.0009966489005931785,-0.01106602095118908,-0.03389471131580621,-0.059562053214204935,-0.00020929220162403545,0.04164266817518839,0.00018580661916629826,0.00039274428855318844
-0.0005350382320974572,-0.07320788553764175,-0.03344246673731738,-0.061445764094432274,0.0,0.020866076646868383,-0.00010961764456655474,0.0002088793706936376
0.0004623619458172734,0.02725340202995744,0.10611410375318886,-0.10375506126172046,0.00042799145010561875,0.04038842418238921,-0.0003618069566048432,0.0005106126475029067
0.00033135511745317064,-0.023889632300885012,0.02883693349241202,-0.010771897766624168,-0.0006801179603745028,-0.013841898979215698,-0.00042461159932752953,0.0005161823922406588
0.0014777353268830985,-0.08160832215834836,-0.0024617206983660127,-0.0393592420098456,0.0007001799249879815,-0.020803185162423354,-0.00018393051537626826,-0.0015009633532999764
0.003379699477629518,-0.08497771016643337,-0.09374098993312667,0.0188109136171268,0.0006017230160495865,0.03811998710965542,-0.00015225732600775144,-0.0003859828168154352
0.0003215754981034519,0.0006872129030211166,-0.018906573731643214,-0.0368355335196654,0.0006264941922467105,0.037408032948243554,0.0006659322283063383,0.0011693250907266496
0.0011002544871177593,0.09007731013758732,-0.08005423701031854,-0.05600922388208921,-0.0002146110350821004,0.03110410530373683,-0.000660101352578163,-0.0014349127835031124
0.0029876396696160994,-0.08868488856472242,-0.020645195288213517,0.15934033052393853,-0.0004733953299563634,0.06508779305493487,-0.0002760297983113771,5.242370550424813e-05
0.0014306312214907337,0.010564307796099758,0.0918126326549511,-0.02308342256729304,0.0010157633012631863,-0.026791159304195154,-0.00025574406452159165,0.00017158329812877864
-0.0014796214596882826,0.01073196033970201,0.05418081014759843,0.12712994899472416,-0.0014441787035542445,-0.06561796436119859,0.000304040548221029,0.0002964076216240563
0.0008802559727479165,0.012638643039079734,-0.04442664274122063,-0.0002866416376624564,0.00032209088374192396,-0.007479436915565114,0.0,-0.0006018617571737708
0.0016151076780442774,0.01296332220056119,0.005483548172611027,-0.03338114431539998,0.00017623699720496072,0.03770386541257643,0.0002690667249871586,0.0011838982669286078
0.0002626485493997889,0.014943783665091637,0.03278659825406242,-0.05670496908462715,-0.0005472737814194152,0.030908438245182704,0.0003582891974800628,-0.0003515785594805157
0.001823888014912294,0.0033227223838131485,0.14085972588798598,-0.00472172771511878,0.00083696583856207,-0.016117011678990083,7.662289838647474e-05,-0.0006566282753823256
-0.0009067305220208249,-0.058008234412848254,-0.016112699358943647,0.18314824990074854,-3.239968963869577e-05,0.037244188532322836,-6.150892474849477e-05,-0.0005797784543893907
-0.0001810764044157452,-0.059164091938538145,-0.044533270486316126,-0.08804053800627784,0.0001205429568577332,0.03921306412727858,0.00032840823785954546,0.00084526446265867
-0.00015162399220267075,-0.05517875591847507,0.036643797086636266,-0.09037422373352802,0.0006073885371212453,0.008966265542303184,0.0,-0.001315400803683683
0.0006901485075391634,0.03623581054195151,0.08713031905253389,-0.03254013853756735,-0.001232167887673772,-0.03574991934372966,0.0002554911332370291,0.000922434017776168
0.0023212712453191723,-0.050859793599286815,-0.04850298008402341,-0.0433407179554114,-0.00022016560418751139,0.011300617730636462,-0.00020613817172318583,0.0005872752403219433
-0.0017314614161970442,0.024614077250029526,-0.09534340878003017,-0.05133660526811209,0.00032555625715284303,0.03626303535934922,0.00027109755100437893,0.0015026977574304266
0.001726454727157853,-0.09168514543659506,0.03108152661451729,-0.05813867752378307,0.00014826746753446307,0.00016310657635076366,0.0005923502678274988,0.0009145756228397313
0.0014284983680174297,-0.006125593877313441,0.06211833657153103,-0.07271771672122176,-0.0005638982783480888,-0.03845699736843316,0.0004326147934437946,-0.0006970608646961848
-0.00024777797138714197,-0.07877125444097371,-0.005355385568402068,-0.05678725500200153,0.0,-0.0065082228488164825,-0.00026268770804707133,-0.0012237765473669525
0.000589453920271802,-0.03903837710435262,0.12695740054622948,-0.0018397676542221285,-0.0013077168442652625,-0.02011664263797498,0.00015552063707226227,-0.000629825689650302
0.0031013690501105725,0.08568877365023761,-0.08264778370876527,0.06458328685356429,-0.0003048431106069909,-0.052537748214802525,-0.00017479490166368494,-6.682421662719887e-05
-0.00045719373883650115,0.08912468012818082,0.01817614937403945,0.11524366931709941,-0.00027212007988564046,0.0580407570826103,0.0003521615177234454,0.00021680415182941904
-0.0027865713688100093,0.06980095724299973,-0.0706685165032628,0.03144859254388381,-0.00046955460286507433,0.03470707823056894,0.0,-0.0009110160743417965
-0.0005258019735693764,0.08524521952251783,-0.02573221282720077,-0.0979214775171149,-7.529245497677004e-05,0.0312841915697089,0.00015870080150787475,0.0004031031899452385
-0.001779480822099442,-0.017221260548324374,0.11146982445833747,-0.052393023963482506,-0.0005225566451981506,-0.02533753005108642,-0.0003210471066504658,-0.00028201144436408067
-0.0018831882660384415,-0.014993632498460462,0.11248499920264407,-0.08656099859522426,-0.0006759708208218334,0.02695402626559482,0.0004035392637452423,-0.000918258595204168
0.0008203215888706239,-0.004407867157361204,-0.01436285053922521,-0.042358807507746954,-0.0006558916035205031,-0.017068725591571413,0.0003119677617860056,-0.0010613563165323813
0.0003108420242997759,0.02111802636520466,-0.03018274798816213,-0.04539232306028946,0.0007635591132563755,-0.034636324578815096,0.00017241237462987946,0.0005340803713779343
0.0002437650078136854,0.03967131026065153,-0.03635954097611649,-0.08439020519678937,-0.000325277188591073,0.012241535610882072,-0.0008462725315377344,-4.081565947154642e-05
-0.0018767072262727109,-0.05576174565572579,-0.036237629311878454,-0.01289939776262875,0.00038349519509064955,0.013052961897594417,0.0,0.001150706039102009
-0.0004758617166254475,0.07017432259345138,0.08111349072326414,0.1669322761512274,0.001183066957754288,0.04808744560327397,0.00022660044050435788,0.00040334725545976155
-0.0010836157742554543,0.0008930433669862471,-0.08351018409560952,0.012682895630850784,-0.0004042436278471201,-0.02164201511077288,0.0,-0.00040961584355130666
0.0006349350863089573,0.05779463439938487,0.0669640657759644,0.0995362594042183,-0.0005028335371609891,-0.04316151934006365,-0.00020831647209659798,-0.0005925672205429875
-0.0007666082859873047,0.05134775170060533,0.06601432298336257,-0.010466641067954299,-0.0007193183349097258,-0.023541069702011776,-0.0001242146177465195,0.0001400999022997118
-0.0014437244794989186,0.012730372208096813,0.038963818716177,0.01969806527765064,-0.00027416408889952004,0.006349940971373758,0.0002082856291409757,0.00021829107326062507
-0.0017628832175285564,0.05050218277284891,0.14282177995269157,-0.013965215062633879,-0.0007154439619201031,-0.021773526019977493,0.00013959054263951165,-0.001155198570489205
-0.00046328924105896855,0.09115302184419116,-0.052163393731425804,-0.0014895463141489532,-0.0003701869601078998,-0.025956564123241533,-0.0005150366002420534,0.0004769730093229351
-0.0020972614669793766,-0.0822059759379881,0.04742295840354093,0.12259336797944151,-0.0009187090803117325,-0.043454833238918224,0.0005022439596751097,0.0009192008773264977
0.0010961998288960162,-0.08037818438993106,-0.05804001786445015,7.466132986319596e-05,0.0006039024686311964,-0.03686930836666148,0.00013720189183034833,0.00046427278546144535
-0.002166165143408546,0.0721328999557199,-0.09788384399489888,0.17101327832155264,-0.0004938133243821651,-0.020349671219583264,0.0002057834210157511,0.0009122377351273223
0.001837595265341594,0.05587843818298557,0.07004240730294849,-0.058320722972602726,0.000878511990294391,0.006938190058712689,0.0,-0.0004860764803763934
-0.0009130006840650044,0.009934829563492533,-0.0967524218410151,-0.08272514528330203,8.933528211688135e-05,0.0146261845875439,0.00027945845464796056,-0.001253427604773651
0.001801833795921286,-0.07159452793232902,0.03228706033749425,0.13577218585752476,0.00021431881675913143,-0.04905422019618196,0.0,9.603053691582125e-05
-0.0014313114032878868,0.10413197065808685,0.09470812220792864,-0.055147741370820284,0.0005821309179100905,0.0011856671476483424,0.0005403599550081739,-0.0009509899530078085
-0.0004953907510005361,-0.008739938692033093,0.10514951493330113,-0.04308492100705184,-0.0011127040021832902,0.03189652587001963,0.0004939448248331979,-0.0006524441178846781
-0.0007033466696336878,-0.061288194291264586,0.09008087231979105,0.16168131073936634,-0.0003073789491893353,0.03183814692371782,0.0,-0.0005209456402311015
-0.0025353050500864934,-0.06474363955633658,-0.09249855646390057,0.09468883352187187,0.0003100041876185136,0.013389782980330488,0.0003837250695287424,0.0012092865091274177
-0.000931575850101394,-0.017496273272854825,0.1190459611918433,-0.05344339609863107,0.00044622972863972465,0.02184431138401618,-8.47427121833666e-05,-0.0004217822956044948
0.001372623585792107,0.09929582803912473,0.03492653673079285,-0.0636659228098221,-0.00044646878261471457,-0.015067298572548892,-0.00044761800501675914,-0.00046313474549367783
-0.0013532614218714854,0.003230584585824862,-0.02372425458764286,-0.0029596614412669645,0.0005772811468533688,-0.036430329244014036,-0.0001512326004904363,0.0008886508829764568
-0.0024193579280376598,-0.009530919335507801,-0.09183564831789236,0.12129479193637359,-0.0006729589820402052,-0.06446188810291047,0.0,0.0006800451451765069
0.0013438907857334173,-0.04743274087080368,-0.05196604648822459,-0.0465007926215561,-0.00021595573629475028,-0.013053241683063382,0.00016985175848049927,-0.0001920397110130548
0.0014644774049229804,0.08084920645655475,0.13939026065671262,-0.04696676444526396,0.0004440399293147905,0.003851623106687848,-0.0004479227732739066,-0.0008984496284393385
-0.0026002452747115163,-0.03563627610450944,0.007123942295866234,0.02973671538188957,0.0007060628013655782,0.04632070716921911,0.0,-0.0005488871724253289
-0.0016884717402955714,-0.02470484058251615,-0.016252322056591748,-0.026205037322409568,0.00015515095249706012,-0.006616673465343683,-0.0005178886577484694,0.0015116667878285763
-0.00031646045010710373,-0.030364365545097118,0.04717034782889183,-0.051000849035412375,-0.0007819914221367913,0.025960790488072875,4.1053080326399274e-05,0.0005055232926751018
0.0013544821541681324,0.007374247093093153,0.04802504292345584,-0.011252011531794257,-0.0012082658790948996,-0.03854849824946563,0.0005128182692568737,0.0010174806347423436
-0.0007948587026130432,0.09086228144596523,-0.009494348833484054,0.16208938057322458,0.0004503508481394351,0.00780214475305777,5.651518551214041e-05,-0.0001580069702766523
-0.0016406337185737654,0.09803774413015821,0.14555104750605002,-0.04179535462027997,0.0007859998995501659,-0.0025504694205737244,0.00036662941748565834,0.00020351809571103607
-0.0011531307285343277,0.042732003390791896,0.1310623296621848,-0.017395992282404907,-0.000710273839100774,0.03686892666623794,-0.00013251600365243865,0.0006139051125352723
0.0008609119338651181,-0.03470321515185598,0.07676661903872756,-0.06989769515039825,0.0011637757625633676,-0.005241267927303077,-0.00038368211134075236,-0.0004585955606712706
-0.0007037192161552733,0.027482580607209733,0.07837769484755606,-0.033109284758313776,-0.0001231650586189445,-0.018808116587513128,-0.00026593053923698525,0.0011489175394182654
0.0003974543202346012,-0.09158010455466109,0.039628602303988576,0.0751683751710432,-0.0005736499681819264,0.019138188389890447,0.0,-0.000654653219973866
-0.0010358209365894473,-0.10039598321308403,0.06623924022592097,0.1699515553483608,-0.0015085921832115076,-0.004459148060932009,0.00010069106510104953,0.000542961819660464
0.0009603609261525188,0.03309812018604954,0.12501095358116474,0.048118969342411416,0.00018104507705478504,-0.003467256758263919,-7.68951060245715e-05,-0.0006440279101096817
