Current density (A/cm2),Voltage (V),Faradaic efficiency,CO conversion,Crossover rate,Capture energy (MJ/kgCO2),Electricity price (USD/kWh),Membrane cost (USD/m2)
-5.354129204027808e-05,-0.03939660566610758,0.05669526556016662,-0.09098978656218884,-0.0003361011333640723,0.03883641853650125,0.0,0.0
-4.1417741204474235e-05,0.060764257131083896,-0.005058882185801195,-0.07053444426124925,-0.00023309900704931768,-0.02585132253001681,9.02304401521406e-05,-5.4622529012335693e-05
0.0,0.0925993197412937,-0.0622580209768431,-0.027028769833981937,0.00011227412819458685,-0.0026372531041734394,8.04863738921288e-05,0.0
0.0006098122193970644,-0.0510237414800939,-0.05702754827705889,0.015067237218641163,0.0,-0.04438449530316212,-9.163009369178576e-05,-0.0001439965726427649
-3.270930073503986e-05,0.01639895620964288,-0.0531550029852794,-0.07259036257932507,-7.850063001145269e-05,-0.010829154364788332,-4.2890632761550355e-05,-4.83047467530664e-05
0.0006546484005195367,0.02155223699329172,-0.006922942791866071,0.10495192854080018,0.0005953042328804089,0.0524419657347187,4.897018856492226e-05,-6.995670977597013e-05
8.540329863625014e-05,-0.08734651844716733,0.039076493541441354,-0.014206712973405729,0.00021465206112347292,-0.03502571643824839,6.0780298521204146e-05,0.0
0.0005668736373579383,0.055652351627793716,-0.060225115658971096,0.14188821833115534,-0.0002963375626709174,-0.053887189867199696,-3.6696271339078934e-05,-0.0005297484755510542
-0.00019372035468053823,-0.032717814925373,-0.07821348279436507,-0.06347703336844633,0.00014151173724355481,-0.024482164696481012,-0.00014192416892682138,-0.00013680991831271268
-0.0004336419608611727,0.0012453789039076721,-0.08909212053734539,-0.0546547186618569,0.00018605432610484208,0.037614182702847505,6.150651794022133e-05,0.0
9.894836220690484e-05,-0.00573042681663368,-0.023256745880773984,-0.033062193609452346,0.00021440815955591955,-0.024395253349468925,-5.6903354710993224e-05,-0.0003183274727083627
-8.841454034430996e-05,0.07406984581070859,-0.054295023554883234,0.04735292252654453,0.0007583470806947103,0.05339272890161321,-3.93689532343644e-05,-0.00025209047864829364
0.0,0.06300370125215606,0.10886540123761974,-0.05079232434494514,-0.00012614392856741263,-0.02194624884078981,0.00013617763547554834,0.0
0.0008499589561414634,-0.0689829188383452,0.12016281119692054,0.06277377146335876,4.44167823507452e-05,-0.053309874746023854,0.0,0.0
0.0003191018510065518,-0.04630167980023263,-0.08045073500695626,0.007098497232383281,0.00021073333616001503,-0.0339621059372827,0.00022861345851401353,-6.780031425157595e-05
-0.00024420414761199276,0.08164541254111508,0.04414288725168367,0.0012635736110153649,0.0,0.018692834990625594,5.118002959203505e-05,0.00022791734119806872
-0.0004782052405832528,-0.07898730139163347,-0.061362818274838214,0.015294195108009423,-0.0004178455702306704,-0.04123477619123457,0.0,0.00044029996008210226
0.00013422805377299272,0.017870043312788252,-0.01354992790968423,-0.05601017042314682,0.0002758440055933199,0.0011246418442971042,7.511901317609065e-05,0.0
8.140914448742298e-05,0.0897203537186222,0.015348297772918133,-0.027260743498410525,-9.532304215892646e-05,-0.006497017070474773,5.559631122919469e-05,4.485703274172137e-05
-0.0007353943145885793,-0.0833379928574935,-0.004500473247284681,0.025650432068865095,-0.00032594268813991253,0.025150537390165234,0.0,0.00025466349554434387
-6.477261065832018e-05,0.05928336180390372,0.14205765308255552,-0.04774964288648571,-0.00011392868521045036,-0.016000642973535966,-0.00011892358354423843,0.0
-3.555681906156072e-05,-0.006407035579189426,-0.06478164533048468,-0.021654561693742153,0.0,0.020770656853181156,0.00022113728764034985,-0.0004181730614966734
0.0005582450591072874,0.040085830839718756,-0.02283402507251465,0.07119075705316273,-0.0007405326662624992,-0.017470365134554515,0.0,0.0
-0.000495874246672788,-0.00822265658298973,-0.09089292633322014,0.02250046452996512,-6.98021300433449e-05,-0.043466548093315294,-0.0003052964771244754,0.0
-0.00047494293677717006,-0.0037873857049103388,-0.10122563950839575,0.10572449027827863,-0.0005580692109609492,0.07009747549364848,-5.4217421538327315e-05,0.0006957417248251564
0.00022854473753478906,0.0513730047590229,-0.03370420876505308,0.020136045828531794,-7.871891406525944e-05,-0.012084036642883576,-3.5201297129364845e-05,0.0
0.0,0.08344067921915621,-0.0922929717921116,-0.012156683323870186,-5.945316321969544e-05,0.010568864342944522,4.91384822355178e-05,-0.0003571625024735505
0.0,-0.06888677988948488,0.11851004710068457,-0.05603153763598407,-7.989652450706222e-05,0.02370546714493537,9.717204403060877e-05,0.0
0.0,-0.04967789377936341,0.023802884063740076,-0.025273913664813102,0.00011064909859760395,-0.0358866718305783,-6.287740710322488e-05,7.300752190506077e-05
0.0,-0.05737613059059676,0.12490206189044156,-0.046245196837070866,-5.267678152527655e-05,0.02968326710598341,7.351246579531357e-05,0.0
0.00020424569577037733,0.05795887102113399,0.11630112601587023,-0.003931316617464814,0.0004619823117457384,0.031382122759132686,0.0,0.00010662897405555594
-0.0004603443085188259,0.07727369216207418,-0.08784337983352593,0.026267926790334965,0.00048534034186772116,0.01839054741106751,8.060581436971498e-05,0.0006762803731805329
-0.0007232409539196892,0.03963877591775509,-0.042248698277214336,0.014330952063092796,-0.00014624148893406692,0.0008941495835780878,0.0,-0.0001716653189646091
0.0,0.03823394786790492,-0.014239454046666466,-0.037151496747341584,-9.931838534849328e-05,0.012604113845983329,0.00014356035263502406,0.0
0.0,-0.04955878026953719,0.08317771281309079,-0.07643273350753417,-0.00017232364956275314,0.013374594728105104,-8.541988211438825e-05,0.0
0.0003486421857817927,-0.004059261559318871,-0.06712171307161846,-0.07393578643371912,0.00014558153787691232,0.03272624103699232,5.194071345500373e-05,0.00015388147788496278
3.0278971752645267e-05,0.016159809679716274,0.12433300478453081,-0.014796735833035549,0.00011600367525770147,-0.014703682854553002,3.241733627324992e-05,5.5100201243555394e-05
0.0,0.09613908004813458,0.04265102807837008,-0.09004737174463467,9.574462534816691e-05,0.03972233055195933,-5.1073349551788993e-05,0.0
-0.00026604111803800446,-0.028437735851642523,-0.05573840904959801,0.05873440926694175,0.00011348385260164656,0.009442762471845246,-8.772975637210679e-05,-0.00013828303661764395
0.0004591737396105852,-0.06725469466681731,-0.01606195467932115,-0.041093110764162555,-0.00031471541698380797,-0.019279671928746807,7.759373863472363e-05,0.0
-0.0005203699447502475,-0.024641973838750046,0.055722704882243616,0.12891763961438715,-0.0002614325476569657,0.0068953393652764474,-0.0001159831272123657,0.0
0.0006595368252820332,-0.06468450615382876,-0.05468720160599149,-0.062007523126356656,0.00026575710866960645,-0.0014807155822501438,-0.00016070375768869168,0.0
0.0,0.08027877231700255,-0.08966269964670051,-0.029265057236856185,-9.515357523433819e-05,0.02437542213640153,0.0,0.00036196512720030927
0.0,-0.09164703835082927,0.038036756515613286,-0.024929583775864853,0.000406544162682902,-0.00021781045279825885,-5.715906555098238e-05,0.0
0.00014416859635767558,0.03208253542115483,-0.05586702818115538,-0.05629929144607702,-0.00021567572513960583,-5.829872480547782e-05,0.0,9.63365670667796e-05
0.0003530155734524859,-0.03572032651194397,0.048898946401818036,0.10751120720111093,0.0007436799181533124,-0.04431419149322118,4.47828414813084e-05,9.362751526053329e-05
0.0,0.0028974815812699275,0.10256757969063347,-0.009692848045261115,3.7719869880672996e-05,-0.0015660545677422394,0.00016844729798212138,0.0
-0.0007505783792903073,0.0020292795546746232,-0.09721053750405168,0.08831486869179687,0.00038455127945674254,-0.010167118443397103,-7.637429868585094e-05,-0.0003288334276269136
-4.050081377559092e-05,0.08165385725761487,-0.01011869292378836,-0.09424308367135913,-0.00028780013051283817,0.03334799639624557,-9.835303395084023e-05,0.0
-0.0004830445978175476,0.016013293908212534,0.021578847011998546,0.1393608568704284,0.0006443514481643809,0.07251589867832385,0.0,9.921572889232122e-05
-0.0001242285993573554,-0.062287683118006566,-0.029998746140639625,-0.0461191089885197,5.149000757306843e-05,0.0390777138128371,-3.355171670010846e-05,0.00035824306123263886
-3.784561860879776e-05,0.05874178521054073,-0.026906181808544545,-0.04772110189216011,0.00031294955212131755,-0.03629991953903921,-9.038476245811365e-05,0.0
0.0,0.04855815788485221,0.12944642764809358,-0.0139677077435056,-4.736187074871889e-05,-0.03720313194390234,0.0,0.0
-0.00010857521364511513,-0.0965784273381338,0.01948309536978771,-0.02309864795598663,0.0,-0.0009927362932497445,-0.0001166703664540975,0.0007032129639425519
0.0005050565106224541,0.05996087523954388,-0.11122759694694576,0.122556647679383,-7.996242612917028e-05,-0.029624275099162108,6.562011156878433e-05,-0.00023142384794537719
6.256141858769493e-05,-0.05615855152250224,-0.009696460550832106,-0.0454762674533103,-3.782966137355348e-05,-0.0010649506651793674,-0.00011842525039959146,0.000435474861406495
0.0002669903813067375,0.044157277743575356,0.13865382804756882,-0.008287956972049225,0.00044551172247150336,0.011153182138436897,0.0,0.00017936641218860294
0.0005390084812187579,0.053640327555909355,-0.10191704425377762,-0.001777443523301293,-0.00019268204015490103,-0.04188144754683776,0.00013448578236095743,-0.00012260842921248442
0.0003230817721065343,0.019210984277875983,-0.0686577925996914,-0.02000102241907903,-0.0002078266267470002,-0.035603033842556246,-0.00013938205077640938,-0.00019173691186302562
-6.91675227314265e-05,-0.007500977791666413,-0.0713142264975918,-0.0026843366517590984,-0.00017004018857475894,-0.017586612945718453,-6.411673500512916e-05,-0.00013385093682120836
0.0,0.07746634974530812,0.015473738777482303,-0.006449162253290408,3.998936833443656e-05,-0.031520768895563475,-5.7063965246042565e-05,0.0
-0.00035550889687727697,0.02483101747108155,-0.03572128378394312,-0.00947912788114402,0.0,0.05699116397309513,0.0,-0.00019754305097571118
0.0,0.06062858475540676,-0.011264216245773286,-0.07005409818156347,0.00024259519624924425,-0.014285874206360629,0.0,0.0
0.00011758026762263228,-0.03138811875582062,0.03270559759714023,-0.021551850349343756,-4.018049182374309e-05,0.018199140675715663,0.0,0.0
0.0004155635535493578,-0.06093619851093761,-0.08693543276142102,0.04690643284256046,0.0004319503964515326,-0.0476727782345074,-3.676549518377703e-05,-0.0003789577088236696
0.0,0.08870280903010899,-0.05347426605094305,-0.09779633457849694,0.00044407539005771534,0.027054910437940123,-0.00012581807810163433,-5.0709485118413666e-05
0.00018323743890899513,-0.04997484277855454,-0.08302903888701167,-0.07638434688333678,-0.000355836036146505,-0.024391023735945087,-0.00029690018568876846,0.00014253982949410937
0.00017234389118140156,0.10545837275760882,0.0773774497756614,0.11497041273117918,0.0005240315835023612,0.036107435555326556,-0.00013474741336411133,0.0
-0.0003534077367352977,-0.007353541569127453,0.025079587560946297,-0.014048520643247376,0.00044536542079357807,0.038538434547872494,6.434066311993697e-05,0.0
-0.0005403652731884765,0.009861195319657125,0.07952959538644977,0.09191315634875115,-0.0003447560583161523,0.07126005056220662,0.0001214770124616793,0.0
3.7986799013199624e-05,0.023732194593113515,0.02226274046717933,-0.07653237967432329,0.00011215667961011772,-0.02063400425171325,5.270504097179065e-05,0.00014767673888122117
-2.0143462804766976e-05,-0.055108808252363375,0.01383638215603672,-0.08359354728989009,-0.0001232428553549457,-0.009724984750400333,-3.286203703791571e-05,-6.54286236120046e-05
3.856854967213943e-05,0.0873509575091434,-0.04729501261800737,0.03557152014702656,2.7862299929608952e-05,-0.05084541647899167,0.0,0.0001439719611899749
0.0,0.0060364848084438795,0.10710505282623521,-0.0711986573547495,0.0,0.010559353350559252,-6.063337838874139e-05,0.0
0.0002458533329465001,0.08602106804192841,0.00422443198457054,0.06986311039799584,-0.00010457024832211252,0.06568496985954898,-8.094458736038201e-05,4.6619082564669344e-05
-0.00026625316549852215,0.02274540375696109,0.007661758895770288,0.15339244225068452,-0.0006978246072396218,-0.018050142762983154,0.0,-0.00012756772615055145
0.0,0.04505342580729448,0.06468810868240643,-0.03942587826423766,0.00024025280371484204,-0.020445766743447138,0.00010289083138899515,4.6316848173286185e-05
0.00025263424564906723,-0.005444270368361957,-0.0625597315131252,0.017951982235857627,0.0005170742177371402,0.05762296439324434,-0.0001106374413118328,0.0004264602942448689
0.0005345626108947095,-0.017783833433308208,-0.0446816502879452,-0.06724393885217467,0.0,-0.013568951058977333,0.00010224854742249545,0.0
0.00033753339396026924,0.006799641504560347,-0.09961302316248065,-0.05926650140600072,0.0003392412584747045,-0.017403594033657134,-0.0001095467378297299,-0.00015383484676488617
-0.00019896429175492376,-0.023049200500116468,-0.10127452880497256,0.04922444562653598,-0.0008504512301206174,-0.02159201975198588,-0.00017109506073793068,0.00022045739770219785
4.944447167280763e-05,-0.005673807460771535,0.11529570162261941,-0.01794326869653315,-7.220346647230811e-05,-0.017313687976787336,-4.0557196889524715e-05,9.853791757620814e-05
0.0002704090399536134,0.051789392905940736,-0.09840496078084505,0.18305062862485627,0.0004991972626148427,0.05344970485948167,0.0,-0.000542149032351863
-0.0004977579080921345,-0.07854008598788685,0.05240704365630128,0.005326584129476656,-0.00018551510435498242,0.016375734577940365,-0.00011242964002221561,0.0
-0.0005887877933500799,0.05191207509743434,0.06130995986201928,0.01811517556180024,-0.00024439073983054116,0.0003576311943924015,0.0,0.00018398363369319552
0.0004890994603456492,-0.04946844034007603,-0.07907107661199342,-0.07646857717825624,0.0,-0.010058004557063438,0.00017501702006494924,-0.00018782307026763483
8.207147982936035e-05,-0.011706406592834506,0.058730971212835215,0.1454179370088515,-0.0009675745944619134,-0.02486144109406059,5.2674501623189984e-05,6.699372876407062e-05
-0.00010591650752871626,0.03185189610286503,-0.04574551191655212,-0.05946236598601557,-9.206610321070769e-05,0.01082655244482924,8.384996449343304e-05,-4.3760467154277394e-05
-0.0004675278779223773,0.05691170221273696,0.1101790476237522,0.12883120937063144,0.0001917300200796005,-0.062037848114142605,-0.00015223684212258075,3.557745209939456e-05
0.0007245372951130201,-0.04780789779084623,-0.06448117606886013,-0.052260156780992176,0.00019356846009885298,-0.007825626567307736,-8.872254406587966e-05,-0.00018115203435007673
-5.959133747555134e-05,0.08142804856593731,-0.02750957892605956,-0.051272472361326205,0.00036599776824701766,-0.03831697699003002,-0.00010311852835883169,5.043245166280741e-05
0.00015412650802966882,0.04895229525127989,-0.10501929535184568,-0.08123635119119656,-0.00022440889153859306,-0.016109628175436895,0.00012784140550460164,6.179707286946279e-05
0.0,-0.09787201448028325,0.12425184678989894,-0.051683392890038427,-0.00019784173015846148,0.009894216540302262,-7.900298752753755e-05,-2.918975803728116e-05
0.0006867997053349945,-0.006254604592823063,-0.08421618958027198,-0.044229657422341584,0.0001624475943734771,-0.028468560029616088,0.0,0.00016443954821209898
0.00018500124056258782,-0.06808827416594232,-0.0662246381117891,-0.0652448655582407,-0.0002299880334133653,-0.02519082208229024,-0.00021043337094703312,0.00020031728393613536
-0.00042949276655008064,0.06487351068026478,0.007085938956965133,0.02193320526625377,-0.0004689382360626184,0.013883097409164054,-5.254298073262276e-05,0.0
0.0003045641421323148,0.07184189192199653,-0.10651291796197417,-0.07732085890331257,-0.0001589881674413271,0.023055474152595318,-0.00010719365833515546,0.00010018629330862949
-9.586310213863247e-05,-0.014227053017805767,-0.09832199010397354,-0.0009291571026287864,-0.0005545787793681058,0.04477216875166142,0.00024315111495947875,-0.00015408596631419686
0.0006340187160722293,-0.036847625103790575,0.038502427330527625,0.047229146265296666,-0.0005510018694361318,0.057597657848854594,-0.00014834532406522716,0.0
8.222240680327147e-05,-0.021754374016088998,0.050891081570556336,-0.009523161016239937,0.00012050469915257272,-0.03741429854573175,-0.00010245545700980858,0.0
-0.00027725790401465013,-0.07392617597766517,-0.027688436689911874,-0.0474452742964032,0.00032284096826398767,0.030911762905250523,0.0,0.00041946452155988673
7.9369823742877e-05,-0.09978426436348124,0.07957893578103763,-0.035572924249438094,0.0,0.0409503719427183,-0.0001569781829572224,0.0
5.073298348187705e-05,0.03584672136881999,0.07318677520439992,-0.0007884277858307729,-6.430814088946811e-05,-0.04299793812757042,-7.005083790555312e-05,0.0
0.0,0.021726769458860467,0.09869927838139275,-0.01044267149183171,5.468105580300198e-05,-0.02110457783268628,5.5345081180564725e-05,0.0
-0.0003101554887800667,-0.058376882733653004,0.12808738660108426,0.04880741349379633,0.00042940113798399076,0.06632577042999896,0.00010410260922411041,0.0
0.0,-0.028293231912806267,-0.09107370662824166,-0.06516915767572193,0.0,-0.025717669896936718,-0.00021303290298024954,-0.00010737276220909586
0.000146121158403692,-0.04459977265704926,-0.08210868070593942,-0.01857175716594084,-0.00017734125702619473,0.023865642948912878,-0.0003453498282989446,-0.0001855950064980232
-0.0005950622014791195,-0.04730324634175462,-0.060384321291515566,0.16306678223695836,-0.0005286195286142601,-0.03119734459111743,0.00014678734009979794,-8.425726322291389e-05
7.058763217205472e-05,0.017835387317667706,-0.024476210149017553,-0.03718600557514368,0.00032513632624358874,-0.00829431662768688,0.0,-5.9733876574284044e-05
-0.00032373091476979837,0.09317665562620765,-0.0350600839939537,0.13120826893245444,0.0006672871748619878,0.070561820710817,-5.7828984046270904e-05,-0.00015367135533240104
0.0003464823823981334,0.05194786507830702,0.1418839883714465,0.10890830927413561,-0.0009965295414396946,0.0637582100006929,0.0,0.0
6.605207474448474e-05,-0.10263994822568727,0.08967190300030625,0.005155928207946351,0.0,-0.03182672341199284,7.912339648036583e-05,5.98222448876945e-05
5.211622813399222e-05,-0.016974004668962896,0.07439186974952225,-0.08751262382328462,0.0003017953334565777,0.018507947364542678,0.00010940109987582302,0.0
6.259905849455444e-05,-0.05963435713312213,0.12060785814955478,-0.043465273816568256,-3.387571371499948e-05,0.026501589376065934,-7.947742887068315e-05,-6.508994260620324e-05
-0.00018778329583286728,0.061790334909997933,-0.08510889811222716,0.0018940946040435875,0.0005538372749769197,0.012725287812517895,0.0,0.00022983823978144077
0.0006498874308231279,0.024934155007706696,-0.0426349378492341,0.1457921337047278,7.541924889080398e-05,-0.06321961584881898,0.0,-0.00030420017267211263
8.402453354306075e-05,-0.07753385752021198,-0.03399635242081266,0.0014584598060093414,0.0001814717404098453,-0.024726092678536194,-3.687246810349376e-05,-0.00033194901435945433
-0.000414932726513052,-0.045535088259914994,-0.018456463528565573,0.17031376355588806,0.00042894352554419236,0.04043944964958596,0.0,-0.00016242320290560386
-0.0006830295978640131,0.019475184054243613,-0.07716748872069554,0.038407453184664306,-4.980805401018709e-05,-0.005480492622458913,0.0,0.0005264911494026798
0.000387713793847443,0.06459086402184994,-0.09063735712775295,0.17769297088929964,0.0003968165308320897,0.013434209370598024,8.27435775614116e-05,0.00026980587500087495
0.0,0.04022244123914587,-0.10033693266777846,0.10126956831421488,0.00024238675335154595,0.008466153218799274,0.0,0.00017003881959609668
0.0002179592108657989,0.058468077783920616,-0.06797197251856242,-0.07077331229746059,0.0001823896922184359,-0.03629062509786013,-0.00013200755100382933,0.0
5.179653923755023e-05,-0.02414667469180059,-0.002944786859934028,-0.08062750127572045,-0.00016765877013653422,0.04245290098166447,0.0,5.908295965990631e-05
0.00038662695553676185,0.10437234314532408,0.14001401822170673,0.1629953117519757,0.00047815005242696776,0.03820945187984635,0.0,0.0
-0.0009776920349701932,-0.0918983331053038,-0.03819644938357694,0.14897924333101167,-0.00023413512886405545,0.03353136705922771,-2.308974864802943e-05,-0.0003895267778717601
0.00022155581921059426,-0.026895083027283793,-0.06885260671960378,-0.05952320751242072,0.0001283114213696678,0.0020165099334099263,-0.00010246943963139953,7.804839123395912e-05
0.0001510265027222344,-0.0012620732707802522,0.13621989647522037,0.026430788516531946,-0.0002991973190653754,0.04271492292315432,5.618113690489257e-05,0.0
0.0,-0.055239353434896526,0.11105078502853288,-0.04864068279605628,-0.00021552610188772895,0.0037674068784716405,0.00011905101411207285,0.0
0.00048380204193394674,-0.09032587235374388,-0.01625596460663109,-0.05184798973999937,0.0003845116776489072,-0.0071908462855369715,-7.05103150820674e-05,-0.00020970299333341894
6.0612983523731385e-05,0.015789559246066672,-0.052081226072350814,-0.08632756424534499,0.00022871904275309824,0.02503739983614978,0.00011887473962015345,4.532477706009619e-05
-0.00030766918944526373,-0.07717875739057661,0.017829745222865616,0.14688036814276204,0.00011137102446446272,0.01936163072572872,3.757965012736453e-05,-0.00039149166725369473
-0.0002860833045196365,-0.07340776090801546,0.08151011357644522,0.003771702329550961,-0.0007914024926367477,0.03670595886627702,5.589736897378128e-05,0.0
0.0,-0.05197309137499499,0.03466661104294876,0.016898922000224203,-8.85137598512567e-05,-0.031083642621753955,-0.00016467981320482993,0.0
0.0005330241080278616,-0.02239542505279458,-0.05511902022381371,-0.044739125899234254,-0.00019216911334400663,-0.030738714625472115,0.00015623538835862028,-3.448477282572138e-05
-0.0003670715812161615,-0.06229063434957691,0.011251179017590285,0.05310725997205438,0.00022029389519858875,0.024682464591294886,0.0,-0.0005368694027845685
5.5351103551037895e-05,0.06387253938032134,0.05497896150947322,-0.04450795510244955,-0.00023410014337960937,-0.03241243138747773,5.7125998784127154e-05,0.0
0.00026304517316313807,-0.05324849144920575,-0.08229038637143915,-0.09294790586629771,-8.057915477810429e-05,0.027328285809872226,-0.00034804849791579925,0.00013203617303062334
0.0,-0.08680230041080239,0.11562239768107935,0.01101839221245556,-0.0002620035216036227,-0.028816627204820738,-8.608855150806297e-05,0.0
0.0,-0.009859531920986517,0.016696698993999996,-0.042015050075846765,-0.00012644411490984395,-0.03589142652223285,-5.216885478472044e-05,0.0
-6.229765453519276e-05,0.010175432492214503,0.08192435453721868,-0.0025116215361221873,-9.23469540695868e-05,0.0037566322162204233,-0.00014494188773893997,0.0
0.00015308065004236533,-0.01945111810981174,0.02993274497626935,0.0989618503977228,0.0004163160933961098,-0.03705752697661506,-0.00014256635818365058,-8.797520274732296e-05
0.00034668805923210435,-0.021080253047041492,-0.0991955689882713,0.03832726210889926,-0.0006027549715019263,0.0025449777195726176,7.489510110801623e-05,-0.000223720326729303
-8.363143937432926e-05,-0.05255523841889978,0.057658389152042334,-0.08003135324059975,0.00037278894295198866,-0.019063691551780792,-0.00017845181864046771,0.0
0.0005903965092624695,-0.02497252222361333,-0.008398750692846159,0.05604074426818762,0.00019338867962141417,0.0016454526950429932,-4.573079551265652e-05,-0.0005245484833343143
0.0,0.10457089091766865,0.03170792097965709,0.01853162919611608,-0.00015654321736338132,-0.031067728366163613,5.1160109613618276e-05,0.0
0.00034100028739905854,-0.07126853887889793,-0.08585789229412355,-0.014729470351984368,0.00034227803405081203,-0.024363475659969346,0.0003645466072394282,-0.0001301015228529212
-0.0001967161271455159,-0.0861742506756357,0.11413769976086925,0.004817185423778747,0.0004076449267381684,0.046892165235431,0.0001470608820689513,0.0
-0.0008115069928162202,-0.06037626485595082,-0.05730655093172484,0.0048976096344511685,0.0008635811756876663,0.008315289207127832,0.00013909400270062378,-0.0001981471612739327
0.0,-0.08021226870678129,-0.048964289347968586,-0.02699012337486049,9.691247345613996e-05,-0.03182871667367409,0.0,-0.0001662363724280822
-0.00010285978158880438,0.0626779125375528,0.07281825736148569,-0.05206989266651022,0.0,0.04363096146508461,0.0,5.995995116453646e-05
0.0,0.0050128699642050766,-0.022012331820767787,0.001577160262993744,0.0,-0.029180649302360397,0.0,5.6817915965956534e-05
0.0,-0.04314990757280282,0.11876178653890486,-0.04648089640352389,0.00020729475196077166,-0.01762264548236087,0.0,0.0
0.0005448378786082219,0.017363402258554667,0.0722497439685875,0.0045350720580457455,0.0,0.03581598501062963,0.00018431129184736823,-0.0001110976142195963
-0.00040707153214382933,-0.08185306945740484,-0.0838124977203743,0.10652734482579633,-0.00035043635071174803,0.013586643101973194,-6.256376614516279e-05,-0.00040277830996648673
-0.00022489127431465295,0.013067594531040639,-0.08309896435277359,-0.08109351849717521,0.0002912652987750764,0.020513503411577694,-6.46501856621795e-05,-0.00011679803818378467
6.933406076969906e-05,0.06130310235050749,0.061933300259074855,-0.040168483813264266,0.0,-0.014923756626255284,0.00014463455356494422,0.0
0.0004600696210710903,0.03468933357547334,-0.10667058714240134,-0.05030877344632248,0.00027390108563817516,0.025668768510326737,-9.281719585135795e-05,0.0002906927175983576
-0.0012206991531678174,-0.024340246507164355,-0.0994047472234072,0.084575846977297,0.0009338181144056693,0.05659923689118094,0.00014813759633623805,5.773223982753761e-05
7.193949026193988e-05,0.02344002338334407,0.02573769144558661,-0.06072517549619721,-0.00025590177463137115,-0.026217778382366493,8.783902865786206e-05,-5.8110768073667274e-05
-0.0001384421166414331,0.00927185697698731,-0.08858671224627314,-0.0736451675276965,-0.00038181232325772607,0.008082919586916747,-8.369839022137615e-05,0.00016166446577223464
0.0,0.03933992429286234,0.02370760354237553,-0.041511775228683157,-7.921772034700028e-05,-0.034571864698848105,0.0001205688717167591,8.544053822897076e-05
-0.0006022147225594655,-0.08172072227448177,-0.07325384108344368,0.09963859444508216,-0.0006495320965309202,-0.0027856243120876712,8.017505915262901e-05,0.0003766504416734725
0.0007142433855535112,-0.026575455570688748,-0.09471187938506602,0.07910940936034014,-0.00043819502773650786,-0.028379674976963667,-0.00016542121578304314,0.0
0.0,0.08961626934653785,0.026359293241644644,-0.050245189560415765,-0.0002069136831609683,-0.010521875182393082,0.0,0.0
0.0,-0.10225495612671101,0.0948288818480856,-0.012739467477827412,0.0,-0.0021874809038105094,9.13357187068281e-05,0.0
-4.8739693971178166e-05,0.006022678681117361,0.04086514474767691,-0.03235363966497603,0.0,0.024146454604718332,-8.599579203548992e-05,0.0
-2.3662056396991926e-05,-0.05320239726610133,0.04979366311822765,-0.05974765503795867,-0.00014180582044834742,-0.018428627409472816,0.0,0.0
0.0001258894651261916,0.06565254096680005,-0.05095978348244153,-0.09202588288694075,0.0004175087595725919,0.015952100912932504,0.0003141710528101381,0.00019085842917926517
-0.00048042147989053706,0.05663246566956807,0.020168827770830563,0.03738088384292713,-0.0004326016610167738,0.0076260957989332506,0.0,0.0
-0.00010093164671037934,0.07935655791925321,-0.09319274857169044,-0.06607976077138493,-0.00024244176330042342,0.022594451470536226,8.44736585697628e-05,-8.205384005420451e-05
0.0,-0.01099374395033934,0.08320963083783661,-0.05499126615178116,0.00020525860043675264,0.009575007175334544,-7.143125064218173e-05,5.5138079785639615e-05
-0.00020860031553807644,0.011606230716020217,0.06355814139219398,0.0954209014965036,-0.00047055316168287815,-0.06452469482417825,-8.84261043596346e-05,0.0
0.00017221306127296562,0.08603950741435971,-0.07523797070985032,-0.04716593317066241,0.00011035534931594917,-0.021166625802312072,0.00011323683094706723,-8.533782130668716e-05
0.0,0.059938920844761864,0.045998450224665845,-0.01101865176142602,-8.215611336404027e-05,-0.019521714786352375,0.0001171658795758882,0.0
0.00014707112082860139,0.08488780974064734,-0.04178543156404094,-0.016043978628785694,-4.1218410549992424e-05,0.020882448127635775,-7.91564855919735e-05,0.0
5.3125124204342344e-05,0.04296161993442516,-0.06886444098282578,0.0072960904141300045,-3.826059725435991e-05,-0.007843955888538565,-5.217359433610831e-05,-0.0006915526079850579
-0.00019018191886644418,-0.04455092259675984,-0.07887455964092957,0.08733548243727185,0.0010384165091415565,0.002967181228867247,-9.021541170749214e-05,0.0003100383156077726
0.0,0.003911476162634041,0.05352943365763191,-0.032683133070044494,-0.00024308549167906978,-0.021823123448743185,9.925134982755523e-05,0.0
0.0005579849728486914,0.03171355326271983,0.027912449169595774,0.1465611161361843,0.0008956010927787328,0.01671408100563597,0.00010954944952773274,9.096680395517809e-05
-4.035710534733977e-05,0.06523783916118424,0.011389887852842123,-0.03913829923603426,-0.00016250135465598265,0.009449545170270036,0.0,0.0
0.0010881311190351329,-0.05990884123738683,-0.09780555698394788,0.06952849697583108,-0.0004912423125670783,0.009050845631802855,0.00016320930483958163,0.00034083453891044923
0.0002468275904296912,0.05459848304184479,-0.08937835610303292,-0.05170498508323125,0.00017735234981511232,-0.01985926060214661,8.613418005859463e-05,0.0
-0.0001930395134649882,-0.0040504314899166,-0.07461416212571,-0.060827944095867045,-8.443775196614744e-05,-0.023178468224165846,-0.00012479549648189994,-7.10186725024764e-05
0.0,0.00783786658545522,0.024029810598705455,-0.04800831454749893,-0.00015325515938531716,0.023466584915847792,0.00010365535276681334,0.0
0.0,-0.03453354149493063,-0.03677063063466726,-0.08841775682073354,0.00023759248164220153,0.028436332187679384,-9.911472719537073e-05,0.0
-0.00024178022729462714,0.07283916855732034,-0.11197736739961318,-0.014113394878657159,-4.8381044773636306e-05,0.004299469414949003,0.00015627960731328847,-0.00015663165866329704
0.0,0.016442235342887475,0.09142081468398396,-0.09069236522017222,-0.0003730291778509767,0.03351380432878746,0.0001323210021169155,0.0
0.00010488058442612025,-0.05947336490491378,-0.05932172401495089,-0.05393186058818859,-0.00019232364544302248,-0.023315188036088296,0.0,0.00021382388090983946
0.0,0.054024707692293485,0.08638887265343007,-0.08944205028370006,-0.000298642351516421,0.028808947083634698,9.859787515880398e-05,8.492333732254553e-05
0.00016222609959449266,0.01995892440339762,-0.05681259271683961,-0.05247137879087133,-0.00011387798818019888,0.02206139544047999,-0.00011098153387630678,8.765778095014276e-05
-0.00030334326622613616,-0.05128635882798091,-0.048998723409877584,-0.06548933110092844,-7.081662899958559e-05,0.02443374859628604,0.00010209112288483979,0.00011967081659763086
0.0006025360018919981,0.05299037183554462,-0.004899039520476602,-0.002723131071823945,0.00040712093929003157,0.05012817415813682,0.0,0.0
0.0,0.01824623330596356,0.06301399462117198,0.005599226826699389,-8.46815827083569e-05,-0.02571292373662197,0.0,0.0
0.0,-0.03261602696510389,0.10780789347953791,-0.03556038101105039,0.0002128265379857998,-0.03473027462298113,-5.582093944928642e-05,0.0
0.0,0.08084674251841371,0.06305655549985459,-0.07933442295908535,0.0,-0.0016388616788052513,-9.610371296525759e-05,9.138083495507932e-05
-0.00033413155120700435,-0.015612992882471574,-0.08321780201144129,0.015428668028423218,0.0004979341651307429,-0.010649356355697094,0.0001672659717892322,0.00037294610482802596
0.0,0.06653919644345709,0.051199064538462055,-0.0653280822535149,-0.00019641965207526808,-0.029105497024919356,-9.152794446107282e-05,0.0
-0.0009089401830031105,-0.03372537602297519,-0.07852970142127438,0.1570277853607737,0.00033464869688854963,-0.015140103746915894,0.0,0.00017710186598808922
0.0,0.09139651856232127,0.03263197232053802,-0.06694194587540347,0.00012560555557600996,-0.007082384376460548,0.0,3.359013459047766e-05
0.0,-0.025537045362972886,0.1160907505823006,0.13991551178926193,-0.0005718757369886043,-0.036062330049284844,-9.42411930404119e-05,0.0
-4.665258351614632e-05,-0.07941342368625398,0.04896909265529838,-0.07108588790103162,-0.00020338896170413312,0.01787942279581013,-0.00010382502253310653,0.0
-0.0005445252017500959,0.023055185043043307,0.11107730652353737,-0.0020594791438843657,-0.0002395899912701501,0.02563197724627767,-9.127524486407523e-05,-0.00012373194817413656
0.00012195445530163718,-0.07649214185188605,-0.004809866611628577,-0.030429403490160666,-0.0002612431599387774,-0.03788693903128983,-6.95631090834041e-05,0.0
0.0,-0.05384595201708062,0.05875626065451907,-0.026007143229813862,0.00030302778684506625,-0.020640580480372043,6.010938020668821e-05,0.0
0.0,0.01173794652972678,0.05036815041891523,-0.08545239886102586,0.00011355858085546934,0.012014051023205595,0.0,0.0
0.00043580269577387905,0.10291933035120604,-0.007961902666122496,0.09536901078956547,-0.00047621857726377605,0.04501133079697072,-6.342218737537264e-05,0.0
-0.0002583336031616001,-0.06413003782575928,-0.08119114730699135,0.1556545606870459,0.0010387836211530634,-0.04797659929344314,0.0,0.00011765260708385128
0.0,-0.0034065504779423597,0.12240468547976767,-0.059326381400783376,-8.44188479384706e-05,-0.011752069177798148,-2.7395931435629517e-05,0.0
2.860829474957422e-05,0.08649268776608846,0.1366589105071454,-0.03398655068862902,0.0,-0.02000241171459531,3.492396659058176e-05,2.607278681515668e-05
0.0005125150628758913,0.06470689821499861,-0.07433270802263808,-0.07522784079362738,0.0,-0.0054978061131756625,0.00015044644370946865,7.552895700356499e-05
-0.000458072511513745,-0.048356183733608005,-0.06569582145313249,0.11194875488321311,-0.0005991402792502405,0.050054816816176385,0.0,0.000301107642407733
0.0,0.0209865496900187,-0.004554762637483082,-0.027470813269760922,-4.591128335645206e-05,-0.030676814128273146,8.071174620081497e-05,0.0
0.0001074252267870418,-0.09971252046104809,0.059130964122181606,-0.051016991469344346,-0.0003096648695942055,-0.025738619832672137,0.0,0.0
0.0,-0.008644925708827685,0.05521605030243878,-0.08223261171824826,-0.00034618412557222436,0.03438510956135332,4.7399490107425616e-05,0.0
0.0,-0.03768403893082862,0.08345700529782928,-0.0306286932482425,0.00032068293816359117,-0.03455928230953295,0.0,0.0
-0.0007207004491078844,-0.07524833244427755,-0.07664535074199516,-0.0638234598621295,-0.0001192166183562604,-0.02727436317965501,0.0,-0.0002189497564195411
0.0002815515768251868,0.07758200720276086,0.1355670350756419,0.12885232261533294,-0.00010251290753510167,0.01906940924932951,0.0001094948316884666,0.0
0.0004961861733561415,0.06364205456727891,-0.08438336232138464,0.05269210103137747,0.0007345024636319962,0.0509233280953269,4.244989500755414e-05,0.0
0.0,0.026540831043465794,0.06140709738304015,-0.06049032924854154,-0.00010327625333475938,-0.005353490410619341,-6.161454216558129e-05,0.0
0.0,-0.03241294641807888,0.05045409388260414,-0.03284328825153362,-0.00013222504723812056,-0.009050232886533192,-2.390424043339709e-05,-3.399715805360423e-05
-0.0001257503193398044,-0.007595748332531189,-0.029021986374352046,-0.023685638407794418,0.0,-0.0334135805802848,-2.4219076594639288e-05,-0.00025603606079960977
5.985622822526904e-05,-0.011076279887310263,-0.021043516894053142,0.02548039515572538,0.00015039529588357477,-0.04568736006966391,0.00014024715486927488,0.0003110806041069663
3.461660513118423e-05,0.033049047591722176,0.12306769047787094,-0.02321855261889963,0.0,0.007423994905113055,7.729141978278342e-05,2.6973665150670234e-05
-0.0005864744880966241,-0.07979651449207148,-0.07472637150209725,0.07367882338381865,8.364715795305781e-05,0.06564154344806923,8.758583543394523e-05,0.00021887107849093593
-0.0003209713261899945,-0.018395799773132958,-0.07331173486298602,-0.0678282344235878,0.0003719895606604774,0.023791803571053018,-8.388081368770076e-05,9.174648241716543e-05
0.0,-0.04776558387074663,0.0594433947410977,-0.015775341668269296,-0.00011399810215301234,0.0005208659358454841,0.00011195489052666287,0.0
-0.00034126605082822434,0.021520873066355542,-0.05563324150415127,0.01731200164300186,0.00020283330324381404,-0.012330696960550858,-4.501330086723737e-05,0.0005486245955975296
-0.00017429606187630882,-0.015896254472165965,-0.02908550331416281,-0.050664528800001954,-0.00011615320831441738,-0.03386479791437045,-8.145079390245634e-05,-1.6643962153950476e-05
-0.0001475053973733209,-0.09467495632028369,-0.0013610653134971615,-0.04743785213355231,-0.00020814736013068796,0.02419375975936091,0.0,-0.0004882626779312851
4.480206396950681e-05,0.026100431296426467,-0.02824264262166993,-0.0594987616152292,0.0003748975980548963,-0.03557573484479526,0.0,0.00010547664924168177
0.0,0.07446982326345496,0.13141436310631083,0.09045710315588168,-0.0001838540263753475,-0.009703641965696615,-8.814571230247432e-05,-4.70900463062085e-05
0.0010310916292071283,-0.049848795745072644,-0.09199440086554528,0.06000239650867498,0.00010812767262148991,0.06246368272055384,9.647716463067127e-05,0.00023628745380849115
-0.00022699625631550369,0.030668848567995503,-0.10536686299483805,0.0701882849297714,-0.000681322842544049,0.06952500153819025,0.0,0.000758982808064771
-0.000481003988466037,-0.057855333233581836,0.07541723810013422,-0.02855883478173544,-0.0002743872736445952,0.048098896864799366,-0.00011390345915417155,-0.00017928776545603784
-0.0007028940163745366,0.0249786167385765,-0.10432112993530593,0.15501070256351474,-0.00016342546060746726,-0.04663477980055419,-4.2897867257890576e-05,0.0007962213479392446
0.0004864544973332909,-0.06600766460010084,0.06849206141573745,0.10890185596674266,-0.0008415724031473682,-0.03962491717207147,0.0001366696107066213,-5.099243315409563e-05
0.0006327511885730175,-0.009849156162558225,-0.0778473191410293,-0.05601403827933433,-0.0003417029916431082,-0.033557814955879346,-0.0001748686346336413,0.00014858525574024117
0.0004957384204728651,0.016128088771071393,-0.0692531616632355,0.057244434970874045,-0.00036923273198039025,0.013735648610895004,5.4547138395120476e-05,-6.680107282483472e-05
-0.0004487145650294982,-0.03650070483192662,-0.05098458833748783,0.09328508706655965,0.0003570515431677709,-0.038438037655849897,-9.840988068370721e-05,-0.00023111369113788097
0.0001542063826222902,0.02339257441244554,-0.07518052330899648,0.0875400959877161,0.0002703894515329825,0.059592120383398416,-6.967717233266613e-05,-0.00039004890893700714
-5.514377080845234e-05,0.032955861877019876,-0.06776093562787239,0.15509271578863842,-0.0005900737927358925,-0.044968276201119046,-0.00013482003539920065,-0.00031129033126739886
-0.00012179134400971958,0.06313350438275112,-0.07592690132339577,0.0806351566879852,0.0009269491054785459,0.006183808682671231,0.0,0.0005815265409144249
-0.0006456192548491308,-0.0736208587870709,0.008373612870140549,0.05431492966849093,-8.116457560016638e-05,0.05342455592724333,6.307457270229539e-05,0.000859325000152103
-0.00029510333950293917,-0.09044776129165613,0.010916065197267299,0.1650964079931521,-0.0009420102715850633,-0.023260942318912976,-5.2775621357741e-05,0.0005404155879360163
0.00016388267452037986,-0.08864224107419036,0.004816577380235263,-0.05113087978617872,0.00010465638015693604,-0.006565672930153841,0.0,7.101118999450207e-05
-0.0004099547294799857,-0.04368010773322421,-0.04549175379872289,-0.043810351353720134,-8.629448328443956e-05,-0.027376708330233347,-5.651276926080251e-05,0.0
9.156237645623099e-05,0.08386299604370456,-0.028562034041768974,-0.054249065573612094,6.994180670180235e-05,-0.037028457112550185,4.2234747007895146e-05,0.0
-0.0006934464343421569,-0.048811692913685374,-0.0433600963758958,0.07564059538892048,-0.0008789737371988787,0.05563007555265466,-0.00010586043874519224,-0.000286887579962187
0.0003100079020378736,0.08893073181299109,0.09713103399236607,0.15327977415379626,0.0,-0.0577872440881172,-8.960688065817735e-05,0.0
7.034373810484162e-05,0.10341537367895548,0.063710492667648,-0.0677346970213578,-0.00026416034255980533,-0.011905710224945092,-9.856041040444786e-05,0.0
0.0005767900443980847,-0.042118797279313974,0.09218779348761838,0.1153064561963448,-0.0006724808054919836,-0.06821757563519984,0.00010570656105535203,0.0
0.0,-0.012323820816937255,0.03358491137424955,0.02249509099226549,5.443612104313649e-05,-0.03212643269710057,-4.406803418038202e-05,0.0
-0.00017936966222809644,0.03580521221636984,-0.0020706199325533146,-0.06602070437786817,0.00016334071666494754,-0.03539353315682074,-0.00010993353019720354,0.00034386642495328785
-3.6901614566167695e-05,-0.01071525908093663,-0.06664612386306262,0.026198865773061384,5.5108478020071194e-05,-0.03406133496832068,0.0,0.00019548931932021954
0.0,0.09079349421687709,0.03535236019415208,0.02957906805313552,0.0,-0.055068333548558474,-9.87186645062671e-05,6.298038477340882e-05
-2.9434366498271025e-05,0.08555615761888631,-0.05021881002307515,0.05087940113240932,-5.6429343920450195e-05,-0.06304777468601988,-0.00015049454314672197,0.0
-4.647301607728966e-05,0.0014612628565919212,-0.05826904665556322,0.03163967662171559,-0.00010174328577317551,-0.053360143155314205,-6.291746758045868e-05,-3.0788762113043155e-05
-0.00027546753928293065,0.031204255778099182,-0.03759627931897027,0.1376902778554685,-0.0008812334605573949,-0.018223971338014094,-5.524399897910426e-05,-0.0003919860611444139
0.0,0.010635203153556132,-0.09891564374836864,0.005031412585720263,-0.0002152976944388594,-0.017151953406402035,-0.0003187559699175685,-4.1165507094861886e-05
-0.0002840981205396815,-0.04620595021659237,-0.05566274489373066,-0.026125290160639147,-2.9371279349293955e-05,0.027145889680525177,0.00018580306663410002,-0.00015906603707011775
-0.00026714083170384373,-0.0268340041508215,-0.07364054884528616,0.08365348983562047,0.0006722793904035215,-0.06567272238962785,0.0,-0.0003465489124035339
-0.00012713856684345068,-0.09225048205782792,0.11917378362521114,0.008689351289961298,0.00015180071227120486,-0.01155752689708558,0.0,-5.955704744577822e-05
5.1802696293415385e-05,0.07738900668319844,-0.028752738272865067,-0.053683464389261464,0.0,0.0445560459832702,0.00011072520140172011,0.0
-0.0004296756032008422,-0.08176849488614,-0.08705818096455208,-0.04741919814963152,-9.530689690799241e-05,-0.0035056185900844404,0.0003189914275138206,-0.00031555992044351875
-0.000667948909213331,-0.07136119391931114,0.017649673333329823,0.05070271275001509,-0.0007721110477011622,-0.01007855205124929,-4.669754250758579e-05,-0.0003424875621487254
-0.0003170653778212212,-0.04130652969458077,-0.03389304047578954,-0.0595988413870778,-0.00018654272809042532,-0.006594122593703912,-4.8662319483331455e-05,0.00021963431923596732
0.00014353746338429071,0.09756100537899734,0.04008647400150927,-0.01770377181876433,3.369750787514392e-05,-0.007624215933887785,0.00013874531025591898,0.0
-0.0003741240535974216,-0.030471561088470024,0.03283756423152605,0.05980359886070395,-0.0008900036250375357,0.056081470753552874,0.0,0.0
0.0009215110923176849,-0.06344500266278078,-0.05936605970091402,0.12965742718366555,0.0,-0.014277136114319652,-4.680966698107029e-05,0.0008388903685096857
0.0005765378524043153,0.03842306756077606,-0.07607584792168906,0.007135972293361875,-0.00038273146106814214,0.051983113599460694,9.476298835476779e-05,0.0001515129381114836
0.00012912788883346726,0.06803162256703213,-0.05951667633473443,-0.02545609004489813,4.7717536476958415e-05,0.023131315113021543,0.0,0.0001290497393036645
0.0,0.0825943533997363,0.05776320805645759,0.032113677175371065,-0.0001630214011490716,-0.05344750404312646,0.0,0.0
-0.00039179653077408297,-0.07491415929282534,-0.005424346310239344,-0.08079878139834505,-5.250020580173499e-05,0.010799546173151419,6.714852203809629e-05,-4.7694066562491604e-05
0.0,-0.07328946678384868,0.11093981630743692,-0.0774881272941727,-0.0002681582640847465,0.03418817381916831,-5.0381017575143114e-05,0.0
-0.0007148583017209592,-0.02653304052821163,-0.03224144968837011,0.10334817661418406,-0.0003724917746326655,-0.019248471793151357,-0.00011563817573027185,-0.0006303763345870924
-5.191146680762204e-05,0.07611571131542863,0.017079605364217616,-0.012482038646390078,6.637920494673983e-05,-0.027919528305753095,7.338202110018425e-05,0.0
0.0,0.02861336689620145,-0.0597537928454798,-0.04348758233681754,0.0,0.03267842471579204,5.947030530955438e-05,-8.450640116649062e-05
6.0000666541426384e-05,0.06077499400781427,0.06401342214210731,0.0029273296004359837,0.00020251703550282452,-0.029360667946160324,-7.568899715637567e-05,0.0
-0.00038049231885436074,0.08437753458375868,-0.09105204142883697,0.07106161683014425,-0.0007498756496452088,-0.05776483040767362,5.344938538779254e-05,0.000680015054293409
0.0004484450329307235,0.09095149137019651,-0.09060224255931372,0.11858144758664198,-0.0005925389055741748,0.04235846205444925,0.0,0.0008801495799810819
-3.692682733303684e-05,-0.080427347355145,-0.023371039409066752,-0.02263928319840033,-2.664286104058323e-05,-0.003711198783232649,7.122944401685705e-05,-0.00013911496585789466
0.00021863772154107948,0.054072429989987576,-0.1042882668826497,-0.007214616743712252,0.00025101181227268703,-0.03976711226381656,0.0,0.00020120188172123576
0.00015524834965553042,0.07254363466164718,-0.03309376685540108,-0.02412827063352232,0.0,0.034676492153936145,0.00022454418975094998,0.0
0.0004155498491984763,0.022172419290201393,-0.09300867914596077,-0.03641931101211247,-0.0003174001897044714,-0.006935932015524649,-0.00015342293708403565,-0.00024170181286711607
7.473514223030331e-05,-0.05238655424803594,-0.04913802494885647,-0.017961797959359253,-7.596706116618518e-05,-0.029507997495041675,-0.0001239446021203536,-0.00032566185234922856
0.0003717398218032464,-0.031599056968747014,-0.053374626393326824,-0.0679327449084673,-0.00017722267927476346,-0.02464069554000064,-0.0002805585597518489,0.0
-0.0009417879437423303,-0.00829523138515142,-0.061424893910420365,0.0909900398414766,0.0008825656033405886,-0.018063761338911338,-3.2177676336104296e-05,-0.0007531901816355212
0.0001239815759861429,0.038002933538152504,-0.031491191405727675,-0.07741668371852123,0.00036456477756219025,-0.010730057428076523,-0.00031863538622284516,0.00013485603332179854
0.0,0.010603920850707238,0.0750124868860724,-0.0887702192692135,0.00011061722084382036,0.012337408982032576,5.5256626161922714e-05,0.0
6.164609878604592e-05,0.02740455263512999,0.06241856634565988,-0.041455948493875586,-0.00010140018562230043,0.015397826702742675,3.2544362601999444e-05,0.0
-0.000145136390958589,0.08960320173254407,-0.0663709844385183,-0.07172604074337299,-0.0004056386324638148,-0.034938944279406636,-0.00030371237705367526,-0.00027600769984334987
-0.000549699170917885,0.06686536681614108,-0.08368010208505128,0.11314319643986284,0.0008956984362379547,0.03970159367319432,-0.00011284217188198276,0.000963118043227464
0.0,-0.10102791177308688,0.1258338581589356,-0.01868296444465111,-0.00011989796511662623,0.011258197062649045,-0.00010078269912838084,0.0
-2.481082803466872e-05,-0.0798187733646094,0.05031992858869976,-0.023829506259142246,-0.00015804471747801055,-0.006283579924197909,-0.00010648653069009602,0.0
-0.00010417232632142669,0.08123690374464866,-0.07952929970961772,0.050292703135997464,0.0,-0.060371548340565157,-3.8774376986780434e-05,-0.0003161249636218316
0.0,0.011426923659454594,0.0670221790468834,-0.03329603000925383,0.00015097855748702105,-0.029607038725657106,0.0,3.1779109826223645e-05
-0.00036568977568268767,0.012238240147632974,0.03737834000021626,0.14223782450822303,0.00048326689811180746,0.04801757629070601,-0.0001187829791840204,2.8257488665334174e-05
0.00043727251875714607,0.0477731873106811,-0.08613137389799605,-0.06777838308065716,0.00019608507974000977,-0.012498197435070198,-0.00013447181891678575,-4.5370721510659684e-05
0.0,-0.05447369199832081,0.12493073283713568,-0.04453980826122917,0.00023687660067272354,-0.007281213470342811,-2.81280950164102e-05,-2.946487016663301e-05
0.0,0.08537987070526007,0.140582794618209,0.09914666674911148,-0.00011044823700139672,-0.029766610959044554,-0.000174275911936408,3.8227008473945556e-05
-5.285796846990487e-05,-0.06822943832674529,0.10542189875481517,-0.07282973508487861,-0.00021624392843613447,-0.028214831721154725,-6.031736498386623e-05,0.0
-3.673787625283094e-05,-0.03168696822436155,0.0847938071421346,-0.07982102116455067,-0.00031712483343830335,0.020226120127256903,-4.23273809339647e-05,0.0
-7.422263933555087e-05,0.04162867647760918,0.07204893780421578,-0.02539909933015,-6.481050881822215e-05,0.0028317860976872153,0.0,0.0
4.023099936328878e-05,0.023681861743626284,0.11056290652682413,-0.0075111087027253005,6.98192603296206e-05,-0.015462524573735661,0.00013956991593133837,0.0
0.0,-0.061306965898341594,-0.07097023731856517,0.016935445158589753,0.0,-0.04621871495504984,-6.26184296993737e-05,0.00012478862110902258
0.00016481469571574993,-0.027787243804584614,0.10676051946472882,0.13474159684563403,-0.00027951381893781546,0.01577482386207745,0.0,0.0
0.0,0.08797343182916006,-0.012773359633923793,0.05098069603212698,-0.00018731711835421228,-0.06147255051990839,0.0,0.0001227020446648852
0.0005835844493582594,0.01655415901082911,-0.060873620665559854,-0.07498151272813598,-3.9658998008229585e-05,-0.017124313488496076,5.17650138228531e-05,0.0
0.0007737377209219011,-0.07446615081466938,-0.05150830742444628,0.1175405112463358,0.000371529245853741,-0.057241594423282076,-4.7114875426274017e-05,0.0
0.00019206986183142438,-0.028575903913559422,-0.025900092102729193,-0.07866252777406643,0.0002716580125869088,0.0006177889377943532,0.0,4.966817449175709e-05
0.0,0.04377989383252995,0.1103175266453761,-0.08033384804479664,0.0,0.03931594088993257,-7.5388251398259e-05,0.0
-0.00010446202235362219,0.06588080233167276,-0.08066013359756964,-0.06979644015527618,0.0,0.03296531537200043,-7.347033977310958e-05,9.095238679109746e-05
0.0005627279723477876,0.001977396013370807,0.07180677882213306,0.09069072537593705,-0.0008829540049506175,-0.01596770950384904,-5.59981991458125e-05,0.0
-0.0007649237405847934,0.0026815305065868256,-0.01092528519296602,0.09042369979902058,0.0010213152096986183,-0.0012173944126506542,0.0,-0.00022205324597426856
-4.6254225788626424e-05,0.016238335763343242,-0.08629583309310611,0.029045976139769437,8.201254463317185e-05,-0.007154533446939079,0.0,0.0002903422541502613
0.0,0.08871402463170915,0.019015468656266254,-0.06121012675726538,0.00012650810783651747,-0.031972690331469766,-4.1360076835318324e-05,0.0
0.0004076868078011907,-0.022629750864178635,-0.052240597071916084,-0.01608418983428663,-0.00013028378537777423,-0.025204856816462663,-8.126796477463116e-05,-0.00028122736373037774
0.0,-0.004070538316394613,0.13206643025581566,-0.07875683215520707,9.095845107378129e-05,-0.006030117731407057,-4.042091972118438e-05,-2.96397278305785e-05
0.0,-0.04666640198309612,0.06562249268946826,-0.018318667772974827,0.00029125585314959343,-0.03114700003924101,-6.941388236484519e-05,0.0
5.554779503808242e-05,0.04357353230975776,0.013272545559864516,-0.07709593271052964,0.0,0.01315993926307448,-0.00011314811544522324,7.221388804090193e-05
0.0,-0.10214876723624876,0.052992372955698495,-0.018038270390611146,-0.00016318344950911546,-0.004206619999439497,0.0001719793289392535,0.0
0.0,-0.09384896314616754,0.10361586193301149,-0.06397902958869844,0.00024398618884000772,0.035636181603256954,0.0,0.0
0.0002637994148389577,-0.007067400564728346,-0.052714148989563045,-0.015817078736743807,-7.494381637893066e-05,-0.009455706689530085,-9.172714164689186e-05,0.00025145838838926983
0.0,0.059054169298422485,0.014370202346428407,-0.07424650544873629,0.0003748300765732031,-0.022564196660748926,0.00010464165713640046,2.9823580915445957e-05
-0.00016090033316934867,0.014036675674394147,-0.09008011592549246,-0.09098755090297966,-0.00012450573939850522,0.036899408003607304,0.00020645334912579888,-4.8918484159998776e-05
0.0,0.03225105167409615,-0.016860995372002537,-0.014957212834061769,0.0,-0.008206379187085142,-4.942379787444185e-05,-3.2112616713377354e-05
0.0,0.06271421449640617,-0.05134919673582262,-0.04155917410312412,0.00019899167580592764,-0.023943302599685072,0.0,0.0
-0.0004932279602704542,-0.04651309622461457,0.12219036416971783,0.020043339006588782,-0.00036482121497311725,0.027301136310980714,7.32196409593544e-05,0.0
-0.0002786982972418821,0.004296757152200696,-0.04955290400425924,-0.02252516669887798,0.00010170596670181983,0.04943633654331489,0.0,-0.0005897955584840939
0.0,0.050567220344464564,0.11993859326875832,-0.08998946093647861,0.00016868017057513859,0.013925429730432105,9.391006339654062e-05,0.0
7.884452255938435e-05,0.06021337706943324,0.0014032789271031674,-0.08498235697602614,0.00027221764354776776,0.006320436934747826,3.2465817502255745e-05,3.6508769414056065e-05
-0.00030517687202013345,-0.07810833311778112,-0.04169729899243356,0.05689891932211777,-0.000634199176051895,-0.02248357488892517,6.964434175450729e-05,-0.0004713198446122357
0.0,-0.02733100940044389,0.00843940465007023,-0.03651064154478304,-4.051152237502867e-05,0.02723341019680234,0.0,9.784142841282437e-05
0.0,-0.034359442906359554,-0.007710927981151076,-0.0449921775256534,-0.00020957901095493205,0.00035276348704480376,0.00014196498207390273,0.0
-0.0004805986421769289,-0.07679279346640765,-0.08290129904342917,-0.04653076016707746,-0.0003514165997565352,-0.02536963528893244,-0.00010650475942547758,-5.6469510736317785e-05
-0.00013923381260959992,-0.0524784451801557,-0.09593891345842101,-0.06808846380656401,0.0003366286127742899,0.03936225792219132,9.99516319409588e-05,0.00015366823391706351
0.0,0.07779099901320556,-0.07746873313066506,-0.04582091167070175,0.0,0.024378597181520276,4.2077862819966255e-05,0.0005023186625083834
9.059136772839038e-05,0.06361626092206768,0.05424691263063262,-0.03251037933364738,0.0,0.03605595459769287,0.0,0.0
-0.00013965082993428057,0.026181872641258062,0.0,-0.0780076656086462,-9.254449442340181e-05,-0.026354172113269125,-0.00032827752525521186,0.00012958119129978518
-0.0001975333842635792,0.08655198655829818,-0.10080277191514801,-0.041266788329988105,0.00010083161930960892,-0.01797987444259052,-5.511533481815352e-05,-3.734814646742801e-05
-0.00024666880966451454,-0.003386608238856119,0.06622502283252182,0.1513676116149513,-0.00014776095737371335,-0.016352499781986298,-7.442124725487442e-05,0.0
0.00014705057026761484,-0.011857860552006152,0.0880654214692105,-0.018364161573269547,-6.677886332485602e-05,-0.031270703974745975,-7.344616786769891e-05,0.0
-0.0001287970362225388,0.036784890924378436,0.022181774589222297,0.04472597141843372,0.0003955422224673454,0.06085390600491922,0.0001500747521739141,0.0
0.00031419655388629933,-0.01688452781132594,-0.0461416733523031,-0.07751515445816586,-0.00021051338532806924,0.009189098822756914,-0.00012051759910803862,-8.70610755834278e-05
-8.540848754410006e-05,0.09890763362867272,0.07819252845170221,-0.04798916575082463,-6.314788343911304e-05,0.024884877892145066,0.0,0.0
0.0,-0.05964878947034135,0.06493119989054846,-0.023187074395982537,0.0,-0.012959472091448402,0.0,9.563288937119996e-05
-0.00029449564604934817,-0.07500072617126083,-0.03565167410505516,-0.0392615179649526,-0.00010657023650106204,0.026778882778856324,-0.00010036104952170318,7.362644079265956e-05
0.00021996108992028418,-0.08231949585994827,-0.06645135529441411,0.0074673030375843495,-0.00020086286641998223,-0.022801767312696435,-0.00010544036479797897,-0.00020005231009346028
0.0009883841142006987,0.019734731911999707,-0.10524741045469155,0.003505805771671628,0.0,0.03676147728658624,0.00021809199303497173,3.5513786317963036e-05
-0.0005402956892936816,0.05243051445635366,0.13371402526436854,0.067440422902844,0.0004296120365935929,0.019834785750568754,-0.00011118681701899336,5.896152799590129e-05
0.0003268973017514699,-0.03679735833823433,0.026249597040035013,0.16470136449953102,-0.0005941738858217107,0.019200703413334515,0.0,0.00017092034517907084
-0.00028670795919820896,-0.0001877831429088479,0.05337473966054101,0.06690896630507209,0.0005352906702221184,0.06535562280932815,6.51384042586467e-05,0.0
-8.186728895126505e-05,0.03083165142860194,0.08239456930350549,-0.03164932823571482,-8.409244135939426e-05,0.017182276292805648,6.940329067227493e-05,0.0
9.230887057057419e-05,0.07847574163306889,-0.1107760150820961,-0.08361446522120118,0.0002281003220385777,-0.0032249198771933125,-0.000162861904179231,-4.83518925458587e-05
-0.000766515574603108,-0.0803398120394318,-0.07413254814263312,-0.07696316246861785,0.0003453077910731595,0.016587767144883605,0.0002545234655693118,0.0
0.0,0.07545389130236034,0.04076603287911787,-0.003659380825301406,0.0,-0.0055477012909557945,5.451205288627137e-05,0.00010207234123578245
-0.00017889468095591953,-0.004363175700732916,-0.09126890185350604,-0.030092774952730487,0.00021576637544848368,-0.0020499390112151774,0.0,8.943654646981214e-05
-0.0002203136194514066,0.0008385546684298558,-0.07026278796270505,-0.05430711782708761,0.0002472124654308262,0.006908038680770056,0.0,0.00030582700990252487
6.1034955484172426e-05,-0.03278559063353418,0.09997872317835611,-0.07428539124343167,-0.000407809102171571,-0.006313117137124887,0.0,0.0
0.0007925557221764472,-0.053540354888535174,-0.059079920704810676,-0.08147517237216992,-0.00036723192284976447,0.012217104910066532,0.0,0.0
-0.0004711928077809186,-0.0029492243090517246,-0.08096518425348742,-0.009920180726705944,0.00034070728599584765,-0.016273330619198736,-8.061114328322588e-05,-0.00016631251786602245
-5.830542327316113e-05,0.09222760206868552,0.038674677596086164,-0.05615631682078138,-0.00018527956141252828,0.027683361525970337,0.0,0.0
0.0005900209541566899,-0.05326993134360263,0.009556913495921847,0.12285413572014875,-0.0008374269567738947,-0.01682466038159886,3.8345786925242376e-05,7.455099336559154e-05
-1.3609549070620064e-05,-0.03666642815504522,-0.0771936482725109,-0.012151669484552997,-0.00026349022057079553,-0.019324444148722877,0.0,-9.561532891690357e-05
-0.000459489229071549,-0.03338435529654909,-0.04068636701584908,-0.0827392521628796,0.00011582524089132701,-0.011335252559950753,0.00013336773699509843,7.214664716406749e-05
0.0009667739528781391,-0.05760849033829619,-0.08891705728543337,0.1245939414111157,-0.0006884030998998738,-0.007781955356569622,0.0,-2.5545970903921578e-05
-3.971989254424872e-05,0.040148325012636946,0.05368276953209348,-0.008551471359825003,-0.00011311289536612552,-0.032158529261593134,-2.8671538600803792e-05,0.0
-0.00016753979677636144,0.062094646059599364,0.07711718558718116,0.1078138746839609,-0.00040818706485905494,-0.03501940611333869,0.00015812376338808655,0.0
8.100117550445849e-05,-0.09310954323793937,0.0487801679768082,-0.03449144782401993,0.0,0.03325437174774205,-7.644988857052198e-05,0.0
8.23816319167614e-05,-0.0014347256857612175,0.025551577919113676,-0.06543101118476577,-0.00012322826502817122,-0.008787542412183246,-6.396815239038584e-05,8.416591636819594e-05
-0.0006459597530835031,0.03513974995140732,0.03231010697425443,0.12758055923991907,-0.0007163048753479615,-0.008849054534852279,0.00014440081295128484,9.857801549117973e-05
0.0,0.07780901262941697,-0.0741754873686489,-0.013159589770151007,0.000192880302950058,0.008181851786780945,6.928006774586807e-05,8.641874172488446e-05
0.0,0.0725160822088714,-0.0632788710746666,-0.038665444148645894,-5.7898964017817633e-05,0.005617230154166077,8.743952547919504e-05,6.982403363628496e-05
-0.0005993652425434224,0.06708704361578174,0.13604199316541327,0.019369051024235213,0.00020645523663009868,-0.007934795603939443,0.0,0.000244761004294089
-0.00014714196475643343,-0.06549016556332428,-0.06640157801841994,0.1082708846221043,-0.0008961724188385171,-0.06779065795145987,-3.798294947128522e-05,-0.00023165596333720015
0.0,-0.0669496561069008,0.027641948947215403,-0.06881502108909403,0.00028929538276256726,-0.008576016201783618,-0.00023698796145466867,0.00028901369536617205
0.0,0.07423263983825003,0.14094642987787237,-0.05522160726141725,0.00022287544848946828,-0.018319029498621884,-6.989318009514855e-05,0.0
-0.00017700775523063668,0.07330721685281734,-0.09075442074013845,-0.06297696783366914,-0.00011553815685440943,0.03796589721069864,-2.7553842548613816e-05,-0.00021041831483502752
0.0004889624286368164,0.009279860767853225,0.030233405559015412,0.07250053980407499,-0.0006912392423941011,0.010396916290234167,0.0,0.0
-0.00012854628434635294,0.020312065366367628,-0.10295136243087964,-0.008671366563821134,-0.0002968795930044148,-0.0376909871209111,-0.00015022227605315284,0.0001602511970604792
-0.00013063234275062028,-0.05886586197561007,0.01564489232924234,0.01742659473703224,-0.0003625292782258473,-0.015323012663878572,0.0,0.0001011401611426821
-0.00034258162993679143,-0.02715035128242399,-0.05814050223295187,-0.08618074249699623,-0.00021495503621471267,0.027444094809249968,-0.00014413579033610013,-0.00011145444679100391
0.000713870122645511,-0.06858624971009618,0.07681140361894054,-0.017664675718354034,0.0004888345971117912,0.03594724646601093,0.00010351812778758816,-8.833209572662454e-05
0.0,-0.0718744860656653,0.029567668134132554,-0.003308117825133471,-4.817735148980595e-05,-0.01872339266149224,0.0001680036270741886,0.0
-0.00045954678025329597,0.06142679427433049,-0.10900954038056888,0.004529773981174712,0.00022504774295725003,-0.028855691244245488,-0.00012719293057322778,0.0
-5.468000593666114e-05,-0.005940553507763213,-0.06822837447986932,0.03223534640040851,0.0002489233685705609,-0.04146796845235548,-2.5009996751035324e-05,-0.00045380438101815776
8.641821352661573e-05,-0.007011902582718246,-0.08482191988840249,0.1317231173770836,-0.0008173197085501431,0.0218114013913426,-6.566182723823089e-05,0.0003770857057140593
-6.346572303421533e-05,-0.07580874184118606,0.01601372857693415,-0.030255287830722205,0.00012666155463905696,-0.012599660678976865,-0.00010841211135200335,6.102214170836118e-05
0.000525896329187274,0.008901102210448214,-0.04422104298561819,0.07084023032565415,0.0003414307490546747,-0.03817963171143478,0.00019616769881758856,0.0007285332606830663
0.0007472649601837555,0.026013853558083562,-0.036452837461486254,0.08590043562831483,0.0006856545631895227,0.014131471699358225,-6.865391372758156e-05,0.000454830118159354
-0.00011346796376770296,-0.012990175543432054,0.07382756975735974,0.11023525874844131,-0.00025977011961499346,-0.015901940690279334,-9.619471673267666e-05,7.850725920047208e-05
-0.0003175674525691668,-0.08520319426682738,-0.019965846428846985,0.022189319190754297,-0.0001977619236309693,-0.039169139759597314,0.0001027778648202693,-0.00048235740183274193
0.0004091174519338108,-0.05924633563921812,-0.09629717776738453,0.02058523166247211,0.001076958015630016,0.003657269796496252,0.0002609755127612035,-9.908690708126944e-05
0.0,-0.031850337109143964,-0.0719654848349561,-0.013636916701076609,-3.381876954815233e-05,-0.0069058641147055535,0.00018847068027012147,9.287650174260971e-05
-0.00015759705563240286,0.004008073596617837,-0.025651929099717374,-0.06554461388238204,9.177076945310336e-05,0.008281290067888246,0.0,0.0
-0.0003228725266875343,-0.02678237466065726,-0.07879950672888768,-0.0659709408530085,-0.0002615464587927148,-0.012537859611833131,0.00026235164527956933,-4.258869556150735e-05
0.0002343748395595848,-0.05952693994144104,0.07340008050990823,0.01036798436560136,0.0005620956409193942,-0.009066096298249896,7.28776066852184e-05,0.00012627491078566195
-4.8235344124201995e-05,0.030283477116603258,0.005745985250001341,-0.07261912686781018,0.0002732089448754807,-0.01412487834738485,0.0,0.0
0.00023331108794117798,-0.07604038564180858,0.09750603378156275,0.10203613197067275,-0.0005410521511201636,0.02489069005029249,-4.766211608828175e-05,0.0
0.0,-0.07406942888204525,0.0943930897495541,-0.06620168004536353,-0.00021211200677581643,0.0336835799090484,0.0,0.0
0.0,-0.07301774711630071,0.08721562962237227,-0.027734863597738416,0.0,0.01636783546086205,0.00015037776699109578,0.0
-0.0007041473690742595,-0.07658414373319024,0.004472837563644379,0.17708619002213463,0.0006205581146686293,0.036390001888858894,0.0,0.000833859750165561
-0.0004613114665347031,0.03432664534342637,0.021114055025641034,0.17362397774976526,-0.0009473372081439129,0.035471190893879685,0.0,-7.225948261185833e-05
-0.00013519996089985184,0.026812975268868583,-0.10228446460682819,-0.04172682719059543,6.223686550348162e-05,0.007514216195425075,0.00015178283888322172,0.0
4.384559613188066e-05,0.09272985807922866,0.10971253306793859,-0.06604014527615146,-0.00022448485015414527,-0.03096228119875025,0.00010733069381618492,6.27695414327511e-05
-0.0003022700824351372,-0.014000255704902948,-0.09125510061516523,-0.07373683638247404,0.0003604346925173703,0.02319637842881574,-3.291183657361252e-05,-4.1617957556809694e-05
0.00024209379155148598,-0.051736379396219216,-0.011653934124395382,-0.023955655030824315,0.00020275291588476205,-0.016360252676351394,-0.0001281071071808082,0.00036144479544202056
0.0006796480368903221,-0.007437697880899377,0.11895417218322904,0.00875635498946859,0.0005937060324288368,-0.007161099772258961,0.0,0.0
0.0006416723378845359,0.007627612298034852,0.036426228467344786,0.09738465384327916,0.00022101957360479965,0.030131050645123433,-7.402162541680912e-05,0.0
-6.207272168736594e-05,0.0807283428183183,-0.05911531192598903,-0.015184509813447433,0.0,0.012097729300199108,-0.00015286874287212787,-0.00010359812165357745
-0.00028709123305997985,0.031211297368214933,-0.0005229659090506588,0.11455235766131809,-0.0004661228024630368,0.038286799776650705,0.0,-3.7037418479435313e-05
0.00038109656036284145,-0.09054320145863287,0.006506745923405842,-0.0656383086044709,-0.00024399004666986185,-0.0057027015915324985,-6.720798833337316e-05,0.00016836545454477806
0.0006680298224701354,-0.029272838412069204,-0.03539564614246335,0.1232668293699169,0.0,0.06857955623151818,0.00017893347757008682,0.0003940880460322263
4.641199251637085e-05,0.042635243951587076,0.053082621450610094,0.007482613123153135,0.00014242871708947658,-0.014713824719919867,8.467217128258334e-05,0.0
0.0008865716600891273,-0.046460704123981955,-0.059107293157295494,0.16578473077150516,-0.0006574714717871224,0.0433617217019837,0.00011048714247727243,0.00023242469199886065
-0.0004867382846560684,-0.055812681602276176,-0.08557027914558865,0.10081844656694115,0.0006063633164569226,-0.05413265170431278,0.00016609814440700366,-0.00024133856112350753
-0.0009172852385268548,0.03946623232490552,-0.07238774442789793,0.1485977872317925,0.0009175172787704138,0.013784246590347587,0.0,0.0007357639122393033
0.00032554777700516657,-0.07021290153340572,-0.09105122785577512,0.08615061296590495,0.0007829718405512889,0.017668024822024442,-0.00013295280970485992,5.7096128491078424e-05
-8.241902047104563e-05,0.08229169033291449,-0.07230858383388805,-0.06445496547247875,-0.00014107717963598862,-0.03690320409451317,0.00015403470338086478,0.0
0.0,-0.008052387903560887,-0.001192874347427152,-0.031499785211254974,0.00036286470174645913,-0.023886580849294337,5.952178941687203e-05,0.0
0.0006251909951707837,0.008834262918576339,-0.07809297892316645,0.06102677758970464,-0.0005123323244223148,-0.03728371314439858,0.0,-0.0006319989071857585
0.0,0.05105699403779569,0.006525735308164609,-0.005997991635882106,0.0001456299759942034,-0.03471156043228272,0.0,0.0
2.634803553783205e-05,0.09480128120901554,0.054762173266268865,-0.07928427712688753,0.000233938886097905,0.02766865449069148,0.0,0.0
-0.000172930982399565,0.004672662115370993,-0.05017562659372416,0.05544547855920312,-0.0006404024718887888,-0.010413772137906455,-8.211440521917407e-05,-0.00018493834786396777
-0.0004919297303549019,0.012040466782521415,-0.08769234130528701,0.10149243643872354,0.0,-0.0313664796873078,-3.0257439392660825e-05,-0.0005246571005524952
-0.0001930562318648299,0.06509847688315508,0.05549220383504151,0.13207881831640966,0.00028292988794079344,-0.016992908907871012,0.0,0.0
0.00010185953902305377,0.03815709473124437,0.07196776602624633,-0.023164876940158247,0.0,-0.030974014221693883,-0.00010186688746228929,5.63919997088394e-05
-8.113257497083248e-05,-0.099962923029098,0.03851568840317227,-0.043494831740617836,0.0003730888030208107,-0.03295610554453463,0.00028882217023047056,0.00011821899404152136
0.00042291087197760804,-0.023507103331506265,-0.09033476726168847,0.16358496086213897,-5.886126157872776e-05,-0.020981402326123322,0.0,-6.105337812412018e-05
0.0,0.05762148235907464,0.039413185866291174,-0.05601371819297644,-0.0001609832821865903,-0.006824652914837331,4.458942831825352e-05,0.0
0.0,0.08451750952297568,-0.008869918953345376,-0.09153153291721362,-0.00015846184405265162,0.008273309376451517,-4.9540413174674856e-05,0.0
-0.00013815688851142417,0.08481821261327752,0.12433242834097513,-0.019935563326879194,0.0,-0.03277469224562419,9.85318605857266e-05,0.0
-0.00019427052136524202,0.03507043366894127,-0.05078892851431274,0.05718386337529165,-0.0005225576872264215,-0.002235304664194284,-8.701535093651874e-05,0.0001372203382994111
-0.0006759170626011751,0.031135389551327452,-0.04438893153234937,0.07474012817848837,-0.00016263598281404668,0.023071986272982584,0.000192548444498716,0.00029166068127458195
-0.0004878335774488805,0.00412059168085496,-0.07608304961299639,-0.08574013553311745,7.802147389934788e-05,0.023600541848120014,-0.00010084492445718309,-0.00012397935367238294
0.000223964355313227,0.028841997429031773,-0.046875248509010425,0.000889215308678992,0.00010787954645487144,-0.030254708050948164,8.570456699032863e-05,-0.0005192459698742781
0.00010525369261257027,-0.03447877343251328,-0.08177396321343237,0.10670910339310369,-0.0008315310967491592,-0.02802855208061664,4.332987189376025e-05,0.0004785796985966635
4.8850700155558336e-05,-0.0606671892845638,0.07854834998791889,-0.009622542146425663,-9.971095880378877e-05,-0.00665980353457715,0.0001209577370270435,0.0
-8.19973891444632e-05,0.06059535109980538,-0.050819410812714655,-0.04640571257211882,-3.3582542805858724e-05,-0.0008255889017741232,6.961762414965655e-05,-5.868460191362207e-05
-5.926595683577902e-05,-0.0509135387032492,0.09149452638012102,0.06989023518598364,-0.0009433615139756808,-0.044468497740410874,-5.628861597010981e-05,0.0
-6.43697329885673e-05,0.005885058470666842,0.12447134709582293,-0.027205442396307754,0.00013777073765089566,-0.011288170532625824,0.00010726997692298059,0.0
0.0,-0.08967042582287534,0.04317064498421795,0.0025930253858625417,-0.00024554000682804625,-0.011902614768052195,-3.595658766076398e-05,7.046221954152488e-05
0.00037595900043307896,0.04477354395238774,-0.09001497554626263,0.015703605574807895,-0.00022588966484398678,-0.0407066227381319,4.070272092250582e-05,-0.00018700486567279468
0.00018123132063857517,-0.08093665870747854,-0.07207581305184485,-0.04694295394974127,0.00042443328315130985,-0.02151231027342073,0.0,0.00047187743984887596
0.00013844878660861025,-0.04493428323474859,-0.017954209108902747,0.006671172441658611,-7.070193704614147e-05,-0.044446443695899715,0.0,0.000579203776195753
-0.00027355408962156106,-0.0813846212065974,-0.05764108887422583,-0.018912519280278223,0.0006923427274728454,0.05010057190854901,-2.266735647234175e-05,-4.238009425092135e-05
7.026336670755064e-05,0.07107641057680164,0.04481334674412226,-0.0530174270993166,-0.00010075488665078902,0.01929421737613399,0.0,0.0
-8.216336482186337e-05,0.07837323246787098,0.08657140930642952,-0.056048190615327065,-0.0001647560153217007,0.02793370782868295,-9.920429220889297e-05,0.0
0.0,0.05294806748896733,0.013238425337498175,-0.06078035083929682,-6.858683647796516e-05,0.003035565390403713,-6.463692575156728e-05,0.0
0.0003419037859227541,-0.0747686091416077,0.01584623517317166,-0.0963747012930667,-0.00021213293426899926,0.029598961450707874,0.00022171832395143442,-0.00031979396706455167
0.0,-0.035713751915211554,0.13021139072425722,-0.08624997338072123,-0.00036163942555346126,0.002348636541504259,7.265753954811129e-05,-3.5414575453255465e-05
9.276663119316131e-05,0.062143348601371,0.09491781054289243,-0.053655733355936056,0.0,-0.0010696229628052436,0.0,0.0
0.0,-0.024946940896776824,0.11983153099169953,-0.05962358253897566,-5.386303260333791e-05,0.036495594510957644,0.00012824216729888125,0.0
0.0,0.018991856152115256,0.07785061375482485,-0.0029439913251198928,0.00017500246626183394,-0.012480527159104395,0.00011858297251654548,0.0
0.0,0.07467134657506588,0.09972447681562241,-0.09784090569441878,0.0,0.039211591004222696,0.0,0.0
-4.532872986972637e-05,0.07435727533242596,-0.07845854866097736,-0.005555342879445716,6.126299263012452e-05,0.011022965676413306,-4.8471956474858345e-05,0.00014850506778916095
-8.367330816925118e-05,0.0857494852411855,-0.0589354107791322,0.058499100119991994,-0.00016615146149799638,-0.06462751075694871,-3.740136144035969e-05,-0.00025588599116478666
-0.0006384897351269685,-0.01403990566232291,0.00969656920075115,0.08877501919304089,0.0010000781445940552,0.054493502887763355,4.0387587255275026e-05,-6.949725707673074e-05
4.070475212325932e-05,0.034400942453177756,0.08219546727684711,-0.028820126268558507,0.0,0.01690908132397858,0.0,2.0160572797078835e-05
0.0,0.080095622231351,-0.01522447578965312,-0.03322977770001821,0.0002697358270566054,-0.022342988564215682,0.0,7.847501443372998e-05
-0.0005774528479721771,0.0900474068068952,-0.053172178243109304,0.05903808533129409,-0.0005210639035112575,0.05432262573501817,0.00011540136686367601,-0.00011332279392187172
-0.00021652434337514077,-0.0029720766887191053,-0.01880416120590198,0.012206899765096941,0.0005043435080061135,0.011055431385729056,0.0,-0.00013685907127100778
-4.851736854528943e-05,-0.06221571724197095,0.00307285580094862,-0.0845037114947103,0.0003043898744006147,0.020868206504240365,0.0,0.0
0.0,0.08931253841092252,0.0189061515936134,0.08018271152764607,0.00021476297748060087,0.0651081289605709,-7.718072985496427e-05,3.282579010058406e-05
-0.0002796761731194806,0.08688252400095281,0.04670887683238655,0.08919023700437258,0.0008087822601140725,-0.015462737230625242,3.2331303824926724e-05,2.4961344235852057e-05
0.0,-0.040475755896779646,0.0665441039752484,-0.07676146133784295,0.00020636348401535778,0.027598410906199754,4.9497644387493794e-05,0.0
-0.00015060044321139887,0.01540286789582764,0.1027790291680947,0.006677114821646026,-0.00019228636762634642,-0.0073600103546953765,-0.00015790504719233632,0.0
0.000713252117826633,-0.08630569621442874,-0.05249454264213664,0.1517569418357022,-0.0005286753939756444,-0.030669763327676933,-3.6152101030022255e-05,-0.0005271383687689482
0.0003146111462716456,0.03406390282710645,-0.06594775554816892,-0.06202494890411583,-4.3342433116891343e-05,-0.00948809270899942,-0.00012132661634187462,-6.389693221900455e-05
0.0003394816443170164,-0.008185364303923848,0.13415017827867998,0.10111593854985411,0.0005673698546146897,0.012886462876863578,6.625275979094125e-05,0.0
0.0,0.00042847617496668796,-0.005984744961976794,-0.0860423330055216,0.00017624510908857693,0.0033126057280542685,0.00017919770378006477,0.0003495333853634512
-2.8884942185820536e-05,-0.08681850353022154,0.06620040689105093,-0.023764764846591114,-0.00029336959994386236,0.03138780897014653,-0.0001086650199867873,-0.00013750144295893212
0.0,-0.009019270583760971,0.040508334000813634,-0.04106876294895399,-4.9380927541050603e-05,0.010222196827537822,-6.593475377547647e-05,0.0
0.0,0.018619854059952392,0.04209372385351308,-0.08230994429341738,-0.00012541477014829167,0.027034898527561736,0.0,6.580073340057592e-05
0.0,0.02145156446192252,0.05769878081832441,-0.05297030189078509,-0.0001353669350152204,0.008181845467312368,3.446496028283036e-05,0.0
0.00019117058317343378,0.020785130594642848,-0.10163676225378557,-0.009167346222460534,6.754166352060387e-05,-0.014757646885442103,-8.849864735216298e-05,0.00025664594688116804
-3.3746789080663087e-05,-0.0664886394618527,-0.032974780418435344,-0.06155649485099238,0.00045855596896521327,0.0008987427211948511,-5.665624763493326e-05,8.354499223234488e-05
0.0001499386020618859,0.052427322384345235,-0.1050483939750177,-0.0011477433205802996,-9.788705923361275e-05,-0.01858510443491856,8.182301066926578e-05,-8.485124866826909e-05
0.0,0.09295773575697583,0.00943056055606824,-0.07522657276303536,-0.0002982689261594097,-0.023366977433283583,0.00010867968060278266,-7.088291759729717e-05
0.0006214495568168675,0.027838744256053136,-0.058274121179321355,0.11595853934187768,0.0006138221891243647,0.020076620259475,0.00011078579246712184,-0.0007770892740022595
-0.00036326422970824003,0.06873287635954317,0.06786400715595399,0.01622151467957224,-0.0006739033392417683,0.05350582239230612,3.143397393914893e-05,0.0
-0.00016123309594661222,0.04036059145974944,-0.08025376332927124,-0.0707058959574888,-3.1700081714020056e-05,-0.016723068226665885,0.00012553836208856157,0.0
0.0001808856598330602,-0.04501330227497466,-0.004220760014141858,-0.049087359716686825,-6.882345889544297e-05,-0.03683371850802459,8.916406663758093e-05,7.742064915824964e-05
0.0003530226884223881,-0.04897380992334127,-0.06973002971222415,-0.05907022494368604,-0.00040744355142874875,-0.021186358907519864,-0.00025242153711305327,0.00030559229184293213
6.21385485221859e-05,0.03597063586844464,-0.04789069369751893,0.00986538427909143,0.0,-0.03227487256151589,-3.904117812668362e-05,-0.0004157379111369029
0.0003098248000669311,-0.06819688780647595,0.0009788552463488585,0.05087387501057729,0.00024813072629286043,0.06477334744248982,0.0001122380240436982,0.000640342647449024
6.06606435192865e-05,0.06332478591159418,0.05521264043310027,0.11186684169559337,-0.0001640127647847267,0.06608760367596886,0.0,0.0
0.00028985835922215006,0.08620503515111269,0.061798443853930414,0.06261832522610887,0.0003313769158189229,0.04042778773860983,3.005729511695865e-05,0.0
-0.0007027448222479267,-0.013777356176227403,-0.10109728660515155,0.16790184171559447,0.000543678253186506,-0.002297644552601333,0.0,-5.494211609126387e-05
0.00022687803281659294,0.09325878258601941,-0.021353751258629074,0.09464171047255375,6.925375058085694e-05,0.030906021067890158,0.0,-7.533700525241827e-05
-5.599552731048242e-05,0.023860116191748163,0.0953497810031155,-0.017610266998077388,3.739409682730621e-05,-0.004910321975675894,0.00012231535002350886,0.0
-4.096466164042745e-05,0.005889756399477508,0.025160911826453202,-0.07127509131320826,0.0002537604982566877,-0.014831641988957044,-0.00011661176336014667,4.576493536345246e-05
0.00013065602953473413,0.07656324364766576,0.03456047244902608,0.15762116470796061,-0.000249360840387014,-0.030464254627477233,0.0001416264768744468,0.0
0.00028069930508203166,-0.08703162295389387,-0.06715173548904035,0.1691136586798174,0.0,-0.01861292408510878,0.0,0.0002221350977931083
0.0006129249266904054,-0.0009605694001349734,-0.10332694434287623,0.092696424598364,0.00024800294494630614,0.0030833351490485036,0.00016066049590506178,0.00018849096644935274
0.0,-0.020130495160694647,0.03437292534245031,-0.0839871285546441,-0.00032377766236118394,0.034781732793278175,8.10441011460869e-05,8.54485762507817e-05
-0.0002384340181303244,-0.09227500326613275,0.016333502074405967,-0.05809705239564905,0.00036403843125951764,-0.01928385196749017,0.0,0.000187714140905626
0.0,0.021137815260278685,0.11032965348865326,0.04746994066736654,-0.000250114824319077,-0.05879296293935608,6.54500854965212e-05,0.0
0.0001573149738425686,-0.06997600588594949,-0.059256944007180436,-0.0333772769045487,-0.0002649833081342491,-0.029841892375314705,0.0,-2.981370755325563e-05
-0.00012525426060772116,0.03889230749921592,-0.008960786284644093,-0.06485667608966052,-0.0003312967076075182,-0.037256266434506316,0.000353801067740937,0.0003056797603587394
0.0,0.06865026865676757,-0.026582303608143787,-0.03498506624235379,0.0,-0.00364217524286386,0.0,0.00013537858862572479
-0.00031930242774405436,-0.016821718114131384,-0.061058737372933915,-0.014315152067086986,0.00013045345758089244,-0.03271289548576501,-4.8909674392648715e-05,-0.00019509122043659082
0.0004952333563585632,0.08929286820822636,-0.014899680852733237,0.18600059343030687,-0.0008138225777375762,0.06631180826214443,-5.5183082959320284e-05,0.00012325031814189885
0.0,-0.007938790584034293,0.008422604355640548,-0.0883354235030739,0.00047986955362304407,0.024711871927313663,0.0,0.0
-7.028728036509862e-05,0.006104921583357247,-0.05366709154224737,-0.013778599818473722,-5.155247831670637e-05,-0.007748472540104905,-8.785998203413535e-05,-2.064840418922187e-05
0.0,0.07863696747745934,0.011359249023740433,-0.0641293389591694,-0.0001473258510304671,-0.029475092761365663,-2.6503028563479043e-05,-3.274850792011722e-05
0.0,-0.015817191109696746,0.07395868207888172,-0.02152371892563293,0.0,0.022537534611580312,0.0,0.0
-0.00012777032546084347,-0.05598010583932295,0.009249213006772094,-0.05427734045301507,0.0005344398699358526,-0.025495567615245004,-8.751685630418467e-05,4.948449584080139e-05
0.0,0.06588531894270809,-0.09604477675589274,-0.055754646485605554,-0.00023018491990476088,0.00020685753892113037,-0.0001404220111306984,-3.8387789153465635e-05
0.0,0.07976247528050161,0.07256610097146962,-0.016006902034827294,5.198103459687353e-05,-0.02141969495185329,9.127800644243765e-05,0.0
-7.8373533994901e-05,-0.07907126795790026,0.020464995398619432,-0.003811878319058423,-9.56477303289286e-05,-0.008431287914300126,-2.337688020462303e-05,0.00031114969497047124
0.0,0.010684691645995363,0.028216441863137206,-0.033087459379085915,0.0003597010016056828,-0.034830670187862,5.210841512872968e-05,3.685593376064056e-05
-3.578891363835435e-05,-0.059529484860704654,0.10058774036719935,-0.056062746008864635,7.513784274893746e-05,-0.031148710674957038,0.0,0.0
0.0006862155599753714,-0.06438034708939268,0.011489396083716198,0.07257780293797512,-0.0005163491562448127,0.05036525442758165,0.0,-0.00018452639797628123
0.0005196647978412431,-0.04478732434637092,0.05352494029957924,0.13125906500850223,6.03847881388453e-05,0.026067097650014297,4.5137695843688874e-05,0.0
9.269632042341097e-05,-0.07537825063721176,-0.07903561731581939,-0.029655082583203596,0.0,0.02211753238645294,0.0002507086012562531,-7.063824184341816e-05
0.00012030500480496477,0.07841260425405426,0.04848334402942804,-0.04171283004048343,0.0,0.04540984553343782,0.00019006249649096811,3.778693012515544e-05
8.961039269783644e-05,0.060462112045253036,-0.06322208060093314,-0.03259257677495361,0.00016152219534726486,-0.037385093272350615,0.0,0.000313871356515178
0.0008236490646749233,-0.026771541767533463,-0.08832356270693166,0.060542433879035934,0.0001870720660455308,0.017991439431988915,0.00012419375324315002,0.0003688275886107803
-7.869847932087985e-05,-0.0605040978085331,-0.06663791395115404,-0.05958553150742096,-0.00017118271221024393,-0.010918870165646724,-0.00013757412906350105,0.0002634887661247254
-2.883982280112759e-05,-0.05560074784671243,0.10013909944387206,-0.05979971938438922,-3.863655918036895e-05,-0.03931092483518948,5.308757577473372e-05,0.0
6.533239231249245e-05,-0.03330722237569093,0.0927617345242831,-0.09107666399945856,-0.0002511267551638696,0.019442674436095157,0.00013742580500529565,4.531624370743628e-05
-6.56314279631146e-05,-0.04210973223262221,0.008906054066550954,-0.044289085644389596,-7.327465132702572e-05,-0.03921630281190039,0.00015338305443776679,-0.00025471527007314584
0.00038136049177979096,0.08651208489585267,0.06963113007590924,0.05245649787469312,0.0002007662648324977,0.02921722648419416,6.927364679296111e-05,0.0
-0.0003212419728320148,0.0791302850161569,0.014963965235212902,0.18604018802336109,-5.7858598875915046e-05,0.06326210187871173,-0.00010982947757936555,0.0
0.0,0.08496553838916863,0.11612584697451052,-0.06199044105647059,0.00014978280104082208,-0.03460370597129472,-4.1859343599445764e-05,0.0
0.0,0.07519009458128693,0.09926643305330837,-0.006477405330896564,-0.000125125216227151,0.037141041397003326,0.0001545460593100336,0.0003218805603419884
0.00047047467332206,0.0009715961149416245,-0.08006638224848539,0.002202493368964923,0.0,-0.026259811736566767,0.0,4.4171361490194516e-05
-5.772299111802085e-05,0.004233296046655117,0.008049865812845045,0.10851787939063222,-0.0007639064060875468,-0.03722694605566494,4.502295741684592e-05,-4.607929621179869e-05
-0.00023346912792371338,-0.08212118221895812,0.015323999153468534,0.05334100813032907,-0.0003318310701573457,-0.05647336332398654,4.048943487428014e-05,0.00029315321501710567
0.00044237393046669276,-0.03100983166881467,-0.00400207052516383,-0.0023155123937463437,-4.3537126003363735e-05,0.013159692252155783,0.0,0.00037223616836506757
0.00010907461203532088,-0.028617956004071105,0.010008344270295367,-0.07746888639085761,-4.9317673384771665e-05,0.023516778348393844,-0.0001278904991987073,6.965911921338232e-05
0.0,0.021673786161848226,0.05097344572999433,-0.07278837169038353,0.00021326834352043038,-0.01695709043897637,0.00012101550121310522,4.956022129107979e-05
0.0,0.04702668240864607,-0.058420310550071006,-0.0589085446929019,5.9007488795859466e-05,0.024477448559156824,-7.276115918325443e-05,0.00017773050133551295
0.00010062835092223723,0.03267380898364675,7.347670128583089e-05,-0.03819182035790127,0.0,0.04440658959528045,-0.0002971606403442616,0.0
0.0,0.025998937505917977,0.0902557051252988,-0.0453289241779719,0.00020768748617992422,0.01228338857694565,-5.5842966816654904e-05,0.0
-0.00016987683215134833,-0.07222336747070299,0.0073094719190733405,-0.035958938921355245,-4.316356114666964e-05,-0.031267854345636496,0.0,0.0
0.00022220664827002405,0.052089082304696416,-0.08951098070085856,-0.04906871935438179,9.82083230561398e-05,-0.016069867163534906,0.00014904507270169438,0.00017934787162480093
-0.0001525095727630127,0.02077058494031251,-0.01836630814772136,0.0019838716024540666,0.00015507770075869377,0.02562313249970916,0.0,0.0
0.0001618825931070005,-0.023483339790476284,0.09765516282738493,0.08599229126559732,-6.542335324727023e-05,0.04880505202864384,0.00012797540565753077,2.3227764128969097e-05
0.00037718116389915757,-0.06071332171417642,-0.01249732528319054,-0.09640980538047506,-0.00030965434051446057,0.030569557943178997,-9.659838076206459e-05,-5.190899962007056e-05
9.192776456310586e-05,-0.06524314928993478,0.06932011785581749,-0.06891941454055446,-0.00020153332938480605,0.004170536036403879,0.0,0.0
0.00017159166300212414,-0.01109935245423446,-0.07697496158945846,-0.03130962130035054,-0.0001310161987094744,0.04185969912970461,-0.0001777789514832017,0.00031531897734938944
0.0005236421752364211,-0.041967339248727954,-0.08070369911654234,-0.07539095987365821,8.780427950266789e-05,0.0054086550828326,0.0,0.0
0.0006615880865821895,-0.06467148004145999,-0.0596758669888645,-0.05367256827731722,0.00023330731789614076,0.027329689337108214,-0.00010797287074323925,0.0
-0.00012186058035118519,0.029505551270059893,0.013338270190716027,0.16537012573668988,-0.0007326533009054855,-0.03751262177085694,0.0,0.00022598806656183416
-5.7981540044917124e-05,0.007567104914476039,0.06719381247205886,-0.03638777813343875,-7.60419941507705e-05,0.0033823632264213433,-6.664128593519569e-05,0.0
0.0,-0.09026043935660573,-0.016108884850856046,0.06275347833767218,0.00018407672939301816,-0.031936409600889504,-4.669859873328297e-05,0.0001331932814946572
-3.290870790177496e-05,-0.03447717739255399,-0.043104896316007134,-0.0486437744428807,-4.8780532904164045e-05,-0.023639047669291004,-3.107730769338901e-05,-4.076258528198691e-05
0.00013933893104324893,0.05036370481633428,0.0668155887934476,-0.02478126716498202,-0.00011643448792388827,-0.029848128203104226,-3.40873650630652e-05,0.0
-3.7329759425476505e-05,-0.029485507312376882,0.03074733631699679,-0.059238124988728845,-4.0749728876896344e-05,0.021402767022984364,7.715100679705509e-05,0.0
0.0005588938161748771,-0.06950242029150953,-0.05000985974545306,-0.07736633414722344,0.0,-0.013917749373170361,0.0003871300505396556,-3.6945893075485126e-05
0.0,-0.04107470784055296,0.01797777107060101,-0.05271868444787493,0.0003192498355782405,-0.03141892188943824,-6.256137269813888e-05,-0.00015030514066542033
0.0002494674853553281,0.01450125086572329,0.11975469940426338,0.12996192210167556,0.0005130397924461692,0.004227049229469647,7.24679536475703e-05,0.0
-0.00024260557603512662,0.015460691439851095,-0.0850391578874377,-0.04314832016333052,0.00022637084566752482,-0.03095100939313266,-0.00010386490959910565,-8.006053413653347e-05
0.000647163753068075,-0.015325560940181152,0.026358992609475718,0.16995872990103217,0.000267103512722617,-0.009830483498548589,-4.0813364178660105e-05,-0.00018036737081729713
-0.0006323774181291299,0.07773761106555586,0.0676297250695441,0.033887807585021655,-0.0007660488717143924,0.0071878965307458145,-0.00013390435764504272,0.0
-0.00035347807211826335,-0.07867278716567642,-0.07720379300801253,0.012196078412352712,0.00025132502452687684,-0.028989998307916022,-7.818076449081501e-05,0.00019534581367183773
-0.00018059592687650459,-0.0847667112495797,0.011734105643003444,-0.06928614608681913,-3.308474839091203e-05,-0.001335780208049764,-2.643299150641715e-05,-2.152059157303765e-05
0.0,0.049211618859806905,0.135127463214187,-0.02180540310450383,7.171034716521585e-05,0.0005051454967628796,0.0,0.0
0.00020694265916744402,0.040254868343893774,-0.04880367658400104,-0.09219601443683602,0.0001741267900608354,0.03997060197594811,-7.548837868422142e-05,0.0
-0.0009493787894857211,-0.020346770629824977,-0.09980092600605742,0.09882086909831259,0.0008650604863191429,0.017761382070063333,0.0,0.0
-3.749525071417015e-05,0.04243754894301451,-0.07998792121242031,0.020867847579561092,0.0,-0.0462120697903017,-4.296498075865618e-05,-0.0005904087539776046
4.4237488939074913e-05,0.02841686311105604,0.06544244989854153,-0.08050734919217012,0.00022042392188985252,-0.0070659992012552224,5.067617008072335e-05,0.0
-0.0005010774963929312,-0.0134769072387452,0.13575669309804833,0.09784867883079014,0.0007293702540412221,0.028928557127767162,4.094568107465557e-05,0.0
0.0005928142368148955,-0.03829219932207391,-0.05350111167972142,0.026092221904401088,-0.0007597709736292051,0.06224076024748001,0.0,0.0008337718873827715
0.00034514436508851815,-0.03503395919871067,-0.0318362232015607,-0.06736522710485644,-0.00010837221784437924,-0.018466031283381888,7.100722685104977e-05,0.0
0.0,0.011662871992019812,-0.023069448827354424,-0.025535646789410213,-0.0001268457579733028,0.0037773426609285943,0.00010791425247852051,-5.1218009409374765e-05
4.485942496607748e-05,0.07547058159756388,-0.06574018406490174,-0.028678916857375343,0.0,-0.01611586121280095,0.0,0.0005023625336907845
-0.0004321620105328086,0.07914631880495052,-0.09124136856565464,-0.08002731048792157,-0.000285770765082722,-0.020583036953237672,-0.00015646841151417,-5.3062469949571867e-05
0.0,-0.018052363834413842,0.1181187353632788,-0.06838393127928043,-0.00027863427780465926,-0.0324355841887259,0.0,6.25438009470864e-05
0.00040422098101677265,-0.059279805932580136,-0.07430437255778899,-0.008330841490749714,0.00035718533025575876,0.04607393170747135,0.00010934306382545667,0.0
-0.0006221189599062737,-0.06681349626917071,0.06750421173923504,0.14254600178403143,-0.000834521936489866,-0.008563541230530469,0.0,-0.00012439654393484045
-6.939218052927354e-05,0.047860527632704854,0.09307456303228438,-0.059343580977476454,-0.00018872195347026022,0.03795710736724502,-0.00010806401831421228,0.0
0.0,0.09714830897332874,0.007364604755221103,-0.00783595420095513,-4.9806826980219876e-05,-0.011924748430369432,0.0,0.0
0.0,0.03420225591942431,0.037479076146263716,-0.02547394918917394,0.00030252194984436824,-0.03590315477429422,-8.368304674132888e-05,0.0
0.0,-0.022887439914345425,0.05642885329467836,-0.061804443137238874,-0.0002719556633542161,0.0054103518813472355,0.0,0.0
-0.0002610237074294248,0.06094467567610622,-0.09171268800156476,0.12728074515133875,0.00047283860214906705,0.011517630497316411,4.1821017834980934e-05,-0.00048605703322334055
0.0006860015210071377,0.04454550567465145,-0.10598481110936812,0.001437925145583508,-0.00011616728476124098,0.04431891795972984,0.0,0.0005351049323341524
-0.00016785697877663304,0.04081829046191072,-0.10812601945491065,-0.045243496329784014,0.00040047862193746703,0.021780387713309642,0.0,4.14537080988403e-05
-0.00014082589582603555,-0.007905587110907936,-0.08308938590668033,-0.0038101257777842516,-0.00023240578039532246,-0.01693387765431108,-0.00020330134437274925,-0.000183371305391672
0.000738393613410507,-0.06677664385651773,0.0027788849550708155,0.0955987686772134,0.0008432447473700045,0.04559278288077943,0.0,-0.0007725909360284805
0.0009380207215170744,-0.0736190349170269,-0.047568084030898634,0.14133948500075025,-0.00025388922915286897,0.05796158551686556,0.00011904537107853867,-4.127268581444188e-05
0.00027044570116292705,0.0980094576723472,0.010518820305484946,0.02071877767209593,-0.00026731001071986227,0.03908447519083418,0.0,0.0
0.0,-0.05815899802248441,0.12511123149749662,-0.09466146424001526,-0.00011449693428727262,0.03232749742372446,7.954202950696994e-05,0.0
0.0,-0.05021857061019305,0.12623912598961937,-0.07603384001002865,0.0002900003414679671,-0.024737843314084632,0.0,0.0
-0.00023517066471626162,0.04486697343211079,-0.10280115134273995,-0.056797942822892335,0.000338450503712201,-0.03610140837125401,0.0,0.0
0.0001824446431104184,0.09378079051897904,0.09746703573173118,0.0653158902997375,0.0009182189754178913,0.014520468006356268,9.29643778243399e-05,4.1944192920473355e-05
0.00047019541963503003,-0.0323964990938239,-0.09464197884228259,-0.07571385351512415,-7.334652745841219e-05,0.019384274121425436,-0.00012869131953988848,0.0001986290279285439
0.00045251246069847917,0.014804163029354752,-0.08769105565335238,0.14431155930276934,-0.0005903256057634347,-0.0022468502290358128,4.784833075513473e-05,-0.0005573866368562996
-6.40254141744435e-05,0.06758788142237182,0.03262757780860712,-0.014240857880562533,-0.00012229907258086902,-0.029615826397298383,-4.100355130231409e-05,0.0
0.0,0.07096468184293102,-0.08288195403774039,-0.019974416754551538,7.775113194554513e-05,0.0071370379483571035,-4.1227896334632835e-05,0.0
0.0,0.02592400629121808,0.07225079322691211,-0.04856811732634321,-0.00017862785028771393,-0.033877818586844625,-0.00010787116747643512,4.47731836673345e-05
0.0,0.024513391607685828,0.06826156207248127,-0.05694893253921893,0.00035575677169209427,-0.0371633772259025,4.167290320452189e-05,6.42580386086825e-05
0.0,-0.029333268079221052,0.1095461029733703,-0.03243417531793633,9.211992749169617e-05,-0.010765279729117463,-8.289560896354257e-05,-4.6087846239775405e-05
0.0,-0.07349703724719948,0.1085426353719278,-0.0542246121554856,-0.00019472181683343642,0.042773206155935994,-4.58523496222059e-05,-3.0716741988824625e-05
0.0,-0.08287788632508362,0.11317310480399637,-0.053109411885534426,0.00015745309404683003,-0.012934227443807058,-5.8804712262508496e-05,0.0
-4.0668324156362123e-05,0.001627516729099589,0.021719866875869055,-0.06532177183531977,0.0,-0.016595785904208626,0.0,0.0
-0.0004473240372489302,-0.0048278748051454635,0.05144445773069815,0.11977429361506547,0.0006500773370633868,0.001956820541976521,8.711350259166008e-05,4.598264514116268e-05
0.0005530649932857867,-0.007625688917427581,-0.05388980539044895,0.019695844183767987,-0.0001253454225648298,-0.0456790932812123,-3.4318411648900926e-05,-0.0004660061092899793
-0.000659826618899792,-0.03965015756958787,-0.09065891623406015,-0.056102180073392086,-0.0001598411276597446,-0.031346776058257496,0.00018626160400289637,0.0
0.0007642341233377191,-0.056412546750914616,-0.044037671741566496,-0.06626668057912899,-0.00015682725810394998,-0.031022021129267382,-2.567356648300323e-05,0.0
-8.210324919263878e-05,-0.08165176913772741,-0.03389807540518517,0.04673254154378142,0.00033585915540717566,-0.05662962788117387,0.0001611367199241129,-0.00049945204130476
0.0,0.015690248247390258,-0.06669014289120481,-0.08300568291853382,0.0003442235984743423,0.008071643681271437,-0.0001112021730683883,-7.714923892723768e-05
5.880350139720464e-05,-0.030754423859288952,0.13304880962322746,-0.099568245515611,-0.00014030953734903194,0.03391448202789007,-0.0001187770408846432,7.077424802442178e-05
0.0,0.04899585292684723,0.061558461185281084,-0.07465882879395176,0.0003682929126110627,-0.035761721607626605,-0.00012297388654577098,6.466995934368202e-05
0.0001339172409813294,-0.012095718587264511,-0.06231759593921245,-0.01622891732815854,0.00022591660672622088,-0.03444128356282767,0.0,-0.0003097159274203678
0.0004242452520587393,-0.0327824590371186,-0.0554473703333184,-0.05474691533946266,-0.00015446503472285914,-0.01164261443178029,-2.3222447983750616e-05,0.0001930310993782168
0.0,-0.07553630927609194,0.0864020118871335,-0.032109100363600006,0.0001462403099187909,-0.002622641630604306,0.0,0.0
-0.0005599107983855181,-0.07689034213151438,-0.08685474548615633,0.17623100940401198,-0.0003619077569082837,0.03671468899448148,-9.519796719945767e-05,-0.00042063386988197104
-3.179728890050082e-05,0.0781610181358711,-0.054206099361842945,-0.042288321104536064,-0.00029903238652106707,-0.022151171864174753,0.0,0.0
-0.00041802018393348206,0.062383980706797675,-0.10571121499645776,-0.058229086866511,0.0,-0.02006831449353263,0.00016246222559150592,0.0
-5.758282939075099e-05,-0.044014859261990835,-0.06090560859420987,0.01026403265213253,0.00021768996420177788,-0.036081567040835295,0.00012470020409685703,-0.00028078869797465216
0.0,-0.03416638531950028,0.07128514221441003,-0.013254587333497575,-0.00015290936969866378,-0.033562378587430566,-0.0001335743841029706,-3.80816021751957e-05
-0.0001120381703917734,0.0028896526617507553,-0.0784082870989972,-0.052254581336625264,-0.00035948019966868796,-0.003769406687413794,8.65637411455733e-05,0.00011885924693192609
0.0,0.03770178429239374,0.12068741415724739,-0.058122088222019336,0.00021511764223075585,0.016025160284132447,9.376632922322149e-05,4.880723121031272e-05
0.0,-0.004591305902247679,-0.08937396997552957,-0.010398224752832821,-2.1739631925338232e-05,-0.039218923617427175,0.00013138764487285776,-0.00021937497160410969
0.0,-0.011135076564532201,0.10581693838850614,-0.0064790566485894195,0.00014101319292171338,-0.031167906461118246,0.00013508922106673232,0.0
-0.0005888356898363241,0.043408687773613744,0.08649167005621182,0.12499884501082702,0.0005254440516601834,0.0569296768194717,5.476990253716618e-05,0.0
0.0,-0.07391115139191536,0.041569890074400796,-0.02179695963640678,0.00023061321747404643,-0.025384272423030742,0.00010068514287010777,0.0
0.0,0.10120193049477944,0.11039806541240117,-0.06007992444136218,0.00020128924245927065,-0.02583097827337702,-4.53389335490495e-05,0.0
0.0,0.07656042615865175,-0.043911539725328685,-0.06088029517996972,0.0,-0.02471618056895977,-0.0002493908391542776,0.00017362115093028097
0.0,-0.004269983775954314,0.08195382726099171,-0.043731106773365246,-6.038671753459332e-05,-0.02449311013079843,0.0,0.0
0.0005690187959495161,0.073271862004943,0.03687929587767782,0.11144098744991703,-8.555185013509048e-05,0.04139097962881137,0.0,2.000866106212787e-05
-0.0002558568968164814,-0.015086870329145437,-0.07615548087875026,-0.06522428217832207,0.0004251195729464132,0.025656932706567187,0.0,-0.00018106502867087926
-0.0006038374022942313,0.008659510537808406,-0.09091959669625574,0.08206827292275541,0.00015296471923254636,-0.04970551202028071,-7.858560002218379e-05,0.0
-0.0004107510674305736,-0.06658357183029757,-0.046675795518149196,-0.01745228487831704,-0.0002021684044842999,-0.009366525874843837,8.749024236898162e-05,-7.871802669756214e-05
0.0011108862009704679,-0.07772466327418223,-0.06690835393702518,0.1610697199933416,0.001030017579314734,0.033137352752378745,4.070362277489026e-05,-0.0008312287816121523
0.00024443188129161095,-0.08108322488218613,-0.060378862713965045,-0.07640842207654365,0.0004448665734247094,-0.003127498502510241,4.534878017772859e-05,0.0002704309145044479
-0.0005758069336231634,0.09398577577429612,-0.032462815569006306,0.08029693374386104,0.0006868786034897088,0.06409865937478529,-7.733606466794885e-05,0.00014744316262461045
-7.608265983270746e-05,-0.08690758815557499,0.045670566310980265,-0.07042206540751039,-0.0004957062085654714,-0.007575631850593736,0.0002454382087726047,0.00026796813434433854
-0.00019874762771075562,0.04515208006093286,0.08712708205393187,0.11996544992421598,0.00022434677142990975,0.0,4.142287098224395e-05,0.0
-0.0005315586996398921,0.030494415999626826,0.021675400767076025,0.031995142451566656,0.00022247271516403,0.03653533115140782,0.0,8.017200497599519e-05
-0.0005515450785807984,-0.0012052934200649464,-0.04156864851340633,0.0030558593679129433,-7.656991790345221e-05,0.04187231308204017,-6.829322829053283e-05,0.0003953888277630719
-0.00019887667676438643,-0.04778127069611429,-0.047775418294477866,-0.02960295917720399,0.0002362306890149879,-0.0056096120590230425,0.0,0.00040281408835157577
-5.738164183710648e-05,0.09656299853002397,-0.03168744585998814,0.08785941450691404,-0.00037819607656174465,-0.01988236952750927,6.288404377891795e-05,0.00014288954086564805
0.0,0.06347770603264814,0.1224522307668347,-0.05959932643478479,0.0,0.019710833133141793,6.638908185047088e-05,0.0
0.0,-0.05429032069591608,0.07694139538500053,-0.05306949991461638,0.00011205127942100947,0.02382085821246233,-6.559266847288095e-05,0.0
0.0007071100434702119,-0.011738634614157925,-0.07413890501716977,-0.06402715813273745,-3.819908624005941e-05,-0.018054850481721334,0.0003409366028019534,-4.783556747161641e-05
0.0,-0.0060614221320087315,0.11034787520006416,0.0018438242686001569,-8.521732668512194e-05,-0.03235186285971577,0.0,0.0
0.0003425996667922582,0.08515235477085897,-0.10213360526534401,-0.037658731445528566,0.00018477651547948567,0.007742361559239367,7.654453096689485e-05,-7.330894853851966e-05
-0.0004892027340647257,0.07935507922930103,-0.10710740949595061,-0.07362524002431894,-5.9191230701813044e-05,-0.029285894662262123,0.00021915452418636686,5.787576686433482e-05
0.0008353911845947788,-0.07489160950233434,-0.04852676779939523,0.15742837573940485,-0.000709223481294661,-0.03426727367071074,4.3204902989576045e-05,0.00041094978156799074
-0.0006061356671249145,0.0653514936259025,0.1110478391383577,0.09552956275067756,-0.0001497949004323762,0.06499828535643022,0.0,0.0
0.00020622388114401908,-0.026142301759705437,0.0056067529824977745,0.05146948469403939,0.000594649137595687,0.053596973820410045,-9.571464510575549e-05,-8.071048037495976e-05
0.00015050615184293486,0.06284476905262298,-0.07134181912901852,-0.08136949224914272,0.0003335260171797963,0.022079347067665844,-9.546010261296534e-05,-0.00014629810811580423
0.0,0.053875845591818045,0.006950316227326933,0.0651839479714706,-0.0006102091927753239,0.06255825885692509,0.0,0.0
0.0,0.06407628571753687,0.08667689491085818,-0.0600274690782806,0.00010572982754487193,0.03142514560603673,-8.075688577051376e-05,0.0
-3.643060921476593e-05,0.10101551036424974,0.12077489480401561,-0.03046199851192219,-4.9978915138564715e-05,-0.02556278280403205,-4.579277843682913e-05,0.0
-2.4301951332766913e-05,-0.030478101558374503,0.13656584714075284,-0.04185894251674948,-0.00025816700902284276,-0.028408314178165448,-0.00011760959838340148,0.0
4.2579420479305075e-05,0.03624386522827716,0.11053365638267632,-0.0004613389526923561,-0.00012204220994713942,-0.03543843741668401,5.6199680200881685e-05,5.270089237345541e-05
0.0,-0.09650696185270916,0.08009682904989673,-0.06204767366503654,0.00032345219576318946,0.006510720044712298,-4.698061551018651e-05,8.483801798888706e-05
-2.3174922230671108e-05,0.04925133138207101,0.02170475599034975,-0.07790504135146342,-0.0003706842352256086,-0.022988254846326633,-0.0001081078509326483,-6.89149405421655e-05
-0.000633873948124672,-0.019834654699109947,0.03566545998727514,0.08764302128751852,0.00031627802381023994,0.0578604958360809,0.0,-5.0070757118658715e-05
0.0,-0.10005577556550088,0.06296347008278996,-0.026549448157743297,-0.00024211134140247342,-0.02096091687114912,0.0,-2.191527516826053e-05
-4.0501176744742184e-05,-0.03186079565150086,0.029097219230586318,0.14975342780660825,-0.0004833033793805919,-0.056043881465205385,0.0,0.0
-0.0004472327361603051,0.029757565458348116,-0.10081810671028393,-0.0424981524425686,0.0,0.014228813971022306,0.0,0.0
-4.108872630052189e-05,-0.06391887785938313,0.05966568046004994,-0.05884393766714929,-0.0003674696731896541,-0.0011856417089680436,-2.901099526557427e-05,0.0
0.00043566609582848493,-0.02570235349531563,-0.08757905832916939,0.12887543381665553,0.0004488549917972869,-0.009904955834287623,-9.177611491101648e-05,0.0
0.0,-0.023262910475509165,0.11843435659440293,-0.036183476212631904,0.00016673875375490532,-0.002301879221937208,0.0,0.0
0.0,0.04296253421128688,-0.01448998123780583,-0.06517664911547574,-0.00032509710905481953,-0.007734310589670073,-8.319666105578022e-05,0.0
-0.0004752923346149851,0.04348852894090396,-0.06138897333134986,0.12445113108432418,-0.00013440542120843335,0.05111067335555419,0.0,0.0007657733050167511
-0.00023378711457805833,0.006870640689501711,0.10144708538113673,0.11972090990379698,-0.00033070948729875223,0.050055667872001816,4.2182972676108044e-05,0.0
0.00020681527185407861,-0.013056306697906908,-0.022135012820649516,-0.030340844005372954,-0.00013852874560319218,-0.03637213362365246,0.00010542154932971504,-0.00011032080170234373
-0.00045754398021663435,-0.06253567637085805,-0.04993893143298036,-0.035424681891202146,0.0,-0.024494018695354707,-2.239715822208166e-05,-0.00033773709724437353
-0.000146623528576193,0.05271738577890116,0.0350217363293957,0.01816930398854827,-7.499241235096909e-05,-0.019240904604858368,4.228446678364306e-05,7.182050795186759e-05
8.298940797254096e-05,-0.012208245153524366,-0.03605318241303611,-0.06153097996059545,-7.631397861852957e-05,0.041216228919959644,-4.943497343239123e-05,0.00013927463045186185
-0.0001366942961423021,-0.07487361170776208,-0.0342919912133152,-0.06277425618409722,0.0,0.021057885042290014,-2.683418668830706e-05,0.0
0.0,0.027160422962717354,0.10410724275719588,-0.102240321066995,0.00011516095021936186,0.040148222414965684,-9.049247530763804e-05,0.0
0.0,-0.023095198674466143,0.03046058579317312,-0.011330278373792309,-0.00010795741257061536,-0.014520986671830566,-0.00011615912330979499,0.0
0.0003211737055169915,-0.08365279910821226,-0.0024030022683843516,-0.04011080337839052,0.0003037050441558855,-0.020270264641984222,-5.868164963931943e-05,-0.00023287339789471997
0.0013527025287558756,-0.0847140991037956,-0.09049360752959407,0.021075629920210975,0.0008058058446273555,0.038377279004274845,6.481080065573464e-05,-0.00010579650943460924
0.0,0.0006506550800584231,-0.018585218096556156,-0.03691065927013657,0.0,0.039819743613349536,0.0002266719614011276,0.00010370865070705865
9.900298413334152e-05,0.08899969144318468,-0.08201239700579109,-0.05776536988174152,-6.461372784612868e-05,0.030703764920101934,0.0001238908732161,-0.0005163657591976405
0.0007342194019847634,-0.09175213180599441,-0.021120365368616407,0.15994353390560612,-0.0006819649921428627,0.06490500508731747,-0.00011532475479181908,4.0459577769241806e-05
-6.598518747538384e-05,0.010540598971841196,0.09035890682444406,-0.024392831915187565,0.00014418822238656046,-0.027156543810942374,-6.118632463234658e-05,0.0
-0.0002931940509428629,0.010801863229094918,0.054346614417645295,0.12712333168089995,-0.0009032551433394804,-0.0655928285992945,-0.00011607377129577157,0.0
0.0,0.01224262650874277,-0.04538121877542425,0.0004540694268762829,-5.361660866005924e-05,-0.006498678919618094,0.0,-0.00031251376107493744
-0.00016228611121326883,0.014271381480890149,0.007632366742212162,-0.03201358398507882,0.0,0.04034720328394913,0.00018706744354898608,0.0
0.0,0.015374834668689157,0.034869214351333055,-0.05820632270792966,-0.00011619106608600285,0.030992822687820786,8.50107180312466e-05,0.0
2.8887420883250137e-05,0.003402392163286892,0.13744957956913503,-0.005311282819770721,0.00011666281329343332,-0.01684904057749116,0.0,0.0
-0.00021459269081606364,-0.059670560079178384,-0.015643284085668705,0.18451574777436008,-3.332514316904862e-05,0.03714727722067339,-3.1513746245881435e-05,-0.0005175640931072912
-7.09623889291593e-05,-0.0599091379022274,-0.04583623293117685,-0.08889102619712093,6.865149182672114e-05,0.039179993170970887,0.0001394674822655968,0.00016034754789618822
0.0,-0.05435376414104876,0.039735865784478255,-0.08809114358722243,0.00021422846323533584,0.008507540264137116,0.0,0.0003119304498542456
-4.166018500735558e-05,0.035925219025075866,0.08621825162806256,-0.03377506861815077,-0.00017993924818446045,-0.035974520449184685,5.5420169894692717e-05,0.0
0.0005380257882776822,-0.05017738081909754,-0.04946266765947991,-0.043921113863248096,-0.0001336059892731005,0.011144424340703426,-4.848560416492731e-05,0.00012002966138801579
-0.0003287054434180905,0.02500412079703805,-0.09413246568785734,-0.052958884666064035,0.0001057389028289446,0.03639084728719284,0.00011550294561386127,0.0002626764136927588
0.00013837915630261847,-0.0933405959937987,0.03231488714991169,-0.05915771406998195,7.618232407911827e-05,0.0,0.00012109639665547774,-8.719106614976657e-05
8.506547874327285e-05,-0.0061653441661715085,0.06178496263724511,-0.07071474734355628,-0.00016205567098894006,-0.03801330906313972,0.00014982138495569155,7.396965846314524e-05
-6.341829792083642e-05,-0.08145716685388424,-0.005264365952298828,-0.057284201879708146,0.0,-0.006301069227843934,-8.895997986686209e-05,-0.00013314141481651158
0.0,-0.038624098318235,0.1249113572918458,-0.002031356336900227,-0.00017068217422450127,-0.020704954369121956,0.0,0.0
0.00086618138809019,0.08635504717648,-0.08332112657385263,0.0661530334678563,-0.0003198795157066386,-0.0518480729283834,-5.9512949099463364e-05,-6.785564193831813e-05
-8.56130357785867e-05,0.08959273003181585,0.01924497638621166,0.11582010602615266,-0.00018829697963931643,0.05807077109194927,-9.718184524275608e-05,0.0
-0.0005530668723835066,0.07099011908255651,-0.07201566735384356,0.03252415480206699,-0.0004450268997066159,0.03421953523847095,0.0,-0.0006162803792017724
-2.8268617207646667e-05,0.08688525545681319,-0.023727880829174652,-0.09737427708351763,-3.083775821597118e-05,0.030938998656556086,0.0,-2.8960660235011835e-05
0.0,-0.016859813979097683,0.10983569843178217,-0.05270105699856699,-0.0001402496348264408,-0.02537017120395964,-6.898129531542757e-05,0.0
-3.9276559128699484e-05,-0.014686913006602435,0.11099987313519828,-0.0864216238494865,-0.00019639018197824997,0.02685177897079551,0.00011526398307680522,0.0
0.0,-0.0047745490280652345,-0.014938931213238353,-0.04390757558905693,-0.0003333622746279352,-0.017018833013409028,0.0,0.0
0.0,0.021616178903022115,-0.030011684650600556,-0.046572546102713976,0.0004615044817014952,-0.03400964055933355,6.566636142169013e-05,-0.000115610859543938
0.0,0.04091081637804902,-0.035938075725675096,-0.08320704245553202,-0.00020631707088410598,0.0116402334300097,-0.0002533696931543536,-4.7314541508247654e-05
0.0,-0.056821015706857596,-0.03687734676008972,-0.010540975917488685,9.751790210452138e-05,0.01529495811582015,0.0,0.0008455294542628073
-9.59093878085854e-05,0.06993685288408337,0.07924014757347425,0.16753021470922422,0.0007167083590274585,0.04811877898284639,-9.49729752517392e-05,0.0
-0.00017870667199598066,0.0011090357064731957,-0.0823903782244799,0.015102608616879568,-0.00012161154553156117,-0.01945828094335014,0.0,-9.545498415577947e-05
0.00012846985495096376,0.05778347040374387,0.0668713643695421,0.1004660121529682,-0.00031488792752062364,-0.04311180912842553,8.116292529686264e-05,0.0
4.659525694168665e-05,0.05087867903779728,0.06617163756277397,-0.01142997811382798,-8.049019364173936e-05,-0.024602497977570997,-4.00422463073471e-05,0.0
-0.0002876441555335284,0.012904257864616991,0.04032308091827372,0.020277389991815803,-0.0001805874807597267,0.006643436295779169,-0.0001249174258015351,0.0
0.00014673606644193522,0.05007202682822424,0.1397246598324662,-0.014954372202366359,-6.505413441817987e-05,-0.02258053144348204,0.0,0.0
0.0,0.0935607178407891,-0.05034978753973819,-0.0023340438060149627,-4.968727574958601e-05,-0.027358081994899187,-7.418354137958712e-05,0.0
-0.0004695197448310851,-0.0822159875583023,0.04887185131538263,0.12257925276864493,-0.000662990239755287,-0.04353655865591824,-0.0001158247841257648,0.0002660156123019254
0.0003149856611900516,-0.08173941545754485,-0.05862057483244412,-0.0008596139552398068,0.0003541467929359267,-0.03887087552884017,5.8720942825579714e-05,8.399255854443563e-05
-0.0005153805843991101,0.0737217361776969,-0.09696059545397007,0.1726581622700036,-0.0005972294124231186,-0.020226268948382874,8.042491900198123e-05,0.0007480011545926342
0.0,0.0551082973861643,0.06975733692540895,-0.05926009897459275,0.00016735609998153045,0.006859175609947972,0.0,0.0
-0.0003126207985035395,0.011044030320687423,-0.09599208226821646,-0.08233808096661649,0.0,0.014383822964030672,0.0002165597028270166,-5.858381025308779e-05
0.00040400702003985585,-0.07159991628640062,0.03415129217534365,0.13581036118409506,0.0002453970768016636,-0.04915099028783684,0.0,0.0
9.940782432620309e-05,0.10279718265887683,0.09326845649136621,-0.05689327772290655,7.050177683090575e-05,0.0012331608701860943,0.00013897889442914915,0.0
0.0,-0.008537676264522214,0.10415609202995577,-0.04406407886113871,-0.0001301636025248798,0.03241307611803277,0.00015677386041465125,0.0
-0.0001563914581206616,-0.06142580763238601,0.08961244934364394,0.161098975378617,-0.00022509512299022827,0.03181157495526643,0.0,-0.00010760055496156218
-0.0008576999870527658,-0.06575367493578753,-0.09184257011532142,0.09622173215615039,0.0003867029356859358,0.01304178992023452,-8.245142057092258e-05,0.0005283671734219671
0.0,-0.0171440678063087,0.11742241357607035,-0.05449005945568603,5.505219711318676e-05,0.021948247957391063,0.0,0.0
0.0,0.09816553847866928,0.03558046113142379,-0.06351273769096678,-0.00012534319753263273,-0.014957824349987972,-9.501302938265399e-05,0.0
-8.37369705562821e-05,0.0033776223657908146,-0.023527393222905535,-0.004766397265430155,0.00013145662778448443,-0.037819779517973585,0.0,0.000380217720539129
-0.0007787700608919109,-0.009837959513760139,-0.091671988271494,0.12180595544000684,-0.0007725287487157236,-0.06389020663116668,0.0,0.00027552742385410917
0.000410994863070039,-0.047429928892887,-0.0531191141468239,-0.04750803990850855,-0.00013437898620937227,-0.013060077769264516,6.955843104217152e-05,-5.506895196242342e-05
-8.253250398006725e-05,0.07994014568745818,0.13628994990388704,-0.04793420364987551,4.363392448433756e-05,0.003838815223124517,-9.990683975707921e-05,0.0
-0.0004883306799268141,-0.03541257173118721,0.009077379847923289,0.03066514716982967,0.0007539287792233856,0.04698484353846188,0.00012344249548971003,-0.00013748987364158027
-8.43953182234055e-05,-0.025199115207628107,-0.016523854206293372,-0.028207957548194287,0.0,-0.007131917727121257,0.0001787396422854165,0.0007362797290155944
0.0,-0.029886597475187387,0.04916584007435568,-0.05217025100464555,-0.00014634243747584444,0.026109280127636126,0.0,0.0
-7.345887066375224e-05,0.007584265412137929,0.04908411346380567,-0.01235568621364363,-0.0001433453246975369,-0.039667384102620815,0.00013821413256624615,0.0
-0.00016648276024860964,0.09171833643705193,-0.008009460950359235,0.16335582651057554,0.000291032336617592,0.00782753639127371,0.0,0.0
0.0001438705346815546,0.09691997797477629,0.1420874731543732,-0.043807771866485656,7.645255445259957e-05,-0.0025590520428849083,7.850577137783816e-05,0.0
-0.0002818115933622623,0.04284511787224697,0.12878186055564705,-0.01584740747331869,-0.00020474607019081435,0.03900159290556133,0.0001117908782365673,-0.00020051902340606926
0.0,-0.03413491220275936,0.07678191666497226,-0.0690527923773752,0.000358817711476657,-0.005177189481214055,-8.587198300477258e-05,0.0
4.058494022323583e-05,0.02730458249377152,0.07786967954690986,-0.034545418983260905,0.0,-0.019001202275309634,-6.499026308245529e-05,6.172717602623164e-05
7.741022550842284e-05,-0.09310901424165127,0.04139531257365839,0.07470792433953859,-0.0007278967991060322,0.01907983020600654,-3.9942937101841713e-05,-0.00018819522689404806
-0.000245854939383574,-0.10047212453387797,0.06753937571208124,0.16975217581561095,-0.0011146652336311079,-0.0044433096062159935,-3.4756926394319265e-05,0.00016268728792857625
0.0001851285975017868,0.033137962544037135,0.1225865266165277,0.04888979298422092,8.112370399399533e-05,-0.0034339787124052484,2.0118210835723405e-05,3.670231354707175e-05
