Current density (A/cm2),Voltage (V),Faradaic efficiency,CO conversion,Crossover rate,Capture energy (MJ/kgCO2),Electricity price (USD/kWh),Membrane cost (USD/m2)
0.05997100621955313,-0.004431382684562951,-0.0842953558621892,-0.009654901941329074,0.006767107596871715,0.0035369686649412238,0.0018842753674448084,-0.0027245948121667994
0.09710865999026011,-0.0018206178765878686,-0.07913499801274429,-0.006716648307450785,-0.001967006767426595,0.00673666382053565,0.00026063490405182563,0.0047953136099201195
-0.07545134301410997,-0.0023430214131412775,-0.0669319019374688,0.014027048856325122,0.0026887462145753216,-0.0012754546122531888,-0.003011780854624387,-0.0017467467896239723
-0.02204287995567836,-0.004586409865944668,-0.04785761796411096,-0.009943450907846221,-6.919562190969841e-05,-0.001227893500661187,0.016023347448592917,0.0016305118345730546
0.010094463251639006,0.005121966895506492,-0.07498301041876215,0.00034660043227375186,0.006950484079165195,0.005801709026871712,-0.018274082024595573,-0.00043805046344738696
0.13242669287106656,-0.001910167854087009,-0.05667729127219457,-0.008957988206264653,0.009636275321826883,-0.00024696872815280907,-0.01876599685420719,0.005682178472981938
0.13570215411565242,0.008841631838492235,-0.09345208078413518,-0.005229159185732192,-0.0015155133415109367,0.006276018338298153,-0.020128198952748314,0.0009510098008034922
-0.036298815160592086,0.01005398580655856,0.13707696126998775,0.010534232309921017,0.0027698217467913705,0.002487800773982832,-0.02351572152843016,-0.0009209332543627519
0.005934226159328159,0.012601398332661093,0.14337286643925468,-0.012355259104927959,0.001172135372421047,-0.0016020052416409747,0.06045007500097633,-0.0016231577733829836
-0.0840075051064396,0.004898320363177865,-0.06293533376985998,-0.01730057268483517,-6.24894808083365e-05,-0.0009876131509176489,-0.022919059187659983,-0.002225060662922732
0.11519521690210315,-0.005991111253267011,-0.005783865406237459,-0.002104595657847405,-0.0018439142307247714,0.0015587854204862778,-0.020199018696222516,-0.0019093386189186373
-0.07182596203059195,0.012740762883506899,0.0022346136191561416,0.00960394912586325,0.0016056701487488308,0.0021863361025523777,0.027214802824799947,-8.372584126310062e-05
-0.014360752995815204,0.0007542551198454067,-0.08678331070044616,-0.0036726616923056093,-0.0007610803520755637,0.0014417292228906626,-0.020462495352561574,0.002306445198997758
0.13318730991179772,-0.008715965882787767,0.06426087476625764,0.017834553147087543,-0.002308820810052866,0.0032656682142973258,0.019949837045047974,-0.002130758228446411
0.27779047723010547,0.005317821362076221,0.14671334817824855,-0.006648282223471,0.0008558462576701564,0.005773159972521112,-0.04533990437807639,-0.001561153743325868
-0.12018334798596346,0.0007159604797693247,0.04732684414745485,0.016169810103592797,-0.00011406010790365739,-0.0005547296086522553,-0.037933650779761206,0.003004830048765628
-0.11953093820589619,-0.0013047790549191862,0.03787969265169512,-0.010073495124771216,0.005150109931309623,0.0022269977763363443,-0.027388792759257277,0.002160676541859703
-0.10547498665679189,-0.008403583170428174,-0.0064312893042647,-0.0018033642234235516,0.0025162555146114977,0.002125264469199954,0.04139728601786246,0.0010738394049846223
-0.10269361829132954,0.003440909020832707,0.02878921961223306,0.002619039488873794,-0.0015227367286933208,-0.0011872371429524644,0.02667923757774827,-0.000813036501788364
0.00042931593063088376,0.0029470923754594627,0.027761421563707193,0.0001379911617147211,-0.0017879347279145601,0.0019437177931299816,-0.031030952079463034,-0.001367496521716429
-0.06114272533946238,0.004938931004040317,-0.06749305131162213,0.014914291674637231,0.002023773967305184,0.003086707895074125,0.03542865641848681,-0.0021028081486409583
0.062226147785374164,-0.0010154543345362102,-0.09125916539904884,-0.013618124481411233,-0.0019161650907782038,-0.0021115856092007415,0.05234229349577493,0.012010379079688672
-0.01426378400106322,0.000401445576987243,0.017822566493864486,0.010070149671332995,0.00688841750950799,-0.0018734523804163714,-0.02957419515324939,0.002186570800505859
0.046063677258859466,-0.007017950597451411,0.08949985220874684,-0.002156262321805881,-0.0004029362570608097,-0.0029872258459171163,-0.000746473565453794,0.0022045464303476585
-0.08846665334358869,-0.00468505848979205,-0.027972933870625164,-0.009713466339523314,0.0018112753450071684,0.00047049702785012526,-0.002014194951948713,-0.0024352108500515983
-0.09310111244784454,-0.00203932201338172,0.07394030669611486,-0.008322352605410923,-0.00040669293873031934,-0.0008417571036466229,0.007419091352088149,0.0016340099936135138
0.14566229047797455,-0.004051515685718971,-0.08611525236472413,0.013474263160974291,-0.0042668029611319346,0.0016881430572262962,-0.013791021606264418,-0.0016320490720169469
0.12414202089362528,-0.004085392183836008,-0.01437045422008717,4.147070823945498e-05,-0.002965276152460986,0.00168365559615347,0.035146249942408433,-0.0019157353058027722
0.03618190611488549,-0.008230912962961672,-0.05651165161357935,-0.003909519657985484,0.0007288056271616133,0.006917853750069554,0.044123535770565214,0.0021029153886324503
0.011468914794405096,-0.0018492067772135842,0.0599174974488197,0.003249325456089305,0.0021004863743275368,-0.0024536988923062448,-0.03351129904057267,0.0028537764073882964
-0.011258808507744234,0.005529084257203125,-0.04139576023463446,-0.010630785479770775,-0.0007256795847899393,-0.000951405843213853,-0.0017845020819088329,-0.00031055725254590383
-0.017583642429603825,0.006763747321394274,-0.08782395057128252,-0.002504433299823225,-0.0008447109693455937,-0.0013348163100514153,-0.014354588744451148,-0.0006904868417581256
0.009484946824275068,-0.007502636049048734,0.09237583118290428,-0.0018017408012224296,0.006456949969610771,-0.0003608202253346654,0.01595348471937122,-0.0010936867165142828
-0.11373535864264946,-0.007473945815226623,0.01181537430216208,0.007985492123874493,-0.0010559449238765088,-0.0015160891790405777,0.0298365626754489,-0.0007151027933317844
0.15762955251352304,0.010377179347802846,-0.08765165865519853,0.008186246998961666,0.003931266884212149,0.00034971621614328374,0.0230911472355814,-0.0013060383103071149
6.326579147458711e-05,-0.00026070263887521095,-0.01749329671781524,-0.013811244771340882,0.004996202854612364,-9.641013641502859e-05,-0.012042922127679453,-0.0007904315954628698
0.0743351241397797,0.004901459433280446,-0.0859431123595112,-0.0033226364991223137,-0.002084802323401033,-0.0025331251476779838,-0.02756603857665874,0.0012143642794140222
0.02085780836191213,0.0019290276232189487,0.005393859007386065,0.011853769181264264,0.002257784797312384,-0.0019168758349068019,0.01688706941308438,0.0014891442015042078
0.25251211077635854,0.019996842425512574,0.029074199311024115,0.021492142213330144,-0.0025705787815386476,-0.0011462519388407877,-0.03675605571344829,-0.00040240235274047187
-0.10736039708640491,0.008408518452670887,-0.029374529432758683,0.018814325342737467,0.0005355207499624232,0.0009574339694072524,-0.013169218742281951,0.0026918778763229336
0.009690783953112646,0.013807879345605113,-0.0902635796936913,-0.001543841862827648,-0.0005558982742829705,-0.0009544212462573641,0.04401395375961194,-0.0006797284228792765
-0.10524553335595636,0.004044670223624494,-0.051405785939273994,-0.014224614353869514,0.005964652178895675,-0.0002834895610664412,-0.012417042797472477,-0.0011562991333023483
-0.013291744723720484,-0.007167317036996494,0.05835926375111951,0.016165118918004113,0.003881656491160565,0.0027561105494864385,0.0435352444554363,0.0008101722110516602
-0.04859005036749991,0.008265124576269326,-0.06528437342285198,0.0031543839997037835,0.0007304443707390751,-0.0017805888681895797,-0.02910194963310338,-0.0016830091273698554
-0.1450270236258666,0.012080626654911,0.1142773101512104,0.011357337116120787,0.0010275881891258748,0.00014703393807981475,0.020587876713143338,0.00028104467121827436
-0.09118248785512281,-0.006112864146704333,-0.0410806919050861,-0.002989966711118365,0.0013065205315311139,-9.014191084649736e-05,0.02208220236834022,-0.0017054790371951011
0.17656520595943373,-0.007618970641774411,0.03644711709237226,-0.0031678233537990506,-0.0061992613666286755,-0.001183251141217423,-0.02963022193545155,0.005354596131778823
-0.1329801093241399,-0.0028447230017457454,0.12043475577118683,0.006081349442326145,-0.0015780892952351668,-0.0012087642781877196,-0.00010588223185308346,-0.0007137100882331039
0.06056083618180502,0.00342234602564337,0.009157053022880024,0.015873469086755496,0.000731764705148781,-0.0006551395872840746,-0.04402237595574176,-0.0006729096249871447
0.17518102309413014,-0.004454400233795562,-0.02674947694349757,-0.0004957095979701565,-0.0016740498620546357,0.005806636350409068,-0.0269088887717178,-0.0018894660902055833
-0.09742581828924508,-0.004872354675973635,0.01889431578820944,-0.012153687174775442,-0.0011526074449622432,-0.0005579123623254412,0.0222028309320705,0.001988845524301766
0.07491965619280641,0.0024227590311522635,-0.0654687219135051,0.010649323389397499,0.0093519790015383,-0.0010707856174992146,0.04838950439882888,-0.0007286566219611296
-0.03553978833028175,0.002309888499753638,-0.09257737312222755,-0.006181805918244199,0.00013718982798588408,0.002415644686014734,-0.014489559040470914,-0.0011948277552100784
0.05550406823211205,-0.0017589662936017846,0.030318574278033788,-0.001023686208141997,-0.00011350937358094865,0.00029822059626421707,-0.045524213774330455,-0.002193534271469293
0.13830330159258003,0.007499813368030412,0.01782251963739611,-0.013556549673211845,0.0012181656322964459,0.002375016759257041,-0.027554531629424728,0.001048697086528827
-0.02276938784629022,-0.004455291305347003,-0.0925425019929085,-0.00453505284732348,-0.0007276025618451337,0.0059488579056428195,0.001590703525767066,0.00192128217028641
0.07485126989053034,0.014075551293813623,-0.09302461102460495,-0.00652206876560997,-0.0027804047562746564,0.0019655170699630718,0.037726706249890114,-0.0018570265214556056
-0.06522098420635586,-0.005861568451140608,-0.012768132924621705,-0.006610793796424562,0.00015689797702195946,-0.00026716401042770635,0.038301219637716724,0.00743341524289866
-0.13488314557656822,0.007522112576224711,0.07769217240576055,0.0066142414989188245,-0.0020784696210614673,-0.0004926809623041345,0.006374514837945252,0.0028758184018831557
-0.08387168789380285,-0.004197243253509972,-0.008132165820648317,0.0053309860509699195,0.004027251484359104,-0.00035095746640328995,-0.03477773738480618,0.0016320918169406646
-0.07496823939050082,-0.007662677140846305,-0.08204053353393694,0.009310029570915522,-0.0008617281216825055,0.0009784664798742904,0.029922176708282813,-0.0011738496054559463
-0.05717377265345763,-0.0014608952488737725,0.03887117739251633,-0.012653915815013805,0.003446060574086067,-0.001121113409882419,-0.026086939512772026,0.0007982182253882114
-0.1267855111407913,0.004487819793512965,0.009137020510042008,0.019142497422433482,-0.0011459192017438783,-0.0008995544901450464,-0.02192442680634911,0.0019144636480394445
0.11747850131224001,0.006843458225221159,-0.10456673248626178,0.010885350887415114,0.008127392321809581,-0.0015836271455152498,-0.039638953610802795,-0.0007118801077947217
-0.06765882530941202,-0.005791630165320709,0.015583343481963389,-0.010376153882945872,0.0033783136902970946,-0.00038685362498319664,0.030561736725623147,0.0009848372044688896
-0.11934576196976397,-0.0019387415994810882,0.07018921872796886,-0.012061930170175733,-0.002325995052915186,0.00044615553378382633,-0.044872829905640545,-0.0007072319151303005
0.028080080961800532,0.010662150157722271,-0.013372458940004358,0.0024631791572452886,-0.0030903662891204535,0.0007755777159394184,0.028782336951733996,-0.0017788956765357185
0.13393050331969514,0.0012204583546351622,-0.04082713857881684,-0.0025084286978847683,-0.002856993744269197,-0.0016746573456545258,0.026985908509239542,0.010329382007555968
-0.007725158785487841,0.0031077562879473332,-0.050668281337763105,-0.010410031413689538,0.004934684288746063,-0.000382459900616125,-0.015566260460745399,0.0006197972174799641
-0.08705848365562976,-0.0020080132700117017,-0.033532817390783516,0.015706002257215444,-0.001221199425094832,0.004727213891121004,-0.030810210392214595,0.0006564976656314447
0.19833710128510723,-0.0021945441103631835,-0.07467087129032435,0.015657151786586374,0.008654113616440457,0.0018501750971757572,-0.01452284491325732,0.0025098464773665417
-0.0668254384870012,0.0013145568170468054,-0.045430957907156524,-0.007921103005713078,0.0010373810459602117,0.0040138172213239915,-0.011327272054865535,-0.0017303284818632359
-0.09837042747104122,-0.003944198064115299,-0.0871388070124341,0.0033934092417892544,-0.0006091073898547295,-0.001728616447024892,0.012700456148266502,-0.0008984519220707241
0.0004543168492869634,-0.0011652591145539309,-0.025499850000594317,-0.002831662811019605,0.004916237621967599,0.003545323845818351,-0.02852777943940848,0.003396304416708971
0.08221810537869055,0.009603323715688056,-0.07518535160012099,0.0045808969824510095,-0.001781211414543275,0.0001413403877552656,0.005821450235065433,-0.0008901377790110785
-0.11804146833306717,-0.0076385216415139874,-0.05633773495638465,0.001501161002423612,-0.00038557805948235115,-0.00030263067384131426,0.03548326472883853,-0.0007101194026131319
-0.0016410804603906686,-0.003925734699963176,-0.06658134737486748,-0.0007847564480608004,-0.0014975914660365034,-0.0005113763921230918,-0.018792884475859844,0.0038600058425995428
-0.028338695400775573,-0.0026564117367161477,0.03354609667714362,-0.014275878268359686,0.006014412955292281,-0.0024697616018399702,-0.051064810670493004,-0.0018126621693627734
-0.017836042729766095,-0.007844727122715809,-0.02881198253652262,-0.004411958108158461,-0.0019488394242100674,-0.0013897942169389457,0.028004290381751076,-0.002256285259596773
-0.07404119693058756,0.0037951824805053944,-0.06597886727661707,-0.010150395414750844,0.0005474567109122475,0.0007768669792655385,-0.010749808223527389,0.006903121843740328
-0.08043150717004986,0.0002767761868623183,0.13923750683582695,-0.00015653939547563556,-0.0023456512374180976,-0.0005738420985111093,0.05424441432031545,-0.0013295368107432881
-0.05371170605015618,-0.0029845070608225063,-0.08597149790604271,-0.014963859276025464,0.003970646979129803,-7.073437304058738e-05,-0.019668930206531727,0.0017508570023748104
0.08483417441239662,0.013314597039044808,-0.08470076070824736,0.005496434954903119,-0.0013969913557888367,-0.0013063205942818446,-0.001869653628964558,-0.0009349144619456243
-0.10445747594531307,-0.001512675009811418,0.03847119022451658,-0.012725059715472343,0.0005742647161849634,0.002639925891625925,-0.035711170519108985,-0.000992300323857738
8.66281147708925e-05,-0.006176927249046142,-0.08315810815552434,0.013463481956615713,0.0,0.009472116592220216,0.012465576156545723,0.0011465412773637453
0.08109671194176342,-0.002372467839802768,0.12314235721691673,-0.014099084674115673,-0.001601347049799521,-0.0010496311811813985,-0.0369855578378014,0.004090307963073944
-0.08776907242448274,0.009071092980844062,-0.048758250499347296,-0.006447595368767063,-0.001081871012971995,-0.0008369556655835053,-0.007477487404799387,-0.0015881593329900774
-0.0034249536082393236,0.001294777161648179,0.0025686478865979746,0.015799542832818876,-0.0016014482933687992,-0.0008938543475813624,-0.029321855775634776,-0.0001567396531316611
0.17119644925485142,0.004116010445848514,0.07831579548839893,-0.01959059106999973,0.0015332351213907477,-0.0016041226372966177,-0.0413260917205893,0.0032263266537088868
-0.08311917836067717,0.0033242129335762285,-0.07618275871375833,0.0031438064304964435,-0.00039449520524018067,-0.0005902714874928839,-0.007986256461758875,0.003920313310778721
-0.01525384016501926,-0.003836148800720766,-0.08049707608667035,-0.01241940345656128,-0.0009162179614670123,-0.00018323634598321759,-0.010023411368171559,-0.002836476199574061
0.07498880359001407,-0.005735752480238193,0.0057126568884310735,0.008430834935039884,0.0025156454933737437,0.002725772006020667,0.03353267864101242,0.003971040938037712
-0.07684941782490233,-0.00268391844808334,-0.021629563928993522,-0.010411575695276036,-0.00043895028768836664,-0.002703732330237085,-0.04542291289506292,-0.001422460280547454
-0.035117676942418075,-0.000763528137580726,-0.07077143142018522,-0.014609520022366713,0.0009765261141947146,-0.0007233862783746071,0.010819700741520196,-0.0021122673972803763
-0.1252334167193413,-0.007471275535329871,0.021661374431302397,0.017813323582900206,0.005453002224565122,0.0011101024392396997,0.03803881243110033,-0.0013055651249475886
0.06265497189073264,0.005178767128454333,-0.10680999475573015,-0.0028726654314657836,-0.0001870139478193089,-0.0027026549144297716,0.006433293348882519,-0.0012094697668977618
0.024376034759103236,-0.007111735320130496,0.10828193299472667,0.0013179681124771733,-0.0021812032857804727,-0.0016017712862962386,0.04768455636564849,0.0020259548923562275
0.1762264922446723,-0.004866540444381595,0.1069257416694463,-0.0015796085225091962,-0.0018323796262578003,0.0011432221088197858,-0.03862694217820061,0.001485508361664293
-0.03858234064407538,0.003067078335958648,-0.09486170886517216,0.00637687374562813,-0.0012058260250655682,-0.001056565441832552,0.03291930177340213,-0.003185909455488302
0.04213155762599602,-0.004437623995905789,0.055009119712712884,0.004640087827964189,0.00015033290949631462,0.007316820287559966,-0.027700293204897385,-0.0017830150593165736
0.1629101835706397,0.021556487535704386,0.14468070034162608,-0.014805574732638178,0.0008025342888383991,0.0009259106130370028,0.04617347843312999,-0.0005627965644049993
-0.06731973703505911,-0.003596013835383124,-0.041798636039608324,-0.008238491471709648,-0.0016362197817999457,-0.002446728501893712,-0.0205874841691701,0.001207711489832064
0.048165099790507794,-0.0074905897349820914,-0.0027626805529417145,-0.003473909585397892,-0.001593228133926393,-0.0019967556650937854,-0.02116312113662763,-0.0023620125696518033
0.19138944330909086,0.023808937388005637,0.17147364355062622,-0.0005799698661908458,-0.0030154310620441205,0.00022360665390802614,0.04652151089314128,-0.001989964109473721
-0.042753184569527466,0.011298048067059037,0.138248624857844,0.016023801596274083,0.0033497242009641603,0.004702687490916711,0.013964757771694758,0.003956676520215189
-0.08878539802430094,0.010234062530872338,0.09606403293083125,0.006238838261709645,-0.0009175108278906579,-0.0008470275736461828,0.005108709432206267,0.001379151543558674
-0.05608957263395799,-0.00014568209854910752,0.09072038100241549,0.0030932564470171698,-0.0012927552773928245,0.0012769928749440764,-0.005026856956775017,-0.0009243361503259303
-0.10764489790122102,-0.0028681860292111253,0.0984047424208083,-0.00875921386483189,0.0027900975031943786,0.0036607818636070974,-0.001183431677370594,0.0046905980686389286
-0.0962900648690354,-0.006407851114540694,0.05145593195050163,0.0035923083710153398,-0.001529531574222671,0.0007966304197856988,-0.03235003312361826,-0.0030998527547925273
-0.13229560125746473,-0.004432742872416234,0.0777470493177629,0.0032694570603405706,0.002944020650350791,-0.0008596023826591553,-0.010334136552751758,-0.0010481918314970114
0.15559489978901847,-0.00888894280120153,0.09242476919805677,0.009580668256500117,0.0089773467672428,-0.0001942498488346489,-0.0031098318598040387,0.0010028275694719797
-0.07261101009118369,5.460438549567681e-05,-0.06469144413680128,0.019347687818199948,0.0014345066934397458,-0.0014328408082942186,-0.025488459681753776,0.0036827023960394056
-0.010753912308686202,0.003396839439478706,-0.014045990313173017,-0.015170824049363972,0.0032831733992408655,-0.00105465611367601,-0.032435879034326355,0.0014076477267599696
0.12531182998469267,0.0016820876690195846,0.07879384457229491,0.020909112708323276,-0.001049848543312415,0.000985988029714744,0.03909050845008004,0.0016654043592568553
-0.043842779360384644,0.010972453489633764,-0.008370584526195856,-0.0033535612071812554,0.005044839581658589,-0.00039099445058289953,0.01403265086651034,-0.0010435830983737064
-0.07769725793227568,-0.004648562090281695,-0.07199581921828764,-0.008285735380084907,0.002701015849791636,-0.0005562436602702523,0.0019804873808802036,0.0006632175156728037
-0.019160797725235993,0.003024917283524188,-0.0561042771235588,0.004441399325283069,-0.0011760431924825732,0.001713514599163258,-0.015431206789983993,0.006217472559669192
0.0222594606463425,0.008165252909558742,-0.10021181043631379,0.0066153506778313135,0.0012935600790899354,0.004340917219592004,0.010291632127400212,0.0008700194010715784
-0.034446439473820596,0.013110778452133428,-0.06622320664586094,0.005202427785750714,-0.0014168011642527712,-0.0010789583918981993,0.004142635601269977,0.0012070542834628263
-0.07424339217382248,-0.004196897215900713,-0.08092814454975153,-0.005145860317470354,0.0005815092374255315,0.0041495958894894385,0.03678769209765966,0.008035796706448044
-0.006417465763043933,4.9329190673894074e-05,0.10859697053985269,0.0008453356036478148,0.00039964587101201307,-0.00216207830373921,-0.03914053688613977,-0.0022867166741767212
-0.0027885415092484605,0.0009116631673891928,-0.09974539576961913,-0.006377248744381168,0.0017947609848109017,-0.0016145445889923708,0.016290400333791553,-0.0012456508434898288
0.11250410644613111,-0.003628016806643236,0.035200231389241776,0.002935538254769166,0.0013521752721527638,0.002664442774777267,0.02990573382619433,0.0023922866291639067
0.2247452226962183,-0.008086199646669113,0.0788901876887881,-0.002840546738994016,-0.0027672251206828594,-0.0014419989862534657,0.04109913034528446,-0.0007205259847227197
-0.008541185003426117,0.011735777001617263,-0.06402971131799456,0.014495456035168497,0.0028559574176580814,0.00045555959516121536,0.048308337101767795,-0.003121418645261821
-0.06162003288823853,-0.0034772482039357217,-0.06856654580880552,-0.008569934194291806,-0.0006622578634595349,0.0018855312928312273,-0.030644898953828683,-0.0008037386682027943
-0.035539030991423325,0.005075585140265338,0.012563297345963063,0.01723958593346919,-0.0009336227938520677,-0.001248302500299713,-0.0010732891002905986,0.0052801258782037425
0.0990915663233174,-0.0049964442321622565,-0.032227997612660764,-0.004670808772346245,-0.0015953181878899658,0.0065570738786140765,0.02746825265208863,-0.002023249190875332
0.02528210142724293,0.011098640010473905,-0.04291544430616384,0.003809961992624416,0.003515017146747148,-0.0011096908511725283,-0.01608127723135856,0.0023696754151921696
-0.10913236138583954,0.0013768222521529211,-0.07197184137474595,0.012322165715368694,0.004124542624695567,-0.002794254479031161,-0.0037144315058273707,0.0010919547029900334
-0.10735761774725143,0.000791742907975207,0.009886516323669855,0.0121573539344973,0.0020991499092942877,-0.0018790339360728054,-0.04747380172861432,0.004474911731030007
-0.1250389291371746,-0.00796622651251899,0.113359373461773,0.016867586997347955,0.0007823713569706812,-0.0003289220670997864,0.016427609708310382,0.00243344779153612
0.16798329717140972,0.007337714246824072,-0.1294614252432377,0.013553979055501335,-0.0009854463625935776,-0.0015444478785652967,-0.034570926076856655,0.0030110924904328752
-0.030016812781781085,-0.008546899472272869,-0.09397627201759923,0.019645978506517597,-0.0009314113954138614,0.0022388737605017126,0.031525896229626156,-0.0034383031365051594
0.0017106177945599276,-0.00429525370252929,0.09684032231238637,0.005335324816736447,-0.002744659675620838,0.0009229009214969941,-0.03271639934753999,-0.0014875925296465437
-0.03079926634234584,-0.0032244510432817915,0.1404681097124024,0.007386004598631837,0.0017890509213504787,-0.0020428487771554215,-0.005179379850088551,-0.00012683966453351514
-0.09657031390900722,0.0045515264442943446,-0.0019224939209531524,-0.0036900549498260615,-0.0014370594697123776,0.0008470989935921713,-0.03827007497860379,-0.0024869406105518604
0.027400442655371948,0.005835691795142216,-0.05407539415630462,0.020503495189954504,0.0007099422233142719,-0.00021307159294144118,0.047333836564235135,0.0016858228524236415
-0.06090066938963812,-0.00358842368611857,0.06109306270248984,-0.012462260664343878,0.004456593215422235,0.0006700819876666667,-0.02139623428792259,0.0046586454254537585
0.09997235552517589,-0.003955594887923566,-0.08748637921160035,-0.008806343294346276,0.0023071623379692444,-0.0019483421319838622,-0.024424630074193782,-0.002092650740233136
-0.07766621419251998,0.0007983838069384706,-0.022625459208305033,-0.005592191595036814,0.00043269565456967307,0.003957223450598029,-0.018574704323176094,-0.0015333758903192508
-0.07697670103339786,-0.003673268078569229,-0.08723879979081725,0.006406079294053501,-0.0016008242193822646,-0.0013512190867550344,-0.017719870213661112,-0.001435088376317045
0.1437362712205507,-0.005880477124169496,-0.042387174197238975,0.0024427685862529074,-0.001513306361148737,-0.0028216184992669187,-0.0340940161902433,-0.0003150181809834368
-0.10010738350835545,-0.0026911667624463223,-0.08236462982906409,-0.007764141915886509,5.968586769392048e-05,0.0010347699117860224,-0.02977427654546611,-0.0010974701284009666
0.1388884911202731,0.0049712926337316535,-0.07333996189557926,0.02104440365671604,0.005415029097531854,-0.001371909971214988,-0.03836637308032607,0.003417043193133747
-0.09976583881030511,-0.0023380272520698553,-0.08446198117700497,-0.010122340339967333,-0.0010373401658831105,-0.0026553857316399814,-0.02882502811088452,-0.002074971066651595
-0.015761391556313536,-0.0009426793466693984,-0.008826217852239178,-0.008433235252821795,0.0016908152237088618,0.0031685364217621387,0.04094276895313217,-0.00042000426662909367
-0.11093434649656903,-0.005398321251783373,-0.04676255467819135,0.003341526913065961,-0.002070577102347125,-0.0018084369857980997,0.010958311361113533,-0.0012387665056127761
-0.12392329320363284,0.004728016727768788,0.09907227243382108,0.010271370512428473,-0.0023084664329170016,-4.7029973733136304e-05,-0.012461557051171633,-0.001123421889939938
-0.08395204052757878,0.0062501264459061115,-0.03545193698939235,-0.02046859138244402,-0.00041676603302706616,-0.000712503507410571,-0.006063648484394736,-0.0019445035938648668
-0.05005933226797766,0.004062988536897061,0.13831811641771435,0.008900742015912939,-0.0019943232892539443,-0.0008225893062640682,-0.030808590377779884,0.000953039272911751
-0.0803452232805083,0.002169358967327952,-0.043864498517365645,0.012569275180753082,-0.0014780412171320591,0.0012336708198709765,-0.034392775265621144,5.43640625673969e-05
-0.08652852174506703,-0.000479787710639028,0.018376824827942347,-0.007618588414254627,0.0005512457497112524,0.0012892259388618853,0.03412049393813628,-0.0003877455303146343
0.10728476316729711,-0.004497350561398677,0.0730890732538845,-0.008559223446761346,-0.0014276378627051047,-0.001201174587845022,-0.016146968251661734,-0.002779873181384967
-0.10232478556445564,-0.002211004440100057,-0.06306751575708976,0.0187990623723214,9.738083918628404e-05,-0.00227075994905907,-0.028077247092075926,-0.001383755598433286
0.07335903028447992,-0.007918412886745337,0.14563813527580877,0.011379034804833536,-0.002094925141778226,-0.0012642673639355062,0.02556500545614782,-0.0024393499252871424
-0.08468777628919354,0.007804833750611528,-0.08940093947476424,-0.003494194293711373,-0.0013757581443803071,0.0017351272314881604,0.011962246767899795,-0.0004318101465156099
-0.06598580459221272,0.0012256004393251237,-0.09771643415416666,0.000466069057932339,-0.0004697752944086776,-0.0025576706447082353,0.01947937658885555,-0.0007516177295289652
-0.06982613179899141,0.0015598970988921115,-0.07661839064063575,-0.011549748577447382,0.0026989872934089125,0.0007825886376949615,-0.04322737746287637,-7.858686307388174e-05
0.1053189867461788,-0.0030527487311648198,-0.07323123774661405,-0.0042303818142468115,0.007782739802608098,0.0011883519824797961,0.03832823799205801,0.00914078983754527
0.14055895784932437,0.0165915129026383,0.006356385490473758,0.013938646755000766,-0.0006518552204692329,0.0015550582595275783,0.054477306752493446,0.00987066304321781
0.15088490251738335,-0.0057088230690803925,0.01581032424135163,0.013721178939766968,-0.0020113722424385952,0.004051458983692425,-0.04085079342269939,0.0005774501045910374
-0.06191696942166398,-0.006665095212562226,0.12391367667889393,-0.010162800259154565,0.0021223281327346563,-0.00015172187599105103,0.04209095456103808,-0.0016194250775570264
-0.07531951119995114,0.0018257706010350093,0.10250538634252133,0.005491062883389129,-0.0024074915286628174,-0.0011743956101405335,-0.0338172935234395,-0.001379612569150745
-0.1109497422713578,-0.0009339203171747357,-0.043861682370725276,0.007025595224475753,-0.0016763285847020907,0.003236311914554118,-0.040099101283961366,-0.001127808711396203
0.01449324510392282,-0.0062062395421045346,0.08148027900645717,-0.007107821109449793,-0.0026883332626050243,0.0021070843083037943,0.03466158424100944,-0.0023769654808469525
-0.05577941342928568,-0.001302658409215951,-0.01156842350911731,-0.00169568142125004,0.0025356367966889665,0.0039684247730454505,-0.043734529021830004,0.005958298602279871
0.17542003959860528,0.002372308919353426,-0.007826319940920866,-0.008521363955736813,0.000754719938623416,0.0018608544458950387,0.004134567014697913,0.007689490561945105
0.2515070292045767,-0.010121919418723176,0.12219636062132301,-0.0019450233051734375,0.00020484595706821151,-0.0012819451429481067,0.009036952783140342,0.0010200023923788491
-0.004768374942170386,0.002777887502806582,-0.07548632067453662,-0.004400247394294354,-0.0006450461880029151,0.002799030321823657,-0.04038266617484133,-0.0007805788754927508
0.06145458858331603,-0.004492666787905402,-0.08882064603419419,-5.315329706666316e-05,0.0046903246414767424,-0.0023949012967429658,-0.013079705672820142,-0.0011740402360330218
0.08889563313207606,-0.007674264484817715,-0.024782896387000288,-0.005180527239160874,0.0018389429380204268,0.007098100192453586,0.03549394974178353,-0.0017813164548602656
-0.10381442869079784,0.002044241394042523,-0.04557833592469189,0.015929874533052158,-0.001746927089519421,-0.0024744311609067064,-0.04031830119341689,-0.0017615144528723206
0.11718134115125961,-0.008849651822540884,-0.04999831733819817,0.010766238032251494,-0.006323515360898807,-0.001180403878495724,-0.029663523384737687,-0.0014137871842292195
-0.0352128874417816,-0.00475794216855734,-0.05084948092074487,-0.008220028604194147,-0.0012316815084346066,-0.0010995547478383078,0.007167425373542398,0.0044260316011293785
-0.10901245476773203,-0.0036579967140909883,-0.09350640346666493,-0.007891015711408426,-0.001019915972574211,0.0008281440267803292,-0.009377968241749256,0.0004909194512548454
-0.07784298021279734,-0.00404002243084597,0.04653064928443872,0.01617225141497057,0.0,-0.0004939879136841227,0.0013362045530803197,0.0021171302235296115
-0.07600713186278246,0.003735137043065382,0.101656467053715,0.0053955335518351836,0.00390921323290758,-0.00017858317304693765,-0.0015003207484392408,9.480431361724023e-05
-0.07036501046778643,-0.005428995123381794,-0.028519630737397557,0.0004948227296295016,-0.0012446785877791564,0.002298164288597379,0.005153629981369481,-0.0018557545679879126
0.02371666423329508,-0.0007890000513791179,-0.029481405919309405,-0.013298405657604349,0.000604444253279407,0.0061630834138508735,-0.028388856441034244,0.0006326618077344418
-0.09577088379579689,-0.0045275056534261155,-0.04138011449592906,-0.00611806240796171,-0.001455593888068718,0.0012950864239881232,0.027403599612630596,-0.0015294889902814583
-0.059342114992909,-0.0031726613318686712,-0.011116494484143688,-0.014171447612110574,-0.0011468114982334265,-0.0010792998979820352,-0.022532030718155825,0.003341344739459143
-0.012649176896074232,0.0037305444859084833,0.060024917865022315,0.0018962375756919323,-0.002950684915997853,-0.0009794060029343216,-0.006756035514028476,-0.0012667151185010133
0.2760360016724748,0.000741205217895206,0.15074911152749151,0.01494213804732608,0.0038116030909166377,-0.001527534902822647,0.0030078031514376036,0.0035857076861058575
0.004435464874729738,-0.0034180154533585802,0.03747285418845237,-0.012788413215591935,-0.00014872452172810108,-0.0002762843658030336,0.009267859170892115,-0.0007995346090414929
-0.07317057849403891,0.0020560791869881304,-0.01805864382417094,-0.005290451173142807,0.002442991633267321,0.003735513829575352,-0.04085369575953649,-0.0010255066493052856
-0.06562709732165131,-0.00499612761828366,-0.03181066720552252,0.012527515031859556,-0.0008371123059884022,-0.0014869873733839285,-0.03736005546321238,-0.002141223991057308
-0.030247021586297797,0.004385404670542655,-0.06649712486989365,0.018551296947720702,-0.0008156230721446085,-0.000665602380302055,-0.009231749221443037,-0.0019633702717527833
0.2832585068141402,-0.0021036224470091236,0.1529583119515932,-0.02392235563461648,0.0025000421546809578,0.004782904190423808,0.03694536196131867,0.0044086283558744605
-0.007213233692665462,-0.009577703169136179,-0.09463815376703251,0.01094286292922534,-0.001527774232335332,-0.002579916989421296,0.016173563430617925,0.000890658519260859
-0.0768754272569398,0.012268971765974386,0.05005200219228578,0.01745684856093088,0.0036567794714798857,-0.000225616514987724,-0.025285293722196654,-0.0010255547816584545
-0.10249694193920066,0.009146872405144045,0.03833940932792731,-0.009711934072546176,0.001564253170133639,-0.0004989111903192789,0.010646949865571327,-0.0007058560717738161
0.07818786504573956,-0.004496596589435419,-0.01679894115321203,-0.007935534407744067,-0.0014146158850941528,0.005690096576155784,0.03339613513279048,-0.0007754984528329789
0.21223387188977963,0.0012441280543027163,0.008518213206184847,0.007259510445982604,-0.002326034965787165,-0.0012191379852408146,-0.03299165142431532,-0.0017922405537320356
-0.021768029719318797,-0.005900220768226073,-0.09609471984268653,0.004076522540820923,-0.0008445618928386484,0.0011617757700568832,-0.0014750995465910985,0.0019108464241742314
-0.048506943421306195,-0.005233832554315934,-0.07559481733523273,0.009071169563099018,8.744970538579477e-05,0.001559024591567217,-0.027720025999837656,0.0012821950399314222
-0.09806111930565206,0.0021099153618213333,0.05460430142553553,0.013185383490568222,0.0015957989670948892,0.0026699511545306143,0.018334691604443905,0.002591770040945472
0.08928251236371273,0.007252165193405204,0.11897521461479452,-0.020165351863742697,0.002035529691965836,0.001586449072937951,0.041556711976067466,0.003111262671371727
0.13953876374745847,-0.007551403358094155,0.14143219102410728,0.01592697818225766,0.006164139707886104,-0.00013655919237781644,-0.03000712270450727,-0.00047855742859959587
-0.11366283864283591,0.007225574683879208,0.1185449522789027,-0.007567912373425546,-0.00038345510532887306,-0.0005998257307062453,0.04061151573372938,-0.00014365026494515126
0.11457984427150981,-0.00578260315102867,0.08641212965080958,0.0006312992653224048,-0.0020005782624444445,-0.0023884393441556606,-0.021493722618575836,-0.0014840162829263717
0.2102430456744403,-0.0020663253813928417,-0.0495043045979013,-0.005741447497159371,0.003969594833187805,0.0030918588835179128,-0.01103221979473307,0.006788949007218522
-0.12502813983994604,0.007158176829263131,0.035288400955173445,0.02105888781531701,-0.0017996991701413913,7.357503805936749e-05,-0.02026828790499835,0.0021712699703642585
0.1685513983713407,-0.004183768842293958,0.019538486980060773,-0.007560304155361936,0.008272977275378785,0.0035390105020980285,0.03958988537657395,-0.002719368982989384
-0.06858477914339856,-0.0095735348270148,0.1188478468068304,-0.0011513014314216794,0.004189517671211387,-0.0012265112091394206,0.04379726445372977,-0.00023255200204962134
-0.02673197696933417,-0.00890656652765821,-0.030199308325746885,-0.001526015123498846,-0.00012307241332385269,-0.0006576051925646938,0.03891341474945593,0.006688685688359065
0.002887002826486583,-0.005537989887419913,-0.09701335432970946,0.0035434825338683047,0.003108421288426407,0.008212950777529813,0.017593607031318046,-0.001250259319107258
-0.10081927682138966,-0.008493780001257016,0.00804163760060071,0.019334815906204145,-0.0012392123456511704,-0.0008021134353907444,-0.006622009479970856,0.002762207027255459
0.004400515348674835,0.017450153840313173,-0.026865573206492074,0.011580151424316124,0.00038968576893889934,-0.0009048861616228095,0.01589714037322787,0.0040174809224167675
-0.05890522436237269,-0.007027386872642909,-0.02197151322370267,0.012154571311737174,-0.0009664285804592405,-0.0023871734976114293,-0.016524464239099083,-0.00035508932436231766
0.02755071045060454,-0.004642184906026044,-0.04056099533644106,-0.00859749512019124,0.0003137080739955868,-0.0019684300017779595,0.003522970074304799,-0.0013643577656801485
0.10143739979590777,-0.007540020432357556,-0.038923462618971824,0.00904848530721296,0.0015658723678858982,-0.0024038656885875726,-0.0046443575065578824,-0.0011667094956914566
0.02081103002931578,-0.007234208129144155,0.12071068673818522,0.0028314156395946124,0.0037969278356696236,-0.0016317785090902703,0.008012968911258307,0.0015067088985548363
-0.08476335323510709,0.010820065455903928,-0.07031124949651324,0.019743384871714346,-0.0009179676797645293,0.001980233827839258,0.016758180062282146,-0.0004686961772418785
-0.07622063451987592,-0.0032295006770312173,0.08111523386276644,0.001333666469502355,0.00010105833235968253,-0.0012444699400111095,-0.0049381935204571405,-0.00037465159848246957
0.2031033261419992,-0.0034565684437387026,-0.11317406655882366,-0.010993990434595508,-0.0023717505362803345,-0.0027722362357763142,-0.0418057626327691,-0.000632022806766757
0.06825130399513576,-0.005139450015560413,-0.10504394100550113,0.012276339553972362,0.001498961750272462,0.004649670759808112,0.013398930337527535,-0.0015799253265406238
-0.12183235841520812,0.009232069872051404,0.05274676421943761,-0.0036991953962919005,-0.0008549563457966187,-0.000479146809975,0.047309292748526424,-0.0007973094086520945
0.2029901620227917,0.004622756129328242,0.15313300824610493,-0.015841830777535267,-0.00269275134437164,-0.0017903904978399698,-0.026485890732286126,0.0010733082166884955
-0.007686856983491719,-0.0030670948390741025,-0.024794812489882873,0.008832228009054399,-0.0017391405340905768,0.0018562528182843735,-0.042210669315209996,-0.0007520386949152457
0.041839100776805194,0.00815448674086672,-0.10357153998096645,-0.009761563320955959,-0.0005860178752253309,0.0022582570408451116,0.009926013326001704,-0.0015020429431414364
0.16994049719219226,0.004493847695937917,-0.09510285733039923,-0.009550089383248,-0.0005180995272006661,0.0036176837650326917,0.01463158852965008,0.007124581789910312
0.26452470190460764,0.015236094869666235,0.1880161213983202,-0.022069296267093752,-0.002306608124466466,-0.0021964121218835397,-0.014236391351293818,0.002695824848062705
0.06275796576281065,0.013869939572844013,-0.10277582919718653,-0.0027172102386291996,0.0028796131183109817,-0.000344577411241314,0.029005370645462533,-0.0008622126428810563
0.15748265144782717,-0.006497094258453664,0.16179865006231556,-0.0046354809175284195,0.011116806604019728,0.00016292164809195153,0.012261845767203454,0.002909763161817328
-0.004978136283359131,0.002679985600956082,-0.03554532991148898,-0.002264963273135848,0.0011860967412641588,0.0024533482273230425,-0.004563628084394263,-0.0013271973424621706
0.0007111028209534145,-0.002643494902348631,-0.019867243378488195,0.01907405538343171,0.0020153354470328006,-0.0018671288061540758,0.0360791564163822,0.006002120230121839
-0.06917829373988368,-0.0012033909841163235,0.05069705770994056,-0.004211064826076015,-0.002417428531982556,0.0,-0.0471494072656828,0.0006543125602924554
-0.030910463652036382,0.002544093284490609,-0.09350485048381693,-0.008179098898350843,-0.0015455341373182229,-0.0022942708946099826,0.016838085595810653,-0.0015677488377792278
0.05691658369848801,-0.006635251885190185,-0.0445340615688065,0.0021932733204234433,-0.004525304231456478,-0.0014068348687128786,-0.030639135413582905,0.002735504659969018
0.06527788381466142,0.015298983562353277,0.07654273991117262,0.0007083205951670668,0.003487965980032923,-0.0020969008940995206,-0.006237384479252757,-0.0019230906489066018
0.23550528880198657,-0.006836882702466755,0.08870947776273604,-0.017370527859509443,-0.0028702149463022985,0.0031571540403918207,0.022156445628692713,-0.0016020782718693116
0.12493447962229667,-0.006877076193224301,-0.11223251867559607,0.019864412356848164,0.008578017354892588,0.0025340344238785817,0.0069121605669880655,-0.0023591991504335816
-0.04446014815972611,-0.003866987705661989,-0.08445115073548333,0.012568180521322627,-0.0005144150280474167,-0.0017939734727816326,-0.004151645163302256,0.0004917636015384919
-0.03186287895010608,0.00023423609240146026,-0.10009930308730969,0.0005957033203009658,0.0038839210430270193,0.0014579710651155123,0.006180482705254499,-0.001738970850417495
0.11431337543989994,0.012263962552255843,-0.060631172957115995,-0.0008895524883941944,0.005890669621287466,0.0005145787839728605,0.009524560281840197,-0.0023498340690589377
0.10229504676285815,-0.001148954388236978,-0.030307513186807293,-0.003837475318897777,-0.0019592098128740714,0.006784482171473484,0.03411202379622071,-0.004988004593016445
-0.021159593452452292,0.010121412456391834,-0.047295907269946216,-0.008219304858001701,-0.0022043023891107766,0.0,0.04336081750744897,-0.0021504118602061577
0.01399544515891359,-0.005285324104572331,-0.10032810872381409,-0.009925757127368104,-0.0005963893005557774,-0.0016205645110224896,0.005133024108318895,-0.0018187396750270761
0.09496089802644828,-0.0032082254091465594,0.0007109740453344184,-0.007005495554257726,0.0004526424038056795,-0.002180043536571206,-0.03947021064218431,-0.0005137508566191133
-0.08707990156244605,-0.0013538137803206752,0.1081617267876695,-0.009219262609667517,-0.0010991927110428094,0.0030540080992145675,-0.025823943991929988,-8.340661121050696e-05
-0.06309266644571468,0.009069029975400475,0.010059763633998683,-0.015154016825574709,0.007645678913261154,0.0010167586470510442,0.011806533021879617,0.001788088879445651
0.059704913414445185,0.007513670094109579,-0.08631064739727011,-0.01725392470881177,-0.001130370802140478,0.0014914450866058415,-0.036793526654068175,-0.0015372608105543863
0.2042375230908548,-0.00927673544859034,-0.07653449816171841,-0.004580262663544197,-0.0033575562192074563,-0.0034028431717892564,0.012050797494693604,-0.0008040114930852049
0.1424892702714564,0.017511131782328736,0.028348460978654264,0.003144281253140144,0.008876614954002956,0.00041511362514412564,0.028107407995818238,0.0005151027585416174
-0.00207772785895439,0.013348043787886702,-0.009116275286890779,0.012230245166641415,0.0007700027689705118,-0.0011075250477032316,-0.012861515739895841,0.0006392262760084545
0.16472280438298734,0.003056507409071925,-0.07547558571104575,-0.010591041652372315,-0.002169664089750888,0.0031287710825817555,-0.038591471638660224,-0.0017410638347015034
0.11615549331690615,0.010119606982064995,-0.017569248304415124,-0.00036528203783395274,-0.0006797592599887021,0.007224843614004879,-0.036538030616970536,0.0028028541883895752
0.1778224841175288,-0.007376019800641047,-0.12180935629070909,-0.006023798826620573,-0.0028287957809522437,0.0029594592331865376,0.002489729981662789,-0.0022090336347263054
-0.06186647693007868,0.00011275169742462621,-0.00908248389601405,-0.01187010234468941,0.005772758581774232,0.00330645786053674,0.011624231000067917,0.0004528198562158413
0.1690684862786989,0.009583166974900501,0.05022542559077683,-0.0016503689130786447,-0.002338102693195367,0.00023909542500599734,0.010443382216120983,-0.0005592305682900422
0.044124240123531604,0.00991096451449505,-0.034854404472896,-0.002415470255936766,-0.0022385569162587577,-0.0004152942936165721,0.011930618006513617,-0.0019694902209896207
-0.05376271332069974,0.004347826663418065,-0.0432344428188464,-0.010858760498952548,0.003562923157413299,0.0002463681987269206,-0.01687532887876435,-0.0017239303563828588
-0.04066336068634607,-0.0033291535356732875,-0.08172740679957434,-0.00013989364337327337,-0.0014047108647529316,-0.0013823365187010358,-0.028746024171265233,0.00335713523235681
-0.0838580815234658,0.009066191455690938,-0.06884414367876593,0.016880271338524065,0.0014231265280118422,-0.0016269586112599697,0.028976779910931588,-0.000724935227549392
-0.08107931392367904,-0.005234523928643891,-0.006036930204193147,-0.013075293477814175,-0.0018818790839674362,-0.002049225185936863,0.018995408922049154,-0.0009148147228797421
-0.06749703181671758,-0.0007577648764401507,0.03404649710804491,-0.001431472872363164,-0.001191362061675184,-0.001899804921453323,-0.027616189423650787,-0.0016008673860440105
0.1654075816353255,-0.010039712966267652,-0.1291551490972498,0.009410543429390301,-0.004985585544900123,-0.001247704044324728,-0.005735725407280454,-0.001027690928743278
-0.06027050884791366,-0.00036734005926918056,0.07704751803591485,-0.006385320969021084,0.0025269642537216223,0.0015454100294899958,0.052750328172796436,0.0025716052304231214
0.2160883416270143,0.002521723778561718,0.15752548206745415,-0.020661477545968292,0.00411360134092444,-0.000845632274502073,0.050422174731192426,-0.00017506227943203667
0.03760477151756844,-0.0003599097537004825,0.07835371788527408,-0.00810077648708173,-0.0011766966994035983,-0.0019469041999270206,0.025075936828422202,0.007883383078622184
-0.009337718137206132,-0.0058670258694465465,-0.08223100923919234,0.015783712646301365,-0.0010922678781071296,0.004979639652491368,0.03301038850908726,0.0025984832411832296
-0.07916865691741176,-0.005160591878458054,0.03675687975579802,0.009305890852604323,-0.001217326520126484,0.0009535888244562242,0.043358249683892715,7.54255820846093e-05
-0.04798291593341521,-0.0032698880774431126,0.10624213282036878,-0.01084818851888506,-0.0034304224318141233,-0.002246676382542388,-0.00638438014465248,0.00404107261400586
-0.03940901192886748,0.004552724279022042,-0.06940789522166553,-0.0030463605095162657,0.0032522448945295082,-0.001323794768781389,0.020376254302266625,-0.0021197521713766255
0.19508169702136324,0.015132285481958328,0.07395062971822121,-0.01724286962716359,0.0014910616088323336,0.002552680870088777,0.0514422638492331,0.0016338794755600137
-0.12477269385764596,0.008595161559221867,0.02962285208948792,0.0004868195475745546,-0.002139994106565221,-0.0005980865076976056,-0.026525313789685645,-0.0013312710876721048
0.1447054056677853,-0.0075206175721511444,0.06699704238894084,-0.0030710812520043825,0.006735826020691243,0.002343184605955697,-0.018608838025853773,-0.0018761296310885467
-0.03990228814889457,0.0034065542400106515,0.06466695951483725,-0.002672673831580588,-0.002291504831821383,-0.001059817678850684,-0.03171299481134743,0.00028176412071016614
0.03969535968600356,-0.0064749081083029045,-0.10917004398704429,0.01029887997905662,0.0005389087374818782,-0.0018951386793881952,0.00023827982699911598,0.0018219903371414876
-0.11955518971311761,-0.0049853026936320525,0.045643935192249824,0.01184977897574682,0.0012137429469164518,0.0040150707874572235,-0.034838469183796954,-0.0010594750783488732
-0.1336342846008973,-0.0006859801216937675,0.07633940499796224,-0.01668648965101454,-0.0018307153107821638,-0.0012729775541702835,-0.0461468694684049,-0.0001616784170697244
-0.12486811117046934,-0.008276554157894595,0.09470303323460355,0.0032670114393248267,-0.0002812586748055894,-0.0005863931253241327,0.012662546886838424,0.004529077169957342
0.23514667539037662,-0.006845863155668209,-0.014441276020414668,0.008133201896698104,-0.0022941122992454765,0.0052813062698628885,0.02406732643872202,-0.0025735432063200294
-0.08446043609565582,0.006602132674241761,-0.04842668388834585,0.0013037788648891462,0.0006079822041636235,0.0,0.046367082119375846,-0.0013676014733709457
0.21250739862478984,-0.009099458079582795,-0.0669466859029197,0.0039661478949526065,0.011596476001021096,-8.597229794740646e-05,0.03289652633697957,-0.004206924533712876
-0.08231854231164547,0.005498936327307674,-0.001093792340696842,0.007361015442625736,-0.0016483840532082648,0.0036646029576305225,-0.02380888474818749,0.0033114120220895816
0.09115768667813479,-0.006504848498353809,0.007224084954041044,-0.006487712508837051,0.00223049301327434,0.011458872735919992,0.012515337724716961,0.008549502622338263
0.1112167254757293,-0.002029737842385199,0.09924757987656675,-0.0011248620183158164,0.002815079630445089,0.000265617100452753,0.00904324497650039,-0.0007903853252640058
-0.13914297883603507,0.0015649106474567248,0.07420367989858193,0.019527003058460057,-0.0005890892520370866,0.0037227194960820368,-0.014029967484458408,-0.0011714561583833541
-0.06871496356339338,-0.006259192784452677,-0.07978820893682992,0.009509743812753935,0.0018604923215903846,-0.0010289950082260839,-0.005568161739141637,-0.001611480863271134
-0.07942085654471272,-0.002082554270361787,-0.04081937972100189,0.018541000910737727,-0.0010375833465974815,0.002872668453727376,-0.03710007042867383,-0.002594340882983024
0.06289882857912106,-0.0032237829571098013,-0.05729585455062401,0.005195959773811209,-0.0023639360171792572,0.00010211728474254778,-0.03642511579855837,-0.001143651029301603
-0.08893611107167057,-0.004428354415504125,0.04370670685006178,-0.002185689977965935,0.003320757789944238,0.0030225328951126126,-0.005225081971589039,0.0033510383714145395
-0.06333468707733256,-0.007094646255124602,0.09374363026795957,0.01315938014470299,-0.001033709712887132,0.007786723592518724,-0.016644682757852233,0.0025528562925017325
0.09502178948367702,-0.006419251219234721,-0.017714683789533555,0.0027735454340138124,-0.002722015537242656,0.0007408878536740021,0.01449070893695816,0.008157755871309656
0.19689122501662987,-0.006722038429326355,0.07818949467376848,-0.01614918192442305,-0.0026500926883728875,0.0012640976425912645,-0.0019128318471368637,-4.149812704559719e-05
0.16297909404813377,-0.004272949597933149,0.1259026514605815,-0.023021738098975196,0.005799757964117747,-0.0015568648690642561,0.04635554196545581,0.004892734045042904
0.15514928269412778,0.011503151378888932,0.0427343633256337,0.016574913875330378,-0.0020893114186160133,0.0010502028977849695,0.039184430616291385,0.0056451458613627865
0.1146927490798844,0.003709940229650895,0.06683927839042604,-0.008727466575675186,0.0019276330111869583,-0.0016181559714856242,-0.0352885963814829,-0.0017377348000674037
-0.09991958139121021,-0.00028230603253504016,-0.06666690791867878,-0.008908533094077598,0.001536084761213177,0.0010205869412912246,0.006844981124110271,0.0048449755860037755
-0.06776036673866596,0.0012428737108357707,-0.047360763910911104,-0.012381788963579703,-0.0013105733410885448,0.006336259926646575,0.019363361246974863,0.005004438288437032
0.2339042340082601,0.0008721206618772972,0.11983023444882066,-0.0056902973403992595,0.0033655558199383708,0.0005281930479913433,-0.03920281007734449,-0.0012371999680620257
0.07431745344753868,0.008814035341097707,-0.11000448927561836,0.013905642342099867,0.00033039897647916183,0.0011226338033297695,0.008280995081942497,0.0007306491545006774
-0.11982158692233785,-0.0003225647886844626,-0.038613012192450114,0.0015796061626821211,-0.002048697438533517,-0.0034188587078119413,0.028293694674901324,0.00025321470891151443
0.0485563642289947,-0.0020216947788483917,-0.09565973885511196,-0.011156184024512458,0.00378324266808721,-0.0024294766016280996,-0.026651647416183966,-0.00044066538893342
0.01572250779443415,-0.0024438913451667018,-0.07859038312151041,0.015057699540191894,-0.0007354891374686421,-0.0006020402900388938,0.0289536696135398,-0.003342600001968671
0.18828060889544992,-0.0034009418675425406,0.03310175050786952,-0.015071718497502508,-0.0007393405483549019,-0.0003760832271402226,-0.03885973339497884,0.006324173891430349
-0.11344836659715937,-0.005553602572187134,-0.06719133392186767,0.008417454734401501,-0.0018049601712480828,0.006643769346149797,0.0003915991531588947,-0.0014761809520599395
-0.08849157202736387,0.0013904511278651779,-0.025559133823496165,-0.01698935944964734,-0.0011204641007204854,0.0008175241133319688,-0.009586454865813165,-0.002391397441064559
-0.1155092291229915,0.005497395148066622,0.043650363205683634,0.002767014442448084,-0.002107618986542642,-0.001381240015347715,-0.03728966820994869,-0.0015923485790922572
-0.06025605050710739,0.0027428158751359962,0.023908379858651192,-0.005837740313332686,0.0019444592654400364,-0.00047319756236964897,0.012903352325789456,0.0020703406134822454
-0.053534291294643044,-0.008507986975509274,-0.0790206410849207,-0.00955067232980459,-6.075461905766244e-05,0.004742105474930175,0.029823065171661906,0.0029741636020604915
-0.08542282105853462,-0.005885512830119009,0.07356055654125807,0.012247418139247243,0.0023075443255274708,-0.0007048473459215432,-0.0322959749193593,0.00034657495957819
0.18513399482181978,0.018862032127110944,0.15600268584758262,-0.004405301552439569,-0.0005319085342432861,0.0020913666917997623,0.010477635107877852,0.00217573956728288
0.041517937932053134,-0.006363306489926048,0.0412403547353323,0.005462084647121861,-0.0013955202282348311,0.005422121178858746,0.008067027085032399,-0.002824120580998542
-0.06187435709346436,-0.00497501914435457,-0.03121945457605223,-0.0007515689612092057,-0.0007306070872737658,-0.0009133995722531736,-0.008829177681128949,-0.0017719523874043
0.024266660682732394,-0.005559120410302436,-0.014928312893208834,0.015922619868906286,-0.0008581991455460012,-0.00021407354524673704,-0.004326161318886948,0.001059359194993526
-0.04191704147981282,0.01917741375279329,0.043711232896228615,0.02137846670202922,0.0030705892345850583,-0.0011037421204703785,-0.005609611351749165,-0.0005885830022703958
-0.061030753203485125,0.011116232238351743,-0.02749467649259295,0.012839366779246823,0.004298580411415865,0.002648874737773543,-0.014120828283582366,0.002624329338378348
-0.058378858689707755,0.005252380502592117,-0.004578723218346121,0.009938716029674718,-0.0006947291191024274,-0.000934621215838099,0.029677116448458683,-0.0015593985290095333
-0.08038032416429619,0.0034689181108672803,-0.04969675012818964,0.012126767494520114,-0.0014703480342414272,-0.0007026930895601136,0.005572809813239903,0.0033258227571003975
-0.10468684818632425,0.009868611426104073,-0.0697508760796728,0.0026753940814430274,-0.0015573844257033335,0.0002973818031040687,0.022110259046469308,-0.0008593740423667217
-0.010302720431710497,-0.0015563519371615602,-0.02782541310746761,0.008518592891465743,-0.0009359060265536243,-0.0010009392988626683,0.05008708084642227,-0.0009151301971235294
0.11895311666318475,0.021115279543908287,0.09046347031058065,0.003155159478105529,-0.0019856857478650625,0.0014843439720922265,0.055553006176902,0.005824279295820873
-0.054503349632036104,-0.003667455031245493,-0.08353825152120264,-0.009270763348942317,0.0019082011223595535,-0.0008952115293617075,0.031711865469214326,-0.00020904851630373922
-0.06731702923246434,-0.004284241243358509,0.03123783113040738,0.013007650412465401,0.005377946200655092,0.0016441924232922722,-0.034200514441620894,0.0016255586547859469
0.06663611972858334,-0.0025388386081413097,0.15639079010367116,0.0037937543074258416,0.009271686157001165,0.000912752574617515,0.030606504427976532,-0.0016425531859078357
0.1888638632119419,-0.006928387856586153,-0.11335687598765777,0.01711160580955024,0.015275033934855076,0.0024594045638022324,-0.031140974055004458,-0.0014852322810348928
-0.079359366513984,0.0020161882129518245,0.06328513912949023,-0.01498476604108857,-0.0029265055101503623,0.00033274928818271664,0.03442602535607937,-0.0010905709197672185
-0.09363637611282188,0.0067887694997017245,-0.04459451974228808,0.0013428319322780734,0.0005528875653910831,0.0007797788613681704,0.0383308515703297,0.0014921177050838696
-0.10200137375372224,-0.0010661945384146665,0.06027799248668126,-0.010094620053364083,-0.002150976557839223,-0.0017144295106116241,-0.019520233224319346,0.0043149517535712185
-0.10107168155515059,0.005422350082681304,0.02922887042102542,0.005370903556342032,-0.0006952623242837824,0.001530213404725999,-0.02598630132425882,-0.0020721118507942738
-0.042754117584414206,-0.004691878907857295,-0.09389149586765119,-0.014127648670333852,-0.0008493783555749423,0.002365472622305107,0.00224226233594558,-0.0018557035018643515
-0.09274377709532945,-0.0010895333540046348,0.01224523856236555,-0.01563434983118288,0.0064940763445149015,0.002798261401092385,-0.0272034993737499,-0.003199488115661062
-0.12249088614741742,0.0007382772566648086,0.024248581719316296,0.0002592401312942888,0.004010796733638761,-0.0015677350394075057,-0.027368963398491042,-0.0007139981050886079
-0.06400142847310833,0.001115669820476894,-0.0636583567806931,-0.0004856492025425406,-0.00020278230944137388,0.002460867621431331,0.026169798537190127,0.002459326815107359
0.15617033189750695,0.0036995517084510883,0.0652220203985847,-0.01315842581211319,0.0031329326541692415,-0.001013895614737581,0.050120536513649096,-0.0018031285925408343
-0.0630943768972864,-0.0006403613378140327,-0.09408384352885862,0.0161352327677767,-0.0009366958887846747,-0.0027083433203505328,-0.021033973290490386,0.0032826963974814214
-0.09541732923382366,0.010445842164246866,0.046534409736440796,-0.017540944047212043,0.0021445255270018063,-0.0001496292783507193,0.04659608136389952,-0.0008779777867562264
-0.11152689804598354,-0.006458209425161259,0.07654254810847323,0.0049223584830996765,-0.0003633233171097261,-0.0016900976490951576,-0.027164888737641526,-0.0011910550527496726
0.02474793000086614,0.0048106325308747405,0.042552402484544255,0.01312511190236153,-0.002101820297255361,-0.0017374805144018766,0.010838635966684322,-0.0014616091996383779
-0.1028672781185236,-0.005568105616717313,0.06407526335183099,-0.0037458966995167617,0.008428326330290871,-0.00023991876388569644,-0.040374290246352806,-0.0010975489752921824
0.12320489367298738,-0.0009963990683673624,-0.07100865228004911,-0.0025578193763954715,0.0026389910163355955,0.0044384252632118665,0.03704385735594372,0.005728201987715061
0.13903381809242213,0.004268848306811986,0.03229930642574619,-0.0019523360411929198,-0.0013163786644369137,0.0031791700397905496,-0.0007064853949956201,-0.0005586957679678539
0.13877326546538948,-0.004319187666542825,0.10390090471712014,-0.005217439111053196,0.009352065738616432,-0.0016935189244136617,0.034401622492022964,-0.0018998465784638534
0.2241255151811768,0.0012500341264401183,-0.012841110606338756,-0.004156914262664101,-0.003257612618541686,0.0012189739662508314,0.0002876549527683625,0.0017222521081433114
0.10755541414625178,-0.006725565442027114,-0.0945363719146669,0.002240369567065806,0.007892807557781928,-0.0007607178195471256,0.035086625532440886,-0.003702336629709821
0.15863887506792734,-0.005495600969798846,-0.03653617445040214,-0.0003439412833736444,-0.0021374751323063705,-0.0011805163486682524,0.0018504325254835113,-0.002629639392621479
-0.01268981654176779,0.003220386990199497,-0.09422478062884176,-0.014459928062502965,-0.0013075095970825146,-0.0005811622054003041,0.0218076970283601,-0.0033197656937359985
0.10198258807077402,-0.003150323071620571,-0.04924926182121535,-0.0021526157743050785,0.005194997376667863,0.004167205750603201,-0.018752084997435636,0.0006845178438534133
0.07610933647922975,0.011307486514114777,-0.0037828507658195184,0.009473093067598191,0.0012874945228436407,0.0026918672530170462,-0.015516636959291273,0.0006624017938153398
0.055691937686185834,0.01720426412960319,0.09594821544120447,0.018048982844954764,0.0002691984041743867,0.0032263753124099994,0.03214260075620638,0.0012200296335604852
-0.08811461462478974,-0.0031798889182590353,-0.06174004179723235,0.0006012089503694297,-0.0009179302081836772,0.0003436245447607511,-0.027222831425337695,0.0038390630432314802
0.05594564772223261,-0.004111450572014213,0.011943428465985307,-0.001826859656703332,-0.0022366349780501673,-0.0011215733550650564,-0.026755502962021737,0.00027925171500200324
-0.03308949947406619,0.005094207900063104,-0.05254407184972331,-0.004118302086765117,0.0021792648376306252,0.004411419619346702,0.030939463628719167,0.00024661530225048717
-0.1301054705844547,0.00013204191724414116,0.019594363992463903,-0.009518452426674857,-0.0016867510276267778,-0.0036458167727270526,-0.03136941693203285,0.0049242037434099354
0.043067072820414845,0.0028019796960045006,0.03514692165661687,-0.00161231232165709,0.0003908508710360123,-0.0016553789096945852,-0.023182250511174483,0.006367247213485137
0.21600629750520237,-0.0037972195393567096,-0.01735307209646569,-0.018539085453231227,0.006834979650354935,-0.0016212849121864392,0.01445860718407755,0.0008389776363729173
-0.11322946395343342,0.007940256066454482,0.12153325446999608,0.014107136497119617,0.008011513356210146,0.001352629692726523,-0.034983569680083204,0.004429683257727121
0.10788471422209779,-0.006572013531846699,-0.012962946994570464,-0.0031920590312605355,0.004986118310982046,-0.001960249025091248,0.049042962358780556,-0.0002609836337560678
-0.006934132174448822,0.002068637396897195,-0.052239837485060496,0.017240003335016248,-0.0016146469866424847,-0.00026833936694498767,-0.015518387770816544,-0.0016217580066938758
0.0714562657236116,0.006983340274019176,0.06277301598025425,-0.001752799986144015,-0.0021718175937434124,-0.0017013562741607091,-0.02583361429169467,-0.0017277491278317877
0.07807341571492259,-0.009265386314522072,-0.09581441861193295,0.007232497452772519,0.001902705104418934,-0.0013792506533841075,0.02698625768567462,-0.0020677065814261554
0.12490593702888007,-0.0062535255946873855,0.02776839771803315,-0.0020654538564589047,-0.0018146898619506024,0.007022747380515793,0.006599116523643593,0.002869656215316699
0.20848227879384124,0.008624122498075438,0.04814550578628537,-0.0029273756602322685,-0.001167676065230272,-0.0015608242322245483,-0.030406099418351974,0.0015617907013014372
-0.09905505192780517,-5.913312551036887e-05,-0.08929609337622126,0.020590370034036104,-0.0010132307995508987,0.00019512341304493222,-0.027264241154245836,-0.00015280669950686068
0.08030646535760501,-0.008547190776681219,0.024625169692380326,0.008987016318878467,-0.0020821079467040616,0.0019583213743312703,0.036202114039731406,0.00026234140356148905
-0.09654789303056938,0.007253019030904016,0.009950569101858608,0.00799265857615,0.005139485563471236,-0.00028996426915178786,-0.02412445661626593,-0.0021408743953052123
0.0020369454715593325,0.010905269732565198,0.05471956799885583,-0.0017605679133109765,0.0027028129328172876,-0.0015876557009154302,-0.01953233662812936,0.006204953844750534
-0.0248506740460788,0.009671364418142156,-0.10351307531958609,-0.018333208093560947,-0.00014583404534879163,-0.0009457232953346013,0.04194502541586052,0.003885619814986854
0.1215184553333784,-0.001045739074762822,-0.04147897279169573,-0.0035896199932847228,0.002277271761899055,0.0005779904309990425,0.018993133983440692,0.004717326823154056
0.07375126034923897,-0.001953948206853523,-0.10289459470448092,-0.006579108975303215,-0.0029893620811447404,0.006454757165630875,-0.033623991370644465,-0.0009262981979428764
-0.007942398300240723,-0.004862666575383646,0.09341755480168959,0.013145791067479028,-0.0023070104069693917,-0.0017206989571622378,-0.04143079906595732,0.0004549459270291045
0.10696057664546736,0.006859019734265016,-0.00612751410499623,-0.00953595759979301,0.004818186080101282,0.0019372532392396618,-0.05041906642205358,-0.0011431716660865107
0.08297029248234636,-0.0021815112881475016,0.06366007456431985,-0.01262530127227133,-0.001958067488146474,0.0008916462173775563,-0.041743057304856994,-0.001999438183097621
-0.052433018739723614,-0.012096127265151878,0.07776295349828503,0.0075194803455316045,0.001242795643371153,-0.0027521814282698877,0.03952464079542784,-0.0010946518818047563
0.2814178115940581,-0.0033944813066175473,0.190717124314572,-0.017788209800159268,0.006513174884321543,-0.0012873560061479883,0.014851335409912977,0.0038581713910589236
-0.09422118219123846,-0.0015817467440749355,-0.07528838324920152,0.007218195549354901,0.003711491310698572,-0.00149986897821791,0.004158420622923934,0.0006354671188601169
0.022875770730507002,-0.008358435419016716,-0.0461599672348996,0.011535585930536902,-0.0015804094212918459,-0.00235352654159057,-0.0005043941062893714,-0.000818229684553371
0.0423738048526745,-0.005571474997585056,-0.05778391576033638,0.010643800392203306,-0.0008184218211593208,0.003512698861219766,-0.00782040934391979,-0.0014021408104038053
-0.032207020669124745,-0.003259781149278662,0.09991395503423481,0.019739125073742824,-0.00041950294521056095,-0.0002061452180055004,-0.03213476215336951,-0.0015600882540315446
-0.10662617634786188,0.002479200638213247,-0.0802011541817373,0.022070012643825236,-0.002086901471820967,-0.0011878832171802805,-0.041915726641204305,-0.001305985010786673
0.17756906894750016,0.013960929543335865,0.006818541213409963,-0.012049280562877972,0.002698104050288959,0.0027718524378654032,-0.00483812060994005,0.0015442973674894
-0.03128124015410258,-0.004399976209299438,-0.09121403341764502,-0.0015867105179688987,0.0026596255858501654,-0.0002307941653912218,-0.01035612526206605,0.0005656975061495428
0.06700935268608815,-0.0071348548570480865,-0.0004884877070429477,-0.003748861929854,0.0,-0.001987268149016472,0.005452075444594894,-0.000814116637987721
-0.09686381083383507,-0.009864205627146872,0.06512592208758626,0.003924940936019196,0.0020306198844584258,0.0,0.028266229327198703,-0.0009763484141316735
0.0035267265931444108,0.01643940038678728,0.10299846832537728,0.019426314929301098,0.003104108998079774,0.003513912557272741,0.010794182695045743,-0.0011326770638658834
-0.07940374394682834,-0.00044686703939511574,-0.04345473246542833,-0.014101713929555445,0.0007661030271135521,0.006289983034697478,-0.03324848133559507,0.006456978889415121
0.031126557489132185,0.00020955667783412527,-0.04133303092787304,0.01629582466853733,-0.002149203006292915,0.004686173582642765,0.016423357393397023,-0.0028480260177350136
0.0607822084087244,-0.0006386127633170223,-0.09000415714042216,-0.00014134172030662306,-0.002186035449385903,-0.0004212884082271008,0.017694834068942757,-0.0012875453068551099
-0.006373154973491685,-0.004000326351087346,-0.09071833173401102,-0.006258848788065423,0.0025514210505515056,0.00689431525337928,-0.0034708565223024964,0.003449824694966321
-0.0844037093576007,0.00605211766692746,-0.07274976308056447,-0.004233012473340565,0.005867950932151465,-0.001278199682314713,-0.03766066120384623,-0.000849391028420049
-0.1062889183769274,-0.0018802352638551349,-0.026143900691497805,0.008340082449968006,0.0013653591842021702,0.006410487885044341,-0.03461862723290642,0.0004466553069179535
0.243682627988704,-0.008248856579905706,0.17252958914255018,0.013908147030482248,0.007654407576498231,0.003606782581149353,0.05430213250140722,0.0037651639185173123
-0.022612269976149714,-0.0050526667393522295,0.06814652560601603,0.002353898722176076,0.0012198939336554135,0.0016598767101629194,0.021950931245553033,-0.0001041713295421437
-0.1252788220140205,0.00651932159416674,-0.005266177908645667,-0.013449457882267563,-0.0020879677295185936,-0.000963739718477713,-0.026217369725540434,-0.002142443076687113
-0.04954013968351812,0.009491422823698713,-0.10035615418982699,-0.006719341544112121,0.001522762625292079,0.0035458494506704756,0.04005698272295376,0.006427156472369964
0.13761435033028438,-0.003377912504250105,-0.08494408725203106,-0.0024171704435453426,0.010819397337611959,-0.002095517395280036,-0.03273079898167146,0.005067889646526494
0.19547312620807092,0.0044171056217623865,-0.12340945638060465,0.007694859432585147,-0.0018792033754832212,0.00515275997833873,-0.0022021469788453415,-0.0013735028230726781
0.09469308702874628,0.005478561683577942,-0.11940957174135929,-0.006518750659341323,-0.000352200156222422,0.00029240408739731943,0.024598395317595816,-0.0015491579305551252
0.2649282927946477,-0.01340082858616665,0.1366103308769588,0.007828031587282952,0.0011921625979846914,-0.0020400008817405557,0.018406900521909814,0.0016915759564498946
0.14286163518252215,-0.0018775969294770615,-0.10888120572042714,-0.0007581934779035265,0.009779150645270752,-0.0013304076775254036,0.02372539129662587,-0.0023679998686016142
-0.13203586806982961,0.0033350163452946667,0.0675105947982505,0.009141028887994913,0.0008726974447744729,0.002645673407197223,0.013664856788711148,-0.002182537976867891
-0.022183905539880127,-0.004948375435388713,-0.010236213499030882,-0.0026399391829469783,-0.0008862141117102515,-0.0004691353873252646,0.013538048617278663,0.005234798847012945
0.10215884172831025,-0.006830959961847806,0.020806817040668852,-0.0055514330807968195,0.0017322435314633758,-0.001660568052068656,0.046353887467102915,-0.0027270645418718082
-0.04164231086813961,0.003010420403220911,-0.04507810622013589,0.005283634925036652,-0.00044152306746800957,-0.0008583009056176665,0.01813863990867829,0.0006940735267019708
-0.06721838154373974,0.011080338605915098,-0.05873156999563465,0.006095674353937622,0.001945044567668474,-0.0009520082700636007,0.0052271756364565694,0.0006368702931390495
0.2706226682613801,-0.002395602029569188,0.183717346148245,-0.006809484988913782,0.0001612590831366889,-0.0015077769858928404,-0.03854976887397566,0.005125616948186774
0.08129520278822117,0.004783412604216118,0.023828993484634083,-0.010303820325307876,0.006589082687898738,-0.0031824909401511753,-0.031858184195312916,0.008611101331644803
0.01711436246264842,-0.0012740834106415258,-0.06322849532614816,-0.00867845618404184,-0.0008485061886199408,-0.00267896677320242,-0.02861940379599277,-0.0006156800025895609
-0.09477070132666722,0.006839293321102568,-0.06629192578713959,-0.0033446833024272818,0.0012515288852689088,-3.4391207196726725e-05,-0.010966663221137013,0.0008381647281933022
-0.1156155761239196,0.0028193933754460847,-0.009548250145204162,-0.0023088391861775773,0.0035724219845951646,0.0003451017168709103,0.04696838396379863,-0.0015260312845727128
0.05063731805862596,0.004414513823264648,-0.04651514164006803,-0.015091716338549086,0.003487310561313201,-0.0021533967955267947,-0.02311335058294077,-6.576629270143783e-05
-0.07699799265971359,0.003911047343504318,0.1101224079277763,0.003815895017276094,0.001594147529415394,0.0044386990767105805,-0.023401088587408848,0.0021598557145169612
-0.10058038922944526,-0.007343831140643932,0.02340419266429395,-0.004382124655471508,-0.00117295591776513,-0.0015891436735753976,0.012181581067442984,-5.433047356331877e-05
0.18869182123778866,-0.005016922905465512,0.004590227719034087,0.015302558665287284,-0.0013526324980120408,-0.0016436406652853824,-0.017765357492279504,-0.0023633110840759588
0.12330180789901997,-0.0042145624380745235,-0.02862072246367546,-0.0061509921262020185,-0.0022907464677124345,0.006695531450421111,0.03909321028748807,0.011779984309721247
-0.10436780790420815,-0.0006951715020860061,-0.04182658163058722,-0.012729883992397798,-0.0011245000300379295,0.0038662700527671828,-0.04146702302169932,-0.0016770588957282831
-0.11839201801364427,0.01164448096851101,0.10585882880079327,0.0021328442070662466,0.002917361182822152,0.0,0.05267941502847666,-0.0010273451155582147
-0.08312601717571264,0.00259217582285252,0.04140965149463086,-0.019502600321602604,-0.0025282960096926353,-0.0007322377453035378,-0.04055291152023519,-0.001869682217429365
-0.08202396433828088,-0.005345751774199608,-0.07695619884755737,-0.012019689637838222,0.0014103437716577183,-0.0015507757689428717,0.03972735465606266,0.0055894644021865225
-0.062497843340799185,0.0027608006570715637,-0.07743675426268792,-0.01650146950312612,0.00010000955084241148,-0.0026454805720697652,-0.04489151659296617,0.004457544422065199
-0.016720196127917055,-0.007213341088334809,0.06189587901499724,0.003953353127344437,-0.00038256481650360274,-0.001927295677621526,0.047317363591042993,-0.000913934337172665
-0.12349537980725966,0.007164629438058167,0.08629352434674588,0.012555497736815814,-0.0016307798001429304,-0.0012002494833061803,0.039160840257580834,0.0
-0.11789611994892904,0.005205182669432036,-0.05890892387733545,0.02048014458034955,-0.0025809707777579493,-0.0012590692574463436,-0.032225602764707165,-0.0018578509628041587
-0.12006724279298184,0.0019133546795973289,0.12176116104932748,-0.01627545582110265,-0.003892096803488997,0.002281510134331074,-0.051082969881342075,-0.0013706671134619832
0.005016083683001104,-0.003073101656207647,-0.09154055758385693,0.008320775529790362,0.00018083103455093091,0.0014583864177357749,0.03854769042483477,-0.0009128259451940315
-0.07074560995505659,0.006322459607676484,-0.07805943539649862,-0.01298743228107353,-0.0020067964748071584,0.0012290755226831152,0.040758008947910505,0.0031151671978061793
-0.06655303370594916,-0.005132284281248659,-0.052960982793434086,0.018034566232513326,0.00299190691812885,-0.0026086361041636683,-0.02050632748077426,5.160871857298743e-05
-0.016648957411202047,-0.0011837395508712961,-0.057518107085819836,-0.012035848520297529,0.0019148632623931347,0.004885670251197638,-0.031028431848352033,0.002093782046134578
-0.06166904643764261,-0.0036224411491067527,0.07368439166834993,0.005038736615876649,0.002099922268376962,0.0061352760159552105,0.0525672591189815,0.0007067599443282419
0.012842780576712632,-0.008831552835257073,0.008404262590319423,0.0003111278400821718,0.0009125335473026554,0.01081990342802548,0.027273893535745004,0.008230175341164079
-0.008814287968954542,-0.0001251943791416437,-0.07454133706909191,-0.010627655675770533,-9.16283262015899e-05,0.003038266267008276,0.004144877800789847,-0.0023394281809476837
0.19090308436675027,0.013291451241809686,0.15328723240140224,0.015499456667800868,-0.0001760622357506736,-0.0011615595129426508,-0.04141066304940559,-0.0004370110690003007
0.01939709999441828,0.002745778486403536,0.09566790217449034,-0.01618500787247126,-0.0031038855964235198,-0.0007232927596679817,-0.01821046022255901,-0.0020934696453313193
0.0022223219238560925,0.008828775453208634,0.02734215549920996,0.007574338916741301,-0.00024606450049722634,-0.0010795049329012656,-0.038620666991626515,4.231514175039898e-05
0.010785502468980912,-0.0006527896501217212,-0.09962163703493747,-0.009654350900858099,-0.0014911755906411633,-0.0023608879615466464,-0.043038593047741734,0.0034761318460004337
-0.0024655392965116396,-0.008490149955423777,-0.01461728419568103,-0.004281696002520947,0.00027023535557953865,-0.0020800018293168237,0.041117050495221234,0.007504027155389666
-0.018551347066011317,0.011750386604031752,-0.0119650259922438,-0.002233318268737406,-0.001900234484697155,0.00211424829922978,-0.009596889014918557,-0.00027051368336104137
-0.07886248729769925,0.010051661960115461,0.03169093880851434,0.017196895885838843,-0.0012289210971524534,-0.0006103868657808126,-0.04030963837595904,0.002907047279077515
-0.07080258365457776,0.007478655400741364,-0.04764532904182359,0.003406118448451262,0.0019764748448341213,0.002765485066871488,0.001690705700270384,0.0056749274684834185
-0.0017306023318392882,0.00474997790222325,0.044171763522685856,-0.011552400254775236,0.003388810626487891,0.0007987441056176367,-0.013821325333468292,0.008286078023333823
0.13823027315645917,-0.004538304371051298,-0.052140953155525374,-0.007038086923138732,0.0037826046275991187,0.002688174170270105,-0.006156390179197713,-0.0020024491542318373
-0.03777056631229715,0.010445763157885063,-0.02132687718811851,-0.007378350096600139,0.0021750505738068002,-0.0006257741600503852,-0.04357996729927084,-0.0006822466778800314
-0.07665636232111475,0.0021428296467179697,-0.05927553761212311,-0.009392833414159155,-0.0008891312672011138,-0.0012208886312113749,0.034344147256931426,-0.0015624037810382956
0.0714964536856476,0.002959436932903267,-0.07636787004228968,-0.0028959539627877785,0.0040609635241097035,-0.0013696228434461472,-0.02450341874173853,0.0
-0.07077879695248626,0.015086553370632524,0.024146760890287517,0.0020488986235163297,-0.0019228422489310799,0.0002645960175262016,0.052215256017346875,0.0011073292594919383
0.0347525674837517,-0.0022202126564037747,-0.004919784346078728,0.017522176198341288,-5.228233198342758e-05,0.0025360555191255765,-0.024638407410718308,-0.0011310858115181188
-0.10097121967260453,-0.003034208490388229,0.0021805232274324238,-0.008544329662833016,-0.002030225702103172,0.00445870490568962,-0.014175281734008088,0.003871520453569777
0.18842111456156815,-0.011063825069210538,-0.06743414728653588,0.0011000967570056197,-0.006211894226241337,-0.004913940074779627,0.0016573461347348436,-0.001472679590947021
-0.07546667729814802,-0.004260670356970102,-0.028936727426871433,0.005932850056182851,0.0016823545240802484,-0.0015502913984216055,-0.04268320395373278,-0.002897600022129322
-0.09206604450445953,0.000998899679788514,-0.0602698811012366,0.0020726809389819563,0.0009251314812765117,-0.002820625233300662,0.04237856531163087,0.00020763853772097496
0.07557545299202778,-0.007665466684696304,-0.06430696495049609,-0.0003647405050413652,-0.0007519422344589163,-0.0014076477282021062,0.0229596316716273,-0.002780647971594801
-0.03738587072437587,0.009215378946123585,-0.04932843144522038,-0.011461827890607623,-0.0013259269614462872,0.0006965618173228605,0.0224051278265182,-0.002149965997531865
-0.04775906867744875,0.0016446229172206077,0.08721893002942584,-0.0045672996989396,0.0014875331506692471,-0.0015945753387554829,0.03227669033567028,0.004658727236193287
-0.05905520436262009,0.009396734278858327,-0.018598335085769562,0.016226374391333044,0.0035214789070675662,0.0001834942194286083,0.05345789266703817,0.001375661594237234
-0.06722591333310692,-0.0021890959931018055,-0.052799582689134636,0.016456752754123366,0.00010906429664273021,-0.0010408235556808876,-0.03928166655341904,0.0016723074660862285
0.01225511147253699,-0.0013150207588598153,0.10140449349275338,-0.013327435924769931,-0.0022523759108309584,0.0037567919803384465,-0.04363132482879723,-0.00210039031852987
0.016661998506627147,0.00021852914935020784,0.1418821358645593,-0.0023038162431426685,0.00246440840002264,0.001778246165502905,-0.04153929921434877,-0.0017991989112110677
0.20367759862598553,-0.008554785981033835,0.0038879657618218822,0.01684058170015247,-0.0025708368353715267,-0.0014779374014561308,0.03139045416459279,0.003998230344258904
0.038274855483167176,-0.005156647701749673,0.06026238384960123,0.005372429581678475,0.007386041018993434,0.0,0.04465003999941396,0.005244403987932237
-0.028667173894465894,0.0023770695986613925,-0.0687616802940837,-0.006283410361026612,0.0021776890702537312,-0.0013372105045226684,0.00047762281723620625,0.0018389687984557601
-0.014480684346146421,0.0011992553921417765,-0.0618898994299134,0.008213417342091816,-0.0002500941180198363,-0.0014643314709288622,0.011634574176527449,-0.0008636811254479197
0.013527369928352647,0.005571215346358006,-0.0812425123127556,-0.01157864455182347,-0.001082243997058305,-0.0005292657005161044,-0.040138171302478404,-0.0024359780956716274
-0.00902233682812442,-0.0007372079890019203,0.08410604886776424,-0.008539723539051355,-0.0031025504740073155,-0.0019573242945125757,0.023558060452109536,-0.000420757446551831
-0.04774570679233255,-0.0029364571712853483,-0.09067149265539393,-0.01254635568731545,-0.0016848432745025404,0.0018792793739921543,-0.009477249738636548,-0.0026763566830052326
0.23985184463315923,-0.005699648370607756,0.19300609932370003,0.022492170652483684,-0.001613564301609966,0.003210477922281398,-0.04222798120107833,-0.0011910821581910258
-0.10814076465937848,0.007190646618986023,0.09312615300217447,3.592203417787654e-05,0.002378938010487053,-0.0013955916494472012,0.031224616054707454,-0.00040328722492256885
-0.029772331684834796,-0.0010598870741969867,-0.05335532626490357,-0.014266430921805812,0.00226517950897874,-0.0025779005424109163,-0.0005554300296948572,-0.0008016705094611939
0.009383718429540005,-0.0009325375998166102,0.043777288732203753,-0.004143215534082096,0.0012652269048409681,-0.001853686132460133,0.02215819516883445,0.007274568684847367
-0.06990949026729272,0.0017772836185543084,-0.07616044231183794,0.002736158106256897,-0.0013491809396329506,0.0002739225432866754,-0.04609655883986122,0.003235132062202816
-0.13076797703956794,-0.0027483585280158396,0.06537181783994936,-0.010466291292437025,-0.0026753465115402623,-0.00137935478728566,0.04300849482203103,-0.000693897964232304
0.025279483515709814,0.003425499686057685,-0.006524791303444705,-0.019962186830057918,-0.0014663033502990003,0.0025256610543261835,-0.03441023223467939,-0.0015865279521866875
-0.037793438578885126,-0.00214325179840422,0.0485379355248322,0.011028936112432669,0.002533931882774866,-0.001632717975199299,-0.026115386974687654,-0.0013909755395132561
-0.08834088983049677,-0.006237705559976037,0.08894493067514575,-0.004015764280686015,0.00534531044178277,-0.00047783623543080044,-0.00287681844438144,-0.0012341065883156002
-0.1085233463798227,0.004675893609822083,0.046691139382014774,-0.019685979673494027,-0.0022311310778441694,-0.0010455647923920675,-0.05145503857982622,-0.00117031000462829
-0.06959612807165454,0.0054044406240337725,-0.06835294020118853,0.013375420655504698,-0.0008648290872108333,0.0008027218006179847,0.030278826867573192,0.0044520190045439926
-0.05917995405850983,-0.0014147145966763787,-0.01814830995692861,-0.015080907551419874,0.00045710027911742557,0.0017267378707688291,-0.009000375813407475,0.001247934308722109
-0.11827555461639641,-0.002293139678215478,0.06255822415859581,-0.008861808490669129,0.0031597643739654153,0.003241053316064359,-0.010501687721714547,0.002126864474753548
-0.06928509225937186,-0.004072294092800976,0.06714406573914582,0.015544252310819974,0.004311264814808444,0.0010341160503789526,-0.04163465094669011,0.0011914752868457709
-0.03357540696243158,-0.007703424358139499,0.07617508139128279,0.00032880374906313174,-0.0018855694165207499,-0.0020559393783586366,-0.018390478131464025,0.000983244835740437
-0.08520363204879168,-0.008337988484078018,0.001493672866006383,-0.0011715487985038647,0.0015074993634377675,-0.001002723184025417,0.022366725413372025,0.006412257360590977
-0.06151558515183927,0.006856544398620885,-0.07306118696535895,0.002014823656470717,0.0019158257428577386,-0.0007878357810492814,0.03061682936444706,0.002517430306021893
0.14002364360294067,0.008017442833432116,-0.10175070068024622,-0.006293248493554917,0.0010200381368354575,-0.00188340006027813,-0.01728627201257906,-0.000650110250784073
0.015680018876211246,-0.0050714432589216134,-0.05034866680167003,0.007175144454489137,-0.000396244877331634,-0.002292799138584988,0.03596570686650737,0.0022311414112612268
-0.11293932765833856,0.007501134741106214,0.027624931247422636,-0.0022852128809435746,-0.0012190667589057319,-0.00041446985164725336,-0.025451254555625705,0.004051572233119256
-0.07867215118200384,0.0020959438610022524,-0.0993004553393403,0.001975952965897365,0.000436100381772192,0.0026422741895699773,0.044334036557476156,0.0012746787795132756
0.051335519595173906,-0.004759161653276702,0.09079140841212893,0.0029949036684319167,-0.002544512098647194,-0.00030525476600912205,0.03609135670546646,-0.0007650484626377332
0.1964868044392696,-0.015069507032837376,0.12704433931719664,-0.008630654466118378,-0.0020940139467183205,0.002024973188263024,0.04066241318573722,0.004825634097177018
0.026974301576123124,0.000623998014799395,0.038783040197297794,0.006460597101280629,-0.0019728237347452146,-0.0013966763493162481,-0.04495049322206852,-0.0016662461617654794
0.1354986674714551,-0.000848224725562278,-0.045008397361287526,-0.009520851524816942,0.001169354409248341,-0.0008536275024876194,-0.0037562478550692718,-0.001635709031040833
-0.09661646703489822,0.006724761788448622,-0.07082718866197937,0.015422474194086752,-0.000255461691493708,-0.0017096712097220193,0.03446509477062703,0.0004880621406896147
-0.0976529593074055,-0.006437704697529412,0.05825473497797137,0.0007752279958858702,0.005470416025615355,0.0009135829905055565,-0.01246791989723711,-0.0014741326947780937
-0.07357624051571657,-0.0030456115402495046,0.09683713843473617,0.011912783850852445,-0.0022776286937436128,0.0027917789949520877,-0.045896457706586166,-0.0021436205777577277
0.00840871488007452,0.003048584277199796,-0.041474221522130574,0.007004649916982333,-0.0014037914738267016,0.004608127309482257,-0.04328212539576174,0.0024287330727189305
-0.013156103661234656,0.004311024301132606,-0.08524058282246931,0.0,0.0003605998082595041,-0.00198324368908733,-0.03503188189592448,-0.001283195409221195
-0.10827383636220624,0.00423996760495161,-0.07254575093383685,-0.0007365206368476464,-0.0005697413326621884,-0.0004502747517849959,-0.02668136484238394,-0.0006497037679188968
-0.09942509715239942,-0.005553660232134148,0.007399533036544875,0.003270528215052505,-0.001876246366386607,-0.001683461122479789,0.037164188057745025,-0.0014808943864910995
0.027399910919254353,0.009508607088442774,0.01969301482362242,-0.005724483215401578,-0.0015632400848336406,-0.0022237677028780485,-0.010833295255967702,0.008112331929403045
0.0009311703566974657,0.0022363492097621507,-0.08697035540252893,0.007144069759812125,-0.0018048481078697975,-0.0005721195311043925,0.04183634347574257,-0.004096388382734695
0.0957704796330413,-0.00325795013227663,-0.10339041677035993,0.0004264556967924077,-0.001605408264262137,0.004419581297918014,-0.026552481335759357,-0.0007311994806322633
0.1257107974569259,-0.006147224647621357,-0.10710481341755311,0.018857757908903847,0.010415292216673342,0.002158955832579343,0.0030852593674793303,0.007477805950497108
-0.06919544369586741,0.009867017969607202,-0.030391118319744323,-0.00334437847140959,0.0005493012125556538,0.0004023033021403359,0.00019514418789373655,0.0017120959403047458
0.04699982582398682,-0.0041751150151002675,0.0704290892344154,-0.005556502015143381,0.0036496659183651694,-0.0029717255809918047,-0.027570311653927964,0.0065340839509469735
0.20498632253027627,-0.006575703207680384,0.12575876630252816,-0.01581525432206092,0.008678285768582514,0.0003496407184828132,0.007481580156621494,-0.001334160391635013
0.129646467505871,-0.002590796080055636,-0.10866552128479999,-0.0038812531048237273,-0.003732742047011786,-0.0034757312093177386,-0.02721862094663394,0.0034954367391464014
0.17950725158465705,0.00016423145005720063,-0.06785927209799404,-0.007334633011932185,-0.0023120287142987177,-0.0004260402811259338,-0.0021118619685204696,-0.0011021959405028202
0.17893659965923317,0.019126109792707315,0.0569122600403436,-0.005689271348984875,-0.001076547168986652,0.0024627658263839834,0.05414494050509029,0.0001326551846916324
-0.1127517679502089,0.006990664371312742,-0.00017188105538974707,0.022136447977664595,0.0001771354747112834,-0.0012094290386163206,-0.03549115367579697,0.003266016439823471
-0.04807976534023719,0.015254308882711452,0.08547088634007549,0.0018224757771867508,0.0067067516539586315,0.0034589181245038474,-0.01689900923543776,0.0010682512678789058
0.09340058906641076,-0.0020554518463996936,-0.09320337702140807,-0.014017845286232582,-0.0012195360533744028,0.0031950022721140203,-0.0363212251664888,-0.0008570601541546541
0.14854332278243415,-0.0035381881194175855,-0.11929461766898962,0.018336964998401484,0.00026419235943613006,-0.0019614131911172197,-0.009621521150720614,-0.0016772812949914422
0.07451244520015059,-0.008347113019238907,-0.05079706368243815,-0.010339209856262068,-0.0023099502550138346,-0.002510333547807465,0.04688406433887169,-0.003814099669820398
0.18645397364216756,0.013046235778926258,-8.76933512649336e-05,-0.009593750985848016,0.002374285075292557,-0.0018404168783143656,0.004418309495335985,-0.0020683423436786033
0.19402216651601925,-0.0125573829256568,0.15978134413849418,-0.01922590227312397,-0.0030510414781965063,-0.00046821439967908995,0.0413524820338766,-0.0014818387462493807
-0.09412296995167516,0.004889457310926393,-0.08214970880304741,-0.006230566066972377,-0.0015790851860264243,0.006167386167907236,-0.022361368299678226,0.002747180841842627
-0.05026305536523538,0.00048285025569166917,-0.03430432353102736,-0.011352277516326085,0.0023077000798814684,0.005113971928577076,-0.02262280408831049,0.006924498710966834
-0.10882648131117967,0.0026233077330523246,-0.08294550774937218,-0.005978411068230019,-0.0015741556473108356,0.0004380048351365906,-0.01672630621944067,-0.0020137652352018964
0.0020997436595638504,0.004953648320683852,0.06550143225823023,0.004128701725260716,0.0006492467736442034,-0.0022072049363071667,-0.050859252112541595,0.005171529253927236
-0.09513087030933778,-0.00498279623121062,0.013413710884969262,-0.006695802514716366,0.0032835264312767887,-0.0007446291805298585,0.04593291503914897,-0.001092389940141097
-0.10914510000387702,0.011789338364849444,0.02296497166478739,-0.0009271579045063955,-0.00047453484134684504,-0.0006433070718928573,0.02685287282010029,0.0012417970154925857
0.19178208096063776,-0.0015740626473475616,-0.12190137729985187,0.013602229915216384,0.0,0.00029726228304190194,-0.008271231389035844,-0.0006552558282701812
-0.06852099484900008,-0.000855854845267493,0.06992754924918254,0.0028579074063159455,-0.0020747110676952486,-0.0011237466965412027,0.006906943631654344,0.0007262191729026663
0.07638149399715065,-0.0010454688434644588,-0.020038434423626676,-0.009645880343516386,0.00412600800237945,-0.0018427936023865184,-0.022951313859776504,-0.002406931307840991
-0.0056424769965178045,0.004219217595057286,-0.015065149417960859,0.005621140588290775,0.0011832235718877288,-0.000525023731224622,0.0010502881727557831,-0.0011768318643246036
-0.00659525481699465,-0.00886795906489253,0.1414093530636879,0.0107471448721726,0.005504557989935302,-6.942182377808748e-05,-0.01940515590945499,-0.001837283269284795
0.11898426833125414,-0.007827543089191463,-0.049527056324337584,-0.00314979939581705,-0.0004046215349572807,0.004610599063970278,0.03676047765017564,-0.004955597619891305
0.12549101122648018,0.002272293568871554,0.029731288911284164,0.0004490845979360941,-0.0017014332643818372,-0.0004017314000783201,-0.021874341191341868,-0.0016230751772787762
-0.1110572529042384,0.0006192818452515604,0.04593196010637255,-0.01974906060640076,-0.0006374920951817934,0.00010981098333651129,-0.05117486117996467,-0.0030004158547573016
-0.07849717633111279,-0.00039138204507787043,-0.08507099846327816,0.015290925917621998,-0.00012987534703425008,0.0017795879247798638,0.03277250343308252,0.00016685895011754002
0.2722454145029994,-0.005535847528909071,0.11658291006164744,0.019559495719627257,-0.0018421507941010096,0.00010108215437337753,0.011066180661400873,0.0005230221451584974
-0.11328108449204473,-0.008188636235253175,-0.03769076729555579,-0.0009901484534187907,-0.0013977228212030354,-0.0011349170047887376,0.044085657962531125,-0.0008284361784097749
0.2691434677342341,0.006086271956821,0.1975580333213061,-0.021064693882227127,0.002532421810609472,-0.002188674911985002,-0.0509182930489916,-0.0017179045489438827
0.0549542452918921,-0.0015234237711474392,0.05371277640517774,-0.007133953994012264,0.00436324296544834,4.905643835391438e-05,-0.037918105124073134,-0.0018147884119980313
0.1407831190693031,-0.0033152551614011564,0.045137697669579126,0.00010954302784771386,-0.0033213176343737864,-0.0018727835800459365,0.04989326087665645,0.0037582357195790946
-0.07374077432882895,0.008991852823078232,0.02902503974632596,0.005618004312546606,0.002836667656071788,-0.0005137787982806583,0.04571971558832818,7.329394101939293e-05
-0.023101319733256565,0.0003679642165742847,-0.06024885843823787,-0.01293554100510013,0.0,0.003477588710249947,-0.006642362118637166,-0.0013896636368501344
-0.06388088493292597,-0.006801820966858951,0.0193539462413788,0.0014710998601664186,-0.001457798701820501,-0.00019173902103547524,-0.03724324292955581,-0.0023194619083660778
0.02384571606946405,0.01368811785391919,-0.020428944916675428,0.01748164298790877,0.003889306301022796,-0.00103815278459609,0.0075852348073652594,-0.0012065326581914408
0.03400484541203994,-0.002455274970270773,0.0462607175828829,-0.005941342379999495,0.0006367689482544375,-0.0004075694235064903,0.04015420162342126,-0.0005371196186252742
-0.06385309405176014,-0.009774291898740886,0.0033678936917695716,0.0013376360865459832,0.002764823239951238,-0.000635662940291784,0.03755167237293917,-0.0016658840353319685
-0.06543608618193021,0.0007838212049451781,-0.04116767004203582,-0.013160882585041205,-0.00022241563139145136,0.000137200088460937,-0.03587783437809601,-0.0013668493910868476
0.020790410567045534,-0.005136801508194147,-0.026892913631977235,0.010144790971021727,0.007631120137543035,-0.0011291709769890492,-0.017160406715999537,0.0028259074850191285
0.11483460273071971,-0.0047939926083772726,-0.11061484123221807,0.005534975607263885,0.012899236810826975,-0.0019620398366794996,-0.005982511718678937,-0.000116627181133689
0.07896656751821136,0.013456153806105261,-0.015467393535340832,-0.0013449542187501178,-0.001861498596117168,-0.0009835203970046807,0.041265075953245474,-0.0032852853577779624
0.10220476417481639,0.010557572390015276,0.13849160165709518,-0.010955396065393103,0.005069908033717252,-0.002327866540003718,0.007983117212428599,-0.0015242090781215079
-0.09120856054699193,0.0015316359682133462,-0.0516208265254185,-0.020199103628771004,-0.0005684703079796795,-0.0010928624492502234,-0.049754213772366496,-0.0020561739243599247
-0.03836031655378673,-0.008275706385997905,-0.0033749994684655776,0.009426246433138679,-0.0015514083910013793,-0.0022730224050945148,-0.011090461463379643,0.0004270544623097769
-0.055445193278354954,-0.0017659225296171512,0.03143139333215695,-0.015848400022339268,-0.0014806742740698755,-0.0027313959318460072,-0.04188953747286481,0.0027361340770677284
-0.10655838391230749,0.003673570232704549,0.06047474064844224,0.009573402293112094,-0.0017082306176141484,-0.0004982356259185174,0.035475458752893846,-0.0008157819032821839
0.21862691931202125,0.020376949412854152,0.197416227960975,0.012122055877728665,-0.0028277149769393877,-0.001479781926534015,0.002996931231806745,0.00036436905320325064
-0.05380962448961828,-0.012389336015864564,0.07173900001017001,0.012570904724777482,-0.0010551338231477789,-0.002379050110229794,0.030263290656761727,-0.0015668071766407122
-0.08671761677823485,0.0016804485674291115,0.06739913570899049,-0.008204012982701207,-0.0008107873253878408,-0.0018906920135545277,-0.026617180399954345,-0.0004600524393527511
-0.08122728368790202,0.004019485373406743,0.043108449437667035,0.010140274216499785,-0.0008278562471180789,-0.0007131777961962864,0.027266178530205454,-0.0013479163315874784
0.09998852692222725,-0.0044834887122590285,0.13338995353645203,-0.007422742110445749,-0.002068168337426901,-0.0021422741124996654,-0.02908055397631759,0.004315503481570242
-0.10703733098408824,0.0034119803289966427,-0.09468424061209696,-0.010758268907159174,0.005388665369774127,-0.0006716229778683525,-0.0037604626865088914,-0.0012062066039608378
-0.1569454239808665,0.0032129416376528055,0.13160436450459922,0.0011169747748638827,-0.0017266576999784536,0.0004016963973413664,0.04577166610375287,-0.0003498393441997774
0.14601474032286327,0.012378408257879099,-0.07962425459348427,-0.00551614379698298,0.0010472961407731601,-0.0013366444468864162,-0.024246813980815147,-0.0014548983987267177
0.05927844007518566,0.00025761055607355365,0.0037751673224965926,-0.005120758057192893,-0.0021927467260713603,-0.0008665679964804713,-0.034664036481025826,-0.0020007420035912543
-0.07876802025391043,-0.0075952059406903735,0.04372550441009159,-0.005425866401434874,-0.0014673224605920422,-0.0016527105606027762,0.005377745824716126,0.0008702329658298522
0.19589693333967412,7.118433488069205e-05,-0.03312732163084575,0.019362627111978108,0.0033850227767103667,-0.0009963106847989288,-0.033692228971754154,-4.624837996614062e-05
0.0773911981830427,-0.006950033190281716,0.0011790346251034614,0.0020030073203455775,0.006477485388407304,-0.0021684344648511622,0.034749402846155526,0.0007886806017782105
-0.09076140849944836,-0.001647825988080561,-0.05970855783537724,-0.00558678445601216,0.0048463916138745955,-0.0022502719529001675,-0.018256328885878092,0.001485289338448631
0.014421128675694143,-0.002913380136173809,-0.060077846222148096,0.006290929712247998,-0.0007991659058912172,0.00800957631776774,0.036196981887472106,0.0097875161724697
0.012101935184080216,-0.0071908065917169455,0.10236018517837507,0.0010451851059922052,-0.0009387982216227344,-0.0028267044923055078,-0.011272050836650128,-0.0021769968750664113
0.15382211352570016,0.003427143879588293,-0.027742540362940216,-0.008061137393092752,-0.002001498586798842,-0.0019267663454170386,0.007656747874907935,-0.00245408068659805
0.00486022882781073,0.000662391380041069,-0.0046403106153629576,-0.004591718221955514,0.0007214588966063911,0.001513354177013639,-0.0439820079295287,-0.0004737792336975133
0.20607807169775852,-0.0016630439583379534,0.07409156562147962,0.009682310956219237,-0.00318462086690249,0.0006591425542560314,0.04899246058171773,-0.0010201168375360919
0.16641509918361547,-0.0061203368997132124,0.17650264997867846,-0.01601959663603551,0.00022289801190866765,-0.0014990616648102538,-0.021727014291409483,-0.0009189536083647613
0.13678388230427094,0.009862960660076475,0.10052075860517524,0.020449443848240066,-0.00037805598692991493,0.0017777640749813254,-0.04334028229270968,0.0009778399323646827
0.0201175690300898,0.0013347088997573975,-0.052727590809398095,0.015987237767826807,0.0060664693194193405,-0.0015041732480997538,-0.03428712707197614,-0.0013467853981722583
-0.07951386505644757,-0.009786821801359284,-0.04360623697781871,0.004462574834091467,0.0007757072308136603,0.0018371779907454704,0.023265840204339472,0.0012176136848482024
0.02089542200440085,-0.0035364058039629677,-0.004032880562197185,0.0024279096353477655,-0.002037994738832467,-0.0023151417792436567,0.006994410576712657,-0.0014205554753005181
0.17477105035977816,-0.01415793504716204,0.041182444570483215,-0.002168643793875491,-0.006517697503208317,-0.0030865311666738674,0.015038802648626254,-0.002287630870210938
0.12449815023132027,0.01093907097744196,-0.07010556188638993,-0.008166774434107526,-0.0023924801464785816,0.004815447801075502,0.005719966541559807,-0.002508156290786512
0.016167710107613573,0.0034917863044513736,-0.03394661426156897,-0.009460487808186821,0.0038552746350091704,-0.0009922809691303575,-0.032056792239058704,0.0011734715590797627
-0.14665669560983352,-0.0015560122337502794,0.13093815142771217,0.005664795905200402,0.00295130459240212,-0.00026851167880543453,0.04256156153945717,0.0011542156771705264
-0.1034905180267562,-0.006086147707554977,-0.09986621200235221,-0.0006631073047715163,-0.0008243743181275673,0.0036855229624209967,0.041805439993231976,0.0006764982270546505
-0.0930193192203606,-0.00311082291770157,-0.09469689917830044,-0.0027897165402162418,0.0032425267338854627,-0.0004579117268671551,-0.008232681303983655,0.0027227269275969667
0.017031841469146457,-0.006168993688843231,0.0245857130213457,-0.009595768544808078,-0.0022288233129573614,-0.0020880272219928747,0.05109869197176643,0.00691576758409127
-0.09848943361115998,0.006667625919538589,0.08819312591047979,-0.02014078975355886,-0.0033009841383102993,-0.0007600021500348744,0.04382331886419545,-0.001270978329797641
-0.12892664772345697,-0.005736080138849401,0.08900347909382576,-0.002377005594996773,0.00011097108993000514,-0.002030795077251431,0.04866988278018175,0.001170219517410263
-0.11046048070355872,-0.009338614059652866,-0.003627946852864162,0.009942848383950155,-0.0002925533034794241,0.0002576461034815014,0.010624825648168532,-0.0014212544907862125
-0.06887423879421849,-0.006795384367636478,-0.014617729518242402,0.013112979346289612,0.0011466528117652086,-0.0024110032228284433,-0.0280092958846603,-0.002199372764944451
-0.03553975893728824,0.015472468506748627,-0.054492634359316554,0.008776170135266164,0.0011252287752187902,-0.0006378026017197433,0.03262437645498057,-0.001482364512909364
-0.07341441969447703,-0.0031268358908428757,0.05631423794899638,-0.006722576499173688,-0.0022676633612367697,-0.0011275311851368236,-0.005686125313938089,-0.0011945308983507302
0.20960321566011395,-0.007155900554467765,-0.02938283688581253,-0.0017623755547275404,0.008337364350845837,0.00021448257419121042,-0.007410934830828482,-0.0026371036122546008
-0.10839443385367727,-0.0010889270750583727,0.05369785503389339,-0.014884237698976123,-0.003183291010030576,0.002827605691741213,0.037461654659626205,-0.0012783146019523736
0.0632737399816306,-0.003282073018911791,0.029083060560003003,-0.0029793457046391617,-0.0010859907182636918,-0.0016710924612912603,-0.041876574758392564,0.0009806315783629782
-0.09626535444204158,-0.0035068270900928487,-0.06555850817280605,0.011983887270503188,0.0009046649772773974,-0.0009912906923793595,-0.028811162078780612,-0.0016895850264272484
-0.006471682106160699,-0.011500736865197028,0.1464372552689688,0.012789334045991222,-0.0015774558361157098,0.007025714941681186,0.0032396388594903274,-0.0016490802429309042
-0.07864747612540625,-0.00327612036254056,-0.03718515446657615,-0.005400902796435262,-0.0007450791762707793,-0.0020359304679778583,0.001303706944208921,0.0039472886022999835
0.1703752779766969,-0.00780047326894074,0.08230483913426906,0.018624458280315625,0.0016074990688879109,-0.0005505582082235838,0.04208876395224235,-0.0015942399838338092
-0.07939431671643042,0.0014098953791115143,-0.07441704698737095,-0.010305645804343845,-0.00011549928305062962,-0.00157859668522821,-0.019447804999096985,-0.0019310886315123694
0.012125296829959501,-0.0035644363304213004,-0.06948156481483174,0.01131096539071598,-0.0006406245614135817,0.0012756652187130898,-0.007724283978337278,0.0010159513118202098
-0.07456073158856534,-0.00536484938782971,-0.00978103880297227,-0.00010512520754554777,-0.000515009015552579,0.0007700386556634931,-0.02444841994558581,-0.0016529783831920658
-0.08595999417375924,0.00025317952018279324,-0.024777817659093742,0.009269959039153534,-6.935583769653031e-05,0.00047448630563682947,0.03118279004663635,0.0006383372489447195
0.02522526971902343,-0.004256933976327532,-0.022964927730619783,0.01934686032557314,-0.0015557316248291583,0.0014152120302551832,0.038607681513091754,0.001029687529340114
-0.09701484655495515,-0.004915722931841981,0.024858425463165593,0.007345098167923472,0.0022544981816601493,-0.0005516282105749865,-0.03723272054449032,0.0038107999345448848
0.039057053076794544,0.0030669132901864674,-0.0049606350470404285,-0.017623607349265883,0.005531058277635798,-0.0011606227105013139,-0.04694516465371569,-0.0002044263686278823
0.0749359338490432,0.0016213595187575536,-0.05472889839916884,0.004347857533986445,-0.0019750644060278254,-0.0013340762944422317,-0.0015383466187472317,-0.0016274921193864152
0.15822280010845155,-0.00586662017117277,0.01106816745758995,0.0043335352563397,-0.002203715958802553,-0.0016726640425862214,-0.03686361681397363,-0.0007647541524316293
-0.012049397547002802,-0.006345907145612323,0.02907648022359179,0.011123220644318832,-0.001250406984903668,-0.001610191393125699,0.023849255951877157,-0.0016779492052277005
-0.02811974737843003,0.005104245877928214,-0.07594017823764315,-0.004941711999901648,0.005200936944888363,0.0012842881514099763,0.028632631190060563,-0.002606560018771407
0.00815763762852019,-0.0024485602703808907,0.09345846039264384,-0.00881423028060591,-0.0033042823208528694,-0.0001282967099393989,0.028663042652638023,-0.0011374645652713086
0.12555000250717785,-0.006184157726135584,-0.025174566471206486,0.005362249107607579,-0.0025674496964990497,-0.00147621375468511,-0.03185512163346663,-0.001989227838654586
0.22238535034698556,-0.008949880581205048,0.060404998706577125,0.014035619683484149,0.004169744347815189,0.0028520880233150084,-0.005022503595666191,-0.0014412402328169427
-0.12798979208112093,-0.0016529565091407217,0.04916439864071017,-0.008960560145186003,-0.0011789115028735225,0.0019103318479649634,-0.03579165034497751,-0.0022171844961534374
-0.11186451755919655,-0.008318862670014868,-0.05587548179612937,0.016137468159222092,0.0002600754669976335,-0.0014620327191194025,0.027750754843356474,-0.0002655573453668869
-0.09059383436632866,-0.0014916461984595922,0.05226201832845331,-0.003176928560773638,-0.0003964180267674172,0.0013114920801381542,0.015046593444287796,0.004170891423339691
0.0004615972429772783,0.0011399453755470406,-0.02233244078566124,0.012111051125980467,-0.001837893812251778,-0.0017270702131600701,-0.009195874574094098,-0.0016755436970095864
0.020152632020886192,-0.004486850752105112,0.08810924182155874,0.003359531124972254,0.004079106089588432,-0.00334997929241247,0.01995436515559499,0.0009536230305438043
0.03110036347755383,-0.002332334783281434,-0.06954979497667935,0.008146636523201398,-0.0022657230406853703,0.004667937453310971,-0.031201996929281075,-0.0008355628532486781
0.004579543802705583,-0.004899419859908503,0.14577569985856956,0.0017468146148721176,-0.0029741179501551187,0.003067021460546935,0.03404296709080678,-0.0014274040356608841
0.008550133130218544,0.008317196881394862,-0.08359005720179208,-0.015808796663504265,0.006037785013872559,-0.0009307155202931405,-0.00859890639625497,0.0017203213299066455
-0.05069030320792799,-0.0007769185497376066,-0.06074812298077976,0.01754649176331115,-0.000776827765863111,-0.001119620627693617,0.004884096038214158,-0.0003742365027383371
0.05686955418145502,9.876035898906399e-05,0.03728101561028336,-0.003425464459936567,-0.0012941414846782712,0.004976692905834243,-0.002097689912680825,-0.0004952316876241418
-0.0007727505439614308,0.005621988139025253,-0.09724412919508611,-0.0188567263661698,-0.0010764343037117997,-0.0021728339884009534,-0.02168426835074431,0.0003487685462957024
-0.09087860281240659,-0.0020643847072151335,-0.08103723907020598,-0.012957067276909718,-0.0018983314050519883,-0.0010756655681712689,-0.02191438601690168,-0.001063856993705481
-0.09578320136295884,0.003193723208514278,0.10069834907691717,-0.0016854548115548022,0.003085859077228668,-0.0006142224616878852,0.049488320553500394,-0.0005162866611506875
-0.01915448323307634,-0.0067964529731369145,-0.014701485915298625,0.014695872464972958,-0.0008863457931301624,-0.0014632545324258,0.004436245849569402,-0.001441999248959
-0.04409003639623312,-0.009981611175738453,0.07408368207603863,0.00969798011601048,-0.0002076889483829912,-0.0019736794968719974,0.003596650251263413,-0.0016059249984133794
-0.05193704298691217,-0.004047911904242066,0.07017948435444296,4.660459881938167e-05,0.003738956891938606,0.0031013995563478718,0.0015066140576226413,-0.00028772889411430696
0.1467933545428083,-0.0017771413795174631,-0.0508426612690473,-0.006893110478791416,0.004721531153757103,-0.0012692305600661702,-0.030986066928959936,-0.0023640683413380893
0.10713007493159511,0.009750093778162685,0.07707566676382825,-0.017063773056682843,0.002811282829325207,-0.0010275595106255808,-0.004674131122797466,-0.00170213430576187
0.02523412567847181,-0.0038457734828449405,0.1016771313162806,-0.001366194166184237,-0.0006339873475608993,0.0035287283992660426,-0.04231357155176474,-0.0008236280493593181
0.027695058923078966,-0.007998769230324953,0.07373504376445501,0.0015971369793850373,0.0057707062962404805,0.004963153393492069,0.030458294311810373,-0.0016975387849084977
-0.02635616399693793,-0.006566929813353371,-0.028377339613072806,0.012536653030953363,-0.001461321346751504,0.002728837819580437,0.02581704396533977,-0.0025487131972623013
-0.10357811448305884,0.007156045646450257,-0.07316970927141035,-0.015881329977168648,-0.0013071918869849658,-0.0010200220620209255,0.048159213158311946,-0.0014108647870921063
-0.10494617284844396,-0.0012202525541422518,-0.02460750286057841,-0.014079400179119851,0.0033331529909575073,0.0009155970082737053,-0.015205951221773144,-0.0019021280300241176
0.15667567850513073,-0.0014025651169137668,-0.07791986155393024,-0.013289478495936922,-0.002140275086950648,0.000805262976383038,-0.04144866743063673,0.0010913544794740656
-0.013703988011792623,-0.007450055574457024,0.06164777943378593,0.00028061223025293604,0.0006550070729314879,-0.0034340643022596597,-0.034252165072923224,0.006570343105655009
-0.008345828464004904,0.0034830210543606104,-0.08791495864522353,-0.017373696153677256,-0.002168977039765659,0.001867712268374045,0.0008683485894490639,-0.0010821627203176794
-0.01814278417630491,0.008214462598378906,-0.08831503524175716,-0.007696232502817025,0.002208634636605574,0.004019645905568617,-0.010322819346907179,-0.00012944460852011563
0.03805318828028748,0.004143884726965781,-0.030206755662750353,-0.010153113296479369,-0.0026599990136149804,0.0018169209807130115,0.004016087839369222,0.008409439478568927
0.1858462198759638,0.008864136313649209,-0.07868201824468007,0.000257318557743455,0.0016968869469284437,0.00030567600842485256,-0.026988222669732873,-0.0016998434315799883
-0.07349510430714264,0.0019817596192589046,-0.074329157258144,-0.007011301951891075,-0.0009740268582026559,-0.0006549683801898576,0.03912801129865767,-0.0024205471092903948
-0.02484393868275426,0.009334591840328874,-0.0375703319400576,0.022306365687711622,-0.0007452360051556804,-0.0005290904971445645,-0.018144557079876868,0.004239040873531508
0.05972443926261822,-0.005878544062193898,-0.05503666510377179,0.002705514851763565,-0.0025323741013636293,-0.002285948541875837,0.012311786715054385,-0.0020710839119826205
0.008339060568698344,-0.0035973485434514624,0.11793030614500094,0.010974337700178496,0.0008469012014323846,0.0013643298736021384,-0.04201502764193402,0.00021766201942811925
0.049550115342203604,-0.012558393453749499,0.1105650827342523,0.01107626200973262,-0.0010489550666803174,-0.0003519989335370305,0.00012343571164807887,-0.0001293937033254501
-0.04632413984181022,-0.0023956052086197685,-0.08973093427242598,-0.011197714935885816,0.0027542384768440287,-0.0015386131175997191,-0.03982070969899939,-0.0019288147475075219
-0.0768521228880498,-0.0038807024602058498,-0.07036604498688757,0.0005509357942383722,0.0003073503174142733,0.006364794418405102,-0.012593087079481731,0.0029572667427495815
0.08841178794157858,-0.007668680781637955,-0.09493840841395397,0.001987498164554743,-0.002182546772820492,0.0020796954183029356,0.013329515569476737,0.0033440314512791594
-0.0812018355250733,0.013497527690059201,0.09590446448811146,0.00990594065893909,-0.0012557370684525336,-0.0006755619700298532,0.02379418662334698,0.0029376075582888276
0.037313958184699084,0.0015393876769559916,0.05548720519705918,-0.010645272671361344,0.004375256485743711,0.0020684220827068213,-0.038173918068696376,-0.0008384661612047956
-0.060738175007140974,0.005701885291782835,0.010903900597480047,0.013109320772425085,0.0016170995842774939,-0.0013125682581689886,-0.02690727196740897,-0.00019423973612086448
-0.1077121847850717,0.0006539532495160594,-0.08681928317466521,0.013003777467869834,-0.0020952971828880037,0.0028241422621654716,-0.034226190923904505,-0.002045831491708626
0.1340868343926944,-6.759596330954687e-05,-0.006124698725814414,0.005753537759144178,-0.00061054277132507,0.005499255053391423,-0.00964020516522519,0.003813532399898644
0.17816117995796132,-0.004603935190277326,0.06820217726800194,0.00041338862750861516,-0.0027753004990786305,0.001258963240760748,0.020228385161449938,0.007431123765739631
-0.10317378727698555,0.007263112691318876,-0.011158870588756304,-0.00713751722027621,0.002307953842653397,0.0008162453622137551,-8.324781804489112e-05,-3.146870866566065e-05
-0.010427792491243131,0.0027285015679636574,0.10742494199334379,-0.0028046890362265486,-0.0030898726929407994,0.004323750232650337,0.03294399189446069,0.00399297631876983
-0.08802784144917725,-0.004919846957764018,0.1120163927333501,-0.007282105193309649,0.007056256985663961,0.0013906885267802663,0.022047081634978472,-0.0015261960155407745
0.13403216097247395,0.0022706793480516984,-0.05917075453929476,0.005795357216399688,0.002311029224589565,0.002885030084469263,0.039291445432156714,-0.0023212877425158873
-0.06896729014436821,0.007736699932557122,-0.006478668426965326,-0.012592401499739884,0.0014544457003322798,-0.0004652117654985258,0.01117982698563415,0.00011386408177091467
-0.10326180462906653,-0.003408009305970052,0.027940903660658805,-0.01020796626511792,-0.0005050244761692223,-0.003251260678635099,-0.022034914415655714,0.0006114580932702063
0.08174838552937719,0.009085165042236403,-0.0811486705329974,0.01970935770635318,0.007948279986798108,0.0015769053711107944,0.02847311850456256,-0.0023051510073331255
0.11846194394601736,0.008069783490343499,-0.027312880590395404,0.015416915285527012,-0.0016755448568610385,-0.001535819820712117,-0.035522165567592946,0.004511994126517933
0.01942468546758228,0.005583470609173549,0.04108096783904993,0.015654494848265442,3.704629755661715e-05,-0.0005178938610935343,0.006471623149531405,-0.001593224734663343
-0.019279868969722645,0.016008489194865787,-0.04257447633519911,0.014032220057890371,-0.0012296212847437398,-0.0002484332198324935,0.04356870197389119,-0.0017892081323573775
0.15973140751118833,-0.005295766411953252,0.010340023037064935,-0.004707347909868703,-0.002581890354239451,-0.0010032536560679317,-0.02311165840388521,-0.002552934155693008
0.03859865304598544,-0.008646080110972216,-0.0236563767181545,0.004434764649179588,-0.0017162027426414228,-0.0007898023715356275,0.03581122674858842,-3.343032788030026e-05
-0.10851066230226873,0.008233216768846214,-0.05832228507193112,0.0006024062332611602,-0.0017114094227863878,-0.0008305726753241438,-0.009347192070237266,-0.0007164286951987913
-0.09876658048690642,0.004790288817551051,0.07626346640803874,0.0012026596551631236,-0.0005582474939075913,0.0028472727408713544,0.010842486669163107,0.0014148155204124842
-0.09269413433990804,0.0013262898604069432,-0.007300662742379845,-0.013075067080060149,-0.001774993177592296,0.0006124920506269393,0.023211210910893253,0.0032407521370434434
0.007198836968680281,-0.004886057283898771,0.11698399599431113,-0.009898544882539875,-0.002386122189410214,0.005464163601328588,-0.010384107746625609,0.003232858928814824
0.03643784199558717,-0.0036133177014216708,-0.031139574211956362,-0.0028799072957309633,-0.0028471729300243854,-0.0014763976022345265,-0.04368219940721622,0.0009414773634233778
0.19339666869483446,0.0030649471824670664,-0.1317270732836758,0.012182495334184041,-0.0031792478256455954,0.0006250480731156416,0.008708825203113666,0.007567320801041298
0.03365284748236156,0.004110999597421894,-0.03317965954727536,0.009266118616432244,0.0011825061976497159,0.004027259327739311,0.03701829149578475,0.008720667031448139
-0.12348154926682725,-0.0008215790264329364,0.1274648669479297,-0.005864892320210734,-0.001306500668720391,0.0033572526230872955,0.056714052517080754,-0.0007698737364759747
0.18855984329872155,-0.0025150774213768567,-0.05599306091419188,-0.007305891394466171,-0.002527023534063044,-0.0021030130299286368,-0.00817544139692602,-0.0018120703464094556
0.18694421048693727,-0.0008519248175870716,-0.1222701649402643,-0.005497595478974545,-0.0007183431971883175,0.005786494957284136,-0.04068373814640692,0.00577772077758011
0.15398370326460684,0.01233733682397211,-0.07217094117993515,-0.014792839690797574,-0.002577101095613635,0.0038447829134828485,0.02325662044797226,-0.001473266165772133
-0.08879229007813785,0.0025841664702408876,-0.020022704874800706,0.018981752709487876,0.0038337717310125523,-0.0015734646804991806,-0.03449709455055874,0.0005634098361779194
0.22325510247566357,-0.010953937455740678,0.178655811579059,-0.016190699756609247,0.0027392714438708166,0.006077376510287269,0.035874132462043594,0.004275874906512427
0.26471304052315564,-0.005896743194756496,0.17654257498027498,0.009316371049407707,0.009996762210173416,-0.002144664919658349,-0.04071138911297925,-0.0016220377373102335
-0.08617796521500526,0.005890580502714466,0.0030553454191116925,-0.004710060129970779,-0.0008672836973121628,0.0010884375688326679,-0.026755946368590144,0.004001694499564952
0.12193827051362534,-0.0022703663243041627,-0.014303513453005613,-0.01103992059317242,0.0,0.00625445004568991,0.005771414984783087,-0.0027523227785823884
-0.10463192926839088,-0.00643691901688489,0.1062426364251997,0.004225449004593048,-0.0011810889104694412,-0.000917775718083963,-0.03105425131538564,-0.0022283260513985864
-0.09319861938834048,0.007331856297730214,-0.006309953984700558,0.017521235294757048,-0.0009793251636628364,-0.0013201572247308084,-0.037976023876017034,0.0037238020872563905
-0.12363480513201429,0.0017612774931921593,-0.05740242979973496,-0.009010297895723794,-0.0025062323195683394,-0.0016296383373512894,0.009783366878605143,-0.0016175277982906832
-0.12183781963763232,-0.002761431593943386,-0.02055087389687786,0.019124919368579397,0.0009119993771817708,-0.0004020087118311033,0.04622117959582658,-0.0013113459627755778
0.041498629714528626,0.023681112511689674,0.09249420789949417,0.010944573382666075,0.0015129947180793654,-0.0002102625053393703,0.039598789924438535,-0.0008374411771190356
-0.07609199527142192,0.01303623050905051,0.1071723779038117,-0.015428329812285597,0.0010704935871762439,0.004237811067409761,0.04565911414070697,0.006334605766374007
-0.11358806364102764,0.007243949208868751,-0.0005744362479517123,0.003633507615802452,0.0030454471830824986,0.002071319465714672,0.012949797084828215,-0.0008947800025293853
-0.10099583073360441,0.000329461492307481,0.10079035598763372,0.007847715958561237,-0.00030149855477274237,0.0010458624979176306,0.009975934878308817,-0.00035711972387996403
-0.0036270118973499577,-0.000929048871099631,-0.09709666540822914,0.0014978711977009487,-6.972380543421308e-05,-0.0011042620567961012,-0.032798275341948804,-0.0015142287134167225
-0.09852315061096815,0.0034625481104333627,0.011148691306180073,-0.019661602720419044,-0.002175208915608301,0.0008765359616893786,-0.017994364236938728,-0.0020002940804346
-0.07024298958163694,-0.0013989526386270399,-0.06304240735037886,-0.008950158371401201,0.0006468814907835269,0.0032312227293159784,0.016478311487048897,0.0033928695660831783
-0.0041126543168168075,0.005505276766689653,-0.04887997964801995,-0.014344991811814537,-0.0007035321206657982,-0.0005824541634960705,0.05095135906499422,-0.0025172147321268295
-0.11789380249579086,0.013532151683704786,0.12005008175558834,0.016535862978708692,0.0033113437956620376,-0.0004215884913193703,0.02197494160723872,-0.0003141484077564885
-0.0769341836661014,0.00860245938680153,0.048060023753219404,0.002734667882124969,0.004219849198675184,0.0001556181405139856,0.019001149364686356,-0.0010425728334286302
0.029614828841926233,-0.0017537742335988998,-0.10265037559412765,-0.007214517827079361,-0.0006147396902106833,-0.0019624231388875217,-0.03025558010833144,-0.0013303000959385316
0.06970820850183641,-0.0015174329280928938,-0.06749957778176417,-0.009261387771574977,0.005171493663045664,-0.0014524502199586037,-0.03510135381526423,0.0015316295050127535
-0.040017502668659964,0.0010452128921323378,0.11802325218276855,-0.011098880733190233,-0.0014959813452431173,-0.001233527743883091,0.024912252268967112,0.0003439686898438349
0.015293699572305287,0.01112485663659754,-0.010402877586789946,-0.011386971582867746,-0.003118803847643983,0.0001356952838395334,0.030319196895120585,0.006224761139439956
-0.08473106784281863,0.005374876294104296,0.09155412027765109,0.009173443303609785,-0.00226191548622524,-0.00040261433180972805,-0.0482078971523899,0.004431135832656276
-0.07840602354114135,0.003476451306254013,0.03504873074847126,-0.005699263666708541,-0.00018851505133367363,-0.0012761240102377076,-0.04466393564473095,-0.0019037831535283654
-0.04119457459102015,0.0026363284197598764,-0.07502795325330222,-0.008011036757326312,0.0024034587543178,-0.002119099511735991,-0.025668554768204708,0.004087615811604038
0.14540415089708048,-0.00031475670147962376,0.07391533543749758,-0.005783118809512859,-0.003284322369462362,0.0025923140209685547,-0.027978204255343996,-0.002043816730610766
-0.07413501662713014,-0.00023811289029049276,-0.05343338790238238,-0.012964310061208554,0.003930364194457796,0.005644916529945148,-0.024108316375219208,-0.0029492752495950425
-0.0921112437816172,0.0015193366921323003,0.10158952251660074,0.006002492674086176,-0.0008791779077816503,-0.0009091544417521243,0.05228718898977984,-0.0009446930533769758
0.18428914537670985,0.0,-0.05894417240528356,0.009304482227513877,0.0024762198857228236,-0.00012342225363025372,-0.04527614487031636,0.003540493315936298
-0.09003066161935672,0.002224094869009695,-0.07559041932192116,0.014008743157014692,0.0009219848918247855,0.0003784624919269952,-0.04002718574923168,0.0004719041803519228
-0.1373291029169045,0.01007675374721269,0.11146399932544879,0.01675202863907036,0.0010227627456767354,0.0009483312021802889,0.03835116254867839,-5.706114204626772e-05
0.09362286277380066,0.007361859740237314,-0.1182235145302461,-0.007433384322103729,-0.0017873847596316106,0.005464716033128271,-0.03840236493252296,0.004868045770558546
0.03487673500652641,0.0060735456085349825,0.07119690527408766,-0.003370887606023069,0.0024214061702798324,-0.002350968841871097,-0.03873755352900643,-0.0018965208500798386
-0.05154188820656075,0.0,-0.04689110374624855,-0.013094829262305523,-0.0016466176626936113,0.001819791712051988,0.039348099171868496,0.004756053316411164
-0.0028340640165545467,0.006266259624877926,-0.05708232478783781,-0.015042639335468714,-0.0025691713324115413,-0.00042715580806846037,-0.012171814048065652,0.0006166402651942293
0.058706928241620944,9.242496569608627e-05,-0.10079376100076386,-0.01670358802919676,-0.002495057336901932,0.0039041539182572034,-0.02150441517663481,-0.0019511294327673873
-0.08248811974406316,0.004119190485525411,0.014321337272070085,-0.011170634708090139,0.001296942064637358,0.0009107905328687447,0.028460791385503392,-0.0010293641233085488
0.19155187308304084,-0.008065602465826145,-0.09767074055220205,0.008038272083748656,-0.0025652969393965006,0.0008642250790035083,-0.04272284560484737,-0.0014142149143755835
-0.11227846255505078,-0.004493362732130131,0.0046535680625109255,-0.010749779279307689,-0.0012120674540942798,7.529115172991152e-05,0.007894958020858534,-9.264596807446989e-05
0.1546788844583594,-0.0013282953099505602,-0.0961936864843201,-0.0129015603809161,0.004570408464170976,0.006818455092871018,-0.038123245926052686,0.001320470018180614
0.05297617270155196,-0.005635477558242113,-0.09276253201365947,0.0011318816658090966,0.011158934224544831,-0.002162945721673332,0.04677607996628481,0.0034847752916195712
-0.12901522077042837,-0.004370725518835553,0.06465763658473192,0.0032174175614006918,0.0016330035470690024,0.0003438436031919772,0.05031081692608685,-0.0015975535017787698
0.034750018846008854,-0.006015820471911345,0.038440981295746864,-0.0028991960922478146,0.0019204109596771695,0.0006676401255391318,0.03212337374616337,0.002783558421088085
-0.1135167504157955,-0.003746914725292951,0.0936861773483392,0.00020067732378278857,-0.0022175682164594784,-0.0005072095969408949,-0.04251970793760315,-0.00036059319557741134
-0.016179817858698292,0.0065495672830012605,0.11665839856398566,-0.007294228240782668,0.0022555175562857695,-0.0013390595031558955,-0.04968767660464777,-0.0018147092489657732
0.14174732498609036,-0.012507326613135208,0.1499772470116851,-0.01194688692658922,-0.00030713051893338505,-0.00100885280123762,0.028552405498356713,0.0025437822477928744
0.19726690132207128,-0.002133203913640247,0.13480854197453518,-0.013810710013971364,0.0,0.0044801486190468275,-0.014170486971902674,0.004099969151476411
-0.07588591467807188,0.010786010416055121,-0.08044734826726292,0.014079958831665502,0.0021058249741609794,0.001491830151879333,0.007312786102655749,0.001230910026814136
-0.015928401497739657,0.0020138631029449077,0.04396784588546202,-0.015841712567790805,-0.0032464239154610898,0.0018733621260205655,0.020298857665364003,-0.0025446487577891995
-0.12636839778922498,-0.00278025124220603,0.0748583729930951,0.013513139301104714,-0.0006075708156933176,0.0013759925373734196,-0.011117108415118716,-0.0005749519397570679
-0.04457453972206817,0.004936582394205321,0.014145138280970148,-0.004374327299688267,-0.001956705215527414,0.0019256639873189846,-0.03957652639515843,-0.0015262012755181387
-0.039325303485157295,-0.004611133087935015,-0.03932447889897022,0.01689658074091392,-0.0015280787939880728,-0.0021465665514925495,-0.03877452370325478,0.0017338899661019924
0.17422563770030666,0.004328120309156717,0.056827206484984745,-0.016620316017347442,0.001087567672508951,-0.0009184692817113538,-0.008603913386506257,-0.0009583155600281902
-0.05754814602787417,-0.006012813458830514,0.004581809401772804,-0.01591349331902634,-0.0012557191782594456,-0.0006768355280548366,0.030548009393003304,0.0042004361516199545
-0.06280601653447927,-0.004581964576909812,0.07329582686912062,-0.011323117796431541,0.00696115753565027,-0.0007439752832490622,-0.0038829615323196375,-0.0011464737485789302
0.0009763010118862597,-0.00242193489141757,-0.01696538740786364,-0.013161421780636656,0.00045920403534117915,-0.0018571918091721334,-0.012974514538595133,0.0026733081600563546
0.012267507867220565,-0.0015386389897080789,0.0858201635025176,0.005915581045929293,-0.00041915193328214556,-0.0023621675464863736,-0.04100445850109077,-0.0023563305840818326
-0.11505710089985093,0.005062983126478085,-0.009584916334532597,0.01190145369538357,-0.0014825880612222423,-0.001199211824088331,0.013935520844346547,-0.0014390828820716526
0.020692670935982718,-0.0022533993236198147,0.1448687628632686,-0.00803453748793388,0.0042629682352963065,0.007993251796047263,-0.0366966246179453,0.0033692656728828117
0.1993176631441331,0.014716868484127461,-0.09479199050951755,-0.0008899454213618121,-0.003748674341956407,0.0033083810890624813,0.01085839938209129,0.0004848894469882681
-0.11131844543487826,-0.003432383155362716,-0.08458599981387546,0.004335230219350244,-0.0015730756450024848,-0.001606622920787975,-0.004822439839531371,0.0020926516842136034
0.02810595765241994,-0.003500585223405508,-0.0921318997579967,-0.0029091491016543817,0.0,-0.0020272252942388352,-0.013322755946613243,-0.0022194196316434375
0.07307106162438787,-0.0036102292848074723,-0.05583129677974945,0.016957943898276283,0.014833465830585197,0.003728078671932568,-0.03357409059255561,-0.000576076743715865
-0.09931530212521844,-0.0026672033848929412,-0.09064473909094589,-0.005434913611205919,0.008594635365494048,-0.0007698619187649636,-0.013664616414468958,-0.0010213149597304524
-0.12358712529521233,0.007826929282861543,0.028587710052823834,0.011051259543444544,-0.0019833640678995975,0.001354929447796266,-0.02601199514474545,-0.0008015495450896803
-0.07013124076762244,0.005135975939877682,-0.00884921568216808,0.0070097516487661205,-0.0014145234352337303,-0.0011838477221067512,-0.011643865269391034,-0.0016794057489045132
-0.08350452944021504,-9.559841058759657e-05,-0.06458347814104164,-0.006896101579906442,-0.0019056550768605384,-0.002683361588267103,-0.015696936266077755,0.00038205949836853104
-0.03147907142639809,0.0164088968296648,-0.06565334939501274,0.017679443534710296,-0.00027311316078058173,-0.0009680443046363306,0.05077221042960355,-0.0011494887776980032
-0.0020301652519642012,-2.9407675727621818e-05,-0.09258268730089134,-0.0033588215849228555,-0.0010251061606216733,-0.001449560878241416,-0.03789662078727492,-0.0011508840236854425
-0.028997630546844743,-0.006291668549114044,0.1049101372889813,0.00624598938713811,-0.0009387894041494593,-0.0024388836859734232,0.004382277300861611,0.003855018954922393
-0.12515040520745133,0.0027749353636045047,-0.036363071633689084,0.011395654068793153,-0.001163068688653776,-0.00130963372068291,0.028160947348613147,-0.0013652554240613922
0.2200013884473336,-0.0021637908076172956,0.023517785470999003,0.004077472895073887,-0.0031009336040984567,-0.001220669388658949,0.02446355076025598,-0.0010049903104273339
-0.09519430775233066,-0.005476188877557911,-0.0872134463851799,0.019796758686713656,-0.0024797776122200315,-0.0014782803679146694,-0.008962449329212425,-0.001734222295344513
0.04514903396575542,-0.00245652194532388,-0.04263776928074065,-0.016137571961009897,0.008793002229627195,-0.0023926741375970956,-0.011305786933576877,-0.0005955545350957991
0.16309578326604154,0.014905251736545931,-0.04572203252758041,0.0030356899472053743,-0.002247870202360558,0.0012933604103774314,0.041674825263468246,0.0020175160761621005
-0.0800442853662609,-0.0027199863776250933,-0.016610831429062726,0.008206720666374187,-8.17342847941327e-05,0.003133847504235047,-0.03878135215180841,-0.0024638549651174067
-0.0782513538730142,-0.004089832480680969,-0.06703861108373642,-0.0030836606394563128,0.002293610695830839,0.0034179010681314424,-0.010984487722702326,-0.0028990486504333257
-0.10345361466155338,-0.0020805033680081665,-0.0733958764480955,0.017331934815279334,-0.0018671997057928464,-0.0002629725551837325,-0.029987629908232432,-0.0012770781958569499
-0.05809265088150598,0.005277601135190599,-0.08406274310053907,-0.020059530737719024,0.0,-0.00013577090850969142,0.023454604701950772,-0.001772745048205963
0.13069002937704668,-0.006619200691075313,-0.055765320857257036,-0.0032797717576018956,-0.004578941238042176,-0.001642300489970966,0.025214954330779946,0.0071605438347486705
0.025224925988243788,0.00987987687082743,0.023678727080055226,-0.007599842727635441,0.0018285240130255238,0.00034094000019459225,-0.00409853719890889,0.002268428819524873
0.0829810479759526,0.003172301964938535,0.1022634443285887,-0.016249830221470578,0.0003393529920265592,0.001676830193324152,0.05684013297852517,-0.001319897627379793
-0.07732783439473952,-0.003709032210432679,-0.021127027083748303,-0.013596431820311472,0.002990988428940189,0.0009159481753637927,0.01664490814432706,0.0035286992618291674
0.15323995821676142,0.015533704421330279,0.03641407499993038,-0.013608531105977083,0.0,-0.00024060890445717908,0.004340171761988983,0.0020367184740147748
-0.05790722485388949,-0.0033105413280297624,-0.0744778207745629,-0.007156038363507793,-0.0005610703420753094,0.003574308084397472,-0.02691834412742699,0.003817270288395375
-0.12394010946341978,-0.003342014460349205,0.030382973885041364,0.0166490226168343,-0.0018923549110643097,0.0029563394234528965,-0.03910911067669762,-0.0018664679217797187
-0.09761823118872738,-0.002623233928194366,-0.08558229622445115,-0.007238016636375346,-0.0008822860897406765,-0.001195604696322014,-0.016577408683634668,0.0016346683573433274
-0.015506798935033681,-0.005966545824938875,0.03100688980993106,-0.00013076380359750006,0.0020479294998938793,-0.0020403081147574286,0.025674638588281277,-0.00028586091773046696
-0.022150585451398423,-0.0029380740463959805,-0.005680077584197293,-0.007780448264524664,0.008203477969465762,-0.0009573525741363373,-0.01935644098200549,-0.0016247784583343734
0.13536529896237,0.00700894347478477,0.09032101936933407,0.004718071269420581,-0.0019486469109988715,0.000284542647799535,0.04247897122848319,0.005812938716446396
-0.05750754898163,-0.00708201592013632,-0.08497857475649774,0.013896549365107133,0.00143738502572828,-0.0019212746574061763,0.03201925867852333,0.0035565318675845926
-0.1013854303548683,-0.0004960765530427624,-0.08933790451447511,0.0016120356290059822,0.002259979085334753,0.006821342368489964,-0.036095212745840856,0.0032252138323886695
0.15251285879953044,0.00824885473842982,-0.02325155047339177,-0.0016916303024660647,0.00044473432079594755,-0.0008093312918746266,0.04238255857106595,-0.002434646402277685
-0.023065835152852918,0.0019429921432297548,-0.0624133965087506,-0.006705575075178928,0.0010681365226566097,0.00130819466388277,0.047250634985928124,0.006054820019778355
-0.090398539482991,-0.0008899417766770009,-0.07653330780288206,-0.0019811619387533224,0.0009184230727753984,-0.001379757429353862,0.023759803444319622,0.0011183695843834827
-0.06172890347163776,-0.0019285803335121262,-0.044105784387615754,-0.0032596632037312024,-0.0014639193258921823,-0.0015702406080957735,-0.028801503403308146,-0.0022865691623900034
-0.09945911049237531,-0.00540111049663165,0.10100180745756418,-0.0008980019727005129,-0.0019354755465913356,0.0,-0.03880158593329792,-0.0010915023389724957
-0.05673235592197027,-0.007529096380981789,-0.002075987022869301,0.006444589966122474,0.0018107115215851449,-0.00039724889530351893,0.017912851486471145,-0.000309876788500113
-0.0259967949527946,0.0024026237348296854,0.003122477661237296,0.000578113174260443,0.004404957393020744,-0.0011103171340304024,-0.047723411575183755,-0.00030710983013682025
-0.11395674744523557,-0.0037652539981892223,-0.0521774695055514,0.015228011850842247,-0.0023928052409404733,-0.0020608371949923663,-0.024793009915085828,0.0017579924918851852
-0.11899340508632608,-0.005865580365898013,-0.08768506211809468,-0.01343769973050396,0.0008602630746846196,-0.0012764980096326192,0.038562275434964086,0.002371497211698126
0.14146953128378323,0.005006245252100616,-0.020392788251471193,0.016398451248102033,-0.0019230191878606155,0.00021754556882874754,-0.0071735893725217575,0.0043863061879129955
-0.10310047713242722,-0.00832916601374074,0.0847101703008562,0.004918784712230249,0.0022950539775333976,0.0004986802448030403,-0.015957928003722383,-0.0017573723329306595
-0.007597033022810415,-0.005230912244111089,-0.005916055770807278,0.004449591225389636,0.0026805423421144203,0.009389399658618763,0.0012475651911548413,0.00022680796722089418
0.10268320146261355,-0.0041589643022521584,-0.11741167573350265,-0.013388530042224176,-0.0014569410095532976,0.002857828851197411,-0.0031022427346539443,-0.0018630801995967565
0.00466200169513589,-0.006585846549034495,0.018563632266548526,0.0011197848627804794,-0.0020312533818155065,-0.0020768616506730993,-0.013576629803224412,0.003170696326412305
-0.10340256739680327,-0.006931618677039998,0.023295294548574957,0.010853502802278375,0.0029923285708330347,-0.0006409805443963315,0.00045004531700629236,-0.0020979732734003535
-0.1136773336619045,7.444036921654129e-05,0.004005824007285106,-0.01206504016603258,-0.002547880848727985,-0.0025221419367640083,0.04252779699251001,0.002676723329635094
-0.10560134872650842,0.000492027222359912,0.0698235765140651,-0.015643620714156845,0.0009489768780224628,-0.001241983862296912,0.02215277514254909,-0.00036621845001548817
-0.09882406096583204,-0.008590482123839656,-0.020267793554645076,-0.010591873494792767,0.0018829566954445265,-0.0021752334865215604,0.03620798253982392,-0.0021599802745104163
-0.08680674763439275,0.014353915761852971,0.13929728647055933,0.022096473848795203,3.2096044311424876e-05,-0.0019281687665056967,0.04484155060299971,-0.00022899931002576233
0.07179773322306882,-0.005477863964635483,-0.03893852944896745,0.0025920779408137363,-0.0035289566503921873,-0.0011085974701432913,0.014830515889046688,-0.0009686349495079544
-0.01533469886979531,-0.002258731188117383,-0.09286530032168015,-0.0006830793724913144,-0.0008202959885555501,0.0022052947257692637,0.02908849275375352,0.00029439521980065275
0.01679151253961775,0.0007289041743427094,-0.09301587979765785,-0.01188067705021446,-0.00213288760311858,-0.000580212566253292,-0.027989675491914553,0.004233201487616771
0.05625338899108377,0.0011990624130421607,0.15324871568747617,0.01675210916303717,-0.0010081993285998292,-0.003279715633337797,-0.0173996310850956,0.0006988463454068316
0.12219094861204723,-0.005347684194015868,0.11835560003232619,-0.0187445159008434,-0.0031469369144396836,0.0018564418308806819,0.008526015597580228,-0.001470480430662502
0.017352215150632046,-0.009505142816416099,0.005114994911265465,-0.0035535642278456325,0.00022757929321766401,-0.0008136345091839363,0.04669820660824588,-0.0016508211295533427
-0.016980119054940755,-0.0014358436355904752,0.04676413879679633,0.023332024437050042,0.004650561029162715,0.004163675773531142,-0.04324699178391069,-0.0017417138195377129
0.06418717015899815,-0.0031210646249844286,-0.06348906577691109,0.011093589594308922,-0.0005931678760359785,0.007836376411568926,-0.03662743175612561,0.0018094153877182453
-0.11116376177629132,0.0065999927939922685,-0.0003921875505849409,0.01936788398734053,0.0005312879964553171,0.003968907091299,0.004829581325833878,0.004521774640397232
0.03847374499977275,-0.005870388138608935,0.12957062516908588,0.0051703879098317215,0.0017979631773769164,0.005619080028378901,-0.03972545377584374,-0.0020210458028419587
-0.0725904841400592,0.0073887728647374865,-0.10221393024668168,0.0019166694365286949,0.0009727663186198943,-0.0010956203320251926,0.03823087577990209,-0.0014092784256900725
-0.027323721078332804,0.005000001290743535,-0.08135244351675865,-0.013443172335243838,-0.0013110981224732903,0.0013657318772818117,-0.03328141691252687,-0.0018882631877988442
-0.0565894635261255,0.005920073078191901,-0.041377734311990974,0.018502540931981074,0.0052994830821472,0.003045692399159439,0.021604917691401535,-0.0014668196721351612
0.23701759791912577,0.0038195174669088264,0.19777253674743742,-0.018710282142309638,-0.0019378160922775298,0.002822018322263742,0.003363249977861596,8.34138744373325e-05
-0.02734171473527066,0.005564716720256074,-0.05402257353420256,-0.01720781328846261,-0.002393822573626907,-0.0012369354672619964,-0.03040739678475898,-0.0018256379829710953
-0.1128766980112727,0.0001391147838623874,-0.04407661553085953,-0.013518833728455797,-0.0002795312367571451,0.002855905640591048,-0.03859915157978102,-0.002157883403527882
0.06565453599368955,-0.006906996315310701,-0.09748252069825208,0.01213115949941217,-0.003463402313718286,0.002827703192760098,0.013608608857687658,-0.0016475914857597765
-0.11387361165210773,-0.0020597907599256998,-0.029597279751432917,0.0203423315637519,-0.001094037877813959,0.0010084352814616615,-0.0008728708444309753,-0.0009277633663207839
-0.079692431343806,0.003893034051595085,0.05635164312666477,0.0006751211368683124,-0.001907884325350029,-0.001060477191080764,0.04130810984886455,-0.0003725759197752282
-0.016965092362386913,-0.008342499735054531,-0.011925921524040015,-0.004862649625686574,-0.0011699231954443753,-0.002805967961365396,0.022777105603675976,-0.0004824378049605206
0.20352845309117512,-0.00868378419586563,0.03012674309931989,0.005512211109555629,-0.002150317652328449,0.0035841290544346197,-0.00016464084464382078,0.0038996958650677296
0.033226472006804716,-0.006038975080124074,0.06731538332667865,-0.0017492779948834905,-0.0002964721475101073,0.003400691120482258,-0.003321164248901739,-0.002002206036484779
-0.0406567398826617,-0.005496687763865901,-0.08838007158424321,-0.005503252251293518,9.292149171126474e-05,0.0028488274581246814,0.01864613171359983,-0.0029822862855913164
0.10594939608657886,-0.0012625780181907769,-0.08820214242774718,-0.005302081896154655,-0.0027252819402356254,-0.002448358901772241,-0.006060273768853041,-0.0021004236767161954
-0.005719730080425682,0.0028103495706901455,-0.043518726137627764,-0.014042888483403107,0.004834001815709269,0.0021364418296937237,0.007483941591611853,0.0006802506577918144
-0.08307661763495473,-0.0020923107893111043,-0.09308662298954021,-0.012331865971369019,-0.002094286293489255,-0.0031315902682423906,-0.027071517775843386,0.0003784164759112474
-0.07402027859434906,7.779244115949102e-05,-0.08944340822363206,-0.009242103053215243,0.0016271487427814868,0.010407182454976224,-0.021502314219193935,0.001658549069329818
-0.07547114578548911,0.008568904520180241,-0.059836625928014246,-0.0032164340822510252,0.0023413767518013335,0.0007384234261104094,0.028809024490105556,-0.00034455939685114345
0.18600368630484437,-0.008304804533012954,-0.07655056573992548,0.005844329889659027,-0.0017205889602076186,0.0119134862852864,0.01789708364996034,-0.001346665132036906
-0.0420742066363763,-0.0006959105586342081,-0.06347582365655524,-0.0093475887103017,0.0025387366201887872,0.0005495402836196983,0.004163173754249526,-0.0014283958470375242
-0.09042136311623981,-0.006046468310069354,0.1283926411578028,0.0022317441802540976,-0.0008763101898628597,-0.0016727188312557339,0.010185565339415014,-0.0012716802424296016
0.040970467224874685,-0.0032277874861109416,0.098333811994709,-0.001699162498338666,0.003571136525058647,-0.0018604047534611277,-0.01697363285348324,0.0033625255631930993
-0.06885391459910359,-0.0020544009684500485,-0.07346556115662113,-0.00650856644581636,0.003620551226054782,-0.004273157349352004,-0.0380741767412821,-9.698187322229601e-05
0.12612059187422167,0.0006217674531433931,-0.03866286501282253,-0.010114612399151873,0.007700008041456222,-0.0019241967830282048,0.04524794645211927,-0.0047859291516054395
-0.03312029077382583,-0.008295171786863917,0.08834560845545719,0.0158623311937537,-0.0013977890523820134,-0.0023713453768224265,-0.02273907177230681,0.0011326189658282457
-0.12993253745001884,-0.003235999590652636,0.016044784904046375,0.012262516397334963,0.0005142504343008077,-0.001919937335748654,-0.04327486157954585,-0.00032545501793682097
-0.08291954837156709,-0.006824866420021193,0.12857078048437096,0.012797605681463521,-0.0015011351830819496,0.0011730836544793406,-0.027344137683112998,0.0025448969359508303
-0.0975846425225312,-0.004287425335292708,0.035231064881632954,-0.008085335828441674,-0.0017772260677242479,-0.0031409640642613744,-0.020695810607081925,0.0006055497209989935
0.12390148603125238,-0.0014236213707885526,0.015857740497763086,-0.0017481687269768722,-0.0017560463782071933,0.002625653850173741,0.019336702555366566,0.00765075812388725
-0.06987548882912327,-0.0008624257051968176,0.1262096602608027,-0.010739760732746169,-0.0029791496813368025,0.0005863736430646166,0.019097430308811957,0.0018234763140407514
0.09220244114104176,-0.00035676592016575803,0.04921361202681404,0.01415739729207099,-0.00227369609799925,0.002516427752540192,-0.042533045239589715,-0.0017973695821626562
-0.12193317292699005,0.006239563990145093,0.03535157644829483,-0.017227935248566847,0.000664335144364897,-0.0006665132924573592,0.012212902470762649,-0.0016455259685869692
0.2185316702388974,-0.0031295451030819094,0.01504958152477409,0.001362440156457705,0.002605242380497025,5.080662387219048e-05,0.05294248051309027,-0.0026399425593589274
-0.0908531929510718,-0.004448924018159596,-0.04729397942046864,0.00480021150443042,0.001413571556538173,-0.0012506716275233198,0.03857543838137329,0.0027870510401902197
-0.07125479408047765,0.003463071817231572,0.12665448420625433,0.003405877360965806,-0.000931469712479125,-0.0018636356311693219,-0.05099578940833263,0.001511850140512895
0.12338258917770689,-0.002263209560761156,-0.06169822866530304,-0.014226948513482007,-0.0003685807134056335,-0.000710183313437383,-0.016957691701976054,-0.0014733807739107253
-0.013602238080918665,-0.006126593539193625,-0.021321886353440914,0.013153521163226397,-0.0011445988605913741,-0.00016431749024317654,-0.027212231352900018,-0.0021824771386733024
-0.10882985714904203,0.001667599096062929,-0.08168466708266821,0.012731381630869893,-0.0011017780526309806,0.0018758019709037132,-0.04138596000424108,0.002233838162915207
0.07924071196925465,-0.007346658849790911,-0.10246379400213097,5.633066673131279e-05,0.001362699468042069,-0.0015977299117906707,0.014478593525980507,0.001925383095981574
-0.05056453852508975,0.013199544422216651,0.10303231216881611,-0.0013519453808176346,0.006167589277042136,0.0027187295083536973,0.011982533419234404,0.0009012987526382896
0.0301363782917209,0.003165993181435793,0.01517167162857397,0.010753814535174221,0.0004763134270451858,0.00207886425696674,-0.03597601196254686,0.00012085101905193879
-0.1154259922357682,-0.0035323522168550945,0.04637618470352138,0.0052295910652936485,0.0010058464746440995,0.0011312860830219058,0.02798135614867413,0.0012826938235637666
-0.09623091846894692,-0.003081812246816728,0.06626290344768414,0.01822043763128425,-0.0011099635593217303,-0.0016836453301781143,-0.0322879209094569,-0.0007683082238437999
0.14505552072455768,0.00018578016257184485,-0.12395333632420623,-0.013058067779462383,0.001676013860521772,-0.0014664624945869044,-0.036281181732170556,0.005745111065688829
0.15623183226209983,0.0082196964447975,-0.12415391823390669,-0.0032031344362588024,-0.0017220643143451041,0.003905445717411029,-0.01703427361061719,-0.001254194231170628
-0.03336271015476986,0.008269817094250486,-0.02993247664700039,0.0034872878848013346,0.0011645435730239498,2.370988257276857e-05,0.0069470877153565485,0.00047757551316687043
-0.07930502507229097,0.005926443355700666,0.06130715211223845,0.003271350023087037,-0.002220257077379238,-0.0016050178803227366,-0.03135087402665512,0.0008834103970408944
0.18234293749428204,-0.007992484437821487,-0.04897638926327537,-0.0035118585927237304,-0.004041669649526828,-0.0027969604315726073,-0.017801292362593202,0.003941143280489806
0.2253129424223109,0.007957146723156065,0.07386862233274677,0.011584747795882078,-0.005054464741391574,-0.0020168476028406914,-0.026446182127648703,-0.0017252069166234785
0.15804265050812796,-0.003937564553666761,0.023232616759741146,-0.0073899930782240315,-0.0020005935451732314,-0.0011872259553424858,-0.028430407187168435,0.005125823490246436
0.12650822357376082,0.015772044388891456,0.12368078940556047,0.007304003994926433,0.00039333430044957707,-0.0014081589303269813,-0.04477703753510538,-0.0013256525820520952
-0.005193391165109889,0.0008622644756594994,-0.05957545176282759,-0.012893046430713644,-0.002359694503387907,-0.0012689129243159832,-0.03786286569062494,0.0008834186085257773
-0.044547570305715,-0.0019977057030780517,-0.05332858320572926,-0.003653161518989572,0.002547330633837212,-0.0014937777311124566,-0.0206417574117047,0.0012997318246934925
-0.07238717360434539,-0.004355364439280452,-0.02090151369471326,-0.011600883315195007,-0.001762943387869559,0.0010831909580103416,0.008394520711025453,-0.00022183595831443137
0.028586663052727668,0.0008884341952959179,-0.07860192903860222,-0.001813297478131077,-0.0007022761687095036,-0.000337446505333433,-0.036801367671491766,-0.0017511226238593803
-0.06585771954173585,-0.0033805100119739077,-0.044261868377275554,-0.01076196359621019,-0.001735341425865831,-0.00047393825983255145,0.0153066444309182,-0.001128685808626661
-0.0899564973890031,-0.006771506174085434,0.06394188565055817,-0.009367845434341706,0.003246399072939287,-0.0009770779555617216,0.027971433577560583,-0.0012455800197311057
-0.08637610100160145,0.0001377386054081412,-0.03687883058045745,-0.010601799149947924,-0.0015397731475227884,7.129461123979441e-05,0.014059587295751052,0.0028649693695562022
-0.07119665039532,-0.004417107983108062,-0.07017698228142807,0.0014790235352979408,-0.00033423296003569293,-0.0012978137496413114,-0.02225036940285293,-0.0011540534435062362
-0.08817926282444992,-0.000642591677752839,-0.0023144061127205397,0.013070182379170606,0.000881050948649903,-0.0012321923365383974,0.012773712985793497,-0.0006436246692119631
0.12576012799337363,-0.007860886755546718,-0.0022237536339218657,-0.0034106989451163226,0.0005382859458437222,-0.0016006079607303815,-0.0012436320742016816,-0.0025878338186766416
-0.0870905109069491,0.0018987665037055494,-0.08236399520101781,0.00790210284379542,-0.0007274849949440998,0.0029453012458260934,-0.009115366285626382,0.006276211319250964
-0.07593504139571707,0.0050604131179805495,-0.06601091175658139,-0.00994558594238321,0.0008688454391510964,0.0,-0.03488747194374058,0.0002018249500162217
0.08139685876659501,-0.0006386609027583673,-0.08583915147741941,-0.0033941724574052395,0.0016901494950447983,0.0011893831739769427,0.019690206031429368,-0.0037861206300713905
0.09173812010592021,0.022936948987794255,0.1547508771518799,0.02217513514301836,0.0017602031811505643,-0.000494817464630759,0.03962683782637445,-0.000842867571321711
0.01285106152725255,-0.002077071653524523,0.04804247570552649,0.0006672141788225117,-0.0024189016446451547,0.0013121140664521052,-0.015202149622832034,-0.0025993798119612254
0.024545779794179566,-0.007437191542619734,0.034608750597874306,0.0071613536129275625,0.0015055582364934472,0.0003179669568805499,0.0009845579133168738,0.0017491616533467525
-0.09959520657832928,0.007587974284776876,-0.08929458355729959,0.005796639697041068,0.0005203619679927385,-0.001980290191221239,-0.013394409814788316,0.005734680348043438
-0.019537195965774103,-0.0008706915030741907,-0.012011243436207492,0.005594095201422809,-0.0008641256372183253,-0.0014035626626599177,0.030700710801112235,0.002453465469705238
-0.0032516945986252915,0.014551814174036552,0.04384320296641213,-0.0020083324952376138,-0.0017765288179871432,-0.001368071068470809,0.05026444550171834,-0.0010063077298199524
-0.059189874832778336,0.004406142289384353,0.027845637308952224,0.020397489645420812,-0.0007960457454564932,-0.0007612429499693834,0.019748476903638918,-0.0006106722501430951
-0.01109418548845276,-0.0015528468233711777,0.12408012735417526,-0.016308359027857593,-0.0019044492711886225,-0.0026152992055088115,-0.014106870305069342,-0.0006697694938763571
-0.09500236234251805,-0.005369011231140026,-0.09138189933461684,-0.009711076463220942,0.0042238645738438595,0.004081551926576694,0.016948105414636573,-0.00016434327205702703
0.06637067072237347,-0.007814824310070807,0.09578752341912249,-0.004471392633401252,0.008523055755743456,-0.003165797249974364,-0.01372184962371241,-0.001770476328216114
0.13172633637699352,-0.004673451230405883,-0.043066159493955244,-0.007874912214219744,-0.002225008771742539,-0.0027637458641567264,-0.01875372321763567,0.004600588621709041
-0.13964428331896248,0.005375172531678112,0.11442281552537008,-0.01812646502772887,-0.002870509689550938,-0.0010378736419728724,-0.03860550007379529,-0.002354286876070982
-0.037409730795027636,-0.000250335518177366,-0.058187357826723164,0.021705641257560613,-0.0013221858073189875,-0.00023133883480946915,0.0011498388286214798,-0.0025883041864898006
-0.0605300260838417,0.0049662469441998465,-0.10038955769409882,-0.011804389558401246,0.003498574834001287,-0.0016692251360086708,-0.016319044613063587,0.0003458534812983416
0.21673053267777237,-0.0074462107384308685,-0.007040858874092501,-0.016018943791601094,-0.0023374564200270855,0.0,-5.0195664703406306e-05,-0.0028062994565685256
-0.01021645155495143,-0.00760021879078554,0.03237864426094947,-0.009080536638155985,0.002385348177149395,0.004967134196041489,0.045144053299579066,-0.00279256287443256
-0.11418332137689025,-0.0041869833867029214,0.0131199112799638,-0.0023111061908913733,0.005665284616340727,-5.453039486386091e-05,-0.03169449175162547,-0.0014712312074939688
-0.060870023487696746,-0.004996103475682705,0.008434924065280824,0.012777135686124761,0.0004258821026097499,-0.0002716816407442313,-0.01893335143023157,-0.0005163317844906405
0.1466626793177438,-0.0050262499198055035,-0.09142868670976448,-0.004761370505832334,0.0058925667074399895,0.008064856723642934,-0.01363036268360961,-0.002298840489323613
-0.0626154560147102,-0.005063186665972323,-0.01367508407704037,-0.009198412109434374,0.004726376040558029,0.001980633124932391,0.012978268587465543,0.0011908923165186297
-0.11058010437650163,-0.005286598604707937,0.03991261879624602,-0.00930273676971658,0.0018047522065759943,0.0,0.0040980932421645026,-0.001145336403856348
0.10792413530004728,-0.0028226921756494615,-0.0706209414740241,-0.006284365312952079,-0.0005993150125883084,-0.0009109934306630684,0.05215935078679806,0.012683024729826499
-0.09882144659218109,-0.0038019794009507618,0.040703547307601375,-0.009786095650311214,0.002164347627710353,-0.0014597853375389789,-0.03412876942455615,0.0037192723445032484
0.30238079790697314,-0.004657495039237226,0.2121803425546557,0.0182459560576829,0.009512447466118132,-0.0001955188424877634,-0.022370233241711807,-7.41682552505285e-05
-0.12364075029675328,0.004538443926853198,0.013637797777864467,0.013010546737635532,0.0011705703748818986,0.0002419070735852208,0.03030753702793537,-0.002092626853012372
-0.04745157352660932,0.007633122318859468,-0.08849813545355475,0.011005671287558786,-0.0015104195896442755,-0.0013344872536106833,0.02614642973534025,0.004090001752398604
0.16541995534321105,-0.011641519250726129,0.15701990297880267,0.013351787203430823,-0.003417468547754013,-0.0004697496095194542,0.009492531210630987,0.005312146369979843
0.1567737124208775,-0.009530196940411573,0.1622676955512483,-0.005675021122375122,-0.0019175042330424885,-0.0021508466684642927,0.0023651485970874425,0.0035819712085104678
0.1283659370074492,-0.0029418123728684035,-0.01727598804824035,0.0030277425678427506,-0.002551547859464348,0.005020172786319347,0.005002304266333274,0.008127908159486958
-0.08039151539528408,-0.007630176680532168,0.10447017194478674,0.0011435489243224635,-0.0018598592705371358,-0.0009674394788369469,-0.0029862520270082047,0.003061286306395862
0.15426151789997367,0.02177895894727545,0.08541276659438993,0.028484890066471796,0.0010530488322893913,0.0022239973815253162,-0.00913167970102619,-0.0015696750167413787
0.1750810169494137,-0.002578463166581031,0.04974357788468033,0.01687455081361258,-0.0018743708723321928,0.002752868924284762,-0.03656298913426055,0.004490276502179445
-0.03281383492133413,-0.004646512016981167,-0.10369363473851861,-0.002615575072657803,-0.0014806785730450828,-0.0022356489862985023,0.031123551271737836,0.005685938531565076
0.06106657613552669,-0.002655063903339122,0.09801707103255893,-0.008019709679373061,-0.0005087631882146754,0.0033209576793758865,-0.041188236935919456,-0.0011545042484846903
0.2363609476180513,-0.00865743152698876,-0.016815335002949676,-0.010880042828541015,0.00843673094769507,-0.0016531610015581128,0.00028361869640713966,0.0005246308695487483
0.1219462897826033,0.011095238605787795,-0.027145758024099614,0.0039403770871746175,-0.0014756452925383245,0.0018062165425950705,-0.005837602953443736,-0.0024619691006058566
0.10324168606956646,-0.003564165818488809,-0.06517453679725527,0.007160052068419895,-0.0035006234379594795,-0.000870751790788285,0.05246544814119857,0.008303394433238527
0.10493905330198337,-0.0022151228200351977,-0.037452109213466464,-0.00932167953934803,0.001593520524850437,7.852057808198365e-05,-0.004093976500225447,0.004014247272507304
-0.0341596934391626,-0.008512862963275698,-0.028566158886914123,0.018620756815668035,-0.0010247211752513262,-0.0009073992094392384,-0.00033277161857842713,-0.0009408127279146107
0.05308579690133744,0.0031738366705017333,-0.06817022493130442,-0.001192137464518194,0.002068937857845881,0.002508897186707525,0.03132123074834404,-0.003959509752748191
-0.030613177843697166,-0.006980216796911147,-0.013406201187292298,0.004736945895996455,-0.0005089212296130012,0.0023359816238046277,0.01756583496856102,-0.002086689570117889
0.007949043566835455,0.0050963052811689126,0.04695177486484435,-0.013098595845731685,0.0025173492336336514,0.0013508678694877166,0.05260676120580167,-0.003251213735058489
0.030605757800894955,0.0026708303807129368,-0.08807147524083009,0.0002228161896425107,0.001500438315970653,0.008070380535941602,-0.026986742650424635,0.004141299052714413
-0.1178616798046088,0.0034770834665888467,-0.07108285293351614,-0.005374860553497352,-0.0013610050161516707,-0.0015511959285419838,-0.012946776843504936,-0.00018222039295309744
-0.11220428849082,0.007733159273359478,-0.09336645165422336,0.006227731341660461,-0.0009705070140083734,-0.0005057679426437012,0.04087980045604679,-9.891730646363617e-05
0.24220092691976522,-0.007219982771667799,0.1904510176130747,0.015125552278186039,0.009440010417265008,0.0047491501184615485,-0.00915384132510192,0.0030280982007036285
0.009763479450973854,-0.004876113783856995,-0.0915720256802901,0.008701892519696658,-0.0020674735169957472,-0.000986225559293591,-0.018022546179766678,0.003311123754522488
0.025355569483710316,-0.0010809048432190334,-0.02272760143653989,-0.0017219137814222924,-0.0021120789766127766,-0.0012082843659206998,0.024236171683542914,0.006434248880481526
0.11466427742542286,-0.006157646114884361,-0.037101267576958585,-0.010590496218809586,-0.0028538104197672392,-0.003270559792022955,0.022400535725949383,-0.0013252761936615454
0.0003794096080176751,0.0006067079362111321,-0.002684218896372257,-0.0038451521814744823,-0.0020689264116777344,0.0034672229130885608,-0.034011311167468784,-0.001241695707191955
0.23668715256592937,0.017370892245709563,-0.0080644452790296,0.009056914365113152,-0.003625594957162219,-0.0008846546140272027,0.043976622226799274,-0.0014055180928426976
0.038919276527658093,0.0031981629308378157,-0.025800419644481442,0.013470724985237369,0.005365488639733715,0.003998197724957026,0.001044745810553576,-0.0008300824480520774
-0.12659580000829784,-0.0005772554040559853,0.08696863117835867,0.006463396070944573,-0.0009809706910811511,-0.0017111060703701635,0.03328187283767462,-0.0006376086728553271
0.18578046987763724,-0.0034646163197088915,0.12798275164813802,-0.015559525904274882,-0.002209052048159791,0.00018400056184725289,0.0441647844010873,-0.0006025034786960925
0.118132886764009,-0.008206173805374735,0.04020452919387126,-0.007098401094117583,0.0017911041888040117,-0.002272900890070151,0.031020627721805756,0.0016580614368187528
0.07973928001027228,-0.0013338071767606387,-0.01998889336025516,0.0003265337872014155,-0.00018512748178669755,0.0018664602646643273,-0.03472908334992109,-0.0017672961548033583
-0.11564713947940475,-0.005748815967497349,-0.022995413222630053,-0.0002093930040932541,-0.0017895787377780793,-0.00010745659510941197,0.02311267231467699,0.0020447421310161485
0.061589852889243395,-0.01078812207462247,0.03983717442768187,0.001382408052986804,-0.0014906868227838994,0.002845815933772867,0.02882339608981493,-0.0010041147076701867
-0.03534367493304694,-0.0015920273506489064,-0.06503421542038884,-0.004404749495144781,0.0011370322135888927,0.0020351381507130633,-0.02199600560395623,0.003486737029113262
0.1950943952128264,0.00039055214995935283,-0.08328920858563667,-0.009539941948402447,-0.00040021448862251504,-0.0018941449957522037,-0.010292703444979661,-0.0008867951055267665
-0.0487659897165781,0.011709943050527945,-0.07113440020725559,0.015037328946176274,-0.0007138948167811701,-0.0011885648974111814,0.0390014119912985,0.0047566138995695645
-0.1195215512439921,-0.004103039577055655,-0.05862226726362242,0.0008511658799762178,-0.0014781070161902995,-0.0024986214650844886,0.018465492519654465,-0.0003869207192509713
-0.09693695770300848,-0.003952046931512487,-0.09655713300002915,-0.013433877245963035,-0.0019460740676818542,-0.0014048284915539825,0.003262551240224537,-0.0015985685049695443
0.09355852172639488,-0.008680935898757507,0.03443801828671296,0.0025641233701339085,0.0012354608693385708,-0.002050509797822652,-0.016399664725270314,-0.000634825924773888
0.02508540622365054,-0.00875302855240313,0.0070133801692542725,0.0068035690344737864,-0.002816916729972348,-0.0017547793022221342,-0.01438991751521622,0.0028532765993167
-0.07252014812435496,-0.005753076628412737,0.05176373926618895,-0.003741349684228526,0.0017960016585266067,-0.00212911110959358,-0.022291065543589415,-0.0014759279253563139
-0.10844440016896273,-0.00316876602983977,-0.0320208405752381,0.01693233601769538,0.0031533368087006864,-0.0009722886550107418,0.027409811677317993,0.002450926851579608
-0.025223807046148548,-0.0008263556831872542,-0.009244217481473062,0.00019688644481505313,0.0005086517205558825,0.000466038011315427,-0.02878373078313022,0.0016730317200867606
-0.11845785617401616,0.007952874326844814,0.07398388966951575,0.022587510683183376,-0.0013369557194871466,2.8361929779473216e-05,0.00016622450916414352,0.001371272020180316
-0.12237597902533774,0.004504647219548541,-0.08195364588038645,-0.009018853069960076,-7.359826042691031e-05,-0.0009149046076099525,0.01755161740228912,-0.0007302287550952384
0.0735667766160804,-0.0014639967407695633,0.03031991381786473,-0.004827380168703998,-0.0016980162332975578,-0.0010802680682537105,-0.04175822170748135,-0.001096596890885034
0.13093650759906053,0.01794095677696962,0.09252978941442286,0.02573023278690902,-0.0014508237051977563,0.0020694226929137602,-0.014392930654342993,0.00017673287950220606
0.032104394237723266,-0.0010488127587427558,-0.04085513240359226,-0.0010605493010879153,0.007438510521565219,-0.001091572700424077,0.02205103306067757,0.002077864578495026
0.1390034044381682,0.016756060893493945,-0.043843689871681024,-0.008363696495436791,-0.0003557716646137854,-0.001314836458613984,0.036319130670978715,-0.0023293398769374694
0.1794763340246919,-0.005978822873356612,-0.06686891987186057,0.012255150903688864,-0.0007074658727374977,-0.002108041646214461,-0.029742220735688593,0.0031934377339961455
-0.0684759101767571,-0.008575792563622248,0.08625183646760717,0.00012029244032877445,0.004716420626667559,-0.001662741772955718,-0.017048636670664707,-0.001464020094259311
-0.1243564270196475,0.002322299748217803,0.015313195144153847,0.011346536536574168,0.0074101891599749215,-0.002318134928474038,-0.04537967454565957,-0.0002944680850036907
-0.03895737908799271,-0.004722567723610795,-0.003831702689368337,-0.00527172532580663,0.0016705760821099944,-0.0017983118257764406,0.0074150667437311345,0.0006363393581962223
-0.0071852252794302645,-0.003796177214470046,0.10722994408079498,-0.010832685478809658,-0.0027457916150986114,-0.0006005062479874784,0.015813075129291768,0.009342127529710432
0.11091688719935143,-0.006167133766805081,-0.009216395667080893,0.008741104651046371,-0.006167305095269805,-0.00046534181959497953,-0.0371932693019965,0.0006989917586287184
0.09672853637544374,-0.005132034021590895,0.09330643771622847,0.017835062582515684,-0.0017236816552488605,0.001171397108748478,-0.035412182719590145,0.0005095304298403935
-0.101134628835145,-0.0023407392263894485,-0.07809963700635654,0.00601561577147264,0.0017768821930238543,0.006331674417817317,-0.03006383412008033,-0.001495610857219179
-0.0711096175092042,-0.00878342120231072,0.10541286225889447,-0.002808680794038878,0.0006719789724132956,9.954157101037253e-05,0.009672295022337149,-0.0012980078185788105
-0.11350530794658861,0.008323401122740107,-0.002715913455143654,0.013180301926461736,-0.0013327141162812126,0.001165322910406775,0.03400177274374124,0.0031135072258169885
-0.11115336657481144,-0.002093264257322539,-0.03684859848797268,-0.008104688632421302,-0.0015042225813855562,-0.002182508014377224,-0.04340483988926185,-0.0014862222379509182
-0.1117595025603943,0.007397998223929748,0.04660747330874599,0.00136676778523942,0.0019347782202060603,0.0008160103106479063,0.03614098532291607,-0.0017040906225684188
-0.04659737584788202,0.002698633413917188,-0.08733255070484455,0.008997101545779658,0.0013434674702399124,-0.0009817475480206465,-0.04553606005934744,-0.0006077301455078288
0.06019489187794414,-0.004288278263189238,-0.0690844946678424,-0.0048128537024108384,-6.27459084406104e-05,-0.00093975760529407,-0.013215094664020445,-0.002138627628829841
-0.08758053514236232,-0.007242389048226524,-0.04332493268804136,0.002782752408614325,0.002016122033823888,0.004835984689768044,0.01791597366708912,-0.001054163025554694
-0.008413548333864996,0.013937230867497874,0.1350339815951886,-0.008150354031427621,0.005713200774195516,-0.0013829516206855519,-0.013303988144766755,0.002003440268017274
0.10265205750825411,0.003554496886350598,-0.08961047706307952,-0.004835835134130373,0.00032709636738009404,-0.0008245203290267401,0.021011841209304695,-0.0023195614586207732
0.20828700180460308,0.012900584210687707,0.08635603971866916,-0.007109719816622556,0.006985871190651375,0.005077637073982937,-0.008316187264012901,0.0009005657029287906
-0.06265793674307789,-0.006897549968864837,0.07401418139284868,0.005981142804615572,0.0024485468872137033,0.00460091485439651,-0.028631809820713137,0.002250514366841148
0.20134853798737776,-0.004170573732087049,-0.0636552507939985,0.012610386380364885,-0.003016964078890675,-0.00025792226363202664,0.002881923656991871,0.001981172641017633
0.12629187768936537,-0.0022873863750707164,-0.10850011218989448,-0.010014436279902804,0.0023493297695580985,-0.001560317438205705,-0.03148523078012194,0.00297000104675227
-0.002719242834791863,-0.0021360879990452793,0.05309958496270949,-0.006132857079167594,0.0013836889349195497,-0.00015666674673196074,-0.024031269058113924,-0.0004884325052303427
0.11356773389048459,0.00015746617269345176,-0.03211808392005684,-0.0024938737023356737,0.007477514124063632,-0.0009338290070574542,-0.04452903922997923,0.001053791009719452
0.07422458564164659,-0.003123987540275237,-0.0132850376997598,-0.007467792245743301,-0.0017164259620556649,0.006741771327880437,-0.02514739425330962,0.0029103770441452625
-0.11189115254867196,0.007851458062293112,0.11705513673115972,-0.004941078848053338,-0.0029592728286099847,-0.0007036595342563047,0.0021593165738581096,0.0007585672580239901
0.06712618814896769,-0.008776320864573016,-0.016145735140898197,0.018590159597926738,0.010090830139006543,-0.0008036408792174293,0.024293449648435456,-0.0008789609847905356
0.017670678295408616,0.0017487200176023177,-0.0666800504838371,-0.004054698543003386,0.0022438781213272507,0.004005096528489903,-0.04085870836801258,0.0043687833745702336
-0.011124022108513635,-0.0035024157193627196,-0.04471789668806958,-0.01141898982300968,0.0012951763930025562,-0.001021733455048075,-0.0020524085554029063,0.005297266947487285
-0.14117849466583993,-0.004094449789376139,0.09599064657304304,0.009735383374159084,-0.002023665515980502,0.0005082141071328678,0.03882544151371017,-0.00018622197002928984
0.12379744360806613,0.006565672426286833,0.06008145964523962,0.0034630098500381956,0.004758983719316569,0.004272177823889104,-0.04731078121879839,0.00362079600884488
-0.041363180762262024,0.012451739304778775,0.0073976660457779715,-0.0015990521360992394,0.0025100600615811726,0.0003689718045865008,0.04677580574964838,-0.001136643081423909
0.26577147181938343,-0.00035637887137207613,0.15235681488160174,-0.009356100572258512,-0.0032779286995826434,0.002763787404332685,-0.0400446435607821,-0.0010507833759465044
-0.11718428398796073,0.005769946708150862,-0.04829332968384625,0.007615462358244089,-0.0017553568868206304,-0.002442798828398318,-0.031195932022851706,0.004291905891403739
-0.10577237679399025,-0.01060971632126035,0.0885859286612453,0.003530270428324303,-0.0016015058718046517,0.00012367306567610467,0.048700696047345796,-0.0013823668578233949
-0.009198906839823105,0.0016505303671287966,0.03140191132657363,0.0007343051578315505,-0.0005050458608517328,0.0,0.044353212101137254,-0.0007681013339405189
-0.13782080958124332,-0.008678528337288209,0.12044846998513926,0.009770472807278281,0.0032312855201358944,9.668051387988139e-05,0.007830759136486402,-0.0019368385126594132
-0.14983303551320531,0.009167145689878626,0.12515500501586158,0.01702935647577681,0.00129312722044611,0.00017357353738989276,-0.005778189977533527,-0.0001901182644890101
-0.06300888930790254,-0.005132176978378988,0.08003374894217358,-0.007147837219770136,0.002166924315782838,-0.002454914114115156,-0.015657935320792907,-0.0021601457233133155
-0.06458538963695151,-0.0034331085230113333,-0.025020471979389964,0.015049156828359302,-0.0007065360576315238,-0.0004429418410700353,0.009867735070702544,-0.0016024424241183203
-0.09562588986414026,-0.005634460600965722,0.11613220877003133,0.006308045090015557,0.0010656144936734757,0.0007153258408559501,0.03483997555276733,0.0024022656575624912
0.15605561145066144,0.009742575131915553,0.036459067056924734,-0.01596562531542826,-0.0007294863266242051,-0.001120618077516399,0.047682068014948065,0.00027445758625996297
0.14711942857103896,-0.011346379639740728,0.02459491592642437,0.014716365573613872,-0.003916319701400461,-0.0018549758069432432,-0.022651241957840875,-0.002021798616705842
0.1819913928787412,-0.005799495971593834,-0.12689609166845944,-0.005091187640777985,-0.0009613418589805717,0.004658820513633104,0.040484083980544386,-0.004902328687983897
0.029542594664627008,5.4744495175160224e-05,0.01872691479909389,0.0014210575424202447,0.002667376262594338,-0.0019051363634984965,0.020301998823483276,-0.0011943636951037447
0.2521097033068791,0.016885795480055348,0.061830316416414344,0.00411627509496398,-0.0004839757084654228,-0.000928232690979601,0.00461835916792376,0.00020482875646659162
-0.06761488613526236,0.005924399322203038,-0.04957974021028352,-0.008219070838653782,-0.0011496327982800049,-0.0023848754684752897,-0.001623732072423858,0.0024146196303082845
-0.09815226934969326,-0.0036619090227733276,0.008680700042060301,-0.01144058429550897,-0.0008469954489922953,-0.0003061439097936658,-0.002412089142330735,0.004732504256873424
-0.051466156090504256,0.006917778863126061,-0.07103370055555396,-0.008325081863571147,-0.001388205350699032,-0.0010752192808909516,0.005618312729528005,0.0024873848616020614
0.15236434126324136,0.00858016427785446,-0.047325632232329336,-0.004521903676665614,0.0007898254586015396,0.0013826399287555026,-0.02430609528766977,0.0016008837335434653
0.13128277082116369,0.01721116217383948,-0.11874699151123973,0.0023786886341250453,-0.001250027457846456,-0.0013514084881214657,0.006455010937733387,-0.0017493747935298668
-0.10583735477081317,0.0005172721076652404,0.07093038702021766,-0.008922051186955458,0.003234292480011284,-0.0004231438179036276,-0.014460832575216435,0.0012093722185209442
-0.06871434776209302,0.005658534827536758,-0.034266637919972504,-0.019452101543506,0.002278437092282112,-0.0005333067236008982,0.0007639910869712622,0.00023444779511518077
0.08849065436774568,0.008290122211952173,0.0483053383453072,0.020209795002436127,0.0014587275863199563,-0.0013253306331391101,-0.04362595059922214,0.003805096007982326
-0.02300399836120162,0.016181361404368447,0.08198098508600922,0.006646661808944109,-0.00026850958416819136,-6.930580137121112e-05,0.048580404612058106,-0.0015363921140261689
-0.012342825281610787,0.013420438721072151,0.06634190779057797,-0.00430425610310981,0.0018346937518262843,-0.0013010831108119236,0.0511576770202881,-0.0020954309693909027
0.01697568809308779,0.005186705228948962,-0.010172279726470434,-0.002358418175460619,-0.0005954345154572105,-0.0012002886469277348,0.035983546859786684,-0.0025193955068189755
0.20773520381654714,0.000574807692962609,0.19706103845316192,-0.010135139714831654,-0.00020154458778576245,-0.0020444773620024543,0.010759111329632432,-0.001975934858904736
-0.0953772392224771,0.0034179480642029525,-0.017964691553314312,-0.018103167325920714,-0.0019662936173282628,-0.0007553667949957792,-0.044573621732017565,-0.0012270257330519172
-0.03286831324541757,-0.0004468043628893422,0.007670921073665368,0.0029969943701995874,-0.00026735566499459795,0.004175049646384338,-0.028252744389463423,0.0024972539222366374
0.016729349784870798,0.009215324204224199,-0.05099655196275364,0.01675736241984337,-0.0012954490172806532,0.001464879670642141,0.04604042340286885,0.004356029595732955
0.056061287525068226,0.00304211389596402,-0.047529702065983365,0.005332618333323701,-0.0026745554616796037,-0.0024241392089328767,-0.008604203927758309,0.004345420465441425
0.020635942945712037,-0.002755254033696402,0.09238915524012783,-0.009993952739828635,-0.003257752103792684,-0.0005733023162528259,-0.0154125149393404,-8.571729922585147e-05
-0.07796102738509962,0.01615612278587956,0.004289281553078953,0.0144347243445087,0.001897919726024917,3.522704087261137e-05,0.05057485044490821,-0.001035336154652475
0.2317178195578433,0.013517366839387212,0.08747020058374645,-0.0033925914478819762,0.0016122985509104686,-0.0007240197428571848,0.025644505483388483,-0.0009323576440473595
-0.05791926619154919,-0.001645463190412217,-0.054660548346833863,-0.005980893950329539,-0.0013298121042267987,-0.0007049709967395073,0.009228366765237294,7.373912187015608e-05
0.12768653292036852,-0.006248773854167469,-0.09776322804976702,0.0055888717607165085,-0.006455535881813953,-0.003652902031190043,-0.012805811750567598,-0.0009566829835551422
0.14798352106481974,0.0008336991179485035,-0.09926634112850502,-0.008580512338170644,0.0032949793696681515,0.008597790045521272,-0.02315690424626358,-0.00046985010176891703
0.039619593959465724,-0.0031205812568606533,-0.1029831268282141,-0.00871379799772876,0.00042948061201783516,0.0038947633020947345,-0.0036341389674226835,0.001660853672828646
0.0046171573149716575,-0.000557393618476359,-0.05884009023755962,-0.016235950281760517,0.0005140387450225797,-0.0010306924706058609,-0.04214831687444458,0.0006596113567993262
0.24750175412534314,0.015432710314314162,0.15437354454942115,-0.01683631888674304,-0.0017383041580849273,-0.0015040113531177661,-0.018353403745859205,-0.0012198121604296563
-0.0233008973348086,0.004994969882313734,0.13635758302608147,-0.009186452253842497,0.00660633261192253,0.00037654856287973326,-0.011408526356118522,-0.002347458359728423
-0.10371500415043233,-0.0054299935160721,0.010688343928214163,-0.002743251738968562,-0.0017501991177799024,-0.0006817767743619265,0.0013945538270195648,-6.981420070005517e-05
0.09290252417598503,0.0,-0.052164534139681806,-0.010901810494526319,-0.0006424587524123276,-0.00181845578138666,0.029135689794477233,0.0004996693303028765
-0.09424066538206376,-0.00679644250859684,-0.020257830683386786,0.010577079232236353,-0.0010283506007050247,-0.001483810388538638,-0.003042445473195117,0.0032214912410665555
0.1743559426731581,-0.001982934611974372,-0.026479047549416306,-0.013221743990602898,-0.002697987659503696,-0.002745289484315443,-0.03870726857917054,-0.0010949108650849387
0.18432528438617732,0.014349306188100285,-0.1385043642006974,0.0038885614445824967,-0.00209972848730201,-0.0013456446357045793,-0.029724894761074046,0.0029291811032354474
-0.09183126911115948,-0.0063471669530059255,0.11487747844950238,0.017295245994465684,0.001805956937990503,0.003003456957889153,0.006574603937095742,-0.0009170166655584969
-0.025122477962302773,0.006643646469856338,0.09893197194011222,-0.008807038704276663,-0.0004870442643338524,-0.0005584874310185119,0.013344338784012744,0.00254240442612572
-0.08601257801835298,-0.0032811993450872464,-0.042230332147956476,0.013570448711436759,0.0024435380866230133,0.0006343237364655613,0.011465091633051261,0.0034289474594215346
-0.060116967584739715,-0.0022044004145036758,-0.06953862807913933,-0.009417130970495189,0.0014055059157542951,0.00721344991193734,0.0005735710493861845,0.0039375217381092415
0.032558254966611425,0.018087416113638583,0.044258824412535945,0.005783760505398174,-0.0020723459560574474,-0.0009743261969759193,0.007140240637291328,0.0030167919196107717
-0.09802954489610675,0.004255537526505005,-0.007999814318353827,0.016012516013103637,-0.0012206771613819684,-0.00015872076773776334,0.035206051482320116,-0.0014494091423106169
0.013717654867502075,0.012884452048676845,0.0702526148691025,-0.0017794975540902647,0.008779290905340074,0.0028308647219054896,0.01441753909312436,0.005547761356008269
-0.11354253565949568,-0.0033853004173697485,-0.015927911265356542,-0.0036690924334551456,0.0005380103416353921,0.0,-0.02795847321825131,0.0010427123929939459
0.07877802808898066,0.006720885902043548,-0.08536192114862426,-0.007337593014639646,-0.001851344096488662,0.0043336773795489,-0.03580200101860822,0.006700029885079458
0.06119181737383363,-0.005374013488770718,0.07577413909746132,0.0002238006425878264,0.0017187408863586105,-0.0016324403451576754,-0.016988167797188262,0.005799144322398056
0.09197826607718103,0.018136469299248524,0.043962990497562554,-0.007751318514512119,0.0002975575887927129,0.0007272389440062425,0.02647255946017821,-0.0022564045766674387
0.05838132461429231,0.0002802593011137708,-0.007587185696755632,0.017171642458145134,-0.0019116389597127542,-0.0016601466359736647,-0.019688178160668885,-0.0022125451532925677
0.1634075000082725,-0.0022275610403258983,0.0046749084807339615,-0.008488941815200705,0.006961824995462903,0.005065209220590396,-0.03184013706498791,0.00431781356109396
-0.027265827331948565,-0.0009873102363973764,-0.022714066174880285,0.014676383780560034,0.0003353118141505157,-0.00113218505194231,-0.032716038009686865,0.004245737202278033
-0.11494634930112306,-0.0017032629534165715,-0.06740032883598339,-0.010771059061070386,-0.0018446751229417217,0.004971521620735239,0.034506973476070305,-0.0013277123080518982
0.02387378787107256,-0.005240338003385907,0.01264433456663459,0.0022776602258134217,-0.0011874971563056794,0.005006028120476506,0.014330429345153826,0.000774582647576132
-0.07895364963954672,-0.0046170192501492355,0.061274856809769095,-0.009946989920236227,0.0024402673407833593,-0.00021982167600956976,0.001984622598172219,0.002728430411985739
-0.03311012823622093,-0.004794924534884055,-0.025551909016262794,-0.010871943667985917,0.0009495539930904628,-0.0009819302915615102,0.002724011815180103,0.004089320969162797
-0.09684513364706523,-0.004636751660366924,-0.036825869461074606,0.0017923925048501932,0.0038773057909424454,0.00422809788379359,-0.01730985766408817,-0.0028687349702194638
0.024957537462833485,0.006714053410598235,-0.07559040787299177,0.022553032031841933,0.0030176531618034373,-0.0017708566003880675,-0.025509034577941014,-0.0014459543055582932
-0.013133980920914057,0.0008897405197088228,0.020081082805602345,-0.014202782621333274,-0.0023941886788896426,0.0069288626112163024,0.007273770382154277,0.00714610128026071
-0.08978403273300939,-0.002263781706472322,-0.09467547003937817,-0.0015611681076481878,0.00414026978516468,-0.0012338883867336978,0.01858455300400706,-0.00016591573124769
-0.03994560925357467,-0.001958119611193793,0.08911460605485903,-0.0029366572134033367,-0.00247137633903687,0.00351203952586141,0.001133216871865711,0.007344703180041422
0.1434966258013785,-0.007880194987490766,0.16649122173228695,0.013991656679353533,-0.0015591047205556368,-0.0021114370948063354,0.008801990137810701,-0.0014358653341738359
-0.023360804927106862,0.009085677150052311,0.005149402376518547,-0.015512811416066996,0.00037517579691385603,3.668154302385873e-05,0.04223542394120478,-0.0020281135739499555
0.056490942552841684,0.004938582420073965,0.01129275850808341,0.00541793850408443,0.002152704189750106,-0.0001021895177627935,-0.0011580613074918776,-0.0019113831090645848
-0.02526668314039538,-0.006958858340423161,-0.08733633228287703,-0.010022401929633972,-0.00013198565811071983,0.003582370019280308,0.04189038507522752,-0.0007180852579781892
-0.11622249895539992,-0.005165239284079097,0.0,0.005245709462224173,-0.0019064911397673229,0.0012456968294327075,-0.026794303920159235,-0.0012127288376156098
0.1395279267918588,0.0072727982223606685,-0.04380871462459459,0.0004972240006240259,-0.00091221657870997,0.0003123308129526128,-0.011280510272811897,0.0002778201750288367
0.02777768957005633,0.001446298641525078,0.10810964204817984,0.002091877107400002,0.00571937074161571,-0.002765713805746611,-0.04608784135737081,-0.0015541120715026752
0.01769931484354245,0.0003250359896429453,-0.06457386026315835,-0.016292264071909326,0.00300866567488602,0.001511486233495915,-0.004698443395161822,0.002017796668385897
-0.08311571995849208,0.0011357661581252309,-0.09602027880938281,-0.0071891912869305585,0.003594459051567298,-0.0006176888539644876,-0.010176701352801684,0.0017261015071119911
0.01898044400768188,-0.006932992152599989,0.00254145596724997,0.0058674569508205135,-0.0007433960752334101,-0.0018180194974793057,0.025662336546105075,-0.0021234781331645703
0.08551836082010607,-0.00011549408919628301,0.0007588398358451136,-0.01201239419482589,-0.003560979242255373,-0.0012866917703751846,0.003995937892554184,0.003704742406053517
0.10052420607890314,-0.011821449918625678,0.15992027115262594,-0.01455098876614912,0.0006811508822651642,0.00022031962874036193,0.02059606632820183,-0.00046644843242102786
-0.09507643650389228,-0.0017637077324563256,0.04667737999874193,-0.010358905612212628,-0.0021738026079760483,-0.002215787676013075,-0.0400274020905883,-0.0003306272686247752
0.07628862811744672,0.0014944641526112375,-0.0923921547108272,0.015668301053352353,-0.0027238158205766037,0.001337945066933856,-0.034467010491481404,0.00020616638698341822
-0.13612680189364784,-0.003801340370648571,0.062336491671956366,0.016472751907714717,-0.000369438344532666,0.002688219697853654,-0.03090938757800501,0.004010014017427872
-0.0989790109485354,0.0027937370695645374,-0.03046465021961275,0.0003114135769060752,-0.0013701259533394395,7.916833266893852e-05,-0.024073228608685562,-0.002230736643056098
-0.1352629177333686,0.0014833636853357618,0.08879306533181403,-0.016980244509547545,-0.0020704038404801783,-0.0006057142577391298,-0.052083975253244895,-0.0016309594691798213
0.026607271191924273,0.00869875492462123,-0.09534894107970437,-0.0013346235787882591,-0.000162641996167058,0.0007696811622171704,0.035847513977473836,4.614013083997087e-05
0.11518083653897608,-0.002400399499520461,-0.02196215322299581,-0.011671646656009381,-0.002301290087745943,-0.0023144922998804,-0.026515605220512568,-0.0016362871066655307
0.04350408650508392,0.007619011903248846,0.13928866205290594,0.00622619579854088,-0.0013265058058074754,0.00013632660724635648,0.00868301893733287,-0.0004226988414733304
-0.10967165674046037,0.005901638959384559,-0.07486700456190463,0.003551390360732547,-0.000305590190799343,0.0010957737867341676,-0.02412151830070309,0.002980839940357708
0.0037469795107404596,-0.006255036921478044,-0.09953717837875113,-0.003440840430642826,-0.0011849358313907273,0.004437071194933288,0.03405972594171172,-0.00015371017169228673
0.013727944428559201,-0.00078147672263559,-0.04739795774810741,0.007647508713043833,-0.0011483631983073355,0.0011593827051697113,0.03800472577711193,-0.0017606140930225653
-0.15605859757237373,0.013831836760033394,0.12386890795117786,0.013899776749461386,-0.002657681231477427,-0.0007340471498825243,0.0271562926178806,-0.00023305078875108728
-0.09906558667244378,-0.003878626731845538,-0.007785278399405252,0.003336308292911263,0.0018990232061015244,-0.0011973007262263856,-0.04311872708781315,-0.0015706430854696878
0.16271514880566923,0.011647204017392684,-0.10745812976012238,0.006953130307931998,-0.0033218645474893736,0.0008833764041661989,-0.031062870131250794,-0.0005041595093727702
-0.0549224441847416,0.018098773816849312,0.08092203078360259,0.014067479283395232,0.002071726852690416,-0.0016523038834962158,0.05254574286819204,-0.00018721091841802928
0.193347555390981,0.014069462289830099,0.0862276323379616,-0.009465857768273985,0.009497498675469175,-0.00016201806524202,-0.04094923452637611,0.0035685552709772057
-0.08545507939175347,-0.003171524758359308,0.05520719535495399,-0.013020418823293025,0.006846872634473383,0.004297242250369216,-0.022436556665046223,0.005870174240568233
-0.1257255506484243,-0.00043565035823271703,0.06412112095802794,-0.005500985723375303,-0.002052518886569124,0.0033474688591076888,-0.04323284644853394,-0.0028411851924752605
0.1605178345038209,-0.00679344599420562,0.18304355425701915,0.0005140280740384722,0.0012388241771010722,0.0007311312126306369,0.0017621930095365612,-0.0008223831026330508
0.0928744222655845,-0.004900645399077088,-0.030768274170518358,0.011671934029554508,0.008073671718029052,-0.002191051042361422,-0.034710875351438714,-0.0017824885233608811
-0.042627394370224364,-0.006210138427735398,-0.08850491165509501,0.01601272781797339,-0.0007929098598107864,0.0014133423911784375,-0.00934494808475148,0.0013436415642099748
0.0813941420803963,-0.004828190866426497,-0.084665307661737,-0.007398897240326285,-0.0009694905822176438,0.007784146089331783,-0.00108163011392636,-0.0023793378035144364
-0.011352871070863416,-0.0013104780354610045,-0.04272405325166573,-0.011775916380548139,0.000729788639438414,0.003925001679607401,-0.017391507235239842,0.004305600752390676
-0.09981270653664787,-0.003888889643859728,0.000645826739006039,-0.00444431565140696,-0.0020267270410234553,-0.00037498897367440665,-0.0314104007178904,0.003751676810271034
0.15562186722914176,0.004473810323958351,-0.003085184887920209,0.01223832851060807,-0.001423061599049369,0.004147541096113161,-0.013158042027754077,-0.002234108047469853
0.07775203249175934,-0.00387072284719241,0.08221619455210027,-0.005949066672287921,-0.002391801542143468,0.006272796600160687,0.012660343007406252,0.003637561142537111
-0.0968344504371809,-0.0018668654904846274,-0.02370874984080649,0.015607597662705969,0.0032324275973283174,0.0014566686902191361,0.03590867976528577,0.002574038750735799
0.04824706744890819,0.012462899129596512,0.033902068662514565,0.009005411883294559,-0.00195842014491186,-0.0013118410445174256,0.025714364589395633,0.0016953251384099796
0.10160253819046468,-0.004227258331930468,-0.07468314546813462,-0.0020909405429246604,-0.0012835460236593013,-0.0012798959708412664,-0.008365212447574306,-0.0028077634673696335
0.10519788476728187,0.009259275208937151,-0.08286666199861688,-0.004977288291605676,0.0010720158178630992,0.009153604190894527,-0.007859244617117272,0.010796770723377138
0.1753193062506322,-0.007498839555748134,-0.13175899775459876,0.015662265802848355,0.0026681612801185816,0.0009194188128873321,0.03331825713021128,0.008807488848918596
0.22735293552217473,0.018314183596822985,0.006028237537697864,-0.0009535470612485053,-0.0015364121548708766,-0.001480185078820907,-0.03593836909185358,-0.0016094835368061903
0.007938491294596511,0.0013454437019852434,-0.016450213418449367,-0.006205129856350205,0.000203144453762516,0.0029615288904311548,0.041407259780029945,-0.0015393951706309727
0.013381076065551351,-0.008411849778923336,0.08114318775720887,0.0,0.0031581092514360327,-0.0033455506268434926,5.970102928347376e-05,-0.0020123700373966625
0.017872639317669338,-0.0014589006342454493,0.1213320352395666,0.00727870079136334,-0.00025108726219734423,-0.0022571117197163655,-0.028941030892721552,0.0014444342878030402
0.06059293886499589,-0.002513013557268799,0.13219860799654773,-0.005953685445111186,0.0060250014395398545,-0.0012517315408074325,0.03964911269662481,0.0013180883303339041
-0.016751572450708175,0.0040170886675896566,-0.03928191250919627,0.009886073849925939,-0.001868210719749689,-0.0018453809803189048,-0.013980243528297213,-0.0005755992113037414
0.14003561439546505,-0.0008515286966846863,-0.013442006583830353,0.002650478209426959,-0.0020169983533542416,0.005124043401263355,-0.030464248407664138,-0.0018422643454643261
0.07088505148356301,0.010978862471712453,-0.008370172264833626,-0.005342534789645051,-0.0028634203960905226,-0.001447653546318317,0.05802881363511099,0.0027335269556600207
-0.052751692385058176,0.008993054207110529,0.015005218284381045,-0.01226940959577742,0.002826511898881517,0.0002853677286728208,0.0371112444509731,-0.0008833941248905272
0.1850918349170224,0.0005992646044647247,0.06558256303542559,0.002065812100957357,0.00502753293974828,0.001960948204104874,-0.028406199883137803,0.00016921862952787303
-0.139945491827681,0.010326208462118102,0.1091690033661772,0.002839615672477839,-0.0018885814916328226,-0.0008056049619431543,0.0355619611217312,-0.0002011113865814894
-0.11896660090162278,0.004384219369094716,-0.00879478488730397,-0.012484399772244406,0.0018676664364863096,0.0009089906891724583,0.038541544973295795,0.0003997408673975106
0.0424984645461402,0.0,-0.04984098737874413,0.01760385055364109,0.0035387873458925466,-0.00208951445032296,0.017053935216811377,0.004818811522682014
-0.061531506685038255,-0.005904537218923333,0.017551598225032442,0.008024728441806695,0.0018123329382476665,0.0036118172518267715,-0.011090295560306896,0.0009535515260048338
-0.1263945174719137,-0.008130927448148913,0.01914901593801366,0.011817649384258902,-0.00021170109600330417,0.00025962278891328744,0.045800153865435934,-0.0005799187435758099
-0.00960537984413682,-0.0020761973903134093,0.11106228461210292,-0.001123712399087337,0.0005083970519163816,0.0011960393034386326,-0.0393758318564896,-0.000947759725420728
-0.11558691217966537,8.1521711006588e-05,-0.02745623897648624,-0.0015912361552612628,0.0009171039385534199,-0.002803372682861106,-0.026357382822696014,-0.002390781586110778
0.14595177101330414,-0.0005389255295489143,-0.12067721455143762,0.01061933013288565,0.000766239348351921,0.0027616936147774915,0.00636407870459513,-0.0016801576293081946
-0.11447127733424865,0.005653787708555222,0.10473302001353002,0.007249983192501644,0.0018132425557669243,0.0011934106163855526,0.03263445697686784,0.0022129632940587948
0.06194721371231476,-0.0052131077876996,-0.04716702122557287,-0.005346285777184321,-0.003031346835938748,-0.003000383872719054,-0.01850249956345698,-0.002167206541588751
-0.00588016451524427,-0.0016347281446787486,-0.026887032411956235,-0.017441948733670377,-0.0009328331614931871,0.0015616183145689341,0.04122352232794109,-0.0036447124392456364
-0.09825009037770109,-0.0006349736638826126,0.03241661886875171,-0.009776552317931597,0.0015199802959436552,0.0025736986725089584,-0.04648381778228915,0.005108287920127584
0.12346993916932424,0.019369518704784577,-0.0213142468463346,0.009641501151553775,-0.0030656569579419687,-0.0005737416129762141,0.015840958133358982,-0.001635908014489452
0.10677870504897298,0.00811127854370046,0.07775017932548939,0.015147470235011652,-0.0020146674204327584,-0.0005733964141330927,-0.045688446772784,-0.0016266563216275909
0.18658920660415884,0.0008897851998269625,0.025439518243820947,0.022993052877439295,0.0014086804124266528,-0.0007340181364961507,-0.0038968071557307408,0.002920305650688657
-0.1041989278502743,0.0038078037293575377,0.05390643712614345,-0.013850085423249723,-0.0011417269611978351,-0.0009729877287750766,-0.02475761660966997,-0.0022066790061819335
0.10015419208926182,-0.008685645963935455,-0.08553243687742573,0.007890775406455277,-0.0047570277534024,0.0033290553749935254,0.02894999389137249,0.00811824296533967
-0.03299885691994474,-0.0014217131003215352,0.13651340281837698,-0.013768298188675657,-0.004598559855603167,0.009307316871053042,-0.014270458077560113,0.0014921596950424193
0.19604610901437772,-0.003477574476963571,-0.08769029383015643,-0.008131505445190644,-0.0009700251926335335,-0.001676590875827425,-0.02682018134880436,-0.0017553942009304016
-0.017356280710805715,0.005001556023231991,-0.10515335019120303,0.0065984121343289565,-0.0016659709604937376,-0.002221195509826925,0.006657630582782066,-0.0005662614069770755
-0.09121195038218638,-0.0021799138138654463,-0.056939567449546834,0.009105339008565892,0.0005915268531991591,0.001987603459177638,-0.015462268262625308,-0.001625942231032317
-0.028469038364469745,-0.0011147392728512826,0.0031982728549061735,-0.005370503122797961,0.0006105244323663141,-0.00098103699550242,0.011045903507936656,-0.0011061356626933323
0.162133734757785,-0.008797032847784873,0.0007637718982337893,0.02065705545786086,-0.002299982902625648,-0.0012742956586863786,-0.04026216387393003,0.0012776705201531702
-0.08090298357326428,0.010296843247188553,0.07916524423626976,0.019241094899849525,-0.0008665806435239029,-0.00014694329268813422,0.04673672785497369,-0.001086709762732023
-0.07468825395648454,0.003687928048245519,0.09688610158099444,-0.012017316834303174,-0.003045293375637124,-0.0006991105160208793,0.012234481430799964,0.00026963555000399445
0.1237245746114318,-0.005686965710056349,-0.04271119624858266,0.0028046936523096816,-0.0021197930275817702,-0.002201536094551167,-0.02703033806826146,-0.000803358434655746
-0.05266278197016666,0.003441148885768061,0.07449463757632552,0.013171839620331409,0.0011805968682423785,0.0016577048026254297,0.00444127123980321,-0.0019816419583953415
-0.09698374478392999,-0.0028097092622956124,-0.013428137047681905,-0.00563562008604325,-0.001405010016694797,-0.0020934675519318695,-0.04497770198263633,0.0006559461555909751
-0.020935579318476498,-0.0013605412746539672,-0.09069332588603225,-0.00925487832068459,0.0006324310364022034,-0.0014802426312855428,-0.03786923094732873,0.003120154750953819
-0.11560679210516865,0.012212782586473543,0.12748481666366945,0.02351195809517542,0.004632706034622137,0.0004866883325526268,-0.022599704052989757,-0.0011187108839667394
0.17182728208513,-0.010843829493168458,0.19415254340400653,0.00431871766676463,-0.0016593354613220323,0.006766724536488836,0.052209482129164445,-0.0016089957964623425
0.10124721512135348,0.02039238467631669,0.01684820959091419,0.011307703007159772,-0.000510828688410403,-0.002540057748453915,0.02518142427047881,0.003928877212258124
0.09620197342609237,0.010218031323173934,-0.12313668745627585,-0.015928000195634815,0.006368354701231334,0.004157356660974415,-0.04845406999070056,0.0069801135365459505
0.18011354855514694,0.010749822596359529,-0.08652497170008112,-0.01177050018754292,0.00785867351376629,-0.001975446776626247,-0.010288710575913046,-0.0019312573628553625
-0.07918695964512504,0.007569095534765673,-0.06555188464210482,-0.0008408087263437922,-0.00163094742701775,-0.0017993158035028683,-0.025926562406084392,-0.0005787614526645002
0.12085671026080304,-0.004933263728275308,-0.11701403469943002,-0.009617767228829625,-0.0002547740648307047,0.00031810024458736423,0.005864443120322918,-0.0019524382028449807
-0.051027379519533185,-0.0017170620598222206,0.013676745180847015,-0.01489579460814225,-0.0019687892305170784,-0.001163830830191307,-0.04352816429150085,0.0017340839318202295
-0.007319404075699681,-0.00249361971610391,-0.08595710649232403,-0.00886446814363198,-0.001323423053251783,0.00578988282392916,-0.010792723269234904,0.0003686406657035096
-0.0730768521640907,0.0063953117490582415,-0.0269744426796907,-0.003241928817196963,0.004341555286164765,-0.0004493173014258195,0.015538127094323562,-0.0016141081890025306
-0.00427693262814744,-0.009152383641883304,-0.026888005902913622,0.012670257671251638,-0.0029326929602837976,-0.0036033219658543627,-0.024941392896026798,-0.00010021055217088182
0.10897175073873734,-0.009161577141329647,0.039871395125803615,0.004362372878916361,0.007497075983433834,-0.0008786304695075076,0.04641150229517964,0.0039709109404974284
-0.06584668679626307,-0.006669000603871596,0.0472081669429854,0.0012085237585678238,0.001781740884064499,-0.0013261391766239846,0.04564444646211083,-0.0007908364515371961
-0.10664294418932341,0.0006823398809368191,-0.04896728158680697,-0.014362941139224475,0.00039037922843077055,0.002013094995545275,-0.042920647708462815,-0.001553256779693932
-0.1519246040409094,0.012436698654346285,0.11403481828783413,0.020754940447538565,-0.001128994825655204,-0.00010938475616564108,0.036050772364804126,-0.0005612525051937752
-0.12615083353958595,0.006716840286126683,0.06880622279965115,0.013822514213632814,0.003233761910358376,0.0004630806430789766,-0.012516113160370086,-0.001492187454006428
0.015523882379898782,0.004727364060022195,0.08247731789418608,-0.002257334085238316,0.004339638962855218,0.0012757577856547446,0.0006865516590550593,0.0009410881784308169
0.0869808881728911,-0.0018292493374198193,0.0659454330086443,-0.004981699271324784,0.006601980416699862,0.008734774989942407,-0.018722973536526986,-0.0022340332890626396
-0.1095102458915122,0.006403632339583502,-0.052585701612580076,-0.0040636254920634355,0.006293858715612133,-0.0003411265761869564,-0.026931277478898525,-0.0011516420633079366
-0.0029465408731216497,-0.005318698821062393,-0.06383588100628583,0.007324396755050745,-0.0024788035073901754,-0.0018402809289844032,-0.015227871673651769,0.000327456876767232
0.10425602864702545,-0.003936379665862025,-0.0016150475426575258,0.015033577150948566,0.013445085317120431,0.0032766891108972247,-0.03974204261441314,-0.0015068365062799738
-0.07729356091520675,-0.004706622097801145,-0.018058930999873143,0.003062972776540821,-0.0003576565038665874,0.0005094342036958549,0.05060274601156205,-0.002323478092009027
-0.08043848026828467,0.0029970206124939392,0.026716418845943928,0.01313793528290852,-0.0014226443865054219,-0.0008640449200816615,0.0468873762169811,-0.0014065814135152766
-0.058378172691445636,0.006524196156975908,-0.024446175584441246,-0.011231715693959216,-0.0008103578098683992,-0.0009112719291947782,0.027444354771410523,-0.0011562874001928667
-0.07890657349906513,-0.008250032362560262,-0.059014663666840654,0.011981814851127282,0.001124571968650325,0.00023080289135277154,0.02298471613458438,0.0021033782700827846
0.22172817266191128,-0.00015768978582750282,-0.012913261960544625,0.009121793796466165,0.00016147071882907855,0.0016369158876904492,-0.022597557120638184,-0.002190948245963739
-0.09582142576473168,0.004721124514658262,-0.07174481368877522,-0.004483662202509107,0.0038567117729678972,0.00078971760618434,-0.02122479017948868,-0.00026131331259382495
-0.1285075573844776,-0.0033264957862587895,0.0697633493544952,-0.010166755968234317,0.004107132103336375,-0.0011013744983399132,-0.002338041747588649,-0.0013343419759582699
0.26382311407577935,-0.0001748833015622897,0.11297882148533103,-0.010846569738566998,-0.002722341388707855,0.004355394334211232,-0.03095946016211222,0.002589595170488186
0.11322464179606717,-0.0031486877571916434,-0.0427204658418495,-0.010083916406832174,-0.001498143470927814,0.005341967500222627,-0.019588003336622008,0.0011265249236656685
0.21491108164928632,-0.0031177580222090068,-0.07487653150135772,-0.010955604340380369,-0.00023197915896273902,-0.0003385965528477544,-0.0455711930521686,-0.000764889790202376
-0.10931939259322117,0.007782060083046351,-0.01882040163098981,0.006387162355018744,-0.0018381039143822164,0.003349472332153095,0.014904922622563637,0.0033512454189604003
0.08067472294347143,0.007983391517501081,0.07214614476228239,0.003054248779645484,-0.0025049695764498463,-0.0015760158935929753,-0.04243686534410177,-0.0008763887307739887
0.17771829318811677,-0.004396420659715182,-0.11573693411082882,-0.004598152473948093,-0.0026762288229140114,-0.001455850989599208,-0.03023947739947948,-0.0013304194375981723
0.07766228295888034,-0.00904314566304692,0.10859132464541175,0.0030496090781352604,0.0002549609315703194,0.0040664952865611045,0.005335127999454688,0.004671308910179238
-0.122357347725308,0.009859043907028043,0.009458743064819235,0.0045343389107256275,-0.0008694053807300761,-0.0013583973897208293,0.03526971512434067,-0.0009994439749918592
0.2447466682718087,-0.01364928733206619,0.11284882210826097,0.009377178152374483,0.007734662012281066,0.0019818685849167005,0.010067917617406918,-0.00020984980494309635
-0.04260131448663237,0.007138889081140916,-0.02971915849589953,0.00132335298135662,-8.001448046528539e-05,0.002280830523428119,0.03998865332650992,-0.0011852545755785795
0.1394768609276585,-0.007642320526994299,0.14544377385867685,-0.014139321296533771,-0.0007706080885690041,-0.002037776163988739,0.02387586489144487,-0.0005664035802131484
-0.0075518879686057696,-0.008188254016004547,-0.07487864387590767,0.012725453270384313,-0.0007375643374433194,-0.002576702766849139,-0.013974031778579832,0.0036834964610059943
-0.05023094497817561,-0.008104258019059573,-0.056234254869397045,0.009460614052332495,-0.0011122834368155199,-0.0016123804048612696,0.03620562837044961,-0.0023369927442380522
-0.03895368986088122,-0.00019866922932539402,0.05396891017189206,-0.00022254365949518704,-0.0009227661679315994,-0.0016781400529315743,0.009770420112526981,-0.0005610904938329086
-0.020108670110604215,-0.008685091869471664,0.03227288386286643,0.011349378349285838,-0.00040182721351281897,-0.0014365972159272932,0.013101128385406903,0.0016055244310878459
-0.00732113405058935,-0.005501651766631563,-0.09801151134986855,0.009129368497484153,0.000627083124003891,0.009549551084304058,0.01204764014997103,-0.0007349990748159066
0.08144783132237794,-0.0020042203011506167,-0.11854532029973502,-0.00932620598695404,-0.0021469686101543537,0.006793346100275284,0.03500828460256689,-0.0007807469423218028
0.05058578197775824,-0.007464289939036016,0.10728082984120922,-0.005664030834187565,0.007222870187846124,-0.0011689211169823577,0.05334447739713825,-0.0024694975998679042
-0.11335808746257267,-0.001168802161289852,-0.015165629173360059,0.012388979768194586,-0.001181440149395416,-0.0007318410107963885,0.015843368751894772,0.0020737551829860014
-0.11482927392578868,0.0010630655601382155,0.009204360404811658,-0.011986420145463082,-0.0019143564702144326,-0.0017604136076261492,-0.02797519462055447,-0.001842921985657831
0.16803243582318309,0.016746549158551526,-0.012274124309393836,-0.011517480122478042,0.004005695304675893,-0.0017677008736564914,0.04060145069823565,0.0014507075296148263
0.12847663292565253,-0.005420694283193969,-0.07774353177842676,0.0022672942559183134,0.002800669191494585,-0.0014407002143759992,0.004199367873033946,0.0034233640564290306
-0.12236153912290484,0.003437928135499943,0.11477894373116936,-0.01398712233048268,-0.0012509041245234,-0.0007119503464541078,0.03510487486513054,0.0019040354812327933
0.02005004043378903,0.00010335676980109676,-0.09905233741444336,-0.011003619513993526,0.0007584873557249557,0.006358017124084007,0.0021070893914244765,0.0053243264098300856
0.16052673523601024,0.0005412981748812037,-0.08715312515582196,0.00791462185972905,0.005241714122322331,-0.000740465788840447,-0.03361134973589833,0.005634218342056485
-0.03294334281217321,-0.0013445403200447233,-0.053551318614671495,-0.011418762616204486,0.00011680088631235708,-0.0017250110233824594,-0.042331880518771486,-0.0030118605313380776
-0.14109865855441517,0.001753752015110253,0.11615796908105441,-0.006568308197720133,0.004749179878539589,0.0010658864942871527,0.010413435706001188,-0.001270119683885431
-0.08951021740841152,-0.0012612382404107645,-0.007348252211727961,-0.004504236016809365,0.0031020767471217742,0.0013117340314725834,0.002020116934421465,-0.0018167909434896924
0.0728162519501412,0.011332956058290008,-0.0999268924195278,-0.016357200249746403,0.006430241682363918,-0.0016020661589580632,0.022197653677484663,0.00019379252131633638
0.12147814702036515,-0.0027558517130256053,-0.1282028546753418,0.009334185882432006,-0.0029805960098614414,0.0003158694175851781,0.038091382366484135,0.007228918003187345
0.02946963637763267,0.01361121508909972,0.11817262707709708,0.023728607144386484,0.0035876785527096636,0.003480450182930314,0.01574129468772384,0.0014786173706621553
-0.07546218477342893,-0.003884897299253482,0.04784104790199726,-0.0011091255463288041,0.0023924935863140163,0.0013877858946812268,-0.0339962766544862,0.004054996254980322
-0.09587427114886232,0.0042841455320475836,-0.0033225317511485046,-0.007601886391263952,-0.0024091299898319207,0.0026098017981232044,0.0355283531236362,0.0035187259348319283
0.11230710246648457,-0.0014315224745549042,0.016969537479304155,-0.008822059129418764,0.00829651796828072,0.005602511257060496,-0.006607364990260191,0.00035529918074908573
0.05974830409687184,-0.0025962697833569774,-0.08057711286329546,-0.013391498831656252,-0.0020540798380653995,-0.00014171701813534,-0.016263055550300186,-0.001131548175376294
-0.031764059085828286,-0.007613433594667039,0.07021613068076095,-0.004685520857052702,0.006624388688190579,0.00012985454948449826,0.028844013483646225,0.005539225313869687
0.05900645703448418,-0.0010771786443409608,-0.10263487476647692,0.010945918678917168,-0.0010634117136838067,-0.002249965470037129,-0.024919007495544196,0.002295213852915446
0.025398285167297984,-0.003993659802903708,-0.021237159593736406,0.0007603893383444292,0.00029383140561735355,0.0056234564670025865,-0.02702928815153525,-0.0006931712703283099
0.23251414290100808,-0.007014156362422463,0.026882774530461413,-0.012299009299118981,-0.004063328337874837,0.0037564781113784947,-0.020871020392856324,-0.0020674954613106866
-0.07774421686980847,-0.006286281866998813,-0.02199342298859459,0.001876889252229564,-8.988523193289757e-05,4.797769654879547e-05,0.004197293541338501,0.002536939365539187
0.004581300892421491,0.006055975115824028,-0.05606416488859558,-0.006121014633440668,-0.002155042943048377,0.00033973428246775184,-0.030939352860846227,0.0016361762172683325
0.014214054388183853,0.01709634532286384,-0.09538769884893027,0.013821300781417084,-0.0018816559173081724,-0.0013570191545385461,0.03647293153974613,0.0023527807644499917
-0.09626459309583232,-0.010880871882216394,0.039909909645438134,0.006652686363256482,0.0014176004041536836,8.543951189093207e-05,0.02526431000981998,0.000774604370608502
0.0011155458644827457,0.00546636915014984,-0.07320446784919801,0.004026517362099373,0.0025868798218915043,0.0008528472542405798,0.026681054921712362,-0.00036526524527746157
0.00834906715181045,0.01678283209950305,-0.07095633022805671,0.016684598475273833,-0.0010273308135909914,-0.00018261105914042786,0.05250978893540278,0.0018432337132178744
-0.03545465600052571,-0.009635113712710216,0.02537679446672966,0.013924093964733202,0.00011685378265588464,-0.0020054108484722838,0.022527972464721106,-0.0007532577424636807
0.17409879264383296,-0.005316470419273995,0.18419226695403432,0.010505928703673551,-0.00039448340030479034,0.004462409408454027,-0.03696726294716195,0.0043810689153602755
-0.05482852217647168,-0.0056312668877776875,0.027407795081132925,-0.0017724547362239133,0.0005559016525462872,-0.00017995591964763136,-0.04236563371642393,-0.0004928716621595059
-0.051201116679164854,-0.004762912324919368,0.03155679060445635,-0.005498174799752483,-0.0008195306154731693,-0.0005528888690201337,-0.013630606615210476,0.0005931610713392488
-0.04087908869508004,-0.002151867955627531,-0.07480437414535832,0.006968035608130143,-0.000974839812336592,-0.0011658592779728823,-0.033722966018368605,0.006294747478548455
0.0994956383914351,0.0027680880237623486,-0.1000894509780059,-0.011795793074418706,0.0030695160932734987,0.0019177646258752017,0.04730299694215427,-0.0016146408959117342
-0.1231690577320553,0.0011253783266438984,0.008192164775019984,0.005228042347579189,-0.000798795573863485,-0.0021783333743300133,0.045356827737800816,-0.00035737293354531907
-0.10850202224609644,0.006389389691581746,-0.03285368110708857,-0.013073303926044137,-0.0017232419072683485,-0.0011016541380503564,0.011245891717637917,-0.0011570420976097298
-0.06695052333887257,0.002501957847746753,-0.0439737536605445,-0.007856138201264677,0.0031202694807448664,-0.000621847533886194,-0.01621912178372885,0.0010799279596654466
0.05675789950905489,0.0017040363990608617,-0.10667459350113209,0.005877623810870998,-0.0014926871758872643,-0.0019364620713209456,0.03393322421393835,-0.003329479494111421
-0.09511440984331407,0.0014946028631795537,0.0033705353107299266,-0.0012288272279150476,5.939831656304184e-05,-0.0015369771781074974,-0.020672429531166332,-0.00025153238901209955
-0.05230982673079922,0.006575750013023103,0.023120658235696513,-0.004018614230609337,0.0004760901994369654,-0.0006366109758319816,-0.017907968821569892,-0.0018060333512695506
0.05760418013756849,0.006235484949152551,0.0019914404206699075,-0.01224463085880949,-0.0019546108030947234,-0.0016791042946192047,0.024243808425027186,0.010800328250549582
-0.08131073963308019,0.00048267362821551724,0.043031417872359215,0.0010151039322103873,-0.0010032063125804827,-0.0011634630777470469,0.0028926975916343054,-0.00180694003951378
0.16912019793997812,-0.0071515272085762634,-0.09566293167190393,0.012325862796670129,0.00212200962649338,-0.0017906895790257532,-0.02338722284503716,0.0009335799044593376
0.15033185341243796,0.006060836492018331,-0.12124019941661188,-0.012266409367726175,0.003114874582030906,-0.0009724342705141886,-0.013466910222293807,0.002659390299544683
0.010474813741177333,-0.002855674382024231,0.02898271929966934,-0.014132387619699923,-0.0008555729074179551,0.003711461448327561,-0.014572451671119683,-6.914153091265932e-05
-0.07511231174365268,0.0005202552809939892,0.049277318321652455,-0.009322751761859434,-0.0009793116719332363,0.0017439679911037342,-0.04884629371559543,0.0020152704690427478
0.19486580659659886,-0.013214122513919237,0.14595918568984842,0.02036303240049013,-0.003222870408174896,0.009217756994351322,0.028148532792369996,-0.0012374255939671674
-0.0911824276467822,0.005393108701765419,-0.09697480872118293,-0.011539922573681995,0.002454281789547912,0.0004615055794210121,0.010452459897246424,0.006327622036481844
0.02733821877736487,0.01419719837513201,0.0808843805935592,-0.011103219277994517,-0.0010338670074729606,0.006719306420351981,0.03222805515069752,-0.0013804907124165171
0.07652278304979503,0.017314683113442364,-0.04843665058824538,0.00875050079800396,-0.0011124852462093679,-0.0006566900641450796,0.02327697883698718,-0.0013845774274878198
-0.09149613408961037,0.007953218727724509,0.06643423259388788,0.011130928462196432,-0.0015466519096945278,-0.0007683767470372649,0.034615136978689204,-0.0005657720093089798
0.004950501346638062,-0.0015501340752921006,-0.06866567186549112,-0.01632733598816013,0.004538643112144567,0.0036880991810609633,-0.028080383791183883,0.002305027254030623
-0.05598218513804218,0.009994493870766301,-0.04526118003049898,0.00932064306176611,0.0021473917919570813,-0.00015597492566858662,0.048348847765064915,-0.0014787382246253386
0.15400111485350396,0.0031567053245639917,-0.13491405817365595,-0.005355910897672732,-0.0020338987554855536,-0.0010272246905593946,0.030079901653857138,-0.002547863061598744
0.17305030088134155,-0.007562249870721881,0.175536653863885,0.020385925206359727,0.0039845895986888626,-0.0007570340769870731,0.055690377412619965,0.003917656959757983
-0.11425191942869095,-0.001164041370317663,0.023321533344607896,-0.00902233548840133,0.0046330021648209535,-0.0018607687836369802,0.037126761750241224,0.0020659898509477704
-0.027892999594422405,-0.005532942887715049,-0.006599539067790285,0.01183724376922302,9.46104146217347e-05,-0.0004071843407027911,-0.020824392052651474,0.003950822370856009
-0.12164598669059157,-0.006609696392636782,-0.018899491372175555,-0.006927592990264216,-0.0005374740911777021,-0.0003943477417342593,0.049973118828332275,0.0006840405612555389
0.070449374776545,0.010830233805785076,-0.1070493249730066,0.015157531353655909,-0.0013393786726139903,-0.0013017160981945793,-0.0345761740116266,0.0012258026204998995
0.022621637105715058,-0.009648320431905623,0.08385336399210372,-0.0025318863765561275,0.007170656830722456,-0.0026345002492119633,0.0272030392738503,-0.001968703157992191
0.004710422749236494,0.0021822309676792677,-0.018344796318442422,0.023435713848696846,0.004943302192596841,-0.0019287378158010272,-0.031416530531378536,0.0
-0.033032153804739714,-0.011561199590808903,0.013390936521611848,0.013286786964963299,-0.001694178385038634,-0.0035608757900137677,-0.007781356865014979,0.0032174112992697694
0.01109741134909543,0.010576147266647538,0.13549057518055296,-0.000248510705233533,-0.00013954471377630728,0.0017881373422780945,-0.010421133753318504,0.002058212579961737
0.10979766498925664,0.00019972422529285216,0.08165932363131784,0.019536114306782374,-0.000676358627591307,-0.001120453618250168,0.05255624359157831,-0.0007473460791627601
-0.07696614101804744,-0.005436914098741959,0.047891084255569864,-0.006058138860277775,0.0011202667641206803,0.00017632524958809473,0.01394579273813131,-0.000861380248612277
-0.06911284535851524,0.007084407795974676,0.05444199884461367,-0.004906959190018189,0.0003482415824441615,-0.0013668233709078963,-0.032157333541352764,-0.0010567938762263069
-0.11322631994784131,0.010899375494964605,-0.10454788665232949,0.017634256797382227,-0.0005605274044143682,-0.0012137729165223017,0.03597204268603752,0.0011185884465171234
-0.11048963081626033,-0.006252420608635522,0.11890673341791323,0.007135213706809978,-0.0010760208842161417,-0.0009398851014276784,-0.01476167730287738,-0.0012805684473147646
-0.06465052974522513,0.0013807469600642776,0.007771230503133056,0.009834056448659617,-0.0007373122647417296,-0.00012417918581176385,0.0023962426867718007,0.0038501917960782274
0.005321944518738258,-0.0012604346331431895,0.06983186921121869,-0.011678525034235466,-0.003453495328919928,-0.002562346256491017,-0.0003112995160652887,-0.002584694275364059
-0.11396722200491517,-0.002711149612525697,0.03974853945289709,0.01573075278221032,0.004909464991415321,-0.0009067121269574401,-0.04199119154226234,-0.00019350002168801173
-0.060830163957459334,0.004897928886381426,0.03850462551617626,-0.018301823558902114,0.0002933358717340101,-0.0006064413298208866,0.01996156195814751,0.0007781714367404619
-0.03309584227849275,0.009130854368173152,-0.020017312751076356,0.017248247750139358,0.002658554225437985,0.002357973784432915,0.04863911160552924,-0.0034060669387771143
-0.09125016688283646,0.0024791108439509123,-0.04881777758653399,-0.011606576196356211,0.0039877711323030775,0.0034894043467696054,-0.03606332863070773,0.00026631143905703203
0.2432161710581856,0.004158847675059658,0.09677408732062438,-0.01847235578980353,0.007210102382115854,-0.0017762388712496374,-0.0314975787232625,0.0009633836955680875
-0.11231420598741573,0.005295482447680744,-0.07304669666206957,0.0074801419167107395,0.0015634386893938479,-0.0018322941105007684,-0.01537158686682309,-0.0014396114783628328
-0.10036580333134844,-0.007697736941336551,0.11280405893062767,-0.007046990415688118,-0.003370284896966905,-0.0014142636773834514,0.011439209491926408,-0.001201028316324535
0.1782504516621976,-0.008022680041057008,-0.057446027358221415,0.0038495934213348187,-0.0016220285241345383,0.0002344530590302346,-0.008197894291219882,-0.0010926638708085468
0.0987530121747246,0.006767606443852533,-0.07178658192427105,-0.016190849673829926,-0.0011113545226093704,0.004952602476416985,-0.01925648894050699,-0.0019591747459358475
-0.07794581058692221,-0.0044504129618784406,-0.08826418487151547,0.01726229131690091,-0.0011018545146014938,0.0007822121037206198,-0.014397717332084543,-0.0015381335787260128
0.10182487539031157,0.0012999982484115605,0.13706911669200839,-0.0169572030144534,-0.0006747423875677616,0.008234291470854662,0.04319466738869483,-0.0007803567871877353
-0.021806211664240762,-0.005790444114757324,0.06353705576343475,-0.008152262016240554,-0.002932703754673256,-0.0021761501037512844,0.0015355862317259494,-0.0006502938589223124
-0.1263146758074436,-0.007559341442552522,0.012896556602577582,0.01452419054668215,-0.00020585282143953387,0.0005229138566571246,0.00921493645397362,-0.0021082956506604297
-0.09953019937750862,0.002978724099723693,-0.08766973274576523,0.016570868031621937,0.0028423576125248956,-0.0021754254126683734,0.021994641490334,0.00040573583804040525
-0.03810645360905246,0.00010844739271459458,-0.056578162025154755,-0.017490329894563977,-0.0017623012064572772,0.004295888089731489,-0.019095450243491754,-0.0018759764846185566
0.21745053177667736,0.00772324315902988,0.1757014588330707,0.0023730339105356222,-0.0006020102198024541,-0.00022229620782545373,-0.031244479216934646,-0.00011677907196122606
0.10930100655740996,0.006426202113808778,-0.008677243623789053,0.017016999168641606,-0.0003224682852113192,0.0032551658223980286,0.014927030050056442,-0.0008732942875821683
0.1605519353426825,0.01401587102009454,-0.08590662266696995,-0.014737755126028698,-0.001634344141372394,-0.0016658317982337044,0.0006349813577812835,-0.0017864264025348625
-0.06183019897901523,-0.005249515123067465,0.046977187879500226,-0.00998517732293223,-0.002470259546971248,-0.0013585589871909982,-0.005429150552526847,-0.0013136022158554625
-0.07019649213731738,0.01155665433812755,0.015754438506642335,0.00855093435038371,-0.0010673645646263686,-0.00022687897496355799,-0.015398588905738756,-0.00013902169806633696
0.10844050715054004,0.01603275178072423,0.020202189257374152,0.012863684280681645,-0.0017944271545216285,0.004967487474118402,0.03620248502117274,-0.000893644725831394
-0.02263546275450845,0.006745039695290155,-0.04050501868601228,-0.005150326978098719,0.0029540532770207413,0.0011102599201772978,-0.028893896466789797,0.0012319378801804407
-0.11670110383899486,-0.0028981177435889274,0.11119334640948753,-0.0094547038068724,0.00709830144189687,0.0013940772529627953,-0.024039345396883148,0.0002667364273919795
0.18881206116919844,-0.006219775059597312,-0.06815988259651158,-0.002247042190178932,-0.0020368545209103832,-0.0022610233691448753,-0.001396944389040316,-0.0006890482057658603
0.02362000924018958,0.005046962457636793,-0.0699149177675856,-0.016089786680925984,-0.001869680228515436,-0.000524242314662228,0.0240913170316354,0.0012670399614591154
-0.013819898379479188,-0.0026341254974747855,-0.05024074677104752,-0.008682569565282749,-0.0010899762579704782,0.007226554724458808,0.001520948967444466,-0.0023958577264866113
0.07253216472515674,-0.008131982263477897,0.038095392422893615,-0.0014886101225468132,0.00010728814664198727,-0.0012637199823206059,0.020880233156011983,-0.0031980737961711087
0.04302194938908473,0.0,0.07711553958554297,-0.009818039131011348,-0.0025509750923622676,0.007283801609257613,0.03195502507286989,0.00804504970304799
0.03541042399593104,0.00570527700054637,-0.041838908964182665,-0.016687320342184817,-0.0013804705491246736,0.004323465938326166,0.008892177202932937,-0.002129246855801955
-0.12864476542893688,0.0009236378085167087,0.11185223791078625,0.016705740781598803,0.0010105081106209072,0.0007628076931402095,0.030468793020668048,-0.0012002666710483403
-0.04061310809908586,-0.005038597148788231,-0.05855435441129331,-0.013337377084335906,-0.001166016812594775,-0.0014271870235732997,0.007975752173138529,-0.002319989959781063
0.19109287386097348,0.00018406903434751987,-0.1240038920143861,-0.010173708855097567,0.0017266798779101901,0.004695788322621684,0.03151895463919137,0.0013302109987923711
-0.04400743126140749,0.006966887518167112,-0.05609224219124803,-0.0032291129945507552,0.003926940761656582,-0.0005727464863795745,0.046005668839879214,-0.0024106135393080087
-0.05212515685911353,-0.008350263650498275,0.09368179233185726,0.011130395088769127,0.0015929880091232944,0.003848831914889559,0.03822650908473101,-0.0008940871277599294
0.1261236241282803,-0.007634881238547825,0.03704169696765902,0.011548510349256056,-0.002584320196864942,0.003428026844009944,-0.004500406735169114,0.008412349016548476
-0.01408439197143614,0.009417580022426042,-0.04894517928088346,0.0071051280946733755,-0.0014481172661989245,-0.001192680101292809,0.006115939784287456,0.0030714451178467184
-0.08998928943356553,0.003997168823189887,-0.05436716462173367,0.012054112119703782,-0.0011756092551774011,-0.0018609904722929995,0.008121912044499227,-0.0020368380709761174
-0.06998305492218017,0.013951606732417124,0.005496440122299125,0.018990053021127596,-0.0009556184678439373,0.0019585113855084017,0.028835732074678464,0.0049773286509815495
-0.0970131266404278,0.008011187645431588,-0.0619414921294685,0.011122104140102649,-0.00046653922424058636,0.0037458072900726815,-0.021842385527961316,0.005999015075830989
-0.03538539298892997,-4.3773087466107696e-05,-0.036672589903836955,0.01226433077020378,-0.0020356704600353525,-0.00014484620155071943,0.012480406559788815,-0.00031470050981188374
-0.0762917787268937,-0.009215541380633643,0.07892358738349026,-0.008779829841874101,0.000526656324343143,0.0011362521020907897,0.039624417000453056,-0.001422981376156754
0.07898227695064639,-0.005696879908956649,-0.08391492606999859,0.008317034620575961,-0.0008258893436995859,0.00413511013630064,0.004283091418606536,-0.0014018340855360694
-0.010403638438339788,-0.002935160165339557,0.05449555160658385,0.002533883903158151,0.002113431865922966,-0.000602269161787831,0.02952482957609279,-0.0005694188563975522
0.0925237681061499,0.006087519834623483,0.11974882003507085,-0.0137537330596931,0.003835428683778696,0.0015008508803637933,-0.00086644273994263,0.003473075984517987
-0.13081281227991598,0.0011186987559496375,0.08284726879277353,-0.012336824326101219,-0.0015130594132292464,0.003918653353247303,-0.03743027864666335,-0.0008927451940105985
0.12367675116492155,0.005160749247478223,-0.10413275731196138,0.00038907300269370136,0.00458544890464928,0.0,-0.013885665156873159,-0.0014723823064161006
0.07445110454565099,-0.004233518415207356,-0.06675695948352246,-0.00290812037409109,-0.0024899015823494873,-0.00046235149549928023,0.04664198988411328,0.004670079057018214
-0.11411370966382478,0.003660334353847166,-0.033631818892822254,0.002488332973420484,-0.0019693949222296552,0.0001523028904742707,0.03286408180465845,0.004293005806250632
-0.0960105339422061,0.0038364687314885026,0.052699605073140074,0.0006638343266765747,0.0027681432599376437,0.00011488753789309913,-0.03288140861664295,0.0010318011848635617
-0.05948934793319111,-0.0030078790170162406,-0.052433186819154966,0.0015978678598530932,0.0013462827250030926,-0.00046230000100508373,-0.025968854814063518,0.0030086941388972515
0.18791339192479664,-0.006140564207925789,-0.12434319012898405,0.008498310592504787,0.008437637513916749,0.0006116950235951352,0.003576411435354321,-0.0024679670325807273
0.14977740655439492,-0.004860112163337702,0.06882875132501937,-0.009425318680460534,-0.0026889306747218404,0.004200006995470366,0.03302681142261978,-0.0025867715729687157
0.16037417637275467,0.016173871690236666,0.08537145870770574,-0.018871516694476242,0.0029208200499736153,0.0003072511592532301,-0.01871308123883777,0.0037017683513080116
-0.08536923393514215,9.610790859862495e-05,-0.0013446228123942688,0.0021942428117455426,0.0003250909425819627,-0.0007273654008260267,0.04137377671358747,-0.0004797963342687965
-0.10878220242672988,-0.0022122513034953913,0.10747044505481089,-0.01481879082575353,-0.0004215790183821204,0.0010300764812085474,-0.04800508588063002,0.00019147995487940606
-0.09256417642747068,0.012370889038515366,0.11786501270743724,0.0036194780932519758,0.003708311481251399,-0.0007025823649960752,0.015919697722839892,0.0014744475192818365
0.15249775266106336,4.744025565738691e-05,-0.10889723657202303,0.015352370796439498,0.003954163638399205,0.0018623956069016882,-0.02730081197294062,0.0009163382449124263
0.046591047060864955,-0.004695268092660798,0.054242888638034475,0.012827540903894973,0.006785470774983281,0.004347575188554136,-0.03523592758584125,0.0033146741757069074
0.09769538927678018,-0.0031483673245538686,0.0149879738139762,-0.012595299800680686,-0.002568232962966243,0.00037929748537324226,0.04975410184867195,0.004886925809677011
0.0708936273680399,-0.003626727032099161,-0.011529243109021266,-0.0038907642654917828,-0.0017569608638047679,-0.000504239271536297,0.02096074359085363,-0.003192941446952712
-0.029345090931738538,0.0019607702321063026,-0.08969780120758061,-0.0020594462929511173,-0.0004824814466079519,0.004884270463627865,-0.013149044013472463,0.002564424369854656
-0.03719745181694923,0.004755731953001436,0.04747614374491605,-0.01678278104813446,0.0045604823765693445,0.0007342823487028124,-0.009611539994732144,-0.0029462865641819054
-0.15581950159814426,-0.00498355073188881,0.09265143305108024,-0.010499869772388414,-0.0026519599307577224,-0.0005833700885022539,0.017435600566891793,0.003641382608878675
-0.011072549072004832,-0.0014330800827277383,0.05226113045179737,0.02225344631220061,0.0033642422243982248,-0.0014070216980040743,0.03343351690287604,-0.0012662017899878891
-0.09634430564045317,-0.001580160029988753,0.0682231861964008,-0.01591347482403346,-0.0016551455672446425,0.0016531786332541984,-0.04001110008235344,0.0008632260379583256
0.1657611480744178,0.004323603961319593,0.07194167989645901,0.022536837704566555,-0.0021774073594199948,0.001055742908197316,-0.030801569127251974,-0.000731860177855842
-0.1374661296154806,-0.0042670166564235355,0.11492153771446344,0.019277759808303062,-0.0017825564189963615,7.076466421437888e-05,-0.003910080094463794,-0.0002803539592845145
0.007832754021760306,0.004735255524472628,0.016635866331883804,0.016967080547519702,0.0012098380463701297,-0.0003340322538066009,-0.045397964651718435,-0.0021089065830493235
0.051041245387824834,0.002216508353329257,-0.0552101897474475,0.0007388288526031558,-0.0014590197169589056,-0.00013980922699650955,-0.0407660690490999,0.0010488064896343042
-0.01830161773885049,0.011792078983896675,-0.07626268325843352,0.01865634772411231,0.00041188596265791244,0.0023341039914409256,-0.029199745934035584,0.00697657061457938
-0.022084108342358622,-0.004263048975782802,0.14057202566895213,0.00033343220248778505,-0.002538722555259475,-0.0017736926518645464,-0.04141717877794868,0.0022612180505436437
0.00530334380239785,0.008284156533162551,-0.09190654488603942,0.01499819508946871,0.00017670136916329848,0.0025783459044133586,-0.023828911039064305,-0.0003518516479449371
0.09608368499901042,-0.008233507148269559,0.015939862825174102,-0.0005404895207285198,-0.0004029405432238453,-0.0021814960727801207,0.04044382644514205,0.007643826966491195
-0.12596825752261132,0.009784367574880451,0.07458571445542574,-0.02115760869554305,-0.0023777588715934096,-0.001054183508304157,0.05665362508321036,-0.00022783729751567512
-0.0016452841791272615,-0.007648552161470593,-0.05053783689691462,0.0037456285836176243,-0.001330155027374225,-0.0013236536501049084,0.011497482315196237,-0.0019688672539159083
0.29421227367042285,0.003170039108420973,0.18980013731674655,0.019797167535880667,-0.0014851559363501467,-0.0011544557068199346,0.025766101665097494,0.0028282006364307643
0.04229790243026601,0.00579426988557344,0.08055228080549554,-0.010860144002789196,0.011781061363618846,-0.00018298007870051758,-0.031370649307823385,0.010537201286856337
-0.09186796198315897,0.0027349177812609825,0.0007295326877719,0.009091979953908681,-0.0016839932955061531,0.0,-0.04461719391234474,-0.0008787398278994973
0.0630224389634599,0.008579865789734175,0.02855275814346575,0.016151373349705837,-0.0022827594840233723,-7.661874802449009e-05,0.011369526367835914,-0.000759510728188715
0.18394335454895192,-0.012979784619516455,0.11843006151694252,0.016180600959839978,-0.003760595585345995,-0.0017924672921604823,0.01594417690923198,0.004816190774878009
-0.06811316605003116,-0.004458707132925572,-0.08089330470832481,-0.00808635937359782,-0.0011026193635821403,-0.0019490789110638335,0.0028614373450480345,0.002167689463807493
0.028018534493710633,-0.001970735459004729,0.08248555387317087,0.021796189093639118,0.009057912518209525,0.00019421619345107166,-0.024655407436493214,0.0015719374625406792
0.2625798489387221,0.003123534304612253,0.0460846503158461,0.0034850101136252283,-0.00020167963967421265,-0.0015973894476076873,0.05874708732914857,0.001091824724934274
0.011664821311826412,0.012937750570516405,-0.09192787702321192,0.0012951411609673567,0.004628402023465899,-0.0015887197866920075,0.009428713723837207,-0.00123045871547766
-0.12484310170471562,-0.0031204903784552763,0.031045907951660286,-0.01169053396469856,-0.0022762922108696755,-0.0015595227916400944,-0.007121525718815675,0.005748825018599852
0.05856516545045981,-0.00470691736584555,-0.11006179594541211,-0.015538839177442499,0.005072106948584049,-0.0029595413089130024,0.026730708742659443,0.00021169420070034362
-0.007420348534717304,-0.007261722957330173,0.02956835015493589,0.00896999665568574,-0.0018222763925314703,-0.001891784202182226,0.027949967561852904,-0.0018723936353391773
0.01841151497859013,0.0037910871810178277,-0.03947945536919325,-0.005068014616469593,-0.0009265337398732532,0.0053832259924225835,-0.0022427239795574684,0.0011868296532439617
0.21318287230826075,0.010825864065640104,-0.11660159873415407,-0.007824790833457688,-0.0018487468092554828,0.001201492610861013,-0.01597776700974088,0.0013515307254573733
0.2158742991166052,0.016876232076984035,-0.0234086466527277,-0.02065475192483587,0.004555112174081935,0.00037971031850684845,0.05395980096388943,-0.00033480677243197254
0.10513051221710722,0.008688607078524464,-0.06340655357296478,-0.012598118169018553,-0.0014129811341242332,0.001967841676862666,0.03418984380177605,0.0036095094459942263
0.06638521113305247,0.01304353726816543,-0.09085741180628804,0.004359886433082889,-0.0025891486279119667,-0.0006183872244508119,0.025707438195450835,-0.001614972329316072
-0.05808985606331161,0.002029649744861662,-0.07988149491879722,0.00963281393628309,-0.000919591225472477,0.002574300105613854,0.015037020399327899,-0.0007631872199423961
-0.1149124951937973,-0.005397220582560475,0.009740432584682381,0.010735436222257234,-0.0018631348641458538,-0.001534206284378059,-0.03885281670684622,-0.0021285771959803357
-0.10652002623304788,-0.0054101190473223254,-0.0077514207596212,-0.01234007594170175,-0.0015426960934732392,-0.0019007629722373944,0.010366805306597015,-0.0017857514048852882
0.06810424111886025,-0.002379276073271304,-0.044494775137421894,-0.013555557302887999,-0.0012703188355411156,-0.002873231756073713,0.0022081019645730036,-0.002479287509350039
-0.05819322793353747,0.0031359722776445735,0.030682185900135925,0.01463719379754998,-0.00039850581884839806,0.0,-0.03650468765561684,0.00023478582837906103
0.12920963212203032,-0.0074498900468139735,-0.09887896651840598,0.013300531503097807,-0.003190732790815813,0.007171117234219737,-0.013828522424605416,0.0006389127144795399
0.10839675310656822,0.016512233906758666,-0.0012982745588661637,-0.005935671641243043,-0.00190076787857019,-0.0013327656914453093,0.05172055698164138,-0.002082265796183857
0.0435790352336926,-0.005952775320410201,0.07727011298382382,0.021314507824172928,0.010650269705032432,0.003462932424635577,-0.0319016062274242,-0.00048405884291703727
0.05556075764715453,0.0025662361659048575,0.0313948590585935,-0.01146837005120345,-0.001967751006793829,-0.0002066163693413281,0.03223290617616192,-0.0023704983082018676
-0.03601228394238102,-0.0017692001863701449,-0.06530123058575399,-0.009472100992031478,0.003589186952807473,-0.00022145361980191458,0.037945205910191133,-0.0013994531292212142
-0.10284886845877768,0.003867676122457424,-0.08307795626318734,-0.004681890758031628,0.000747919541108838,0.006424721126109236,-0.018018666294854907,0.005774403482214865
0.20522054507685106,0.003688768808067639,-0.04364995718439377,-0.0066942196294920075,0.006494465519664398,-0.0016927223196844812,0.04928165856933234,0.0008668377579339193
-0.0904254416850501,-0.0027271949915711187,0.08394427854094855,-0.010618594984141236,-0.0020214374077448124,-0.0024807324058324807,-0.022430207965474118,0.002767060801414596
0.12565022514410815,0.018584126081630955,0.13023402265857445,-0.000435344382267,-0.001335298767000429,-0.0005446208864123842,-0.012275214900031247,-0.0004676881081254466
-0.09543995408184715,0.012639554010686596,0.0538295689776113,0.010331741700022042,0.0028218419810586873,-0.00032508032551478597,0.0274246709501362,-0.0001763268476990404
0.005393746166729684,-0.001729084530749339,-0.06875735188222971,-0.011021843405272324,-0.0019306385689946118,0.007886842940852273,-0.033366774270429535,0.004869767617401741
0.044114266010247004,0.015069652263659148,0.07400112896660221,0.007496233636860294,-0.0026675193730767988,0.003284236261903614,-0.017559587118142747,0.007036649266415885
-0.0070215114992448315,0.001630187549862683,0.015018229477230435,0.0022826645414847093,0.00428129929297361,-0.0015953698950414215,0.011288604315381477,-0.0015669511293351888
0.12121338112126734,-0.010898480394265601,0.0016433032713667889,0.0031021105785011644,-0.003965887778879775,-0.0039265707430623095,-0.020211729472322,-0.001685296092633964
-0.0817484520309687,-0.004081219746597151,0.10319016031668346,-0.0009201501557581994,-0.0011933053987724554,0.0007540478917514323,0.038167991425379175,-6.805634406645972e-05
-0.06183863849969253,6.121594415852902e-05,0.010112450366124076,0.0035721149095015578,0.0032383679999311936,-0.0010520144168644481,0.03826479799271184,0.0003338211011542947
0.021503290249600706,-0.008928024291635115,0.0015133905726179711,-0.00012524435782337515,-0.0016687402920128303,-0.003940342381298217,-0.028686925944659786,-0.002353304167956795
-0.10718920788415943,-0.003907960445089948,-0.06659349849376628,-0.010593618149592266,-0.0018003673897819185,-0.0020587283100689437,-0.005527407343340544,0.0016556805157530718
0.09806015342419952,0.0061922337031759134,-0.08718780386495076,-0.013806196764040553,-0.0006901346441822291,0.0043742776030203535,-0.0005028955406416354,0.0008819445298813064
-0.0844852104312741,-0.004984319140186051,-0.002860818359560144,0.01634387015070144,0.00058366517330765,0.003401595931439478,0.02051466547877926,0.003575395556860224
-0.07001480118156626,0.0020062503067927746,-0.09620714072321693,0.01973126504137361,-0.002316646628418032,-0.0012116868999635416,-0.0409683361901843,0.0015162112276585482
0.1538135316263849,0.003114487255535539,0.022321512939037797,-0.011107351539504108,-0.0007706417241483132,-0.001488606938066544,-0.03345663966109226,0.0038116220521014826
0.11595039577942923,-0.0059934779984325,-0.09914318405977272,0.010320460108863935,-0.010612620403272507,-0.0041223391283393565,0.03051792867643065,-0.002742953221988205
-0.008367683511223637,0.001627934644832825,-0.06629270046975878,-0.015143327233164226,-0.0017827111233654615,-0.0009570380062876027,0.02222452372397494,0.0063561777008679906
-0.12128285847405537,-0.007012993448993635,-0.05954996749974826,0.004512325256473256,-0.0008953593883021527,0.0012170910249734753,0.03650121660996508,0.0010435012730115295
-0.018488326334595656,-0.001485938640775314,-0.05698333443235303,0.02285152187343838,-0.0018996386660812704,0.0041091224271725384,-0.04608856748529504,-0.0016669536854830246
-0.10403087003367122,0.015452807893648283,0.1341077593572952,0.014873711173563446,-0.0003724631057449995,0.0019391350773743903,0.04892906133617904,-0.0008395733337617983
0.05055723738595421,-0.005645824199188586,-0.08818012240992594,-0.00490808870108155,-0.0027602735193609632,-0.0038932029569334506,-0.016580450950505726,-0.002242854868636665
-0.02294981113377443,0.00902947875925167,-0.10373439570896471,-0.010232030412509387,0.004817363379033415,0.0032485320640406987,0.03709613136112323,-0.001586170315242219
-0.09761713186874649,-0.0004239989107596709,-0.07048003734163215,-0.008253189764715679,-0.00046303568842407105,0.007754512769341714,-0.0282949788561724,0.0014672882558423859
6.796872186921876e-05,-0.0006205030663140646,0.013363616718085482,-0.0028676888905588313,0.007460668615073142,0.004029289173319995,0.004093550908316368,-0.0011577157541805552
0.1701177711381197,0.010658490392360618,0.1294554692466195,-0.01160437234414882,-0.0018518476061260016,-0.0005830044764918996,-0.04286718563561341,0.0019847141860849815
-0.06690831538316708,0.010384687455238212,0.051443741843516085,-0.007926782431985406,0.0012726526225979072,-0.000832938840833056,-0.02315106534512812,0.0003006706723567981
0.08953043790927162,0.01141364133950853,-0.03950547639469689,0.002421561080509992,-0.000507072470783116,-0.0019162964581300504,-0.0002598888514638714,0.0007840963941922735
0.22857543822650156,0.006452278402417318,0.1990125603904894,-0.023098386315548433,0.006395808784418522,0.003121860351969831,-0.039214803747294504,-0.0016391357538386164
-0.03223193615788661,0.015397349692151879,0.0038651646841886887,0.0007029307489587748,0.0063583340928568,-0.0004966233812100083,0.004848223841997391,-0.0011863919195775423
-0.1266520242977976,-0.0018169776215766487,0.06425289844328547,-0.016002799041081976,-0.0027319079886951605,0.004048233226751825,0.0023347286395720593,0.003283883460678629
-0.08640843024702322,0.005274453563619399,0.053018784702348574,0.006294260470049088,0.00020827197853445084,0.0031939703073752997,0.012971167057234128,0.0004670222112883213
0.020843000682818868,0.001694544358980882,0.04545964011020665,-0.003772564301201506,0.006413392368187578,0.001622969780607828,-0.015270658626701423,-0.000615138670108227
0.07212070170619325,0.0009715005013557071,0.11491454448586078,-0.015689072899806023,-0.002335936803829162,-0.0024938619558111364,-0.05045173354871553,-0.0012814020690876304
-0.14170518679309638,-0.004016704494260053,0.12293499843378791,-0.01614702813976761,-0.0038810998987654365,-0.00036611773537614106,0.019822007508928898,0.002272092230053086
-0.08653951461272756,0.002077133902946905,-0.037475622037438906,-0.009404276339583977,-0.001060577398114202,-0.0007693982506371821,0.014991225444203081,-0.0019073391685331613
0.11003045973957287,-0.0032201702437038315,0.021503477815118112,-0.0055235220391750715,-0.0015942740634858066,0.00527495462509328,-0.005396804479816299,0.004097357210831268
-0.12322782646914637,-0.0028216171908284978,0.024147780604885833,0.019981459937223254,0.0005918526287239205,0.0012534680321530825,0.05074933847487268,0.003144893752030631
-0.06859413100511674,-0.0024124508599933417,-0.09432187863764024,0.009851437943324286,-0.0012928760310637723,0.002721206621894151,-0.025700667246447643,-0.0014141642536495255
-0.14118429882421446,-0.006221527061242006,0.08883375075467144,-0.00385402999729109,-0.002798600490766732,0.002244675754948264,0.007693579467333299,0.00023378836058509517
0.04700149609200625,-0.0016128606270296988,-0.05926042395751591,0.014520530385032617,-0.0013959588788846691,-0.001948832398930508,-0.03609000098254929,0.0034872477963019195
-0.04329654642980167,-0.0013637252497631465,0.011170577971617203,0.019574616600969815,-0.00043011988159369883,0.007699573553906804,0.03701008046637328,-0.00010998751313816627
0.13248020333778898,-0.008284808346519843,-0.10014615892765953,0.0023955078180790805,-0.0028449600228305644,0.00224627863153461,0.043318725333818656,0.008101742292962998
0.06916710590554402,-0.005525958465443111,0.09907123872180365,0.01987492596853134,0.007796633671181549,-0.0019690536897598596,-0.037747897751063554,-0.00159017222610075
0.009007390720646583,-0.0011116948858709455,-0.06259333777150551,-0.0045606841653431825,0.00502607233918396,-0.001669726380304599,0.0038007519800473816,0.0008877581917957414
-0.055197478890625935,0.0038523186112905854,0.03280777908328139,0.0019954288258288537,0.0014332651283412829,0.0009550498029017151,0.004949046675240978,0.0032294540915619903
-0.02995091323507549,-0.005006351135116686,0.05208501627808376,0.010866418450495146,0.003418714407532669,-0.001420583005480978,-0.002260895748471231,-0.0013477348747513995
-0.05104829830828457,0.005388597763628713,-0.08627790194346131,-0.009324121794140916,0.0014866297582246683,-0.0017991968511191017,-0.03348157304443502,0.0007207666341039753
-0.05879771276013935,0.011536362431424696,0.10009551815256004,0.008820898002258893,-0.0016828973423019353,0.0006875309752958032,0.04092412760821945,-0.00015376130369731955
0.05861371991042899,0.014318532329718517,-0.04977211540605452,-0.004789170897328776,0.005581503780485622,0.004878028262972867,0.05386935255310062,0.005035517580308213
0.08655018399754767,0.001704951324666751,0.001397699680285823,0.013448794802165527,0.006644878017062589,-9.618760029006523e-05,0.003192225965890054,0.003522060107575994
0.05083052961856261,0.011137913584039401,0.08961841459762937,-0.011707006957425723,-0.0025676079469695886,0.00027760232199128265,0.05180904947198807,0.000733854158913628
0.0060061962160709486,-0.0018648033831291607,0.11617196359268334,-0.0005860307112048413,-0.0016230058478900796,-0.001139301904994768,-0.04237094362062529,0.00016023119549619935
-0.0700378768732978,-0.004207818538406062,-0.05989358923033578,-0.01387609479631449,0.0,-0.00047192062821832526,0.005379767242603135,-0.0020092052498287393
0.16948869580443743,-0.004219883890510932,0.08761629724312894,-0.015131358762592721,0.006745835026745879,-6.788328230072915e-05,0.02755628744962139,0.0031915653079361175
-0.10902037397010336,0.0012667771857378385,-0.08158757353667494,-0.0037762089594459004,-0.002234783764134114,-0.002080399896640169,0.032990773696405476,-0.001335556300492157
-0.11428691735085464,-0.007327943345253266,0.06326788567447533,0.0033403198549840146,-0.001923032946329784,-0.0010612243071236732,-0.016923161672872482,-0.001740104706449374
-0.04524955916217691,-0.00232830992616978,-0.05616670678913674,0.019858479931501055,-0.00040104724128773905,0.00044612005299551893,-0.031869636701586636,-0.0025629607388063923
-0.06384620735119953,-0.006360301872515568,-0.04322894338843088,-0.006230749264615859,0.0017663926518037415,-0.001374351246040416,0.007370968365422493,0.0018199238934197835
0.15000664169613329,-0.006967405541150985,0.05719398569446741,-0.00904867650650097,0.003260724112291634,-0.001806255679614538,0.022344446392068864,0.0028366860358233193
-0.012715489832147864,0.014274473492286374,-0.07336940932538152,-0.014482906021283366,0.005518174602374917,0.0008466023685186723,0.04670151136219212,0.0035503797383795764
-0.06776899518961584,-0.0048157660833842075,-0.09278986844608472,-0.001212484751793556,0.0019838097934158482,0.0014348670821784297,-0.013105300182011998,0.00020569835843159412
0.1334015932445289,0.012033561074029635,-0.013892945233309228,0.007949460346106971,-0.0018085016734704531,-0.0013713461719873227,-0.029803104522945403,-0.0018175673467952737
-0.13578303566715805,-0.0064838257593060325,0.09193279931244487,0.0016781629860099373,-0.001933500118891329,-0.0013764688201969653,-0.0405113914647031,-0.0017602280347561857
0.18020236428668357,-0.007115631396616277,-0.07102424383983337,0.011026471596006797,-0.0028445925034791264,0.0057214523272699856,-0.0113113265709048,0.0035709057342568295
0.006644025458471094,0.0006192301722464997,-0.011871410118502262,-0.0036866732475357277,-0.0017174831169035282,-0.0016231417221462842,0.00020227046657248296,0.0022333069226175505
-0.06566549928004001,-0.0043900017514051275,-0.05413646687888179,0.013731182315868796,-0.00041907688025055734,-0.00044944293246767847,0.01227381903839214,-0.00239440138115663
0.123913549268808,-0.01084060395293792,0.05764526230681531,-0.00260860352969405,-0.0015217510752528751,-0.0029241449995576945,0.033815050505447516,-0.0019785008151040223
0.04639267997618922,-0.011165482487660255,0.13249284341768147,0.012908416439448093,-0.0011788356765165542,0.0054569109195632985,0.04164531452684165,0.00758633549297448
0.10684907892201242,-0.004044739062852394,-0.10990132882135144,-0.013843647861506015,0.0047680703545225946,0.0008353975009587206,-0.012098480095864467,0.004104893652831997
-0.12032616221055652,-0.0029195328401792585,-0.08383444807184007,-0.00949528420252641,-0.003307675299195039,-0.003859831216974836,-0.015117576444664061,0.0035586582816782564
-0.043437651148103266,0.015409221112633346,0.13374407876248362,0.007799855499676265,0.002078078672963464,-0.0008347204219173177,0.02042881986359742,0.0048644562764053705
0.035066532738544196,-0.011281919690634124,0.0814821704865805,-0.0020339027385153155,-0.0003412835481539367,-0.0030895219402543054,0.0390455927004117,0.00036738647346843355
-0.08814282283886556,0.0,-0.06192469757211108,-0.01598383376070778,0.001067884622231608,0.00035213085950727696,-0.02937032069549757,-0.0008576809429247148
-0.12025525115556499,0.004108858185551125,-0.019616508625749096,-0.01848389299259738,0.00224628905946496,-0.00040478756757789114,0.011293010966070582,-0.0005959282810044165
-0.08577810466862669,0.0005982269943272944,-0.06882175613971923,-0.014969009433883134,0.002803458026738339,-0.0014538933194732887,-0.04111869315330387,0.001208310289821525
0.11524978733902153,0.00820220951676807,-0.05264372125228998,0.014233210369420561,0.0032030516640223893,-0.0012829727636546994,-0.03664663807332215,-0.0009403169038215489
0.1875726269237078,0.0007400572255259898,0.009752562558896057,-0.015274072707734515,0.0002505470501078244,0.0013248302691407175,0.0058921259364014536,0.008282982550752313
-0.005023613581565891,-0.007348060165841777,0.023589596943740097,-0.007993231824199707,-0.0006070343329892427,0.0007505197536159386,0.03760127626569314,-0.002597943848620389
-0.060375978409021556,0.010148358313640962,-0.08973680165525978,-0.019112746604429007,-0.0014203340682124514,0.002478606426809143,0.05347472173853557,0.001251980663276156
0.08244720052750472,0.01549527123023767,0.12001782265889663,0.022415832255756628,0.009828421846524422,-0.0010935340155344975,-0.016989441696987108,0.0029592811390527518
-0.1286425279342663,-0.003210007664137522,0.11225980927886398,-0.009137048945994205,0.001339109162636955,0.0007539268399024678,0.028886401244860863,-0.0006936158837309143
0.003361265383638558,0.009337105309757775,-0.03157037511529472,0.012241744500359126,-0.0007332067499439682,0.0006668433619160235,0.030201586722963806,-0.001165746663052371
-0.10079115194414139,-0.006899373531535417,0.06045581427132258,0.012680692113425922,-0.0015902375957738244,0.00012099338529855674,-0.03522967006553032,-0.001510969662417946
-0.10096412030588123,0.00416802771646515,-0.08668846600863342,0.021594102501806114,0.001085576512419112,0.0033694132483060146,0.004331857398084314,0.0
0.05337438015746275,-0.0038419245607942847,-0.060779320383766024,-0.01390192600228488,-0.001382449791283729,0.007616674626336632,0.02123555210950106,-0.0043663634884244075
0.09221064273670684,0.007440536406462971,-0.1085609498700942,0.008724788302134875,0.00483388200479479,-0.0003188880605667285,-0.02261699931258888,0.0012871665316328252
-0.1095994416213615,0.015524997098394262,0.08372159532388612,0.014252229278498918,-0.0012203583213571125,-0.0005779129032810112,0.04373239733302354,-0.0003382022313347735
0.10893193771229805,0.0013891084894122052,-0.010930039722454706,-0.006158305067960473,0.005815051567670483,0.008392462476957848,-0.020481341634021398,-0.0015285186603010434
-0.09142304362095728,-0.004094450506781253,-0.04908232652843893,0.016033397940211816,0.004640938656420753,0.0002774556188480659,-0.02181251998288716,-0.00023057982860676406
-0.08451021445031169,-0.0013309335179129485,-0.09014029154792907,0.018322509519337813,0.004075634731326097,-0.0011729253406183872,-0.010500785032828945,0.0012057788992637652
0.025980476850304652,-0.0037147860781121308,0.1530090392322933,-0.007385604919906964,-0.002970903799137801,0.001764722560651296,0.009825472551033745,-0.000347539790168383
0.13847205421085465,-0.008476492780235597,-0.09758186621641769,-0.0019504002079630718,-0.00689696031957787,0.0002999399471172448,0.04408319882376409,-0.0010932653308821524
-0.07275905077268179,-0.006543518501123636,-0.026753301117875005,0.010246046293580275,-7.531626690125692e-05,-0.0012035721460603608,0.0030317411373288975,0.0017069613641277838
-0.11277355935847892,0.007001880493593525,0.010768217282621617,-0.013992389254959244,-0.001977621408230686,-0.0006408856791603607,-0.008220913064875988,-0.0018778504733400149
-0.03427421682458985,-0.0044853991946656605,-0.06551851280620954,-0.005157949150120572,0.0001313979951105132,0.00037003271098419693,-0.01509019057175355,-0.0006811558639661082
0.04586034526107572,0.0050012381150112105,0.16012279448282413,-0.00227033104253966,0.004043160620265881,-0.0007411250134881642,-0.01739402903606021,0.0022564445145712687
0.1627130559573496,-0.00014114865892462733,-0.11385299637463919,0.00042631248960235945,-0.0020527156170861843,-0.0014071869869171213,-0.01642852076454196,-0.0020318537545525664
-0.007108230358782883,-0.0014205899340834877,-0.09235001022224269,-0.008459349479617068,-0.0007262801709397846,0.003263872880770652,-0.03188713132481824,-0.0017384402563489752
0.22629127816372716,0.002370374912093418,0.12526554236890644,-0.02055406692037228,0.002807637584377313,0.0036324770651690137,-0.03573361758588688,-0.0023438532164322123
-0.14525351455488678,0.009640047066324067,0.09806524233996544,-0.007185273515719509,0.001950823917168491,0.0013430677491750769,0.01389653528992205,-0.00018992105712083152
0.2204117773831307,-0.0034072065682675167,0.07770730090774326,-0.013621465905105263,0.0025997228199145517,-0.0006081270731735366,-0.03193807934977495,-0.001458485714074258
-0.010233100836992245,-0.0024151227240419184,0.007787050437382143,-0.0021588029575626885,0.004224452447048299,-0.0012775731736948195,-0.036760061496729016,-0.0018349954520933427
0.025259986234615537,-0.00484614295946261,-0.013741878938885654,-0.0057812202333935815,0.0053486940114268995,-0.002994133265581689,-0.02093344287722546,0.008641956268709845
-0.027487026100341167,0.009567733075615988,0.0702327232763283,-0.0020634427363693947,-0.0022985043185764363,0.007080168349706082,0.0035192248100118593,0.004581772166858671
-0.003665645606621258,0.005153598665026898,-0.0964301923206846,-0.0131170553522797,0.002583828120888124,-0.0007398361619876984,-0.03759367034355055,0.00027024877140405246
-0.12592807724327074,0.0126294297873618,0.07016293548625656,0.0047131905866841725,-0.00229784187075686,0.0,-0.011129596742435587,-0.00015200496274880848
0.06844307791276674,-0.0037604710510435106,0.1468174434612253,0.0034870662751594022,0.002331817338669251,-0.0002813643886832584,0.023079513796910377,0.0020033454016080876
-0.007320353285929877,-0.004791170685794441,-0.03871088850004533,0.0075468736278424585,-0.0012327109111867972,-0.0010648964357016996,0.0041927100169766645,-0.0022155046847987525
0.09941173096742256,-0.011293284404787437,0.014307345778457981,0.005893562483473841,-0.002336869225848831,-0.00247689410347179,0.04286243482731286,-0.00390962115338861
0.22153082823323475,0.011364436517379988,0.06801625416106778,-0.003636700330578844,-0.0020814659492350415,0.0011320222529701829,-0.04437598609267909,-0.001443833320249358
0.03386791232541254,0.005358860442150211,-0.07725912394478478,0.009050414267364975,-0.0026001042511446856,0.0002988503117241723,0.023406818740414503,-0.0015980578259852543
0.016710889956930684,-0.0024531086540013607,-0.02424912920980759,-0.01309117242596395,0.0026809551092516625,0.0016044809117132935,-0.027552679805055453,-0.002542764826713254
-0.05043294650282927,-0.0038286587358624443,0.0012781706994788016,-0.01390157630425389,-0.0017134524930502285,0.0,0.04496804240647276,0.0002639182326542866
0.01583696913573467,0.004175269688328326,0.00037803563923286,0.00982814936375367,-0.000304331886602208,-0.0017654548363752129,-0.015994516731571352,-0.0018060310440661364
0.10990137650469768,0.0028860077046217285,0.10415416161456718,0.018228569837177692,-0.004825516027209559,-0.0022341843880703794,-0.026222637745497192,-0.0010402992510970543
0.08625211648797815,0.00134835858126925,-0.09045669666026027,-0.0022624294591105367,-0.0022127430772379214,0.0005474986015316791,-0.03244925547428876,-0.0018654165666090686
-0.11723497871314864,0.0019402220121320446,-0.04678178473262666,-0.014436458089428677,-0.002093330958824688,8.977540056692712e-05,0.027185580732626943,-0.0020154548693406982
0.24783165960392048,0.0037287361887729975,0.12295712103180795,-0.02038408970875303,0.006828990049144843,0.0020056878026205867,0.020141217336669313,-0.0010361689067561186
-0.13868916839972592,0.0077724375294542175,0.08150379861191312,-0.00601605320615086,-0.0024198918653634384,0.000888196917368092,0.015795365429443653,0.0011562128784894385
-0.015648464505764587,0.009499485934392071,0.02803506275093628,-0.008872000341745753,-0.0020511940545179424,-0.0017758461840634788,-0.023809561275145934,0.0008091719543745369
0.08827438894143777,-0.0031093298735018625,0.10337258812631094,-0.013888317360041601,0.002676491690366569,-0.002371000954890255,0.006730884347760201,-0.0016024156641762377
-0.10597725220467345,0.004682157502320228,-0.07028172983560324,-0.0050482656041579395,-0.001570953123591537,0.004096348637966022,9.421840920706415e-05,-0.0023860530998513923
0.05731702506486954,0.0019486458286064913,0.16812194622253895,-0.0018633158640867858,0.0047539158460597674,0.0007455590521020928,0.035263879396533894,-0.0006597086448058009
-0.08542295169997635,0.005859252461176958,0.040862275639374224,-0.0010342957874704996,0.0016276712277979682,0.0005693940999847782,-0.0008801504473528124,0.001980071050760265
-0.12522293118720043,0.005184829944500852,-0.05385240669758554,-0.011102614205402093,-0.001803618361976217,-0.0023546570913673365,0.023361036559669143,-0.0016787062349455373
-0.11695393369864752,0.008299066960919164,0.041823052442998235,0.014698513351024074,0.0007842299022168635,3.1215239350420795e-05,0.034981962997012256,0.0015184008184126753
0.05155498270070139,0.004715604401262841,0.06862394220396127,0.005242702859460357,0.0008277026280449855,0.0005133479679321812,-0.03709370466283831,-0.0005651343336239012
-0.05186092074574351,-0.002231156145399074,-0.0648804548894439,0.007367123365093543,9.548937776666933e-05,-0.000738823244900357,0.029395438447872232,-0.0012505869244367953
0.03457309592095574,-0.006971349439912593,0.08734471459011706,0.00040905195406665116,0.0011525614047031636,0.0020272413928782602,0.01455654351883389,0.00012666377470468837
-0.022838268652009268,-0.003260184883224138,-0.03889704789944044,-0.008107956924977351,0.00505011514294957,0.0010639888567339926,0.00048262422538664085,0.00220086040472229
0.01355392728831163,-0.006300451044997029,-0.06795493631151575,0.006782068790264981,0.008947612537618128,-0.002209276884735168,0.005775989690822535,0.0005988209931311606
0.1799835285681992,-0.005441851777783951,-0.0945341474650836,-0.007621747490704084,0.014258705542434708,0.0005013763911024538,0.012053273597998319,0.0041267221602477
0.013935490205450832,-0.001945798718889216,-0.022595569593353657,-0.01167097057012581,-0.0013720567732237595,-0.0005405814891901936,-0.024520595406338382,-0.0021196934484448253
-0.029817083400691894,-0.005031062716603888,-0.084937717756979,-0.0006104146629439533,-0.0016131504874646188,0.004910032523236228,-0.006856332570776909,0.003591664051466491
-0.11209152702045426,-0.0034349688141343477,-0.06240654097225428,0.00798935128817908,-0.0003143996578261199,0.007946716308205393,-0.014600961074768376,0.005549661493408041
-0.11746090938349045,0.001433629317664072,0.09665511771874921,-0.0086648215315546,-0.0011455444134761896,-0.00040966697259131645,-0.014872391254267103,0.00026754576670810076
0.05592376258722335,0.0071613867421746955,-0.1019355028214931,-0.012823575277897797,0.002422678380987248,-0.001916068611627987,0.02937939712603851,-0.0017868269806993915
-0.08557531650114872,0.0018149806298408313,0.013967481129368084,-0.010393270373229659,-0.00137312142160791,0.001188462877483263,-0.0002540685229366624,-0.0015131135692231302
0.2119809753645524,-0.008527946357880858,0.15563223763265807,0.011226561895689633,-0.0022984370918690826,-0.0011904634179120688,-0.036618037825444955,0.0022234859818908194
-0.0568888088797093,-0.003106720280219006,0.007863490560258297,0.0019451455768671648,0.00147865261020253,0.0,-0.04425201385337691,-0.0010053597642105117
0.02012923351549503,-0.005560933536214454,0.05987976663204599,-0.005408243824249966,-0.0022255568891636677,0.005374693648514998,0.02954453971831821,-0.0014212144719077668
-0.07347682646726715,0.0019287109613366586,0.008281199446609237,0.012146758123242533,-0.001106205927353066,-0.0006766889929187836,-0.02826386581242684,0.0029289163558264882
0.013554789774532056,-0.005106098602570114,0.02827455518007122,-0.005908056969019463,-0.000734023063104404,0.005045136892417157,0.009015713021078113,-0.0029443581158313656
-0.13627237671040157,-0.003799511599377122,0.11604334107505487,0.001979334908039574,0.004079182287064649,-0.0009398272605933212,-0.013523144807474977,0.0005075863636143027
-0.10911291740848462,-0.0002858194447948603,0.060857850011756635,-0.007009919629194791,-0.0006915384008679161,0.003227469926745376,0.016392129152433755,0.004433174161565792
-0.09802708899674875,-0.0005872102453402996,0.07277576955196022,-0.012261950560266981,0.002494259974934957,-0.0010326010864034165,0.04910660782888378,-0.001113717904186395
0.07389839878990197,-0.001100867302305908,-0.027747238588865096,0.009028529638972415,-0.0017731761899662977,-0.0016329651740769728,0.0460788160255965,-0.0030351508550413835
-0.051912287139293085,0.0029743886131031756,-0.04248474512842196,-0.005324044482821148,0.0018597376653992914,0.005748871730602449,-0.03160273193646047,0.004500449831904839
-0.030582324662937452,-0.0007994103580674172,0.003601647117161676,-0.014161950949215773,-0.002315923435288665,0.00012728752759197381,-0.02909016677112554,-0.0015846320298552922
-0.001534137956979002,0.008819116720596423,-0.04332970817256011,-0.016954204734004115,-0.0021647720405457514,-0.0004099641948666459,0.02691265550771866,-0.0008189825673329924
0.0952694773795307,0.0015377274729386713,-0.11469609742833074,0.007779432965281807,-0.0011816866145691121,0.006775648039246542,0.022145379758246646,0.0030633976599683337
0.05663241074141805,-0.00744397709374823,-0.01717182903784085,0.008475918827910427,-0.0020004168194323675,-0.002308117896073093,0.030361742442398258,-0.0006531989199225902
-0.06829498753724612,-0.006113706213345087,0.04030578004189603,-0.01018653873560502,-0.00037502593736549406,-0.001594980857524959,0.024826462741481096,-0.00013150416010328236
-0.01848394259028277,0.0051643659671901584,0.03715202670305898,-0.011255171352971358,0.001550348025977705,-0.0018052185787430781,0.013793457779871291,-0.0007505998386809175
0.09066768689225778,0.0014468409376068173,-0.050242338707486685,0.0012365671071963363,0.00265229085462402,0.006306003140893304,-0.004693189683378375,-0.000992362563743715
0.08161166288805631,0.006989557527259454,-0.053094267946874385,0.0005774741626724499,0.0012099391592313386,-0.002031190626696819,-0.015412334875885496,-0.0007842831491062307
-0.13122711914003551,0.002123800462990142,0.1268272622487807,0.008788410183821602,0.00311496242952762,-0.00016831963149333213,-0.009338895718622016,0.000754777702273419
0.17693980898385092,0.010759445428735125,-0.12693815265479344,-0.00709224658546551,-0.0033231784893527766,0.0006007586274270199,0.04760255312185095,0.0
0.008053695199326194,-0.0066405975459010195,0.13946903677870998,-0.012341106600127398,-0.000810608803428284,-0.0019203339324128338,0.025717497206888536,-0.0004578542977685951
-0.11223351547900559,0.00465521271590059,0.020127534084496718,-0.01236815909367898,0.006013897030125003,-0.00015400053134080605,0.052535392213863503,0.001490659407837915
-0.11675341382402371,-0.004820275702717679,0.09732576530035435,-7.530877830708854e-05,-0.0009673828793537182,0.0012287444160411492,-0.005465414177952417,0.004382119510208596
-0.09253828259587085,-0.00015815124822840532,-0.08955407860530916,-0.00567230589027525,-0.0014306327442792871,0.0016659575926302119,-0.007987217408658452,-0.001553012821503733
-0.051538523599869525,-0.005095090505831135,-0.0982244192499699,0.006870329637384198,-0.001111471928108279,0.0008917847937094381,0.020486836471433713,0.002406227896408154
-0.12938376952317648,-0.0016228902986821496,-0.02698942768412594,0.01870379410526675,0.00010793095924989393,-0.0007301060614204201,0.01794692719342152,0.003289830060860021
-0.11079982667812717,0.009723430348823498,0.009440760909475591,0.0038030906059289197,-0.0015636381633892134,0.00033572502830571394,0.005248375116124766,0.0007007876357766295
-0.03958409836027525,0.0072970774907287865,-0.009759211629094326,-0.005934147606087049,0.0031611909609285675,0.002379570999195964,-0.002959178141725424,0.0012176989095917523
-0.007443120402374271,0.0043741517200012025,-0.031751974257771626,-0.014125212435356083,0.0038750924873864265,0.001684691735543909,0.0029281248430452246,-0.0016424689950347848
0.03741341360860888,0.007034198236507674,0.13292181749024784,0.006635584092697115,0.001558375068850134,-0.0017804423404772785,-0.01838491198564233,0.0014313474749442063
-0.06404278137234262,-0.011502169591553138,-0.004957474421082971,0.004079189149451125,-0.0014636111127697624,-0.002158753150168038,0.028888521082971873,0.002328704824423893
-0.005823643394157913,-0.002008246293421555,-0.019280683184482308,0.013202645587204537,-0.0019628494256953726,0.0016487613097606463,0.029548962610082694,-0.0032345273345723013
0.22060532662321117,-0.01068678413122191,0.037907668003589294,0.01010887769417534,-0.0026466330499632096,0.008773894927444218,0.03138192435840074,0.007789744482458198
-0.08804332636161817,0.002219601019711345,-0.01823290064469372,-0.011269902167722104,-0.0014896792615407403,0.00021291358786740266,-0.01914590781731291,0.0005710247945078302
-0.12823276693710955,0.0032670798579393,0.06735393223677696,0.005821452388621969,-0.002241345680408256,-0.000537132124032641,-0.03834080635927789,-0.0014851759408750834
0.19547055235700417,0.004539821177327745,0.10816591589838297,-0.006864395650064807,-0.002427413584147302,-0.0015334197220068409,0.002311647070275068,-0.0013159390556486406
0.09670311617067479,0.012834855761906674,-0.07320991329885389,0.014437813959989429,0.0015357127197450444,0.003918957556431252,-0.017164004983554644,-0.0002202675695746406
-0.09906502815039978,0.00030319993774925724,-0.002587428139048031,-0.006328900342594147,0.0031413268392110716,0.002457504555735343,-0.009772633299919122,-0.0021298144721562163
-0.020752779013369207,-0.0016127854294667994,-0.07724906368037701,0.0027824056715917245,0.0023656532747641868,-0.00239665510788049,-0.04182113673112955,0.0018127547547340528
0.20599276093523278,-0.004214235766849219,-0.12561169920678264,-0.009931183276370215,-0.0019161064076189784,-9.886957429540433e-05,0.004780244950845739,-0.0006415607129988684
0.23999562553753456,-0.01422144854960637,0.07932789441694983,0.016479852222435535,-0.00713104219937007,0.00025941342987503813,0.00014490067548617036,0.004074403801793843
-0.059712982035855615,-0.003948975901019602,-0.06806384684178315,-0.0059414081497250965,0.0024785244197127773,-0.0005308721058060462,-0.017297176252880846,-0.00176100978167598
-0.04468090632439091,-0.0023845666876751073,-0.030906985798279458,-0.009056853303891426,0.000718650487375419,0.0012892791821693763,-0.015301418160577205,0.0014683046497765675
0.015042750535685788,0.010738817127921848,-0.09731774309049084,0.015772328112374875,-0.0015560520312784675,-0.0013629335811203554,0.009816988640160769,0.00020637745534055063
0.029518034601796722,0.001890617838365178,-0.09061634504198772,-0.009637674833512676,-0.0006274649329802012,0.005797335263830783,-0.00818957732778324,0.004565449206798591
-0.005048781966965673,-0.0071590916245829195,-0.04480143267367632,0.00883148755756342,0.0028382736405030014,0.0031082717360696567,0.03370470996658361,-0.0017262621896954305
-0.047046484497199885,-0.0025215411450441264,0.07336299173481099,-0.002934818078548295,0.004763938686394415,-0.0006742624284986967,0.009062114965529172,0.003149327650683076
-0.10965211807980192,0.0019738312778512235,-0.030678162028783647,0.007423129462835989,-0.0013470913283906113,0.005951048065289118,-0.018410710646356878,-0.0030378712507559847
-0.0066921280587712295,0.016063856008927145,0.1116603156384714,-0.003975166554154715,-0.0008177397577849185,-0.0017783201091462813,0.03143954945419502,-0.0003827810713215307
0.10429933325386458,-0.0010886584308918649,-0.08509368208987005,0.013928061972843929,0.007869370889103965,-0.0007403780803963977,0.035145204833509,-0.0032593285234044315
-0.0963534088559194,0.0012525466874238787,-0.003526365245347068,-0.006731871410540152,0.0051809560239009,0.0007195451538364872,-0.0407685019697637,0.004771446778648819
0.11923348360531527,0.007212586982177708,-0.07449806622981194,0.024887164635939523,0.0024380921895084135,0.00041013597901636695,-0.024983160447871407,0.00195625313858388
-0.13312315320699927,0.0031319127877787083,0.05444254007305766,-0.002300361524764915,0.005933684398020903,-0.002109578086683726,-0.0038031898315722713,0.0020266973763185814
-0.09155179256179596,-0.004049119382538678,-0.055989212500930065,0.009194074375155285,-0.0010273150507477125,-0.0026354793311371507,-0.032743748148594494,-0.0017336135689835876
0.0630507628354234,0.02228851183312395,0.13894698753881402,0.007988366395200914,0.0014281778529084393,-0.0021857529975172897,0.045433439351956144,-0.0015480854789575171
0.014939880657176646,-0.004255586233777132,0.04758986408680436,0.018677961661542078,0.0,-0.0019436204782915518,0.030878820523211926,0.00034351761341469556
-0.004659024064019584,-0.0009359690684734301,-0.08108680971868783,0.005088509881069141,0.002577420895028129,0.0010375143583604544,-0.03468234467352215,0.004264074227449873
0.17583058865547446,0.004390186214111691,-0.06257802303740398,-0.00823055405171705,-0.0030805719010164614,-0.0018201615116476737,0.025967637475066828,-0.0009135101482951602
0.20909436761109937,0.0021844957456646982,0.18068345571239602,-0.012947060798251555,-0.0010331894057178381,0.005056742025718852,0.003238803173970909,-0.001372646635167098
0.06315177918149943,-0.003773560398491596,-0.11247325812025852,-0.0037346266865749245,-0.0026082263837196727,0.0030143361601424443,0.04361042541860985,-0.0008377900221508382
0.03638923302777752,-0.0007045288620463677,-0.08527121885359862,-0.006941358835437215,-0.0023146721305983254,0.003528790916392637,-0.002934057808158381,-0.002093435495346019
0.003587951153593438,-0.0032509517317201825,-0.08238433235322103,0.017475116250650617,3.316909490339026e-05,0.005590664792100414,-0.025961940864349574,0.0024157204033510384
0.13333244808263683,0.007795525421091053,0.07789526903074734,0.020229495626437458,-0.0022066075519607308,-0.0017281573564794928,-0.021823520429591885,0.004679217985254819
0.17308988264503286,-0.004778942690729721,-0.07131177461637264,0.005258930643998062,-0.0009090268376796135,-0.001882074490640326,-0.023346468188697605,-0.0016172641074839605
0.02082091923663669,-0.0020913891033269936,0.1453919734248245,0.019202398262053978,-0.00041773882817680574,0.004016831672780059,0.036684986002960114,-0.001296088577240845
-0.028017808746287495,-0.003426240709250935,0.013826819471815906,-0.012984854162862039,-0.001542901921249013,-0.0009033936567462126,0.0008928952388045294,0.0012417157454344657
-0.11333964208123581,-0.004267664210786012,0.05457117542798171,-0.005785467755631738,-0.0017010429360167331,0.0025249427545738917,-0.008211289366931895,-0.0019359856347300319
0.16960915734078633,-0.004437452965929026,-0.04688477269155876,-0.010614397990072511,-0.0010316415027071812,-0.0022494839340466586,0.039041141478868994,-0.0039221049474192984
-0.02420433005766595,0.015786025481590683,0.06701959452348481,0.017185434680544183,-0.0017123822368334811,-0.0005055588079343754,0.013629231549068909,0.000991490865697666
-0.08555821835788505,0.013816571020423572,0.009538954446344975,0.011807204242245609,0.0011152264408638467,-0.0012041854639289122,0.03995990891744025,5.914097112967934e-05
-0.07182178254619576,-0.00403241744676216,0.06756991363056929,-0.007505454263928328,0.0009850928173536222,0.0021149058766789203,-0.0014036781264126093,0.003918183611257798
-0.04569042474007624,0.004742847342265699,-0.01805848844220828,-0.001959130628322788,0.00017811254250242603,-0.001058268291020775,0.03293579977128933,-0.0013038546343174424
-0.06517796262725635,-0.008169051275013064,0.027386314237830223,-0.012818333985638935,0.0040813740765100835,0.0005023554779623914,0.030540492253363454,-0.0018527195922536611
0.1735580026047765,0.010792473025070887,0.15771948883464815,-0.01719179586773559,0.006612729312473257,0.006389674016169344,-0.0014298510390886082,-0.0006007068451141517
-0.08033645315513956,-0.008310603781951148,0.04037844991146249,0.011557251232354938,0.0026343938662051637,-0.0012082912756002998,0.009603049009559939,0.00320134033684462
0.011778879427385041,-0.00401434957324558,-0.0754327343661421,-0.0011793227009349316,-0.0017762053123756576,-0.0017528934692996206,-0.023123390747427194,-0.0018485995454254462
-0.12248278549563694,-0.003415312059874077,0.01692728086405592,-0.009217174248641876,-0.0014264733249176667,0.004034159124503061,0.010728488187139838,-0.00022777500280030116
-0.11664397090624205,0.007814636504907173,0.0711098318100337,-0.015529476134656236,0.007309289696844456,-0.001028157368419335,0.018601616989349822,0.0018867424571820794
-0.08284380650488009,-0.0049719443943921655,-0.06426699868807192,0.0002233722018627482,-0.0013051269478309134,0.0007225289758471293,0.02376226019725756,0.003587716483881341
0.08316509347708154,0.00636733486351753,-0.1145977750594897,0.0058178051441155065,0.0009576361471536181,0.006888313893810618,-0.03661730918942916,0.00044747784681075514
-0.009185679027985455,-0.00011275106009072527,-0.04177133555774509,-0.011425060698479454,-0.0007762670806687125,-0.0014307537865406433,0.013998944084896986,0.002868770524242028
0.21132975513374452,0.006430929498156489,0.20791636598790292,0.01717946698217671,0.004132554067133602,-0.0012216080421559306,0.044281758129838776,0.00042419099879023375
0.17818795601495793,-0.00819251861214084,-0.10792263445359639,-0.002451526190950852,-0.0019191061968243002,-0.001791630047042872,0.021462333854212864,-0.0027679050210490655
-0.0020911338500489767,-0.0002956428602980607,-0.01195113623448978,0.009796515314467772,-0.001639517906138041,-0.0010526543853621108,0.04308180890913956,-0.0027001412160761037
-0.062174219223615955,-0.0025800368960626455,-0.09592344028617883,0.0008072510746955086,-0.001587508657569772,-0.0008301137094318985,-0.02148358947760318,-0.0005037638594153049
-0.10243927418469542,-0.0011058544749878562,0.009792404112449617,-0.01175923635076501,-0.00214576159779547,-0.002886743926817344,-0.03607221489798831,0.001365007011812247
-0.022342484094727937,0.003489102371795899,-0.08736243928646147,0.017352356845690833,0.003752510618807857,-0.0015708571915412064,0.021860215363295674,-0.0009109544638783024
-0.06306512793882084,-0.00690646402463354,-0.016679880367585696,0.008281994686236027,9.52681125945265e-05,0.0002846048342437396,0.025517930356797943,0.004498735459290574
-0.11113218339225088,-0.007069007209612517,-0.013844228927548637,0.011520452883565518,-0.0004829381221801596,-0.0003048653843635285,0.04403986392528683,-0.001329703303271687
-0.12291383377817662,-0.0044055272367217084,0.04550463207999987,-0.010804220492330303,0.004910665982624306,-0.0020173609174757023,0.010197037179719795,0.00231418659525065
0.03636382983334203,0.0029380040632020227,0.02265085006140743,-0.00863833357102047,-0.001955110375632182,-0.001736492717821009,-0.021941433833392192,-0.00029274909015253314
-0.10353599422719545,-0.0036669166460861226,-0.04124562836180633,0.0015375105678665602,0.0014572865786457731,0.004220706022119938,0.021798326337178382,-0.000545782989671742
0.0509245533383298,-0.003329995775777538,0.05858788548482729,0.006521135770281695,0.0029735760271148016,-0.0016789191211469107,0.04760977142023046,-0.0008635066139363601
-0.07981470121109936,-0.0015154736261606598,0.029572547591917533,0.017834580052567748,-0.0002256693908569544,0.0026235553850817326,0.028625634802578525,0.0015986991451034398
0.15462116326411124,-0.0020195260931685577,-0.05621444969679754,-0.002122646706061247,0.004743598136870298,0.0012220182161862408,-0.010947566498776398,0.007591472448629028
-0.07460008046110218,0.013346150758142833,-0.031269629140562215,-0.00024626506062246784,0.0036893797101652994,-0.0003697164849262811,0.047335420803157946,-0.0011707058516310695
0.11791616660182641,0.007715507259309235,-0.0963827945695534,0.018653469718799744,0.005095177558436704,-0.0017570977481986612,-0.011923933307300044,-0.0014155986337941392
-0.09175204111413171,0.002726818762557398,-0.04932456955023742,-0.012666626325056456,-0.0014117489062981674,-0.0009448501050063145,-0.0347951884097415,-0.0017820109792613685
0.034333549928941526,-0.003008696676903381,-0.07203012593419622,0.006231324142880138,0.0044285796346795565,0.0011569837083996778,0.015520442949804144,0.003902614325825526
0.014072758874150527,0.002925768458907666,-0.09513342292946156,0.009771029001346234,-0.0009534034049502246,0.004111152916196192,0.049929411267463496,-0.001486663879542318
-0.11470818421442025,-0.004863467663736635,0.08420000813972787,-0.012987472095640426,-0.003580900883774103,0.0031439735073147683,0.0409687117159713,0.0013053651353379936
0.20804328658384907,-0.009798744043445277,0.18269692687245567,0.0004900636600856557,0.001039887765999755,0.005126349072441695,-0.0047929995264301235,8.612114933453929e-05
-0.025863694796344268,0.005486808154126372,0.0631434081744507,-0.008029139956213831,0.00039579234244255246,0.006382139693735425,-0.005024962212142363,-0.0016969099913257874
0.1897346004080683,0.017544700245389767,0.15335952472508868,0.01136558044553812,-0.0024238941321376747,-6.675724870014443e-05,-0.03052513623514233,-0.001181373401892905
-0.08366454081609596,-0.008217356910798718,0.06510388983381857,0.0032539076293079737,-0.0015681742744531853,0.0008913200784071685,0.019197898812276806,0.005055704731135662
0.09900801325143466,4.530508415880735e-05,-0.09796366399431423,0.019541865606382516,0.012703774049624595,-0.0017309654243947558,-0.0023169874305167385,-0.001333191830764456
0.011268096968165402,0.00903841512300754,-0.09279302803592748,0.018416732416022732,-0.001149351156144927,0.002407044640106709,-0.023466323165262783,0.00040237874491864944
-0.0457230197552543,0.0035345754431152713,0.011436057341342301,-0.017359207024774177,-0.0019364364091753775,-0.0009319944508572816,0.03549203899662729,0.0008581525338311035
-0.05618770975644672,0.005667374115326145,-0.09754099465055137,0.0074070936231446114,-0.0021015373573560706,0.002469068412082273,-0.03497290410255048,-0.00046266729451133193
-0.08788341029239632,0.008284999589091986,-0.08891038298131519,-0.00923656017980713,-0.001361988514465613,0.0006127340601377873,0.012509271746756824,0.003473760359322322
0.03227355313876066,0.007183910997872892,-0.07490298426938558,0.008645082156436503,-0.001047662653224625,-0.0013510408419110432,0.04408089743755691,0.0034847586996739907
0.07519508831452859,-0.007387532870959439,0.07297457268875489,-0.010858297046361053,-0.0007790152145238649,0.005130333112417457,0.022078770533425596,0.0008509244418673206
0.0442715357407292,-0.005601807966567015,0.08250600331938722,-0.001692835612899083,-0.001192186396428417,0.0008113474497815354,0.02881311861918216,-0.002388997277218619
-0.009573803045814852,-0.0001619713024832534,0.03460956488989477,0.001930136964316354,0.0021356477962899143,-0.001225651128727386,-0.03078305628340122,0.0020103538763438125
-0.05250634596303964,-0.003470533305158687,0.04049454499333871,-0.0017776139795398006,0.004908301754807611,-0.0010346984036040863,0.014889803250100914,-0.0011152885185672986
-0.11338690094217083,-0.0016147026414362951,0.11441280621086067,-0.01370014686678974,-0.0025096362273863367,-0.00032649274117193346,-0.039595796065485286,0.0006993523170148175
0.02359773917899608,-0.006030958866091332,0.02740261707369247,0.014077520154679668,-0.0012440248127942807,0.0005233158276044952,0.013700664957462189,-0.0012562579588385832
-0.06078710043268413,-0.0021535532707424986,-0.029924578523641505,-0.004034089276183719,0.0035525890468999467,-0.0011883612978042246,0.023170307252693177,-0.0014586853487008513
0.08639544541992099,-0.014654111620754614,0.15110762912548606,0.02386189834674616,0.015922565136926078,0.0022488802039318766,0.04088127407494242,-0.001729333592043636
0.14993303317063364,0.0034227582409875404,0.15115618451144214,0.012731186544935822,-0.0004224314919805128,0.008949452054514778,0.04895844357137027,0.0052573971046661295
-0.08204940159620396,-0.0026511252287677724,-0.02790929330865656,-0.01099265484918455,0.002411745586877123,-0.0011005408990895293,-0.0323645265058771,-0.0017073906924564414
0.06376142377298895,-0.0027526689905988016,-0.10337163073344482,-0.010169981588725252,-0.002006050032494775,-0.001941354976829568,-0.02642144073363639,-0.0019697715201983297
-0.04641484942079511,-0.008382421774737924,-0.014038723203766602,-0.011136406868465289,0.0046745938905976645,-0.0013798090686295672,0.040676912369066474,0.00023411195465918716
0.15529404947327935,0.014468540733912651,0.16594365897570645,-0.02310938958257223,0.0010670222611678382,0.0035998909323268777,0.0027183063945672614,0.0026875262673151244
0.03990443075512222,0.009725395262666067,-0.0815068906576117,-0.010726519460758163,-0.002196878784267588,0.0010578641695700927,0.009157211319904006,-0.0021845543075110457
-0.040971726238818326,-0.0028242173453057974,-0.051603464366126416,0.00023525806417791506,0.0011640105445930961,0.0036484004605685325,-0.03018352414266074,0.006659245183439319
-0.11364290284030457,-0.004675433125224056,-0.012935782726509484,-0.013356462348426863,-0.0018008976835853232,-0.000286945166631275,0.01318429285300724,-0.0007750666232597785
-0.10639255802342683,-0.007223702639503746,-0.03763704493244525,0.014377509048969912,0.003758531338742895,-0.0006054422436709006,0.00820760835981867,-0.0019135742690526583
0.00892569460177622,0.012237507681188952,0.133157030079339,0.002579133370735493,-0.0019034248632407908,0.003988912933515105,0.021427049770429883,-0.0012421324069323558
-0.08839932248679876,-0.0010161051482290718,0.08397835042990652,-0.012236192075434013,-0.0004409410700903921,-0.0011469778518103642,-0.04247071770249036,0.002230292206885377
0.15226210600696052,0.005947502939045218,-0.11515467281637204,0.0009791024412175095,0.008513580682281977,0.006320168668626126,-0.011804081144230968,0.0010661616764008456
-0.14053624840533085,0.010073925558633125,0.11391785989922296,-0.0031234888172028638,-0.001068063483026549,0.0003743940064059384,-0.02747159790160441,-0.0013751335212343237
-0.09478665413076581,0.0034064317587287327,-0.03082076431070198,-0.0010136594684288514,0.003492998379960749,-0.001954701768906717,-0.024333917775965226,-0.001747053420472698
0.0377866585899864,0.0022932289988187105,-0.0457091247607458,0.007647711960129115,-0.0014028554919925111,-0.0008897908317412519,-0.003297044488713275,-0.0017049195090947614
0.01968008322200588,0.0034864085989928964,0.0460386841313232,-0.01014875752488389,-0.0019523224009201077,-0.0029018303780367137,-0.010119081236559035,0.0014425258307556518
-0.13596091604535482,0.010892884488074194,0.0847267016776595,-0.01704251210287412,-0.0021999416924351617,0.0020704173836731663,0.013538431454651275,0.003997546357772092
-0.0549985310912729,-3.915423072334279e-05,-0.06218206897775272,0.005337697053810781,0.0,0.003275572061796726,-0.03724223568191035,0.0
-0.08871005252790087,9.568872920634464e-05,-0.040966310954986936,-0.011056250662817842,-0.0007854584188782865,0.000556091047194312,-0.01457145623303442,-0.0024922005572600874
-0.11400392275740351,-0.004024353107661358,-0.009163289737879301,-0.008656802080100768,0.000537997232800666,0.0064967649496956515,0.025411505682550458,0.007728386889535206
-0.08999876775123068,0.0009873527768090307,-0.07979900184810206,0.0028966963025172775,-0.001487023430602977,0.004596107586218454,-0.03147809723192135,-0.0023116917827622602
-0.014790382073489521,0.00839661628553478,0.05951311921628197,-0.004649400546244129,-0.0004800029691721706,0.00017481917776617645,-0.047584169504850136,-0.002233901619792266
-0.08899175331628163,0.005418820737259176,-0.06041457888636026,0.013994063013774706,0.004240907773925999,-0.001493125573226728,0.00150292218353772,0.002033974823962496
-0.10053988934431783,-0.002694848250531559,0.011244767614755822,-0.0008654751489845458,-0.0005603298523417801,-0.00035849441395563453,0.0026196079889633656,0.0032024059469579896
-0.0865497688465513,-0.004613938963274661,-0.06598885838464005,0.0007134589329703296,0.00028582892009237915,-0.0005896660601266322,0.0007700449385122107,-0.0016402722385059404
0.16512617609721203,-0.002556149405497754,0.11843402907741915,-0.015737315428891233,0.0014535621961755572,0.008058734107099334,0.04072385529626792,0.004737091804097633
0.1773458156333359,-0.0026650825649362836,-0.11742626398303053,0.01496922936465247,-0.004460875137490996,0.001413108626312623,-0.040113365932975896,0.0033625798935955956
-0.11652161389026693,-0.008707555150979927,0.02206648871034092,-0.007159973524887372,-0.0018651732804588796,-0.001882036849938805,0.04216605255270448,-0.0013712728648500455
-0.05968065457940967,-0.003965646353726519,-0.031168589031740322,0.019627835789598574,0.0009669277750466235,0.004738081095949756,0.047643925812768544,0.007109316467954682
-0.07629410499378567,0.0031095849440280904,0.08128918737602985,-0.007879686170244524,0.007404189852922746,0.0,0.048184655737964564,0.0051689041807628094
0.15045986739287048,-0.009876043926918253,-0.04965057408638818,0.006532165694431151,-0.0051501201377657,-0.003765345050645033,-0.03244902847852403,0.006106990028358377
-0.06477350568108964,-0.003291120799679203,0.0013063520293407072,-0.0013150411614904526,0.0023850564350218094,-0.002393396288896297,-0.015207201291450258,0.0025875937605902466
-0.018403516804142837,-0.0005742866600848273,-0.014154610927574285,-0.01372204011079331,-0.0021254377463683985,0.0020261627117148955,-0.010129481004174054,0.002798709093976921
-0.1309690404889106,-0.0011365759695726341,0.1229029489728072,-0.01696712215944429,0.0067493279378506845,0.00026940982683560516,-0.03678860923014416,0.00029945291018073814
-0.03371065891095177,0.007750556899347074,0.053077762076937755,0.007881299686497839,-0.0006559989018630773,-0.0003605692223820553,0.010623707070050581,0.004667002865664821
-0.1276403983362914,0.004135315192615976,0.10758617778697682,-0.006776723997132873,-0.0022941161471600486,-0.001226023432839206,-0.04521342585972292,0.0009759438646915752
-0.10370061147063395,-0.0012666034094539194,0.040491517562479755,0.011609734665475291,0.00015661931297862586,0.0024139123312676906,-0.043270427255007994,-0.0023746015290112346
-0.10943453935735041,0.0016496663738118998,-0.03571871890579084,-0.013860613369009834,0.004622255272269593,0.003457425625809221,-0.035841163429338456,-0.00022296940889779404
-0.09151384770976316,-0.004282984534076163,-0.0045728399418765615,-0.007441759149712207,0.007024054150023173,-0.001294747821597081,-0.02990488022185846,-0.0013294650134766416
-0.007367371343376949,0.008225374466580494,-0.024653529913276948,0.01589970691715195,0.0043662016946555676,0.003461942120326951,-0.04569269208380707,0.0009023849408459905
0.058668625920049365,-0.006659115617172113,-0.07523449197294808,0.0171309426731913,0.007024458645366956,-0.0027887411915354272,0.021034647643144957,0.003217221796143695
0.10039681339342182,0.009851490582329259,0.06788917040640284,-0.007933194228350607,-0.001494223481184243,-0.0014916060225430474,0.0034227508885427407,0.0007172641418211889
-0.10723600256202977,-0.0006063205817299566,-0.03871148500748038,-0.006586955525419178,0.0002664722348127979,-0.003975669088118289,-0.02489103076450426,0.0019440773953993905
-0.04189885954485068,-0.00845882719754775,-0.07912288232134834,0.0004563208958407691,0.00033332455835057007,0.0049988980220956715,0.034090270906101144,-0.0019568697616735927
-0.023601750957119912,0.012195587093482275,0.04031622757895139,-0.004143887435579557,-0.0006060860935234291,0.0015140061751062843,-0.027477803016112006,-0.0015202058573907668
0.05893999275870886,-0.010236826787823108,0.14616837900113736,0.020304425898303613,0.006271979016417177,0.004853842182306441,0.011508408601653485,-0.0008303137785211356
0.14953011343349926,-0.008373683260850499,-0.09032127559280544,0.0030551323890895283,-0.002854379536203815,0.0010665800942567805,0.005840101726878681,0.006111795564991068
0.2816307584572141,-0.007376685958780593,0.11116950163097278,-0.0025853333164582715,0.0041610052882614275,0.003862925370613046,-0.025350291473956798,0.00200921679045641
0.07009193066005609,0.010221817423352477,-0.09903657612817758,0.014134763209761463,-0.0018152698020384942,0.002357880868474977,0.0002632297077824735,-0.0023746123392531823
-0.06710475729679956,-0.005482427370445919,0.09857123065883286,0.0018027667849501777,0.0015831906320394255,-0.0017039303182563039,0.046737256178702544,0.0004925423007008517
-0.05599188283889834,-0.005864316583922,-0.08025040153275334,-0.009093801471607047,0.0015620364236380857,0.001828490186468168,0.027575280845963376,-0.002116395470913694
-0.11591582841401725,-0.0011602892195648473,-0.028239128606281156,-0.01441477675568223,-0.001187871608025122,-0.0018255167819182605,0.01528034519762168,-0.0015567973452371364
0.005856669543339065,-0.004572538009659425,-0.029025015059355105,-0.01236812169162604,-0.0015441642129389338,-0.0015542133615325505,0.012826077344485192,-0.0003698741110674669
-0.09865858053501021,-0.000720797791211868,0.0007669881495399451,-0.007937918981420612,-0.0016553006772378066,0.00013545122784866526,0.00039667229773180626,-0.0016785453396539558
-0.07734146547330968,-0.0015002339795604858,-0.09544147771185207,0.008627478011111163,-0.0015157664451816097,0.0014345377448433672,-0.01374955753451961,0.0046053475871332406
-0.06953553846884869,0.0016280063006988976,-0.057667744814850264,-0.013062809144259427,-0.0008293834351051834,0.0001556327216052089,-0.0037853441887524134,0.002806643423685382
-0.007869433198993254,-0.004104712690830776,-0.013127274161619006,-0.01301473186991377,-0.0002026074233080176,0.004212518341383147,0.015618912285296443,-0.0022766112064829943
-0.13031423011861976,0.008328692385719622,0.04607333712372415,0.006581117000933945,0.0014232577059987025,-0.0008222479676395223,0.027262540980083596,-0.00021677285730326012
-0.03231825726755531,0.005286975682225612,-0.06919563101501353,0.007324805258280603,-0.00034741461249763333,-0.0013142924341150984,0.031563459369321895,0.00021470275674793232
0.016912661858758175,0.0056227691654818284,0.10570603174927379,0.007365676209240516,-6.937636458570484e-05,0.0009892276243444874,-0.00219424650727296,0.0022879802266439963
-0.11083712598224482,-0.008691691663881613,-0.02969086036847242,0.017186376647334457,-0.0015380379269296731,-0.0020293753258055773,0.04141506229894422,-0.000643370321967332
0.1284113995857366,-0.007473714317618346,-0.0065398976438412965,-0.0013201743986770986,-0.001874745118396849,0.003585149920808435,0.04422023548870435,-0.004290740272511228
-0.0774594582982084,-0.003658958879825847,0.03697588482928745,-0.007021954603139312,-0.0010687030226268837,-0.0020330342485040545,-0.011035965280620372,0.0030106762653247603
0.039917025982727714,-0.005129941012703837,0.07112774187092934,0.013923702988117879,0.0022001834117828015,0.013793674186788544,-0.01948636525148371,0.0074919770019719265
0.06050439552716041,-0.0007221719276187394,0.08857450567099176,-0.009620430107095382,-0.0025078927562643305,-0.0023655933353866295,-0.03672072381568372,-0.0023116100051850576
-0.11892065251012375,-0.00761189449639957,0.03648431225020621,0.0116136124174379,-0.001514069793709466,0.00520653517398284,0.002237956210429776,0.005146906128837592
0.153019249674079,0.017554140931906336,0.07056807156552206,0.024776915464731788,0.00145610400726173,-0.00017163605020265038,-0.02495981653023993,-0.001717249742468702
-0.03176754212687141,-0.009702301221461776,0.04081137852899972,-0.0050574432318542485,0.00460676007164315,0.0017664253948124764,0.04080828453108349,-0.002129433631977851
-0.11326818613161509,-0.00787645165976993,0.09245984618696387,-0.0012459820349365212,-0.002162770491916043,-0.0010383485426357746,0.036940394880866104,-0.00025935764838887036
-0.10443995512175747,-0.00496542865739179,-0.02518674726804313,0.014629423579846723,0.004473252917448553,-0.00037886026233252545,0.02877664400173999,0.004833506248622969
-0.07190857788098463,-0.001189540475011265,-0.0679301841335297,-0.011905994668502352,0.0018954286115847204,-0.0038574492749845935,-0.03705996976236788,0.0013573810383721019
0.22305191201539334,0.005023846744285827,-0.06446438863435548,0.01616239325789588,0.008273630934505123,-0.0005302654927529515,0.032155164708078596,0.007388722520273729
0.24914680367800593,-0.00045055061248439054,0.11234998056291078,-0.02027388414570412,0.006374998184892888,-0.0015500427531263785,0.012376782974229207,0.001150365698931911
-0.07334558330066733,-0.0021783473354448964,-0.04774643364394035,-0.010239511600801766,0.0034286832497995856,-0.003419892682452663,-0.03704140111279797,-0.0022926329074940644
-0.07116516953013229,-0.0015362102652982943,-0.03883126931257424,0.008152187036868118,0.0011433658167553933,-0.0014884906067108052,0.03079681339027198,-0.0006277298112230267
0.10313851402974776,0.0073997859539792574,-0.08129909564662689,-0.014590680446265667,-0.0013533851961333781,0.004976118524054097,-0.02649155863360137,0.0009231339163013261
-0.06608746392828074,-0.004189393499378937,-0.003874195507783121,0.0030224371297664474,-0.0010292163796562928,-0.00030297125285429373,-0.021251946811574562,0.0005173332464107061
-0.03432616647445908,-0.0011532836624095905,-0.04829583849108424,-0.01273180105094041,-0.0016006383303953026,0.005238440819412649,-0.006223903714658875,0.006159333760368106
-0.003292302568249509,-0.006484178634045082,0.07773377730675175,-0.01143820794650792,-0.0023506943943375916,0.003522995122027084,0.04570183747751907,-0.0036188428496707376
-0.1364074723103952,-0.00481780025101105,0.10056400968103485,0.017171694583506175,-0.0014833444414665874,0.0014780502163230166,-0.00577926545283955,0.0028897993954685214
0.08379992251283079,-0.004254983099494937,-0.09899314190942876,0.008754167696588655,0.004497871404390111,-0.0013602787585007341,-0.0005348610821486431,-0.0013619989943572893
-0.059233557802855906,-0.0018506920934035491,0.0988841900497407,-0.007167903455857195,-0.0006161814896982479,0.00016693049255109358,-0.03558733811364066,0.00016507187838708543
-0.012735470418932538,0.007834694820044941,-0.04178865082128693,-0.012280813022897798,-0.00053672125245203,-0.001242540958522381,-0.014988492909689496,0.0010607556992087014
0.17902722921253636,0.014993865938200056,-0.05213373791003864,-0.003440513654905839,-0.0016908333813722481,-0.00048344326313232155,-0.029460275308435264,-0.001585939472309946
0.049262827998233255,-0.008919078062940173,-0.05620294119776206,0.009770101138700317,-0.0025470790020720065,-0.0032060445508099826,0.008860113799246784,-0.001978759794505033
-0.016079156022106123,-0.008881168947085797,-0.0007547823070049482,0.020036241723135364,-0.0008682974194479227,0.0025436902515159026,0.021618450243294514,0.000857971190395624
-0.006425498543693918,0.0020012642142228335,-0.03643092522230388,0.01833367421293885,0.01005063102412406,0.004273543190350904,-0.04033994323814991,-0.0012349708028185288
-0.04672739484530711,-0.0017830432025079488,-0.08570272606135876,-0.006207299061948614,-0.0012013458195789446,-0.0006640854715616281,-0.03334886112149392,-0.000346975266017846
-0.009295033028768728,-0.0009979640761537826,-0.09427797189055681,-0.012170068194061301,-0.0014855175438504087,-0.0015812602532473388,-0.023631112617000447,-0.0003158595903252348
0.16848903641038965,0.008100488684904098,-0.1242364893374903,-0.00945291424838764,0.0013293271275637078,-0.0023787928866628905,-0.017536038415208653,0.0037512626483657955
-0.08899681931952115,-0.0025760636496920475,0.09915485086377143,0.0023102843954312634,0.00274167778223127,0.0008704564645207157,0.04316355177649972,-7.946939606280623e-05
-0.025478072954797277,-0.006000060042792522,-0.011062765063236349,0.0034098786865998337,-0.0011964276424714813,0.0005737978980386235,-0.010979998151214448,-0.0020317004769187493
0.1066103806714413,-0.012363309556066928,0.15061994705925283,-0.005885655337309211,-0.0002929508595972963,-0.002210291605300982,0.01900720179207287,-0.0006894604893430517
-0.14409022340948224,0.00791270251413738,0.09278891974146039,-0.010326611191494205,-0.0008069795369546278,0.00035232623342185577,0.049407638502625174,-0.00016986023381742547
-0.03843641130830003,-0.0008552010966367531,-0.06897260079831392,-0.004104872611214588,-0.001406977531527312,0.0013669885122227082,0.04697632685260704,-0.0038059268983066975
0.022782019236942733,-0.002465094994587228,-0.0639918605009977,0.0,-0.0014406562375920238,-0.0011706480709381972,-0.04260858163749631,7.325397134516631e-05
0.12139943780795386,-0.010451942400037814,-0.006438934254640024,0.008509089323698414,-0.001487593350254371,-0.0014315456829499251,0.02060872611316007,-0.003435849874051797
0.08362493871737857,0.001478311601049113,0.04611333807767422,0.009002621701029211,-0.0013011733463350883,-0.00258349475580704,-0.0016554025018486644,0.0020147832479438083
-0.09233798567785302,0.00700416099216375,0.02528211551484909,0.00503176168278343,-0.0015414900070345125,0.0007113799854462921,-0.022926068419474768,-0.0016693291130092161
0.13179219362595204,-0.009412237860724725,0.09580743452659804,-0.003163070575260596,-0.0015051793257362944,0.0016249365129333538,0.020248737669678305,0.0044573310756627505
-0.03206621137082995,0.008834248202638496,-0.07977887622128423,-0.015182535200685424,0.000989396012533908,0.0010643697300732869,0.037452400129442114,0.00851359341257078
-0.096095922809487,-7.304739008534566e-05,-0.06360138188432506,-0.008644786512356466,-0.0018906876922673947,-0.0021272184135628963,-0.03035388630476303,-0.0007550262089878649
-0.09757939144221686,0.0027498107071844136,-0.003919521909080489,-0.015475552806247052,0.0,-0.0013844687801483062,-0.04579332406799568,-0.002209183500132437
-0.06315727209013376,-0.011891336862610749,0.04244236531678466,0.01286309188447247,-0.001022837411323689,-0.0012015590680712653,0.041134852182638904,0.002223732807399699
-0.11245432874439533,-0.0021853614072021303,-0.08294381626976695,-0.01154125643258029,-0.0014252868196617946,0.00018587486769491846,0.01904818863740628,0.000772045203966142
0.19438798945692293,-0.0036310855036221553,-0.09258154463259237,-0.009401066666202265,0.007171698517549926,0.000632213857606978,0.0283840094067949,0.0014501729801165853
0.17175837397674282,-0.004284754267447709,-0.13658269554511962,-0.004994850262401181,-0.0011961315112320031,0.0019303134611722834,0.032434565566031116,0.0004374623701320565
0.1233823960466826,0.008666210077132913,0.11694317062190661,0.007655476033626299,0.002645176687124958,0.000800746408631283,-0.009707515488205662,-0.0014023262633892086
-0.07983538169331583,-0.004133481180595287,0.06142714377253983,-0.01630370418164167,-0.0031662866298527988,-0.0016461549416849318,0.015350240705469753,0.00055479917104128
-0.13379174123594342,0.006174366025990574,0.011847171474265433,0.008702091425410308,-0.0012078199982771404,-0.0017452269594727683,-0.006173684659604374,-0.0014800576386198925
0.09561082497924202,0.015320992553414852,-0.08989480447086927,0.003985200498096246,0.002591007675374759,-0.0013253624075065737,-0.002415927197567848,0.003828978775912551
0.24858773022809272,0.0005081728879164915,0.08513393520798589,-0.002025424008924336,0.003209449684058194,-0.0013873269428059433,-0.03605851100538811,-0.0012596667582544716
0.061961719726444014,0.006383191711568186,-0.052727774102834545,-0.010735298968607785,-0.0008858521547379095,-0.0015959874671823864,-0.027215426359648503,-0.0012478450238494617
0.2149920752336828,0.021654224787222516,0.15796528004064975,-0.005076910518479657,-0.0018551688196457583,0.002170528281525504,0.037993260946086696,0.001968795686457674
-0.03366884647278852,0.003994600424348193,-0.013452584102235363,-0.014749823644552868,-0.0006276331065112993,0.002203980395406216,0.046682517838719205,6.477024376345605e-05
-0.10110893497603193,0.0033876062215350234,0.09924184783606793,0.011084905339350103,-0.002253975687078906,-0.0010420628300645413,-0.0487442617144773,-0.0011475563953969002
0.037555864155354536,-0.006079332808302978,-0.017470836483322736,-0.005528908288533654,0.0024420371540009498,-0.0005665651106380315,0.039647598027026984,0.001144353011510072
0.3001765665712169,0.012262238154052666,0.16984205879552255,0.020113994717532228,0.008317165130625416,0.0007223304720186954,-0.053527512872405474,-0.0006421338324989478
0.025354307072102684,0.009523076159457777,0.14441687712715548,0.017611706789921026,-0.0007160017510329519,-0.001725624808876338,-0.019803592075522576,0.0008074906913624072
0.048513744363487335,0.006107130050546284,-0.057166460735232676,0.016200440131729957,1.798441421689556e-05,0.008098515666536512,0.03786966824130698,0.004342719416799944
0.10754057078752353,-0.004629086343956405,-0.0751029125763761,-0.003718898718413554,-0.0021420780180976956,0.0038999454214523827,0.04923639670028927,0.012261564533707092
-0.10499113579020448,-0.004897892094013256,0.02675421887290419,-0.007078422257346023,0.005505275240428088,0.0012549254451960923,-0.0008473927166652376,-0.001328670242978362
-0.08468086104911315,0.006546125203259484,-0.007792662468458726,-0.00901797493582767,0.0031941345849267762,0.0010651918129424287,-0.025917188115470086,-0.0008764906336942544
-0.0900707941963517,-0.0032490942133432325,-0.00015183900977379372,-0.006634015899340837,0.0032030513729662527,-0.0012426508771776394,0.005119233213288311,-0.0020073005027463654
0.008388596864888116,-0.008644846169371645,0.04286884730178255,0.008429714909608215,0.0007790966670109256,0.00635040758037386,0.04059757521952332,-0.0026552639451131437
-0.10966829551099248,-0.0015794365947298292,-0.05188175956333337,-0.014199686441543166,0.0006640652427606641,0.004661021305069799,-0.01633802148273211,0.004353163572645157
-0.0758312410557356,0.003761806862849965,0.11705648425760669,0.011992723375040643,0.0009871694363926778,-0.0019521216907793515,0.01890544562256563,0.0013301628170692323
-0.09668548025477944,0.010333696124108088,0.04701407464979756,-0.0022552554871977624,0.0051052281279028704,0.001777884452226455,0.05211396293429261,6.54486436935664e-05
0.12691201633017413,-0.009018341337613882,0.15829283065111488,-0.009240524733118191,-0.0025271549713896525,-0.0021748843998403156,-0.005914873832812192,-0.002900766298656254
0.10458059556669287,-0.0025833474968346305,0.04779235182144212,-0.014994856042537877,-0.001527929245516424,-0.002017277359078745,0.005653199135234136,-0.001938636200911483
-0.05066302394496634,0.0019440293836021857,0.0064980593119958385,0.007410276043195807,-0.0004127204976623333,0.0020445169486884482,-0.021861394024608793,0.0009540714028814889
0.1608120631688055,-0.007976600635569476,-0.012779734052711031,-0.003944193811516814,0.0014656482123958925,0.0042747504777284895,0.03835052950681623,-0.004831190615282568
-0.06410474321833254,-0.006890053244944378,0.07041358096630673,0.0021880489202855363,-0.0013981419169472244,0.0028700182045392347,0.033150369647406294,0.00038962276716186794
0.04714609190341099,-0.001481122647056493,0.015996311143767355,0.005574549519282823,0.001667333259788566,0.004295961155438521,0.04267919742786563,0.009560556660602015
-0.13987735326022277,0.006030862713427744,0.11919726220642728,0.008500033045922447,-0.0011790533423132674,0.0006700840360403413,0.03840357244690052,0.0009249298715326512
0.04273195439905905,0.0013334945480841845,-0.06828251643519706,0.006304262594576896,0.00515530973813257,-0.0006262548478658606,0.03188716129592588,-0.0017701138043786405
-0.08983358329236998,0.0009277068107956913,-0.06492573198133988,0.012918227533707138,-0.001364155277305894,0.0004352493398850077,-0.0087323287488797,-0.0006210838375406917
0.15156988840070246,-0.0027273031160918028,0.10658063903522419,-0.010336621396903525,-0.0018259915485014382,0.006982438972868094,-0.046274499547186085,0.0017407705183271616
-0.12472821208236594,-0.0058128984264340326,-0.009354587915020954,0.0052434627245948415,-0.0003277667062172446,0.001878651821213657,0.03131768331915122,-0.0015533390563733135
-0.0053256687254417965,0.0029252120383508684,0.057831578500971974,-0.006610503322288169,-0.0016648892679180845,-0.00034434189158472767,0.014034566892085147,-0.0021320414139858754
0.0496458586028333,-0.007117119272404952,-0.014845393732632325,0.006615682242227927,0.0032787082723497295,-0.0021075292306615622,0.007811040800156208,-0.0009361677221713868
0.14276700421021235,-0.0068509264556896755,-0.11751047984282255,-0.0033181198397893613,0.01545389871146949,-0.0005003337558926459,0.014578014006614414,0.00019967491373284324
-0.10728412940742127,0.008215121015576934,-0.09276442799817008,0.00531027797651015,0.005742411732359243,0.0007880200816846676,0.025618715824537803,-0.0008290548175336754
0.2442966432410306,-0.001056295443345349,0.0877324583406043,-0.0038982366953766237,0.007408116394506257,0.0022037377793193286,-0.039310628535704925,-0.0008020129841443957
-0.11364447916511332,0.008567886464516675,0.045629400357372736,0.016089517565397015,0.002608734672473109,-0.0006713142739882688,0.0003848090765901361,0.0020870742215030294
-0.08758412503514455,-0.007623516921843918,0.1290129846546351,-0.011210063671820201,0.0022467775055891683,0.004189116534245087,0.044756728458086946,0.0018666722682458003
-0.08703456327279345,-0.004580629162593086,-0.02875186752352241,-0.00828153083025651,8.511940277289298e-05,0.002042820624151184,0.009914260689086768,0.0015095616463052413
-0.09422125437690344,0.0019810741998820785,-0.05669419646610578,0.01595840133351429,-0.0009917170367674285,-0.0029304035644550125,0.016924519520690882,-0.0008276013601165866
0.0402203435813923,0.008842482875592533,-0.01744000238423564,-0.015980280990344733,-0.0025153004280573173,-0.0012052703230497602,-0.018476876486660663,-0.0031460771068592963
0.12217613339172907,0.00699928028056413,-0.09624747555432832,0.020496172562137857,0.009137192308449484,-0.0012258950783605518,-0.02394805521341938,0.001871491892229515
0.06165580736683265,-0.0030680729861621014,-0.06183651657153858,0.007073132029059581,0.006157062961172619,-0.001106484579142357,-0.028919194679710377,-0.001276420943025623
-0.030014792560928483,0.009328385470984902,-0.0021269698896407225,-0.0009855120635353654,-0.0012776714876316406,0.00045153674816122286,-0.004853879450220365,-0.0013644489963772618
0.04576707643454061,-0.004232610587341572,0.10973032843671535,0.005814980228623925,0.0005650540029210338,-0.001887902012713091,-0.04382789804002155,-0.0015004170949714734
-0.09779498019587328,-0.0008401092858322191,0.10809683583287769,0.01024920239812537,-0.0014816785251273573,-0.0009416280474704937,0.028551369579869732,-0.0003512443598463269
0.11872647457698476,-0.003913868710066755,0.001110471001456903,-0.00968935098722292,0.0010736076355127436,0.00011619471223670019,-0.022627923311820678,-0.0020032113280944283
-0.0222350067743213,-0.005596041797319339,-0.01759303607290927,0.008149224291801482,0.005704792307501301,-0.0004128611597025503,-0.011625016556868734,-0.0016288746534906097
-0.027020949765251375,0.0033669534188241245,0.104829062086936,-0.007855515581924636,-0.003099100583793753,0.0011348022527107593,-0.004544517226792886,-0.0022736095570558396
-0.012302432275874913,0.006247992283654883,-0.10187370969165699,-0.010525582925163233,-0.0011268431004802892,-0.0020925394212967757,-0.028776372896236944,0.0020774360717437934
0.015169294364358947,0.0033312902363550325,-0.10208135569355023,-0.010720146136102887,0.004924561528076772,-0.0005427257184907608,0.047950109358879424,0.009390430183203652
-0.13579161067224027,-0.007089270140222497,0.08141633142090811,0.006163367064436918,-0.0025207414608188618,-0.001012384561930424,-0.0030112361056110616,-0.0022125249902531343
-0.10965927631654337,0.005606567850714494,-0.06995252988303732,-0.009718112305989282,0.0021273736866167384,-0.0015406502577052135,-0.005786175925872335,-0.0005344968540268169
-0.09866450627652315,-0.0021225972825845403,-0.07971323765361647,0.00907898516520153,-0.0006767283667313813,-0.0005174459358751327,-0.036439849228566246,0.0034251577055875704
0.11200708481841896,0.0013140142086034083,0.02980368231115168,-0.004481148853932818,0.002205012561361828,0.007879436430576502,-0.03609240038045303,0.0012433653951061524
0.17400090203990118,-0.009127118186904867,0.0358996726509756,0.0007554046517540824,-0.00578143642928763,-0.0006489900609398269,-0.035542114203611634,-0.0023796327894902844
-0.09387718693471225,-0.0022840101100573646,-0.09122975483187755,-0.004557489408410192,0.0001297085393402453,-0.0011900507053344978,0.03312110033473275,-0.0013585885266337553
-0.10236832002160685,0.001912352449851792,-0.09875211137772222,0.015673408620946114,-0.0006548039917708692,-0.0019636143432113663,0.01984896674440116,0.0
0.12140945374862384,-0.003660308209074486,-0.09588665429925744,-0.0006093349117555605,0.008429123931177967,7.375482414551625e-05,-0.025833125510602385,-0.0012725530441149828
0.08061886643777033,0.01860739849825717,0.16467874300331653,0.010580823944788794,-0.0007556144292220068,0.0,0.0005475112692967828,-0.0014172083582321875
-0.13073750752272942,0.0026713320880483262,0.09680254614893641,-0.020527384597596746,-0.004360333597262089,-0.0010422155644553618,-0.05525516389778765,0.0012094460345735136
-0.09860375789563237,-0.0051988187253065605,-0.06410768292831562,-0.0043252516150872646,-0.0018245610882750007,0.0068315716224058775,0.03189964256393612,0.005800637313127034
-0.12026030949513973,-0.0022790757449283666,-0.05284954078835292,-0.012387515819804098,-0.0028149533042324502,-0.0027503077728627144,-0.015910340441230898,-0.0009784408825473656
-0.09276820200366656,-0.008138235355225221,-0.037150781866083955,0.00856532269258341,-0.0017495102884325475,-0.001545847544021896,0.02648969605300123,-0.0013448572257474672
0.0801706205072052,0.00045781154999755685,-0.07075091256741795,-0.010241881056500065,0.0021238080017193686,0.004979793453140668,0.03124417753755237,-0.0018966559195371894
-0.13812489806897868,0.003598014662091216,0.10759972720350684,-0.016082998068740077,-0.0030534673048857124,0.0005366798866539206,0.02155324951898996,-0.0005143196598749143
0.13795652870335084,0.010040533702004263,-0.12999904877027774,-0.011241915430575537,0.0003303417401950802,0.0013468840976087896,0.014182815432448719,-0.0009600850387606418
0.15470138832561398,-0.0006305677609496074,0.09796241998794282,0.008121288103034285,0.004178474618076622,-0.0009298199766709893,-0.03431021460636948,0.0042884614024346285
-0.11934131938695731,-0.001797462235221951,-0.01722499062272692,0.01993503058939542,0.00016735758093305853,-0.0017511069204045073,-0.004155493937107417,-0.00203328551692218
-0.09056039266254852,0.012539284525677217,-0.006829198574263015,-0.01069167932676839,0.005717938963387637,6.99280297451893e-05,0.02696455447207692,-0.0011426444527086188
-0.08326701589553333,-0.0019428582674481866,-0.0729406296356917,0.02081098575577902,-0.001340047078098669,-0.0009266753782369989,0.004826749680896813,0.0006688650217028524
-0.060860548647670244,0.002322470212038676,-0.07346737502845413,0.017677425844354232,0.000995869344281808,-0.0013635649501534965,0.004497179845031944,-0.0006285011132271118
-0.0447222304943402,0.00623946580174948,-0.015003510936487737,0.01506549095262943,6.740074038298063e-05,-0.000621849553499316,0.03844339524604758,-0.001402066519460939
-0.10482565176188387,0.0009249196874242906,-0.03425170542468106,0.008244832992344513,-0.0011104313520420156,0.0008735509901219864,0.021669671477533,0.003793658736757213
-0.10716587260338374,-0.0007991780125207134,0.02195324835638235,0.012685053190950809,0.0004505565190601712,0.0013367551732853492,-0.037391694386385295,0.00031767079695646516
-0.10605950358476667,0.0018709376548624408,-0.0026867113890389448,0.006593382219453029,-0.0014692453589773558,0.005407578379685377,0.005987085235221751,0.0035739785508674847
-0.0030015544594145568,0.01410031551402238,-0.10379561668701251,0.00175676529147951,0.0033499661034906143,0.0005122079238256555,0.04261258948026647,0.003301924801159611
-0.08374333128062543,-0.00026861325486429895,0.03989838207581252,-0.0017686420712230938,0.0015141479687928471,0.0005595414538396518,0.04238527070759826,-0.0006345608199632138
0.06976372352152331,0.008225368694292938,0.15724924479918,0.0011321230664208615,0.0021942080141109047,-0.0022830682606202746,-0.01271013526462427,0.0017597831083843041
0.16138854456246632,0.02249746358601475,0.19707101512320793,0.026619758219834297,-0.0005200067398804341,-0.0014481611983884553,0.026339081033339883,-0.00017492725371687223
-0.1118543261032407,0.0066953229045267435,-0.058961227796198536,-0.0015413691121195193,-0.0006160890878945158,0.0009640359999184202,0.018229361480722888,-0.0004345006121490025
-0.13005495948868684,-0.0015413485941261757,-0.01077572598328492,-0.0028511144209349562,-0.0020542365254949753,-0.0021505451476169293,-0.021670152653445723,0.0007453014569687999
0.04777707292763112,0.011180848280444081,-0.0658375370250819,0.010472102022238998,0.0016790650673394786,-0.001792965232475123,-0.013851856735841201,0.00034833436391527167
0.126786645166768,0.01087555589606117,-0.10970690356168261,0.017227396705771416,-0.0002940967012716178,0.0010403992208747172,-0.009587595942568338,0.0002022133242951266
0.18914288318844438,0.0010662522780919151,0.06796737289239918,-0.018692171098809218,0.007005997197618537,0.005647626892297233,0.03631508509086127,-0.0015161826307461546
0.1903756776375603,-0.006414021717218881,-0.1417568880643307,0.008111848811215015,-0.007240113536674358,-0.0014369898975253592,-0.0162101921684869,0.0037703067410135714
0.16168914506614798,-0.00438861199900396,-0.03634442671326544,-0.00283956464254854,0.007194327341534388,-0.00020655923957224598,-0.015228945353612126,-0.0024457926628254126
0.038790497401651504,0.018012868106732194,0.13334770889976097,-0.013916216196088908,0.0011793969384780991,0.004618926118437841,0.05954879440774592,0.0006223448638047191
-0.152594882892697,0.011717815243626067,0.11798996666383008,0.0007978440824032476,-0.0016779610947070189,-0.00046380542279635464,0.04192303015194634,-0.0004886337197530481
-0.12113208530230626,0.010923252766181264,0.09787523425254767,0.012930102926951976,-0.0010556404448169333,0.0009406079108529082,0.02950453985755823,-0.001069635879832191
0.07855473756636212,-0.006352397273355914,-0.10257970466608107,0.007431756471848384,-0.004860134053525422,-0.002860130561069974,0.014732464048575391,-0.0010019576608425035
0.12721046222439475,0.008696710169292108,0.028503421126045106,-0.0012455471382017969,0.002920573588274943,0.0008426298510859128,0.00166239135991391,-0.0014604448264206725
0.15250199634425232,-0.0032022268005562795,-0.09613388402858414,-0.007593142658202865,0.0031643194306053644,-0.0012104320455673715,0.006861521648228962,-7.613734415540946e-05
0.09294929486795438,0.006958020617522832,-0.0770566864254186,-0.0033806538883062484,7.953052895852408e-05,-0.0008793417551729429,-0.03316240939303369,-0.000908097397839948
-0.0697474324018012,-0.0068359401667327175,0.025292708445199756,0.017076269447130806,-8.764903360708666e-05,-3.671275167677068e-05,-0.004955442813828009,-0.0004814130069359604
-0.08349461122704299,-0.006933367924412979,-0.06858980523815687,0.011043156739493524,0.0015529494512168745,-0.0001153847324364965,-0.0012556122665655983,-0.001112340728698022
0.07351372573820229,-0.00895342305090434,-0.09070966324028445,-0.005962418071571248,-0.00358218976120881,0.002061401771700354,0.01862633321445129,-0.0020026155615444196
-0.13772513292748964,0.009669994541660778,0.06888223968546499,-0.009526185934067895,0.0007506349509365573,-0.00019230091742607897,0.028648072430201982,-0.001045546256851908
0.06619618739590852,0.0055591643604747,0.026513151886022674,-0.005661714619587669,0.0016955001679717502,0.0018819780479149538,-0.025489417033692542,0.0
0.143006085262561,0.0014877684824949056,-0.05187655163055713,-0.008510976592565493,-0.001973544489470318,-0.002077550629412313,0.01611922095112244,0.0063203003957657804
0.05873145839486784,-0.0018709991108935005,-0.1030224616972006,-0.008216012304314478,-0.0005319316637241583,0.004899098404463304,-0.029916470295333085,0.0030677633048139556
-0.052879457217054296,-0.0034650944966921515,-0.033296530227482045,-0.015113720951603706,0.002159210135302726,-0.0011388973638994542,-0.009897594508230238,-0.00018244338563845608
-0.061011469965175105,-0.0017389104777147245,0.008357504287023898,-0.006989248679794501,0.0010211631871256711,-0.0014213276964979546,0.04103580305425952,-0.0012916876334828646
-0.08928815741498039,-0.004492446293774827,-0.03745347036812872,0.00760653392415146,0.000790026959899454,0.0010285041966877938,0.04399552703812453,-0.00040326844471516576
-0.05480754304472563,-0.007502836337279378,0.13649150646737915,-0.009434102315004708,-0.0016449680496314512,0.0,0.04644365748382174,-0.0015156951650260875
0.10296978658654761,-0.002751681726427122,0.020142235590035275,-0.00942186700744701,-0.002566388707612631,-0.0026045698358825946,-0.03811776458887718,0.0036161353313829137
0.0631931856298506,0.015076585687280788,-0.09532633931535717,0.014925300084344492,-0.002035710913583049,-0.002339914257563518,-0.005273681102613581,0.0039343248302333034
-0.0760713459356571,-0.0012891708765998535,-0.002199265532299485,-0.008931532534262968,0.003044064580647491,0.0019625012994771087,-0.02230309808358948,-0.000544449371587305
-0.014526242173508168,-0.0017076059588065004,0.012250948664314561,-0.013025397654193494,-0.0009420100622680363,0.0041672255186752695,0.009048001559293771,0.0013924166054035125
-0.1347505993491688,0.006349693354214757,0.04731576566853316,-0.0065105555280543,0.002181678615021485,0.0005308434156721387,-0.0457264023162715,-0.0017374690427746403
0.06187169837402572,0.0005688044569387854,-0.09033044489570773,0.002194635727919005,-0.002051934573621988,0.00036323949264433636,0.04780449744810785,0.0023467591618519545
0.05466404665309734,0.0025576987499417885,-0.10616024493563211,-0.004157803202070708,0.002221983580023681,-0.0004049062870815972,0.0452716216497093,0.008677871689171219
-0.06127838282362899,-0.0037703616260267555,-0.05599167369965239,-0.008417324677228026,-0.0014093201117670318,-0.0016285968652775397,-0.008211338521897472,-0.001944015809374107
-0.010252077849168898,0.00840535281403197,-0.09624032694933242,0.021652036430396926,0.00013732747540502955,-5.0144261290019365e-05,-0.011919266560018012,-0.0023410592419520035
-0.02160880552251194,-0.004930893732500562,-0.007188014798600265,0.0018981821313793564,0.0014727909715968246,-0.001214199600320598,-0.0024744612722038496,-0.00019771734047367012
-0.0629208027839516,-0.0026801720186487845,-0.002325719119171649,0.009997638366580127,0.0007519987256393664,0.000196690847209538,0.0269976511475966,-0.00230122589104526
-0.08516804120723823,-0.0033621450217344146,-0.09372663892914206,0.004729658007681045,-0.00027467680701800945,-0.001789973866268399,-0.005382463642447935,0.0020132340484589222
-0.03618869507928015,0.0066980541196856825,-0.057840761374538904,-0.0047702920316765405,0.000852373879466102,-0.0005039112521797173,0.01762420424555137,0.001477307868414279
0.07022436327130577,0.0004966453246636297,-0.05535987781353778,-0.014594001045338773,-0.00039355174852046627,-0.0027463339326341445,-0.0064906874312261895,0.001431544167362095
-0.08061535541795994,-0.008685321141744803,0.0601453083862185,-0.0008389374633986368,-0.0009834403796343818,0.0,-0.014372995387083552,-0.0021317532170919994
0.26631068061016944,0.010536132136974293,0.038274919722955,-0.0024154720871617055,0.013141072843094669,-0.0009362027833874865,-0.0029841915215514637,-0.00027998011902591324
-0.030122607115606,-0.002318085770547401,-0.04215235942720801,-0.010401400580194058,-0.0023921254765664067,-0.002681565262112349,-0.04581359166106762,-0.0031291050321392774
0.03216192338354844,-0.008898581032705194,0.06277069112039241,0.012740803809493405,-0.0014924698672726944,0.0016412420614742409,0.012456205583110965,-0.0023086822837771145
-0.10846052902286693,0.009714657201033969,0.0040540528135185085,0.01202652232507257,0.0015690818962646265,0.0005728054263889275,0.036072953258410964,-0.0014194843204340252
-0.10805615343836417,-0.006960539785556178,0.008559658387890781,0.0006981058372766055,-0.0008874790719160243,0.000667078548115263,-0.010897144619662647,-0.0014400616860886569
-0.06263644818621944,0.011523417707564057,0.05171849433401131,0.01609292656731145,-0.002150915934655915,-0.0009990757638938153,-0.0007852554887599688,0.0005073919434575372
0.27265200244917576,-0.006448667679492326,0.15270287352105125,0.002539516599657123,0.0020719739555787194,-0.0013026294145656236,0.050136290518242886,-0.000602253089519833
0.19307200713012976,-0.005733051039085156,-0.12613391961677756,-0.0015917483227488724,-0.0018957027878807183,0.0,0.011132682421114972,0.00164916460679701
0.0996459675509439,-0.005160486707220773,-0.08733994671153089,0.012267336157989434,-0.0024473815953408497,-0.0002107278861040343,-0.01787037007157553,-0.0017681648335679807
0.17726720001456864,-0.0036903164285105915,-0.09909727995305131,0.0047880861620430495,0.0008069711860537315,0.010301341168518253,-0.002676053130820991,0.004086438321397683
0.01291486082604528,-0.0036785173046604606,-0.06272325313767864,-0.014898201795630119,0.004030001261866331,-0.002772028522612991,0.0032637563622949306,-0.001396363811907525
-0.047174367473283615,0.009759109821839751,0.07799443368946303,-0.014727225639555233,-0.0039127040706511615,0.0024076025003842653,0.0014632479393859943,0.0011253614037838033
-0.030637919412012264,-0.0029014478725624287,0.04128040118258627,-0.006266269431147367,0.002022500576270404,0.0009347370161452134,0.003809983436708455,-0.0019361544034675268
0.08973239469436115,-0.00042964123570573415,-0.033717604117422,-0.006360695495318093,-0.002347609467569406,0.003890768822073386,-0.028947434963650338,-0.001957131961664857
-0.1384130560087856,-0.0015085983487701138,0.09469263564467624,0.013218946919337714,-0.0005172791681224559,0.006007287228400765,-0.04267753355809714,0.0033989756983708644
-0.05199172795444882,0.013168441899808921,-0.03521008037755204,0.001435194108479183,0.003643571165860243,0.0005585044948563884,-0.007546530667410392,0.0005295493215393549
-0.08113224222104409,0.013855157446647302,-0.02467765482185592,0.011237194354794765,0.0006641863572211283,-0.001565134101234229,0.04782107092846061,0.004558366228899573
0.07251235357742,0.0003970541061161399,-0.10829573666528092,0.0033002477101087588,-0.004879526540644817,0.0003842499333627722,0.011278068224864844,-0.000775007847951531
-0.058184571589030086,-0.004276242949509444,-0.09079503891901781,0.0043452573486429304,-0.0011082120369164117,0.0020742717179802056,-0.0077449755210483315,0.004381881622475177
0.06385145254886618,0.009979553759437081,-0.05862667055490605,0.021185981059606236,0.01034021631484557,0.001028840362976873,-0.009833531299278183,0.0007968333169676226
0.12451838890237771,0.0057970781968975284,0.038114857187881816,0.004170643647354707,-0.0027548704277979247,-0.0004166254899480304,-0.03472243067203715,-0.001524300331980309
-0.11397013114077405,0.004109583212128472,0.0037083280960941087,-0.01458532216626744,-0.001960709105136015,-0.0013776190482643546,-0.015730377388826856,0.0013473000279151381
0.2783330140474811,0.013709798141969244,0.15738339691555012,0.02355924247758973,-0.006102512732354871,-0.0011234510402149955,0.024859156702779658,-0.001237571819076368
0.07645697335480871,-0.01065092443373387,0.025421515602797103,0.004047451317825237,0.0004100591333671688,0.0059493460109678546,0.046597942226493876,-0.004463012887385362
0.06734955812270572,0.00033005838008002804,-0.10923599134901305,-0.005896480335246403,-5.984124273951397e-05,-0.00045611367708839996,-0.02363658651203883,0.0004824361050950129
-0.12453101603883014,0.005629235989418344,0.08269837062295704,-0.013487397482338206,0.004413254053080242,0.0008739998917803443,-0.03440717577755537,-0.0013449835938347855
0.13606832653735046,-0.0034448157653251873,-0.05730830450955847,0.0046544916733969694,-0.0008875552495480749,0.004997912772298526,0.031401615264214415,0.0018852904204463624
0.034383180316762955,0.009894542358783516,0.051677478915400935,0.0,-0.0012486743895152447,-0.0016012848697681027,0.011922160927305185,0.006611673721986242
0.20923747058065256,0.0007584828952502121,0.06252662338554876,-0.018502618672705307,0.0008050190071521605,0.007487872494997255,-0.03475720402122916,0.0042414020674941925
-0.08913687515843521,-0.00571993615969871,-0.02776313464646957,-0.001003455087637134,0.0048876482062776404,0.00034536263469568673,0.0036951053566298114,0.00685485906937156
-0.03457389020523415,-0.001487618768533469,-0.003013207043561368,-0.0051420884277337,-0.0016927313460734202,0.006407934856500768,-0.037840225247630796,0.005629566791045436
0.07863931015322351,-0.007601099395335896,-0.061395162465541,-0.00017817656474301835,0.008316922729240929,-0.0020022252449280655,0.013290898105822537,-0.0029370327846250364
-0.06984685597377871,-0.008252724182938194,0.0031634766760694913,0.012400195144559397,-0.0007163640627979029,0.001239421323330052,0.01420244805666697,0.0031742383349407984
-0.053644326866558484,0.0013622359754159883,0.04677204948069107,0.014977737661578203,0.001255248622317216,-0.0012513951461747416,-0.012975268044674583,-0.0008996433036044102
-0.07082481601355711,0.003964127037472827,-0.038037295838767166,0.0,-0.0007146055636501336,0.003510095706955299,0.024288162237414188,0.007212005388511515
-0.0786043820586708,0.004334295721661762,-0.07758904079864319,-0.001483402604560648,-0.0015867368540101727,-0.002515861392852926,-0.021590245919581537,0.0011761243978933578
0.02072220791160819,-0.007056846149396157,-0.06598648242012005,0.0058077874110577495,-0.0023415149626894974,-0.0030592595478327327,-0.010500206746937139,-0.0019558986985731414
-0.07751013279120024,-0.0017986529587367545,0.0266703148984635,-0.01290547426910083,-0.0017725842872300887,-0.000698598009819279,-0.02194813031709774,-0.0016593132732796647
-0.015561261867869845,0.014253914966729923,0.026369075403855736,0.0007337003145101768,0.0005572590549457468,0.002421271609735303,0.03658752300631034,0.0032054578515440936
-0.004901830647169698,-0.008529640100556396,-0.064498402884121,0.00879718251173959,0.010065853693064718,0.00022637176079735866,0.040059775407510434,-0.0027401924784653895
-0.023554378988987348,-0.00789809674041941,0.01761071420791058,0.012895400089322823,0.00013475351522622414,-0.0007949648141317326,0.025119412556747576,-0.0014848071299111778
-0.10519483064640131,-0.0074210534344909965,-0.04237618071931747,0.0023629230996692896,-0.0017680584132357979,0.0028787282440774233,-0.000571337171930697,-0.00125350040262659
0.19097867246757885,-0.00786811388882297,0.014073864510620976,0.004615324163270925,-0.0024138284355512828,0.0010506267367234867,-0.005493743041509041,0.002795415887551282
0.08596884493485668,-0.0016701954025120334,-0.11623836013611974,-0.004445405460381157,-0.000308183163308837,0.0,0.027871747430342247,0.001500412500055769
-0.011075777017221946,-0.008209753665512406,-0.010429120005236752,-0.0014746186348376566,-0.0016551208437297666,-0.0021782390570801798,0.007836107295504295,-0.001142106382755942
0.1408395971461146,0.013636993587798525,0.07794180709834311,0.006799089792676098,0.004349962578773516,0.0010026759958877917,0.015431240726021263,-0.0014722192296534597
-0.11680463942584589,-0.008343737420102063,0.053592241662169776,0.016549972025269047,-0.0013416429899987298,0.0003680687860658713,-0.0049121272762632185,0.0036707096147716015
0.04035653747269043,-0.008167812017970911,-0.03719772372255286,0.011110166264388235,0.012095584163220567,0.0009917098167547046,0.01822072757235891,-0.0005805294641575073
-0.11871350176701885,-0.001413348472578662,0.051133460198191615,-0.014466476587419643,0.008377544011341522,-0.0007780178046165043,-0.037893920735115154,0.003400278448212625
-0.06310417982175648,-0.006163947108535176,0.06598630603336644,-0.009403361870774118,-0.0019841272187738233,-0.0010989012852368682,-0.009023848663342491,-0.0013199955208684224
-0.05895961285300788,-0.0013341885283542478,0.03150347462191424,0.000996957695856263,-0.0006718674887550864,-0.0006739898868676907,0.02895474794722421,-0.001828190142407615
-0.09274696387723905,0.004897692481899459,-0.03347023526158275,-0.01597795780696548,-0.001561513834296836,0.00019409216834206933,0.010739021652195552,-0.001870490945469751
0.020420007028290277,-0.002112870105031635,-0.07176703776730663,0.004054809980910534,0.011230893558345745,0.0001781341569256703,-0.015049144448082636,-0.0005514903274881765
0.1551863796077331,-0.007438187339547413,0.13985375059408678,0.016808668482591823,-0.004560016808209455,-0.003091735583734151,-0.020650819211735044,-0.0024382452382816777
0.13378686269615714,0.0029305217716010107,-0.008265343971826745,-0.008086878788401534,0.003361929673898361,0.006003291713208681,-0.03185635523271882,-0.0035045502433307257
0.08982319466565042,0.0005872043703652186,0.1705946023845523,-0.010526566881068808,-0.0010625567783587033,-0.002599347793570013,-0.008846324616276987,-0.0007687004958640184
-0.1354904879824873,0.0082869369100934,0.021867220249947337,-0.017427156475532713,0.00300949446342195,0.0015002092039475986,0.009566142597074806,0.00033234092048671504
0.031572594742783365,-0.0017011046081908147,0.016896004251721466,-0.008715394168502763,0.005533336703802707,-0.002182241340640203,0.013985350530056869,0.0006206124319966672
0.11199373206342592,0.0046268020641228045,-0.10755074308556592,-0.010968650941505717,-0.00180346791321293,0.0002897751028928825,-0.008717210278624554,-0.002386662200510757
0.02348509687755319,0.0002141447103586584,-0.008692616939564647,-0.007541644643955972,-0.0024200926085775755,0.006060059258977697,0.003364508480939256,0.0001929588332849671
0.008062609281019211,-0.007685896125845345,-0.06448431343611592,0.0173906889598969,0.004835855067250274,-0.0028877151883934284,0.02095600986438759,0.0033653064400213195
-0.05201315134147196,0.008305174538013126,0.06467219371149963,0.0010232957276666923,-0.0016083785384269202,-0.0013124405006647818,0.032148265387395826,0.0007517898414160784
-0.03278192117074448,0.0021350784427968954,-0.06781579155580017,-0.0042013645845833105,0.0021794627593711515,-0.0021399694578472872,-0.029255940359633338,-0.0005932764350565778
0.18743711124824647,0.01991183806136041,-0.1374868578285708,0.002302279510327301,-0.002419456945986699,-0.0011180229997090618,0.015417399697615235,0.005722813034968483
0.05020557332377793,-0.008505263150940556,-0.11107712598946524,0.013950130702515984,-0.002032365171052266,-0.0008964095199180955,0.015280180325878913,-0.0016063827826573764
0.08600686374133848,0.002908880226459175,-0.08614232945722819,0.0011055045221296826,0.00976313975746679,-0.001604873915103139,-0.001951060902156335,-0.001067536432213339
-0.03458446759847039,-0.0018156052937646785,0.03931364642681067,-0.006496705013148288,0.0003184411844381202,-0.0005088518991888488,-0.037508052877617534,0.0029460507213232763
-0.049266575367574644,0.005195369377952158,0.008174463852713214,0.018390492192119603,0.002182066191021802,-0.00047955664402237266,-0.009260777028786278,-0.0019870770678569343
0.07847392059208179,-0.005681804666285611,0.0559784695107779,-0.003417611225050046,0.00023253141636175867,0.0010893880071401497,-0.020265898569611397,0.0019477282058381782
-0.0917378991334613,-0.0027020169877053665,-0.0681841537347595,-0.006336158262364097,-0.0019137343051253309,0.0016861769344895716,0.02553804822199582,0.0008445339929768481
0.16738695475881016,-0.008437226415528406,-0.06524043773062482,0.004066260247085499,-0.007566126315210651,-0.004174396064544156,-0.0006220289179380556,-0.0016139898722153747
-0.11131697814707814,-0.007969053473787879,0.03945890623865323,0.005059564765148054,-0.00011698735896009671,-0.0008415798460697416,0.020410616466344532,-0.0008016744721356085
0.16835279184049984,0.01394082309413588,0.12642006556541407,0.0075556805331917125,-0.0015776027490880696,-0.0005193849739836831,0.03149255212314681,0.0029165678101330584
0.1448789582839689,0.01148576185056793,-0.12724278131687083,0.0,-6.277413961652996e-05,-0.0003147692030247264,-0.04078487578943652,-0.0013570493415352056
-0.05053382310730839,0.007580005191323852,-0.07979043418934118,-0.007036304125615842,-0.001736828658281621,-6.330611271741782e-05,0.04989752105496153,-0.0034109315663970003
0.10734290663672624,0.008700438271654952,-0.03197455429436935,0.010548920018870625,0.009906374018012446,-0.00032167916494263427,0.028701553926994146,0.0
-0.08901239939346531,-0.0006519267231708315,-0.035708024845550475,-0.014359559173674697,-0.0007667548116957089,-0.0004843352657420384,0.011045150732192149,0.0005532911959711395
0.25575907275210263,-0.007694838818636236,0.16454929416628158,-0.0033442501891577736,-0.001309049134665563,-0.0016852901328644374,-0.007999524449284133,0.002746983158370752
-0.04649963615461567,-0.002950229380905527,-0.08225157613395129,-0.004121816843881944,-0.0012643302294687421,-0.002543986477771377,-0.03482190716927438,-0.00013451738865899454
-0.09492984920399379,-0.00317656006783784,0.013816196473333108,0.011989286522545911,0.003217878958576763,-0.0013222118852967701,-0.04110842472676228,0.003870895457175007
-0.015337765688253284,0.0011051937296475889,-0.07818176709977738,0.0006176469520596528,-0.0015762745387542334,-0.0013527503777443091,0.00648522536371058,-0.001356780505975884
-0.029849782939378497,0.011239924691498395,0.006953213716572039,-0.0020132428085377755,-0.0016971285106130382,0.0027444036505595085,-0.004428365929918301,0.0002090695436439867
-0.003291634870662721,0.000407184508325221,-0.01750291371459655,-0.0012720637280690765,-0.0008617154293663963,0.0014071916258788396,0.019436272794351436,-0.0008227482115184779
-0.055253510590758156,0.015319264925980514,0.096791116529661,0.016717418119430425,-0.0009054632847077253,0.002764634315346145,-0.017504484161807794,-0.0006970097221187035
-0.10289775753947528,-0.0034385748652963,-0.05295333217494726,0.005465759823704436,0.0023913440617861033,0.00016939308854269086,0.03343327183346134,-0.0012031363559473181
0.08904820679200703,0.012948061613119923,-0.012240283882488703,0.01457641598667265,-0.0022157871121812334,0.0021370352746822216,-0.028904067196497903,0.002479268266174135
-0.04513166277165066,-0.00156883024965373,0.016901300137548664,-0.011288014789699367,-0.0014412191729037643,-0.0012277139155306594,0.044528423701853906,-0.002190503569780389
0.028144343074612086,0.01286530374408949,0.022215164111212927,0.0027378439912619803,-0.002116224331752764,0.005361119618597429,0.05040875750640746,0.006989353324765917
-0.03142701253408475,-0.004419479072267235,-0.0924500314021861,-0.0037327128572809507,-0.001258650162736835,0.0010125740161322089,0.015623004131486406,0.002062366099734487
-0.059159024099935786,-0.007980612788334809,0.04577195642926771,0.011444137501354746,0.00086906353891604,0.00853584078324976,0.03462656598269199,0.0009377623604819273
0.20197054035699485,-0.0011321550715687359,0.1625034894999766,-0.01714678016615533,-0.002276151470791328,-0.0007864632119258808,0.0429875890059219,0.0015284296009004956
0.11314029764648824,0.010927383002464852,-0.10367827794912911,-0.017549861115086766,-0.0017530508338318629,-0.0007492125867135704,0.005873668749875916,0.0005918449982301247
0.03712972372074629,-0.0026323198201543903,0.03996867353875803,-3.855613697197058e-05,0.006070429061107475,-0.0005394141453395137,-0.03568532096437922,-0.0014835375051740947
-0.09150747357706565,-0.007276171948399659,0.03944388335929049,0.0011830487695469437,0.002118499948619728,-0.0005221113791140136,0.01906824312169614,-0.00033484927091397
-0.10267155894288782,0.003978559166683689,0.004258053336365071,-0.011926724748905236,-0.001679570311515749,0.002729183308503408,-0.039441330696938726,-0.0025258475465735467
-0.10788952760366109,-0.007142552585928424,-0.06881029161629448,-0.013620443997861718,0.0012622188708260595,-0.0007449809819270321,0.045261023854598466,-0.001914378008945857
0.08004802277485004,-0.0005273808153261131,-0.07239965409918996,-0.010922372493210382,0.0012120620863639632,0.003839833266565398,-0.037287615258273725,-0.0013456149564883399
-0.003756905171538982,-0.005506374515881613,0.04993459887772367,0.014059569322832989,0.007428947216455122,-0.0017887117596859085,-0.03600235280998339,0.00024242508240227348
0.13735264919908075,-0.002951703047462253,-0.03236408496795766,0.00856488733941429,-0.0017363061501642352,0.00702468679745266,-0.04033462354314046,0.002037399112405069
0.024860489493929654,0.010607131603948725,-0.0483483554705757,0.002583254803898606,0.0004764726630109642,0.0031013608670368157,0.04411158583108241,0.0009169788845302255
-0.07093303453775288,-0.005874487188929822,-0.07790466810914422,-0.001027879792017112,-0.0010655971311876102,-0.0007852961775585421,0.009954940719078641,-0.0014615588589438294
-0.029337253063724724,-0.011956104436716318,-0.05131058664541268,-0.0004797204742787987,-0.0005971855997425701,0.00011706578554959712,0.03464053459120088,-0.0019106755134513942
-0.055662082802624954,0.01318832649171465,0.007360758519283267,-0.009033833322657609,-0.0018566937417479673,-0.0005223423932545594,0.05465760403224367,-0.0013546989815218723
-0.09867674126640247,0.009124653247583612,0.04539349345611557,0.00015036270249066397,-0.0013871329930548659,0.0,0.005174107569369208,-0.0008353871482888086
-0.02577380250728335,-0.009075799360460733,-0.03013774816012644,0.003885828407089133,8.168306486622257e-05,-0.002919354436124386,0.012619971671724307,-0.00012446007204182548
-0.041868398726938684,-0.0029893965128435936,-0.023789387271190315,0.0015250020347603113,-0.0016116403125784398,-0.0005127519297267492,0.04552550602292767,0.004664509923441067
-0.08930781143802868,-0.0037241096137247175,0.03294837297089141,0.01620252140428571,-0.0003730880309253254,0.003798418608717106,0.022388497577497567,0.001375203029225188
0.10041377464207811,-0.00829686224227834,-0.042563956944078635,0.004035570388571681,-0.002482719805003623,-0.001482509984315858,0.046430792450923505,0.003954197205435138
-0.05355578555540009,-0.0039324114973222375,-0.0779860711934272,-0.014688207237809123,0.0019212521095287871,-0.001549973988133253,-0.010473988909189828,-0.0013554751603227849
-0.10931525210176221,-0.0014588675544113209,-0.028645337593793545,-0.01083686075959311,-0.0011457737163544997,-0.0034896970198579165,-0.03924408101532512,0.004963894087536558
0.0314381854317742,0.0030515487718428057,0.11566685180901726,-0.014309836692365041,0.007517979284118059,0.0021763865868866528,-0.03140354902374541,0.0
-0.06261580817901102,0.004984613302865594,-0.009759793632880253,-0.01995999171252965,0.0002556500494514946,-0.0012854378645252853,-0.03929955502450435,0.0006789849606954396
-0.07622937140796748,-0.004884401168980254,-0.07372496990165642,0.011038698651039026,-0.0005903450091759022,0.0037854849839884333,-0.03143882148114721,-0.0008569495487455324
0.00447071638921934,-0.006947354355981699,-0.08987167903904783,-0.009845350837413197,0.0014366324753524937,0.004652290020420585,0.04172580243836352,-0.001923692887880186
-0.052892845690148516,-0.00018312964103546145,0.03498826027690254,-0.008752692154137999,-0.0010393201171154467,0.00028654053553994416,0.04532343268897794,0.004954763390170238
-0.10270418809831311,0.001880852542679742,-0.08814953594391638,-0.00949533065163016,0.0004257239786710221,-0.0021835372288643664,-0.0433929142005115,-0.0012417362427125638
-0.09476657001997621,-0.0006547135661247871,0.009519153721792996,-0.010502668724306611,0.0013824795524136429,0.0039227330736266745,-0.03568333761601625,0.000953390565556988
-0.018000157816118186,0.010782742140389136,0.03896116161036307,0.008025750630323314,0.0026348868516912543,4.7161888457457335e-05,-0.005498895688366016,-0.0006709231894382614
0.13305088422359607,-0.0010138212074014552,0.11696385052494658,0.0022226005500160764,-0.0022081140953384877,0.0015072092493338455,0.03876051774993976,-0.0013394601422401762
0.1842752650784777,0.0027132621275909657,0.009254883167396312,0.0010715011945104413,-0.0018952864631913702,0.0016194841176389591,0.02861846026262278,0.0008351321442012377
0.0865134290878361,0.0021067077320291432,0.08154053703619361,-0.0021557261730636755,0.00022337157301433042,0.0002786348057383507,-0.03863927650927762,-0.0017579939764417278
-0.13208212296248656,-0.004428168759422961,-0.004906430906475114,-0.010821371991503091,-0.0016340252872378838,-0.001179576588762818,0.05027541101168356,-0.0012157063175219712
-0.10009438646152213,0.009298706260919882,0.09071739500677284,0.0034831745624331538,0.004780397134315358,-0.000265175782359503,-0.04239110687674903,0.002601869777019999
0.15478555241238323,-0.0059774956637164535,-0.00848737883376172,0.010606829005971328,0.0024765889356096675,0.0012860044493756828,0.014079546359538356,0.004262357547988788
-0.08798503086068102,0.0001312233380899308,-0.03634477966358529,-0.0029336940595792076,0.0006630054793768694,0.0024538356983577906,-0.04370469867856561,0.002392136943454021
-0.08219632608028671,-0.0019508163366124382,-0.06935358250868623,-0.00825605353771411,-0.0013399450705958403,0.002659211888956542,-0.01929919746046589,-0.0008510244963395823
-0.13889492261291395,0.0007534738367872823,0.08227510353350904,-0.01526806491922515,-0.0023591272968793136,-4.030742785254837e-05,-0.04327116525831095,-0.0021508559518421295
-0.06712954125553011,-0.004308806744511093,-0.08489759132257398,-0.0049017560237381895,-0.0005056735471672926,-0.0009235879085289962,-0.005556259872325276,0.0006298049001377815
-0.09323478536701912,-0.004115690839858484,0.12012969199469622,-0.0012815777980551319,-0.001450643085755907,-0.001582120976998707,-0.040922445115984085,0.0012652130523150631
-0.050192190252959845,0.007652300578727846,0.04460623270012852,0.01320714580027277,0.0015678353685472282,0.0001925462613643494,0.003874618007659727,0.0001823826310719638
0.028837494879972433,-0.0017630156476545833,-0.08484449579533054,0.017375099544770498,0.0060278933735032365,-0.0014486563765935337,-0.019377504223962897,0.0018485907171534705
0.1536987811044314,-0.007152770768063673,-0.10306034576884884,-0.005367517672842218,0.0005458196652244895,0.0017260307199285954,0.028027022703016803,-0.0042276544297407525
-0.10495967282731955,-0.0039415010923429614,0.09686784667690367,-0.014813372991208348,-0.0023809946318642168,-0.0010157469732231124,0.029702112489725943,0.003243258733157707
0.10168171268794512,-0.00017149820424638973,-0.12182487736205981,0.018405285856638868,0.00480522161199363,-0.0015729350551953744,0.03493848640639236,-0.0033193942117081036
-0.04175983487490607,0.0,0.1052318391252768,-0.0008503005384983539,0.0030477141128887114,0.005438290571266771,-0.03083119701387918,0.000659915914777702
0.25627369000645284,-0.011673650559680563,0.15989201799244573,-0.007179965097163362,-0.0034635480149702554,-0.00040318768221253576,0.02692119241101618,0.004926543041354284
0.01635119822162971,-0.0013192869047818565,-0.03804348373171513,-0.004390052830818606,0.00868964779004177,0.005183815752927261,-0.03312175236287427,0.0014547926812164098
-0.06772799210343511,0.009528176972186327,0.10233512532778723,4.65672792080863e-05,0.0006846216279650519,0.0033590253687245655,-0.04211010528113444,-0.0012041846296905244
-0.09667837471805665,-0.0005182338065090923,-0.0674479703138981,-0.016406831990609036,0.0019333234597326868,0.0001415701053675833,-0.031179901348987647,0.002125609840080837
-0.14334845483462647,0.0019532310340242467,0.08709330762736775,0.0002473574137844296,-0.0018581231674237916,-0.0013942123701850193,0.05166840989552993,-0.0005694608312826233
-0.03699102322230613,-0.008311402239955695,-0.036720566949241716,0.014808454871858369,0.0014702529624409893,0.0002014664443329428,0.0010659167973268188,0.0013264880157079762
-0.0754182509077282,0.0005327082199281033,0.03814563755814065,-0.0012368154359129408,0.0018537104650549886,-0.0009414427093671911,0.01769197464419512,0.0006254802295777436
0.14113089683055347,-0.00476311905903378,-0.053961286128425795,0.014312705372857564,0.0030902784069205317,-0.00146886454627429,-0.01389480353988143,0.00315305270220061
-0.050179827928180785,0.014840695412970058,0.01087303986232485,0.017428656913110612,0.0005796870692099054,-0.0004813963217529388,-0.011911863275111307,0.0013975397569750702
-0.10511409396859449,0.008901934797758169,-0.0031780432963236724,-0.004250773163232145,-0.0011228823119601007,-0.0011810574447870125,0.0496556581017827,-0.0010466642666221437
0.20516382642716105,-0.008667204310981608,0.06623422479967715,-0.015181393109105422,-0.002591246121350854,-0.0017823714795274425,0.009148664492188908,0.00016525048811194543
0.035798525403034576,0.0010770661920961756,-0.030727811467385558,0.0015347297303731511,-0.00204902123585756,0.00041868110687583865,-0.04289616721296867,-0.0010247250783587667
-0.04346286304709509,-0.00888341023241121,-0.02363851463853619,0.012380994832617016,-0.0015787185392182404,-0.0015596383634093255,0.02741684142140771,-0.00208673743487189
-0.09679166022649104,0.011414656983591684,-0.030999862785699512,0.005207670153707784,0.0002885584342087466,0.0014644189889322487,0.005342237483786697,0.0
-0.12490743140898457,0.0053804018364486525,0.01724620745561023,0.0044008904994293704,0.0010854213012004,-0.0016354566556380905,-0.04386085576820452,0.00037541256548814794
-0.08188319085502585,0.003905461767216767,0.04288256753240549,-0.003632314862532182,-0.001934811882236693,-0.00010100799646224623,-0.026281093387557835,-0.0014616003715662463
0.015156050358227624,0.0009033787225690842,-0.06940307049404815,-0.005920214943862831,0.0029830069187966077,-0.001053816247490224,-0.011457803612449203,-0.0015443917707872548
-0.004965352193700511,-0.0006419431696225997,-0.04812125175819393,0.005986270622705486,0.0041776278172350485,-0.0014062509474714322,-0.04436726309663178,-0.0012009495468678032
-0.057897231283183845,0.009322643059997016,-0.09235152587558351,-0.013802983859785735,0.0035563822135290294,0.0015386400797603034,0.04469921675390296,-0.001941977627578365
0.08509865369865673,0.013912340228192722,-0.0739079685016518,0.012309434209269218,-0.0028786241113436515,0.00033559773207499435,-0.01040213839114655,0.0009630541020788342
0.061150507907046035,-0.002810128265555413,0.09960296190926922,-0.004810046835049699,0.002074913757775387,-0.0015315136481675595,-0.0462048691557546,0.0037531425360180556
0.20009515669469782,-0.008058602672827502,0.04892891646820982,0.004505363354580328,0.010539925435960247,-0.0016471561119656974,0.01616365763473763,-0.002012756605906659
-0.08574291017680025,0.00341390933975586,-0.07317410071549377,0.007826840080471407,-0.00029633561556947907,-0.0003674935131624898,0.026250223638496405,0.003148913962779578
-0.08171495629439154,-0.003063840263401374,0.04167168548150682,0.009912453202552792,-0.0012036427082462132,0.0012355765243340794,0.035504144389458765,-0.0009447356112143755
0.00784218437357548,0.004823133886335961,-0.047111388153502964,-0.011977725806777053,0.005275563974340943,0.0019018626665337796,0.014919335366092185,-0.0011824014087325994
-0.09154561766277972,0.006812091235430944,-0.0963076488286782,0.014812698321644299,-0.0003540708344528659,0.004667514960874234,0.049630835258405684,0.003996769241449275
0.04375621251326978,-0.005468849473779982,-0.0151878714124743,0.015004703214418255,-0.001502907401761868,0.0066407433923943125,-0.011455325019787436,-0.00044104927238668157
0.19273453513518604,0.004829295341336857,-0.12468722678375989,-0.007555636947132825,0.003829161634326875,0.00024373847895894224,-0.00640193073652825,-0.0012163287388975096
-0.0704182758765986,-0.0008942835534606743,0.126429566961066,-0.015418470185616453,0.0007060410660160836,0.006814578767365605,-0.05203456210261513,0.005975832191647416
0.023223598974002727,-0.007374109297755768,0.08680676621427806,-0.003426372206979332,-0.0012928765556159873,0.0006477642779157272,0.0031903621156691895,-0.001955968394870437
-0.09766437816253686,-0.001017469899515434,-0.023784258135233355,-0.014962087980337256,-0.0017605328891367178,0.0030660025467435237,-0.02176141587930823,-0.0025738087858145154
-0.09282920911540517,0.00375780827437482,-0.07442150370052703,0.0113971365829051,0.003500279515371121,-0.0012499605109436683,-0.04088608201770729,0.0010342140244352371
0.25429579931045837,0.015578798401529861,0.1359889795733563,-0.0019690547580506965,0.009852426702641137,0.0020741991642063444,0.053882893097719854,0.00011698873339244242
0.07703116519734468,-0.0030485857324689903,-0.0954217462198062,0.01637405635188979,0.0014519492547486888,0.000225175489632393,0.010225234049124737,-0.0011076241772782513
0.07820806334705684,0.0036448182459138906,-0.04911415660715763,-0.014655704282868873,-0.0005048054389940899,-0.0017927888613750282,-0.02760553777696954,-2.6966529069465117e-05
-0.048519557289303177,0.013051995860879064,0.04971729084254633,0.0032039676576983557,-0.0015142088361822254,0.0014559903191345464,0.014424938052420956,-0.0012223529768215918
0.061418452722897934,0.0038254037477693115,-0.009141981232127408,-0.008427394470682158,0.0009480687860156309,-0.001896336325955012,0.0022135633416000187,0.00223904700817073
0.14081230747487047,0.00992155568183078,0.08356345372776575,0.014055427796062146,-0.0028486656973053972,-0.0011026223085783549,-0.024034149725311118,-0.0013361406845130883
-0.002845028529614276,-0.0020076579532850502,0.12884704839383684,-0.005509793925541415,0.0043076384931674,-0.0026557072612187946,0.04468424597021045,0.0007076268104087846
-0.0798532314459002,-0.008070940031178113,0.04409693173662091,-0.0018922560894003495,-0.0009868238757271414,-0.0010667116845218293,0.006764295180757185,-0.0019628044106288333
-0.047327314755805316,0.005273316317061377,-0.0320100969358887,-0.00593217500181893,0.002597168039205264,-0.0008084529260851958,-0.023159212452308554,-0.0011297708014293508
0.08672486577486678,-0.006264122077150198,-0.09954900385478133,-0.012781916917013718,0.010981447425475197,-0.0023814327083882657,0.034898445340080436,-0.003327674402136021
-0.10959548945426166,-0.0023837271373802035,-0.07496544127177443,0.00025173796264976733,-0.0022929134275397113,-0.0019746720975226603,0.04446661804050724,0.0017303646846544003
0.10222536982348876,-0.0009633092859584868,-0.046834526747067326,-0.006562137144040418,-0.0017947229406572562,0.006521976640515144,-0.04666100268309185,0.0026778711475144174
-0.1365775210728102,-0.0053129325179979555,0.056756964728611255,0.017972309793121234,-0.000790663185402541,0.002551187518168341,0.03261988044706406,0.0015881220742766258
0.22021278047862794,-0.00792427203774082,0.13075794283339512,0.006990803377992983,-0.0031489308195373853,-0.001391038183458076,0.03646607346995923,0.0008968231688449291
-0.05855169270709264,0.008041902919374379,0.054817589442171695,0.014849181875784212,-0.0009127603561120555,-0.001141739208451294,0.032411055602504305,-0.0008479860255574678
-0.007756940150540683,-0.007558582932402,-0.08168093024445543,-0.005691819725268264,-0.00011958960745964142,0.0017142725161361596,0.014360657127918185,0.0006538833814331897
-0.050181922569347746,0.0004162714595367788,0.0038147726242956205,-0.017141256695626467,-0.0008197750128130591,-0.000735901369840207,-0.0053633005562155256,0.000271791092921872
-0.12578164934664543,-0.0017228831802456825,0.08188894232288643,-0.018739365835498553,0.005123079885430745,-0.00044353897031872147,-0.041044555452801626,-0.0023587103454901274
0.2085277834008767,0.011179700808801922,-0.06253159693335059,-0.014538973796164336,0.0051835058237261105,-0.00021628938544893117,0.027588927425429937,-0.0027565727398079927
0.11904925316471936,-0.0005583002229151607,-0.10309662523685875,-0.01217948472600627,-0.002784092050467232,-0.0030714626169603145,-0.02377056390121864,-0.0003220638134884893
-0.04496737304746018,-0.0016861886340840126,-0.058115980288792425,-0.009943196522155317,0.005590778646198786,0.0030674040225441928,0.0352190237902932,0.0034115494676658915
-0.06930968808330785,-0.0060676290917717245,-0.07723589042952086,-0.007279368683190404,0.0006231828610571699,0.00063581235493933,0.025324051137389253,-0.0008709455344365503
0.008761488943678819,-0.006552414476628058,0.0397176096775466,-0.00037122290594380526,-0.0009661074465990187,-0.0003557353403174923,0.04297803326977154,0.009218602120718294
0.05611331836492621,-0.0015088556529772902,-0.027438782860201797,0.020009522434090016,0.001547540934675848,-0.0008810104852119971,-0.016046216511719984,0.0011520402356234884
