n,theta,r,t,Y
0.0029296875,0.2509765625,0.9541015625,0.9912109375,0.13029426
0.4580078125,0.2509765625,0.9541015625,0.9912109375,0.20249107
0.0029296875,0.5654296875,0.9541015625,0.9912109375,0.31019303
0.0029296875,0.2509765625,0.6142578125,0.9912109375,0.13707452
0.0029296875,0.2509765625,0.9541015625,0.9091796875,0.14744245
0.4580078125,0.5654296875,0.6142578125,0.9091796875,0.4063183
0.5029296875,0.7509765625,0.4541015625,0.4912109375,0.4504608
0.9580078125,0.7509765625,0.4541015625,0.4912109375,0.46408165
0.5029296875,0.0654296875,0.4541015625,0.4912109375,0.25352564
0.5029296875,0.7509765625,0.1142578125,0.4912109375,0.37350437
0.5029296875,0.7509765625,0.4541015625,0.4091796875,0.45755282
0.9580078125,0.0654296875,0.1142578125,0.4091796875,0.19728212
0.7529296875,0.0009765625,0.7041015625,0.7412109375,0.2790166
0.7080078125,0.0009765625,0.7041015625,0.7412109375,0.27763623
0.7529296875,0.3154296875,0.7041015625,0.7412109375,0.29935485
0.7529296875,0.0009765625,0.8642578125,0.7412109375,0.27562985
0.7529296875,0.0009765625,0.7041015625,0.1591796875,0.33105245
0.7080078125,0.3154296875,0.8642578125,0.1591796875,0.34662354
0.2529296875,0.5009765625,0.2041015625,0.2412109375,0.33932722
0.2080078125,0.5009765625,0.2041015625,0.2412109375,0.3320106
0.2529296875,0.8154296875,0.2041015625,0.2412109375,0.37474152
0.2529296875,0.5009765625,0.3642578125,0.2412109375,0.37776735
0.2529296875,0.5009765625,0.2041015625,0.6591796875,0.30256814
0.2080078125,0.8154296875,0.3642578125,0.6591796875,0.36910596
0.3779296875,0.1259765625,0.3291015625,0.1162109375,0.23105522
0.0830078125,0.1259765625,0.3291015625,0.1162109375,0.18353878
0.3779296875,0.6904296875,0.3291015625,0.1162109375,0.42691824
0.3779296875,0.1259765625,0.9892578125,0.1162109375,0.28040987
0.3779296875,0.1259765625,0.3291015625,0.0341796875,0.23347336
0.0830078125,0.6904296875,0.9892578125,0.0341796875,0.43117458
0.8779296875,0.6259765625,0.8291015625,0.6162109375,0.48965055
0.5830078125,0.6259765625,0.8291015625,0.6162109375,0.480686
0.8779296875,0.1904296875,0.8291015625,0.6162109375,0.29770434
0.8779296875,0.6259765625,0.4892578125,0.6162109375,0.45799613
0.8779296875,0.6259765625,0.8291015625,0.5341796875,0.49884686
0.5830078125,0.1904296875,0.4892578125,0.5341796875,0.26628163
0.6279296875,0.3759765625,0.0791015625,0.3662109375,0.24702774
0.8330078125,0.3759765625,0.0791015625,0.3662109375,0.25329736
0.6279296875,0.4404296875,0.0791015625,0.3662109375,0.30662403
0.6279296875,0.3759765625,0.7392578125,0.3662109375,0.3703038
0.6279296875,0.3759765625,0.0791015625,0.7841796875,0.19954677
0.8330078125,0.4404296875,0.7392578125,0.7841796875,0.38868874
0.1279296875,0.8759765625,0.5791015625,0.8662109375,0.37113786
0.3330078125,0.8759765625,0.5791015625,0.8662109375,0.4043696
0.1279296875,0.9404296875,0.5791015625,0.8662109375,0.37115628
0.1279296875,0.8759765625,0.2392578125,0.8662109375,0.29207268
0.1279296875,0.8759765625,0.5791015625,0.2841796875,0.43810415
0.3330078125,0.9404296875,0.2392578125,0.2841796875,0.39228913
0.1904296875,0.0634765625,0.0166015625,0.5537109375,0.116949484
0.8955078125,0.0634765625,0.0166015625,0.5537109375,0.17594576
0.1904296875,0.7529296875,0.0166015625,0.5537109375,0.31390223
0.1904296875,0.0634765625,0.9267578125,0.5537109375,0.23295735
0.1904296875,0.0634765625,0.0166015625,0.0966796875,0.14708072
0.8955078125,0.7529296875,0.9267578125,0.0966796875,0.5190376
0.6904296875,0.5634765625,0.5166015625,0.0537109375,0.4917907
0.3955078125,0.5634765625,0.5166015625,0.0537109375,0.46576732
0.6904296875,0.2529296875,0.5166015625,0.0537109375,0.31254834
0.6904296875,0.5634765625,0.4267578125,0.0537109375,0.47109205
0.6904296875,0.5634765625,0.5166015625,0.5966796875,0.45557943
0.3955078125,0.2529296875,0.4267578125,0.5966796875,0.22961503
0.9404296875,0.3134765625,0.2666015625,0.8037109375,0.20020364
0.1455078125,0.3134765625,0.2666015625,0.8037109375,0.13485722
0.9404296875,0.0029296875,0.2666015625,0.8037109375,0.18056424
0.9404296875,0.3134765625,0.6767578125,0.8037109375,0.28534314
0.9404296875,0.3134765625,0.2666015625,0.8466796875,0.19275461
0.1455078125,0.0029296875,0.6767578125,0.8466796875,0.19290827
0.4404296875,0.8134765625,0.7666015625,0.3037109375,0.5002401
0.6455078125,0.8134765625,0.7666015625,0.3037109375,0.51844025
0.4404296875,0.5029296875,0.7666015625,0.3037109375,0.46594277
0.4404296875,0.8134765625,0.1767578125,0.3037109375,0.39192957
0.4404296875,0.8134765625,0.7666015625,0.3466796875,0.49748623
0.6455078125,0.5029296875,0.1767578125,0.3466796875,0.37307844
0.3154296875,0.4384765625,0.6416015625,0.4287109375,0.38262343
0.5205078125,0.4384765625,0.6416015625,0.4287109375,0.40777004
0.3154296875,0.8779296875,0.6416015625,0.4287109375,0.46765608
0.3154296875,0.4384765625,0.5517578125,0.4287109375,0.36884764
0.3154296875,0.4384765625,0.6416015625,0.9716796875,0.30462694
0.5205078125,0.8779296875,0.5517578125,0.9716796875,0.40103036
0.8154296875,0.9384765625,0.1416015625,0.9287109375,0.33116987
0.0205078125,0.9384765625,0.1416015625,0.9287109375,0.24088234
0.8154296875,0.3779296875,0.1416015625,0.9287109375,0.18993622
0.8154296875,0.9384765625,0.0517578125,0.9287109375,0.3194423
0.8154296875,0.9384765625,0.1416015625,0.4716796875,0.3964728
0.0205078125,0.3779296875,0.0517578125,0.4716796875,0.15322405
0.5654296875,0.1884765625,0.8916015625,0.1787109375,0.31557584
0.2705078125,0.1884765625,0.8916015625,0.1787109375,0.27961996
0.5654296875,0.1279296875,0.8916015625,0.1787109375,0.31430933
0.5654296875,0.1884765625,0.8017578125,0.1787109375,0.32293662
0.5654296875,0.1884765625,0.8916015625,0.2216796875,0.31363806
0.2705078125,0.1279296875,0.8017578125,0.2216796875,0.2837765
0.0654296875,0.6884765625,0.3916015625,0.6787109375,0.3474106
0.7705078125,0.6884765625,0.3916015625,0.6787109375,0.42892435
0.0654296875,0.6279296875,0.3916015625,0.6787109375,0.34502482
0.0654296875,0.6884765625,0.3017578125,0.6787109375,0.32462847
0.0654296875,0.6884765625,0.3916015625,0.7216796875,0.34135
0.7705078125,0.6279296875,0.3017578125,0.7216796875,0.39769587
0.0966796875,0.2197265625,0.5478515625,0.3349609375,0.22976261
0.2392578125,0.2197265625,0.5478515625,0.3349609375,0.2542832
0.0966796875,0.4091796875,0.5478515625,0.3349609375,0.310288
0.0966796875,0.2197265625,0.0830078125,0.3349609375,0.12835237
0.0966796875,0.2197265625,0.5478515625,0.1904296875,0.23761737
0.2392578125,0.4091796875,0.0830078125,0.1904296875,0.24125311
0.5966796875,0.7197265625,0.0478515625,0.8349609375,0.3278619
0.7392578125,0.7197265625,0.0478515625,0.8349609375,0.33510298
0.5966796875,0.9091796875,0.0478515625,0.8349609375,0.32841277
0.5966796875,0.7197265625,0.5830078125,0.8349609375,0.43915445
0.5966796875,0.7197265625,0.0478515625,0.6904296875,0.3505469
0.7392578125,0.9091796875,0.5830078125,0.6904296875,0.46963143
0.8466796875,0.4697265625,0.7978515625,0.0849609375,0.47567773
0.9892578125,0.4697265625,0.7978515625,0.0849609375,0.4712649
0.8466796875,0.6591796875,0.7978515625,0.0849609375,0.5309618
0.8466796875,0.4697265625,0.3330078125,0.0849609375,0.40394613
0.8466796875,0.4697265625,0.7978515625,0.9404296875,0.3855933
0.9892578125,0.6591796875,0.3330078125,0.9404296875,0.36473295
0.3466796875,0.9697265625,0.2978515625,0.5849609375,0.38286546
0.4892578125,0.9697265625,0.2978515625,0.5849609375,0.40039694
0.3466796875,0.1591796875,0.2978515625,0.5849609375,0.18649116
0.3466796875,0.9697265625,0.8330078125,0.5849609375,0.46158722
0.3466796875,0.9697265625,0.2978515625,0.4404296875,0.39717278
0.4892578125,0.1591796875,0.8330078125,0.4404296875,0.2970517
0.4716796875,0.3447265625,0.1728515625,0.7099609375,0.19086649
0.3642578125,0.3447265625,0.1728515625,0.7099609375,0.177643
0.4716796875,0.2841796875,0.1728515625,0.7099609375,0.16868813
0.4716796875,0.3447265625,0.4580078125,0.7099609375,0.25887725
0.4716796875,0.3447265625,0.1728515625,0.8154296875,0.17432173
0.3642578125,0.2841796875,0.4580078125,0.8154296875,0.20693068
0.9716796875,0.8447265625,0.6728515625,0.2099609375,0.52113074
0.8642578125,0.8447265625,0.6728515625,0.2099609375,0.5244592
0.9716796875,0.7841796875,0.6728515625,0.2099609375,0.52102065
0.9716796875,0.8447265625,0.9580078125,0.2099609375,0.506973
0.9716796875,0.8447265625,0.6728515625,0.3154296875,0.51540804
0.8642578125,0.7841796875,0.9580078125,0.3154296875,0.5044687
0.7216796875,0.0947265625,0.4228515625,0.9599609375,0.19094221
0.6142578125,0.0947265625,0.4228515625,0.9599609375,0.18548046
0.7216796875,0.5341796875,0.4228515625,0.9599609375,0.36793226
0.7216796875,0.0947265625,0.2080078125,0.9599609375,0.13852312
0.7216796875,0.0947265625,0.4228515625,0.0654296875,0.2856831
0.6142578125,0.5341796875,0.2080078125,0.0654296875,0.40479228
0.2216796875,0.5947265625,0.9228515625,0.4599609375,0.43864232
0.1142578125,0.5947265625,0.9228515625,0.4599609375,0.42014718
0.2216796875,0.0341796875,0.9228515625,0.4599609375,0.24785207
0.2216796875,0.5947265625,0.7080078125,0.4599609375,0.44955432
0.2216796875,0.5947265625,0.9228515625,0.5654296875,0.42821097
0.1142578125,0.0341796875,0.7080078125,0.5654296875,0.22983766
0.1591796875,0.4072265625,0.4853515625,0.1474609375,0.31607452
0.6767578125,0.4072265625,0.4853515625,0.1474609375,0.37772334
0.1591796875,0.2216796875,0.4853515625,0.1474609375,0.23754144
0.1591796875,0.4072265625,0.3955078125,0.1474609375,0.29436103
0.1591796875,0.4072265625,0.4853515625,0.7529296875,0.26179364
0.6767578125,0.2216796875,0.3955078125,0.7529296875,0.22319588
0.6591796875,0.9072265625,0.9853515625,0.6474609375,0.46430984
0.1767578125,0.9072265625,0.9853515625,0.6474609375,0.40658683
0.6591796875,0.7216796875,0.9853515625,0.6474609375,0.4637808
0.6591796875,0.9072265625,0.8955078125,0.6474609375,0.47891673
0.6591796875,0.9072265625,0.9853515625,0.2529296875,0.49894097
0.1767578125,0.7216796875,0.8955078125,0.2529296875,0.45529583
0.9091796875,0.1572265625,0.2353515625,0.3974609375,0.22368383
0.4267578125,0.1572265625,0.2353515625,0.3974609375,0.19984224
0.9091796875,0.9716796875,0.2353515625,0.3974609375,0.42009684
0.9091796875,0.1572265625,0.1455078125,0.3974609375,0.20572504
0.9091796875,0.1572265625,0.2353515625,0.0029296875,0.24201502
0.4267578125,0.9716796875,0.1455078125,0.0029296875,0.39662766
0.4091796875,0.6572265625,0.7353515625,0.8974609375,0.42251122
0.9267578125,0.6572265625,0.7353515625,0.8974609375,0.44797432
0.4091796875,0.4716796875,0.7353515625,0.8974609375,0.3688594
0.4091796875,0.6572265625,0.6455078125,0.8974609375,0.41616285
0.4091796875,0.6572265625,0.7353515625,0.5029296875,0.47869736
0.9267578125,0.4716796875,0.6455078125,0.5029296875,0.4441603
0.2841796875,0.0322265625,0.8603515625,0.7724609375,0.22732474
0.8017578125,0.0322265625,0.8603515625,0.7724609375,0.27194363
0.2841796875,0.0966796875,0.8603515625,0.7724609375,0.22753866
0.2841796875,0.0322265625,0.0205078125,0.7724609375,0.10327284
0.2841796875,0.0322265625,0.8603515625,0.1279296875,0.28538707
0.8017578125,0.0966796875,0.0205078125,0.1279296875,0.20616795
0.7841796875,0.5322265625,0.3603515625,0.2724609375,0.43908936
0.3017578125,0.5322265625,0.3603515625,0.2724609375,0.39731187
0.7841796875,0.5966796875,0.3603515625,0.2724609375,0.4536407
0.7841796875,0.5322265625,0.5205078125,0.2724609375,0.47736382
0.7841796875,0.5322265625,0.3603515625,0.6279296875,0.40797955
0.3017578125,0.5966796875,0.5205078125,0.6279296875,0.41902786
0.5341796875,0.2822265625,0.6103515625,0.5224609375,0.2951892
0.0517578125,0.2822265625,0.6103515625,0.5224609375,0.22427095
0.5341796875,0.8466796875,0.6103515625,0.5224609375,0.48143715
0.5341796875,0.2822265625,0.2705078125,0.5224609375,0.21856447
0.5341796875,0.2822265625,0.6103515625,0.8779296875,0.24465851
0.0517578125,0.8466796875,0.2705078125,0.8779296875,0.28336346
0.0341796875,0.7822265625,0.1103515625,0.0224609375,0.32780254
0.5517578125,0.7822265625,0.1103515625,0.0224609375,0.40354407
0.0341796875,0.3466796875,0.1103515625,0.0224609375,0.16535996
0.0341796875,0.7822265625,0.7705078125,0.0224609375,0.4472736
0.0341796875,0.7822265625,0.1103515625,0.3779296875,0.31137878
0.5517578125,0.3466796875,0.7705078125,0.3779296875,0.3441488
0.0498046875,0.0166015625,0.2509765625,0.4443359375,0.13889179
0.3173828125,0.0166015625,0.2509765625,0.4443359375,0.18402888
0.0498046875,0.4873046875,0.2509765625,0.4443359375,0.2921455
0.0498046875,0.0166015625,0.3173828125,0.4443359375,0.155048
0.0498046875,0.0166015625,0.2509765625,0.2685546875,0.151129
0.3173828125,0.4873046875,0.3173828125,0.2685546875,0.36567602
0.5498046875,0.5166015625,0.7509765625,0.9443359375,0.40303558
0.8173828125,0.5166015625,0.7509765625,0.9443359375,0.41521108
0.5498046875,0.9873046875,0.7509765625,0.9443359375,0.43038476
0.5498046875,0.5166015625,0.8173828125,0.9443359375,0.4016121
0.5498046875,0.5166015625,0.7509765625,0.7685546875,0.43506563
0.8173828125,0.9873046875,0.8173828125,0.7685546875,0.47316688
0.7998046875,0.2666015625,0.0009765625,0.1943359375,0.21046934
0.5673828125,0.2666015625,0.0009765625,0.1943359375,0.1998697
0.7998046875,0.7373046875,0.0009765625,0.1943359375,0.39919913
0.7998046875,0.2666015625,0.0673828125,0.1943359375,0.21539463
0.7998046875,0.2666015625,0.0009765625,0.5185546875,0.1876848
0.5673828125,0.7373046875,0.0673828125,0.5185546875,0.37074026
0.2998046875,0.7666015625,0.5009765625,0.6943359375,0.4119016
0.0673828125,0.7666015625,0.5009765625,0.6943359375,0.37260664
0.2998046875,0.2373046875,0.5009765625,0.6943359375,0.21943939
0.2998046875,0.7666015625,0.5673828125,0.6943359375,0.42506233
0.2998046875,0.7666015625,0.5009765625,0.0185546875,0.46150196
0.0673828125,0.2373046875,0.5673828125,0.0185546875,0.24290551
0.4248046875,0.3916015625,0.8759765625,0.5693359375,0.33999166
0.1923828125,0.3916015625,0.8759765625,0.5693359375,0.3057585
0.4248046875,0.3623046875,0.8759765625,0.5693359375,0.31691498
0.4248046875,0.3916015625,0.1923828125,0.5693359375,0.2410604
0.4248046875,0.3916015625,0.8759765625,0.6435546875,0.3311574
0.1923828125,0.3623046875,0.1923828125,0.6435546875,0.17491628
0.9248046875,0.8916015625,0.3759765625,0.0693359375,0.4708905
0.6923828125,0.8916015625,0.3759765625,0.0693359375,0.4697316
0.9248046875,0.8623046875,0.3759765625,0.0693359375,0.47087577
0.9248046875,0.8916015625,0.6923828125,0.0693359375,0.5298456
0.9248046875,0.8916015625,0.3759765625,0.1435546875,0.468436
0.6923828125,0.8623046875,0.6923828125,0.1435546875,0.5262174
0.6748046875,0.1416015625,0.6259765625,0.8193359375,0.25687274
0.9423828125,0.1416015625,0.6259765625,0.8193359375,0.25820395
0.6748046875,0.6123046875,0.6259765625,0.8193359375,0.44890192
0.6748046875,0.1416015625,0.4423828125,0.8193359375,0.22116213
0.6748046875,0.1416015625,0.6259765625,0.3935546875,0.3082182
0.9423828125,0.6123046875,0.4423828125,0.3935546875,0.465868
0.1748046875,0.6416015625,0.1259765625,0.3193359375,0.34047604
0.4423828125,0.6416015625,0.1259765625,0.3193359375,0.37979874
0.1748046875,0.1123046875,0.1259765625,0.3193359375,0.14610887
0.1748046875,0.6416015625,0.9423828125,0.3193359375,0.4421838
0.1748046875,0.6416015625,0.1259765625,0.8935546875,0.2704734
0.4423828125,0.1123046875,0.9423828125,0.8935546875,0.21713665
0.2373046875,0.3291015625,0.6884765625,0.0068359375,0.30927536
0.7548828125,0.3291015625,0.6884765625,0.0068359375,0.3605758
0.2373046875,0.1748046875,0.6884765625,0.0068359375,0.28476694
0.2373046875,0.3291015625,0.1298828125,0.0068359375,0.19543587
0.2373046875,0.3291015625,0.6884765625,0.7060546875,0.25775468
0.7548828125,0.1748046875,0.1298828125,0.7060546875,0.17070721
0.7373046875,0.8291015625,0.1884765625,0.5068359375,0.40051436
0.2548828125,0.8291015625,0.1884765625,0.5068359375,0.35248077
0.7373046875,0.6748046875,0.1884765625,0.5068359375,0.39920995
0.7373046875,0.8291015625,0.6298828125,0.5068359375,0.49794808
0.7373046875,0.8291015625,0.1884765625,0.2060546875,0.42161268
0.2548828125,0.6748046875,0.6298828125,0.2060546875,0.46970835
0.9873046875,0.0791015625,0.9384765625,0.2568359375,0.31000683
0.0048828125,0.0791015625,0.9384765625,0.2568359375,0.22118154
0.9873046875,0.9248046875,0.9384765625,0.2568359375,0.50718653
0.9873046875,0.0791015625,0.3798828125,0.2568359375,0.26443022
0.9873046875,0.0791015625,0.9384765625,0.4560546875,0.29612243
0.0048828125,0.9248046875,0.3798828125,0.4560546875,0.3589003
0.4873046875,0.5791015625,0.4384765625,0.7568359375,0.40377438
0.5048828125,0.5791015625,0.4384765625,0.7568359375,0.4055776
0.4873046875,0.4248046875,0.4384765625,0.7568359375,0.3142131
0.4873046875,0.5791015625,0.8798828125,0.7568359375,0.4427828
0.4873046875,0.5791015625,0.4384765625,0.9560546875,0.3674581
0.5048828125,0.4248046875,0.8798828125,0.9560546875,0.31870848
0.3623046875,0.2041015625,0.0634765625,0.8818359375,0.10147923
0.6298828125,0.2041015625,0.0634765625,0.8818359375,0.128679
0.3623046875,0.0498046875,0.0634765625,0.8818359375,0.09912777
0.3623046875,0.2041015625,0.2548828125,0.8818359375,0.13518168
0.3623046875,0.2041015625,0.0634765625,0.3310546875,0.16849564
0.6298828125,0.0498046875,0.2548828125,0.3310546875,0.22704643
0.8623046875,0.7041015625,0.5634765625,0.3818359375,0.49870425
0.1298828125,0.7041015625,0.5634765625,0.3818359375,0.4286049
0.8623046875,0.5498046875,0.5634765625,0.3818359375,0.4842981
0.8623046875,0.7041015625,0.7548828125,0.3818359375,0.5174684
0.8623046875,0.7041015625,0.5634765625,0.8310546875,0.44445062
0.1298828125,0.5498046875,0.7548828125,0.8310546875,0.37870926
0.6123046875,0.4541015625,0.3134765625,0.6318359375,0.3388868
0.3798828125,0.4541015625,0.3134765625,0.6318359375,0.3152075
0.6123046875,0.7998046875,0.3134765625,0.6318359375,0.40925968
0.6123046875,0.4541015625,0.0048828125,0.6318359375,0.28657144
0.6123046875,0.4541015625,0.3134765625,0.5810546875,0.34492996
0.3798828125,0.7998046875,0.0048828125,0.5810546875,0.3393082
0.1123046875,0.9541015625,0.8134765625,0.1318359375,0.4571999
0.8798828125,0.9541015625,0.8134765625,0.1318359375,0.53015673
0.1123046875,0.2998046875,0.8134765625,0.1318359375,0.2751819
0.1123046875,0.9541015625,0.5048828125,0.1318359375,0.42807293
0.1123046875,0.9541015625,0.8134765625,0.0810546875,0.45887795
0.8798828125,0.2998046875,0.5048828125,0.0810546875,0.32068983
0.0810546875,0.4853515625,0.2197265625,0.8505859375,0.23674598
0.0986328125,0.4853515625,0.2197265625,0.8505859375,0.23993465
0.0810546875,0.5185546875,0.2197265625,0.8505859375,0.25571832
0.0810546875,0.4853515625,0.8486328125,0.8505859375,0.3325831
0.0810546875,0.4853515625,0.2197265625,0.6123046875,0.27232146
0.0986328125,0.5185546875,0.8486328125,0.6123046875,0.39031953
0.5810546875,0.9853515625,0.7197265625,0.3505859375,0.5102133
0.5986328125,0.9853515625,0.7197265625,0.3505859375,0.5115363
0.5810546875,0.0185546875,0.7197265625,0.3505859375,0.3128805
0.5810546875,0.9853515625,0.3486328125,0.3505859375,0.44275337
0.5810546875,0.9853515625,0.7197265625,0.1123046875,0.5221324
0.5986328125,0.0185546875,0.3486328125,0.1123046875,0.25866255
0.8310546875,0.2353515625,0.4697265625,0.6005859375,0.26658696
0.8486328125,0.2353515625,0.4697265625,0.6005859375,0.26649344
0.8310546875,0.2685546875,0.4697265625,0.6005859375,0.2706313
0.8310546875,0.2353515625,0.5986328125,0.6005859375,0.29193616
0.8310546875,0.2353515625,0.4697265625,0.3623046875,0.28874728
0.8486328125,0.2685546875,0.5986328125,0.3623046875,0.31804737
0.3310546875,0.7353515625,0.9697265625,0.1005859375,0.47463408
0.3486328125,0.7353515625,0.9697265625,0.1005859375,0.4771243
0.3310546875,0.7685546875,0.9697265625,0.1005859375,0.47483358
0.3310546875,0.7353515625,0.0986328125,0.1005859375,0.37376693
0.3310546875,0.7353515625,0.9697265625,0.8623046875,0.40025315
0.3486328125,0.7685546875,0.0986328125,0.8623046875,0.30207577
0.4560546875,0.1103515625,0.5947265625,0.2255859375,0.29583403
0.4736328125,0.1103515625,0.5947265625,0.2255859375,0.29778716
0.4560546875,0.6435546875,0.5947265625,0.2255859375,0.49031508
0.4560546875,0.1103515625,0.7236328125,0.2255859375,0.30863416
0.4560546875,0.1103515625,0.5947265625,0.4873046875,0.27752683
0.4736328125,0.6435546875,0.7236328125,0.4873046875,0.4867611
0.9560546875,0.6103515625,0.0947265625,0.7255859375,0.3518921
0.9736328125,0.6103515625,0.0947265625,0.7255859375,0.35107985
0.9560546875,0.1435546875,0.0947265625,0.7255859375,0.16007036
0.9560546875,0.6103515625,0.2236328125,0.7255859375,0.37488252
0.9560546875,0.6103515625,0.0947265625,0.9873046875,0.3041156
0.9736328125,0.1435546875,0.2236328125,0.9873046875,0.13447198
0.7060546875,0.3603515625,0.8447265625,0.4755859375,0.35102174
0.7236328125,0.3603515625,0.8447265625,0.4755859375,0.35165146
0.7060546875,0.3935546875,0.8447265625,0.4755859375,0.37715307
0.7060546875,0.3603515625,0.9736328125,0.4755859375,0.3333792
0.7060546875,0.3603515625,0.8447265625,0.7373046875,0.3197229
0.7236328125,0.3935546875,0.9736328125,0.7373046875,0.3288414
0.2060546875,0.8603515625,0.3447265625,0.9755859375,0.30938932
0.2236328125,0.8603515625,0.3447265625,0.9755859375,0.3122981
0.2060546875,0.8935546875,0.3447265625,0.9755859375,0.3094061
0.2060546875,0.8603515625,0.4736328125,0.9755859375,0.3413609
0.2060546875,0.8603515625,0.3447265625,0.2373046875,0.4008044
0.2236328125,0.8935546875,0.4736328125,0.2373046875,0.43570152
0.1435546875,0.1728515625,0.7822265625,0.6630859375,0.22577102
0.5361328125,0.1728515625,0.7822265625,0.6630859375,0.28030202
0.1435546875,0.8310546875,0.7822265625,0.6630859375,0.4217715
0.1435546875,0.1728515625,0.6611328125,0.6630859375,0.22089611
0.1435546875,0.1728515625,0.7822265625,0.4248046875,0.2509876
0.5361328125,0.8310546875,0.6611328125,0.4248046875,0.4966441
0.6435546875,0.6728515625,0.2822265625,0.1630859375,0.43901208
0.0361328125,0.6728515625,0.2822265625,0.1630859375,0.3569498
0.6435546875,0.3310546875,0.2822265625,0.1630859375,0.26981682
0.6435546875,0.6728515625,0.1611328125,0.1630859375,0.41278744
0.6435546875,0.6728515625,0.2822265625,0.9248046875,0.3548612
0.0361328125,0.3310546875,0.1611328125,0.9248046875,0.077379
0.8935546875,0.4228515625,0.5322265625,0.9130859375,0.3231816
0.2861328125,0.4228515625,0.5322265625,0.9130859375,0.2795862
0.8935546875,0.0810546875,0.5322265625,0.9130859375,0.22625878
0.8935546875,0.4228515625,0.9111328125,0.9130859375,0.3372106
0.8935546875,0.4228515625,0.5322265625,0.6748046875,0.36260676
0.2861328125,0.0810546875,0.9111328125,0.6748046875,0.23611754
0.3935546875,0.9228515625,0.0322265625,0.4130859375,0.3589297
0.7861328125,0.9228515625,0.0322265625,0.4130859375,0.38789922
0.3935546875,0.5810546875,0.0322265625,0.4130859375,0.35047323
0.3935546875,0.9228515625,0.4111328125,0.4130859375,0.434399
0.3935546875,0.9228515625,0.0322265625,0.1748046875,0.37311155
0.7861328125,0.5810546875,0.4111328125,0.1748046875,0.46909386
0.2685546875,0.2978515625,0.4072265625,0.2880859375,0.24151383
0.9111328125,0.2978515625,0.4072265625,0.2880859375,0.28736937
0.2685546875,0.9560546875,0.4072265625,0.2880859375,0.4240722
0.2685546875,0.2978515625,0.7861328125,0.2880859375,0.29472288
0.2685546875,0.2978515625,0.4072265625,0.5498046875,0.22028553
0.9111328125,0.9560546875,0.7861328125,0.5498046875,0.50190854
0.7685546875,0.7978515625,0.9072265625,0.7880859375,0.46074638
0.4111328125,0.7978515625,0.9072265625,0.7880859375,0.43428162
0.7685546875,0.4560546875,0.9072265625,0.7880859375,0.3921232
0.7685546875,0.7978515625,0.2861328125,0.7880859375,0.3868393
0.7685546875,0.7978515625,0.9072265625,0.0498046875,0.5237535
0.4111328125,0.4560546875,0.2861328125,0.0498046875,0.35475853
0.5185546875,0.0478515625,0.1572265625,0.0380859375,0.21055768
0.1611328125,0.0478515625,0.1572265625,0.0380859375,0.16074155
0.5185546875,0.2060546875,0.1572265625,0.0380859375,0.21300979
0.5185546875,0.0478515625,0.5361328125,0.0380859375,0.29855356
0.5185546875,0.0478515625,0.1572265625,0.2998046875,0.19970645
0.1611328125,0.2060546875,0.5361328125,0.2998046875,0.24033828
0.0185546875,0.5478515625,0.6572265625,0.5380859375,0.3928361
0.6611328125,0.5478515625,0.6572265625,0.5380859375,0.4791528
0.0185546875,0.7060546875,0.6572265625,0.5380859375,0.40782273
0.0185546875,0.5478515625,0.0361328125,0.5380859375,0.27061033
0.0185546875,0.5478515625,0.6572265625,0.7998046875,0.35774466
0.6611328125,0.7060546875,0.0361328125,0.7998046875,0.33682227
0.0263671875,0.1494140625,0.1494140625,0.1708984375,0.13137832
0.8251953125,0.1494140625,0.1494140625,0.1708984375,0.22058499
0.0263671875,0.8857421875,0.1494140625,0.1708984375,0.32791448
0.0263671875,0.1494140625,0.2158203125,0.1708984375,0.14435883
0.0263671875,0.1494140625,0.1494140625,0.8701171875,0.0581304
0.8251953125,0.8857421875,0.2158203125,0.8701171875,0.35685372
0.5263671875,0.6494140625,0.6494140625,0.6708984375,0.4660735
0.3251953125,0.6494140625,0.6494140625,0.6708984375,0.4417956
0.5263671875,0.3857421875,0.6494140625,0.6708984375,0.33351332
0.5263671875,0.6494140625,0.7158203125,0.6708984375,0.47127002
0.5263671875,0.6494140625,0.6494140625,0.3701171875,0.49651822
0.3251953125,0.3857421875,0.7158203125,0.3701171875,0.34487662
0.7763671875,0.3994140625,0.3994140625,0.4208984375,0.33696824
0.0751953125,0.3994140625,0.3994140625,0.4208984375,0.25714535
0.7763671875,0.1357421875,0.3994140625,0.4208984375,0.26291335
0.7763671875,0.3994140625,0.4658203125,0.4208984375,0.3532057
0.7763671875,0.3994140625,0.3994140625,0.1201171875,0.35385945
0.0751953125,0.1357421875,0.4658203125,0.1201171875,0.21621919
0.2763671875,0.8994140625,0.8994140625,0.9208984375,0.39238203
0.5751953125,0.8994140625,0.8994140625,0.9208984375,0.42822075
0.2763671875,0.6357421875,0.8994140625,0.9208984375,0.38945168
0.2763671875,0.8994140625,0.9658203125,0.9208984375,0.38196176
0.2763671875,0.8994140625,0.8994140625,0.6201171875,0.4403866
0.5751953125,0.6357421875,0.9658203125,0.6201171875,0.46287468
0.4013671875,0.2744140625,0.5244140625,0.7958984375,0.22792481
0.7001953125,0.2744140625,0.5244140625,0.7958984375,0.25360915
0.4013671875,0.7607421875,0.5244140625,0.7958984375,0.41548404
0.4013671875,0.2744140625,0.3408203125,0.7958984375,0.18386568
0.4013671875,0.2744140625,0.5244140625,0.2451171875,0.2847154
0.7001953125,0.7607421875,0.3408203125,0.2451171875,0.45389995
0.9013671875,0.7744140625,0.0244140625,0.2958984375,0.39452142
0.2001953125,0.7744140625,0.0244140625,0.2958984375,0.33731514
0.9013671875,0.2607421875,0.0244140625,0.2958984375,0.20471115
0.9013671875,0.7744140625,0.8408203125,0.2958984375,0.5200066
0.9013671875,0.7744140625,0.0244140625,0.7451171875,0.348608
0.2001953125,0.2607421875,0.8408203125,0.7451171875,0.22707659
0.6513671875,0.0244140625,0.7744140625,0.5458984375,0.30158666
0.4501953125,0.0244140625,0.7744140625,0.5458984375,0.28418747
0.6513671875,0.0107421875,0.7744140625,0.5458984375,0.30156985
0.6513671875,0.0244140625,0.0908203125,0.5458984375,0.17952707
0.6513671875,0.0244140625,0.7744140625,0.9951171875,0.22944745
0.4501953125,0.0107421875,0.0908203125,0.9951171875,0.0899719
0.1513671875,0.5244140625,0.2744140625,0.0458984375,0.35726142
0.9501953125,0.5244140625,0.2744140625,0.0458984375,0.42119274
0.1513671875,0.5107421875,0.2744140625,0.0458984375,0.35095748
0.1513671875,0.5244140625,0.5908203125,0.0458984375,0.42999914
0.1513671875,0.5244140625,0.2744140625,0.4951171875,0.33159018
0.9501953125,0.5107421875,0.5908203125,0.4951171875,0.46195528
0.2138671875,0.4619140625,0.8369140625,0.3583984375,0.3979026
0.2626953125,0.4619140625,0.8369140625,0.3583984375,0.4057903
0.2138671875,0.6982421875,0.8369140625,0.3583984375,0.46067402
0.2138671875,0.4619140625,0.2783203125,0.3583984375,0.31467316
0.2138671875,0.4619140625,0.8369140625,0.1826171875,0.4076811
0.2626953125,0.6982421875,0.2783203125,0.1826171875,0.39511076
0.7138671875,0.9619140625,0.3369140625,0.8583984375,0.3860169
0.7626953125,0.9619140625,0.3369140625,0.8583984375,0.38739258
0.7138671875,0.1982421875,0.3369140625,0.8583984375,0.19082357
0.7138671875,0.9619140625,0.7783203125,0.8583984375,0.4572519
0.7138671875,0.9619140625,0.3369140625,0.6826171875,0.41397852
0.7626953125,0.1982421875,0.7783203125,0.6826171875,0.2913959
0.9638671875,0.2119140625,0.5869140625,0.1083984375,0.320232
0.5126953125,0.2119140625,0.5869140625,0.1083984375,0.3078443
0.9638671875,0.4482421875,0.5869140625,0.1083984375,0.43891838
0.9638671875,0.2119140625,0.0283203125,0.1083984375,0.2067768
0.9638671875,0.2119140625,0.5869140625,0.9326171875,0.23249573
0.5126953125,0.4482421875,0.0283203125,0.9326171875,0.22533917
0.4638671875,0.7119140625,0.0869140625,0.6083984375,0.35282713
0.0126953125,0.7119140625,0.0869140625,0.6083984375,0.2818011
0.4638671875,0.9482421875,0.0869140625,0.6083984375,0.35347936
0.4638671875,0.7119140625,0.5283203125,0.6083984375,0.44993198
0.4638671875,0.7119140625,0.0869140625,0.4326171875,0.37052652
0.0126953125,0.9482421875,0.5283203125,0.4326171875,0.39725754
0.3388671875,0.0869140625,0.4619140625,0.7333984375,0.2061635
0.1376953125,0.0869140625,0.4619140625,0.7333984375,0.17382392
0.3388671875,0.5732421875,0.4619140625,0.7333984375,0.39350322
0.3388671875,0.0869140625,0.1533203125,0.7333984375,0.1336568
0.3388671875,0.0869140625,0.4619140625,0.8076171875,0.19437422
0.1376953125,0.5732421875,0.1533203125,0.8076171875,0.27686766
0.8388671875,0.5869140625,0.9619140625,0.2333984375,0.5011862
0.6376953125,0.5869140625,0.9619140625,0.2333984375,0.49554583
0.8388671875,0.0732421875,0.9619140625,0.2333984375,0.3115474
0.8388671875,0.5869140625,0.6533203125,0.2333984375,0.51414937
0.8388671875,0.5869140625,0.9619140625,0.3076171875,0.49707422
0.6376953125,0.0732421875,0.6533203125,0.3076171875,0.31475824
0.5888671875,0.3369140625,0.2119140625,0.9833984375,0.1563213
0.8876953125,0.3369140625,0.2119140625,0.9833984375,0.1646475
0.5888671875,0.3232421875,0.2119140625,0.9833984375,0.15012874
0.5888671875,0.3369140625,0.4033203125,0.9833984375,0.20303135
0.5888671875,0.3369140625,0.2119140625,0.0576171875,0.25632986
0.8876953125,0.3232421875,0.4033203125,0.0576171875,0.30517355
0.0888671875,0.8369140625,0.7119140625,0.4833984375,0.43103042
0.3876953125,0.8369140625,0.7119140625,0.4833984375,0.47876957
0.0888671875,0.8232421875,0.7119140625,0.4833984375,0.4310132
0.0888671875,0.8369140625,0.9033203125,0.4833984375,0.42267933
0.0888671875,0.8369140625,0.7119140625,0.5576171875,0.4235741
0.3876953125,0.8232421875,0.9033203125,0.5576171875,0.4629449
0.1201171875,0.3681640625,0.3681640625,0.5146484375,0.22290751
0.6064453125,0.3681640625,0.3681640625,0.5146484375,0.28726807
0.1201171875,0.1044921875,0.3681640625,0.5146484375,0.17454246
0.1201171875,0.3681640625,0.7470703125,0.5146484375,0.28617758
0.1201171875,0.3681640625,0.3681640625,0.0263671875,0.25096983
0.6064453125,0.1044921875,0.7470703125,0.0263671875,0.33023536
0.6201171875,0.8681640625,0.8681640625,0.0146484375,0.5231075
0.1064453125,0.8681640625,0.8681640625,0.0146484375,0.45536813
0.6201171875,0.6044921875,0.8681640625,0.0146484375,0.5177315
0.6201171875,0.8681640625,0.2470703125,0.0146484375,0.43522578
0.6201171875,0.8681640625,0.8681640625,0.5263671875,0.49359176
0.1064453125,0.6044921875,0.2470703125,0.5263671875,0.3325945
0.8701171875,0.1181640625,0.1181640625,0.7646484375,0.15962109
0.3564453125,0.1181640625,0.1181640625,0.7646484375,0.12581176
0.8701171875,0.8544921875,0.1181640625,0.7646484375,0.356527
0.8701171875,0.1181640625,0.9970703125,0.7646484375,0.25243416
0.8701171875,0.1181640625,0.1181640625,0.7763671875,0.15776019
0.3564453125,0.8544921875,0.9970703125,0.7763671875,0.41366988
0.3701171875,0.6181640625,0.6181640625,0.2646484375,0.47941893
0.8564453125,0.6181640625,0.6181640625,0.2646484375,0.5115418
0.3701171875,0.3544921875,0.6181640625,0.2646484375,0.32562613
0.3701171875,0.6181640625,0.4970703125,0.2646484375,0.45743337
0.3701171875,0.6181640625,0.6181640625,0.2763671875,0.47877023
0.8564453125,0.3544921875,0.4970703125,0.2763671875,0.33511475
0.4951171875,0.2431640625,0.9931640625,0.3896484375,0.28366327
0.9814453125,0.2431640625,0.9931640625,0.3896484375,0.29695958
0.4951171875,0.2294921875,0.9931640625,0.3896484375,0.28243557
0.4951171875,0.2431640625,0.8720703125,0.3896484375,0.30254114
0.4951171875,0.2431640625,0.9931640625,0.9013671875,0.21700366
0.9814453125,0.2294921875,0.8720703125,0.9013671875,0.24795009
0.9951171875,0.7431640625,0.4931640625,0.8896484375,0.41537842
0.4814453125,0.7431640625,0.4931640625,0.8896484375,0.40138406
0.9951171875,0.7294921875,0.4931640625,0.8896484375,0.41526818
0.9951171875,0.7431640625,0.3720703125,0.8896484375,0.38596183
0.9951171875,0.7431640625,0.4931640625,0.4013671875,0.47888324
0.4814453125,0.7294921875,0.3720703125,0.4013671875,0.43536204
0.7451171875,0.4931640625,0.7431640625,0.1396484375,0.49023864
0.2314453125,0.4931640625,0.7431640625,0.1396484375,0.43822524
0.7451171875,0.9794921875,0.7431640625,0.1396484375,0.5304699
0.7451171875,0.4931640625,0.6220703125,0.1396484375,0.48082438
0.7451171875,0.4931640625,0.7431640625,0.1513671875,0.48979542
0.2314453125,0.9794921875,0.6220703125,0.1513671875,0.4685991
0.2451171875,0.9931640625,0.2431640625,0.6396484375,0.34790346
0.7314453125,0.9931640625,0.2431640625,0.6396484375,0.3973224
0.2451171875,0.4794921875,0.2431640625,0.6396484375,0.2982917
0.2451171875,0.9931640625,0.1220703125,0.6396484375,0.32438734
0.2451171875,0.9931640625,0.2431640625,0.6513671875,0.34640414
0.7314453125,0.4794921875,0.1220703125,0.6513671875,0.32269526
0.1826171875,0.0556640625,0.6806640625,0.9521484375,0.17924947
0.0439453125,0.0556640625,0.6806640625,0.9521484375,0.15447968
0.1826171875,0.2919921875,0.6806640625,0.9521484375,0.19243568
0.1826171875,0.0556640625,0.8095703125,0.9521484375,0.18147156
0.1826171875,0.0556640625,0.6806640625,0.9638671875,0.176773
0.0439453125,0.2919921875,0.8095703125,0.9638671875,0.16741149
0.6826171875,0.5556640625,0.1806640625,0.4521484375,0.38840663
0.5439453125,0.5556640625,0.1806640625,0.4521484375,0.37898797
0.6826171875,0.7919921875,0.1806640625,0.4521484375,0.40189654
0.6826171875,0.5556640625,0.3095703125,0.4521484375,0.41770875
0.6826171875,0.5556640625,0.1806640625,0.4638671875,0.38737655
0.5439453125,0.7919921875,0.3095703125,0.4638671875,0.42074993
0.9326171875,0.3056640625,0.9306640625,0.7021484375,0.288783
0.7939453125,0.3056640625,0.9306640625,0.7021484375,0.2905903
0.9326171875,0.5419921875,0.9306640625,0.7021484375,0.45158488
0.9326171875,0.3056640625,0.5595703125,0.7021484375,0.28286958
0.9326171875,0.3056640625,0.9306640625,0.2138671875,0.3327374
0.7939453125,0.5419921875,0.5595703125,0.2138671875,0.49143308
0.4326171875,0.8056640625,0.4306640625,0.2021484375,0.45700797
0.2939453125,0.8056640625,0.4306640625,0.2021484375,0.43813697
0.4326171875,0.0419921875,0.4306640625,0.2021484375,0.25981238
0.4326171875,0.8056640625,0.0595703125,0.2021484375,0.37902838
0.4326171875,0.8056640625,0.4306640625,0.7138671875,0.41083732
0.2939453125,0.0419921875,0.0595703125,0.7138671875,0.11679117
0.3076171875,0.4306640625,0.0556640625,0.0771484375,0.2739637
0.4189453125,0.4306640625,0.0556640625,0.0771484375,0.28912687
0.3076171875,0.4169921875,0.0556640625,0.0771484375,0.2606066
0.3076171875,0.4306640625,0.6845703125,0.0771484375,0.39696673
0.3076171875,0.4306640625,0.0556640625,0.0888671875,0.2736086
0.4189453125,0.4169921875,0.6845703125,0.0888671875,0.3984177
0.8076171875,0.9306640625,0.5556640625,0.5771484375,0.480189
0.9189453125,0.9306640625,0.5556640625,0.5771484375,0.47873685
0.8076171875,0.9169921875,0.5556640625,0.5771484375,0.48018637
0.8076171875,0.9306640625,0.1845703125,0.5771484375,0.3936069
0.8076171875,0.9306640625,0.5556640625,0.5888671875,0.47885585
0.9189453125,0.9169921875,0.1845703125,0.5888671875,0.3908189
0.5576171875,0.1806640625,0.3056640625,0.3271484375,0.23570041
0.6689453125,0.1806640625,0.3056640625,0.3271484375,0.24326849
0.5576171875,0.6669921875,0.3056640625,0.3271484375,0.4299444
0.5576171875,0.1806640625,0.9345703125,0.3271484375,0.30073658
0.5576171875,0.1806640625,0.3056640625,0.8388671875,0.17629647
0.6689453125,0.6669921875,0.9345703125,0.8388671875,0.44314462
0.0576171875,0.6806640625,0.8056640625,0.8271484375,0.37937817
0.1689453125,0.6806640625,0.8056640625,0.8271484375,0.39928117
0.0576171875,0.1669921875,0.8056640625,0.8271484375,0.18438971
0.0576171875,0.6806640625,0.4345703125,0.8271484375,0.3335991
0.0576171875,0.6806640625,0.8056640625,0.3388671875,0.4359597
0.1689453125,0.1669921875,0.4345703125,0.3388671875,0.2150951
0.0419921875,0.3837890625,0.5712890625,0.6552734375,0.2508041
0.9658203125,0.3837890625,0.5712890625,0.6552734375,0.3337874
0.0419921875,0.0576171875,0.5712890625,0.6552734375,0.19000047
0.0419921875,0.3837890625,0.9814453125,0.6552734375,0.2457586
0.0419921875,0.3837890625,0.5712890625,0.4482421875,0.273032
0.9658203125,0.0576171875,0.9814453125,0.4482421875,0.29016626
0.5419921875,0.8837890625,0.0712890625,0.1552734375,0.3937685
0.4658203125,0.8837890625,0.0712890625,0.1552734375,0.3861261
0.5419921875,0.5576171875,0.0712890625,0.1552734375,0.3806486
0.5419921875,0.8837890625,0.4814453125,0.1552734375,0.48258504
0.5419921875,0.8837890625,0.0712890625,0.9482421875,0.30450538
0.4658203125,0.5576171875,0.4814453125,0.9482421875,0.3725597
0.7919921875,0.1337890625,0.8212890625,0.9052734375,0.25185013
0.2158203125,0.1337890625,0.8212890625,0.9052734375,0.19641863
0.7919921875,0.8076171875,0.8212890625,0.9052734375,0.44853187
0.7919921875,0.1337890625,0.7314453125,0.9052734375,0.2530768
0.7919921875,0.1337890625,0.8212890625,0.6982421875,0.28650945
0.2158203125,0.8076171875,0.7314453125,0.6982421875,0.4289863
0.2919921875,0.6337890625,0.3212890625,0.4052734375,0.39484856
0.7158203125,0.6337890625,0.3212890625,0.4052734375,0.4364345
0.2919921875,0.3076171875,0.3212890625,0.4052734375,0.21823096
0.2919921875,0.6337890625,0.2314453125,0.4052734375,0.37325594
0.2919921875,0.6337890625,0.3212890625,0.1982421875,0.40740275
0.7158203125,0.3076171875,0.2314453125,0.1982421875,0.25077853
0.4169921875,0.0087890625,0.1962890625,0.2802734375,0.19709723
0.5908203125,0.0087890625,0.1962890625,0.2802734375,0.21448319
0.4169921875,0.1826171875,0.1962890625,0.2802734375,0.19866459
0.4169921875,0.0087890625,0.6064453125,0.2802734375,0.28975344
0.4169921875,0.0087890625,0.1962890625,0.5732421875,0.17286322
0.5908203125,0.1826171875,0.6064453125,0.5732421875,0.28447276
0.9169921875,0.5087890625,0.6962890625,0.7802734375,0.43796915
0.0908203125,0.5087890625,0.6962890625,0.7802734375,0.3620536
0.9169921875,0.6826171875,0.6962890625,0.7802734375,0.4680057
0.9169921875,0.5087890625,0.1064453125,0.7802734375,0.3200961
0.9169921875,0.5087890625,0.6962890625,0.0732421875,0.49905354
0.0908203125,0.6826171875,0.1064453125,0.0732421875,0.33530146
0.6669921875,0.2587890625,0.4462890625,0.0302734375,0.29686475
0.3408203125,0.2587890625,0.4462890625,0.0302734375,0.2645582
0.6669921875,0.9326171875,0.4462890625,0.0302734375,0.48712873
0.6669921875,0.2587890625,0.8564453125,0.0302734375,0.33637738
0.6669921875,0.2587890625,0.4462890625,0.3232421875,0.2843688
0.3408203125,0.9326171875,0.8564453125,0.3232421875,0.48183882
0.1669921875,0.7587890625,0.9462890625,0.5302734375,0.4252628
0.8408203125,0.7587890625,0.9462890625,0.5302734375,0.48906738
0.1669921875,0.4326171875,0.9462890625,0.5302734375,0.334803
0.1669921875,0.7587890625,0.3564453125,0.5302734375,0.37499666
0.1669921875,0.7587890625,0.9462890625,0.8232421875,0.3853884
0.8408203125,0.4326171875,0.3564453125,0.8232421875,0.3084671
0.2294921875,0.1962890625,0.3837890625,0.8427734375,0.15414545
0.4033203125,0.1962890625,0.3837890625,0.8427734375,0.17954625
0.2294921875,0.3701171875,0.3837890625,0.8427734375,0.20217341
0.2294921875,0.1962890625,0.5439453125,0.8427734375,0.1911304
0.2294921875,0.1962890625,0.3837890625,0.5107421875,0.19940841
0.4033203125,0.3701171875,0.5439453125,0.5107421875,0.30982214
0.7294921875,0.6962890625,0.8837890625,0.3427734375,0.5117094
0.9033203125,0.6962890625,0.8837890625,0.3427734375,0.5121312
0.7294921875,0.8701171875,0.8837890625,0.3427734375,0.51257706
0.7294921875,0.6962890625,0.0439453125,0.3427734375,0.39183694
0.7294921875,0.6962890625,0.8837890625,0.0107421875,0.52594346
0.9033203125,0.8701171875,0.0439453125,0.0107421875,0.4073605
0.9794921875,0.4462890625,0.1337890625,0.5927734375,0.30109587
0.6533203125,0.4462890625,0.1337890625,0.5927734375,0.30031204
0.9794921875,0.6201171875,0.1337890625,0.5927734375,0.37475386
0.9794921875,0.4462890625,0.7939453125,0.5927734375,0.41654176
0.9794921875,0.4462890625,0.1337890625,0.2607421875,0.32863307
0.6533203125,0.6201171875,0.7939453125,0.2607421875,0.5169532
0.4794921875,0.9462890625,0.6337890625,0.0927734375,0.50615567
0.1533203125,0.9462890625,0.6337890625,0.0927734375,0.4589559
0.4794921875,0.1201171875,0.6337890625,0.0927734375,0.30923483
0.4794921875,0.9462890625,0.2939453125,0.0927734375,0.4321125
0.4794921875,0.9462890625,0.6337890625,0.7607421875,0.44876465
0.1533203125,0.1201171875,0.2939453125,0.7607421875,0.13060094
0.3544921875,0.3212890625,0.7587890625,0.2177734375,0.3191517
0.0283203125,0.3212890625,0.7587890625,0.2177734375,0.2647428
0.3544921875,0.4951171875,0.7587890625,0.2177734375,0.45493603
0.3544921875,0.3212890625,0.9189453125,0.2177734375,0.30734456
0.3544921875,0.3212890625,0.7587890625,0.3857421875,0.30898803
0.0283203125,0.4951171875,0.9189453125,0.3857421875,0.3785563
0.8544921875,0.8212890625,0.2587890625,0.7177734375,0.39151376
0.5283203125,0.8212890625,0.2587890625,0.7177734375,0.3775464
0.8544921875,0.9951171875,0.2587890625,0.7177734375,0.39158684
0.8544921875,0.8212890625,0.4189453125,0.7177734375,0.43158668
0.8544921875,0.8212890625,0.2587890625,0.8857421875,0.3634158
0.5283203125,0.9951171875,0.4189453125,0.8857421875,0.38959444
0.6044921875,0.0712890625,0.5087890625,0.4677734375,0.27684194
0.7783203125,0.0712890625,0.5087890625,0.4677734375,0.2843586
0.6044921875,0.7451171875,0.5087890625,0.4677734375,0.47372
0.6044921875,0.0712890625,0.6689453125,0.4677734375,0.3020917
0.6044921875,0.0712890625,0.5087890625,0.6357421875,0.2588298
0.7783203125,0.7451171875,0.6689453125,0.6357421875,0.4884743
0.1044921875,0.5712890625,0.0087890625,0.9677734375,0.22322549
0.2783203125,0.5712890625,0.0087890625,0.9677734375,0.25250602
0.1044921875,0.2451171875,0.0087890625,0.9677734375,0.041490227
0.1044921875,0.5712890625,0.1689453125,0.9677734375,0.2428353
0.1044921875,0.5712890625,0.0087890625,0.1357421875,0.31735477
0.2783203125,0.2451171875,0.1689453125,0.1357421875,0.18450984
0.0732421875,0.1025390625,0.9150390625,0.0615234375,0.24534747
0.7470703125,0.1025390625,0.9150390625,0.0615234375,0.3249271
0.0732421875,0.9638671875,0.9150390625,0.0615234375,0.44240874
0.0732421875,0.1025390625,0.4501953125,0.0615234375,0.21368022
0.0732421875,0.1025390625,0.9150390625,0.6669921875,0.20057505
0.7470703125,0.9638671875,0.4501953125,0.6669921875,0.4455487
0.5732421875,0.6025390625,0.4150390625,0.5615234375,0.4348244
0.2470703125,0.6025390625,0.4150390625,0.5615234375,0.3945304
0.5732421875,0.4638671875,0.4150390625,0.5615234375,0.3784621
0.5732421875,0.6025390625,0.9501953125,0.5615234375,0.46957755
0.5732421875,0.6025390625,0.4150390625,0.1669921875,0.4632597
0.2470703125,0.4638671875,0.9501953125,0.1669921875,0.40135652
0.8232421875,0.3525390625,0.6650390625,0.3115234375,0.35943386
0.4970703125,0.3525390625,0.6650390625,0.3115234375,0.34225047
0.8232421875,0.2138671875,0.6650390625,0.3115234375,0.32417354
0.8232421875,0.3525390625,0.2001953125,0.3115234375,0.26048335
0.8232421875,0.3525390625,0.6650390625,0.4169921875,0.3519677
0.4970703125,0.2138671875,0.2001953125,0.4169921875,0.20057347
0.3232421875,0.8525390625,0.1650390625,0.8115234375,0.3181893
0.9970703125,0.8525390625,0.1650390625,0.8115234375,0.35212597
0.3232421875,0.7138671875,0.1650390625,0.8115234375,0.31759655
0.3232421875,0.8525390625,0.7001953125,0.8115234375,0.4267824
0.3232421875,0.8525390625,0.1650390625,0.9169921875,0.2987597
0.9970703125,0.7138671875,0.7001953125,0.9169921875,0.44069675
0.4482421875,0.4775390625,0.2900390625,0.9365234375,0.28757095
0.8720703125,0.4775390625,0.2900390625,0.9365234375,0.30968988
0.4482421875,0.8388671875,0.2900390625,0.9365234375,0.33858418
0.4482421875,0.4775390625,0.0751953125,0.9365234375,0.24668263
0.4482421875,0.4775390625,0.2900390625,0.2919921875,0.36777392
0.8720703125,0.8388671875,0.0751953125,0.2919921875,0.40001777
0.9482421875,0.9775390625,0.7900390625,0.4365234375,0.51127446
0.3720703125,0.9775390625,0.7900390625,0.4365234375,0.48179126
0.9482421875,0.3388671875,0.7900390625,0.4365234375,0.34445196
0.9482421875,0.9775390625,0.5751953125,0.4365234375,0.4949056
0.9482421875,0.9775390625,0.7900390625,0.7919921875,0.46795374
0.3720703125,0.3388671875,0.5751953125,0.7919921875,0.2552792
0.6982421875,0.2275390625,0.0400390625,0.6865234375,0.16332273
0.1220703125,0.2275390625,0.0400390625,0.6865234375,0.09418632
0.6982421875,0.0888671875,0.0400390625,0.6865234375,0.15967669
0.6982421875,0.2275390625,0.3251953125,0.6865234375,0.21637295
0.6982421875,0.2275390625,0.0400390625,0.5419921875,0.1808013
0.1220703125,0.0888671875,0.3251953125,0.5419921875,0.16106904
0.1982421875,0.7275390625,0.5400390625,0.1865234375,0.44760942
0.6220703125,0.7275390625,0.5400390625,0.1865234375,0.4994771
0.1982421875,0.5888671875,0.5400390625,0.1865234375,0.44079626
0.1982421875,0.7275390625,0.8251953125,0.1865234375,0.46884707
0.1982421875,0.7275390625,0.5400390625,0.0419921875,0.45254385
0.6220703125,0.5888671875,0.8251953125,0.0419921875,0.518836
0.1357421875,0.2900390625,0.1025390625,0.4990234375,0.13413724
0.1845703125,0.2900390625,0.1025390625,0.4990234375,0.14260499
0.1357421875,0.6513671875,0.1025390625,0.4990234375,0.31652114
0.1357421875,0.2900390625,0.0126953125,0.4990234375,0.12552123
0.1357421875,0.2900390625,0.1025390625,0.3544921875,0.14600934
0.1845703125,0.6513671875,0.0126953125,0.3544921875,0.328245
0.6357421875,0.7900390625,0.6025390625,0.9990234375,0.4125526
0.6845703125,0.7900390625,0.6025390625,0.9990234375,0.4151594
0.6357421875,0.1513671875,0.6025390625,0.9990234375,0.21616872
0.6357421875,0.7900390625,0.5126953125,0.9990234375,0.396172
0.6357421875,0.7900390625,0.6025390625,0.8544921875,0.4417817
0.6845703125,0.1513671875,0.5126953125,0.8544921875,0.23162407
0.8857421875,0.0400390625,0.3525390625,0.2490234375,0.26151428
0.9345703125,0.0400390625,0.3525390625,0.2490234375,0.26012418
0.8857421875,0.4013671875,0.3525390625,0.2490234375,0.3379214
0.8857421875,0.0400390625,0.2626953125,0.2490234375,0.23918487
0.8857421875,0.0400390625,0.3525390625,0.6044921875,0.23198242
0.9345703125,0.4013671875,0.2626953125,0.6044921875,0.28467008
0.3857421875,0.5400390625,0.8525390625,0.7490234375,0.42537743
0.4345703125,0.5400390625,0.8525390625,0.7490234375,0.43149024
0.3857421875,0.9013671875,0.8525390625,0.7490234375,0.44348073
0.3857421875,0.5400390625,0.7626953125,0.7490234375,0.42936957
0.3857421875,0.5400390625,0.8525390625,0.1044921875,0.48057863
0.4345703125,0.9013671875,0.7626953125,0.1044921875,0.508787
0.2607421875,0.1650390625,0.7275390625,0.6240234375,0.24973233
0.3095703125,0.1650390625,0.7275390625,0.6240234375,0.25720054
0.2607421875,0.5263671875,0.7275390625,0.6240234375,0.42288512
0.2607421875,0.1650390625,0.3876953125,0.6240234375,0.1919268
0.2607421875,0.1650390625,0.7275390625,0.7294921875,0.2354475
0.3095703125,0.5263671875,0.3876953125,0.7294921875,0.35826296
0.7607421875,0.6650390625,0.2275390625,0.1240234375,0.43215412
0.8095703125,0.6650390625,0.2275390625,0.1240234375,0.43277735
0.7607421875,0.0263671875,0.2275390625,0.1240234375,0.23648804
0.7607421875,0.6650390625,0.8876953125,0.1240234375,0.5222828
0.7607421875,0.6650390625,0.2275390625,0.2294921875,0.42772555
0.8095703125,0.0263671875,0.8876953125,0.2294921875,0.32281134
0.5107421875,0.4150390625,0.9775390625,0.8740234375,0.311085
0.5595703125,0.4150390625,0.9775390625,0.8740234375,0.31555122
0.5107421875,0.2763671875,0.9775390625,0.8740234375,0.23151122
0.5107421875,0.4150390625,0.1376953125,0.8740234375,0.21750058
0.5107421875,0.4150390625,0.9775390625,0.4794921875,0.36502716
0.5595703125,0.2763671875,0.1376953125,0.4794921875,0.19633517
0.0107421875,0.9150390625,0.4775390625,0.3740234375,0.3904475
0.0595703125,0.9150390625,0.4775390625,0.3740234375,0.39951134
0.0107421875,0.7763671875,0.4775390625,0.3740234375,0.39027542
0.0107421875,0.9150390625,0.6376953125,0.3740234375,0.41932166
0.0107421875,0.9150390625,0.4775390625,0.9794921875,0.3065309
0.0595703125,0.7763671875,0.6376953125,0.9794921875,0.3442968
0.0146484375,0.0830078125,0.7470703125,0.7998046875,0.18090709
0.5712890625,0.0830078125,0.7470703125,0.7998046875,0.26192355
0.0146484375,0.2412109375,0.7470703125,0.7998046875,0.18576416
0.0146484375,0.0830078125,0.2509765625,0.7998046875,0.08857104
0.0146484375,0.0830078125,0.7470703125,0.8427734375,0.17350364
0.5712890625,0.2412109375,0.2509765625,0.8427734375,0.16704114
0.5146484375,0.5830078125,0.2470703125,0.2998046875,0.4070401
0.0712890625,0.5830078125,0.2470703125,0.2998046875,0.34155953
0.5146484375,0.7412109375,0.2470703125,0.2998046875,0.41482958
0.5146484375,0.5830078125,0.7509765625,0.2998046875,0.5003329
0.5146484375,0.5830078125,0.2470703125,0.3427734375,0.4043139
0.0712890625,0.7412109375,0.7509765625,0.3427734375,0.43991566
0.7646484375,0.3330078125,0.9970703125,0.5498046875,0.30761424
0.3212890625,0.3330078125,0.9970703125,0.5498046875,0.26904
0.7646484375,0.9912109375,0.9970703125,0.5498046875,0.47732052
0.7646484375,0.3330078125,0.0009765625,0.5498046875,0.20339417
0.7646484375,0.3330078125,0.9970703125,0.0927734375,0.3374512
0.3212890625,0.9912109375,0.0009765625,0.0927734375,0.36436316
0.2646484375,0.8330078125,0.4970703125,0.0498046875,0.45463097
0.8212890625,0.8330078125,0.4970703125,0.0498046875,0.5023573
0.2646484375,0.4912109375,0.4970703125,0.0498046875,0.4132014
0.2646484375,0.8330078125,0.5009765625,0.0498046875,0.45548567
0.2646484375,0.8330078125,0.4970703125,0.5927734375,0.4187693
0.8212890625,0.4912109375,0.5009765625,0.5927734375,0.42592075
0.3896484375,0.4580078125,0.1220703125,0.1748046875,0.31579775
0.9462890625,0.4580078125,0.1220703125,0.1748046875,0.34303418
0.3896484375,0.1162109375,0.1220703125,0.1748046875,0.18585405
0.3896484375,0.4580078125,0.1259765625,0.1748046875,0.31639853
0.3896484375,0.4580078125,0.1220703125,0.2177734375,0.3138832
0.9462890625,0.1162109375,0.1259765625,0.2177734375,0.21177673
0.8896484375,0.9580078125,0.6220703125,0.6748046875,0.47806975
0.4462890625,0.9580078125,0.6220703125,0.6748046875,0.45605627
0.8896484375,0.6162109375,0.6220703125,0.6748046875,0.47376534
0.8896484375,0.9580078125,0.6259765625,0.6748046875,0.4785836
0.8896484375,0.9580078125,0.6220703125,0.7177734375,0.47205025
0.4462890625,0.6162109375,0.6259765625,0.7177734375,0.44624615
0.6396484375,0.2080078125,0.3720703125,0.4248046875,0.25248682
0.1962890625,0.2080078125,0.3720703125,0.4248046875,0.19918975
0.6396484375,0.8662109375,0.3720703125,0.4248046875,0.44718993
0.6396484375,0.2080078125,0.3759765625,0.4248046875,0.25348252
0.6396484375,0.2080078125,0.3720703125,0.9677734375,0.17500947
0.1962890625,0.8662109375,0.3759765625,0.9677734375,0.31741118
0.1396484375,0.7080078125,0.8720703125,0.9248046875,0.37141234
0.6962890625,0.7080078125,0.8720703125,0.9248046875,0.43735456
0.1396484375,0.3662109375,0.8720703125,0.9248046875,0.22202905
0.1396484375,0.7080078125,0.8759765625,0.9248046875,0.37099183
0.1396484375,0.7080078125,0.8720703125,0.4677734375,0.43627828
0.6962890625,0.3662109375,0.8759765625,0.4677734375,0.3524168
0.2021484375,0.2705078125,0.3095703125,0.7373046875,0.15486157
0.0087890625,0.2705078125,0.3095703125,0.7373046875,0.12024656
0.2021484375,0.4287109375,0.3095703125,0.7373046875,0.24882631
0.2021484375,0.2705078125,0.1884765625,0.7373046875,0.12710048
0.2021484375,0.2705078125,0.3095703125,0.1552734375,0.20646206
0.0087890625,0.4287109375,0.1884765625,0.1552734375,0.23805071
0.7021484375,0.7705078125,0.8095703125,0.2373046875,0.5236883
0.5087890625,0.7705078125,0.8095703125,0.2373046875,0.5101227
0.7021484375,0.9287109375,0.8095703125,0.2373046875,0.52388585
0.7021484375,0.7705078125,0.6884765625,0.2373046875,0.52206475
0.7021484375,0.7705078125,0.8095703125,0.6552734375,0.48724183
0.5087890625,0.9287109375,0.6884765625,0.6552734375,0.47225025
0.9521484375,0.0205078125,0.0595703125,0.9873046875,0.10776742
0.7587890625,0.0205078125,0.0595703125,0.9873046875,0.10978505
0.9521484375,0.6787109375,0.0595703125,0.9873046875,0.30383295
0.9521484375,0.0205078125,0.4384765625,0.9873046875,0.1876583
0.9521484375,0.0205078125,0.0595703125,0.9052734375,0.1248201
0.7587890625,0.6787109375,0.4384765625,0.9052734375,0.40279418
0.4521484375,0.5205078125,0.5595703125,0.4873046875,0.4425708
0.2587890625,0.5205078125,0.5595703125,0.4873046875,0.41597652
0.4521484375,0.1787109375,0.5595703125,0.4873046875,0.27224916
0.4521484375,0.5205078125,0.9384765625,0.4873046875,0.44724298
0.4521484375,0.5205078125,0.5595703125,0.4052734375,0.4496015
0.2587890625,0.1787109375,0.9384765625,0.4052734375,0.2573578
0.3271484375,0.1455078125,0.9345703125,0.3623046875,0.27079728
0.3837890625,0.1455078125,0.9345703125,0.3623046875,0.27862158
0.3271484375,0.3037109375,0.9345703125,0.3623046875,0.28652814
0.3271484375,0.1455078125,0.3134765625,0.3623046875,0.20771581
0.3271484375,0.1455078125,0.9345703125,0.7802734375,0.22367246
0.3837890625,0.3037109375,0.3134765625,0.7802734375,0.18414618
0.8271484375,0.6455078125,0.4345703125,0.8623046875,0.40951937
0.8837890625,0.6455078125,0.4345703125,0.8623046875,0.40892574
0.8271484375,0.8037109375,0.4345703125,0.8623046875,0.41184652
0.8271484375,0.6455078125,0.8134765625,0.8623046875,0.45493457
0.8271484375,0.6455078125,0.4345703125,0.2802734375,0.47598973
0.8837890625,0.8037109375,0.8134765625,0.2802734375,0.52313846
0.5771484375,0.3955078125,0.6845703125,0.1123046875,0.39346808
0.6337890625,0.3955078125,0.6845703125,0.1123046875,0.3974592
0.5771484375,0.5537109375,0.6845703125,0.1123046875,0.50560623
0.5771484375,0.3955078125,0.0634765625,0.1123046875,0.27123216
0.5771484375,0.3955078125,0.6845703125,0.0302734375,0.39585048
0.6337890625,0.5537109375,0.0634765625,0.0302734375,0.38974383
0.0771484375,0.8955078125,0.1845703125,0.6123046875,0.3097126
0.1337890625,0.8955078125,0.1845703125,0.6123046875,0.3198967
0.0771484375,0.0537109375,0.1845703125,0.6123046875,0.11245771
0.0771484375,0.8955078125,0.5634765625,0.6123046875,0.39771575
0.0771484375,0.8955078125,0.1845703125,0.5302734375,0.318839
0.1337890625,0.0537109375,0.5634765625,0.5302734375,0.21977144
0.1083984375,0.4267578125,0.7783203125,0.3935546875,0.34689716
0.8525390625,0.4267578125,0.7783203125,0.3935546875,0.42093837
0.1083984375,0.7724609375,0.7783203125,0.3935546875,0.4431351
0.1083984375,0.4267578125,0.7822265625,0.3935546875,0.34682837
0.1083984375,0.4267578125,0.7783203125,0.0615234375,0.3634755
0.8525390625,0.7724609375,0.7822265625,0.0615234375,0.53368586
0.6083984375,0.9267578125,0.2783203125,0.8935546875,0.35922527
0.3525390625,0.9267578125,0.2783203125,0.8935546875,0.33210403
0.6083984375,0.2724609375,0.2783203125,0.8935546875,0.1710776
0.6083984375,0.9267578125,0.2822265625,0.8935546875,0.36017373
0.6083984375,0.9267578125,0.2783203125,0.5615234375,0.4086292
0.3525390625,0.2724609375,0.2822265625,0.5615234375,0.19430874
0.8583984375,0.1767578125,0.5283203125,0.1435546875,0.3098729
0.1025390625,0.1767578125,0.5283203125,0.1435546875,0.23483916
0.8583984375,0.0224609375,0.5283203125,0.1435546875,0.30849805
0.8583984375,0.1767578125,0.5322265625,0.1435546875,0.31065866
0.8583984375,0.1767578125,0.5283203125,0.8115234375,0.24595852
0.1025390625,0.0224609375,0.5322265625,0.8115234375,0.17033572
0.3583984375,0.6767578125,0.0283203125,0.6435546875,0.3290294
0.6025390625,0.6767578125,0.0283203125,0.6435546875,0.35492784
0.3583984375,0.5224609375,0.0283203125,0.6435546875,0.30561906
0.3583984375,0.6767578125,0.0322265625,0.6435546875,0.32930538
0.3583984375,0.6767578125,0.0283203125,0.3115234375,0.35980922
0.6025390625,0.5224609375,0.0322265625,0.3115234375,0.36257327
0.4833984375,0.0517578125,0.4033203125,0.5185546875,0.23632523
0.7275390625,0.0517578125,0.4033203125,0.5185546875,0.2534049
0.4833984375,0.8974609375,0.4033203125,0.5185546875,0.43358555
0.4833984375,0.0517578125,0.6572265625,0.5185546875,0.28533322
0.4833984375,0.0517578125,0.4033203125,0.9365234375,0.1738952
0.7275390625,0.8974609375,0.6572265625,0.9365234375,0.43724316
0.9833984375,0.5517578125,0.9033203125,0.0185546875,0.50685734
0.2275390625,0.5517578125,0.9033203125,0.0185546875,0.45737374
0.9833984375,0.3974609375,0.9033203125,0.0185546875,0.39700705
0.9833984375,0.5517578125,0.1572265625,0.0185546875,0.40454108
0.9833984375,0.5517578125,0.9033203125,0.4365234375,0.48574895
0.2275390625,0.3974609375,0.1572265625,0.4365234375,0.22409871
0.7333984375,0.3017578125,0.1533203125,0.7685546875,0.17921609
0.4775390625,0.3017578125,0.1533203125,0.7685546875,0.16133004
0.7333984375,0.1474609375,0.1533203125,0.7685546875,0.16409236
0.7333984375,0.3017578125,0.9072265625,0.7685546875,0.28169817
0.7333984375,0.3017578125,0.1533203125,0.1865234375,0.23435235
0.4775390625,0.1474609375,0.9072265625,0.1865234375,0.30382466
0.2333984375,0.8017578125,0.6533203125,0.2685546875,0.4670893
0.9775390625,0.8017578125,0.6533203125,0.2685546875,0.51591843
0.2333984375,0.6474609375,0.6533203125,0.2685546875,0.46485773
0.2333984375,0.8017578125,0.4072265625,0.2685546875,0.41946915
0.2333984375,0.8017578125,0.6533203125,0.6865234375,0.42810374
0.9775390625,0.6474609375,0.4072265625,0.6865234375,0.4270811
0.1708984375,0.2392578125,0.2158203125,0.0810546875,0.17762461
0.2900390625,0.2392578125,0.2158203125,0.0810546875,0.1969995
0.1708984375,0.5849609375,0.2158203125,0.0810546875,0.36226767
0.1708984375,0.2392578125,0.7197265625,0.0810546875,0.2770494
0.1708984375,0.2392578125,0.2158203125,0.9990234375,0.074830905
0.2900390625,0.5849609375,0.7197265625,0.9990234375,0.3782736
0.6708984375,0.7392578125,0.7158203125,0.5810546875,0.4946996
0.7900390625,0.7392578125,0.7158203125,0.5810546875,0.49835497
0.6708984375,0.0849609375,0.7158203125,0.5810546875,0.29791933
0.6708984375,0.7392578125,0.2197265625,0.5810546875,0.39629453
0.6708984375,0.7392578125,0.7158203125,0.4990234375,0.5032765
0.7900390625,0.0849609375,0.2197265625,0.4990234375,0.21174648
0.9208984375,0.4892578125,0.4658203125,0.3310546875,0.43849057
0.5400390625,0.4892578125,0.4658203125,0.3310546875,0.4269997
0.9208984375,0.3349609375,0.4658203125,0.3310546875,0.3124892
0.9208984375,0.4892578125,0.9697265625,0.3310546875,0.45745432
0.9208984375,0.4892578125,0.4658203125,0.2490234375,0.4432857
0.5400390625,0.3349609375,0.9697265625,0.2490234375,0.32475725
0.4208984375,0.9892578125,0.9658203125,0.8310546875,0.41896176
0.0400390625,0.9892578125,0.9658203125,0.8310546875,0.3580551
0.4208984375,0.8349609375,0.9658203125,0.8310546875,0.41890693
0.4208984375,0.9892578125,0.4697265625,0.8310546875,0.40019256
0.4208984375,0.9892578125,0.9658203125,0.7490234375,0.4324131
0.0400390625,0.8349609375,0.4697265625,0.7490234375,0.3526823
0.2958984375,0.3642578125,0.5908203125,0.9560546875,0.23162763
0.1650390625,0.3642578125,0.5908203125,0.9560546875,0.21035497
0.2958984375,0.7099609375,0.5908203125,0.9560546875,0.38241678
0.2958984375,0.3642578125,0.8447265625,0.9560546875,0.24246304
0.2958984375,0.3642578125,0.5908203125,0.1240234375,0.32368696
0.1650390625,0.7099609375,0.8447265625,0.1240234375,0.4640388
0.7958984375,0.8642578125,0.0908203125,0.4560546875,0.3902436
0.6650390625,0.8642578125,0.0908203125,0.4560546875,0.38623023
0.7958984375,0.2099609375,0.0908203125,0.4560546875,0.19564547
0.7958984375,0.8642578125,0.3447265625,0.4560546875,0.44300276
0.7958984375,0.8642578125,0.0908203125,0.6240234375,0.3726493
0.6650390625,0.2099609375,0.3447265625,0.6240234375,0.226797
0.5458984375,0.1142578125,0.8408203125,0.7060546875,0.2715304
0.9150390625,0.1142578125,0.8408203125,0.7060546875,0.28268027
0.5458984375,0.4599609375,0.8408203125,0.7060546875,0.40319413
0.5458984375,0.1142578125,0.5947265625,0.7060546875,0.26100183
0.5458984375,0.1142578125,0.8408203125,0.8740234375,0.24395518
0.9150390625,0.4599609375,0.5947265625,0.8740234375,0.3762402
0.0458984375,0.6142578125,0.3408203125,0.2060546875,0.36851132
0.4150390625,0.6142578125,0.3408203125,0.2060546875,0.42761067
0.0458984375,0.9599609375,0.3408203125,0.2060546875,0.3729823
0.0458984375,0.6142578125,0.0947265625,0.2060546875,0.31724623
0.0458984375,0.6142578125,0.3408203125,0.3740234375,0.3586607
0.4150390625,0.9599609375,0.0947265625,0.3740234375,0.37096596
0.0615234375,0.3173828125,0.0439453125,0.2529296875,0.14056718
0.7119140625,0.3173828125,0.0439453125,0.2529296875,0.22120395
0.0615234375,0.8193359375,0.0439453125,0.2529296875,0.31678602
0.0615234375,0.3173828125,0.5478515625,0.2529296875,0.24594931
0.0615234375,0.3173828125,0.0439453125,0.4833984375,0.124009684
0.7119140625,0.8193359375,0.5478515625,0.4833984375,0.48624745
0.5615234375,0.8173828125,0.5439453125,0.7529296875,0.44342226
0.2119140625,0.8173828125,0.5439453125,0.7529296875,0.398357
0.5615234375,0.3193359375,0.5439453125,0.7529296875,0.26794752
0.5615234375,0.8173828125,0.0478515625,0.7529296875,0.33912086
0.5615234375,0.8173828125,0.5439453125,0.9833984375,0.40062636
0.2119140625,0.3193359375,0.0478515625,0.9833984375,0.07578497
0.8115234375,0.0673828125,0.2939453125,0.0029296875,0.2562674
0.4619140625,0.0673828125,0.2939453125,0.0029296875,0.23534212
0.8115234375,0.0693359375,0.2939453125,0.0029296875,0.25627396
0.8115234375,0.0673828125,0.7978515625,0.0029296875,0.33779228
0.8115234375,0.0673828125,0.2939453125,0.7333984375,0.20067197
0.4619140625,0.0693359375,0.7978515625,0.7333984375,0.26127812
0.3115234375,0.5673828125,0.7939453125,0.5029296875,0.45618445
0.9619140625,0.5673828125,0.7939453125,0.5029296875,0.4936267
0.3115234375,0.5693359375,0.7939453125,0.5029296875,0.45657837
0.3115234375,0.5673828125,0.2978515625,0.5029296875,0.37549567
0.3115234375,0.5673828125,0.7939453125,0.2333984375,0.47559506
0.9619140625,0.5693359375,0.2978515625,0.2333984375,0.43274248
0.4365234375,0.1923828125,0.6689453125,0.6279296875,0.27081877
0.8369140625,0.1923828125,0.6689453125,0.6279296875,0.29466647
0.4365234375,0.9443359375,0.6689453125,0.6279296875,0.4662491
0.4365234375,0.1923828125,0.9228515625,0.6279296875,0.26275134
0.4365234375,0.1923828125,0.6689453125,0.6083984375,0.2731945
0.8369140625,0.9443359375,0.9228515625,0.6083984375,0.4844051
0.9365234375,0.6923828125,0.1689453125,0.1279296875,0.41924438
0.3369140625,0.6923828125,0.1689453125,0.1279296875,0.38443905
0.9365234375,0.4443359375,0.1689453125,0.1279296875,0.3407282
0.9365234375,0.6923828125,0.4228515625,0.1279296875,0.47945717
0.9365234375,0.6923828125,0.1689453125,0.1083984375,0.41991684
0.3369140625,0.4443359375,0.4228515625,0.1083984375,0.36680815
0.6865234375,0.4423828125,0.9189453125,0.8779296875,0.35950863
0.0869140625,0.4423828125,0.9189453125,0.8779296875,0.28455102
0.6865234375,0.1943359375,0.9189453125,0.8779296875,0.24547808
0.6865234375,0.4423828125,0.6728515625,0.8779296875,0.3673476
0.6865234375,0.4423828125,0.9189453125,0.3583984375,0.42394704
0.0869140625,0.1943359375,0.6728515625,0.3583984375,0.24279782
0.1865234375,0.9423828125,0.4189453125,0.3779296875,0.4077262
0.5869140625,0.9423828125,0.4189453125,0.3779296875,0.4590853
0.1865234375,0.6943359375,0.4189453125,0.3779296875,0.4068015
0.1865234375,0.9423828125,0.1728515625,0.3779296875,0.34921858
0.1865234375,0.9423828125,0.4189453125,0.8583984375,0.34829944
0.5869140625,0.6943359375,0.1728515625,0.8583984375,0.34022617
0.2490234375,0.0048828125,0.9814453125,0.1904296875,0.25962046
0.1494140625,0.0048828125,0.9814453125,0.1904296875,0.24291497
0.2490234375,0.5068359375,0.9814453125,0.1904296875,0.42472985
0.2490234375,0.0048828125,0.9853515625,0.1904296875,0.2588631
0.2490234375,0.0048828125,0.9814453125,0.5458984375,0.23385143
0.1494140625,0.5068359375,0.9853515625,0.5458984375,0.38149798
0.7490234375,0.5048828125,0.4814453125,0.6904296875,0.4164261
0.6494140625,0.5048828125,0.4814453125,0.6904296875,0.41235834
0.7490234375,0.0068359375,0.4814453125,0.6904296875,0.2523769
0.7490234375,0.5048828125,0.4853515625,0.6904296875,0.41731054
0.7490234375,0.5048828125,0.4814453125,0.0458984375,0.4648046
0.6494140625,0.0068359375,0.4853515625,0.0458984375,0.2975721
0.9990234375,0.2548828125,0.7314453125,0.4404296875,0.31756645
0.8994140625,0.2548828125,0.7314453125,0.4404296875,0.32166317
0.9990234375,0.2568359375,0.7314453125,0.4404296875,0.3178185
0.9990234375,0.2548828125,0.7353515625,0.4404296875,0.31767997
0.9990234375,0.2548828125,0.7314453125,0.2958984375,0.3279086
0.8994140625,0.2568359375,0.7353515625,0.2958984375,0.33237088
0.4990234375,0.7548828125,0.2314453125,0.9404296875,0.3292705
0.3994140625,0.7548828125,0.2314453125,0.9404296875,0.3178043
0.4990234375,0.7568359375,0.2314453125,0.9404296875,0.32928118
0.4990234375,0.7548828125,0.2353515625,0.9404296875,0.3301471
0.4990234375,0.7548828125,0.2314453125,0.7958984375,0.35606724
0.3994140625,0.7568359375,0.2353515625,0.7958984375,0.34548828
0.3740234375,0.3798828125,0.3564453125,0.8154296875,0.22913064
0.2744140625,0.3798828125,0.3564453125,0.8154296875,0.21470104
0.3740234375,0.6318359375,0.3564453125,0.8154296875,0.36562282
0.3740234375,0.3798828125,0.6103515625,0.8154296875,0.28429043
0.3740234375,0.3798828125,0.3564453125,0.4208984375,0.27766478
0.2744140625,0.6318359375,0.6103515625,0.4208984375,0.45488718
0.8740234375,0.8798828125,0.8564453125,0.3154296875,0.5182467
0.7744140625,0.8798828125,0.8564453125,0.3154296875,0.51826155
0.8740234375,0.1318359375,0.8564453125,0.3154296875,0.3214662
0.8740234375,0.8798828125,0.1103515625,0.3154296875,0.403087
0.8740234375,0.8798828125,0.8564453125,0.9208984375,0.44262946
0.7744140625,0.1318359375,0.1103515625,0.9208984375,0.13070409
0.6240234375,0.1298828125,0.1064453125,0.5654296875,0.17834443
0.5244140625,0.1298828125,0.1064453125,0.5654296875,0.1703879
0.6240234375,0.3818359375,0.1064453125,0.5654296875,0.23709342
0.6240234375,0.1298828125,0.8603515625,0.5654296875,0.2936907
0.6240234375,0.1298828125,0.1064453125,0.6708984375,0.16550532
0.5244140625,0.3818359375,0.8603515625,0.6708984375,0.33164406
0.1240234375,0.6298828125,0.6064453125,0.0654296875,0.4476285
0.0244140625,0.6298828125,0.6064453125,0.0654296875,0.429443
0.1240234375,0.8818359375,0.6064453125,0.0654296875,0.45090908
0.1240234375,0.6298828125,0.3603515625,0.0654296875,0.39403075
0.1240234375,0.6298828125,0.6064453125,0.1708984375,0.4439871
0.0244140625,0.8818359375,0.3603515625,0.1708984375,0.37548444
0.0927734375,0.1611328125,0.4501953125,0.9091796875,0.13349037
0.9931640625,0.1611328125,0.4501953125,0.9091796875,0.20577367
0.0927734375,0.1630859375,0.4501953125,0.9091796875,0.13353203
0.0927734375,0.1611328125,0.0166015625,0.9091796875,0.0474156
0.0927734375,0.1611328125,0.4501953125,0.6396484375,0.17673913
0.9931640625,0.1630859375,0.0166015625,0.6396484375,0.16298929
0.5927734375,0.6611328125,0.9501953125,0.4091796875,0.48915073
0.4931640625,0.6611328125,0.9501953125,0.4091796875,0.4802743
0.5927734375,0.6630859375,0.9501953125,0.4091796875,0.48921815
0.5927734375,0.6611328125,0.5166015625,0.4091796875,0.4780045
0.5927734375,0.6611328125,0.9501953125,0.1396484375,0.5044065
0.4931640625,0.6630859375,0.5166015625,0.1396484375,0.48445132
0.8427734375,0.4111328125,0.2001953125,0.6591796875,0.27512348
0.2431640625,0.4111328125,0.2001953125,0.6591796875,0.22404344
0.8427734375,0.9130859375,0.2001953125,0.6591796875,0.3867615
0.8427734375,0.4111328125,0.2666015625,0.6591796875,0.28998333
0.8427734375,0.4111328125,0.2001953125,0.3896484375,0.30258068
0.2431640625,0.9130859375,0.2666015625,0.3896484375,0.37799853
0.3427734375,0.9111328125,0.7001953125,0.1591796875,0.49291807
0.7431640625,0.9111328125,0.7001953125,0.1591796875,0.5279168
0.3427734375,0.4130859375,0.7001953125,0.1591796875,0.38316336
0.3427734375,0.9111328125,0.7666015625,0.1591796875,0.49484235
0.3427734375,0.9111328125,0.7001953125,0.8896484375,0.41551518
0.7431640625,0.4130859375,0.7666015625,0.8896484375,0.34268346
0.4677734375,0.2861328125,0.8251953125,0.0341796875,0.32724002
0.6181640625,0.2861328125,0.8251953125,0.0341796875,0.34061995
0.4677734375,0.0380859375,0.8251953125,0.0341796875,0.31538746
0.4677734375,0.2861328125,0.3916015625,0.0341796875,0.27175722
0.4677734375,0.2861328125,0.8251953125,0.2646484375,0.31830055
0.6181640625,0.0380859375,0.3916015625,0.2646484375,0.2643451
0.9677734375,0.7861328125,0.3251953125,0.5341796875,0.4271954
0.1181640625,0.7861328125,0.3251953125,0.5341796875,0.35817888
0.9677734375,0.5380859375,0.3251953125,0.5341796875,0.40858072
0.9677734375,0.7861328125,0.8916015625,0.5341796875,0.4934009
0.9677734375,0.7861328125,0.3251953125,0.7646484375,0.39738974
0.1181640625,0.5380859375,0.8916015625,0.7646484375,0.37596402
0.7177734375,0.0361328125,0.5751953125,0.2841796875,0.30899715
0.3681640625,0.0361328125,0.5751953125,0.2841796875,0.27828738
0.7177734375,0.7880859375,0.5751953125,0.2841796875,0.50616086
0.7177734375,0.0361328125,0.1416015625,0.2841796875,0.21109062
0.7177734375,0.0361328125,0.5751953125,0.5146484375,0.29115948
0.3681640625,0.7880859375,0.1416015625,0.5146484375,0.3597069
0.2177734375,0.5361328125,0.0751953125,0.7841796875,0.27345854
0.8681640625,0.5361328125,0.0751953125,0.7841796875,0.3284086
0.2177734375,0.2880859375,0.0751953125,0.7841796875,0.10788147
0.2177734375,0.5361328125,0.6416015625,0.7841796875,0.3902865
0.2177734375,0.5361328125,0.0751953125,0.0146484375,0.3367018
0.8681640625,0.2880859375,0.6416015625,0.0146484375,0.34290278
0.1552734375,0.4736328125,0.5126953125,0.5966796875,0.34953544
0.4306640625,0.4736328125,0.5126953125,0.5966796875,0.39084408
0.1552734375,0.4755859375,0.5126953125,0.5966796875,0.35104212
0.1552734375,0.4736328125,0.4541015625,0.5966796875,0.33629787
0.1552734375,0.4736328125,0.5126953125,0.3271484375,0.37360573
0.4306640625,0.4755859375,0.4541015625,0.3271484375,0.40318352
0.6552734375,0.9736328125,0.0126953125,0.0966796875,0.39928854
0.9306640625,0.9736328125,0.0126953125,0.0966796875,0.40206683
0.6552734375,0.9755859375,0.0126953125,0.0966796875,0.39928868
0.6552734375,0.9736328125,0.9541015625,0.0966796875,0.51104707
0.6552734375,0.9736328125,0.0126953125,0.8271484375,0.3310647
0.9306640625,0.9755859375,0.9541015625,0.8271484375,0.4456016
0.9052734375,0.2236328125,0.7626953125,0.8466796875,0.2666101
0.6806640625,0.2236328125,0.7626953125,0.8466796875,0.2643367
0.9052734375,0.7255859375,0.7626953125,0.8466796875,0.45989168
0.9052734375,0.2236328125,0.2041015625,0.8466796875,0.16378279
0.9052734375,0.2236328125,0.7626953125,0.5771484375,0.3055744
0.6806640625,0.7255859375,0.2041015625,0.5771484375,0.39375538
0.4052734375,0.7236328125,0.2626953125,0.3466796875,0.4030626
0.1806640625,0.7236328125,0.2626953125,0.3466796875,0.3692615
0.4052734375,0.2255859375,0.2626953125,0.3466796875,0.20994078
0.4052734375,0.7236328125,0.7041015625,0.3466796875,0.4910711
0.4052734375,0.7236328125,0.2626953125,0.0771484375,0.415829
0.1806640625,0.2255859375,0.7041015625,0.0771484375,0.27691457
0.2802734375,0.0986328125,0.1376953125,0.4716796875,0.15345414
0.0556640625,0.0986328125,0.1376953125,0.4716796875,0.11497435
0.2802734375,0.3505859375,0.1376953125,0.4716796875,0.19021413
0.2802734375,0.0986328125,0.0791015625,0.4716796875,0.14520523
0.2802734375,0.0986328125,0.1376953125,0.7021484375,0.12692827
0.0556640625,0.3505859375,0.0791015625,0.7021484375,0.11695956
0.7802734375,0.5986328125,0.6376953125,0.9716796875,0.42286825
0.5556640625,0.5986328125,0.6376953125,0.9716796875,0.41150486
0.7802734375,0.8505859375,0.6376953125,0.9716796875,0.4288774
0.7802734375,0.5986328125,0.5791015625,0.9716796875,0.4144113
0.7802734375,0.5986328125,0.6376953125,0.2021484375,0.51512134
0.5556640625,0.8505859375,0.5791015625,0.2021484375,0.5013102
0.5302734375,0.3486328125,0.3876953125,0.2216796875,0.29435772
0.8056640625,0.3486328125,0.3876953125,0.2216796875,0.30824503
0.5302734375,0.6005859375,0.3876953125,0.2216796875,0.45001176
0.5302734375,0.3486328125,0.3291015625,0.2216796875,0.27943447
0.5302734375,0.3486328125,0.3876953125,0.4521484375,0.27903238
0.8056640625,0.6005859375,0.3291015625,0.4521484375,0.4336505
0.0302734375,0.8486328125,0.8876953125,0.7216796875,0.38563237
0.3056640625,0.8486328125,0.8876953125,0.7216796875,0.43265888
0.0302734375,0.1005859375,0.8876953125,0.7216796875,0.18859792
0.0302734375,0.8486328125,0.8291015625,0.7216796875,0.39108858
0.0302734375,0.8486328125,0.8876953125,0.9521484375,0.34483615
0.3056640625,0.1005859375,0.8291015625,0.9521484375,0.20028442
0.0224609375,0.4501953125,0.4267578125,0.1044921875,0.3203186
0.2041015625,0.4501953125,0.4267578125,0.1044921875,0.35270652
0.0224609375,0.3115234375,0.4267578125,0.1044921875,0.21596561
0.0224609375,0.4501953125,0.9150390625,0.1044921875,0.3576913
0.0224609375,0.4501953125,0.4267578125,0.8818359375,0.24242574
0.2041015625,0.3115234375,0.9150390625,0.8818359375,0.20783332
0.5224609375,0.9501953125,0.9267578125,0.6044921875,0.4696327
0.7041015625,0.9501953125,0.9267578125,0.6044921875,0.48194814
0.5224609375,0.8115234375,0.9267578125,0.6044921875,0.4695469
0.5224609375,0.9501953125,0.4150390625,0.6044921875,0.43108588
0.5224609375,0.9501953125,0.9267578125,0.3818359375,0.490847
0.7041015625,0.8115234375,0.4150390625,0.3818359375,0.46452993
0.7724609375,0.2001953125,0.1767578125,0.3544921875,0.2165978
0.9541015625,0.2001953125,0.1767578125,0.3544921875,0.21423468
0.7724609375,0.5615234375,0.1767578125,0.3544921875,0.39948693
0.7724609375,0.2001953125,0.6650390625,0.3544921875,0.3202274
0.7724609375,0.2001953125,0.1767578125,0.1318359375,0.22810338
0.9541015625,0.5615234375,0.6650390625,0.1318359375,0.512259
0.2724609375,0.7001953125,0.6767578125,0.8544921875,0.40910545
0.4541015625,0.7001953125,0.6767578125,0.8544921875,0.43378037
0.2724609375,0.0615234375,0.6767578125,0.8544921875,0.21268424
0.2724609375,0.7001953125,0.1650390625,0.8544921875,0.30222017
0.2724609375,0.7001953125,0.6767578125,0.6318359375,0.44299424
0.4541015625,0.0615234375,0.1650390625,0.6318359375,0.1643627
0.3974609375,0.0751953125,0.8017578125,0.9794921875,0.20849763
0.3291015625,0.0751953125,0.8017578125,0.9794921875,0.19917776
0.3974609375,0.4365234375,0.8017578125,0.9794921875,0.318766
0.3974609375,0.0751953125,0.5400390625,0.9794921875,0.18607904
0.3974609375,0.0751953125,0.8017578125,0.0068359375,0.3089137
0.3291015625,0.4365234375,0.5400390625,0.0068359375,0.38744363
0.8974609375,0.5751953125,0.3017578125,0.4794921875,0.41986263
0.8291015625,0.5751953125,0.3017578125,0.4794921875,0.4207552
0.8974609375,0.9365234375,0.3017578125,0.4794921875,0.42931464
0.8974609375,0.5751953125,0.0400390625,0.4794921875,0.37269202
0.8974609375,0.5751953125,0.3017578125,0.5068359375,0.41726923
0.8291015625,0.9365234375,0.0400390625,0.5068359375,0.38044322
0.6474609375,0.3251953125,0.5517578125,0.7294921875,0.28141552
0.5791015625,0.3251953125,0.5517578125,0.7294921875,0.27676386
0.6474609375,0.6865234375,0.5517578125,0.7294921875,0.45352402
0.6474609375,0.3251953125,0.7900390625,0.7294921875,0.30198166
0.6474609375,0.3251953125,0.5517578125,0.7568359375,0.2772656
0.5791015625,0.6865234375,0.7900390625,0.7568359375,0.4652886
0.1474609375,0.8251953125,0.0517578125,0.2294921875,0.3341229
0.0791015625,0.8251953125,0.0517578125,0.2294921875,0.32188973
0.1474609375,0.1865234375,0.0517578125,0.2294921875,0.1385425
0.1474609375,0.8251953125,0.2900390625,0.2294921875,0.3773958
0.1474609375,0.8251953125,0.0517578125,0.2568359375,0.3327218
0.0791015625,0.1865234375,0.2900390625,0.2568359375,0.16818118
0.2099609375,0.1376953125,0.6142578125,0.4169921875,0.25183693
0.6416015625,0.1376953125,0.6142578125,0.4169921875,0.3029628
0.2099609375,0.1240234375,0.6142578125,0.4169921875,0.2516788
0.2099609375,0.1376953125,0.6025390625,0.4169921875,0.250142
0.2099609375,0.1376953125,0.6142578125,0.0693359375,0.27002192
0.6416015625,0.1240234375,0.6025390625,0.0693359375,0.3192947
0.7099609375,0.6376953125,0.1142578125,0.9169921875,0.3242831
0.1416015625,0.6376953125,0.1142578125,0.9169921875,0.2581427
0.7099609375,0.6240234375,0.1142578125,0.9169921875,0.32341653
0.7099609375,0.6376953125,0.1025390625,0.9169921875,0.32262984
0.7099609375,0.6376953125,0.1142578125,0.5693359375,0.3774172
0.1416015625,0.6240234375,0.1025390625,0.5693359375,0.308757
0.9599609375,0.3876953125,0.8642578125,0.1669921875,0.3893335
0.3916015625,0.3876953125,0.8642578125,0.1669921875,0.3629312
0.9599609375,0.8740234375,0.8642578125,0.1669921875,0.5224551
0.9599609375,0.3876953125,0.8525390625,0.1669921875,0.39042702
0.9599609375,0.3876953125,0.8642578125,0.8193359375,0.32500133
0.3916015625,0.8740234375,0.8525390625,0.8193359375,0.43281418
0.4599609375,0.8876953125,0.3642578125,0.6669921875,0.4038645
0.8916015625,0.8876953125,0.3642578125,0.6669921875,0.42427322
0.4599609375,0.3740234375,0.3642578125,0.6669921875,0.25958413
0.4599609375,0.8876953125,0.3525390625,0.6669921875,0.4008736
0.4599609375,0.8876953125,0.3642578125,0.3193359375,0.43720868
0.8916015625,0.3740234375,0.3525390625,0.3193359375,0.3103461
0.3349609375,0.2626953125,0.2392578125,0.5419921875,0.18222684
0.7666015625,0.2626953125,0.2392578125,0.5419921875,0.21886694
0.3349609375,0.2490234375,0.2392578125,0.5419921875,0.18045822
0.3349609375,0.2626953125,0.9775390625,0.5419921875,0.25566083
0.3349609375,0.2626953125,0.2392578125,0.9443359375,0.12058796
0.7666015625,0.2490234375,0.9775390625,0.9443359375,0.22889347
0.8349609375,0.7626953125,0.7392578125,0.0419921875,0.5342047
0.2666015625,0.7626953125,0.7392578125,0.0419921875,0.48680416
0.8349609375,0.7490234375,0.7392578125,0.0419921875,0.53412974
0.8349609375,0.7626953125,0.4775390625,0.0419921875,0.49797583
0.8349609375,0.7626953125,0.7392578125,0.4443359375,0.51301265
0.2666015625,0.7490234375,0.4775390625,0.4443359375,0.4293083
0.5849609375,0.0126953125,0.4892578125,0.7919921875,0.23039648
0.0166015625,0.0126953125,0.4892578125,0.7919921875,0.14866745
0.5849609375,0.9990234375,0.4892578125,0.7919921875,0.42773697
0.5849609375,0.0126953125,0.7275390625,0.7919921875,0.26363176
0.5849609375,0.0126953125,0.4892578125,0.1943359375,0.2889727
0.0166015625,0.9990234375,0.7275390625,0.1943359375,0.43781942
0.0849609375,0.5126953125,0.9892578125,0.2919921875,0.39282128
0.5166015625,0.5126953125,0.9892578125,0.2919921875,0.45599696
0.0849609375,0.4990234375,0.9892578125,0.2919921875,0.38540924
0.0849609375,0.5126953125,0.2275390625,0.2919921875,0.31902972
0.0849609375,0.5126953125,0.9892578125,0.6943359375,0.35408542
0.5166015625,0.4990234375,0.2275390625,0.6943359375,0.33605748
0.1162109375,0.0439453125,0.0830078125,0.6982421875,0.09200611
0.4853515625,0.0439453125,0.0830078125,0.6982421875,0.1463831
0.1162109375,0.7177734375,0.0830078125,0.6982421875,0.28871426
0.1162109375,0.0439453125,0.3837890625,0.6982421875,0.1556845
0.1162109375,0.0439453125,0.0830078125,0.2255859375,0.13484906
0.4853515625,0.7177734375,0.3837890625,0.2255859375,0.44961256
0.6162109375,0.5439453125,0.5830078125,0.1982421875,0.4899206
0.9853515625,0.5439453125,0.5830078125,0.1982421875,0.49267915
0.6162109375,0.2177734375,0.5830078125,0.1982421875,0.31263041
0.6162109375,0.5439453125,0.8837890625,0.1982421875,0.49816662
0.6162109375,0.5439453125,0.5830078125,0.7255859375,0.44186452
0.9853515625,0.2177734375,0.8837890625,0.7255859375,0.27557892
0.8662109375,0.2939453125,0.3330078125,0.9482421875,0.18558532
0.7353515625,0.2939453125,0.3330078125,0.9482421875,0.18459237
0.8662109375,0.4677734375,0.3330078125,0.9482421875,0.3104464
0.8662109375,0.2939453125,0.1337890625,0.9482421875,0.14200035
0.8662109375,0.2939453125,0.3330078125,0.9755859375,0.17977467
0.7353515625,0.4677734375,0.1337890625,0.9755859375,0.2600579
0.3662109375,0.7939453125,0.8330078125,0.4482421875,0.4777972
0.2353515625,0.7939453125,0.8330078125,0.4482421875,0.45822436
0.3662109375,0.9677734375,0.8330078125,0.4482421875,0.47792286
0.3662109375,0.7939453125,0.6337890625,0.4482421875,0.4721532
0.3662109375,0.7939453125,0.8330078125,0.4755859375,0.47537276
0.2353515625,0.9677734375,0.6337890625,0.4755859375,0.45028153
0.4912109375,0.4189453125,0.7080078125,0.3232421875,0.39919382
0.1103515625,0.4189453125,0.7080078125,0.3232421875,0.34315392
0.4912109375,0.5927734375,0.7080078125,0.3232421875,0.49649787
0.4912109375,0.4189453125,0.0087890625,0.3232421875,0.27126443
0.4912109375,0.4189453125,0.7080078125,0.8505859375,0.33744553
0.1103515625,0.5927734375,0.0087890625,0.8505859375,0.25078028
0.9912109375,0.9189453125,0.2080078125,0.8232421875,0.35899365
0.6103515625,0.9189453125,0.2080078125,0.8232421875,0.35615072
0.9912109375,0.0927734375,0.2080078125,0.8232421875,0.16188025
0.9912109375,0.9189453125,0.5087890625,0.8232421875,0.43142518
0.9912109375,0.9189453125,0.2080078125,0.3505859375,0.41410887
0.6103515625,0.0927734375,0.5087890625,0.3505859375,0.28658408
0.7412109375,0.1689453125,0.9580078125,0.0732421875,0.31845838
0.8603515625,0.1689453125,0.9580078125,0.0732421875,0.31936273
0.7412109375,0.3427734375,0.9580078125,0.0732421875,0.34984925
0.7412109375,0.1689453125,0.2587890625,0.0732421875,0.2459618
0.7412109375,0.1689453125,0.9580078125,0.1005859375,0.31761748
0.8603515625,0.3427734375,0.2587890625,0.1005859375,0.27741614
0.2412109375,0.6689453125,0.4580078125,0.5732421875,0.40684927
0.3603515625,0.6689453125,0.4580078125,0.5732421875,0.424676
0.2412109375,0.8427734375,0.4580078125,0.5732421875,0.40833634
0.2412109375,0.6689453125,0.7587890625,0.5732421875,0.44789565
0.2412109375,0.6689453125,0.4580078125,0.6005859375,0.40371484
0.3603515625,0.8427734375,0.7587890625,0.6005859375,0.4640751
0.1787109375,0.3564453125,0.8955078125,0.7607421875,0.24873872
0.9228515625,0.3564453125,0.8955078125,0.7607421875,0.30895844
0.1787109375,0.9052734375,0.8955078125,0.7607421875,0.40542963
0.1787109375,0.3564453125,0.0712890625,0.7607421875,0.13292524
0.1787109375,0.3564453125,0.8955078125,0.7880859375,0.24436863
0.9228515625,0.9052734375,0.0712890625,0.7880859375,0.34546578
0.6787109375,0.8564453125,0.3955078125,0.2607421875,0.46627015
0.4228515625,0.8564453125,0.3955078125,0.2607421875,0.44421175
0.6787109375,0.4052734375,0.3955078125,0.2607421875,0.34907165
0.6787109375,0.8564453125,0.5712890625,0.2607421875,0.5052921
0.6787109375,0.8564453125,0.3955078125,0.2880859375,0.46473992
0.4228515625,0.4052734375,0.5712890625,0.2880859375,0.36450496
0.9287109375,0.1064453125,0.6455078125,0.5107421875,0.30187815
0.1728515625,0.1064453125,0.6455078125,0.5107421875,0.24085122
0.9287109375,0.1552734375,0.6455078125,0.5107421875,0.3024631
0.9287109375,0.1064453125,0.3212890625,0.5107421875,0.23328051
0.9287109375,0.1064453125,0.6455078125,0.0380859375,0.3292638
0.1728515625,0.1552734375,0.3212890625,0.0380859375,0.20022419
0.4287109375,0.6064453125,0.1455078125,0.0107421875,0.39148763
0.6728515625,0.6064453125,0.1455078125,0.0107421875,0.4125515
0.4287109375,0.6552734375,0.1455078125,0.0107421875,0.39468357
0.4287109375,0.6064453125,0.8212890625,0.0107421875,0.5037683
0.4287109375,0.6064453125,0.1455078125,0.5380859375,0.36067727
0.6728515625,0.6552734375,0.8212890625,0.5380859375,0.49721777
0.3037109375,0.2314453125,0.2705078125,0.1357421875,0.20904508
0.5478515625,0.2314453125,0.2705078125,0.1357421875,0.23843658
0.3037109375,0.7802734375,0.2705078125,0.1357421875,0.4020662
0.3037109375,0.2314453125,0.4462890625,0.1357421875,0.2530361
0.3037109375,0.2314453125,0.2705078125,0.1630859375,0.20799717
0.5478515625,0.7802734375,0.4462890625,0.1630859375,0.47440085
0.8037109375,0.7314453125,0.7705078125,0.6357421875,0.49293715
0.0478515625,0.7314453125,0.7705078125,0.6357421875,0.40778315
0.8037109375,0.2802734375,0.7705078125,0.6357421875,0.306692
0.8037109375,0.7314453125,0.9462890625,0.6357421875,0.47685325
0.8037109375,0.7314453125,0.7705078125,0.6630859375,0.4894136
0.0478515625,0.2802734375,0.9462890625,0.6630859375,0.20193057
0.5537109375,0.4814453125,0.0205078125,0.3857421875,0.3294299
0.2978515625,0.4814453125,0.0205078125,0.3857421875,0.29865065
0.5537109375,0.0302734375,0.0205078125,0.3857421875,0.1803003
0.5537109375,0.4814453125,0.1962890625,0.3857421875,0.3537462
0.5537109375,0.4814453125,0.0205078125,0.9130859375,0.260177
0.2978515625,0.0302734375,0.1962890625,0.9130859375,0.10458447
0.0537109375,0.9814453125,0.5205078125,0.8857421875,0.34302554
0.7978515625,0.9814453125,0.5205078125,0.8857421875,0.42705318
0.0537109375,0.5302734375,0.5205078125,0.8857421875,0.32146177
0.0537109375,0.9814453125,0.6962890625,0.8857421875,0.36795494
0.0537109375,0.9814453125,0.5205078125,0.4130859375,0.4048671
0.7978515625,0.5302734375,0.6962890625,0.4130859375,0.4922604
0.0380859375,0.2158203125,0.8486328125,0.5888671875,0.21414286
0.0634765625,0.2158203125,0.8486328125,0.5888671875,0.21883044
0.0380859375,0.6396484375,0.8486328125,0.5888671875,0.40570763
0.0380859375,0.2158203125,0.1494140625,0.5888671875,0.104479305
0.0380859375,0.2158203125,0.8486328125,0.3037109375,0.23877172
0.0634765625,0.6396484375,0.1494140625,0.3037109375,0.32536054
0.5380859375,0.7158203125,0.3486328125,0.0888671875,0.4512005
0.5634765625,0.7158203125,0.3486328125,0.0888671875,0.4534077
0.5380859375,0.1396484375,0.3486328125,0.0888671875,0.25510508
0.5380859375,0.7158203125,0.6494140625,0.0888671875,0.5132902
0.5380859375,0.7158203125,0.3486328125,0.8037109375,0.38673204
0.5634765625,0.1396484375,0.6494140625,0.8037109375,0.2549336
0.7880859375,0.4658203125,0.5986328125,0.8388671875,0.3893779
0.8134765625,0.4658203125,0.5986328125,0.8388671875,0.38957095
0.7880859375,0.3896484375,0.5986328125,0.8388671875,0.3182602
0.7880859375,0.4658203125,0.3994140625,0.8388671875,0.34688032
0.7880859375,0.4658203125,0.5986328125,0.5537109375,0.42952684
0.8134765625,0.3896484375,0.3994140625,0.5537109375,0.31610462
0.2880859375,0.9658203125,0.0986328125,0.3388671875,0.35629737
0.3134765625,0.9658203125,0.0986328125,0.3388671875,0.36010304
0.2880859375,0.8896484375,0.0986328125,0.3388671875,0.35628223
0.2880859375,0.9658203125,0.8994140625,0.3388671875,0.46830118
0.2880859375,0.9658203125,0.0986328125,0.0537109375,0.36920446
0.3134765625,0.8896484375,0.8994140625,0.0537109375,0.48499876
0.4130859375,0.3408203125,0.4736328125,0.4638671875,0.28190845
0.4384765625,0.3408203125,0.4736328125,0.4638671875,0.28498828
0.4130859375,0.5146484375,0.4736328125,0.4638671875,0.41944292
0.4130859375,0.3408203125,0.2744140625,0.4638671875,0.23239928
0.4130859375,0.3408203125,0.4736328125,0.6787109375,0.25793064
0.4384765625,0.5146484375,0.2744140625,0.6787109375,0.34903577
0.9130859375,0.8408203125,0.9736328125,0.9638671875,0.41618717
0.9384765625,0.8408203125,0.9736328125,0.9638671875,0.41533464
0.9130859375,0.0146484375,0.9736328125,0.9638671875,0.21889792
0.9130859375,0.8408203125,0.7744140625,0.9638671875,0.43709457
0.9130859375,0.8408203125,0.9736328125,0.1787109375,0.50779146
0.9384765625,0.0146484375,0.7744140625,0.1787109375,0.33055717
0.6630859375,0.0908203125,0.2236328125,0.2138671875,0.2285529
0.6884765625,0.0908203125,0.2236328125,0.2138671875,0.2297823
0.6630859375,0.2646484375,0.2236328125,0.2138671875,0.23625787
0.6630859375,0.0908203125,0.0244140625,0.2138671875,0.19867983
0.6630859375,0.0908203125,0.2236328125,0.4287109375,0.21483742
0.6884765625,0.2646484375,0.0244140625,0.4287109375,0.19389874
0.1630859375,0.5908203125,0.7236328125,0.7138671875,0.41062835
0.1884765625,0.5908203125,0.7236328125,0.7138671875,0.41497862
0.1630859375,0.7646484375,0.7236328125,0.7138671875,0.4174257
0.1630859375,0.5908203125,0.5244140625,0.7138671875,0.38507846
0.1630859375,0.5908203125,0.7236328125,0.9287109375,0.37352648
0.1884765625,0.7646484375,0.5244140625,0.9287109375,0.3591242
0.2255859375,0.4033203125,0.1611328125,0.9013671875,0.16696562
0.5009765625,0.4033203125,0.1611328125,0.9013671875,0.20417155
0.2255859375,0.9521484375,0.1611328125,0.9013671875,0.28603292
0.2255859375,0.4033203125,0.3369140625,0.9013671875,0.20684756
0.2255859375,0.4033203125,0.1611328125,0.7412109375,0.19459422
0.5009765625,0.9521484375,0.3369140625,0.7412109375,0.3907494
0.7255859375,0.9033203125,0.6611328125,0.4013671875,0.5103641
0.0009765625,0.9033203125,0.6611328125,0.4013671875,0.41800293
0.7255859375,0.4521484375,0.6611328125,0.4013671875,0.43812603
0.7255859375,0.9033203125,0.8369140625,0.4013671875,0.5126965
0.7255859375,0.9033203125,0.6611328125,0.2412109375,0.52055925
0.0009765625,0.4521484375,0.8369140625,0.2412109375,0.35829234
0.9755859375,0.1533203125,0.4111328125,0.6513671875,0.23870364
0.2509765625,0.1533203125,0.4111328125,0.6513671875,0.19260544
0.9755859375,0.2021484375,0.4111328125,0.6513671875,0.24017051
0.9755859375,0.1533203125,0.0869140625,0.6513671875,0.16859415
0.9755859375,0.1533203125,0.4111328125,0.4912109375,0.25654885
0.2509765625,0.2021484375,0.0869140625,0.4912109375,0.14180802
0.4755859375,0.6533203125,0.9111328125,0.1513671875,0.49901062
0.7509765625,0.6533203125,0.9111328125,0.1513671875,0.51758045
0.4755859375,0.7021484375,0.9111328125,0.1513671875,0.5003007
0.4755859375,0.6533203125,0.5869140625,0.1513671875,0.49491045
0.4755859375,0.6533203125,0.9111328125,0.9912109375,0.40036318
0.7509765625,0.7021484375,0.5869140625,0.9912109375,0.41612285
0.3505859375,0.0283203125,0.5361328125,0.0263671875,0.27888116
0.8759765625,0.0283203125,0.5361328125,0.0263671875,0.31340736
0.3505859375,0.8271484375,0.5361328125,0.0263671875,0.47613624
0.3505859375,0.0283203125,0.2119140625,0.0263671875,0.20165262
0.3505859375,0.0283203125,0.5361328125,0.3662109375,0.26339558
0.8759765625,0.8271484375,0.2119140625,0.3662109375,0.4179483
0.8505859375,0.5283203125,0.0361328125,0.5263671875,0.3557638
0.3759765625,0.5283203125,0.0361328125,0.5263671875,0.3243694
0.8505859375,0.3271484375,0.0361328125,0.5263671875,0.2057252
0.8505859375,0.5283203125,0.7119140625,0.5263671875,0.48217157
0.8505859375,0.5283203125,0.0361328125,0.8662109375,0.30781192
0.3759765625,0.3271484375,0.7119140625,0.8662109375,0.25278673
0.6005859375,0.2783203125,0.7861328125,0.2763671875,0.32985726
0.1259765625,0.2783203125,0.7861328125,0.2763671875,0.26695624
0.6005859375,0.0771484375,0.7861328125,0.2763671875,0.31973788
0.6005859375,0.2783203125,0.4619140625,0.2763671875,0.29000244
0.6005859375,0.2783203125,0.7861328125,0.6162109375,0.30040193
0.1259765625,0.0771484375,0.4619140625,0.6162109375,0.18752667
0.1005859375,0.7783203125,0.2861328125,0.7763671875,0.31359914
0.6259765625,0.7783203125,0.2861328125,0.7763671875,0.38277492
0.1005859375,0.5771484375,0.2861328125,0.7763671875,0.30465907
0.1005859375,0.7783203125,0.9619140625,0.7763671875,0.3788336
0.1005859375,0.7783203125,0.2861328125,0.1162109375,0.3726948
0.6259765625,0.5771484375,0.9619140625,0.1162109375,0.49816492
0.0693359375,0.3095703125,0.6298828125,0.2451171875,0.2581336
0.3447265625,0.3095703125,0.6298828125,0.2451171875,0.3036032
0.0693359375,0.3583984375,0.6298828125,0.2451171875,0.28173757
0.0693359375,0.3095703125,0.6806640625,0.2451171875,0.2634024
0.0693359375,0.3095703125,0.6298828125,0.5849609375,0.23067199
0.3447265625,0.3583984375,0.6806640625,0.5849609375,0.30501434
0.5693359375,0.8095703125,0.1298828125,0.7451171875,0.351116
0.8447265625,0.8095703125,0.1298828125,0.7451171875,0.36157835
0.5693359375,0.8583984375,0.1298828125,0.7451171875,0.35117504
0.5693359375,0.8095703125,0.1806640625,0.7451171875,0.36011335
0.5693359375,0.8095703125,0.1298828125,0.0849609375,0.40633866
0.8447265625,0.8583984375,0.1806640625,0.0849609375,0.42585742
0.8193359375,0.0595703125,0.8798828125,0.4951171875,0.3049654
0.5947265625,0.0595703125,0.8798828125,0.4951171875,0.2964045
0.8193359375,0.6083984375,0.8798828125,0.4951171875,0.49720886
0.8193359375,0.0595703125,0.9306640625,0.4951171875,0.29811963
0.8193359375,0.0595703125,0.8798828125,0.3349609375,0.3177793
0.5947265625,0.6083984375,0.9306640625,0.3349609375,0.4946161
0.3193359375,0.5595703125,0.3798828125,0.9951171875,0.31921065
0.0947265625,0.5595703125,0.3798828125,0.9951171875,0.2820048
0.3193359375,0.1083984375,0.3798828125,0.9951171875,0.13486044
0.3193359375,0.5595703125,0.4306640625,0.9951171875,0.33195457
0.3193359375,0.5595703125,0.3798828125,0.8349609375,0.351058
0.0947265625,0.1083984375,0.4306640625,0.8349609375,0.14224587
0.4443359375,0.1845703125,0.0048828125,0.8701171875,0.10894318
0.2197265625,0.1845703125,0.0048828125,0.8701171875,0.07694711
0.4443359375,0.4833984375,0.0048828125,0.8701171875,0.2578662
0.4443359375,0.1845703125,0.8056640625,0.8701171875,0.23761763
0.4443359375,0.1845703125,0.0048828125,0.4599609375,0.16391899
0.2197265625,0.4833984375,0.8056640625,0.4599609375,0.4095204
0.9443359375,0.6845703125,0.5048828125,0.3701171875,0.48542523
0.7197265625,0.6845703125,0.5048828125,0.3701171875,0.4860354
0.9443359375,0.9833984375,0.5048828125,0.3701171875,0.48655164
0.9443359375,0.6845703125,0.3056640625,0.3701171875,0.43660232
0.9443359375,0.6845703125,0.5048828125,0.9599609375,0.40542358
0.7197265625,0.9833984375,0.3056640625,0.9599609375,0.35833728
0.6943359375,0.4345703125,0.2548828125,0.6201171875,0.31228703
0.9697265625,0.4345703125,0.2548828125,0.6201171875,0.3115413
0.6943359375,0.7333984375,0.2548828125,0.6201171875,0.40068132
0.6943359375,0.4345703125,0.5556640625,0.6201171875,0.38361824
0.6943359375,0.4345703125,0.2548828125,0.7099609375,0.30037248
0.9697265625,0.7333984375,0.5556640625,0.7099609375,0.45935225
0.1943359375,0.9345703125,0.7548828125,0.1201171875,0.47315946
0.4697265625,0.9345703125,0.7548828125,0.1201171875,0.51226217
0.1943359375,0.2333984375,0.7548828125,0.1201171875,0.28013858
0.1943359375,0.9345703125,0.0556640625,0.1201171875,0.34717354
0.1943359375,0.9345703125,0.7548828125,0.2099609375,0.4695288
0.4697265625,0.2333984375,0.0556640625,0.2099609375,0.18962471
0.1318359375,0.1220703125,0.3173828125,0.3076171875,0.18030587
0.7822265625,0.1220703125,0.3173828125,0.3076171875,0.25001952
0.1318359375,0.0458984375,0.3173828125,0.3076171875,0.17992406
0.1318359375,0.1220703125,0.8681640625,0.3076171875,0.2511275
0.1318359375,0.1220703125,0.3173828125,0.3974609375,0.1741297
0.7822265625,0.0458984375,0.8681640625,0.3974609375,0.31428316
0.6318359375,0.6220703125,0.8173828125,0.8076171875,0.45690912
0.2822265625,0.6220703125,0.8173828125,0.8076171875,0.41794842
0.6318359375,0.5458984375,0.8173828125,0.8076171875,0.44445968
0.6318359375,0.6220703125,0.3681640625,0.8076171875,0.39500967
0.6318359375,0.6220703125,0.8173828125,0.8974609375,0.44065404
0.2822265625,0.5458984375,0.3681640625,0.8974609375,0.32734442
0.8818359375,0.3720703125,0.0673828125,0.0576171875,0.26312992
0.0322265625,0.3720703125,0.0673828125,0.0576171875,0.17557043
0.8818359375,0.7958984375,0.0673828125,0.0576171875,0.4087954
0.8818359375,0.3720703125,0.6181640625,0.0576171875,0.37784454
0.8818359375,0.3720703125,0.0673828125,0.6474609375,0.22080195
0.0322265625,0.7958984375,0.6181640625,0.6474609375,0.39362255
0.3818359375,0.8720703125,0.5673828125,0.5576171875,0.45374852
0.5322265625,0.8720703125,0.5673828125,0.5576171875,0.47072327
0.3818359375,0.2958984375,0.5673828125,0.5576171875,0.27068985
0.3818359375,0.8720703125,0.1181640625,0.5576171875,0.3534857
0.3818359375,0.8720703125,0.5673828125,0.1474609375,0.48252743
0.5322265625,0.2958984375,0.1181640625,0.1474609375,0.21618067
0.2568359375,0.4970703125,0.9423828125,0.6826171875,0.3850995
0.6572265625,0.4970703125,0.9423828125,0.6826171875,0.42950144
0.2568359375,0.1708984375,0.9423828125,0.6826171875,0.22679672
0.2568359375,0.4970703125,0.7431640625,0.6826171875,0.40037635
0.2568359375,0.4970703125,0.9423828125,0.5224609375,0.40405095
0.6572265625,0.1708984375,0.7431640625,0.5224609375,0.305427
0.7568359375,0.9970703125,0.4423828125,0.1826171875,0.4844293
0.1572265625,0.9970703125,0.4423828125,0.1826171875,0.41962546
0.7568359375,0.6708984375,0.4423828125,0.1826171875,0.4829531
0.7568359375,0.9970703125,0.2431640625,0.1826171875,0.43497097
0.7568359375,0.9970703125,0.4423828125,0.0224609375,0.48968053
0.1572265625,0.6708984375,0.2431640625,0.0224609375,0.3739422
0.5068359375,0.2470703125,0.6923828125,0.9326171875,0.23469749
0.4072265625,0.2470703125,0.6923828125,0.9326171875,0.22343627
0.5068359375,0.9208984375,0.6923828125,0.9326171875,0.42639428
0.5068359375,0.2470703125,0.9931640625,0.9326171875,0.2123777
0.5068359375,0.2470703125,0.6923828125,0.2724609375,0.3152189
0.4072265625,0.9208984375,0.9931640625,0.2724609375,0.47333467
0.0068359375,0.7470703125,0.1923828125,0.4326171875,0.31611273
0.9072265625,0.7470703125,0.1923828125,0.4326171875,0.4078166
0.0068359375,0.4208984375,0.1923828125,0.4326171875,0.21427295
0.0068359375,0.7470703125,0.4931640625,0.4326171875,0.3883722
0.0068359375,0.7470703125,0.1923828125,0.7724609375,0.2756275
0.9072265625,0.4208984375,0.4931640625,0.7724609375,0.3377511
0.0048828125,0.2490234375,0.3505859375,0.7119140625,0.13063699
0.6982421875,0.2490234375,0.3505859375,0.7119140625,0.22126049
0.0048828125,0.5439453125,0.3505859375,0.7119140625,0.30524242
0.0048828125,0.2490234375,0.7529296875,0.7119140625,0.19846666
0.0048828125,0.2490234375,0.3505859375,0.7001953125,0.13230659
0.6982421875,0.5439453125,0.7529296875,0.7001953125,0.46536517
0.5048828125,0.7490234375,0.8505859375,0.2119140625,0.5081312
0.1982421875,0.7490234375,0.8505859375,0.2119140625,0.4659948
0.5048828125,0.0439453125,0.8505859375,0.2119140625,0.31115273
0.5048828125,0.7490234375,0.2529296875,0.2119140625,0.41995174
0.5048828125,0.7490234375,0.8505859375,0.2001953125,0.5086691
0.1982421875,0.0439453125,0.2529296875,0.2001953125,0.1813746
0.7548828125,0.4990234375,0.1005859375,0.9619140625,0.28066736
0.4482421875,0.4990234375,0.1005859375,0.9619140625,0.2589468
0.7548828125,0.2939453125,0.1005859375,0.9619140625,0.13371606
0.7548828125,0.4990234375,0.5029296875,0.9619140625,0.37068763
0.7548828125,0.4990234375,0.1005859375,0.4501953125,0.35476208
0.4482421875,0.2939453125,0.5029296875,0.4501953125,0.2761105
0.2548828125,0.9990234375,0.6005859375,0.4619140625,0.4500896
0.9482421875,0.9990234375,0.6005859375,0.4619140625,0.4968044
0.2548828125,0.7939453125,0.6005859375,0.4619140625,0.44996205
0.2548828125,0.9990234375,0.0029296875,0.4619140625,0.3330619
0.2548828125,0.9990234375,0.6005859375,0.9501953125,0.37949014
0.9482421875,0.7939453125,0.0029296875,0.9501953125,0.30904967
0.3798828125,0.3740234375,0.9755859375,0.3369140625,0.32501155
0.8232421875,0.3740234375,0.9755859375,0.3369140625,0.3560053
0.3798828125,0.6689453125,0.9755859375,0.3369140625,0.46777576
0.3798828125,0.3740234375,0.6279296875,0.3369140625,0.33751926
0.3798828125,0.3740234375,0.9755859375,0.3251953125,0.3257738
0.8232421875,0.6689453125,0.6279296875,0.3251953125,0.5120395
0.8798828125,0.8740234375,0.4755859375,0.8369140625,0.42573285
0.3232421875,0.8740234375,0.4755859375,0.8369140625,0.38738555
0.8798828125,0.1689453125,0.4755859375,0.8369140625,0.22959779
0.8798828125,0.8740234375,0.1279296875,0.8369140625,0.3458134
0.8798828125,0.8740234375,0.4755859375,0.8251953125,0.42778292
0.3232421875,0.1689453125,0.1279296875,0.8251953125,0.11338113
0.6298828125,0.1240234375,0.7255859375,0.0869140625,0.32973766
0.0732421875,0.1240234375,0.7255859375,0.0869140625,0.25534642
0.6298828125,0.4189453125,0.7255859375,0.0869140625,0.42255148
0.6298828125,0.1240234375,0.8779296875,0.0869140625,0.32389867
0.6298828125,0.1240234375,0.7255859375,0.5751953125,0.2969435
0.0732421875,0.4189453125,0.8779296875,0.5751953125,0.30952707
0.1298828125,0.6240234375,0.2255859375,0.5869140625,0.32708967
0.5732421875,0.6240234375,0.2255859375,0.5869140625,0.3872155
0.1298828125,0.9189453125,0.2255859375,0.5869140625,0.33078143
0.1298828125,0.6240234375,0.3779296875,0.5869140625,0.36439848
0.1298828125,0.6240234375,0.2255859375,0.0751953125,0.36156446
0.5732421875,0.9189453125,0.3779296875,0.0751953125,0.46269086
0.1923828125,0.4365234375,0.6630859375,0.7744140625,0.32240608
0.1357421875,0.4365234375,0.6630859375,0.7744140625,0.312614
0.1923828125,0.8564453125,0.6630859375,0.7744140625,0.40930513
0.1923828125,0.4365234375,0.6904296875,0.7744140625,0.32470223
0.1923828125,0.4365234375,0.6630859375,0.2626953125,0.37477383
0.1357421875,0.8564453125,0.6904296875,0.2626953125,0.45417687
0.6923828125,0.9365234375,0.1630859375,0.2744140625,0.4117226
0.6357421875,0.9365234375,0.1630859375,0.2744140625,0.40876928
0.6923828125,0.3564453125,0.1630859375,0.2744140625,0.2550251
0.6923828125,0.9365234375,0.1904296875,0.2744140625,0.41697633
0.6923828125,0.9365234375,0.1630859375,0.7626953125,0.36185497
0.6357421875,0.3564453125,0.1904296875,0.7626953125,0.20745789
0.9423828125,0.1865234375,0.9130859375,0.5244140625,0.29714733
0.8857421875,0.1865234375,0.9130859375,0.5244140625,0.298832
0.9423828125,0.1064453125,0.9130859375,0.5244140625,0.29575863
0.9423828125,0.1865234375,0.9404296875,0.5244140625,0.29297346
0.9423828125,0.1865234375,0.9130859375,0.5126953125,0.29831937
0.8857421875,0.1064453125,0.9404296875,0.5126953125,0.29444146
0.4423828125,0.6865234375,0.4130859375,0.0244140625,0.45888558
0.3857421875,0.6865234375,0.4130859375,0.0244140625,0.45185044
0.4423828125,0.6064453125,0.4130859375,0.0244140625,0.45476642
0.4423828125,0.6865234375,0.4404296875,0.0244140625,0.46562982
0.4423828125,0.6865234375,0.4130859375,0.0126953125,0.45916003
0.3857421875,0.6064453125,0.4404296875,0.0126953125,0.45474997
0.3173828125,0.0615234375,0.0380859375,0.1494140625,0.16680771
0.2607421875,0.0615234375,0.0380859375,0.1494140625,0.15818875
0.3173828125,0.9814453125,0.0380859375,0.1494140625,0.36405554
0.3173828125,0.0615234375,0.8154296875,0.1494140625,0.2929549
0.3173828125,0.0615234375,0.0380859375,0.6376953125,0.12872888
0.2607421875,0.9814453125,0.8154296875,0.6376953125,0.4435049
0.8173828125,0.5615234375,0.5380859375,0.6494140625,0.45594895
0.7607421875,0.5615234375,0.5380859375,0.6494140625,0.45529914
0.8173828125,0.4814453125,0.5380859375,0.6494140625,0.4199822
0.8173828125,0.5615234375,0.3154296875,0.6494140625,0.40272158
0.8173828125,0.5615234375,0.5380859375,0.1376953125,0.49596205
0.7607421875,0.4814453125,0.3154296875,0.1376953125,0.40611812
0.5673828125,0.3115234375,0.2880859375,0.3994140625,0.24451959
0.5107421875,0.3115234375,0.2880859375,0.3994140625,0.23940349
0.5673828125,0.2314453125,0.2880859375,0.3994140625,0.22971724
0.5673828125,0.3115234375,0.5654296875,0.3994140625,0.30965862
0.5673828125,0.3115234375,0.2880859375,0.3876953125,0.2454087
0.5107421875,0.2314453125,0.5654296875,0.3876953125,0.29062927
0.0673828125,0.8115234375,0.7880859375,0.8994140625,0.3696105
0.0107421875,0.8115234375,0.7880859375,0.8994140625,0.35911167
0.0673828125,0.7314453125,0.7880859375,0.8994140625,0.36925465
0.0673828125,0.8115234375,0.0654296875,0.8994140625,0.24488617
0.0673828125,0.8115234375,0.7880859375,0.8876953125,0.37186545
0.0107421875,0.7314453125,0.0654296875,0.8876953125,0.2362865
0.0986328125,0.2802734375,0.1318359375,0.1181640625,0.15357298
0.9794921875,0.2802734375,0.1318359375,0.1181640625,0.22552218
0.0986328125,0.4501953125,0.1318359375,0.1181640625,0.2662296
0.0986328125,0.2802734375,0.2841796875,0.1181640625,0.18528256
0.0986328125,0.2802734375,0.1318359375,0.4189453125,0.13677187
0.9794921875,0.4501953125,0.2841796875,0.4189453125,0.35308725
0.5986328125,0.7802734375,0.6318359375,0.6181640625,0.4788649
0.4794921875,0.7802734375,0.6318359375,0.6181640625,0.46811855
0.5986328125,0.9501953125,0.6318359375,0.6181640625,0.47902918
0.5986328125,0.7802734375,0.7841796875,0.6181640625,0.4869753
0.5986328125,0.7802734375,0.6318359375,0.9189453125,0.4310131
0.4794921875,0.9501953125,0.7841796875,0.9189453125,0.42854142
0.8486328125,0.0302734375,0.3818359375,0.3681640625,0.2621761
0.2294921875,0.0302734375,0.3818359375,0.3681640625,0.20892486
0.8486328125,0.7001953125,0.3818359375,0.3681640625,0.45866555
0.8486328125,0.0302734375,0.0341796875,0.3681640625,0.19425079
0.8486328125,0.0302734375,0.3818359375,0.6689453125,0.23185283
0.2294921875,0.7001953125,0.0341796875,0.6689453125,0.30716574
0.3486328125,0.5302734375,0.8818359375,0.8681640625,0.39379823
0.7294921875,0.5302734375,0.8818359375,0.8681640625,0.42758036
0.3486328125,0.2001953125,0.8818359375,0.8681640625,0.22025312
0.3486328125,0.5302734375,0.5341796875,0.8681640625,0.3764249
0.3486328125,0.5302734375,0.8818359375,0.1689453125,0.46676394
0.7294921875,0.2001953125,0.5341796875,0.1689453125,0.30962762
0.4736328125,0.1552734375,0.5068359375,0.9931640625,0.18605545
0.6044921875,0.1552734375,0.5068359375,0.9931640625,0.19785443
0.4736328125,0.3251953125,0.5068359375,0.9931640625,0.20931414
0.4736328125,0.1552734375,0.1591796875,0.9931640625,0.10445501
0.4736328125,0.1552734375,0.5068359375,0.5439453125,0.25796655
0.6044921875,0.3251953125,0.1591796875,0.5439453125,0.21142378
0.9736328125,0.6552734375,0.0068359375,0.4931640625,0.37394065
0.1044921875,0.6552734375,0.0068359375,0.4931640625,0.30275497
0.9736328125,0.8251953125,0.0068359375,0.4931640625,0.37588075
0.9736328125,0.6552734375,0.6591796875,0.4931640625,0.49818483
0.9736328125,0.6552734375,0.0068359375,0.0439453125,0.3994773
0.1044921875,0.8251953125,0.6591796875,0.0439453125,0.45447588
0.7236328125,0.4052734375,0.7568359375,0.7431640625,0.35969573
0.3544921875,0.4052734375,0.7568359375,0.7431640625,0.32691604
0.7236328125,0.5751953125,0.7568359375,0.7431640625,0.4674721
0.7236328125,0.4052734375,0.4091796875,0.7431640625,0.30671722
0.7236328125,0.4052734375,0.7568359375,0.2939453125,0.40542784
0.3544921875,0.5751953125,0.4091796875,0.2939453125,0.42744604
0.2236328125,0.9052734375,0.2568359375,0.2431640625,0.3817174
0.8544921875,0.9052734375,0.2568359375,0.2431640625,0.43587315
0.2236328125,0.0751953125,0.2568359375,0.2431640625,0.1845267
0.2236328125,0.9052734375,0.9091796875,0.2431640625,0.46238205
0.2236328125,0.9052734375,0.2568359375,0.7939453125,0.32514912
0.8544921875,0.0751953125,0.9091796875,0.7939453125,0.26277876
0.1611328125,0.0927734375,0.8193359375,0.4306640625,0.25110507
0.4169921875,0.0927734375,0.8193359375,0.4306640625,0.28973058
0.1611328125,0.1376953125,0.8193359375,0.4306640625,0.25149828
0.1611328125,0.0927734375,0.2216796875,0.4306640625,0.15363634
0.1611328125,0.0927734375,0.8193359375,0.6064453125,0.23347665
0.4169921875,0.1376953125,0.2216796875,0.6064453125,0.17502664
0.6611328125,0.5927734375,0.3193359375,0.9306640625,0.35851645
0.9169921875,0.5927734375,0.3193359375,0.9306640625,0.36142853
0.6611328125,0.6376953125,0.3193359375,0.9306640625,0.36245173
0.6611328125,0.5927734375,0.7216796875,0.9306640625,0.43349156
0.6611328125,0.5927734375,0.3193359375,0.1064453125,0.44592005
0.9169921875,0.6376953125,0.7216796875,0.1064453125,0.5277425
0.9111328125,0.3427734375,0.5693359375,0.1806640625,0.34626687
0.6669921875,0.3427734375,0.5693359375,0.1806640625,0.34348604
0.9111328125,0.8876953125,0.5693359375,0.1806640625,0.5110174
0.9111328125,0.3427734375,0.4716796875,0.1806640625,0.32617337
0.9111328125,0.3427734375,0.5693359375,0.3564453125,0.33654103
0.6669921875,0.8876953125,0.4716796875,0.3564453125,0.47841722
0.4111328125,0.8427734375,0.0693359375,0.6806640625,0.33594573
0.1669921875,0.8427734375,0.0693359375,0.6806640625,0.29906175
0.4111328125,0.3876953125,0.0693359375,0.6806640625,0.20284688
0.4111328125,0.8427734375,0.9716796875,0.6806640625,0.43996993
0.4111328125,0.8427734375,0.0693359375,0.8564453125,0.30807334
0.1669921875,0.3876953125,0.9716796875,0.8564453125,0.24211472
0.2861328125,0.4677734375,0.4443359375,0.5556640625,0.35536438
0.0419921875,0.4677734375,0.4443359375,0.5556640625,0.31345975
0.2861328125,0.0126953125,0.4443359375,0.5556640625,0.2167525
0.2861328125,0.4677734375,0.3466796875,0.5556640625,0.33081865
0.2861328125,0.4677734375,0.4443359375,0.4814453125,0.36279076
0.0419921875,0.0126953125,0.3466796875,0.4814453125,0.15772852
0.7861328125,0.9677734375,0.9443359375,0.0556640625,0.518348
0.5419921875,0.9677734375,0.9443359375,0.0556640625,0.5057096
0.7861328125,0.5126953125,0.9443359375,0.0556640625,0.48912352
0.7861328125,0.9677734375,0.8466796875,0.0556640625,0.53064317
0.7861328125,0.9677734375,0.9443359375,0.9814453125,0.41871315
0.5419921875,0.5126953125,0.8466796875,0.9814453125,0.3891455
0.5361328125,0.2177734375,0.1943359375,0.8056640625,0.1561956
0.7919921875,0.2177734375,0.1943359375,0.8056640625,0.16943067
0.5361328125,0.7626953125,0.1943359375,0.8056640625,0.3501286
0.5361328125,0.2177734375,0.0966796875,0.8056640625,0.13966134
0.5361328125,0.2177734375,0.1943359375,0.7314453125,0.16794719
0.7919921875,0.7626953125,0.0966796875,0.7314453125,0.35858104
0.0361328125,0.7177734375,0.6943359375,0.3056640625,0.4333452
0.2919921875,0.7177734375,0.6943359375,0.3056640625,0.47722828
0.0361328125,0.2626953125,0.6943359375,0.3056640625,0.24421087
0.0361328125,0.7177734375,0.5966796875,0.3056640625,0.42240185
0.0361328125,0.7177734375,0.6943359375,0.2314453125,0.4374349
0.2919921875,0.2626953125,0.5966796875,0.2314453125,0.28124034
0.0517578125,0.4833984375,0.9287109375,0.2275390625,0.38333997
0.5888671875,0.4833984375,0.9287109375,0.2275390625,0.45883736
0.0517578125,0.4033203125,0.9287109375,0.2275390625,0.3110601
0.0517578125,0.4833984375,0.0498046875,0.2275390625,0.2700688
0.0517578125,0.4833984375,0.9287109375,0.1220703125,0.3877411
0.5888671875,0.4033203125,0.0498046875,0.1220703125,0.27768746
0.5517578125,0.9833984375,0.4287109375,0.7275390625,0.42078808
0.0888671875,0.9833984375,0.4287109375,0.7275390625,0.35509598
0.5517578125,0.9033203125,0.4287109375,0.7275390625,0.42077625
0.5517578125,0.9833984375,0.5498046875,0.7275390625,0.44761974
0.5517578125,0.9833984375,0.4287109375,0.6220703125,0.43502346
0.0888671875,0.9033203125,0.5498046875,0.6220703125,0.39615119
0.8017578125,0.2333984375,0.6787109375,0.4775390625,0.31402135
0.3388671875,0.2333984375,0.6787109375,0.4775390625,0.27747703
0.8017578125,0.6533203125,0.6787109375,0.4775390625,0.50496167
0.8017578125,0.2333984375,0.2998046875,0.4775390625,0.23680517
0.8017578125,0.2333984375,0.6787109375,0.8720703125,0.2602641
0.3388671875,0.6533203125,0.2998046875,0.8720703125,0.3374439
0.3017578125,0.7333984375,0.1787109375,0.9775390625,0.28518212
0.8388671875,0.7333984375,0.1787109375,0.9775390625,0.3271811
0.3017578125,0.1533203125,0.1787109375,0.9775390625,0.08912283
0.3017578125,0.7333984375,0.7998046875,0.9775390625,0.39243495
0.3017578125,0.7333984375,0.1787109375,0.3720703125,0.36881495
0.8388671875,0.1533203125,0.7998046875,0.3720703125,0.32200748
0.4267578125,0.1083984375,0.3037109375,0.8525390625,0.15864226
0.9638671875,0.1083984375,0.3037109375,0.8525390625,0.18045735
0.4267578125,0.2783203125,0.3037109375,0.8525390625,0.16858903
0.4267578125,0.1083984375,0.4248046875,0.8525390625,0.18926147
0.4267578125,0.1083984375,0.3037109375,0.9970703125,0.12949595
0.9638671875,0.2783203125,0.4248046875,0.9970703125,0.19187704
0.9267578125,0.6083984375,0.8037109375,0.3525390625,0.5129937
0.4638671875,0.6083984375,0.8037109375,0.3525390625,0.49401188
0.9267578125,0.7783203125,0.8037109375,0.3525390625,0.51783
0.9267578125,0.6083984375,0.9248046875,0.3525390625,0.5011485
0.9267578125,0.6083984375,0.8037109375,0.4970703125,0.50117433
0.4638671875,0.7783203125,0.9248046875,0.4970703125,0.47518364
0.6767578125,0.3583984375,0.0537109375,0.6025390625,0.21233407
0.2138671875,0.3583984375,0.0537109375,0.6025390625,0.1599684
0.6767578125,0.5283203125,0.0537109375,0.6025390625,0.3454518
0.6767578125,0.3583984375,0.1748046875,0.6025390625,0.2298399
0.6767578125,0.3583984375,0.0537109375,0.2470703125,0.24173632
0.2138671875,0.5283203125,0.1748046875,0.2470703125,0.33999422
0.1767578125,0.8583984375,0.5537109375,0.1025390625,0.45018753
0.7138671875,0.8583984375,0.5537109375,0.1025390625,0.5103695
0.1767578125,0.0283203125,0.5537109375,0.1025390625,0.25290143
0.1767578125,0.8583984375,0.6748046875,0.1025390625,0.4669583
0.1767578125,0.8583984375,0.5537109375,0.7470703125,0.39522135
0.7138671875,0.0283203125,0.6748046875,0.7470703125,0.27488792
0.2392578125,0.1708984375,0.1162109375,0.2900390625,0.15803061
0.0263671875,0.1708984375,0.1162109375,0.2900390625,0.12059259
0.2392578125,0.2158203125,0.1162109375,0.2900390625,0.15984906
0.2392578125,0.1708984375,0.4873046875,0.2900390625,0.24239753
0.2392578125,0.1708984375,0.1162109375,0.9345703125,0.07811296
0.0263671875,0.2158203125,0.4873046875,0.9345703125,0.1268603
0.7392578125,0.6708984375,0.6162109375,0.7900390625,0.45815066
0.5263671875,0.6708984375,0.6162109375,0.7900390625,0.4450235
0.7392578125,0.7158203125,0.6162109375,0.7900390625,0.45901975
0.7392578125,0.6708984375,0.9873046875,0.7900390625,0.44494691
0.7392578125,0.6708984375,0.6162109375,0.4345703125,0.50131404
0.5263671875,0.7158203125,0.9873046875,0.4345703125,0.47585225
0.9892578125,0.4208984375,0.3662109375,0.0400390625,0.36423165
0.7763671875,0.4208984375,0.3662109375,0.0400390625,0.3683598
0.9892578125,0.9658203125,0.3662109375,0.0400390625,0.46639553
0.9892578125,0.4208984375,0.2373046875,0.0400390625,0.33252934
0.9892578125,0.4208984375,0.3662109375,0.1845703125,0.35933113
0.7763671875,0.9658203125,0.2373046875,0.1845703125,0.43392083
0.4892578125,0.9208984375,0.8662109375,0.5400390625,0.4811986
0.2763671875,0.9208984375,0.8662109375,0.5400390625,0.45328814
0.4892578125,0.4658203125,0.8662109375,0.5400390625,0.42086816
0.4892578125,0.9208984375,0.7373046875,0.5400390625,0.4861601
0.4892578125,0.9208984375,0.8662109375,0.6845703125,0.463784
0.2763671875,0.4658203125,0.7373046875,0.6845703125,0.38050464
0.3642578125,0.2958984375,0.7412109375,0.6650390625,0.2732925
0.4013671875,0.2958984375,0.7412109375,0.6650390625,0.278185
0.3642578125,0.0908203125,0.7412109375,0.6650390625,0.25924408
0.3642578125,0.2958984375,0.1123046875,0.6650390625,0.15429857
0.3642578125,0.2958984375,0.7412109375,0.0595703125,0.31785992
0.4013671875,0.0908203125,0.1123046875,0.0595703125,0.18971002
0.8642578125,0.7958984375,0.2412109375,0.1650390625,0.43560106
0.9013671875,0.7958984375,0.2412109375,0.1650390625,0.43487743
0.8642578125,0.5908203125,0.2412109375,0.1650390625,0.4286967
0.8642578125,0.7958984375,0.6123046875,0.1650390625,0.5193612
0.8642578125,0.7958984375,0.2412109375,0.5595703125,0.40729937
0.9013671875,0.5908203125,0.6123046875,0.5595703125,0.4834315
0.6142578125,0.0458984375,0.9912109375,0.9150390625,0.21973681
0.6513671875,0.0458984375,0.9912109375,0.9150390625,0.22203791
0.6142578125,0.8408203125,0.9912109375,0.9150390625,0.41697598
0.6142578125,0.0458984375,0.3623046875,0.9150390625,0.17922452
0.6142578125,0.0458984375,0.9912109375,0.8095703125,0.23910879
0.6513671875,0.8408203125,0.3623046875,0.8095703125,0.3981367
0.1142578125,0.5458984375,0.4912109375,0.4150390625,0.3931287
0.1513671875,0.5458984375,0.4912109375,0.4150390625,0.39969134
0.1142578125,0.3408203125,0.4912109375,0.4150390625,0.24361232
0.1142578125,0.5458984375,0.8623046875,0.4150390625,0.4216454
0.1142578125,0.5458984375,0.4912109375,0.3095703125,0.40055913
0.1513671875,0.3408203125,0.8623046875,0.3095703125,0.2861221
0.0830078125,0.0146484375,0.5849609375,0.5712890625,0.20988758
0.8701171875,0.0146484375,0.5849609375,0.5712890625,0.28830194
0.0830078125,0.6220703125,0.5849609375,0.5712890625,0.40338203
0.0830078125,0.0146484375,0.5185546875,0.5712890625,0.19748574
0.0830078125,0.0146484375,0.5849609375,0.7783203125,0.18188569
0.8701171875,0.6220703125,0.5185546875,0.7783203125,0.44139266
0.5830078125,0.5146484375,0.0849609375,0.0712890625,0.3733553
0.3701171875,0.5146484375,0.0849609375,0.0712890625,0.35050532
0.5830078125,0.1220703125,0.0849609375,0.0712890625,0.20472407
0.5830078125,0.5146484375,0.0185546875,0.0712890625,0.36733198
0.5830078125,0.5146484375,0.0849609375,0.2783203125,0.3646578
0.3701171875,0.1220703125,0.0185546875,0.2783203125,0.16715331
0.8330078125,0.2646484375,0.8349609375,0.8212890625,0.2739162
0.1201171875,0.2646484375,0.8349609375,0.8212890625,0.20184927
0.8330078125,0.3720703125,0.8349609375,0.8212890625,0.3175556
0.8330078125,0.2646484375,0.7685546875,0.8212890625,0.27649212
0.8330078125,0.2646484375,0.8349609375,0.0283203125,0.34304377
0.1201171875,0.3720703125,0.7685546875,0.0283203125,0.31719217
0.3330078125,0.7646484375,0.3349609375,0.3212890625,0.41311574
0.6201171875,0.7646484375,0.3349609375,0.3212890625,0.44378567
0.3330078125,0.8720703125,0.3349609375,0.3212890625,0.41332003
0.3330078125,0.7646484375,0.2685546875,0.3212890625,0.3966566
0.3330078125,0.7646484375,0.3349609375,0.5283203125,0.39614487
0.6201171875,0.8720703125,0.2685546875,0.5283203125,0.41055992
0.4580078125,0.3896484375,0.2099609375,0.4462890625,0.25893843
0.7451171875,0.3896484375,0.2099609375,0.4462890625,0.2793058
0.4580078125,0.7470703125,0.2099609375,0.4462890625,0.39006865
0.4580078125,0.3896484375,0.8935546875,0.4462890625,0.3521648
0.4580078125,0.3896484375,0.2099609375,0.1533203125,0.27672404
0.7451171875,0.7470703125,0.8935546875,0.1533203125,0.52144796
0.9580078125,0.8896484375,0.7099609375,0.9462890625,0.43786782
0.2451171875,0.8896484375,0.7099609375,0.9462890625,0.39000952
0.9580078125,0.2470703125,0.7099609375,0.9462890625,0.24618
0.9580078125,0.8896484375,0.3935546875,0.9462890625,0.3823124
0.9580078125,0.8896484375,0.7099609375,0.6533203125,0.48687324
0.2451171875,0.2470703125,0.3935546875,0.6533203125,0.19177169
0.7080078125,0.1396484375,0.4599609375,0.1962890625,0.2898692
0.4951171875,0.1396484375,0.4599609375,0.1962890625,0.274695
0.7080078125,0.4970703125,0.4599609375,0.1962890625,0.4487637
0.7080078125,0.1396484375,0.6435546875,0.1962890625,0.32352054
0.7080078125,0.1396484375,0.4599609375,0.9033203125,0.21138386
0.4951171875,0.4970703125,0.6435546875,0.9033203125,0.38875556
0.2080078125,0.6396484375,0.9599609375,0.6962890625,0.40733716
0.9951171875,0.6396484375,0.9599609375,0.6962890625,0.4594107
0.2080078125,0.9970703125,0.9599609375,0.6962890625,0.4100647
0.2080078125,0.6396484375,0.1435546875,0.6962890625,0.31149438
0.2080078125,0.6396484375,0.9599609375,0.4033203125,0.4387815
0.9951171875,0.9970703125,0.1435546875,0.4033203125,0.39773977
0.1455078125,0.3271484375,0.3974609375,0.8837890625,0.1587524
0.3076171875,0.3271484375,0.3974609375,0.8837890625,0.18517978
0.1455078125,0.8095703125,0.3974609375,0.8837890625,0.33101797
0.1455078125,0.3271484375,0.9560546875,0.8837890625,0.196907
0.1455078125,0.3271484375,0.3974609375,0.2158203125,0.23258296
0.3076171875,0.8095703125,0.9560546875,0.2158203125,0.46943054
0.6455078125,0.8271484375,0.8974609375,0.3837890625,0.50422406
0.8076171875,0.8271484375,0.8974609375,0.3837890625,0.50939596
0.6455078125,0.3095703125,0.8974609375,0.3837890625,0.32524735
0.6455078125,0.8271484375,0.4560546875,0.3837890625,0.47156802
0.6455078125,0.8271484375,0.8974609375,0.7158203125,0.46851516
0.8076171875,0.3095703125,0.4560546875,0.7158203125,0.26205432
0.8955078125,0.0771484375,0.1474609375,0.6337890625,0.18202294
0.5576171875,0.0771484375,0.1474609375,0.6337890625,0.17136352
0.8955078125,0.0595703125,0.1474609375,0.6337890625,0.1819637
0.8955078125,0.0771484375,0.7060546875,0.6337890625,0.2940917
0.8955078125,0.0771484375,0.1474609375,0.9658203125,0.12641148
0.5576171875,0.0595703125,0.7060546875,0.9658203125,0.22776158
0.3955078125,0.5771484375,0.6474609375,0.1337890625,0.4873301
0.0576171875,0.5771484375,0.6474609375,0.1337890625,0.4328629
0.3955078125,0.5595703125,0.6474609375,0.1337890625,0.4837725
0.3955078125,0.5771484375,0.2060546875,0.1337890625,0.39141193
0.3955078125,0.5771484375,0.6474609375,0.4658203125,0.4671011
0.0576171875,0.5595703125,0.2060546875,0.4658203125,0.3131581
0.2705078125,0.2021484375,0.7724609375,0.0087890625,0.2936561
0.1826171875,0.2021484375,0.7724609375,0.0087890625,0.279294
0.2705078125,0.9345703125,0.7724609375,0.0087890625,0.48867095
0.2705078125,0.2021484375,0.5810546875,0.0087890625,0.27794766
0.2705078125,0.2021484375,0.7724609375,0.8408203125,0.22065423
0.1826171875,0.9345703125,0.5810546875,0.8408203125,0.38559854
0.7705078125,0.7021484375,0.2724609375,0.5087890625,0.41899922
0.6826171875,0.7021484375,0.2724609375,0.5087890625,0.4161885
0.7705078125,0.4345703125,0.2724609375,0.5087890625,0.3309729
0.7705078125,0.7021484375,0.0810546875,0.5087890625,0.38305718
0.7705078125,0.7021484375,0.2724609375,0.3408203125,0.4327462
0.6826171875,0.4345703125,0.0810546875,0.3408203125,0.30596712
0.5205078125,0.4521484375,0.5224609375,0.2587890625,0.41249153
0.9326171875,0.4521484375,0.5224609375,0.2587890625,0.42539963
0.5205078125,0.1845703125,0.5224609375,0.2587890625,0.28902838
0.5205078125,0.4521484375,0.8310546875,0.2587890625,0.43687528
0.5205078125,0.4521484375,0.5224609375,0.0908203125,0.41952616
0.9326171875,0.1845703125,0.8310546875,0.0908203125,0.33335486
0.0205078125,0.9521484375,0.0224609375,0.7587890625,0.2572585
0.4326171875,0.9521484375,0.0224609375,0.7587890625,0.32321617
0.0205078125,0.6845703125,0.0224609375,0.7587890625,0.2561347
0.0205078125,0.9521484375,0.3310546875,0.7587890625,0.3130503
0.0205078125,0.9521484375,0.0224609375,0.5908203125,0.27995515
0.4326171875,0.6845703125,0.3310546875,0.5908203125,0.4005808
0.0283203125,0.3505859375,0.5458984375,0.3759765625,0.2477171
0.0810546875,0.3505859375,0.5458984375,0.3759765625,0.2574352
0.0283203125,0.9736328125,0.5458984375,0.3759765625,0.40804392
0.0283203125,0.3505859375,0.4169921875,0.3759765625,0.2187244
0.0283203125,0.3505859375,0.5458984375,0.5205078125,0.23525752
0.0810546875,0.9736328125,0.4169921875,0.5205078125,0.37630975
0.5283203125,0.8505859375,0.0458984375,0.8759765625,0.31506026
0.5810546875,0.8505859375,0.0458984375,0.8759765625,0.31958258
0.5283203125,0.4736328125,0.0458984375,0.8759765625,0.26104963
0.5283203125,0.8505859375,0.9169921875,0.8759765625,0.43042517
0.5283203125,0.8505859375,0.0458984375,0.0205078125,0.39420813
0.5810546875,0.4736328125,0.9169921875,0.0205078125,0.46008474
0.7783203125,0.1005859375,0.7958984375,0.1259765625,0.33420664
0.8310546875,0.1005859375,0.7958984375,0.1259765625,0.3345394
0.7783203125,0.2236328125,0.7958984375,0.1259765625,0.33750096
0.7783203125,0.1005859375,0.1669921875,0.1259765625,0.22459471
0.7783203125,0.1005859375,0.7958984375,0.2705078125,0.32770327
0.8310546875,0.2236328125,0.1669921875,0.2705078125,0.22171848
0.2783203125,0.6005859375,0.2958984375,0.6259765625,0.361609
0.3310546875,0.6005859375,0.2958984375,0.6259765625,0.3694693
0.2783203125,0.7236328125,0.2958984375,0.6259765625,0.3669152
0.2783203125,0.6005859375,0.6669921875,0.6259765625,0.43876508
0.2783203125,0.6005859375,0.2958984375,0.7705078125,0.34126806
0.3310546875,0.7236328125,0.6669921875,0.7705078125,0.43159056
0.4033203125,0.2255859375,0.1708984375,0.5009765625,0.17737338
0.4560546875,0.2255859375,0.1708984375,0.5009765625,0.18371579
0.4033203125,0.8486328125,0.1708984375,0.5009765625,0.37097353
0.4033203125,0.2255859375,0.0419921875,0.5009765625,0.15958527
0.4033203125,0.2255859375,0.1708984375,0.3955078125,0.18645637
0.4560546875,0.8486328125,0.0419921875,0.3955078125,0.36861077
0.9033203125,0.7255859375,0.6708984375,0.0009765625,0.5300148
0.9560546875,0.7255859375,0.6708984375,0.0009765625,0.5281778
0.9033203125,0.3486328125,0.6708984375,0.0009765625,0.36903486
0.9033203125,0.7255859375,0.5419921875,0.0009765625,0.5113613
0.9033203125,0.7255859375,0.6708984375,0.8955078125,0.4467099
0.9560546875,0.3486328125,0.5419921875,0.8955078125,0.2652393
0.6533203125,0.4755859375,0.4208984375,0.7509765625,0.37002072
0.7060546875,0.4755859375,0.4208984375,0.7509765625,0.37250754
0.6533203125,0.0986328125,0.4208984375,0.7509765625,0.22547637
0.6533203125,0.4755859375,0.2919921875,0.7509765625,0.33746746
0.6533203125,0.4755859375,0.4208984375,0.6455078125,0.38485494
0.7060546875,0.0986328125,0.2919921875,0.6455078125,0.21024416
0.1533203125,0.9755859375,0.9208984375,0.2509765625,0.44839758
0.2060546875,0.9755859375,0.9208984375,0.2509765625,0.45740128
0.1533203125,0.5986328125,0.9208984375,0.2509765625,0.44234973
0.1533203125,0.9755859375,0.7919921875,0.2509765625,0.46006918
0.1533203125,0.9755859375,0.9208984375,0.1455078125,0.45313412
0.2060546875,0.5986328125,0.7919921875,0.1455078125,0.46776155
0.2158203125,0.0380859375,0.4833984375,0.0634765625,0.24608831
0.5185546875,0.0380859375,0.4833984375,0.0634765625,0.2866369
0.2158203125,0.6611328125,0.4833984375,0.0634765625,0.44160277
0.2158203125,0.0380859375,0.1044921875,0.0634765625,0.16093005
0.2158203125,0.0380859375,0.4833984375,0.4580078125,0.22429173
0.5185546875,0.6611328125,0.1044921875,0.4580078125,0.37519646
0.7158203125,0.5380859375,0.9833984375,0.5634765625,0.45844555
0.0185546875,0.5380859375,0.9833984375,0.5634765625,0.3697043
0.7158203125,0.1611328125,0.9833984375,0.5634765625,0.28087354
0.7158203125,0.5380859375,0.6044921875,0.5634765625,0.46921095
0.7158203125,0.5380859375,0.9833984375,0.9580078125,0.39624852
0.0185546875,0.1611328125,0.6044921875,0.9580078125,0.14070067
0.9658203125,0.2880859375,0.2333984375,0.3134765625,0.23834825
0.2685546875,0.2880859375,0.2333984375,0.3134765625,0.19455382
0.9658203125,0.4111328125,0.2333984375,0.3134765625,0.31170928
0.9658203125,0.2880859375,0.3544921875,0.3134765625,0.2679397
0.9658203125,0.2880859375,0.2333984375,0.7080078125,0.198979
0.2685546875,0.4111328125,0.3544921875,0.7080078125,0.25813705
0.4658203125,0.7880859375,0.7333984375,0.8134765625,0.44620585
0.7685546875,0.7880859375,0.7333984375,0.8134765625,0.46621692
0.4658203125,0.9111328125,0.7333984375,0.8134765625,0.4463389
0.4658203125,0.7880859375,0.8544921875,0.8134765625,0.442465
0.4658203125,0.7880859375,0.7333984375,0.2080078125,0.5077581
0.7685546875,0.9111328125,0.8544921875,0.2080078125,0.5241613
0.3408203125,0.4130859375,0.8583984375,0.9384765625,0.29320818
0.8935546875,0.4130859375,0.8583984375,0.9384765625,0.32875115
0.3408203125,0.5361328125,0.8583984375,0.9384765625,0.3835414
0.3408203125,0.4130859375,0.4794921875,0.9384765625,0.26167738
0.3408203125,0.4130859375,0.8583984375,0.5830078125,0.34915462
0.8935546875,0.5361328125,0.4794921875,0.5830078125,0.4435
0.8408203125,0.9130859375,0.3583984375,0.4384765625,0.4480992
0.3935546875,0.9130859375,0.3583984375,0.4384765625,0.41894355
0.8408203125,0.0361328125,0.3583984375,0.4384765625,0.250802
0.8408203125,0.9130859375,0.9794921875,0.4384765625,0.4918953
0.8408203125,0.9130859375,0.3583984375,0.0830078125,0.46764523
0.3935546875,0.0361328125,0.9794921875,0.0830078125,0.28498846
0.5908203125,0.1630859375,0.6083984375,0.6884765625,0.26987457
0.1435546875,0.1630859375,0.6083984375,0.6884765625,0.21079615
0.5908203125,0.2861328125,0.6083984375,0.6884765625,0.28071776
0.5908203125,0.1630859375,0.2294921875,0.6884765625,0.1840329
0.5908203125,0.1630859375,0.6083984375,0.3330078125,0.3052534
0.1435546875,0.2861328125,0.2294921875,0.3330078125,0.17117645
0.0908203125,0.6630859375,0.1083984375,0.1884765625,0.3308652
0.6435546875,0.6630859375,0.1083984375,0.1884765625,0.40288642
0.0908203125,0.7861328125,0.1083984375,0.1884765625,0.33243775
0.0908203125,0.6630859375,0.7294921875,0.1884765625,0.45009875
0.0908203125,0.6630859375,0.1083984375,0.8330078125,0.2650624
0.6435546875,0.7861328125,0.7294921875,0.8330078125,0.45788974
0.1220703125,0.1318359375,0.9521484375,0.7822265625,0.1868302
0.3623046875,0.1318359375,0.9521484375,0.7822265625,0.22520317
0.1220703125,0.0048828125,0.9521484375,0.7822265625,0.18628359
0.1220703125,0.1318359375,0.8857421875,0.7822265625,0.19652502
0.1220703125,0.1318359375,0.9521484375,0.3642578125,0.23413292
0.3623046875,0.0048828125,0.8857421875,0.3642578125,0.2816541
0.6220703125,0.6318359375,0.4521484375,0.2822265625,0.47272637
0.8623046875,0.6318359375,0.4521484375,0.2822265625,0.4791421
0.6220703125,0.5048828125,0.4521484375,0.2822265625,0.44260654
0.6220703125,0.6318359375,0.3857421875,0.2822265625,0.45626128
0.6220703125,0.6318359375,0.4521484375,0.8642578125,0.4060083
0.8623046875,0.5048828125,0.3857421875,0.8642578125,0.36583915
0.8720703125,0.3818359375,0.7021484375,0.5322265625,0.3650134
0.6123046875,0.3818359375,0.7021484375,0.5322265625,0.35808465
0.8720703125,0.7548828125,0.7021484375,0.5322265625,0.5028097
0.8720703125,0.3818359375,0.6357421875,0.5322265625,0.35896555
0.8720703125,0.3818359375,0.7021484375,0.6142578125,0.35585204
0.6123046875,0.7548828125,0.6357421875,0.6142578125,0.48067173
0.3720703125,0.8818359375,0.2021484375,0.0322265625,0.39969134
0.1123046875,0.8818359375,0.2021484375,0.0322265625,0.35825047
0.3720703125,0.2548828125,0.2021484375,0.0322265625,0.2089285
0.3720703125,0.8818359375,0.1357421875,0.0322265625,0.3873074
0.3720703125,0.8818359375,0.2021484375,0.1142578125,0.39729112
0.1123046875,0.2548828125,0.1357421875,0.1142578125,0.15270339
0.4970703125,0.2568359375,0.3271484375,0.1572265625,0.24945968
0.2373046875,0.2568359375,0.3271484375,0.1572265625,0.21455853
0.4970703125,0.1298828125,0.3271484375,0.1572265625,0.2431666
0.4970703125,0.2568359375,0.5107421875,0.1572265625,0.29413638
0.4970703125,0.2568359375,0.3271484375,0.7392578125,0.19764175
0.2373046875,0.1298828125,0.5107421875,0.7392578125,0.20112418
0.9970703125,0.7568359375,0.8271484375,0.6572265625,0.48346007
0.7373046875,0.7568359375,0.8271484375,0.6572265625,0.4871567
0.9970703125,0.6298828125,0.8271484375,0.6572265625,0.48042744
0.9970703125,0.7568359375,0.0107421875,0.6572265625,0.356216
0.9970703125,0.7568359375,0.8271484375,0.2392578125,0.5200627
0.7373046875,0.6298828125,0.0107421875,0.2392578125,0.39348266
0.7470703125,0.0068359375,0.0771484375,0.4072265625,0.19448808
0.9873046875,0.0068359375,0.0771484375,0.4072265625,0.1910651
0.7470703125,0.8798828125,0.0771484375,0.4072265625,0.39181334
0.7470703125,0.0068359375,0.7607421875,0.4072265625,0.31825855
0.7470703125,0.0068359375,0.0771484375,0.4892578125,0.18742675
0.9873046875,0.8798828125,0.7607421875,0.4892578125,0.5050994
0.2470703125,0.5068359375,0.5771484375,0.9072265625,0.35095838
0.4873046875,0.5068359375,0.5771484375,0.9072265625,0.38327578
0.2470703125,0.3798828125,0.5771484375,0.9072265625,0.24352768
0.2470703125,0.5068359375,0.2607421875,0.9072265625,0.27720115
0.2470703125,0.5068359375,0.5771484375,0.9892578125,0.33385795
0.4873046875,0.3798828125,0.2607421875,0.9892578125,0.18498737
0.1845703125,0.4443359375,0.0146484375,0.7197265625,0.21266444
0.7998046875,0.4443359375,0.0146484375,0.7197265625,0.27341026
0.1845703125,0.3173828125,0.0146484375,0.7197265625,0.1158514
0.1845703125,0.4443359375,0.5732421875,0.7197265625,0.32468694
0.1845703125,0.4443359375,0.0146484375,0.6767578125,0.21870449
0.7998046875,0.3173828125,0.5732421875,0.6767578125,0.29465982
0.6845703125,0.9443359375,0.5146484375,0.2197265625,0.4967637
0.2998046875,0.9443359375,0.5146484375,0.2197265625,0.45762423
0.6845703125,0.8173828125,0.5146484375,0.2197265625,0.49668872
0.6845703125,0.9443359375,0.0732421875,0.2197265625,0.40088508
0.6845703125,0.9443359375,0.5146484375,0.1767578125,0.4986899
0.2998046875,0.8173828125,0.0732421875,0.1767578125,0.3635968
0.9345703125,0.1943359375,0.2646484375,0.9697265625,0.15064947
0.0498046875,0.1943359375,0.2646484375,0.9697265625,0.06781472
0.9345703125,0.5673828125,0.2646484375,0.9697265625,0.3350531
0.9345703125,0.1943359375,0.8232421875,0.9697265625,0.2380685
0.9345703125,0.1943359375,0.2646484375,0.4267578125,0.22838616
0.0498046875,0.5673828125,0.8232421875,0.4267578125,0.41737407
0.4345703125,0.6943359375,0.7646484375,0.4697265625,0.4862767
0.5498046875,0.6943359375,0.7646484375,0.4697265625,0.4982028
0.4345703125,0.0673828125,0.7646484375,0.4697265625,0.28997546
0.4345703125,0.6943359375,0.3232421875,0.4697265625,0.4114559
0.4345703125,0.6943359375,0.7646484375,0.9267578125,0.42119238
0.5498046875,0.0673828125,0.3232421875,0.9267578125,0.16199642
0.3095703125,0.0693359375,0.6396484375,0.3447265625,0.27563566
0.6748046875,0.0693359375,0.6396484375,0.3447265625,0.31285834
0.3095703125,0.4423828125,0.6396484375,0.3447265625,0.39153215
0.3095703125,0.0693359375,0.9482421875,0.3447265625,0.26658535
0.3095703125,0.0693359375,0.6396484375,0.3017578125,0.27837566
0.6748046875,0.4423828125,0.9482421875,0.3017578125,0.42244452
0.8095703125,0.5693359375,0.1396484375,0.8447265625,0.33626884
0.1748046875,0.5693359375,0.1396484375,0.8447265625,0.2737934
0.8095703125,0.9423828125,0.1396484375,0.8447265625,0.3468247
0.8095703125,0.5693359375,0.4482421875,0.8447265625,0.40785986
0.8095703125,0.5693359375,0.1396484375,0.8017578125,0.34369504
0.1748046875,0.9423828125,0.4482421875,0.8017578125,0.36336657
0.5595703125,0.3193359375,0.8896484375,0.0947265625,0.33843973
0.4248046875,0.3193359375,0.8896484375,0.0947265625,0.32450098
0.5595703125,0.6923828125,0.8896484375,0.0947265625,0.51302785
0.5595703125,0.3193359375,0.6982421875,0.0947265625,0.3442701
0.5595703125,0.3193359375,0.8896484375,0.5517578125,0.30845585
0.4248046875,0.6923828125,0.6982421875,0.5517578125,0.4749356
0.0595703125,0.8193359375,0.3896484375,0.5947265625,0.35738468
0.9248046875,0.8193359375,0.3896484375,0.5947265625,0.43875948
0.0595703125,0.1923828125,0.3896484375,0.5947265625,0.16202617
0.0595703125,0.8193359375,0.1982421875,0.5947265625,0.3112645
0.0595703125,0.8193359375,0.3896484375,0.0517578125,0.39342093
0.9248046875,0.1923828125,0.1982421875,0.0517578125,0.23331705
0.0439453125,0.1162109375,0.2490234375,0.9228515625,0.07120706
0.1904296875,0.1162109375,0.2490234375,0.9228515625,0.097303495
0.0439453125,0.0830078125,0.2490234375,0.9228515625,0.07099672
0.0439453125,0.1162109375,0.6513671875,0.9228515625,0.15804304
0.0439453125,0.1162109375,0.2490234375,0.1611328125,0.15504302
0.1904296875,0.0830078125,0.6513671875,0.1611328125,0.2677651
0.5439453125,0.6162109375,0.7490234375,0.4228515625,0.49823457
0.6904296875,0.6162109375,0.7490234375,0.4228515625,0.50800467
0.5439453125,0.5830078125,0.7490234375,0.4228515625,0.49438578
0.5439453125,0.6162109375,0.1513671875,0.4228515625,0.3853465
0.5439453125,0.6162109375,0.7490234375,0.6611328125,0.47311652
0.6904296875,0.5830078125,0.1513671875,0.6611328125,0.3661497
0.7939453125,0.3662109375,0.4990234375,0.6728515625,0.30672944
0.9404296875,0.3662109375,0.4990234375,0.6728515625,0.30463254
0.7939453125,0.8330078125,0.4990234375,0.6728515625,0.45676404
0.7939453125,0.3662109375,0.9013671875,0.6728515625,0.32904693
0.7939453125,0.3662109375,0.4990234375,0.9111328125,0.26742756
0.9404296875,0.8330078125,0.9013671875,0.9111328125,0.43768278
0.2939453125,0.8662109375,0.9990234375,0.1728515625,0.4611925
0.4404296875,0.8662109375,0.9990234375,0.1728515625,0.48098972
0.2939453125,0.3330078125,0.9990234375,0.1728515625,0.2915146
0.2939453125,0.8662109375,0.4013671875,0.1728515625,0.43217945
0.2939453125,0.8662109375,0.9990234375,0.4111328125,0.44708437
0.4404296875,0.3330078125,0.4013671875,0.4111328125,0.26819068
0.4189453125,0.4912109375,0.6240234375,0.0478515625,0.45775166
0.3154296875,0.4912109375,0.6240234375,0.0478515625,0.4437424
0.4189453125,0.2080078125,0.6240234375,0.0478515625,0.304507
0.4189453125,0.4912109375,0.7763671875,0.0478515625,0.4670011
0.4189453125,0.4912109375,0.6240234375,0.7861328125,0.39501134
0.3154296875,0.2080078125,0.7763671875,0.7861328125,0.23700684
0.9189453125,0.9912109375,0.1240234375,0.5478515625,0.384685
0.8154296875,0.9912109375,0.1240234375,0.5478515625,0.38616884
0.9189453125,0.7080078125,0.1240234375,0.5478515625,0.38397643
0.9189453125,0.9912109375,0.2763671875,0.5478515625,0.41572344
0.9189453125,0.9912109375,0.1240234375,0.2861328125,0.40581876
0.8154296875,0.7080078125,0.2763671875,0.2861328125,0.43763244
0.6689453125,0.2412109375,0.8740234375,0.2978515625,0.32175273
0.5654296875,0.2412109375,0.8740234375,0.2978515625,0.31483907
0.6689453125,0.9580078125,0.8740234375,0.2978515625,0.5140632
0.6689453125,0.2412109375,0.5263671875,0.2978515625,0.30193943
0.6689453125,0.2412109375,0.8740234375,0.0361328125,0.33253664
0.5654296875,0.9580078125,0.5263671875,0.0361328125,0.49812013
0.1689453125,0.7412109375,0.3740234375,0.7978515625,0.34413683
0.0654296875,0.7412109375,0.3740234375,0.7978515625,0.32567006
0.1689453125,0.4580078125,0.3740234375,0.7978515625,0.2774871
0.1689453125,0.7412109375,0.0263671875,0.7978515625,0.2776492
0.1689453125,0.7412109375,0.3740234375,0.5361328125,0.37910646
0.0654296875,0.4580078125,0.0263671875,0.5361328125,0.22750229
0.2314453125,0.3037109375,0.8115234375,0.6103515625,0.26148516
0.6279296875,0.3037109375,0.8115234375,0.6103515625,0.30823672
0.2314453125,0.2705078125,0.8115234375,0.6103515625,0.2538817
0.2314453125,0.3037109375,0.8388671875,0.6103515625,0.259796
0.2314453125,0.3037109375,0.8115234375,0.8486328125,0.2260268
0.6279296875,0.2705078125,0.8388671875,0.8486328125,0.26348573
0.7314453125,0.8037109375,0.3115234375,0.1103515625,0.45343098
0.1279296875,0.8037109375,0.3115234375,0.1103515625,0.38414684
0.7314453125,0.7705078125,0.3115234375,0.1103515625,0.45333144
0.7314453125,0.8037109375,0.3388671875,0.1103515625,0.46034086
0.7314453125,0.8037109375,0.3115234375,0.3486328125,0.44157943
0.1279296875,0.7705078125,0.3388671875,0.3486328125,0.37910563
0.9814453125,0.0537109375,0.5615234375,0.8603515625,0.23851027
0.3779296875,0.0537109375,0.5615234375,0.8603515625,0.21134458
0.9814453125,0.5205078125,0.5615234375,0.8603515625,0.41020483
0.9814453125,0.0537109375,0.5888671875,0.8603515625,0.24317391
0.9814453125,0.0537109375,0.5615234375,0.0986328125,0.31259614
0.3779296875,0.5205078125,0.5888671875,0.0986328125,0.46178868
0.4814453125,0.5537109375,0.0615234375,0.3603515625,0.36167064
0.8779296875,0.5537109375,0.0615234375,0.3603515625,0.38000152
0.4814453125,0.0205078125,0.0615234375,0.3603515625,0.17846169
0.4814453125,0.5537109375,0.0888671875,0.3603515625,0.36474225
0.4814453125,0.5537109375,0.0615234375,0.5986328125,0.33960262
0.8779296875,0.0205078125,0.0888671875,0.5986328125,0.17779614
0.3564453125,0.1787109375,0.4365234375,0.4853515625,0.23359728
0.7529296875,0.1787109375,0.4365234375,0.4853515625,0.26693264
0.3564453125,0.3955078125,0.4365234375,0.4853515625,0.3032341
0.3564453125,0.1787109375,0.7138671875,0.4853515625,0.27864102
0.3564453125,0.1787109375,0.4365234375,0.2236328125,0.25181675
0.7529296875,0.3955078125,0.7138671875,0.2236328125,0.39983267
0.8564453125,0.6787109375,0.9365234375,0.9853515625,0.41792837
0.2529296875,0.6787109375,0.9365234375,0.9853515625,0.3685266
0.8564453125,0.8955078125,0.9365234375,0.9853515625,0.4191787
0.8564453125,0.6787109375,0.2138671875,0.9853515625,0.3316813
0.8564453125,0.6787109375,0.9365234375,0.7236328125,0.46556267
0.2529296875,0.8955078125,0.2138671875,0.7236328125,0.3311642
0.6064453125,0.4287109375,0.1865234375,0.2353515625,0.31886944
0.0029296875,0.4287109375,0.1865234375,0.2353515625,0.23300393
0.6064453125,0.6455078125,0.1865234375,0.2353515625,0.41096285
0.6064453125,0.4287109375,0.9638671875,0.2353515625,0.4061004
0.6064453125,0.4287109375,0.1865234375,0.9736328125,0.2277788
0.0029296875,0.6455078125,0.9638671875,0.9736328125,0.32123768
0.1064453125,0.9287109375,0.6865234375,0.7353515625,0.40237826
0.5029296875,0.9287109375,0.6865234375,0.7353515625,0.46031862
0.1064453125,0.1455078125,0.6865234375,0.7353515625,0.20576759
0.1064453125,0.9287109375,0.4638671875,0.7353515625,0.36557144
0.1064453125,0.9287109375,0.6865234375,0.4736328125,0.43356213
0.5029296875,0.1455078125,0.4638671875,0.4736328125,0.25808498
0.0751953125,0.3974609375,0.2802734375,0.2666015625,0.23571463
0.4716796875,0.3974609375,0.2802734375,0.2666015625,0.29603896
0.0751953125,0.9267578125,0.2802734375,0.2666015625,0.3601963
0.0751953125,0.3974609375,0.1826171875,0.2666015625,0.2140239
0.0751953125,0.3974609375,0.2802734375,0.9423828125,0.15286572
0.4716796875,0.9267578125,0.1826171875,0.9423828125,0.31598103
0.5751953125,0.8974609375,0.7802734375,0.7666015625,0.4647406
0.9716796875,0.8974609375,0.7802734375,0.7666015625,0.47120395
0.5751953125,0.4267578125,0.7802734375,0.7666015625,0.36832067
0.5751953125,0.8974609375,0.6826171875,0.7666015625,0.46173224
0.5751953125,0.8974609375,0.7802734375,0.4423828125,0.5034768
0.9716796875,0.4267578125,0.6826171875,0.4423828125,0.41051188
0.8251953125,0.1474609375,0.0302734375,0.0166015625,0.21065593
0.7216796875,0.1474609375,0.0302734375,0.0166015625,0.2089365
0.8251953125,0.1767578125,0.0302734375,0.0166015625,0.21128912
0.8251953125,0.1474609375,0.4326171875,0.0166015625,0.29159084
0.8251953125,0.1474609375,0.0302734375,0.1923828125,0.2048437
0.7216796875,0.1767578125,0.4326171875,0.1923828125,0.28469238
0.3251953125,0.6474609375,0.5302734375,0.5166015625,0.44082844
0.2216796875,0.6474609375,0.5302734375,0.5166015625,0.4247804
0.3251953125,0.6767578125,0.5302734375,0.5166015625,0.4418538
0.3251953125,0.6474609375,0.9326171875,0.5166015625,0.4520535
0.3251953125,0.6474609375,0.5302734375,0.6923828125,0.41994277
0.2216796875,0.6767578125,0.9326171875,0.6923828125,0.41614512
0.4501953125,0.0224609375,0.9052734375,0.6416015625,0.26324162
0.0966796875,0.0224609375,0.9052734375,0.6416015625,0.2092317
0.4501953125,0.8017578125,0.9052734375,0.6416015625,0.4604611
0.4501953125,0.0224609375,0.3076171875,0.6416015625,0.19438285
0.4501953125,0.0224609375,0.9052734375,0.0673828125,0.30454767
0.0966796875,0.8017578125,0.3076171875,0.0673828125,0.37889847
0.9501953125,0.5224609375,0.4052734375,0.1416015625,0.4502735
0.5966796875,0.5224609375,0.4052734375,0.1416015625,0.4444867
0.9501953125,0.3017578125,0.4052734375,0.1416015625,0.29353595
0.9501953125,0.5224609375,0.8076171875,0.1416015625,0.5032412
0.9501953125,0.5224609375,0.4052734375,0.5673828125,0.42020646
0.5966796875,0.3017578125,0.8076171875,0.5673828125,0.3106498
0.7001953125,0.2724609375,0.6552734375,0.8916015625,0.25682402
0.8466796875,0.2724609375,0.6552734375,0.8916015625,0.25925386
0.7001953125,0.0517578125,0.6552734375,0.8916015625,0.24770398
0.7001953125,0.2724609375,0.0576171875,0.8916015625,0.13665505
0.7001953125,0.2724609375,0.6552734375,0.8173828125,0.27029073
0.8466796875,0.0517578125,0.0576171875,0.8173828125,0.14343162
0.2001953125,0.7724609375,0.1552734375,0.3916015625,0.34709105
0.3466796875,0.7724609375,0.1552734375,0.3916015625,0.3697694
0.2001953125,0.5517578125,0.1552734375,0.3916015625,0.332649
0.2001953125,0.7724609375,0.5576171875,0.3916015625,0.4395277
0.2001953125,0.7724609375,0.1552734375,0.3173828125,0.35221624
0.3466796875,0.5517578125,0.5576171875,0.3173828125,0.45288917
0.1376953125,0.2099609375,0.7177734375,0.2041015625,0.2644291
0.9091796875,0.2099609375,0.7177734375,0.2041015625,0.3321884
0.1376953125,0.7392578125,0.7177734375,0.2041015625,0.45867607
0.1376953125,0.2099609375,0.3701171875,0.2041015625,0.2025365
0.1376953125,0.2099609375,0.7177734375,0.0048828125,0.27103183
0.9091796875,0.7392578125,0.3701171875,0.0048828125,0.4711455
0.6376953125,0.7099609375,0.2177734375,0.7041015625,0.3780599
0.4091796875,0.7099609375,0.2177734375,0.7041015625,0.35652468
0.6376953125,0.2392578125,0.2177734375,0.7041015625,0.18624038
0.6376953125,0.7099609375,0.8701171875,0.7041015625,0.47229713
0.6376953125,0.7099609375,0.2177734375,0.5048828125,0.4017459
0.4091796875,0.2392578125,0.8701171875,0.5048828125,0.28262833
0.8876953125,0.4599609375,0.9677734375,0.4541015625,0.42682284
0.1591796875,0.4599609375,0.9677734375,0.4541015625,0.36229342
0.8876953125,0.4892578125,0.9677734375,0.4541015625,0.44936526
0.8876953125,0.4599609375,0.1201171875,0.4541015625,0.32864392
0.8876953125,0.4599609375,0.9677734375,0.7548828125,0.390926
0.1591796875,0.4892578125,0.1201171875,0.7548828125,0.25076008
0.3876953125,0.9599609375,0.4677734375,0.9541015625,0.3718713
0.6591796875,0.9599609375,0.4677734375,0.9541015625,0.3973856
0.3876953125,0.9892578125,0.4677734375,0.9541015625,0.3718734
0.3876953125,0.9599609375,0.6201171875,0.9541015625,0.40076464
0.3876953125,0.9599609375,0.4677734375,0.2548828125,0.45779365
0.6591796875,0.9892578125,0.6201171875,0.2548828125,0.51220345
0.2626953125,0.3349609375,0.0927734375,0.8291015625,0.12591015
0.5341796875,0.3349609375,0.0927734375,0.8291015625,0.16036342
0.2626953125,0.6142578125,0.0927734375,0.8291015625,0.2902084
0.2626953125,0.3349609375,0.2451171875,0.8291015625,0.15398157
0.2626953125,0.3349609375,0.0927734375,0.8798828125,0.116697416
0.5341796875,0.6142578125,0.2451171875,0.8798828125,0.34352034
0.7626953125,0.8349609375,0.5927734375,0.3291015625,0.5076256
0.0341796875,0.8349609375,0.5927734375,0.3291015625,0.42048815
0.7626953125,0.1142578125,0.5927734375,0.3291015625,0.31070438
0.7626953125,0.8349609375,0.7451171875,0.3291015625,0.5213345
0.7626953125,0.8349609375,0.5927734375,0.3798828125,0.50412023
0.0341796875,0.1142578125,0.7451171875,0.3798828125,0.23377052
0.5126953125,0.0849609375,0.3427734375,0.5791015625,0.21758552
0.2841796875,0.0849609375,0.3427734375,0.5791015625,0.18850544
0.5126953125,0.3642578125,0.3427734375,0.5791015625,0.2632758
0.5126953125,0.0849609375,0.4951171875,0.5791015625,0.25490785
0.5126953125,0.0849609375,0.3427734375,0.1298828125,0.24938945
0.2841796875,0.3642578125,0.4951171875,0.1298828125,0.303322
0.0126953125,0.5849609375,0.8427734375,0.0791015625,0.430908
0.7841796875,0.5849609375,0.8427734375,0.0791015625,0.5224068
0.0126953125,0.8642578125,0.8427734375,0.0791015625,0.43873653
0.0126953125,0.5849609375,0.9951171875,0.0791015625,0.40893218
0.0126953125,0.5849609375,0.8427734375,0.6298828125,0.39141688
0.7841796875,0.8642578125,0.9951171875,0.6298828125,0.4687684
0.0087890625,0.4169921875,0.0732421875,0.5283203125,0.18301216
0.3349609375,0.4169921875,0.0732421875,0.5283203125,0.23832047
0.0087890625,0.1494140625,0.0732421875,0.5283203125,0.09243366
0.0087890625,0.4169921875,0.1162109375,0.5283203125,0.18857141
0.0087890625,0.4169921875,0.0732421875,0.5478515625,0.18097918
0.3349609375,0.1494140625,0.1162109375,0.5478515625,0.15126826
0.5087890625,0.9169921875,0.5732421875,0.0283203125,0.5019877
0.8349609375,0.9169921875,0.5732421875,0.0283203125,0.51797056
0.5087890625,0.6494140625,0.5732421875,0.0283203125,0.49974424
0.5087890625,0.9169921875,0.6162109375,0.0283203125,0.5086687
0.5087890625,0.9169921875,0.5732421875,0.0478515625,0.50149137
0.8349609375,0.6494140625,0.6162109375,0.0478515625,0.5219118
0.7587890625,0.1669921875,0.3232421875,0.7783203125,0.20138
0.5849609375,0.1669921875,0.3232421875,0.7783203125,0.1927787
0.7587890625,0.8994140625,0.3232421875,0.7783203125,0.39757228
0.7587890625,0.1669921875,0.3662109375,0.7783203125,0.21231423
0.7587890625,0.1669921875,0.3232421875,0.2978515625,0.25237447
0.5849609375,0.8994140625,0.3662109375,0.2978515625,0.4508997
0.2587890625,0.6669921875,0.8232421875,0.2783203125,0.4731666
0.0849609375,0.6669921875,0.8232421875,0.2783203125,0.44340214
0.2587890625,0.3994140625,0.8232421875,0.2783203125,0.35206166
0.2587890625,0.6669921875,0.8662109375,0.2783203125,0.46971145
0.2587890625,0.6669921875,0.8232421875,0.7978515625,0.41784602
0.0849609375,0.3994140625,0.8662109375,0.7978515625,0.2635215
0.3837890625,0.0419921875,0.6982421875,0.4033203125,0.2870549
0.2099609375,0.0419921875,0.6982421875,0.4033203125,0.26096264
0.3837890625,0.0244140625,0.6982421875,0.4033203125,0.28702533
0.3837890625,0.0419921875,0.4912109375,0.4033203125,0.25569797
0.3837890625,0.0419921875,0.6982421875,0.4228515625,0.28550363
0.2099609375,0.0244140625,0.4912109375,0.4228515625,0.22802494
0.8837890625,0.5419921875,0.1982421875,0.9033203125,0.32876062
0.7099609375,0.5419921875,0.1982421875,0.9033203125,0.3272202
0.8837890625,0.5244140625,0.1982421875,0.9033203125,0.3223499
0.8837890625,0.5419921875,0.9912109375,0.9033203125,0.40842944
0.8837890625,0.5419921875,0.1982421875,0.9228515625,0.32489228
0.7099609375,0.5244140625,0.9912109375,0.9228515625,0.39661002
0.6337890625,0.2919921875,0.9482421875,0.1533203125,0.32472244
0.9599609375,0.2919921875,0.9482421875,0.1533203125,0.32758477
0.6337890625,0.7744140625,0.9482421875,0.1533203125,0.50861233
0.6337890625,0.2919921875,0.2412109375,0.1533203125,0.24646308
0.6337890625,0.2919921875,0.9482421875,0.6728515625,0.28221542
0.9599609375,0.7744140625,0.2412109375,0.6728515625,0.3907083
0.1337890625,0.7919921875,0.4482421875,0.6533203125,0.3780639
0.4599609375,0.7919921875,0.4482421875,0.6533203125,0.42654833
0.1337890625,0.2744140625,0.4482421875,0.6533203125,0.19038898
0.1337890625,0.7919921875,0.7412109375,0.6533203125,0.4212208
0.1337890625,0.7919921875,0.4482421875,0.1728515625,0.4172082
0.4599609375,0.2744140625,0.7412109375,0.1728515625,0.32117468
0.1962890625,0.2294921875,0.8857421875,0.9658203125,0.17849375
0.7724609375,0.2294921875,0.8857421875,0.9658203125,0.23691608
0.1962890625,0.4619140625,0.8857421875,0.9658203125,0.30820775
0.1962890625,0.2294921875,0.4287109375,0.9658203125,0.13777046
0.1962890625,0.2294921875,0.8857421875,0.4853515625,0.25026336
0.7724609375,0.4619140625,0.4287109375,0.4853515625,0.3976764
0.6962890625,0.7294921875,0.3857421875,0.4658203125,0.4496133
0.2724609375,0.7294921875,0.3857421875,0.4658203125,0.40578362
0.6962890625,0.9619140625,0.3857421875,0.4658203125,0.45007372
0.6962890625,0.7294921875,0.9287109375,0.4658203125,0.49524403
0.6962890625,0.7294921875,0.3857421875,0.9853515625,0.37182856
0.2724609375,0.9619140625,0.9287109375,0.9853515625,0.37409005
0.9462890625,0.4794921875,0.6357421875,0.7158203125,0.42270857
0.0224609375,0.4794921875,0.6357421875,0.7158203125,0.335248
0.9462890625,0.7119140625,0.6357421875,0.7158203125,0.4716645
0.9462890625,0.4794921875,0.1787109375,0.7158203125,0.32262832
0.9462890625,0.4794921875,0.6357421875,0.7353515625,0.41983104
0.0224609375,0.7119140625,0.1787109375,0.7353515625,0.28124607
0.4462890625,0.9794921875,0.1357421875,0.2158203125,0.3901261
0.5224609375,0.9794921875,0.1357421875,0.2158203125,0.39818078
0.4462890625,0.2119140625,0.1357421875,0.2158203125,0.19560677
0.4462890625,0.9794921875,0.6787109375,0.2158203125,0.5022667
0.4462890625,0.9794921875,0.1357421875,0.2353515625,0.38917547
0.5224609375,0.2119140625,0.6787109375,0.2353515625,0.3148514
0.3212890625,0.3544921875,0.2607421875,0.0908203125,0.24608478
0.6474609375,0.3544921875,0.2607421875,0.0908203125,0.28013447
0.3212890625,0.3369140625,0.2607421875,0.0908203125,0.23621367
0.3212890625,0.3544921875,0.0537109375,0.0908203125,0.21005552
0.3212890625,0.3544921875,0.2607421875,0.6103515625,0.20933577
0.6474609375,0.3369140625,0.0537109375,0.6103515625,0.19748507
0.8212890625,0.8544921875,0.7607421875,0.5908203125,0.4988555
0.1474609375,0.8544921875,0.7607421875,0.5908203125,0.43160838
0.8212890625,0.8369140625,0.7607421875,0.5908203125,0.49883917
0.8212890625,0.8544921875,0.5537109375,0.5908203125,0.4782805
0.8212890625,0.8544921875,0.7607421875,0.1103515625,0.53267473
0.1474609375,0.8369140625,0.5537109375,0.1103515625,0.4448363
0.5712890625,0.1044921875,0.0107421875,0.3408203125,0.18465136
0.3974609375,0.1044921875,0.0107421875,0.3408203125,0.16632733
0.5712890625,0.5869140625,0.0107421875,0.3408203125,0.3741304
0.5712890625,0.1044921875,0.3037109375,0.3408203125,0.23423895
0.5712890625,0.1044921875,0.0107421875,0.3603515625,0.18331657
0.3974609375,0.5869140625,0.3037109375,0.3603515625,0.40405914
0.0712890625,0.6044921875,0.5107421875,0.8408203125,0.34706354
0.8974609375,0.6044921875,0.5107421875,0.8408203125,0.42707503
0.0712890625,0.0869140625,0.5107421875,0.8408203125,0.15531504
0.0712890625,0.6044921875,0.8037109375,0.8408203125,0.37538123
0.0712890625,0.6044921875,0.5107421875,0.8603515625,0.34354174
0.8974609375,0.0869140625,0.8037109375,0.8603515625,0.26012242
0.1025390625,0.0732421875,0.4169921875,0.1845703125,0.2064004
0.1162109375,0.0732421875,0.4169921875,0.1845703125,0.20885405
0.1025390625,0.8681640625,0.4169921875,0.1845703125,0.40358293
0.1025390625,0.0732421875,0.5849609375,0.1845703125,0.2423299
0.1025390625,0.0732421875,0.4169921875,0.3291015625,0.19867377
0.1162109375,0.8681640625,0.5849609375,0.3291015625,0.43423948
0.6025390625,0.5732421875,0.9169921875,0.6845703125,0.4577243
0.6162109375,0.5732421875,0.9169921875,0.6845703125,0.45867166
0.6025390625,0.3681640625,0.9169921875,0.6845703125,0.31885144
0.6025390625,0.5732421875,0.0849609375,0.6845703125,0.3464009
0.6025390625,0.5732421875,0.9169921875,0.8291015625,0.43525767
0.6162109375,0.3681640625,0.0849609375,0.8291015625,0.18600872
0.8525390625,0.3232421875,0.1669921875,0.4345703125,0.23006295
0.8662109375,0.3232421875,0.1669921875,0.4345703125,0.22990195
0.8525390625,0.1181640625,0.1669921875,0.4345703125,0.20712364
0.8525390625,0.3232421875,0.8349609375,0.4345703125,0.33763337
0.8525390625,0.3232421875,0.1669921875,0.5791015625,0.21592891
0.8662109375,0.1181640625,0.8349609375,0.5791015625,0.30039904
0.3525390625,0.8232421875,0.6669921875,0.9345703125,0.40536383
0.3662109375,0.8232421875,0.6669921875,0.9345703125,0.40724114
0.3525390625,0.6181640625,0.6669921875,0.9345703125,0.40128723
0.3525390625,0.8232421875,0.3349609375,0.9345703125,0.33801466
0.3525390625,0.8232421875,0.6669921875,0.0791015625,0.4944227
0.3662109375,0.6181640625,0.3349609375,0.0791015625,0.42487422
0.4775390625,0.4482421875,0.7919921875,0.8095703125,0.37245306
0.4912109375,0.4482421875,0.7919921875,0.8095703125,0.37389982
0.4775390625,0.9931640625,0.7919921875,0.8095703125,0.44828677
0.4775390625,0.4482421875,0.9599609375,0.8095703125,0.35440415
0.4775390625,0.4482421875,0.7919921875,0.7041015625,0.38883844
0.4912109375,0.9931640625,0.9599609375,0.7041015625,0.44807002
0.9775390625,0.9482421875,0.2919921875,0.3095703125,0.43687412
0.9912109375,0.9482421875,0.2919921875,0.3095703125,0.43615705
0.9775390625,0.4931640625,0.2919921875,0.3095703125,0.39664564
0.9775390625,0.9482421875,0.4599609375,0.3095703125,0.47890747
0.9775390625,0.9482421875,0.2919921875,0.2041015625,0.4425033
0.9912109375,0.4931640625,0.4599609375,0.2041015625,0.4435911
0.7275390625,0.1982421875,0.5419921875,0.5595703125,0.28287068
0.7412109375,0.1982421875,0.5419921875,0.5595703125,0.28327346
0.7275390625,0.2431640625,0.5419921875,0.5595703125,0.28594851
0.7275390625,0.1982421875,0.7099609375,0.5595703125,0.3042959
0.7275390625,0.1982421875,0.5419921875,0.4541015625,0.29317558
0.7412109375,0.2431640625,0.7099609375,0.4541015625,0.31808138
0.2275390625,0.6982421875,0.0419921875,0.0595703125,0.35251132
0.2412109375,0.6982421875,0.0419921875,0.0595703125,0.3547296
0.2275390625,0.7431640625,0.0419921875,0.0595703125,0.35301894
0.2275390625,0.6982421875,0.2099609375,0.0595703125,0.37814024
0.2275390625,0.6982421875,0.0419921875,0.9541015625,0.2588428
0.2412109375,0.7431640625,0.2099609375,0.9541015625,0.28719762
0.1650390625,0.2607421875,0.6044921875,0.3720703125,0.25295892
0.5537109375,0.2607421875,0.6044921875,0.3720703125,0.30530512
0.1650390625,0.5556640625,0.6044921875,0.3720703125,0.42933547
0.1650390625,0.2607421875,0.8974609375,0.3720703125,0.2561714
0.1650390625,0.2607421875,0.6044921875,0.6416015625,0.22647697
0.5537109375,0.5556640625,0.8974609375,0.6416015625,0.4584122
0.6650390625,0.7607421875,0.1044921875,0.8720703125,0.33213437
0.0537109375,0.7607421875,0.1044921875,0.8720703125,0.25213748
0.6650390625,0.0556640625,0.1044921875,0.8720703125,0.1351177
0.6650390625,0.7607421875,0.3974609375,0.8720703125,0.39651412
0.6650390625,0.7607421875,0.1044921875,0.1416015625,0.40689418
0.0537109375,0.0556640625,0.3974609375,0.1416015625,0.19426037
0.9150390625,0.0107421875,0.8544921875,0.1220703125,0.32943016
0.3037109375,0.0107421875,0.8544921875,0.1220703125,0.28906083
0.9150390625,0.3056640625,0.8544921875,0.1220703125,0.34648162
0.9150390625,0.0107421875,0.6474609375,0.1220703125,0.32709602
0.9150390625,0.0107421875,0.8544921875,0.3916015625,0.31489718
0.3037109375,0.3056640625,0.6474609375,0.3916015625,0.28924516
0.4150390625,0.5107421875,0.3544921875,0.6220703125,0.37161076
0.8037109375,0.5107421875,0.3544921875,0.6220703125,0.3980266
0.4150390625,0.8056640625,0.3544921875,0.6220703125,0.40171397
0.4150390625,0.5107421875,0.1474609375,0.6220703125,0.32483384
0.4150390625,0.5107421875,0.3544921875,0.8916015625,0.32958966
0.8037109375,0.8056640625,0.1474609375,0.8916015625,0.3393318
0.2900390625,0.1357421875,0.2294921875,0.7470703125,0.14010315
0.9287109375,0.1357421875,0.2294921875,0.7470703125,0.18209094
0.2900390625,0.6806640625,0.2294921875,0.7470703125,0.33563972
0.2900390625,0.1357421875,0.5224609375,0.7470703125,0.21074067
0.2900390625,0.1357421875,0.2294921875,0.2666015625,0.1879851
0.9287109375,0.6806640625,0.5224609375,0.2666015625,0.49614698
0.7900390625,0.6357421875,0.7294921875,0.2470703125,0.5232506
0.4287109375,0.6357421875,0.7294921875,0.2470703125,0.49862832
0.7900390625,0.1806640625,0.7294921875,0.2470703125,0.33035642
0.7900390625,0.6357421875,0.0224609375,0.2470703125,0.39515883
0.7900390625,0.6357421875,0.7294921875,0.7666015625,0.47129557
0.4287109375,0.1806640625,0.0224609375,0.7666015625,0.12568748
0.5400390625,0.3857421875,0.4794921875,0.9970703125,0.24737328
0.1787109375,0.3857421875,0.4794921875,0.9970703125,0.19858131
0.5400390625,0.4306640625,0.4794921875,0.9970703125,0.2895667
0.5400390625,0.3857421875,0.7724609375,0.9970703125,0.28337863
0.5400390625,0.3857421875,0.4794921875,0.5166015625,0.32295537
0.1787109375,0.4306640625,0.7724609375,0.5166015625,0.35236216
0.0400390625,0.8857421875,0.9794921875,0.4970703125,0.4000043
0.6787109375,0.8857421875,0.9794921875,0.4970703125,0.48320827
0.0400390625,0.9306640625,0.9794921875,0.4970703125,0.4000167
0.0400390625,0.8857421875,0.2724609375,0.4970703125,0.33471343
0.0400390625,0.8857421875,0.9794921875,0.0166015625,0.42658588
0.6787109375,0.9306640625,0.2724609375,0.0166015625,0.44451135
0.0556640625,0.1826171875,0.6513671875,0.0439453125,0.24905615
0.4443359375,0.1826171875,0.6513671875,0.0439453125,0.30987683
0.0556640625,0.7900390625,0.6513671875,0.0439453125,0.44469544
0.0556640625,0.1826171875,0.8193359375,0.0439453125,0.25353062
0.0556640625,0.1826171875,0.6513671875,0.1259765625,0.24654746
0.4443359375,0.7900390625,0.8193359375,0.1259765625,0.50748193
0.5556640625,0.6826171875,0.1513671875,0.5439453125,0.37824082
0.9443359375,0.6826171875,0.1513671875,0.5439453125,0.38752085
0.5556640625,0.2900390625,0.1513671875,0.5439453125,0.19486062
0.5556640625,0.6826171875,0.3193359375,0.5439453125,0.41541255
0.5556640625,0.6826171875,0.1513671875,0.6259765625,0.3688686
0.9443359375,0.2900390625,0.3193359375,0.6259765625,0.23194012
0.8056640625,0.4326171875,0.9013671875,0.2939453125,0.4241917
0.6943359375,0.4326171875,0.9013671875,0.2939453125,0.42148602
0.8056640625,0.0400390625,0.9013671875,0.2939453125,0.31760967
0.8056640625,0.4326171875,0.5693359375,0.2939453125,0.41580442
0.8056640625,0.4326171875,0.9013671875,0.8759765625,0.35597736
0.6943359375,0.0400390625,0.5693359375,0.8759765625,0.23830229
0.3056640625,0.9326171875,0.4013671875,0.7939453125,0.37414327
0.1943359375,0.9326171875,0.4013671875,0.7939453125,0.35641006
0.3056640625,0.5400390625,0.4013671875,0.7939453125,0.35603282
0.3056640625,0.9326171875,0.0693359375,0.7939453125,0.30446562
0.3056640625,0.9326171875,0.4013671875,0.3759765625,0.42252052
0.1943359375,0.5400390625,0.0693359375,0.3759765625,0.3169992
0.4306640625,0.3076171875,0.0263671875,0.9189453125,0.11516644
0.0693359375,0.3076171875,0.0263671875,0.9189453125,0.05847536
0.4306640625,0.9150390625,0.0263671875,0.9189453125,0.29483324
0.4306640625,0.3076171875,0.6943359375,0.9189453125,0.24124013
0.4306640625,0.3076171875,0.0263671875,0.7509765625,0.14477222
0.0693359375,0.9150390625,0.6943359375,0.7509765625,0.39382163
0.9306640625,0.8076171875,0.5263671875,0.4189453125,0.4877593
0.5693359375,0.8076171875,0.5263671875,0.4189453125,0.47910935
0.9306640625,0.4150390625,0.5263671875,0.4189453125,0.37998182
0.9306640625,0.8076171875,0.1943359375,0.4189453125,0.40882528
0.9306640625,0.8076171875,0.5263671875,0.2509765625,0.49883646
0.5693359375,0.4150390625,0.1943359375,0.2509765625,0.30347502
0.6806640625,0.0576171875,0.2763671875,0.6689453125,0.20211178
0.8193359375,0.0576171875,0.2763671875,0.6689453125,0.20547915
0.6806640625,0.1650390625,0.2763671875,0.6689453125,0.20312051
0.6806640625,0.0576171875,0.9443359375,0.6689453125,0.27275947
0.6806640625,0.0576171875,0.2763671875,0.0009765625,0.2486421
0.8193359375,0.1650390625,0.9443359375,0.0009765625,0.3236659
0.1806640625,0.5576171875,0.7763671875,0.1689453125,0.45579964
0.3193359375,0.5576171875,0.7763671875,0.1689453125,0.47786912
0.1806640625,0.6650390625,0.7763671875,0.1689453125,0.46728224
0.1806640625,0.5576171875,0.4443359375,0.1689453125,0.41156754
0.1806640625,0.5576171875,0.7763671875,0.5009765625,0.433661
0.3193359375,0.6650390625,0.4443359375,0.5009765625,0.42298102
0.2431640625,0.4951171875,0.3388671875,0.4814453125,0.3492387
0.8818359375,0.4951171875,0.3388671875,0.4814453125,0.39982104
0.2431640625,0.6025390625,0.3388671875,0.4814453125,0.38263372
0.2431640625,0.4951171875,0.6318359375,0.4814453125,0.41175783
0.2431640625,0.4951171875,0.3388671875,0.8134765625,0.30628175
0.8818359375,0.6025390625,0.6318359375,0.8134765625,0.45277822
0.7431640625,0.9951171875,0.8388671875,0.9814453125,0.4307856
0.3818359375,0.9951171875,0.8388671875,0.9814453125,0.40112346
0.7431640625,0.1025390625,0.8388671875,0.9814453125,0.23372228
0.7431640625,0.9951171875,0.1318359375,0.9814453125,0.31741554
0.7431640625,0.9951171875,0.8388671875,0.3134765625,0.5191975
0.3818359375,0.1025390625,0.1318359375,0.3134765625,0.17910194
0.9931640625,0.2451171875,0.0888671875,0.2314453125,0.2087181
0.1318359375,0.2451171875,0.0888671875,0.2314453125,0.14343205
0.9931640625,0.3525390625,0.0888671875,0.2314453125,0.24148515
0.9931640625,0.2451171875,0.8818359375,0.2314453125,0.32413
0.9931640625,0.2451171875,0.0888671875,0.0634765625,0.2151543
0.1318359375,0.3525390625,0.8818359375,0.0634765625,0.2980472
0.4931640625,0.7451171875,0.5888671875,0.7314453125,0.4479562
0.6318359375,0.7451171875,0.5888671875,0.7314453125,0.45950353
0.4931640625,0.8525390625,0.5888671875,0.7314453125,0.44825697
0.4931640625,0.7451171875,0.3818359375,0.7314453125,0.4025312
0.4931640625,0.7451171875,0.5888671875,0.5634765625,0.46956503
0.6318359375,0.8525390625,0.3818359375,0.5634765625,0.4359881
0.3681640625,0.1201171875,0.9638671875,0.6064453125,0.24839567
0.5068359375,0.1201171875,0.9638671875,0.6064453125,0.2647614
0.3681640625,0.7275390625,0.9638671875,0.6064453125,0.44483945
0.3681640625,0.1201171875,0.7568359375,0.6064453125,0.26755866
0.3681640625,0.1201171875,0.9638671875,0.1884765625,0.28104892
0.5068359375,0.7275390625,0.7568359375,0.1884765625,0.51302135
0.8681640625,0.6201171875,0.4638671875,0.1064453125,0.48885417
0.0068359375,0.6201171875,0.4638671875,0.1064453125,0.39632583
0.8681640625,0.2275390625,0.4638671875,0.1064453125,0.2993503
0.8681640625,0.6201171875,0.2568359375,0.1064453125,0.43743715
0.8681640625,0.6201171875,0.4638671875,0.6884765625,0.44253582
0.0068359375,0.2275390625,0.2568359375,0.6884765625,0.1090866
0.6181640625,0.3701171875,0.7138671875,0.8564453125,0.3043754
0.2568359375,0.3701171875,0.7138671875,0.8564453125,0.26233587
0.6181640625,0.4775390625,0.7138671875,0.8564453125,0.4005616
0.6181640625,0.3701171875,0.5068359375,0.8564453125,0.27556294
0.6181640625,0.3701171875,0.7138671875,0.9384765625,0.288494
0.2568359375,0.4775390625,0.5068359375,0.9384765625,0.31382817
0.1181640625,0.8701171875,0.2138671875,0.3564453125,0.34711128
0.7568359375,0.8701171875,0.2138671875,0.3564453125,0.4188004
0.1181640625,0.9775390625,0.2138671875,0.3564453125,0.34713653
0.1181640625,0.8701171875,0.0068359375,0.3564453125,0.31836507
0.1181640625,0.8701171875,0.2138671875,0.4384765625,0.34082505
0.7568359375,0.9775390625,0.0068359375,0.4384765625,0.3837932
0.0869140625,0.3388671875,0.8701171875,0.6376953125,0.24267134
0.2255859375,0.3388671875,0.8701171875,0.6376953125,0.26673868
0.0869140625,0.1962890625,0.8701171875,0.6376953125,0.21421653
0.0869140625,0.3388671875,0.3505859375,0.6376953125,0.18047504
0.0869140625,0.3388671875,0.8701171875,0.9697265625,0.18671386
0.2255859375,0.1962890625,0.3505859375,0.9697265625,0.12013014
0.5869140625,0.8388671875,0.3701171875,0.1376953125,0.45966044
0.7255859375,0.8388671875,0.3701171875,0.1376953125,0.46721923
0.5869140625,0.6962890625,0.3701171875,0.1376953125,0.4588174
0.5869140625,0.8388671875,0.8505859375,0.1376953125,0.51873004
0.5869140625,0.8388671875,0.3701171875,0.4697265625,0.4392236
0.7255859375,0.6962890625,0.8505859375,0.4697265625,0.50500894
0.8369140625,0.0888671875,0.6201171875,0.8876953125,0.24686752
0.9755859375,0.0888671875,0.6201171875,0.8876953125,0.24310501
0.8369140625,0.9462890625,0.6201171875,0.8876953125,0.44400585
0.8369140625,0.0888671875,0.1005859375,0.8876953125,0.1358757
0.8369140625,0.0888671875,0.6201171875,0.2197265625,0.32125524
0.9755859375,0.9462890625,0.1005859375,0.2197265625,0.4036393
0.3369140625,0.5888671875,0.1201171875,0.3876953125,0.3558085
0.4755859375,0.5888671875,0.1201171875,0.3876953125,0.3732652
0.3369140625,0.4462890625,0.1201171875,0.3876953125,0.28545225
0.3369140625,0.5888671875,0.6005859375,0.3876953125,0.46122068
0.3369140625,0.5888671875,0.1201171875,0.7197265625,0.3198226
0.4755859375,0.4462890625,0.6005859375,0.7197265625,0.3723353
0.4619140625,0.2138671875,0.4951171875,0.2626953125,0.2781971
0.3505859375,0.2138671875,0.4951171875,0.2626953125,0.26417032
0.4619140625,0.0712890625,0.4951171875,0.2626953125,0.2753884
0.4619140625,0.2138671875,0.2255859375,0.2626953125,0.21253279
0.4619140625,0.2138671875,0.4951171875,0.0947265625,0.28531942
0.3505859375,0.0712890625,0.2255859375,0.0947265625,0.20281959
0.9619140625,0.7138671875,0.9951171875,0.7626953125,0.44665983
0.8505859375,0.7138671875,0.9951171875,0.7626953125,0.44968304
0.9619140625,0.5712890625,0.9951171875,0.7626953125,0.437111
0.9619140625,0.7138671875,0.7255859375,0.7626953125,0.47113273
0.9619140625,0.7138671875,0.9951171875,0.5947265625,0.4695141
0.8505859375,0.5712890625,0.7255859375,0.5947265625,0.48746142
0.7119140625,0.4638671875,0.2451171875,0.0126953125,0.37760153
0.6005859375,0.4638671875,0.2451171875,0.0126953125,0.37152788
0.7119140625,0.8212890625,0.2451171875,0.0126953125,0.43950158
0.7119140625,0.4638671875,0.4755859375,0.0126953125,0.4344627
0.7119140625,0.4638671875,0.2451171875,0.8447265625,0.3039922
0.6005859375,0.8212890625,0.4755859375,0.8447265625,0.4166798
0.2119140625,0.9638671875,0.7451171875,0.5126953125,0.45085737
0.1005859375,0.9638671875,0.7451171875,0.5126953125,0.43151876
0.2119140625,0.3212890625,0.7451171875,0.5126953125,0.27606925
0.2119140625,0.9638671875,0.9755859375,0.5126953125,0.4296654
0.2119140625,0.9638671875,0.7451171875,0.3447265625,0.46472698
0.1005859375,0.3212890625,0.9755859375,0.3447265625,0.24940826
0.1494140625,0.0263671875,0.1826171875,0.8251953125,0.09386596
0.6630859375,0.0263671875,0.1826171875,0.8251953125,0.15652865
0.1494140625,0.3837890625,0.1826171875,0.8251953125,0.15473276
0.1494140625,0.0263671875,0.1630859375,0.8251953125,0.09016293
0.1494140625,0.0263671875,0.1826171875,0.0322265625,0.16357248
0.6630859375,0.3837890625,0.1630859375,0.0322265625,0.2833989
0.6494140625,0.5263671875,0.6826171875,0.3251953125,0.49115726
0.1630859375,0.5263671875,0.6826171875,0.3251953125,0.43162027
0.6494140625,0.8837890625,0.6826171875,0.3251953125,0.5142359
0.6494140625,0.5263671875,0.6630859375,0.3251953125,0.48944518
0.6494140625,0.5263671875,0.6826171875,0.5322265625,0.47403523
0.1630859375,0.8837890625,0.6630859375,0.5322265625,0.43586472
0.8994140625,0.2763671875,0.4326171875,0.5751953125,0.2650992
0.4130859375,0.2763671875,0.4326171875,0.5751953125,0.23931953
0.8994140625,0.6337890625,0.4326171875,0.5751953125,0.44948852
0.8994140625,0.2763671875,0.4130859375,0.5751953125,0.26026186
0.8994140625,0.2763671875,0.4326171875,0.7822265625,0.23690309
0.4130859375,0.6337890625,0.4130859375,0.7822265625,0.3906754
0.3994140625,0.7763671875,0.9326171875,0.0751953125,0.49129602
0.9130859375,0.7763671875,0.9326171875,0.0751953125,0.5184291
0.3994140625,0.1337890625,0.9326171875,0.0751953125,0.2946992
0.3994140625,0.7763671875,0.9130859375,0.0751953125,0.49421674
0.3994140625,0.7763671875,0.9326171875,0.2822265625,0.48249042
0.9130859375,0.1337890625,0.9130859375,0.2822265625,0.31594738
0.2744140625,0.4013671875,0.5576171875,0.2001953125,0.3422452
0.7880859375,0.4013671875,0.5576171875,0.2001953125,0.38823876
0.2744140625,0.2587890625,0.5576171875,0.2001953125,0.27286807
0.2744140625,0.4013671875,0.2880859375,0.2001953125,0.27851647
0.2744140625,0.4013671875,0.5576171875,0.9072265625,0.2631701
0.7880859375,0.2587890625,0.2880859375,0.9072265625,0.17605779
0.7744140625,0.9013671875,0.0576171875,0.7001953125,0.3586449
0.2880859375,0.9013671875,0.0576171875,0.7001953125,0.31494558
0.7744140625,0.7587890625,0.0576171875,0.7001953125,0.35839993
0.7744140625,0.9013671875,0.7880859375,0.7001953125,0.48415035
0.7744140625,0.9013671875,0.0576171875,0.4072265625,0.39033365
0.2880859375,0.7587890625,0.7880859375,0.4072265625,0.4718948
0.5244140625,0.1513671875,0.8076171875,0.4501953125,0.30102012
0.0380859375,0.1513671875,0.8076171875,0.4501953125,0.22848208
0.5244140625,0.5087890625,0.8076171875,0.4501953125,0.46633396
0.5244140625,0.1513671875,0.0380859375,0.4501953125,0.17449413
0.5244140625,0.1513671875,0.8076171875,0.1572265625,0.31898913
0.0380859375,0.5087890625,0.0380859375,0.1572265625,0.2852389
0.0244140625,0.6513671875,0.3076171875,0.9501953125,0.27092814
0.5380859375,0.6513671875,0.3076171875,0.9501953125,0.34727442
0.0244140625,0.0087890625,0.3076171875,0.9501953125,0.07575132
0.0244140625,0.6513671875,0.5380859375,0.9501953125,0.32611316
0.0244140625,0.6513671875,0.3076171875,0.6572265625,0.32023886
0.5380859375,0.0087890625,0.5380859375,0.6572265625,0.25659335
0.0166015625,0.0498046875,0.7529296875,0.3173828125,0.23455171
0.9521484375,0.0498046875,0.7529296875,0.3173828125,0.32286438
0.0166015625,0.3291015625,0.7529296875,0.3173828125,0.2603315
0.0166015625,0.0498046875,0.7177734375,0.3173828125,0.23359892
0.0166015625,0.0498046875,0.7529296875,0.7275390625,0.19258712
0.9521484375,0.3291015625,0.7177734375,0.7275390625,0.3057268
0.5166015625,0.5498046875,0.2529296875,0.8173828125,0.34420976
0.4521484375,0.5498046875,0.2529296875,0.8173828125,0.3373928
0.5166015625,0.8291015625,0.2529296875,0.8173828125,0.35931945
0.5166015625,0.5498046875,0.2177734375,0.8173828125,0.33629444
0.5166015625,0.5498046875,0.2529296875,0.2275390625,0.4055
0.4521484375,0.8291015625,0.2177734375,0.2275390625,0.4058774
0.7666015625,0.2998046875,0.5029296875,0.0673828125,0.32064855
0.2021484375,0.2998046875,0.5029296875,0.0673828125,0.26331508
0.7666015625,0.5791015625,0.5029296875,0.0673828125,0.49388593
0.7666015625,0.2998046875,0.9677734375,0.0673828125,0.33159375
0.7666015625,0.2998046875,0.5029296875,0.4775390625,0.29720864
0.2021484375,0.5791015625,0.9677734375,0.4775390625,0.42405775
0.2666015625,0.7998046875,0.0029296875,0.5673828125,0.3243218
0.7021484375,0.7998046875,0.0029296875,0.5673828125,0.369305
0.2666015625,0.0791015625,0.0029296875,0.5673828125,0.12724793
0.2666015625,0.7998046875,0.4677734375,0.5673828125,0.41524917
0.2666015625,0.7998046875,0.0029296875,0.9775390625,0.25836927
0.7021484375,0.0791015625,0.4677734375,0.9775390625,0.19720598
0.3916015625,0.4248046875,0.3779296875,0.6923828125,0.2972818
0.5771484375,0.4248046875,0.3779296875,0.6923828125,0.31683064
0.3916015625,0.4541015625,0.3779296875,0.6923828125,0.32514068
0.3916015625,0.4248046875,0.8427734375,0.6923828125,0.35500345
0.3916015625,0.4248046875,0.3779296875,0.3525390625,0.33189332
0.5771484375,0.4541015625,0.8427734375,0.3525390625,0.4370227
0.8916015625,0.9248046875,0.8779296875,0.1923828125,0.522257
0.0771484375,0.9248046875,0.8779296875,0.1923828125,0.4431797
0.8916015625,0.9541015625,0.8779296875,0.1923828125,0.52226126
0.8916015625,0.9248046875,0.3427734375,0.1923828125,0.45891044
0.8916015625,0.9248046875,0.8779296875,0.8525390625,0.4531454
0.0771484375,0.9541015625,0.3427734375,0.8525390625,0.31072584
0.6416015625,0.1748046875,0.1279296875,0.9423828125,0.12471902
0.3271484375,0.1748046875,0.1279296875,0.9423828125,0.0918611
0.6416015625,0.7041015625,0.1279296875,0.9423828125,0.31996107
0.6416015625,0.1748046875,0.5927734375,0.9423828125,0.22772567
0.6416015625,0.1748046875,0.1279296875,0.6025390625,0.17920625
0.3271484375,0.7041015625,0.5927734375,0.6025390625,0.444597
0.1416015625,0.6748046875,0.6279296875,0.4423828125,0.4352301
0.8271484375,0.6748046875,0.6279296875,0.4423828125,0.5035045
0.1416015625,0.2041015625,0.6279296875,0.4423828125,0.241669
0.1416015625,0.6748046875,0.0927734375,0.4423828125,0.3221856
0.1416015625,0.6748046875,0.6279296875,0.1025390625,0.4544926
0.8271484375,0.2041015625,0.0927734375,0.1025390625,0.21616139
0.2041015625,0.3623046875,0.1904296875,0.1298828125,0.21603835
0.3896484375,0.3623046875,0.1904296875,0.1298828125,0.24387461
0.2041015625,0.0166015625,0.1904296875,0.1298828125,0.17152411
0.2041015625,0.3623046875,0.7802734375,0.1298828125,0.32151303
0.2041015625,0.3623046875,0.1904296875,0.2900390625,0.20856343
0.3896484375,0.0166015625,0.7802734375,0.2900390625,0.29736012
0.7041015625,0.8623046875,0.6904296875,0.6298828125,0.48924056
0.8896484375,0.8623046875,0.6904296875,0.6298828125,0.49088386
0.7041015625,0.5166015625,0.6904296875,0.6298828125,0.461922
0.7041015625,0.8623046875,0.2802734375,0.6298828125,0.40633023
0.7041015625,0.8623046875,0.6904296875,0.7900390625,0.4662321
0.8896484375,0.5166015625,0.2802734375,0.7900390625,0.35764658
0.9541015625,0.1123046875,0.4404296875,0.3798828125,0.27358943
0.6396484375,0.1123046875,0.4404296875,0.3798828125,0.2708273
0.9541015625,0.7666015625,0.4404296875,0.3798828125,0.47036102
0.9541015625,0.1123046875,0.5302734375,0.3798828125,0.29374614
0.9541015625,0.1123046875,0.4404296875,0.5400390625,0.25941437
0.6396484375,0.7666015625,0.5302734375,0.5400390625,0.47358054
0.4541015625,0.6123046875,0.9404296875,0.8798828125,0.41376138
0.1396484375,0.6123046875,0.9404296875,0.8798828125,0.36697388
0.4541015625,0.2666015625,0.9404296875,0.8798828125,0.2292815
0.4541015625,0.6123046875,0.0302734375,0.8798828125,0.30079097
0.4541015625,0.6123046875,0.9404296875,0.0400390625,0.4931629
0.1396484375,0.2666015625,0.0302734375,0.0400390625,0.14892504
0.3291015625,0.2373046875,0.5654296875,0.7548828125,0.22765619
0.0146484375,0.2373046875,0.5654296875,0.7548828125,0.17428365
0.3291015625,0.1416015625,0.5654296875,0.7548828125,0.22366399
0.3291015625,0.2373046875,0.6552734375,0.7548828125,0.24044132
0.3291015625,0.2373046875,0.5654296875,0.6650390625,0.24054933
0.0146484375,0.1416015625,0.6552734375,0.6650390625,0.19596969
0.8291015625,0.7373046875,0.0654296875,0.2548828125,0.40107048
0.5146484375,0.7373046875,0.0654296875,0.2548828125,0.38564697
0.8291015625,0.6416015625,0.0654296875,0.2548828125,0.3988414
0.8291015625,0.7373046875,0.1552734375,0.2548828125,0.4138262
0.8291015625,0.7373046875,0.0654296875,0.1650390625,0.4052497
0.5146484375,0.6416015625,0.1552734375,0.1650390625,0.40035287
0.5791015625,0.4873046875,0.8154296875,0.5048828125,0.4528002
0.7646484375,0.4873046875,0.8154296875,0.5048828125,0.46197647
0.5791015625,0.8916015625,0.8154296875,0.5048828125,0.49686593
0.5791015625,0.4873046875,0.9052734375,0.5048828125,0.44429693
0.5791015625,0.4873046875,0.8154296875,0.4150390625,0.46073806
0.7646484375,0.8916015625,0.9052734375,0.4150390625,0.50547665
0.0791015625,0.9873046875,0.3154296875,0.0048828125,0.37935027
0.2646484375,0.9873046875,0.3154296875,0.0048828125,0.41110423
0.0791015625,0.3916015625,0.3154296875,0.0048828125,0.24960591
0.0791015625,0.9873046875,0.4052734375,0.0048828125,0.40216583
0.0791015625,0.9873046875,0.3154296875,0.9150390625,0.29230672
0.2646484375,0.3916015625,0.4052734375,0.9150390625,0.21713185
0.1103515625,0.4560546875,0.7216796875,0.9736328125,0.29303324
0.7333984375,0.4560546875,0.7216796875,0.9736328125,0.36551243
0.1103515625,0.6728515625,0.7216796875,0.9736328125,0.36035383
0.1103515625,0.4560546875,0.2490234375,0.9736328125,0.2009574
0.1103515625,0.4560546875,0.7216796875,0.3837890625,0.37496337
0.7333984375,0.6728515625,0.2490234375,0.3837890625,0.4226873
0.6103515625,0.9560546875,0.2216796875,0.4736328125,0.40444377
0.2333984375,0.9560546875,0.2216796875,0.4736328125,0.35917464
0.6103515625,0.1728515625,0.2216796875,0.4736328125,0.2083863
0.6103515625,0.9560546875,0.7490234375,0.4736328125,0.5034191
0.6103515625,0.9560546875,0.2216796875,0.8837890625,0.3481269
0.2333984375,0.1728515625,0.7490234375,0.8837890625,0.20577575
0.8603515625,0.2060546875,0.9716796875,0.7236328125,0.2658514
0.4833984375,0.2060546875,0.9716796875,0.7236328125,0.24746463
0.8603515625,0.4228515625,0.9716796875,0.7236328125,0.36042705
0.8603515625,0.2060546875,0.4990234375,0.7236328125,0.2547771
0.8603515625,0.2060546875,0.9716796875,0.6337890625,0.27805972
0.4833984375,0.4228515625,0.4990234375,0.6337890625,0.34317428
0.3603515625,0.7060546875,0.4716796875,0.2236328125,0.45588863
0.9833984375,0.7060546875,0.4716796875,0.2236328125,0.4853272
0.3603515625,0.9228515625,0.4716796875,0.2236328125,0.45661765
0.3603515625,0.7060546875,0.9990234375,0.2236328125,0.46779275
0.3603515625,0.7060546875,0.4716796875,0.1337890625,0.45968217
0.9833984375,0.9228515625,0.9990234375,0.1337890625,0.50175387
0.4853515625,0.0810546875,0.0966796875,0.0986328125,0.19614315
0.8583984375,0.0810546875,0.0966796875,0.0986328125,0.21434623
0.4853515625,0.5478515625,0.0966796875,0.0986328125,0.37759852
0.4853515625,0.0810546875,0.3740234375,0.0986328125,0.25562236
0.4853515625,0.0810546875,0.0966796875,0.5087890625,0.17068642
0.8583984375,0.5478515625,0.3740234375,0.5087890625,0.42982408
0.9853515625,0.5810546875,0.5966796875,0.5986328125,0.47197732
0.3583984375,0.5810546875,0.5966796875,0.5986328125,0.44237298
0.9853515625,0.0478515625,0.5966796875,0.5986328125,0.2831578
0.9853515625,0.5810546875,0.8740234375,0.5986328125,0.47913697
0.9853515625,0.5810546875,0.5966796875,0.0087890625,0.5095277
0.3583984375,0.0478515625,0.8740234375,0.0087890625,0.29826355
0.7353515625,0.3310546875,0.3466796875,0.3486328125,0.2800839
0.1083984375,0.3310546875,0.3466796875,0.3486328125,0.2071966
0.7353515625,0.2978515625,0.3466796875,0.3486328125,0.26813832
0.7353515625,0.3310546875,0.1240234375,0.3486328125,0.23148137
0.7353515625,0.3310546875,0.3466796875,0.2587890625,0.28553236
0.1083984375,0.2978515625,0.1240234375,0.2587890625,0.15209696
0.2353515625,0.8310546875,0.8466796875,0.8486328125,0.4051842
0.6083984375,0.8310546875,0.8466796875,0.8486328125,0.45000106
0.2353515625,0.7978515625,0.8466796875,0.8486328125,0.40512627
0.2353515625,0.8310546875,0.6240234375,0.8486328125,0.39933378
0.2353515625,0.8310546875,0.8466796875,0.7587890625,0.42024416
0.6083984375,0.7978515625,0.6240234375,0.7587890625,0.45915264
0.1728515625,0.1435546875,0.2841796875,0.5361328125,0.16085452
0.1708984375,0.1435546875,0.2841796875,0.5361328125,0.16051878
0.1728515625,0.9853515625,0.2841796875,0.5361328125,0.35750073
0.1728515625,0.1435546875,0.3115234375,0.5361328125,0.1676226
0.1728515625,0.1435546875,0.2841796875,0.5712890625,0.1570783
0.1708984375,0.9853515625,0.3115234375,0.5712890625,0.36015686
0.6728515625,0.6435546875,0.7841796875,0.0361328125,0.5283799
0.6708984375,0.6435546875,0.7841796875,0.0361328125,0.5282829
0.6728515625,0.4853515625,0.7841796875,0.0361328125,0.4854843
0.6728515625,0.6435546875,0.8115234375,0.0361328125,0.5274221
0.6728515625,0.6435546875,0.7841796875,0.0712890625,0.52742815
0.6708984375,0.4853515625,0.8115234375,0.0712890625,0.4834777
0.9228515625,0.3935546875,0.0341796875,0.7861328125,0.21437767
0.9208984375,0.3935546875,0.0341796875,0.7861328125,0.2144408
0.9228515625,0.2353515625,0.0341796875,0.7861328125,0.14953232
0.9228515625,0.3935546875,0.0615234375,0.7861328125,0.21676388
0.9228515625,0.3935546875,0.0341796875,0.3212890625,0.26519474
0.9208984375,0.2353515625,0.0615234375,0.3212890625,0.2027987
0.4228515625,0.8935546875,0.5341796875,0.2861328125,0.47491696
0.4208984375,0.8935546875,0.5341796875,0.2861328125,0.4746781
0.4228515625,0.7353515625,0.5341796875,0.2861328125,0.47452083
0.4228515625,0.8935546875,0.5615234375,0.2861328125,0.48010725
0.4228515625,0.8935546875,0.5341796875,0.8212890625,0.41607913
0.4208984375,0.7353515625,0.5615234375,0.8212890625,0.42063445
0.2978515625,0.2685546875,0.9091796875,0.4111328125,0.27441067
0.2958984375,0.2685546875,0.9091796875,0.4111328125,0.2741164
0.2978515625,0.8603515625,0.9091796875,0.4111328125,0.4631917
0.2978515625,0.2685546875,0.1865234375,0.4111328125,0.17842412
0.2978515625,0.2685546875,0.9091796875,0.4462890625,0.27151614
0.2958984375,0.8603515625,0.1865234375,0.4462890625,0.36401638
0.7978515625,0.7685546875,0.4091796875,0.9111328125,0.3960349
0.7958984375,0.7685546875,0.4091796875,0.9111328125,0.3960175
0.7978515625,0.3603515625,0.4091796875,0.9111328125,0.24210337
0.7978515625,0.7685546875,0.6865234375,0.9111328125,0.44616523
0.7978515625,0.7685546875,0.4091796875,0.9462890625,0.3889111
0.7958984375,0.3603515625,0.6865234375,0.9462890625,0.28509253
0.5478515625,0.0185546875,0.6591796875,0.1611328125,0.3159073
0.5458984375,0.0185546875,0.6591796875,0.1611328125,0.31573522
0.5478515625,0.1103515625,0.6591796875,0.1611328125,0.31623304
0.5478515625,0.0185546875,0.4365234375,0.1611328125,0.27494407
0.5478515625,0.0185546875,0.6591796875,0.6962890625,0.27049115
0.5458984375,0.1103515625,0.4365234375,0.6962890625,0.22968161
0.0478515625,0.5185546875,0.1591796875,0.6611328125,0.26694992
0.0458984375,0.5185546875,0.1591796875,0.6611328125,0.26658875
0.0478515625,0.6103515625,0.1591796875,0.6611328125,0.28857478
0.0478515625,0.5185546875,0.9365234375,0.6611328125,0.36403143
0.0478515625,0.5185546875,0.1591796875,0.1962890625,0.30610874
0.0458984375,0.6103515625,0.9365234375,0.1962890625,0.42445394
0.0322265625,0.2841796875,0.4560546875,0.8642578125,0.1427832
0.8427734375,0.2841796875,0.4560546875,0.8642578125,0.23084036
0.0322265625,0.7197265625,0.4560546875,0.8642578125,0.32809973
0.0322265625,0.2841796875,0.4833984375,0.8642578125,0.14913446
0.0322265625,0.2841796875,0.4560546875,0.0869140625,0.21795437
0.8427734375,0.7197265625,0.4833984375,0.0869140625,0.49767932
0.5322265625,0.7841796875,0.9560546875,0.3642578125,0.48807356
0.3427734375,0.7841796875,0.9560546875,0.3642578125,0.4657623
0.5322265625,0.2197265625,0.9560546875,0.3642578125,0.2941822
0.5322265625,0.7841796875,0.9833984375,0.3642578125,0.48302436
0.5322265625,0.7841796875,0.9560546875,0.5869140625,0.46763885
0.3427734375,0.2197265625,0.9833984375,0.5869140625,0.246387
0.7822265625,0.0341796875,0.2060546875,0.6142578125,0.19611302
0.0927734375,0.0341796875,0.2060546875,0.6142578125,0.11940214
0.7822265625,0.4697265625,0.2060546875,0.6142578125,0.3362802
0.7822265625,0.0341796875,0.2333984375,0.6142578125,0.2020598
0.7822265625,0.0341796875,0.2060546875,0.8369140625,0.16321234
0.0927734375,0.4697265625,0.2333984375,0.8369140625,0.23261543
0.2822265625,0.5341796875,0.7060546875,0.1142578125,0.46587503
0.5927734375,0.5341796875,0.7060546875,0.1142578125,0.5021648
0.2822265625,0.9697265625,0.7060546875,0.1142578125,0.48599446
0.2822265625,0.5341796875,0.7333984375,0.1142578125,0.46703815
0.2822265625,0.5341796875,0.7060546875,0.3369140625,0.45494047
0.5927734375,0.9697265625,0.7333984375,0.3369140625,0.5125128
0.4072265625,0.1591796875,0.8310546875,0.2392578125,0.30117133
0.7177734375,0.1591796875,0.8310546875,0.2392578125,0.32677662
0.4072265625,0.5947265625,0.8310546875,0.2392578125,0.49102697
0.4072265625,0.1591796875,0.1083984375,0.2392578125,0.18371472
0.4072265625,0.1591796875,0.8310546875,0.9619140625,0.2127884
0.7177734375,0.5947265625,0.1083984375,0.9619140625,0.3107927
0.9072265625,0.6591796875,0.3310546875,0.7392578125,0.4033363
0.2177734375,0.6591796875,0.3310546875,0.7392578125,0.34921068
0.9072265625,0.0947265625,0.3310546875,0.7392578125,0.20808445
0.9072265625,0.6591796875,0.6083984375,0.7392578125,0.4646797
0.9072265625,0.6591796875,0.3310546875,0.4619140625,0.43615955
0.2177734375,0.0947265625,0.6083984375,0.4619140625,0.24812545
0.6572265625,0.4091796875,0.5810546875,0.4892578125,0.37568253
0.4677734375,0.4091796875,0.5810546875,0.4892578125,0.35994017
0.6572265625,0.3447265625,0.5810546875,0.4892578125,0.3255037
0.6572265625,0.4091796875,0.3583984375,0.4892578125,0.32555673
0.6572265625,0.4091796875,0.5810546875,0.2119140625,0.39482513
0.4677734375,0.3447265625,0.3583984375,0.2119140625,0.27877814
0.1572265625,0.9091796875,0.0810546875,0.9892578125,0.24414754
0.9677734375,0.9091796875,0.0810546875,0.9892578125,0.30627877
0.1572265625,0.8447265625,0.0810546875,0.9892578125,0.24411333
0.1572265625,0.9091796875,0.8583984375,0.9892578125,0.36294407
0.1572265625,0.9091796875,0.0810546875,0.7119140625,0.29434562
0.9677734375,0.8447265625,0.8583984375,0.7119140625,0.47523916
0.2197265625,0.0966796875,0.5185546875,0.6767578125,0.20855935
0.2802734375,0.0966796875,0.5185546875,0.6767578125,0.21821451
0.2197265625,0.9072265625,0.5185546875,0.6767578125,0.40564784
0.2197265625,0.0966796875,0.0458984375,0.6767578125,0.109179586
0.2197265625,0.0966796875,0.5185546875,0.8994140625,0.17207879
0.2802734375,0.9072265625,0.0458984375,0.8994140625,0.27944267
0.7197265625,0.5966796875,0.0185546875,0.1767578125,0.3932735
0.7802734375,0.5966796875,0.0185546875,0.1767578125,0.39474666
0.7197265625,0.4072265625,0.0185546875,0.1767578125,0.28417042
0.7197265625,0.5966796875,0.5458984375,0.1767578125,0.50010014
0.7197265625,0.5966796875,0.0185546875,0.3994140625,0.38024193
0.7802734375,0.4072265625,0.5458984375,0.3994140625,0.37943864
0.9697265625,0.3466796875,0.7685546875,0.9267578125,0.2801048
0.5302734375,0.3466796875,0.7685546875,0.9267578125,0.2696689
0.9697265625,0.1572265625,0.7685546875,0.9267578125,0.24629417
0.9697265625,0.3466796875,0.2958984375,0.9267578125,0.19846115
0.9697265625,0.3466796875,0.7685546875,0.1494140625,0.36518565
0.5302734375,0.1572265625,0.2958984375,0.1494140625,0.23929553
0.4697265625,0.8466796875,0.2685546875,0.4267578125,0.4065724
0.0302734375,0.8466796875,0.2685546875,0.4267578125,0.33817643
0.4697265625,0.6572265625,0.2685546875,0.4267578125,0.40468365
0.4697265625,0.8466796875,0.7958984375,0.4267578125,0.49433386
0.4697265625,0.8466796875,0.2685546875,0.6494140625,0.38329923
0.0302734375,0.6572265625,0.7958984375,0.6494140625,0.40077594
0.3447265625,0.4716796875,0.1435546875,0.3017578125,0.31816435
0.1552734375,0.4716796875,0.1435546875,0.3017578125,0.28807715
0.3447265625,0.7822265625,0.1435546875,0.3017578125,0.37358683
0.3447265625,0.4716796875,0.4208984375,0.3017578125,0.3824148
0.3447265625,0.4716796875,0.1435546875,0.0244140625,0.32947075
0.1552734375,0.7822265625,0.4208984375,0.0244140625,0.41905648
0.8447265625,0.9716796875,0.6435546875,0.8017578125,0.46225044
0.6552734375,0.9716796875,0.6435546875,0.8017578125,0.4576598
0.8447265625,0.2822265625,0.6435546875,0.8017578125,0.27596074
0.8447265625,0.9716796875,0.9208984375,0.8017578125,0.45708868
0.8447265625,0.9716796875,0.6435546875,0.5244140625,0.49907106
0.6552734375,0.2822265625,0.9208984375,0.5244140625,0.30302888
0.5947265625,0.2216796875,0.3935546875,0.0517578125,0.2750655
0.9052734375,0.2216796875,0.3935546875,0.0517578125,0.28253236
0.5947265625,0.0322265625,0.3935546875,0.0517578125,0.27166831
0.5947265625,0.2216796875,0.1708984375,0.0517578125,0.22256422
0.5947265625,0.2216796875,0.3935546875,0.7744140625,0.21432003
0.9052734375,0.0322265625,0.1708984375,0.7744140625,0.16588841
0.0947265625,0.7216796875,0.8935546875,0.5517578125,0.41768968
0.4052734375,0.7216796875,0.8935546875,0.5517578125,0.46662712
0.0947265625,0.5322265625,0.8935546875,0.5517578125,0.39739832
0.0947265625,0.7216796875,0.6708984375,0.5517578125,0.42190754
0.0947265625,0.7216796875,0.8935546875,0.2744140625,0.4399061
0.4052734375,0.5322265625,0.6708984375,0.2744140625,0.47277004
0.0634765625,0.1904296875,0.0498046875,0.4580078125,0.10795617
0.6240234375,0.1904296875,0.0498046875,0.4580078125,0.18376316
0.0634765625,0.2509765625,0.0498046875,0.4580078125,0.11220378
0.0634765625,0.1904296875,0.9521484375,0.4580078125,0.21739854
0.0634765625,0.1904296875,0.0498046875,0.8056640625,0.064206675
0.6240234375,0.2509765625,0.9521484375,0.8056640625,0.25370365
0.5634765625,0.6904296875,0.5498046875,0.9580078125,0.40644422
0.1240234375,0.6904296875,0.5498046875,0.9580078125,0.34607622
0.5634765625,0.7509765625,0.5498046875,0.9580078125,0.40714642
0.5634765625,0.6904296875,0.4521484375,0.9580078125,0.38530415
0.5634765625,0.6904296875,0.5498046875,0.3056640625,0.49030098
0.1240234375,0.7509765625,0.4521484375,0.3056640625,0.40949512
0.8134765625,0.4404296875,0.2998046875,0.2080078125,0.36494428
0.3740234375,0.4404296875,0.2998046875,0.2080078125,0.33318725
0.8134765625,0.5009765625,0.2998046875,0.2080078125,0.412633
0.8134765625,0.4404296875,0.7021484375,0.2080078125,0.44382453
0.8134765625,0.4404296875,0.2998046875,0.0556640625,0.37047577
0.3740234375,0.5009765625,0.7021484375,0.0556640625,0.4652877
0.3134765625,0.9404296875,0.7998046875,0.7080078125,0.44279033
0.8740234375,0.9404296875,0.7998046875,0.7080078125,0.48266917
0.3134765625,0.0009765625,0.7998046875,0.7080078125,0.24544315
0.3134765625,0.9404296875,0.2021484375,0.7080078125,0.3402449
0.3134765625,0.9404296875,0.7998046875,0.5556640625,0.46182936
0.8740234375,0.0009765625,0.2021484375,0.5556640625,0.20181558
0.4384765625,0.3154296875,0.6748046875,0.5830078125,0.29532558
0.9990234375,0.3154296875,0.6748046875,0.5830078125,0.3139287
0.4384765625,0.3759765625,0.6748046875,0.5830078125,0.3295576
0.4384765625,0.3154296875,0.5771484375,0.5830078125,0.28271946
0.4384765625,0.3154296875,0.6748046875,0.1806640625,0.3255871
0.9990234375,0.3759765625,0.5771484375,0.1806640625,0.36581615
0.9384765625,0.8154296875,0.1748046875,0.0830078125,0.42264107
0.4990234375,0.8154296875,0.1748046875,0.0830078125,0.4078267
0.9384765625,0.8759765625,0.1748046875,0.0830078125,0.42270032
0.9384765625,0.8154296875,0.0771484375,0.0830078125,0.40756163
0.9384765625,0.8154296875,0.1748046875,0.6806640625,0.37665296
0.4990234375,0.8759765625,0.0771484375,0.6806640625,0.3468184
0.6884765625,0.0654296875,0.9248046875,0.8330078125,0.2509765
0.2490234375,0.0654296875,0.9248046875,0.8330078125,0.20378985
0.6884765625,0.6259765625,0.9248046875,0.8330078125,0.44465107
0.6884765625,0.0654296875,0.8271484375,0.8330078125,0.26159602
0.6884765625,0.0654296875,0.9248046875,0.9306640625,0.23250332
0.2490234375,0.6259765625,0.8271484375,0.9306640625,0.3896108
0.1884765625,0.5654296875,0.4248046875,0.3330078125,0.40126115
0.7490234375,0.5654296875,0.4248046875,0.3330078125,0.46051565
0.1884765625,0.1259765625,0.4248046875,0.3330078125,0.21575637
0.1884765625,0.5654296875,0.3271484375,0.3330078125,0.37652972
0.1884765625,0.5654296875,0.4248046875,0.4306640625,0.39404824
0.7490234375,0.1259765625,0.3271484375,0.4306640625,0.2430665
0.1259765625,0.3779296875,0.9873046875,0.0205078125,0.29938835
0.0615234375,0.3779296875,0.9873046875,0.0205078125,0.28772622
0.1259765625,0.0634765625,0.9873046875,0.0205078125,0.2433842
0.1259765625,0.3779296875,0.5146484375,0.0205078125,0.29465708
0.1259765625,0.3779296875,0.9873046875,0.2431640625,0.29125175
0.0615234375,0.0634765625,0.5146484375,0.2431640625,0.21885425
0.6259765625,0.8779296875,0.4873046875,0.5205078125,0.46576354
0.5615234375,0.8779296875,0.4873046875,0.5205078125,0.46099165
0.6259765625,0.5634765625,0.4873046875,0.5205078125,0.45400175
0.6259765625,0.8779296875,0.0146484375,0.5205078125,0.37094745
0.6259765625,0.8779296875,0.4873046875,0.7431640625,0.43788514
0.5615234375,0.5634765625,0.0146484375,0.7431640625,0.32653537
0.8759765625,0.1279296875,0.7373046875,0.2705078125,0.3280575
0.8115234375,0.1279296875,0.7373046875,0.2705078125,0.32848334
0.8759765625,0.8134765625,0.7373046875,0.2705078125,0.5248177
0.8759765625,0.1279296875,0.7646484375,0.2705078125,0.32837418
0.8759765625,0.1279296875,0.7373046875,0.9931640625,0.23454192
0.8115234375,0.8134765625,0.7646484375,0.9931640625,0.43204466
0.3759765625,0.6279296875,0.2373046875,0.7705078125,0.34382176
0.3115234375,0.6279296875,0.2373046875,0.7705078125,0.33475065
0.3759765625,0.3134765625,0.2373046875,0.7705078125,0.16954012
0.3759765625,0.6279296875,0.2646484375,0.7705078125,0.35016853
0.3759765625,0.6279296875,0.2373046875,0.4931640625,0.3786148
0.3115234375,0.3134765625,0.2646484375,0.4931640625,0.20160882
0.2509765625,0.0029296875,0.3623046875,0.8955078125,0.14027867
0.4365234375,0.0029296875,0.3623046875,0.8955078125,0.16629171
0.2509765625,0.1884765625,0.3623046875,0.8955078125,0.1420494
0.2509765625,0.0029296875,0.8896484375,0.8955078125,0.19727948
0.2509765625,0.0029296875,0.3623046875,0.8681640625,0.145449
0.4365234375,0.1884765625,0.8896484375,0.8681640625,0.2302336
0.7509765625,0.5029296875,0.8623046875,0.3955078125,0.47733095
0.9365234375,0.5029296875,0.8623046875,0.3955078125,0.47610974
0.7509765625,0.6884765625,0.8623046875,0.3955078125,0.5106707
0.7509765625,0.5029296875,0.3896484375,0.3955078125,0.42430362
0.7509765625,0.5029296875,0.8623046875,0.3681640625,0.47934842
0.9365234375,0.6884765625,0.3896484375,0.3681640625,0.45843962
0.5009765625,0.2529296875,0.1123046875,0.6455078125,0.16520746
0.6865234375,0.2529296875,0.1123046875,0.6455078125,0.1788918
0.5009765625,0.9384765625,0.1123046875,0.6455078125,0.35622874
0.5009765625,0.2529296875,0.6396484375,0.6455078125,0.2770353
0.5009765625,0.2529296875,0.1123046875,0.1181640625,0.20541479
0.6865234375,0.9384765625,0.6396484375,0.1181640625,0.5219483
0.0009765625,0.7529296875,0.6123046875,0.1455078125,0.42627567
0.1865234375,0.7529296875,0.6123046875,0.1455078125,0.45971894
0.0009765625,0.4384765625,0.6123046875,0.1455078125,0.34151092
0.0009765625,0.7529296875,0.1396484375,0.1455078125,0.32224333
0.0009765625,0.7529296875,0.6123046875,0.6181640625,0.39046752
0.1865234375,0.4384765625,0.1396484375,0.6181640625,0.23511368
